link_id,sh,position,class,group,vc_peak,vcf_peak,los_peak,x1,y1,x2,y2,model_version
l_2142,SH1S,peripheral,motorway,MWY,0.25263157894736843,1.9559268044096285,F,77.36887730735127,20.564812472397445,78.26055509412377,19.413212758880512,v3-2026-07-30-trip-suppression-fix
l_206,,peripheral,arterial,West,0.9552619009711829,1.074764604526076,F,9.593175763770375,49.45416407566636,11.877776270513573,48.358668440892096,v3-2026-07-30-trip-suppression-fix
l_2562,SH1N,peripheral,motorway,MWY,0.26666666666666666,1.8780639927193588,F,53.807866416867896,51.92616661461143,54.52904381431009,51.00214845155103,v3-2026-07-30-trip-suppression-fix
l_1125,,boundary,arterial,West,0.8705114254624592,3.3016854988265383,F,56.573209821659226,68.21731524158356,56.715064517853946,68.8363153752497,v3-2026-07-30-trip-suppression-fix
l_1783,SH1N,inner,motorway,MWY,0.26666666666666666,2.157660189837114,F,51.96220025911047,54.663882885503156,52.461123624879754,53.88777790301099,v3-2026-07-30-trip-suppression-fix
l_2077,,peripheral,arterial,West,1.2490458677399208,1.374591605683598,F,49.898340408449265,10.287200357257893,52.28329132929725,11.135286795681793,v3-2026-07-30-trip-suppression-fix
l_1347,,peripheral,arterial,West,0.3936491274111009,2.3131791845688467,F,50.69692379383854,14.70487484598382,50.837244456030206,15.242827359576108,v3-2026-07-30-trip-suppression-fix
l_385,,peripheral,arterial,East,1.5088645794039983,1.7520660149835792,F,86.5711067584788,24.44851815304411,87.26030879637909,21.760110740260423,v3-2026-07-30-trip-suppression-fix
l_537,,boundary,arterial,East,0.9380129758461659,5.222384990898594,F,70.2286731667003,47.07453781757526,70.3428338035905,47.36972377019705,v3-2026-07-30-trip-suppression-fix
l_2296,,peripheral,arterial,East,1.317426626655932,4.371600146803862,F,63.33128764447713,53.850129409293416,63.668765861908625,54.46552494747484,v3-2026-07-30-trip-suppression-fix
l_252,,peripheral,arterial,East,0.6467608062951385,2.9132618550236913,F,83.81554702213414,38.79662508554348,84.04239717389197,39.30593131977815,v3-2026-07-30-trip-suppression-fix
l_525,,peripheral,arterial,East,1.4402304368698993,4.362383683249426,F,91.60778624894593,68.54368656404685,92.03296894979158,68.02229805492169,v3-2026-07-30-trip-suppression-fix
l_2292,,inner,arterial,CBD,0.39489272081084636,4.257354200734966,F,95.79905897691668,70.60104186626934,95.99167030038294,70.43530732536722,v3-2026-07-30-trip-suppression-fix
l_960,,peripheral,arterial,East,1.3175230566534915,4.383871031902372,F,101.81528772792824,10.733241270101217,102.55007734153769,10.503356300710722,v3-2026-07-30-trip-suppression-fix
l_10,,peripheral,arterial,West,0.6052963430012611,9.140963499149718,F,38.74567202353611,63.57123649077299,39.07219675464859,63.59229142641285,v3-2026-07-30-trip-suppression-fix
l_331,,boundary,arterial,East,0.6467608062951385,0.23947226658023443,A,86.98484093866688,50.25127140086294,87.02028595681482,49.81818938328988,v3-2026-07-30-trip-suppression-fix
l_816,,peripheral,arterial,East,0.7544322897019992,1.9811465613787598,F,79.39222039520915,30.040763602356257,79.8243558262689,29.897639816665812,v3-2026-07-30-trip-suppression-fix
l_464,,peripheral,arterial,West,1.0756543564001435,4.556428911403025,F,34.01323055681095,5.794481414044781,34.320858529040066,4.788884331062761,v3-2026-07-30-trip-suppression-fix
l_327,,peripheral,arterial,East,0.6467608062951385,7.342629887321318,F,72.37850218358771,19.900247069732195,72.51738312095013,20.357134741317427,v3-2026-07-30-trip-suppression-fix
l_1279,,inner,arterial,CBD,0.7405578869414959,0.3063221207920675,B,60.80340898776484,48.81567933866933,60.98773892815765,49.37984309580079,v3-2026-07-30-trip-suppression-fix
l_1841,,inner,arterial,CBD,0.9380129758461659,5.549059981976109,F,69.02088481341899,44.06984268875535,69.28468027012974,44.22713779521617,v3-2026-07-30-trip-suppression-fix
l_643,,peripheral,arterial,East,0.6467608062951385,2.9144939545716317,F,84.26974952002529,39.842254643745136,84.56480800990667,40.512457308664516,v3-2026-07-30-trip-suppression-fix
l_2218,,inner,arterial,CBD,0.5923390812162695,4.12024876089182,F,97.40615461190092,69.32798405926783,98.5036345663708,68.71301775527895,v3-2026-07-30-trip-suppression-fix
l_1282,,peripheral,arterial,East,0.5933544303797469,6.691846693713325,F,73.7102919387007,74.28002372688447,74.27694113805138,74.35064640065049,v3-2026-07-30-trip-suppression-fix
l_336,,peripheral,arterial,West,0.6662225183211192,2.8607705045062866,F,16.17033802430047,20.25454630502344,16.412330261336795,20.4123017194454,v3-2026-07-30-trip-suppression-fix
l_543,,peripheral,arterial,West,1.0756543564001435,9.983225241427636,F,31.182676867441586,13.845982687981149,31.432065402365108,13.21982340178153,v3-2026-07-30-trip-suppression-fix
l_990,,peripheral,arterial,West,0.47953964194373405,2.034363952922524,F,58.52981355934729,56.39785830666861,58.832107374041705,56.28419524845777,v3-2026-07-30-trip-suppression-fix
l_1547,SH1S,peripheral,motorway,MWY,0.25263157894736843,2.0391456235685914,F,50.66224571336918,27.002525327591194,50.7546373797436,27.29811996730244,v3-2026-07-30-trip-suppression-fix
l_14,,peripheral,arterial,East,0.8783487044356609,4.591065383576155,F,92.97144198432113,13.248900677184562,94.74427131458471,12.729508385691016,v3-2026-07-30-trip-suppression-fix
l_721,,peripheral,arterial,East,1.3981668479105174,3.2105493391858175,F,64.7997113597878,19.148133514434484,65.17583481005899,20.681714477473342,v3-2026-07-30-trip-suppression-fix
l_931,,inner,arterial,CBD,4,10.023569193170278,F,86.0452887326778,62.89008241051103,86.38854363352799,62.640487868716285,v3-2026-07-30-trip-suppression-fix
l_48,,peripheral,arterial,East,1.550287449131193,9.61344795433454,F,111.16009224621511,37.369775279737574,112.25637496368564,35.5385411198825,v3-2026-07-30-trip-suppression-fix
l_469,,peripheral,arterial,West,0.6662225183211192,3.1937837067275403,F,25.823146071098005,27.456912121633646,26.726973822938472,28.14311239205135,v3-2026-07-30-trip-suppression-fix
l_1353,,peripheral,arterial,West,0.4163486225799736,1.8441073943864872,F,45.35373687262401,9.019240444154503,45.59524419773252,9.149944970729628,v3-2026-07-30-trip-suppression-fix
l_388,,peripheral,arterial,East,3.7014188772362737,8.384778692014994,F,102.5472068574894,16.179030222583442,103.18948378490988,16.815721678574068,v3-2026-07-30-trip-suppression-fix
l_2452,SH1S,peripheral,motorway,MWY,0.3157894736842105,2.036747515438037,F,66.29036569802851,30.41774322411505,67.19612068495205,30.02267956789145,v3-2026-07-30-trip-suppression-fix
l_1381,,peripheral,arterial,East,4,9.192546317106848,F,104.52009164720675,17.061224643942403,104.75050162513983,17.759631560391824,v3-2026-07-30-trip-suppression-fix
l_280,,peripheral,arterial,East,0.51985559566787,4.483869741624501,F,64.37349883939923,21.966740772064515,64.63327380845004,21.907902492300373,v3-2026-07-30-trip-suppression-fix
l_781,,inner,arterial,CBD,0.6990834239552587,1.9750596603002253,F,71.86897455166532,37.01744642841837,72.95436136552796,38.10550277253727,v3-2026-07-30-trip-suppression-fix
l_757,,peripheral,arterial,West,0.2729630135116692,0.6348097407501537,D,12.106611667987261,21.517570915137576,12.51802123151237,21.429017231942197,v3-2026-07-30-trip-suppression-fix
l_1481,,inner,arterial,CBD,0.5469711472719815,5.02171697266981,F,111.9302646176877,58.8146676413356,112.28206302975441,59.02432381747972,v3-2026-07-30-trip-suppression-fix
l_202,,boundary,arterial,West,1.1047689191677408,5.421542723189898,F,48.93391582845936,72.54659555733755,49.18592036398048,73.24465908987568,v3-2026-07-30-trip-suppression-fix
l_70,,peripheral,arterial,East,1.8697413524462447,8.595259923209836,F,120.93405216628898,51.97101970489595,121.27267649330526,50.31605609538714,v3-2026-07-30-trip-suppression-fix
l_1428,,peripheral,arterial,West,1.7024295087781522,6.271911962359816,F,29.48889096285736,66.2537412667525,29.673640407118377,66.84494709908721,v3-2026-07-30-trip-suppression-fix
l_974,,peripheral,arterial,East,0.8783487044356609,4.662724628248426,F,87.0030007275946,14.92713592971127,88.17041892584936,14.58117929111355,v3-2026-07-30-trip-suppression-fix
l_2598,,inner,arterial,CBD,0.8900316455696203,4.878703514551275,F,51.69331233459002,71.2527771810869,52.622502093879426,70.9384375872627,v3-2026-07-30-trip-suppression-fix
l_2468,SH1S,peripheral,motorway,MWY,0.25263157894736843,2.005757056001023,F,70.30629292231427,27.749155313058328,70.85932826884891,27.09031587164849,v3-2026-07-30-trip-suppression-fix
l_1258,,boundary,arterial,East,4.995836802664447,5.064490812291599,F,79.24505232266196,60.82672526593426,79.63778643398231,60.900545877044244,v3-2026-07-30-trip-suppression-fix
l_1289,,inner,arterial,CBD,1.415261233636042,5.184510549080447,F,76.30744747190126,52.47575326682963,76.47558903030958,53.337496176667955,v3-2026-07-30-trip-suppression-fix
l_428,,boundary,arterial,East,0.4660556159701724,2.006049885102713,F,71.73458238436463,36.80371415019356,71.86897455166532,37.01744642841837,v3-2026-07-30-trip-suppression-fix
l_2309,,peripheral,arterial,West,1,2.1331321409276494,F,20.49151013134539,91.52491898071625,20.64860256927363,91.79232186953674,v3-2026-07-30-trip-suppression-fix
l_655,,peripheral,arterial,West,2.8092079594225514,2.5779591974939953,F,34.91972039992311,42.2363815577569,36.278057499793505,42.80613344039605,v3-2026-07-30-trip-suppression-fix
l_2255,,peripheral,arterial,West,0.6931407942238267,7.535779131853967,F,51.25780759579831,26.288907762397006,51.59755880312841,25.85024856752464,v3-2026-07-30-trip-suppression-fix
l_977,,peripheral,arterial,West,1.0756543564001435,4.569792091998336,F,34.320858529040066,4.788884331062761,34.54057727193056,3.730841017458006,v3-2026-07-30-trip-suppression-fix
l_1287,,peripheral,arterial,East,0.5155746509129968,2.150755272340141,F,63.4819686469117,63.198497471386425,63.73301721953026,63.842510507436664,v3-2026-07-30-trip-suppression-fix
l_978,,peripheral,arterial,East,0.6587615283267457,5.307351139767816,F,72.96847240440836,18.88937323681051,73.29293391250317,18.80230296617082,v3-2026-07-30-trip-suppression-fix
l_2112,,peripheral,arterial,West,0.4670351054720947,0.1959268117655472,A,53.25856253837734,51.1434765442078,53.624561860442874,50.94757204378403,v3-2026-07-30-trip-suppression-fix
l_148,,peripheral,arterial,West,0.9552619009711829,1.474082534795654,F,17.801273166943393,46.521333492608164,18.215256762926387,45.37870460126316,v3-2026-07-30-trip-suppression-fix
l_1901,,boundary,motorway,MWY,0.4,2.9338397025719956,F,82.73102461739431,41.276115467168836,84.08931759086086,43.007705641182994,v3-2026-07-30-trip-suppression-fix
l_1344,,inner,arterial,CBD,0.7897854416216927,1.7711378761348966,F,74.59298837555528,78.50688881137079,75.02672894130816,78.4448305625403,v3-2026-07-30-trip-suppression-fix
l_726,,peripheral,arterial,West,0.6732873253661,4.518966139331235,F,22.21413355053663,72.71043040111572,22.42853837069074,72.54437032089976,v3-2026-07-30-trip-suppression-fix
l_513,,inner,arterial,CBD,2.4979184013322233,5.127122844169288,F,80.40402295935954,61.183673115387506,80.88570138323726,61.363953161543286,v3-2026-07-30-trip-suppression-fix
l_499,,peripheral,arterial,West,4.0397239521966,10.158445894971702,F,29.051701669472546,67.31573675116461,29.673640407118377,66.84494709908721,v3-2026-07-30-trip-suppression-fix
l_900,,peripheral,arterial,East,0.6587615283267457,5.2397263233468845,F,75.71477167447594,18.108934229496324,76.47134277618923,17.878741926400867,v3-2026-07-30-trip-suppression-fix
l_2024,,boundary,arterial,East,0.8900316455696203,6.678450669042968,F,72.85907041349095,74.10654373911623,73.7102919387007,74.28002372688447,v3-2026-07-30-trip-suppression-fix
l_25,,inner,arterial,CBD,1.1771168484658243,8.223497158019736,F,50.51002692927981,35.27539264319926,52.063959822595145,35.84145225925304,v3-2026-07-30-trip-suppression-fix
l_120,,peripheral,arterial,West,0.6245229338699604,1.8980529703047002,F,42.33620669458588,8.047533513322234,43.95411189193078,8.558418666871638,v3-2026-07-30-trip-suppression-fix
l_2485,SH1N,peripheral,arterial,West,0.13333333333333333,0.09295968445575055,A,48.64972265462467,71.87142792509727,49.15553793480003,70.40745441678304,v3-2026-07-30-trip-suppression-fix
l_1446,,peripheral,motorway,MWY,0.13333333333333333,0.035525925925925926,A,56.54245474560589,44.110349820587466,56.56621132675223,44.35999698407521,v3-2026-07-30-trip-suppression-fix
l_2508,,boundary,arterial,East,0.7897854416216927,1.880420659424555,F,73.33873570061782,78.88137666158906,74.20233702682296,78.62352733780773,v3-2026-07-30-trip-suppression-fix
l_516,,inner,arterial,CBD,0.8705114254624592,5.090817825447649,F,58.39315275569288,76.12962319019151,58.57699752959342,76.66677151620668,v3-2026-07-30-trip-suppression-fix
l_639,,peripheral,arterial,East,0.7201152184349496,4.36452864653397,F,90.96825170061823,69.23120704338076,91.16086530039657,69.0654770496398,v3-2026-07-30-trip-suppression-fix
l_992,,peripheral,arterial,East,1.6634322151372332,4.101360849885432,F,94.95698250858808,18.320087338639414,96.96888977573524,17.796238769374977,v3-2026-07-30-trip-suppression-fix
l_242,,peripheral,arterial,East,3.8486209108402822,11.56937605613311,F,119.59191969872163,37.18539433148002,121.55093622211334,38.473101832300074,v3-2026-07-30-trip-suppression-fix
l_1280,,boundary,arterial,West,3.073995462197175,4.43820949653581,F,60.3128151638892,48.1490434873391,60.98773892815765,49.37984309580079,v3-2026-07-30-trip-suppression-fix
l_860,,inner,arterial,CBD,0.8705114254624592,5.051559201722329,F,58.57699752959342,76.66677151620668,58.66941781072258,76.96236283428607,v3-2026-07-30-trip-suppression-fix
l_2154,,peripheral,motorway,MWY,0.26666666666666666,0.2422553445328791,A,56.50542690938186,48.00283151305364,57.00066621402222,46.561331295919516,v3-2026-07-30-trip-suppression-fix
l_603,,peripheral,arterial,East,1.2828736369467608,11.731642335077948,F,116.60441641335288,35.538496593822366,116.91170598033048,35.69492072497664,v3-2026-07-30-trip-suppression-fix
l_869,,boundary,arterial,West,1.437125748502994,3.2152541170408435,F,58.065048907854084,64.21702625636892,60.44267633854319,64.6327617430153,v3-2026-07-30-trip-suppression-fix
l_971,,inner,arterial,CBD,1.4070194637692488,6.965791418039872,F,66.73779684919414,38.16609945018584,66.89691065895856,38.541538023179406,v3-2026-07-30-trip-suppression-fix
l_88,,peripheral,arterial,West,0.9552619009711829,1.0856223698351195,F,5.2622748758372415,49.20841166111988,8.148804108213302,50.12899996174968,v3-2026-07-30-trip-suppression-fix
l_766,,peripheral,arterial,West,0.718562874251497,4.8851661080254365,F,54.99836319691501,64.16526226450581,55.41133629772163,64.15767771289701,v3-2026-07-30-trip-suppression-fix
l_533,,inner,arterial,CBD,1.4070194637692488,2.8769043886103476,F,76.96419264418996,66.81469838221345,77.1995521797882,67.78330510375392,v3-2026-07-30-trip-suppression-fix
l_1831,,peripheral,arterial,East,5.5926673916420695,6.832668512084852,F,66.9975920537754,27.512874366468814,67.60879996164446,28.82590664672896,v3-2026-07-30-trip-suppression-fix
l_768,,peripheral,arterial,West,1.00993098804915,9.858112931057391,F,24.293451413394337,71.07802402876578,24.658032379214724,70.80112132705622,v3-2026-07-30-trip-suppression-fix
l_2400,,peripheral,arterial,West,0.5904736911166514,1.8156582879371033,F,49.74686058908109,11.506169211820113,49.793166406555756,11.623539450099324,v3-2026-07-30-trip-suppression-fix
l_1597,,inner,arterial,CBD,0.7897854416216927,4.131649454510147,F,99.71280601003023,68.25813010841078,103.2993358126966,67.02931881658287,v3-2026-07-30-trip-suppression-fix
l_527,,peripheral,arterial,East,3.9154906599233215,7.343577261783854,F,90.9308499919602,57.85370365364385,91.75010104614312,58.64931212548191,v3-2026-07-30-trip-suppression-fix
l_839,,peripheral,arterial,East,1.1259148057796962,1.8690188818040037,F,116.80502461872207,21.859174218520465,117.19264731088153,21.662747971149678,v3-2026-07-30-trip-suppression-fix
l_813,,peripheral,arterial,West,0.47084673938632976,2.1400918652814016,F,55.47809825859257,37.07601636840812,55.7186490833935,37.152675638354886,v3-2026-07-30-trip-suppression-fix
l_264,,boundary,arterial,East,0.9321112319403448,1.242095727181952,F,86.14738469613144,53.15862571255355,86.39147628717548,53.424371483755564,v3-2026-07-30-trip-suppression-fix
l_2170,,peripheral,arterial,West,1.54182191956829,4.949620660529068,F,19.910347990489626,85.88704028332418,19.91921230880739,86.37334853398386,v3-2026-07-30-trip-suppression-fix
l_2137,SH1N,peripheral,motorway,MWY,0,0,A,26.88875060989319,98.89467486649406,27.337437624908134,99.71829779924256,v3-2026-07-30-trip-suppression-fix
l_2007,,boundary,arterial,East,0.43914220888531064,2.6396257384969184,F,69.39060559698635,68.79224067805009,69.4820407369622,69.03379323205994,v3-2026-07-30-trip-suppression-fix
l_1765,SH1S,peripheral,motorway,MWY,0.1894736842105263,1.1700846735599542,F,84.96035184208625,7.938049165044866,85.51529158202642,7.387236144932141,v3-2026-07-30-trip-suppression-fix
l_322,,peripheral,arterial,East,1.162715586848395,6.769929021504491,F,106.51764890136762,20.429405462124972,107.31610278619196,21.279390959790696,v3-2026-07-30-trip-suppression-fix
l_2398,,peripheral,motorway,MWY,0.2,1.7161355502561804,F,79.90368016202991,15.40991759887411,80.17215321679737,14.648206455008307,v3-2026-07-30-trip-suppression-fix
l_584,,peripheral,arterial,West,0.4163486225799736,2.329248699093906,F,57.831907494897834,14.97917767826356,58.47005292411039,15.399864333918952,v3-2026-07-30-trip-suppression-fix
l_449,,boundary,arterial,East,0.832523935063133,1.7320870202150584,F,92.86029647311842,52.87205231936362,93.13279881840661,52.326464706958575,v3-2026-07-30-trip-suppression-fix
l_1380,,peripheral,arterial,East,1.1906533710373568,3.2537110699213687,F,103.2508411483498,52.76013109582854,103.48067669638154,52.63864609996078,v3-2026-07-30-trip-suppression-fix
l_28,,peripheral,arterial,West,0.4163486225799736,1.9035698503109075,F,44.39118388122156,8.685540657988398,44.95962645086957,8.864306542158666,v3-2026-07-30-trip-suppression-fix
l_854,,inner,arterial,CBD,0.3090632807067247,0.592978339165356,C,119.27269376676925,64.27222082409003,119.90353355959333,64.28746641469652,v3-2026-07-30-trip-suppression-fix
l_397,,peripheral,arterial,East,0.6467608062951385,3.0398440252466443,F,82.74300274340413,36.059762791077446,83.20020090504401,37.26749840509649,v3-2026-07-30-trip-suppression-fix
l_358,,boundary,arterial,East,5.661044934544168,2.821808742564701,F,65.84798720220324,53.560550321934564,67.59393633821429,55.0959178438143,v3-2026-07-30-trip-suppression-fix
l_1870,SH16,peripheral,motorway,MWY,0.21176470588235297,1.863143961857336,F,46.71461786604591,22.750719440385005,46.92062178451132,23.314496123849654,v3-2026-07-30-trip-suppression-fix
l_973,,peripheral,arterial,East,0.6467608062951385,3.3360306235926043,F,79.26963011395762,31.637598349774255,79.60262002906941,32.009813320113814,v3-2026-07-30-trip-suppression-fix
l_1843,,peripheral,arterial,East,1.8642224638806897,6.9125222425625745,F,65.5419863242516,21.674948605585637,65.89837991321727,22.459408351024813,v3-2026-07-30-trip-suppression-fix
l_2679,SH1N,peripheral,arterial,West,0.13333333333333333,0.13486059116623098,A,49.3131947337573,68.59347269075934,49.36474344224883,67.59288241770346,v3-2026-07-30-trip-suppression-fix
l_983,,peripheral,arterial,West,0.7365126127784938,3.4318422777889377,F,45.418087921472434,65.80040013292222,45.5524687978586,66.0141487790403,v3-2026-07-30-trip-suppression-fix
l_934,,peripheral,arterial,East,2.4929884699283265,8.567382186293797,F,120.08090534935732,57.50042770533528,120.13699641765682,55.850744881256276,v3-2026-07-30-trip-suppression-fix
l_376,,peripheral,arterial,East,1.1906533710373568,7.60976562156438,F,100.15026983076909,54.38532482947949,100.58093550442095,54.161107311431834,v3-2026-07-30-trip-suppression-fix
l_843,,peripheral,arterial,West,2.874251497005988,4.877071293699167,F,55.41133629772163,64.15767771289701,56.17207625134482,64.14370402021895,v3-2026-07-30-trip-suppression-fix
l_2613,SH16,peripheral,motorway,MWY,0.5647058823529412,1.2008323270905084,F,25.89488625289297,8.780468454057408,32.69477780582291,9.764417161929732,v3-2026-07-30-trip-suppression-fix
l_165,,peripheral,arterial,East,1.9243104554201411,11.537766629035014,F,121.55093622211334,38.473101832300074,122.3702396828615,39.26859188617043,v3-2026-07-30-trip-suppression-fix
l_251,,peripheral,arterial,West,0.9079445145018916,8.986266972446446,F,31.66639987561787,66.43021838241287,32.014169215528966,66.42387062720746,v3-2026-07-30-trip-suppression-fix
l_647,,inner,arterial,CBD,2.7060547976096516,3.728193575941517,F,73.22913578602629,67.07283563777267,73.91568303029801,68.92499321134198,v3-2026-07-30-trip-suppression-fix
l_183,,inner,arterial,CBD,1.3530273988048258,3.5821033762090337,F,73.09222729638593,66.7240176771746,73.22913578602629,67.07283563777267,v3-2026-07-30-trip-suppression-fix
l_501,,inner,arterial,CBD,0.9380129758461659,2.127065924488812,F,75.5585735574088,61.354277245852195,75.81715706695309,62.40353590998845,v3-2026-07-30-trip-suppression-fix
l_273,,inner,arterial,CBD,0.47084673938632976,5.5452125689001655,F,68.1814136812295,37.46382972117653,68.44120752595799,37.40498733491289,v3-2026-07-30-trip-suppression-fix
l_2514,,peripheral,arterial,West,2.892960462873674,7.834245278776285,F,27.39870104203018,82.94845957163265,27.458301659133134,82.45241249870897,v3-2026-07-30-trip-suppression-fix
l_350,,peripheral,arterial,West,0.9552619009711829,1.3629434745968083,F,11.877776270513573,48.358668440892096,12.265539437257972,48.162443142701186,v3-2026-07-30-trip-suppression-fix
l_1826,SH1N,inner,motorway,MWY,0.4,2.7279968278900584,F,55.91392852760065,34.77076307673768,57.25071742781802,32.989475821849105,v3-2026-07-30-trip-suppression-fix
l_2522,,inner,arterial,CBD,0.7897854416216927,0.6212185834803109,D,82.13865149724165,76.17834579272612,82.50457703730733,75.84115997283072,v3-2026-07-30-trip-suppression-fix
l_2427,,peripheral,arterial,West,1.5467239527389904,2.4115419734210057,F,60.64586369269479,55.60220742294849,60.96558566151634,56.43414488612076,v3-2026-07-30-trip-suppression-fix
l_404,,boundary,arterial,East,0.3090632807067247,0.43514557610158233,C,125.15647675845219,63.810915565916524,127.95733350439917,63.59635308837599,v3-2026-07-30-trip-suppression-fix
l_595,,peripheral,arterial,East,0.7544322897019992,1.7611969531877674,F,87.3422163589314,21.48832646376716,87.4023926488643,21.216944849091888,v3-2026-07-30-trip-suppression-fix
l_999,,peripheral,arterial,West,0.2729630135116692,0.7896041978747121,D,18.13872945476368,13.759473594685016,18.59505976300408,13.751167999895477,v3-2026-07-30-trip-suppression-fix
l_1319,,boundary,arterial,East,4.756242568370987,6.466090978389448,F,78.691192060888,73.188074916488,79.6613271912913,72.7377239308592,v3-2026-07-30-trip-suppression-fix
l_654,,peripheral,arterial,West,0.6384110657918071,6.276237243421457,F,29.74430385045938,60.006032223592356,29.946834492384088,59.19155118606064,v3-2026-07-30-trip-suppression-fix
l_2059,SH16,peripheral,motorway,MWY,0.2823529411764706,0.9195019875173536,E,13.446754249690338,10.358436791437382,16.634116357492584,9.922105711149262,v3-2026-07-30-trip-suppression-fix
l_53,,peripheral,arterial,West,0.6732873253661,1.3396702862353789,F,9.222887421368313,72.13574772039667,9.963388789742353,72.20338992364428,v3-2026-07-30-trip-suppression-fix
l_440,,peripheral,arterial,West,0.2729630135116692,0.4348591741991602,C,8.620728905020284,22.28355522679413,9.096842275087386,22.166807835789175,v3-2026-07-30-trip-suppression-fix
l_217,,peripheral,arterial,West,0.9993337774816788,2.9752418173500903,F,18.153196678252467,21.70491167062366,20.09311420521459,23.183067412831576,v3-2026-07-30-trip-suppression-fix
l_224,,peripheral,arterial,East,0.7751437245655965,6.3369262806873685,F,110.7788359997536,25.106720724862917,110.96076391356546,25.53575777807992,v3-2026-07-30-trip-suppression-fix
l_233,,inner,arterial,CBD,0.6990834239552587,1.672646996168356,F,80.05201178107251,45.703972737526854,81.01008786227239,46.95650418119253,v3-2026-07-30-trip-suppression-fix
l_1189,,peripheral,arterial,West,8,1.8430411629446006,F,51.58802133868618,51.33629838655588,52.97900184052111,51.31076716025642,v3-2026-07-30-trip-suppression-fix
l_582,,boundary,arterial,West,3.8363171355498724,4.589732111713566,F,60.64586369269479,55.60220742294849,61.293417623683446,55.34705758430491,v3-2026-07-30-trip-suppression-fix
l_714,,peripheral,arterial,West,0.2729630135116692,0.8281143244168248,E,21.944412559906883,15.041487566721257,22.338514977887286,15.196464898997053,v3-2026-07-30-trip-suppression-fix
l_296,,peripheral,arterial,East,1.665047870126266,1.7197881152189305,F,93.68684043099444,51.721599902505545,93.87893242817293,51.528849290813326,v3-2026-07-30-trip-suppression-fix
l_1378,,peripheral,arterial,East,3.100574898262386,9.866180525310675,F,103.9397946473381,52.39596848608203,104.31439149020592,51.497118173635656,v3-2026-07-30-trip-suppression-fix
l_45,,peripheral,arterial,East,1.8697413524462447,8.587160273635577,F,121.27267649330526,50.31605609538714,121.63151064679622,48.5796332799868,v3-2026-07-30-trip-suppression-fix
l_106,,peripheral,arterial,East,1.293521612590277,4.227294216344606,F,78.20246890873756,30.36005164161466,78.38032821591237,30.572976450546324,v3-2026-07-30-trip-suppression-fix
l_2375,SH1N,boundary,motorway,MWY,0.26666666666666666,1.666325528708437,F,49.19699130200595,64.37982714894805,49.39420746996334,65.64644759848852,v3-2026-07-30-trip-suppression-fix
l_2372,,inner,arterial,CBD,1.184678162432539,1.621276857652304,F,81.33539754539818,76.45979521838711,82.50457703730733,75.84115997283072,v3-2026-07-30-trip-suppression-fix
l_944,,peripheral,arterial,West,0.9552619009711829,3.059910579276305,F,33.84392002194041,41.66145983359839,34.59075653131519,42.08023507148212,v3-2026-07-30-trip-suppression-fix
l_308,,inner,arterial,CBD,1.415261233636042,6.790057542900472,F,67.82793053989006,48.92957243619345,68.59537829962275,48.10463258034977,v3-2026-07-30-trip-suppression-fix
l_2099,SH1N,peripheral,motorway,MWY,0.6,1.0206929580049708,F,24.217517569694923,94.32186840915018,24.975534360902035,90.57846158438335,v3-2026-07-30-trip-suppression-fix
l_708,,peripheral,arterial,East,7.906700929037359,12.55139069579683,F,63.79169292857984,30.49079872968815,64.02685857431082,31.180652193133124,v3-2026-07-30-trip-suppression-fix
l_193,,inner,arterial,CBD,3.1626803716149436,5.468029360230088,F,65.77564147931554,35.76447704707274,66.18877609814999,36.6897596250006,v3-2026-07-30-trip-suppression-fix
l_1096,,peripheral,arterial,East,1.7566974088713219,6.214748588461109,F,66.1409750809709,21.15040717403214,67.10689087911975,20.48396774984945,v3-2026-07-30-trip-suppression-fix
l_2031,,boundary,arterial,East,0.8900316455696203,6.660125166965686,F,72.26968731133745,73.98228369520415,72.55326080360602,74.03110578680466,v3-2026-07-30-trip-suppression-fix
l_2247,,boundary,arterial,East,0.5155746509129968,2.1580406327494113,F,63.0238444745693,61.936687788587605,63.20769144477789,62.473832463053,v3-2026-07-30-trip-suppression-fix
l_65,,peripheral,arterial,East,2.4929884699283265,8.549622103616429,F,120.61412128457954,53.46347217081694,120.93405216628898,51.97101970489595,v3-2026-07-30-trip-suppression-fix
l_249,,peripheral,arterial,East,2.2518296115593923,1.866606240642142,F,111.16442414012288,25.964389511923958,111.72439784720393,25.683680295481814,v3-2026-07-30-trip-suppression-fix
l_2106,,peripheral,arterial,East,0.6467608062951385,4.871586417756822,F,87.16541261073924,45.92367104709976,87.32271143390261,46.45025432071065,v3-2026-07-30-trip-suppression-fix
l_1196,,boundary,arterial,East,11.169717654359292,7.517255283172542,F,71.9765944393281,75.77143528366535,72.79557261648976,77.72925969396898,v3-2026-07-30-trip-suppression-fix
l_2570,,peripheral,arterial,West,0.6384110657918071,5.613296570923896,F,46.89819113940197,33.4980383181697,47.410021244273395,33.38635763115281,v3-2026-07-30-trip-suppression-fix
l_2266,,peripheral,motorway,MWY,2.1697203471552555,11.408511850422734,F,24.78930286728638,89.90620079474266,24.858954648088062,90.14816718611766,v3-2026-07-30-trip-suppression-fix
l_353,,inner,arterial,CBD,1.415261233636042,5.873606082221394,F,72.82172612412494,48.56721059511827,73.54693843134346,48.98625010753081,v3-2026-07-30-trip-suppression-fix
l_1567,SH1S,peripheral,motorway,MWY,0.3789473684210526,1.4132400279463029,F,81.77925355649629,11.050957234452639,84.96035184208625,7.938049165044866,v3-2026-07-30-trip-suppression-fix
l_181,,peripheral,arterial,East,1.7800632911392407,6.595176362178839,F,71.09092346605954,73.73375866135535,71.33102328162099,73.78338402757181,v3-2026-07-30-trip-suppression-fix
l_2449,,peripheral,arterial,West,0.5904736911166514,2.4954857328799767,F,51.05021157094027,16.18484242311799,51.23987720628342,16.987227355129107,v3-2026-07-30-trip-suppression-fix
l_2689,,peripheral,arterial,East,0,0,A,66.91059619687547,20.61940244846136,67.10689087911975,20.48396774984945,v3-2026-07-30-trip-suppression-fix
l_1017,,peripheral,arterial,East,2.1219221077759602,10.144696983012143,F,97.0638454446813,55.60480721914638,97.17704338533345,55.8459450532657,v3-2026-07-30-trip-suppression-fix
l_189,,peripheral,arterial,West,0.4094445202675038,4.399197907534017,F,30.987688520843637,18.63319555844396,31.49095255807371,18.81318911534808,v3-2026-07-30-trip-suppression-fix
l_2081,SH16,peripheral,motorway,MWY,0.35294117647058826,3.2958021810443148,F,68.6708940097613,29.83333245658449,70.63850562067732,29.256511888412117,v3-2026-07-30-trip-suppression-fix
l_536,,inner,arterial,CBD,2.8140389275384976,5.23815978956982,F,70.3428338035905,47.36972377019705,70.50245947328503,47.77217709600998,v3-2026-07-30-trip-suppression-fix
l_2662,,peripheral,arterial,West,0.6384110657918071,6.287987083418002,F,28.948483104308647,64.0474516095016,29.089758684259447,64.6394507985258,v3-2026-07-30-trip-suppression-fix
l_15,,peripheral,arterial,East,0.7906700929037359,2.1351776290439153,F,62.909256777284135,28.615194350702243,63.36084039531813,29.525779596949793,v3-2026-07-30-trip-suppression-fix
l_212,,inner,arterial,CBD,1.4125402181589892,1.9306555316509921,F,60.0476004068279,38.478461263363045,61.5204454732506,38.18109805684745,v3-2026-07-30-trip-suppression-fix
l_2338,,peripheral,arterial,West,2.892960462873674,7.791201495070539,F,27.363925558451466,83.2378907499631,27.39870104203018,82.94845957163265,v3-2026-07-30-trip-suppression-fix
l_579,,peripheral,arterial,East,0.4163486225799736,2.551146316147978,F,63.01787963772989,16.829647840958994,63.37204910383103,17.174469943216778,v3-2026-07-30-trip-suppression-fix
l_712,,inner,arterial,CBD,0.47084673938632976,2.063881065408457,F,56.988096828092516,37.61582131624459,57.578859904655694,37.82117309781113,v3-2026-07-30-trip-suppression-fix
l_1449,,peripheral,arterial,West,0.4670351054720947,0.541501481964148,C,50.35464268102764,51.6562188762923,50.81056204175561,51.620827967298034,v3-2026-07-30-trip-suppression-fix
l_2057,,boundary,arterial,East,0.9321112319403448,1.6634161791307702,F,82.25720365208501,48.63876155247826,82.65695102383421,49.00708608487663,v3-2026-07-30-trip-suppression-fix
l_37,,peripheral,arterial,East,1.550287449131193,9.776865971225911,F,109.10643985620608,41.48908945611932,109.69226962005915,40.261969896212356,v3-2026-07-30-trip-suppression-fix
l_590,,peripheral,arterial,East,1.162715586848395,6.563310943837151,F,109.64630901000582,23.830545156038095,109.97883978269351,24.175695609362258,v3-2026-07-30-trip-suppression-fix
l_1009,,peripheral,arterial,East,0,0,A,66.9818543931158,71.13984560692596,67.44177040921444,71.58484956953085,v3-2026-07-30-trip-suppression-fix
l_1400,,boundary,arterial,East,1.293521612590277,1.5701339419047509,F,86.14738469613144,53.15862571255355,86.68372484468301,52.77032123279098,v3-2026-07-30-trip-suppression-fix
l_750,,peripheral,arterial,East,0.6467608062951385,3.0612294034019976,F,82.36202744827492,35.445200928721555,82.54089711622093,35.71215703421988,v3-2026-07-30-trip-suppression-fix
l_422,,inner,arterial,CBD,2.4979184013322233,5.808407762990123,F,83.48972467328285,62.26171774976253,83.92693597319536,62.38876064322207,v3-2026-07-30-trip-suppression-fix
l_2179,SH1S,peripheral,motorway,MWY,0.3789473684210526,1.9943281904177845,F,71.30370240226385,26.433479853153397,72.91381695536822,24.160559754214546,v3-2026-07-30-trip-suppression-fix
l_607,,peripheral,arterial,West,0.4163486225799736,2.1443287954818167,F,37.1450881745734,3.5210531146608828,37.458209591611435,4.001798971551008,v3-2026-07-30-trip-suppression-fix
l_295,,boundary,arterial,East,0.7201152184349496,5.982205116927401,F,95.59140926814194,60.605045122035285,95.62734219700089,60.19897868217845,v3-2026-07-30-trip-suppression-fix
l_379,,peripheral,arterial,West,0.6732873253661,1.6459776630137783,F,17.151074176141904,72.88361960033481,18.959119157718842,73.06694931361326,v3-2026-07-30-trip-suppression-fix
l_2047,,peripheral,arterial,East,0.8204567209079722,7.076046720651071,F,98.00838018092028,57.28994510341797,98.22924871404055,57.47502930571006,v3-2026-07-30-trip-suppression-fix
l_410,,inner,arterial,CBD,6,9.943597505354306,F,85.50290607461442,62.95417671462451,86.0452887326778,62.89008241051103,v3-2026-07-30-trip-suppression-fix
l_61,,peripheral,arterial,East,1.3175230566534915,6.156285975343902,F,67.10689087911975,20.48396774984945,68.05855738158797,20.223184049712202,v3-2026-07-30-trip-suppression-fix
l_2171,,peripheral,arterial,West,1.54182191956829,4.721696246051145,F,19.91921230880739,86.37334853398386,19.926106752739194,86.75158827521348,v3-2026-07-30-trip-suppression-fix
l_747,,peripheral,arterial,East,2.4929884699283265,8.764180126089505,F,122.20863463755362,44.56887467562283,122.52951825010169,41.968299058293844,v3-2026-07-30-trip-suppression-fix
l_2122,SH1S,peripheral,motorway,MWY,0.06315789473684211,0.1390947961492238,A,50.7546373797436,27.29811996730244,50.9991503225979,27.590922516974874,v3-2026-07-30-trip-suppression-fix
l_2283,SH1N,boundary,motorway,MWY,0.3333333333333333,1.708363788374772,F,49.18071646946679,64.67741504605605,49.36474344224883,67.59288241770346,v3-2026-07-30-trip-suppression-fix
l_2306,SH16,peripheral,motorway,MWY,0.7058823529411765,2.2025580076527764,F,32.69477780582291,9.764417161929732,39.6214504225471,15.286252137861545,v3-2026-07-30-trip-suppression-fix
l_167,,boundary,arterial,East,0.7201152184349496,5.811522148104833,F,93.94048829746725,65.36533903997785,94.25698014732225,64.84596163196238,v3-2026-07-30-trip-suppression-fix
l_2527,,boundary,arterial,East,2.587043225180554,4.8662092815281435,F,86.98484093866688,50.25127140086294,87.15738012577293,49.00485215917143,v3-2026-07-30-trip-suppression-fix
l_203,,inner,arterial,CBD,0.9512485136741975,9.119018712192549,F,85.82062402986284,70.70491631388921,86.3635282718418,70.66783914606896,v3-2026-07-30-trip-suppression-fix
l_340,,peripheral,arterial,East,0.7906700929037359,5.371401041481105,F,64.56348885504276,32.26033191009303,64.67813325597666,32.582538001381316,v3-2026-07-30-trip-suppression-fix
l_434,,peripheral,arterial,East,2.1958717610891525,5.009850760647739,F,83.8236740573931,15.796826580917708,85.98618713567022,15.189215814380727,v3-2026-07-30-trip-suppression-fix
l_306,,peripheral,arterial,East,1.162715586848395,9.614684535850063,F,107.8508495037269,44.107045863993605,108.33206225929015,43.09809350593113,v3-2026-07-30-trip-suppression-fix
l_394,,peripheral,arterial,West,1.0778443113772456,10.903825011090634,F,48.69658009671544,64.361976160048,49.19699130200595,64.37982714894805,v3-2026-07-30-trip-suppression-fix
l_1569,SH1N,peripheral,motorway,MWY,0.26666666666666666,1.8753229685724384,F,49.25662904563713,62.8922861108631,49.547716870025845,61.49984412727382,v3-2026-07-30-trip-suppression-fix
l_2153,,peripheral,motorway,MWY,0.13333333333333333,0.2417808191391911,A,56.402727847693974,48.329035398305,56.50542690938186,48.00283151305364,v3-2026-07-30-trip-suppression-fix
l_805,,peripheral,arterial,East,0.8783487044356609,4.401054276474247,F,99.89088353938105,11.28254088547251,100.99357657658535,10.96474025228029,v3-2026-07-30-trip-suppression-fix
l_348,,peripheral,arterial,West,0.9993337774816788,3.179713511204625,F,26.726973822938472,28.14311239205135,27.96122702398703,29.066517362682376,v3-2026-07-30-trip-suppression-fix
l_298,,peripheral,arterial,West,0.9079445145018916,9.023055489820514,F,37.769562947338876,63.69718897123378,38.74567202353611,63.57123649077299,v3-2026-07-30-trip-suppression-fix
l_1366,,peripheral,arterial,West,0.4163486225799736,0.8960202773303495,E,53.61726759322485,11.570233857453232,53.90323809115761,11.75416517278411,v3-2026-07-30-trip-suppression-fix
l_763,,peripheral,arterial,West,0.3936491274111009,5.23071979972927,F,57.80877329498813,29.0603833529227,58.20392753524212,29.269328819141265,v3-2026-07-30-trip-suppression-fix
l_137,,inner,arterial,CBD,1.6479635878521541,8.3443365183672,F,52.45812608059369,35.996374270369245,53.87968625178682,36.456745482464065,v3-2026-07-30-trip-suppression-fix
l_1787,,peripheral,arterial,West,0.4670351054720947,0.22285796426012566,A,52.3921818020214,51.32153814891499,53.25856253837734,51.1434765442078,v3-2026-07-30-trip-suppression-fix
l_2543,,peripheral,arterial,West,0.5904736911166514,2.08214333430883,F,49.793166406555756,11.623539450099324,49.90940397851023,12.070740806355541,v3-2026-07-30-trip-suppression-fix
l_16,,peripheral,arterial,West,0.6384110657918071,6.241970107630563,F,30.61418472273863,56.4497273285268,30.87647586311128,55.33686591613959,v3-2026-07-30-trip-suppression-fix
l_1818,SH16,peripheral,motorway,MWY,0.35294117647058826,2.1988107065290756,F,39.6214504225471,15.286252137861545,40.331190514351384,16.057024717318072,v3-2026-07-30-trip-suppression-fix
l_102,,peripheral,arterial,West,0.9552619009711829,1.0788122826633992,F,8.148804108213302,50.12899996174968,9.593175763770375,49.45416407566636,v3-2026-07-30-trip-suppression-fix
l_1254,,peripheral,arterial,West,4.339440694310511,14.895854010777017,F,27.44892572674896,81.93908674258003,27.458301659133134,82.45241249870897,v3-2026-07-30-trip-suppression-fix
l_614,,peripheral,arterial,West,0.6732873253661,1.414599813137476,F,12.163651983158868,72.43371258845286,12.838455797859599,72.47551143596816,v3-2026-07-30-trip-suppression-fix
l_196,,peripheral,arterial,West,0.2729630135116692,4.4360341231863085,F,34.80641616675846,20.61742786010533,35.35958411076192,21.14784221539322,v3-2026-07-30-trip-suppression-fix
l_64,,peripheral,arterial,East,1.1089548100914888,3.851251279581663,F,99.15211684177766,17.134051952703206,99.9091660664164,16.930790692269245,v3-2026-07-30-trip-suppression-fix
l_2084,SH16,peripheral,motorway,MWY,0.2823529411764706,2.713833025655306,F,87.67331088998445,46.346687792152274,88.40055500107961,46.87374551919048,v3-2026-07-30-trip-suppression-fix
l_891,,inner,arterial,CBD,1.260107109104274,2.7021848422267642,F,80.69117831584225,49.69208389607326,81.05114349628595,49.17192259123796,v3-2026-07-30-trip-suppression-fix
l_112,,peripheral,arterial,West,0.2729630135116692,0.8608587752362988,E,26.958152628980134,17.004083438764674,27.68118253603015,17.31520820833251,v3-2026-07-30-trip-suppression-fix
l_796,,peripheral,arterial,West,0.6384110657918071,6.263729816384752,F,32.13059058682008,50.20601713188289,32.41904627356739,49.33591086365503,v3-2026-07-30-trip-suppression-fix
l_922,,peripheral,arterial,East,1.4268727705112962,10.105413810216117,F,76.6362277816103,73.76656287144189,77.02548498231938,73.65126837530141,v3-2026-07-30-trip-suppression-fix
l_347,,peripheral,arterial,West,1.3324450366422385,3.2050819091461658,F,24.037733355692705,26.111121451821912,25.823146071098005,27.456912121633646,v3-2026-07-30-trip-suppression-fix
l_801,,peripheral,arterial,West,0.9552619009711829,3.062336297503237,F,33.47000840118514,41.425054020888716,33.84392002194041,41.66145983359839,v3-2026-07-30-trip-suppression-fix
l_2083,SH1N,inner,motorway,MWY,0.3333333333333333,2.7153738954389506,F,57.25071742781802,32.989475821849105,58.387587219020276,32.15778029444889,v3-2026-07-30-trip-suppression-fix
l_2022,,inner,arterial,CBD,0.8900316455696203,5.468167843827341,F,61.911622799451074,70.01102042117412,62.80628848604008,70.18374450760972,v3-2026-07-30-trip-suppression-fix
l_1603,SH1N,peripheral,motorway,MWY,0.2,0.7242430318352822,D,25.556797822209617,97.40547858849013,26.11703655265897,98.31416060340739,v3-2026-07-30-trip-suppression-fix
l_215,,peripheral,arterial,West,0.6732873253661,1.4174547843626597,F,11.357448835104252,72.34024476797593,12.163651983158868,72.43371258845286,v3-2026-07-30-trip-suppression-fix
l_1316,,peripheral,arterial,East,4.756242568370987,6.024176087302318,F,77.52242411359285,73.47993121316404,78.60074489497762,73.00056057133216,v3-2026-07-30-trip-suppression-fix
l_1832,,peripheral,arterial,East,0.6990834239552587,6.843132398630828,F,66.96388474240788,26.864859614113108,66.9975920537754,27.512874366468814,v3-2026-07-30-trip-suppression-fix
l_819,,inner,arterial,CBD,1.093942294543963,6.396463443590177,F,104.81217107922636,60.703961739510994,105.55620697930154,60.96038443195367,v3-2026-07-30-trip-suppression-fix
l_1,,peripheral,arterial,West,0.6384110657918071,6.286076428454402,F,33.55506511881598,46.0720152319914,33.84449708141225,45.25594081754156,v3-2026-07-30-trip-suppression-fix
l_1407,,peripheral,arterial,East,1.1906533710373568,3.8222812978527267,F,99.54522357902769,54.58575504633616,100.15026983076909,54.38532482947949,v3-2026-07-30-trip-suppression-fix
l_419,,peripheral,arterial,West,1.437125748502994,10.972260616517433,F,47.306009138218975,64.41449305000864,47.58856967562438,64.40931418225067,v3-2026-07-30-trip-suppression-fix
l_1662,SH1N,peripheral,motorway,MWY,0.3333333333333333,0.7759773280573513,D,24.217517569694923,94.32186840915018,25.298401125229688,96.8105361307028,v3-2026-07-30-trip-suppression-fix
l_877,,peripheral,arterial,West,2.1697203471552555,15.548637464944143,F,25.103465392982685,76.14418209199061,25.445297927192893,77.00279068981494,v3-2026-07-30-trip-suppression-fix
l_1205,,boundary,arterial,East,1.184678162432539,1.3900996652713176,F,92.93525087472551,72.11360880310504,93.73447562361224,71.82851945246047,v3-2026-07-30-trip-suppression-fix
l_1418,,peripheral,arterial,East,1.1906533710373568,3.9045843581770305,F,98.62522161572872,55.3866211660318,99.18617879163148,55.060876857510834,v3-2026-07-30-trip-suppression-fix
l_2302,,peripheral,arterial,East,1.5813401858074718,0.9789289906841022,E,66.20121844227644,36.720998864018114,66.81325321532405,37.54309989421768,v3-2026-07-30-trip-suppression-fix
l_540,,peripheral,arterial,East,3,9.361780731008473,F,102.55007734153769,10.503356300710722,102.6430421755195,10.825947730733448,v3-2026-07-30-trip-suppression-fix
l_667,,boundary,arterial,West,1.4125402181589892,8.502626799574397,F,47.79573943349853,33.0819948251006,47.994307555970565,33.24051162456414,v3-2026-07-30-trip-suppression-fix
l_1909,,peripheral,arterial,East,3.7394827048924895,8.99982064300612,F,122.60582264572177,41.399308708747704,122.69567547108049,41.037232735666066,v3-2026-07-30-trip-suppression-fix
l_2564,,peripheral,motorway,MWY,0.5333333333333333,2.2432400635296554,F,54.84337716773664,36.84443996626127,54.85581067271784,37.51987161663921,v3-2026-07-30-trip-suppression-fix
l_173,,boundary,arterial,East,1.3981668479105174,3.733051313155288,F,90.26675970772055,57.217375824468164,90.9308499919602,57.85370365364385,v3-2026-07-30-trip-suppression-fix
l_1120,,inner,arterial,CBD,1.7800632911392407,5.376680958705311,F,65.72989176090466,70.72450839770681,66.40670416572556,70.87420248505744,v3-2026-07-30-trip-suppression-fix
l_150,,peripheral,arterial,East,0.6467608062951385,4.2330554019073485,F,77.93568061832971,30.040664160078066,78.20246890873756,30.36005164161466,v3-2026-07-30-trip-suppression-fix
l_1320,,inner,arterial,CBD,0.9380129758461659,5.240219620856187,F,69.28468027012974,44.22713779521617,69.48926630462122,44.70984221584518,v3-2026-07-30-trip-suppression-fix
l_735,,boundary,arterial,East,0.4660556159701724,2.028632857106786,F,71.55422769052936,36.45569729161111,71.73458238436463,36.80371415019356,v3-2026-07-30-trip-suppression-fix
l_898,,peripheral,arterial,East,1.6888722086695442,1.886501292641795,F,113.56351492893005,24.05479541409066,116.80502461872207,21.859174218520465,v3-2026-07-30-trip-suppression-fix
l_2163,,boundary,arterial,East,0.9788726649808304,7.403553888262005,F,93.37341533518043,60.59214800095314,93.5320904956124,60.94055051244841,v3-2026-07-30-trip-suppression-fix
l_29,,peripheral,arterial,East,0.51985559566787,4.465673008380074,F,62.96845920756803,22.398014489575356,63.20600543557695,22.31256086351536,v3-2026-07-30-trip-suppression-fix
l_170,,inner,arterial,CBD,0.48007681228996646,5.777392038990046,F,95.5003199063937,61.55266787133714,95.55698359193237,61.09216345475117,v3-2026-07-30-trip-suppression-fix
l_2130,,peripheral,arterial,East,0.7897854416216927,0.908894665144129,E,114.96349959780188,62.89320071657305,115.01464367696506,63.14610977823178,v3-2026-07-30-trip-suppression-fix
l_2158,SH16,peripheral,motorway,MWY,0.1411764705882353,0.6684725274180524,C,84.08931759086086,43.007705641182994,84.28773435652593,43.245213502604585,v3-2026-07-30-trip-suppression-fix
l_318,,peripheral,arterial,West,1.0186757215619695,14.555468034025967,F,57.58532703937749,41.71285811020964,57.76267550723545,41.89878278073104,v3-2026-07-30-trip-suppression-fix
l_762,,boundary,arterial,East,2.8140389275384976,6.768994360939773,F,66.96610027265491,38.756474806697,67.12521488214176,39.13191321982314,v3-2026-07-30-trip-suppression-fix
l_618,,peripheral,arterial,West,1.00993098804915,10.00937825917299,F,26.07238139930309,69.66727884791707,26.2650441370088,69.50161069839838,v3-2026-07-30-trip-suppression-fix
l_863,,peripheral,arterial,East,5.754475703324808,5.809058068283811,F,63.668765861908625,54.46552494747484,64.51092567825773,54.15272925848402,v3-2026-07-30-trip-suppression-fix
l_975,,peripheral,arterial,East,0.5,0.381626343761732,B,64.70808524166334,17.717416921314094,65.26011095717408,17.004557053778175,v3-2026-07-30-trip-suppression-fix
l_1277,,boundary,arterial,East,0.8782844177706213,3.135563502815553,F,65.84702091206691,59.39827931212193,66.12130419645351,60.122941141567935,v3-2026-07-30-trip-suppression-fix
l_2141,SH1S,peripheral,motorway,MWY,0.3157894736842105,1.976470851930462,F,75.80802843546739,21.972011158945016,77.36887730735127,20.564812472397445,v3-2026-07-30-trip-suppression-fix
l_2378,,peripheral,arterial,West,0.8512147543890761,6.290299549855751,F,29.27796259617457,65.4197771837638,29.48889096285736,66.2537412667525,v3-2026-07-30-trip-suppression-fix
l_487,,peripheral,arterial,East,1.162715586848395,6.406649761793506,F,109.97883978269351,24.175695609362258,110.4225522918125,24.653907024420178,v3-2026-07-30-trip-suppression-fix
l_192,,inner,arterial,CBD,0.7062701090794946,5.510490412641353,F,67.55166520542518,37.50246451841118,68.1814136812295,37.46382972117653,v3-2026-07-30-trip-suppression-fix
l_787,,boundary,arterial,West,0.718562874251497,3.3440952436721583,F,57.25884768353421,64.12373676683629,57.75975764664811,64.16858437867349,v3-2026-07-30-trip-suppression-fix
l_1241,,peripheral,arterial,West,4.339440694310511,14.39414896849014,F,25.198499420748078,86.11509160886894,25.603129811711074,85.64827640784264,v3-2026-07-30-trip-suppression-fix
l_0,,peripheral,arterial,West,6.947660954145438,7.257623140211773,F,43.99316223748298,47.39456392132523,44.857725097972114,49.4867794975422,v3-2026-07-30-trip-suppression-fix
l_736,,inner,arterial,CBD,1.8642224638806897,1.6875306248192499,F,82.65695102383421,49.00708608487663,84.61363647954586,51.349213948500825,v3-2026-07-30-trip-suppression-fix
l_631,,peripheral,arterial,East,1.6409134418159443,4.909660126501901,F,113.90558048528936,60.9670057373324,114.10574223197162,61.20651364290733,v3-2026-07-30-trip-suppression-fix
l_1807,,peripheral,arterial,East,1.260107109104274,5.620060662178795,F,84.69935380385046,43.07749278340039,84.74751293230132,42.15769708901985,v3-2026-07-30-trip-suppression-fix
l_2458,SH1N,boundary,motorway,MWY,0.3333333333333333,2.197584981290141,F,55.196227636265796,50.10791671258873,56.236816790672194,48.764506272463414,v3-2026-07-30-trip-suppression-fix
l_2215,SH1N,boundary,motorway,MWY,0.2,1.769009843400529,F,49.25662904563713,62.8922861108631,49.497206459126,62.96895336227439,v3-2026-07-30-trip-suppression-fix
l_1821,,peripheral,arterial,East,1.260107109104274,5.520124204839157,F,83.8635930104917,44.9037445183392,84.15884212581382,44.41180120728222,v3-2026-07-30-trip-suppression-fix
l_694,,peripheral,arterial,East,1.1089548100914888,4.082280181552546,F,93.72385727497958,18.640274484382697,94.95698250858808,18.320087338639414,v3-2026-07-30-trip-suppression-fix
l_1494,,peripheral,arterial,West,0.23351755273604735,0.3625931192230766,B,50.81056204175561,51.620827967298034,50.97996415226851,51.37448260392888,v3-2026-07-30-trip-suppression-fix
l_1840,,peripheral,arterial,East,9.30809804529941,9.675650534491956,F,71.09092346605954,73.73375866135535,71.4152041612677,74.80883656913852,v3-2026-07-30-trip-suppression-fix
l_2616,SH1N,peripheral,motorway,MWY,0,0,A,50.55688604635839,27.713126788183125,50.600526465959064,27.62154170761143,v3-2026-07-30-trip-suppression-fix
l_1554,,inner,motorway,MWY,0.4,2.294814977134863,F,55.63837242127506,35.15419638640701,55.91392852760065,34.77076307673768,v3-2026-07-30-trip-suppression-fix
l_436,,peripheral,arterial,West,0.6732873253661,0.8491895142457747,E,0,64.73559430462322,1.4221081112594016,65.22334325588477,v3-2026-07-30-trip-suppression-fix
l_2634,,inner,arterial,CBD,0.43914220888531064,2.687818864086323,F,70.25949686328485,71.1004970760738,70.51057471752485,71.74450261872121,v3-2026-07-30-trip-suppression-fix
l_569,,peripheral,arterial,West,0.6052963430012611,9.088135643903193,F,41.62117366432506,63.869974634024665,42.18728377616061,63.91366633105836,v3-2026-07-30-trip-suppression-fix
l_2295,,peripheral,arterial,West,1.437125748502994,11.008784569845478,F,46.10449399598235,64.26860438115683,47.306009138218975,64.41449305000864,v3-2026-07-30-trip-suppression-fix
l_260,,inner,arterial,CBD,0.6467608062951385,0.29999720896754656,B,86.68372484468301,52.77032123279098,86.88301736275469,51.793673046567044,v3-2026-07-30-trip-suppression-fix
l_504,,peripheral,arterial,East,0.3090632807067247,0.44226125711956454,C,133.130838192187,62.3643331192384,134.76395624930927,61.33372528134379,v3-2026-07-30-trip-suppression-fix
l_638,,peripheral,arterial,East,0.7201152184349496,4.3529935423729205,F,90.51781523375381,69.56387505859115,90.96825170061823,69.23120704338076,v3-2026-07-30-trip-suppression-fix
l_870,,inner,arterial,CBD,0.8705114254624592,5.210191382635033,F,57.75020030647787,74.27662008917515,57.91131055695978,74.76013394499716,v3-2026-07-30-trip-suppression-fix
l_226,,peripheral,arterial,East,0.43917435221783047,4.724484989762148,F,86.5916285183731,15.015838603926118,87.0030007275946,14.92713592971127,v3-2026-07-30-trip-suppression-fix
l_905,,inner,arterial,CBD,0.8705114254624592,5.691970742313623,F,56.57648856515048,70.75773242738443,56.71536035006015,71.2146292231835,v3-2026-07-30-trip-suppression-fix
l_2683,SH1N,boundary,arterial,West,0.13333333333333333,0.1190953416146,A,49.268580488300465,69.45946102201226,49.3131947337573,68.59347269075934,v3-2026-07-30-trip-suppression-fix
l_830,,peripheral,arterial,East,0.6587615283267457,4.438064184047378,F,99.17731541250967,11.484994891160891,99.89088353938105,11.28254088547251,v3-2026-07-30-trip-suppression-fix
l_1581,,inner,arterial,CBD,1.415261233636042,5.3625570028329745,F,74.82449982857337,49.881566748454176,75.59518885069956,50.40786592647034,v3-2026-07-30-trip-suppression-fix
l_81,,peripheral,arterial,West,0.4094445202675038,4.671165120402611,F,44.67545346620091,30.0852133826215,45.427731500137845,30.801139189057874,v3-2026-07-30-trip-suppression-fix
l_652,,peripheral,arterial,West,0.9079445145018916,8.862635902213503,F,30.45118311183978,66.56049963894581,30.711516231192693,66.52872323261263,v3-2026-07-30-trip-suppression-fix
l_1236,,boundary,arterial,East,0.39489272081084636,3.8846780053789076,F,110.70935067585489,64.45898202738962,111.07633431675083,64.31701017505766,v3-2026-07-30-trip-suppression-fix
l_696,,boundary,arterial,West,1.260107109104274,1.8993095475605573,F,59.154975830174145,62.007853992161465,59.436040302780505,61.921607193387665,v3-2026-07-30-trip-suppression-fix
l_996,,inner,arterial,CBD,0.47084673938632976,8.344653722863377,F,48.72437953409372,33.92980737647068,48.901713511579864,34.115739221453836,v3-2026-07-30-trip-suppression-fix
l_1750,,peripheral,arterial,East,1.3262013173599752,10.15726629519341,F,92.16623138336581,49.4525443304887,93.38872481780083,50.88930525441124,v3-2026-07-30-trip-suppression-fix
l_627,,inner,arterial,CBD,0.7365126127784938,3.975783620228045,F,52.902451861081026,83.79782671239595,52.99486639803911,84.09342026471842,v3-2026-07-30-trip-suppression-fix
l_454,,boundary,arterial,West,1.3057671381936886,5.4204808721457125,F,56.99111601630003,72.02035369645378,57.29010222009102,72.90673010474494,v3-2026-07-30-trip-suppression-fix
l_802,,peripheral,arterial,West,0.6732873253661,4.468825900831102,F,21.956748753009197,72.90429875875918,22.21413355053663,72.71043040111572,v3-2026-07-30-trip-suppression-fix
l_894,,inner,arterial,CBD,0.9512485136741975,8.85199869770319,F,82.16773103888916,71.8805917096322,82.4058292623274,71.82213525310672,v3-2026-07-30-trip-suppression-fix
l_968,,inner,arterial,CBD,0.48007681228996646,5.846153540376398,F,94.98858867076105,63.2648424423794,95.11297254975042,62.938214680546714,v3-2026-07-30-trip-suppression-fix
l_851,,inner,arterial,CBD,0.7062701090794946,8.333427346186745,F,48.901713511579864,34.115739221453836,49.45544964230435,34.67313521230625,v3-2026-07-30-trip-suppression-fix
l_812,,peripheral,arterial,East,1.7566974088713219,6.194689983314467,F,71.21677563603794,19.381157638876196,72.14670202358586,19.120755876282022,v3-2026-07-30-trip-suppression-fix
l_909,,inner,arterial,CBD,0.463594921060087,0.5042925916142046,C,119.90353355959333,64.28746641469652,123.11686983154266,64.03823861374093,v3-2026-07-30-trip-suppression-fix
l_1606,,peripheral,arterial,West,0.4163486225799736,1.8478534326380156,F,45.59524419773252,9.149944970729628,46.885732413122895,9.585731174776488,v3-2026-07-30-trip-suppression-fix
l_1472,,inner,arterial,CBD,0.39489272081084636,4.194485719569948,F,96.91275782413499,69.68849071544473,97.40615461190092,69.32798405926783,v3-2026-07-30-trip-suppression-fix
l_1367,,inner,arterial,CBD,0.47084673938632976,1.9828189607571522,F,58.14789152607042,38.02692282139855,58.6932002835808,38.125001577171155,v3-2026-07-30-trip-suppression-fix
l_565,,boundary,arterial,West,0.6931407942238267,5.2321827488971495,F,48.886082829988325,30.899887737200082,49.13742967191647,30.381775844844405,v3-2026-07-30-trip-suppression-fix
l_2671,,peripheral,motorway,MWY,0.13333333333333333,0.04928633793616382,A,57.00066621402222,46.561331295919516,57.07606649067734,45.82230530453909,v3-2026-07-30-trip-suppression-fix
l_2687,,peripheral,arterial,West,1,3.205299318565446,F,57.78871273177006,48.03329872426798,57.92558486350771,48.382125914992905,v3-2026-07-30-trip-suppression-fix
l_130,,inner,arterial,CBD,1.4730252255569876,5.059588889809789,F,49.91971022613255,75.31222940789276,50.51713452805537,77.05798295833904,v3-2026-07-30-trip-suppression-fix
l_20,,peripheral,arterial,East,0.5,0.26770903660268464,B,65.64228032759982,16.51103773392799,66.6903781839224,14.410678935586013,v3-2026-07-30-trip-suppression-fix
l_2635,,inner,arterial,CBD,0.5923390812162695,4.109415673743211,F,98.5036345663708,68.71301775527895,99.25936730513611,68.42871382215652,v3-2026-07-30-trip-suppression-fix
l_2082,SH1N,boundary,motorway,MWY,0.26666666666666666,2.724794453578196,F,58.387587219020276,32.15778029444889,59.65982002533505,31.593852493517105,v3-2026-07-30-trip-suppression-fix
l_124,,peripheral,arterial,West,2.312732879352435,6.226653720019131,F,21.052086662157677,75.75850669401079,21.202821748040968,74.4855362290312,v3-2026-07-30-trip-suppression-fix
l_1225,,peripheral,motorway,MWY,1.317426626655932,7.649144137803534,F,57.215330916065604,46.20341241236343,59.470430093001035,47.37378724526861,v3-2026-07-30-trip-suppression-fix
l_1997,,inner,arterial,CBD,0.658713313327966,4.377451089862481,F,62.633107918613945,52.538685052270054,63.15193123457362,53.55614010630278,v3-2026-07-30-trip-suppression-fix
l_585,,peripheral,arterial,East,0.7751437245655965,9.60143740250443,F,106.78377288492112,46.34310863502439,106.97282358137726,45.98824119423296,v3-2026-07-30-trip-suppression-fix
l_592,,peripheral,arterial,East,0.6467608062951385,2.9661167138095905,F,83.70137069900036,38.50144590706852,83.81554702213414,38.79662508554348,v3-2026-07-30-trip-suppression-fix
l_1177,,peripheral,arterial,West,1.03971119133574,5.196717832479683,F,49.88699146194675,28.584282569702506,50.09635975384353,28.14801859227475,v3-2026-07-30-trip-suppression-fix
l_554,,peripheral,arterial,West,0.4094445202675038,4.408440029072665,F,29.827072700036368,18.167912745491606,30.133771162970287,18.29744512717027,v3-2026-07-30-trip-suppression-fix
l_553,,peripheral,arterial,West,0.4094445202675038,4.390847098360884,F,30.57134760327681,18.451613763308206,30.987688520843637,18.63319555844396,v3-2026-07-30-trip-suppression-fix
l_676,,inner,arterial,CBD,0.4660556159701724,1.5804179919110195,F,76.21559039315031,41.639812585475795,76.50412275029483,41.95880096187605,v3-2026-07-30-trip-suppression-fix
l_997,,peripheral,arterial,East,0.7906700929037359,5.380708354909715,F,64.67813325597666,32.582538001381316,64.8377383559979,32.98499530804961,v3-2026-07-30-trip-suppression-fix
l_1108,,peripheral,arterial,West,1.213408160169877,0.6175941307564096,C,60.183906457535066,48.2324938814453,60.3128151638892,48.1490434873391,v3-2026-07-30-trip-suppression-fix
l_2074,SH16,peripheral,motorway,MWY,0.2823529411764706,1.1106273056005491,F,22.271976491346617,9.170827394449766,24.505677855443885,8.886879360120584,v3-2026-07-30-trip-suppression-fix
l_138,,peripheral,arterial,West,0.42560737719453806,6.279885271264632,F,32.605257529280145,48.819012167605855,32.83295756051913,48.193250629268356,v3-2026-07-30-trip-suppression-fix
l_691,,peripheral,arterial,West,0.5459260270233384,0.5707293405842784,C,14.18841608295176,20.047349898517552,14.219989880572841,20.587299202805738,v3-2026-07-30-trip-suppression-fix
l_481,,boundary,arterial,West,0.7062701090794946,8.306087655779645,F,53.87968625178682,36.456745482464065,54.514902260431754,36.71534202606699,v3-2026-07-30-trip-suppression-fix
l_47,,peripheral,arterial,East,2.4929884699283265,8.746313192538574,F,121.88622266419952,47.088396993059845,122.05703166725341,45.760889409575576,v3-2026-07-30-trip-suppression-fix
l_2100,,peripheral,motorway,MWY,2.1697203471552555,12.405753422932145,F,24.62481038678189,89.23354394905859,24.78930286728638,89.90620079474266,v3-2026-07-30-trip-suppression-fix
l_228,,peripheral,arterial,West,1.9105238019423658,3.0522761166687054,F,34.59075653131519,42.08023507148212,34.91972039992311,42.2363815577569,v3-2026-07-30-trip-suppression-fix
l_31,,peripheral,arterial,West,2.520214218208548,2.2722890633357737,F,56.114680226208456,63.388020240501945,56.17207625134482,64.14370402021895,v3-2026-07-30-trip-suppression-fix
l_122,,boundary,arterial,West,1.1108368304122438,6.11993388533473,F,60.930097372138135,43.89453909560911,61.042565463147625,42.919518279823976,v3-2026-07-30-trip-suppression-fix
l_810,,boundary,arterial,West,0.718562874251497,4.975345980334076,F,52.759614488936556,64.20636422149931,53.21605837197431,64.19798616995762,v3-2026-07-30-trip-suppression-fix
l_1081,,boundary,arterial,East,1.0311493018259936,3.587342112321619,F,66.26880810419661,70.4713459349989,66.40670416572556,70.87420248505744,v3-2026-07-30-trip-suppression-fix
l_646,,inner,arterial,CBD,1.3530273988048258,4.029060593261365,F,73.91568303029801,68.92499321134198,74.18950563897673,69.6226280580766,v3-2026-07-30-trip-suppression-fix
l_427,,peripheral,arterial,East,1.2808197246237591,1.2292393683536005,F,84.4901524895696,9.541330509440055,85.14371865496503,11.961624011839437,v3-2026-07-30-trip-suppression-fix
l_2602,SH1S,peripheral,motorway,MWY,0.25263157894736843,2.001621263587684,F,70.85932826884891,27.09031587164849,70.98572173256585,26.8717716188427,v3-2026-07-30-trip-suppression-fix
l_673,,peripheral,arterial,East,0.6587615283267457,4.414083750035403,F,100.99357657658535,10.96474025228029,101.51257874172897,10.819952722490436,v3-2026-07-30-trip-suppression-fix
l_2213,,peripheral,motorway,MWY,3.6162005785920925,13.381562334797337,F,24.363999786618674,88.0491450436684,24.62481038678189,89.23354394905859,v3-2026-07-30-trip-suppression-fix
l_809,,peripheral,arterial,West,5.5581287633163505,6.524607882015693,F,44.857725097972114,49.4867794975422,45.33546455065397,50.64015856246235,v3-2026-07-30-trip-suppression-fix
l_366,,peripheral,arterial,East,1.4402304368698993,5.8294347228178225,F,92.03296894979158,68.02229805492169,92.5425828519474,67.36420983457765,v3-2026-07-30-trip-suppression-fix
l_771,,inner,arterial,CBD,0.4660556159701724,1.771593257062082,F,75.1054356537735,40.39006990359467,75.32726555570973,40.62921196747983,v3-2026-07-30-trip-suppression-fix
l_128,,boundary,arterial,West,18.33616298811545,14.415304101118595,F,60.08996751302897,44.315390712289016,60.80485960601981,45.35627036157406,v3-2026-07-30-trip-suppression-fix
l_1486,,peripheral,arterial,West,0.9079445145018916,9.067779937724325,F,42.775625154199204,63.983975809775,43.21330632464109,64.13812082671996,v3-2026-07-30-trip-suppression-fix
l_323,,peripheral,arterial,East,1.162715586848395,6.773363810784053,F,107.31610278619196,21.279390959790696,108.02612519860295,22.04994085333653,v3-2026-07-30-trip-suppression-fix
l_1885,SH1N,peripheral,motorway,MWY,0.4,1.9562008152763213,F,25.292236175241566,90.0591968779582,27.578237516808805,87.82842725419826,v3-2026-07-30-trip-suppression-fix
l_383,,peripheral,arterial,East,0.8783487044356609,5.101206012683713,F,81.35942688770864,16.54513059672494,82.35402035513721,16.256458635031414,v3-2026-07-30-trip-suppression-fix
l_36,,peripheral,arterial,East,0.6587615283267457,4.479969709798355,F,97.53388054729031,11.947968259590294,98.50670295029522,11.659621214841225,v3-2026-07-30-trip-suppression-fix
l_848,,peripheral,arterial,West,1.446480231436837,15.269069431910216,F,25.67302331002008,77.56619041915954,25.855796386435493,78.0493306162986,v3-2026-07-30-trip-suppression-fix
l_1238,,inner,arterial,CBD,0.927189842120174,0.8713573407587621,E,115.22481130650839,64.07750355878663,116.83375292982441,64.07451012846087,v3-2026-07-30-trip-suppression-fix
l_2086,SH16,peripheral,motorway,MWY,0,0,A,87.10723249870696,46.303121187806425,87.56965794537385,46.61887411575979,v3-2026-07-30-trip-suppression-fix
l_59,,peripheral,arterial,West,0.42560737719453806,6.2347556443009715,F,33.45084826199009,46.31715503374983,33.55506511881598,46.0720152319914,v3-2026-07-30-trip-suppression-fix
l_1356,,peripheral,arterial,West,0.5904736911166514,2.3509168587426106,F,50.95285355465365,15.61907493991491,51.05021157094027,16.18484242311799,v3-2026-07-30-trip-suppression-fix
l_2495,,inner,arterial,CBD,0.8900316455696203,5.357524507941552,F,60.973984625025764,69.86610930404476,61.911622799451074,70.01102042117412,v3-2026-07-30-trip-suppression-fix
l_123,,peripheral,arterial,West,0.9552619009711829,1.5672470286063935,F,18.379765234502536,44.86221493952579,18.751260629148295,43.77440983898291,v3-2026-07-30-trip-suppression-fix
l_1536,SH1S,peripheral,motorway,MWY,0.06315789473684211,0.03879789670418849,A,73.66841364931753,23.822309274082407,74.5014329682545,23.023156082247098,v3-2026-07-30-trip-suppression-fix
l_291,,peripheral,arterial,East,1.5,9.216136872960186,F,103.82181585288141,14.587758999822961,104.1709519148382,15.824492092970116,v3-2026-07-30-trip-suppression-fix
l_2327,SH1S,peripheral,motorway,MWY,0.1894736842105263,1.9396551601690908,F,78.88845077178134,18.10432682237426,79.11547301443176,17.45149042505728,v3-2026-07-30-trip-suppression-fix
l_2413,,inner,arterial,CBD,0.7897854416216927,1.60526578842559,F,91.25286046529216,72.84749345694918,91.75179527385082,72.7841909472288,v3-2026-07-30-trip-suppression-fix
l_83,,inner,arterial,CBD,0.9380129758461659,2.577211461341558,F,76.66162801034746,65.73922665077025,76.96419264418996,66.81469838221345,v3-2026-07-30-trip-suppression-fix
l_1542,,peripheral,arterial,East,1.9402824188854155,4.30278105124857,F,73.74610467426228,24.49653852502229,73.76033762530636,24.090877441188407,v3-2026-07-30-trip-suppression-fix
l_279,,peripheral,arterial,West,0.4163486225799736,1.9018192177834303,F,43.95411189193078,8.558418666871638,44.39118388122156,8.685540657988398,v3-2026-07-30-trip-suppression-fix
l_1479,,boundary,arterial,East,0.9321112319403448,0.44796591812454317,C,82.08185256660941,48.47719424489277,82.65695102383421,49.00708608487663,v3-2026-07-30-trip-suppression-fix
l_531,,boundary,arterial,East,5.412109595219303,4.32422198292391,F,75.42472702495618,72.9240842775568,75.85871184117023,74.05118412738653,v3-2026-07-30-trip-suppression-fix
l_2127,,peripheral,arterial,East,1.1089548100914888,4.7132108430898345,F,87.92860856955708,20.28828651638382,88.42591102021917,20.143935595076872,v3-2026-07-30-trip-suppression-fix
l_127,,boundary,arterial,West,3.0560271646859083,14.565367322753334,F,58.78181302058914,42.934075279293715,60.08996751302897,44.315390712289016,v3-2026-07-30-trip-suppression-fix
l_2462,,inner,arterial,CBD,0.658713313327966,3.255687974843237,F,65.18380297971082,57.62674891718764,65.43534998947828,58.297777320738305,v3-2026-07-30-trip-suppression-fix
l_1768,SH1S,peripheral,motorway,MWY,0.12631578947368421,0.40342777413061853,B,88.37485515037113,4.523466121909161,88.58763038987404,4.276280946767307,v3-2026-07-30-trip-suppression-fix
l_1791,,peripheral,arterial,East,0.8204567209079722,5.210016217438939,F,110.57159276244305,58.24540056785427,111.65884730143536,58.25216504933287,v3-2026-07-30-trip-suppression-fix
l_1395,,peripheral,arterial,East,0.5953266855186784,3.883274023843144,F,99.18617879163148,55.060876857510834,99.54522357902769,54.58575504633616,v3-2026-07-30-trip-suppression-fix
l_1544,SH16,peripheral,motorway,MWY,0.2823529411764706,2.2846469689580706,F,49.68867320585987,26.07446749641536,50.39600241867397,26.710121222629585,v3-2026-07-30-trip-suppression-fix
l_2199,,inner,arterial,CBD,1.184678162432539,2.0363076639605358,F,91.75179527385082,72.7841909472288,92.63746775162757,72.4704767357421,v3-2026-07-30-trip-suppression-fix
l_950,,inner,arterial,CBD,1.3057671381936886,5.369662299525807,F,57.45071310501181,73.36322707340747,57.75020030647787,74.27662008917515,v3-2026-07-30-trip-suppression-fix
l_1434,,peripheral,arterial,East,2.4929884699283265,1.3416566316459795,F,122.60582264572177,41.399308708747704,122.69221806781324,40.20851205380504,v3-2026-07-30-trip-suppression-fix
l_105,,peripheral,arterial,East,0.6587615283267457,5.157528651313694,F,80.32136976918541,16.834601662397436,80.77570790697433,16.718090226526215,v3-2026-07-30-trip-suppression-fix
l_1721,,inner,arterial,CBD,1.8760259516923319,3.819908747331777,F,68.5415262542454,42.835461968696364,68.65618163480687,43.15766605149279,v3-2026-07-30-trip-suppression-fix
l_925,,peripheral,arterial,East,0.7544322897019992,1.986268132534953,F,79.8243558262689,29.897639816665812,80.6244308433964,29.66663004599746,v3-2026-07-30-trip-suppression-fix
l_411,,peripheral,arterial,West,0.9552619009711829,1.7264870889347097,F,18.751260629148295,43.77440983898291,19.041731192325393,43.012392092370746,v3-2026-07-30-trip-suppression-fix
l_223,,peripheral,arterial,West,0.7171029042667623,4.504453605386882,F,34.67486260057886,2.7554381936193932,34.691642072889,2.4848681150931027,v3-2026-07-30-trip-suppression-fix
l_503,,boundary,arterial,West,1.0778443113772456,4.950436611604152,F,53.21605837197431,64.19798616995762,54.30282958036696,64.17803438940116,v3-2026-07-30-trip-suppression-fix
l_405,,boundary,arterial,East,0.9380129758461659,5.245584702471954,F,69.90742739754064,46.16156154953552,69.99935428428324,46.4301311809854,v3-2026-07-30-trip-suppression-fix
l_1745,SH16,peripheral,motorway,MWY,0.49411764705882355,2.8094298249360854,F,85.19503056774066,44.01424656159616,87.16541261073924,45.92367104709976,v3-2026-07-30-trip-suppression-fix
l_822,,inner,arterial,CBD,0.4660556159701724,1.8637337974833716,F,74.37225085683323,39.53875972036199,75.1054356537735,40.39006990359467,v3-2026-07-30-trip-suppression-fix
l_659,,peripheral,arterial,East,0.6587615283267457,5.041654275642591,F,83.0893491253572,16.053661287411398,83.47849287792684,15.938350631801763,v3-2026-07-30-trip-suppression-fix
l_524,,peripheral,arterial,East,0.48007681228996646,4.357145917623888,F,91.37421086995198,68.84530934288631,91.60778624894593,68.54368656404685,v3-2026-07-30-trip-suppression-fix
l_705,,boundary,arterial,West,0.718562874251497,5.069324631627353,F,50.30450507132741,64.30546332118806,50.95607117321234,64.2664848685918,v3-2026-07-30-trip-suppression-fix
l_363,,boundary,arterial,East,2.4979184013322233,5.102310803828095,F,79.63778643398231,60.900545877044244,80.40402295935954,61.183673115387506,v3-2026-07-30-trip-suppression-fix
l_665,,peripheral,arterial,East,1.165139039925431,5.578240005393791,F,69.1167495055837,31.60886044265956,69.77094647788392,32.89406806263051,v3-2026-07-30-trip-suppression-fix
l_2394,,inner,arterial,CBD,5.628077855076995,6.397781280829242,F,67.12521488214176,39.13191321982314,67.5595949665603,40.2860462028036,v3-2026-07-30-trip-suppression-fix
l_956,,peripheral,arterial,East,3.880564837770831,4.893464888708244,F,87.15738012577293,49.00485215917143,87.17978592279842,47.86932002840633,v3-2026-07-30-trip-suppression-fix
l_2342,SH1S,peripheral,motorway,MWY,0.25263157894736843,1.94425860675917,F,78.6381945270524,18.6765126787987,78.88845077178134,18.10432682237426,v3-2026-07-30-trip-suppression-fix
l_847,,peripheral,arterial,West,0.6732873253661,4.544339265975327,F,22.42853837069074,72.54437032089976,22.685429373062288,72.32348419454668,v3-2026-07-30-trip-suppression-fix
l_23,,inner,arterial,CBD,6.72107537205953,4.9587859393563445,F,87.21124072397012,70.6521428678054,89.3955632419964,70.01709731542171,v3-2026-07-30-trip-suppression-fix
l_814,,peripheral,arterial,East,0.9701412094427078,4.356951925460492,F,76.10914760698414,27.66905318193299,77.22274817919336,29.10791067568746,v3-2026-07-30-trip-suppression-fix
l_485,,peripheral,arterial,East,1.2808197246237591,0.9741659002402762,E,84.18651369894678,8.360950736719449,84.35024758592708,9.030415185966078,v3-2026-07-30-trip-suppression-fix
l_615,,inner,arterial,CBD,1.1047689191677408,4.106592453204425,F,52.39790150800914,82.37469043157401,52.78830011437159,83.50263199099263,v3-2026-07-30-trip-suppression-fix
l_346,,peripheral,arterial,West,0.4094445202675038,0.7841221139531536,D,16.358777119211265,15.089117718826287,17.49372580376037,14.149578258261334,v3-2026-07-30-trip-suppression-fix
l_782,,boundary,arterial,East,0.39489272081084636,1.5894912420066132,F,77.12271813832574,77.73047126542916,77.62016723642606,77.58615147631306,v3-2026-07-30-trip-suppression-fix
l_534,,peripheral,arterial,East,1,9.24958520380119,F,103.16852643092771,12.194534604577695,103.42418459583601,13.081660248598487,v3-2026-07-30-trip-suppression-fix
l_1199,SH1N,boundary,motorway,MWY,0.5333333333333333,2.1578341136901176,F,50.157972579024026,58.55544635747299,51.96220025911047,54.663882885503156,v3-2026-07-30-trip-suppression-fix
l_912,,peripheral,arterial,East,3.3268644302744663,4.8317843841141155,F,87.41007622561573,20.460056285102223,87.92860856955708,20.28828651638382,v3-2026-07-30-trip-suppression-fix
l_2357,,peripheral,motorway,MWY,2.1697203471552555,12.197974492024033,F,24.858954648088062,90.14816718611766,24.975534360902035,90.57846158438335,v3-2026-07-30-trip-suppression-fix
l_1743,,inner,arterial,CBD,0.5923390812162695,4.2402509741669,F,95.99167030038294,70.43530732536722,96.91275782413499,69.68849071544473,v3-2026-07-30-trip-suppression-fix
l_799,,peripheral,arterial,West,0.2729630135116692,0.7872558434548346,D,17.49372580376037,14.149578258261334,18.13872945476368,13.759473594685016,v3-2026-07-30-trip-suppression-fix
l_895,,peripheral,arterial,West,0.6384110657918071,6.2452135426258035,F,31.300284191441023,53.54540039863491,31.502800738853786,52.730917123186046,v3-2026-07-30-trip-suppression-fix
l_1295,,boundary,arterial,East,1.0311493018259936,2.163548475574465,F,63.89363691121102,64.29900298311922,64.30431240757132,65.34547326977417,v3-2026-07-30-trip-suppression-fix
l_425,,peripheral,arterial,West,0.33664366268305,0.9277634420393976,E,2.6623343474204164,66.47110541149962,2.8836122255490593,66.68330547376482,v3-2026-07-30-trip-suppression-fix
l_683,,peripheral,arterial,West,0.7171029042667623,10.047335699726501,F,32.076023128003456,11.586483453407137,32.15849146822054,11.341740268758956,v3-2026-07-30-trip-suppression-fix
l_917,,boundary,arterial,East,0.39489272081084636,1.613853959848673,F,77.62016723642606,77.58615147631306,78.29001050926517,77.35756635441233,v3-2026-07-30-trip-suppression-fix
l_1910,,peripheral,arterial,East,1.2464942349641632,9.528259400115997,F,122.69567547108049,41.037232735666066,122.82818490837029,40.50326529216379,v3-2026-07-30-trip-suppression-fix
l_798,,peripheral,arterial,East,0.7751437245655965,5.7534968544258716,F,111.88861187286386,27.49141390484622,112.29493053495209,28.29464074874688,v3-2026-07-30-trip-suppression-fix
l_1249,,peripheral,arterial,West,5.785920925747348,7.834582134207129,F,27.363925558451466,83.2378907499631,27.458301659133134,82.45241249870897,v3-2026-07-30-trip-suppression-fix
l_115,,peripheral,arterial,West,0.4163486225799736,2.323336939504524,F,58.47005292411039,15.399864333918952,58.90864353705988,15.608008409911491,v3-2026-07-30-trip-suppression-fix
l_518,,peripheral,arterial,East,1,8.73930670289499,F,106.02948398163464,19.897960726244897,106.51764890136762,20.429405462124972,v3-2026-07-30-trip-suppression-fix
l_2546,,boundary,arterial,East,1.317426626655932,3.306899651882062,F,63.668765861908625,54.46552494747484,64.18510637025192,55.347891346380386,v3-2026-07-30-trip-suppression-fix
l_1913,,inner,arterial,CBD,2.936617994942491,4.031092969895054,F,89.77142609073935,68.0101659520379,90.25782546500915,66.5912814806598,v3-2026-07-30-trip-suppression-fix
l_2590,,inner,arterial,CBD,0.39489272081084636,1.6354897436159357,F,85.37493950857717,75.0064425633978,86.13030614591256,74.69414848581485,v3-2026-07-30-trip-suppression-fix
l_790,,peripheral,arterial,West,0.1364815067558346,0.380230613865882,B,6.483736152637758,21.91694292182404,6.703500289561166,22.048086483923136,v3-2026-07-30-trip-suppression-fix
l_1762,,peripheral,arterial,West,0.34657039711191334,0.14302755822516253,A,50.09635975384353,28.14801859227475,50.377877344433436,28.088799766079482,v3-2026-07-30-trip-suppression-fix
l_258,,peripheral,arterial,West,0.2729630135116692,0.7808929545264403,D,16.058494501113277,15.310789384286009,16.358777119211265,15.089117718826287,v3-2026-07-30-trip-suppression-fix
l_1349,SH16,peripheral,motorway,MWY,0.2823529411764706,0.7768372947553416,D,9.847500602525066,10.856251210852385,13.446754249690338,10.358436791437382,v3-2026-07-30-trip-suppression-fix
l_786,,peripheral,arterial,East,3.8363171355498724,5.838278673812586,F,64.87791796969692,54.01083932229761,65.84798720220324,53.560550321934564,v3-2026-07-30-trip-suppression-fix
l_2060,SH1S,peripheral,motorway,MWY,0.3157894736842105,2.0389854831751375,F,67.19612068495205,30.02267956789145,68.10340088513385,29.560612238759166,v3-2026-07-30-trip-suppression-fix
l_731,,peripheral,arterial,West,7.70910959784145,6.26822457785349,F,21.202821748040968,74.4855362290312,21.311067390560833,73.26739101638535,v3-2026-07-30-trip-suppression-fix
l_685,,inner,arterial,CBD,1.415261233636042,2.7285159717896548,F,68.2312228555955,55.46254364541425,68.53899968943219,55.646056144061916,v3-2026-07-30-trip-suppression-fix
l_702,,peripheral,arterial,East,0.8774495466510676,1.0495653257656476,F,71.3291682956456,16.054818204487734,71.3993559895461,16.323788369085356,v3-2026-07-30-trip-suppression-fix
l_611,,inner,arterial,CBD,0.8204567209079722,6.500842053080797,F,102.94906915652737,59.90078968461936,103.40953531118548,60.108439614280215,v3-2026-07-30-trip-suppression-fix
l_433,,inner,arterial,CBD,0.6990834239552587,1.5858794450803582,F,76.50412275029483,41.95880096187605,77.05795624886015,42.51612623415185,v3-2026-07-30-trip-suppression-fix
l_2093,,peripheral,arterial,West,1.54182191956829,5.308387532787729,F,19.89606651006187,85.10354362914642,19.910347990489626,85.88704028332418,v3-2026-07-30-trip-suppression-fix
l_339,,peripheral,arterial,East,1.293521612590277,7.292686520724774,F,73.31923648138135,22.763618500378467,73.49056468457023,23.609380692674144,v3-2026-07-30-trip-suppression-fix
l_1440,,peripheral,arterial,East,0.9321112319403448,2.42786981463837,F,65.47130617214107,21.378959428424118,65.5419863242516,21.674948605585637,v3-2026-07-30-trip-suppression-fix
l_1744,SH16,peripheral,motorway,MWY,0.21176470588235297,2.709855231540251,F,88.40055500107961,46.87374551919048,88.88572095283965,47.24312752398298,v3-2026-07-30-trip-suppression-fix
l_561,,peripheral,arterial,West,0.7171029042667623,9.977572853854399,F,31.058229188577965,14.172570820586582,31.182676867441586,13.845982687981149,v3-2026-07-30-trip-suppression-fix
l_508,,inner,arterial,CBD,0.7062701090794946,4.160759534173588,F,62.473197068878214,37.974377665838496,63.55634310055877,37.76525197287794,v3-2026-07-30-trip-suppression-fix
l_718,,boundary,arterial,West,68.25127334465195,17.247307810898985,F,55.07493113486969,39.97524862667511,56.50199752388697,40.732792805068556,v3-2026-07-30-trip-suppression-fix
l_967,,boundary,arterial,East,1.3981668479105174,1.6662239860786223,F,84.61363647954586,51.349213948500825,86.14738469613144,53.15862571255355,v3-2026-07-30-trip-suppression-fix
l_857,,peripheral,arterial,East,9.577015163607342,16.425931913593875,F,66.74751254471882,29.274205902650944,67.60879996164446,28.82590664672896,v3-2026-07-30-trip-suppression-fix
l_663,,boundary,arterial,East,1.093942294543963,3.841491404438553,F,115.11652217168017,63.624565329399076,115.22481130650839,64.07750355878663,v3-2026-07-30-trip-suppression-fix
l_566,,peripheral,arterial,East,1.162715586848395,9.846344597683213,F,104.31439149020592,51.497118173635656,104.58686244580402,50.95151444630391,v3-2026-07-30-trip-suppression-fix
l_630,,boundary,arterial,East,0.8204567209079722,4.974195724585382,F,113.43853816851465,60.40815325388406,113.90558048528936,60.9670057373324,v3-2026-07-30-trip-suppression-fix
l_815,,peripheral,arterial,East,0.6587615283267457,4.3598880579514026,F,101.51257874172897,10.819952722490436,101.81528772792824,10.733241270101217,v3-2026-07-30-trip-suppression-fix
l_195,,peripheral,arterial,East,2.32543117369679,5.565854814902834,F,113.33141003675074,33.73472308894424,113.40268484984902,32.89556275122602,v3-2026-07-30-trip-suppression-fix
l_644,,inner,arterial,CBD,0.9512485136741975,8.779127417991441,F,84.65187825992689,70.9968135233585,84.95418154754421,70.88311280576647,v3-2026-07-30-trip-suppression-fix
l_431,,peripheral,arterial,East,0.7544322897019992,1.9097137358349792,F,82.67843979627918,29.061069090508706,83.65086001678152,28.74577789752999,v3-2026-07-30-trip-suppression-fix
l_2507,,peripheral,arterial,West,1.3862815884476534,5.215862361430606,F,50.09635975384353,28.14801859227475,50.7546373797436,27.29811996730244,v3-2026-07-30-trip-suppression-fix
l_1836,SH1N,peripheral,motorway,MWY,0.6,1.9350491130120338,F,27.578237516808805,87.82842725419826,32.51270910962398,82.98182240782904,v3-2026-07-30-trip-suppression-fix
l_352,,inner,arterial,CBD,1.415261233636042,5.856195716093177,F,72.51495436720664,48.43773914186577,72.82172612412494,48.56721059511827,v3-2026-07-30-trip-suppression-fix
l_114,,boundary,arterial,East,3.360537686029765,4.364433427094477,F,89.3955632419964,70.01709731542171,90.51781523375381,69.56387505859115,v3-2026-07-30-trip-suppression-fix
l_1323,,boundary,arterial,East,0.5155746509129968,2.144302210641481,F,63.366814280569855,62.84927358523913,63.4819686469117,63.198497471386425,v3-2026-07-30-trip-suppression-fix
l_521,,peripheral,arterial,East,1.293521612590277,3.383086798323185,F,78.38032821591237,30.572976450546324,78.58042036377357,30.812516689642433,v3-2026-07-30-trip-suppression-fix
l_1445,,peripheral,arterial,West,6,1.5561240299836236,F,56.54245474560589,44.110349820587466,57.11796585125734,45.94233082022464,v3-2026-07-30-trip-suppression-fix
l_56,,peripheral,arterial,West,0.8512147543890761,6.2337888656066625,F,32.83295756051913,48.193250629268356,33.45084826199009,46.31715503374983,v3-2026-07-30-trip-suppression-fix
l_515,,boundary,arterial,West,0.9590792838874681,4.672949976796264,F,62.070878876013246,55.062488842189836,62.61075366145854,54.863368946849434,v3-2026-07-30-trip-suppression-fix
l_858,,peripheral,arterial,West,0.2729630135116692,0.8642040039344503,E,24.35348389889819,16.024582852657694,24.66017545711453,16.154123118891604,v3-2026-07-30-trip-suppression-fix
l_2581,,peripheral,arterial,West,0.718562874251497,11.046320370649136,F,45.75882620164784,64.22663319610409,46.10449399598235,64.26860438115683,v3-2026-07-30-trip-suppression-fix
l_197,,inner,arterial,CBD,0.9380129758461659,2.0181806253863823,F,76.07424304646568,63.3717424778537,76.26212498286664,64.1250148207832,v3-2026-07-30-trip-suppression-fix
l_343,,peripheral,arterial,West,2.037351443123939,1.0649943626320773,F,54.790414310606764,39.87236972272349,55.07493113486969,39.97524862667511,v3-2026-07-30-trip-suppression-fix
l_840,,peripheral,arterial,West,0.718562874251497,3.204341093208099,F,57.75975764664811,64.16858437867349,58.065048907854084,64.21702625636892,v3-2026-07-30-trip-suppression-fix
l_724,,boundary,arterial,East,1.4125402181589892,5.538362749523318,F,66.81325321532405,37.54309989421768,67.55166520542518,37.50246451841118,v3-2026-07-30-trip-suppression-fix
l_817,,peripheral,arterial,East,0.43917435221783047,5.248271250832286,F,75.26042816471967,18.225434394067733,75.71477167447594,18.108934229496324,v3-2026-07-30-trip-suppression-fix
l_270,,peripheral,arterial,East,1.9682456370555046,5.275214510475442,F,62.983624140222425,30.2894662897823,63.79169292857984,30.49079872968815,v3-2026-07-30-trip-suppression-fix
l_2147,SH16,peripheral,motorway,MWY,0.42352941176470593,2.1910426789460966,F,42.07703134939467,17.925744322197218,44.31904864262321,20.146045198764536,v3-2026-07-30-trip-suppression-fix
l_1433,,peripheral,arterial,East,1.8697413524462447,10.375679269659893,F,122.82818490837029,40.50326529216379,123.03438018628611,39.904819178716544,v3-2026-07-30-trip-suppression-fix
l_299,,peripheral,arterial,West,1.446480231436837,14.966297942633394,F,25.855796386435493,78.0493306162986,26.037583622950738,78.47843636966675,v3-2026-07-30-trip-suppression-fix
l_959,,peripheral,arterial,East,0.39489272081084636,1.7683162509791657,F,75.28657339780666,78.38598138298839,75.58989168565117,78.3263293368011,v3-2026-07-30-trip-suppression-fix
l_237,,boundary,arterial,East,0.47084673938632976,4.324897933948645,F,65.35616662209551,37.515893266219976,65.79131874330855,37.53490327907167,v3-2026-07-30-trip-suppression-fix
l_151,,peripheral,arterial,West,0.6245229338699604,1.889940500804866,F,40.054532155523674,6.900156083874466,41.986055435263715,7.918815309245112,v3-2026-07-30-trip-suppression-fix
l_240,,peripheral,arterial,West,1.0346165452429192,0.6002253312029231,C,34.62883258515349,0.24283073432664268,34.82097578557332,1.239292220401202,v3-2026-07-30-trip-suppression-fix
l_62,,peripheral,arterial,East,1.2464942349641632,8.183032097619705,F,115.12932246928952,61.295528587848004,115.73841693499564,61.31119197639963,v3-2026-07-30-trip-suppression-fix
l_236,,peripheral,arterial,East,1.550287449131193,6.794522242194559,F,108.46982879201212,22.528156201237426,109.33551067936077,23.484989208777264,v3-2026-07-30-trip-suppression-fix
l_761,,peripheral,arterial,East,1.6169020157378464,4.302946240859652,F,74.1048044898563,25.084499075963524,75.35226787411736,26.710079365169303,v3-2026-07-30-trip-suppression-fix
l_324,,boundary,arterial,West,1.2768221315836141,7.462670653429606,F,46.16245726440973,34.11191410925687,46.4627385408681,33.89019902651251,v3-2026-07-30-trip-suppression-fix
l_2092,,peripheral,arterial,East,1.785980056556035,7.738633184893242,F,97.17704338533345,55.8459450532657,97.50004725077318,55.67778679127608,v3-2026-07-30-trip-suppression-fix
l_841,,peripheral,arterial,East,0.7751437245655965,5.627037194893939,F,112.74875557728336,29.31319530064335,112.90643392091758,29.607549191535874,v3-2026-07-30-trip-suppression-fix
l_2146,SH16,peripheral,motorway,MWY,0.2823529411764706,2.1878158764265283,F,41.72647698632038,17.463874582806305,42.07703134939467,17.925744322197218,v3-2026-07-30-trip-suppression-fix
l_1655,,inner,arterial,CBD,1.8901606636564108,2.199777059648128,F,79.22255887109388,51.39488182530737,80.43487564907198,49.94006221877742,v3-2026-07-30-trip-suppression-fix
l_558,,peripheral,arterial,West,0.2729630135116692,0.38285771989619516,B,6.703500289561166,22.048086483923136,7.032410215232541,22.20427560395299,v3-2026-07-30-trip-suppression-fix
l_722,,boundary,arterial,West,0.8705114254624592,5.721347033651467,F,56.80777605478416,71.51022130093365,56.99111601630003,72.02035369645378,v3-2026-07-30-trip-suppression-fix
l_1779,,peripheral,arterial,West,1.2105926860025222,9.051733955236763,F,43.21330632464109,64.13812082671996,43.80164882948441,64.20842743249491,v3-2026-07-30-trip-suppression-fix
l_199,,inner,arterial,CBD,1.4268727705112962,8.865360991965963,F,81.5413821854528,72.10838629623474,82.16773103888916,71.8805917096322,v3-2026-07-30-trip-suppression-fix
l_51,,inner,arterial,CBD,2.936617994942491,7.057231965548488,F,89.52263422621802,68.66341403448585,89.77142609073935,68.0101659520379,v3-2026-07-30-trip-suppression-fix
l_547,,peripheral,arterial,West,0.2729630135116692,0.9317399293472702,E,28.119742845655235,17.523416388508874,28.5578100243917,17.70460642082063,v3-2026-07-30-trip-suppression-fix
l_147,,peripheral,arterial,East,0.9321112319403448,3.0084222516248977,F,64.39010580932049,18.15569880527333,64.61339702017465,18.47590338906229,v3-2026-07-30-trip-suppression-fix
l_1364,,inner,arterial,CBD,0.9416934787726595,1.9533176055148802,F,58.6932002835808,38.125001577171155,60.0476004068279,38.478461263363045,v3-2026-07-30-trip-suppression-fix
l_578,,peripheral,arterial,East,0.4163486225799736,2.6081410369044193,F,63.37204910383103,17.174469943216778,63.725721108876655,17.49227415964829,v3-2026-07-30-trip-suppression-fix
l_2623,,peripheral,arterial,West,5.933544303797469,4.777462875960744,F,48.84250379985112,72.305034748848,50.93701624165682,71.50988846607248,v3-2026-07-30-trip-suppression-fix
l_18,,boundary,arterial,East,3.80499405469679,9.287751183635816,F,79.6613271912913,72.7377239308592,80.0505810352026,72.62242364508671,v3-2026-07-30-trip-suppression-fix
l_1377,,peripheral,arterial,East,2.32543117369679,6.254315779323401,F,103.2508411483498,52.76013109582854,103.9397946473381,52.39596848608203,v3-2026-07-30-trip-suppression-fix
l_1067,,peripheral,arterial,East,1.785980056556035,4.973872455396251,F,98.62522161572872,55.3866211660318,99.44258708063082,54.91198217464187,v3-2026-07-30-trip-suppression-fix
l_2547,,peripheral,arterial,West,2.892960462873674,3.801610457433278,F,25.71027241241555,85.50503673443971,26.197476662346165,84.85369005084536,v3-2026-07-30-trip-suppression-fix
l_581,,inner,arterial,CBD,0.9590792838874681,4.6573610292411525,F,61.293417623683446,55.34705758430491,62.070878876013246,55.062488842189836,v3-2026-07-30-trip-suppression-fix
l_937,,peripheral,arterial,West,0.6384110657918071,6.236764088269019,F,31.502800738853786,52.730917123186046,31.684075645716092,51.943847527863355,v3-2026-07-30-trip-suppression-fix
l_744,,peripheral,arterial,West,0.51985559566787,4.586578497616765,F,55.0507051747397,24.48955916017937,55.48533050156489,24.481572560118224,v3-2026-07-30-trip-suppression-fix
l_166,,boundary,arterial,East,0.48007681228996646,5.823770528452439,F,94.25698014732225,64.84596163196238,94.42584210066914,64.57256242888025,v3-2026-07-30-trip-suppression-fix
l_1823,,inner,arterial,CBD,1.1867088607594938,6.70977287271425,F,67.75056696475887,71.8223982887934,68.0786063807393,71.92445988238603,v3-2026-07-30-trip-suppression-fix
l_2453,,inner,arterial,CBD,0.8900316455696203,4.846537532044019,F,52.622502093879426,70.9384375872627,53.65937578832898,70.56806433224813,v3-2026-07-30-trip-suppression-fix
l_1075,,peripheral,arterial,West,2.6115342763873772,3.200050722328834,F,56.68502148924751,69.56657895168362,56.715064517853946,68.8363153752497,v3-2026-07-30-trip-suppression-fix
l_243,,boundary,arterial,West,0.51985559566787,5.213251153920656,F,49.13742967191647,30.381775844844405,49.32606309764747,29.999946005263766,v3-2026-07-30-trip-suppression-fix
l_1519,,peripheral,arterial,West,1.3862815884476534,3.131388370545906,F,47.79573943349853,33.0819948251006,48.31868560840039,31.964323441884268,v3-2026-07-30-trip-suppression-fix
l_2269,,inner,arterial,CBD,4.69006487923083,6.142866444865221,F,67.5595949665603,40.2860462028036,68.14211873833149,41.221235801942,v3-2026-07-30-trip-suppression-fix
l_2601,,inner,arterial,CBD,0.5923390812162695,3.8711256326355237,F,111.07633431675083,64.31701017505766,112.63524396539997,63.96363399899092,v3-2026-07-30-trip-suppression-fix
l_445,,peripheral,arterial,East,1.5,9.182700220413807,F,104.1709519148382,15.824492092970116,104.52009164720675,17.061224643942403,v3-2026-07-30-trip-suppression-fix
l_831,,peripheral,arterial,West,3.7803213273128216,2.5359049055984744,F,61.484449617654434,60.9920624452506,62.56522719797414,60.64785993785288,v3-2026-07-30-trip-suppression-fix
l_1770,SH1N,peripheral,motorway,MWY,0.3333333333333333,2.7177512000862922,F,61.19880836747479,31.349325136469357,62.370841689415734,31.246673889014883,v3-2026-07-30-trip-suppression-fix
l_157,,inner,arterial,CBD,2.1228918504540633,6.120125684506816,F,71.42027172486131,48.025512440539416,72.51495436720664,48.43773914186577,v3-2026-07-30-trip-suppression-fix
l_177,,peripheral,arterial,East,12,12.59530945768524,F,90.31308370006009,58.540820628572924,90.9308499919602,57.85370365364385,v3-2026-07-30-trip-suppression-fix
l_49,,peripheral,arterial,West,0.682407533779173,4.534830002062284,F,40.13917123397722,25.735967467360865,41.88717799682188,27.406626014369678,v3-2026-07-30-trip-suppression-fix
l_455,,peripheral,arterial,East,1.1259148057796962,1.485950344783046,F,118.07553492299452,21.21382886352289,118.61375585870096,20.93350617850465,v3-2026-07-30-trip-suppression-fix
l_443,,peripheral,arterial,West,0.4670351054720947,0.8416812012514763,E,47.13611166467332,52.7962923874362,48.45445229467726,52.366728414543815,v3-2026-07-30-trip-suppression-fix
l_7,,peripheral,arterial,West,0.5459260270233384,0.3129205227391574,B,14.16267206992958,21.02075980134098,14.219989880572841,20.587299202805738,v3-2026-07-30-trip-suppression-fix
l_370,,inner,arterial,CBD,1.4730252255569876,4.727923782515662,F,51.09034813211472,78.66904767131466,51.73275430312918,80.49505218483208,v3-2026-07-30-trip-suppression-fix
l_374,,peripheral,arterial,East,1.8697413524462447,8.781580616278383,F,122.05703166725341,45.760889409575576,122.20863463755362,44.56887467562283,v3-2026-07-30-trip-suppression-fix
l_265,,peripheral,arterial,West,1.3465746507322,4.560522988400806,F,22.685429373062288,72.32348419454668,23.242681989488776,71.88091929891863,v3-2026-07-30-trip-suppression-fix
l_2253,,inner,arterial,CBD,1.317426626655932,2.925526743221953,F,61.21304726287594,49.80812068796445,61.57523606058552,50.5852230433357,v3-2026-07-30-trip-suppression-fix
l_1781,,inner,arterial,CBD,0.5933544303797469,5.393564661178305,F,63.67921974404496,70.35686484399797,64.33329631977993,70.45293118139321,v3-2026-07-30-trip-suppression-fix
l_783,,peripheral,arterial,West,0.2729630135116692,0.8343104505290363,E,24.002838762026663,15.868817081390382,24.35348389889819,16.024582852657694,v3-2026-07-30-trip-suppression-fix
l_604,,peripheral,arterial,West,0.4163486225799736,2.333857040432874,F,57.47824904838939,14.661363814040484,57.831907494897834,14.97917767826356,v3-2026-07-30-trip-suppression-fix
l_484,,peripheral,arterial,East,0.6404098623118796,1.231189565264451,F,84.35024758592708,9.030415185966078,84.4901524895696,9.541330509440055,v3-2026-07-30-trip-suppression-fix
l_885,,peripheral,arterial,West,0.7365126127784938,3.6929036528323906,F,44.96453376525631,64.78170908055317,45.080153375260146,65.15795934813434,v3-2026-07-30-trip-suppression-fix
l_1454,,boundary,arterial,East,0.48007681228996646,5.888489771965738,F,95.48914733627757,57.44482697016596,95.50635967892894,57.20126775137313,v3-2026-07-30-trip-suppression-fix
l_152,,boundary,arterial,East,2.830522467272084,6.723113615481286,F,66.7451551400661,51.51703891544061,67.3005478766954,49.80413837125006,v3-2026-07-30-trip-suppression-fix
l_1774,,peripheral,arterial,East,1.5914415808319702,10.204960274242126,F,93.65606475862629,51.2356914705003,93.87893242817293,51.528849290813326,v3-2026-07-30-trip-suppression-fix
l_1773,,boundary,arterial,East,0.9321112319403448,1.656752415126853,F,81.6301493086544,47.56664669256718,81.80594585524118,48.0205643556404,v3-2026-07-30-trip-suppression-fix
l_690,,peripheral,arterial,West,0.5459260270233384,0.910026187566016,E,14.18841608295176,20.047349898517552,14.363812522100684,18.936088409652413,v3-2026-07-30-trip-suppression-fix
l_357,,boundary,arterial,East,8.491567401816253,6.889369767738323,F,65.84798720220324,53.560550321934564,66.63071109769622,52.38399397535276,v3-2026-07-30-trip-suppression-fix
l_452,,peripheral,arterial,East,0.7544322897019992,1.7593834949196279,F,86.30464763124547,25.31830684031228,86.5711067584788,24.44851815304411,v3-2026-07-30-trip-suppression-fix
l_2140,,peripheral,arterial,West,0.8326972451599473,0.49122295890012185,C,49.443104704879936,9.72922673643824,49.52057764410846,10.606463518772738,v3-2026-07-30-trip-suppression-fix
l_448,,peripheral,arterial,West,0.9079445145018916,9.025550450402106,F,34.756290988467164,65.37382884878303,36.047557714434184,64.64755526746256,v3-2026-07-30-trip-suppression-fix
l_400,,peripheral,arterial,West,4.168596572487263,5.996709327585454,F,45.88089157914587,51.92742800306539,46.53102693386683,52.99656676705129,v3-2026-07-30-trip-suppression-fix
l_1374,,peripheral,arterial,West,0.8326972451599473,1.449143012839094,F,53.13224760755773,11.200773498730635,53.61726759322485,11.570233857453232,v3-2026-07-30-trip-suppression-fix
l_1639,,peripheral,arterial,West,1.54182191956829,4.497701568201299,F,19.926106752739194,86.75158827521348,19.969935188443806,89.1561121549009,v3-2026-07-30-trip-suppression-fix
l_640,,boundary,arterial,East,0.8204567209079722,6.393183091136468,F,107.11610624288761,60.661083712013856,107.4598377742499,60.438470714385474,v3-2026-07-30-trip-suppression-fix
l_1998,,inner,arterial,CBD,0.8782844177706213,4.3965205371397165,F,62.092555281063845,51.52162875875946,62.633107918613945,52.538685052270054,v3-2026-07-30-trip-suppression-fix
l_583,,peripheral,arterial,East,1.2828736369467608,11.538973135051123,F,116.91170598033048,35.69492072497664,117.52679206590972,36.034785050545715,v3-2026-07-30-trip-suppression-fix
l_1565,SH16,peripheral,motorway,MWY,0.35294117647058826,3.3004906005075485,F,72.0723061509492,29.203028756402478,73.73092243212142,29.55078306457039,v3-2026-07-30-trip-suppression-fix
l_723,,boundary,arterial,East,10.106681639528356,5.2041362469196795,F,62.86214392946015,48.45347848858139,65.19974202741982,52.5995377645506,v3-2026-07-30-trip-suppression-fix
l_310,,peripheral,arterial,West,1.872805306281701,2.584932349818971,F,38.20542630021428,43.58168078036334,42.38918401944172,45.28885810050366,v3-2026-07-30-trip-suppression-fix
l_162,,peripheral,arterial,West,0.9552619009711829,1.4311881551352208,F,17.160594082469917,47.15458765334217,17.801273166943393,46.521333492608164,v3-2026-07-30-trip-suppression-fix
l_1537,SH1S,peripheral,motorway,MWY,0.12631578947368421,0.062147967758447366,A,74.5014329682545,23.023156082247098,75.80802843546739,21.972011158945016,v3-2026-07-30-trip-suppression-fix
l_1902,,boundary,motorway,MWY,0.8666666666666667,2.9568093446942125,F,77.26155269766701,32.37740772031611,82.73102461739431,41.276115467168836,v3-2026-07-30-trip-suppression-fix
l_384,,boundary,arterial,East,0.9380129758461659,5.23851494201665,F,69.99935428428324,46.4301311809854,70.11451282827578,46.77935180755179,v3-2026-07-30-trip-suppression-fix
l_725,,peripheral,arterial,East,0.6587615283267457,5.21312965521734,F,77.59583164338271,17.56066638097576,78.63389556618147,17.271209191065452,v3-2026-07-30-trip-suppression-fix
l_2643,,peripheral,arterial,West,0.2081743112899868,0.5843866935727773,C,53.90323809115761,11.75416517278411,54.22918699067504,11.748176452690043,v3-2026-07-30-trip-suppression-fix
l_473,,peripheral,arterial,West,0.9552619009711829,1.3958449497405894,F,12.265539437257972,48.162443142701186,14.552572749401495,47.20200301305013,v3-2026-07-30-trip-suppression-fix
l_693,,peripheral,arterial,West,0.8188890405350076,0.641346801534581,D,12.994130866692274,21.312260769453108,14.16267206992958,21.02075980134098,v3-2026-07-30-trip-suppression-fix
l_746,,inner,arterial,CBD,4,11.355724309449279,F,87.4987260507792,61.53886562834153,87.90317081015102,61.07192236987932,v3-2026-07-30-trip-suppression-fix
l_1098,,peripheral,arterial,East,1.3175230566534915,6.233333365413884,F,65.5419863242516,21.674948605585637,66.1409750809709,21.15040717403214,v3-2026-07-30-trip-suppression-fix
l_522,,peripheral,arterial,West,0.8512147543890761,7.013049588335402,F,37.08307946971042,40.46715633657881,38.11387922865658,39.772649092279735,v3-2026-07-30-trip-suppression-fix
l_351,,peripheral,arterial,West,0.47763095048559145,1.013256183962596,F,4.405337978853362,48.7104504788504,5.2622748758372415,49.20841166111988,v3-2026-07-30-trip-suppression-fix
l_1001,,peripheral,arterial,East,0.5,0.2681471007629913,B,65.26011095717408,17.004557053778175,65.64228032759982,16.51103773392799,v3-2026-07-30-trip-suppression-fix
l_2152,,peripheral,motorway,MWY,0.13333333333333333,0.2421882742877233,A,56.236816790672194,48.764506272463414,56.402727847693974,48.329035398305,v3-2026-07-30-trip-suppression-fix
l_1760,,peripheral,arterial,West,0.6931407942238267,4.611514564587652,F,53.553734176604436,24.65219235935953,54.573612108611755,24.55237793946717,v3-2026-07-30-trip-suppression-fix
l_77,,peripheral,arterial,East,2.4929884699283265,8.656497790546947,F,121.63151064679622,48.5796332799868,121.88622266419952,47.088396993059845,v3-2026-07-30-trip-suppression-fix
l_1325,,boundary,arterial,East,1.902497027348395,5.588651543936839,F,79.13482182060346,72.98213546199597,79.6613271912913,72.7377239308592,v3-2026-07-30-trip-suppression-fix
l_1563,SH1N,peripheral,motorway,MWY,1.2666666666666666,0.3953269649847004,B,26.11703655265897,98.31416060340739,27.039409729875562,100,v3-2026-07-30-trip-suppression-fix
l_17,,inner,arterial,CBD,0.9788726649808304,7.023022273384662,F,89.39873928521041,69.01705521567712,89.52263422621802,68.66341403448585,v3-2026-07-30-trip-suppression-fix
l_1000,,peripheral,arterial,West,0.2729630135116692,0.6426246135311013,D,12.51802123151237,21.429017231942197,12.994130866692274,21.312260769453108,v3-2026-07-30-trip-suppression-fix
l_1722,,inner,arterial,CBD,4.69006487923083,5.56048235925981,F,68.65618163480687,43.15766605149279,69.02088481341899,44.06984268875535,v3-2026-07-30-trip-suppression-fix
l_879,,peripheral,arterial,East,0.43917435221783047,4.569865061427942,F,96.28007275745321,12.322610633864773,96.75562082743154,12.178642547299837,v3-2026-07-30-trip-suppression-fix
l_1754,,boundary,arterial,East,1.3262013173599752,10.108815146573573,F,96.16832299466648,54.21604884802822,97.0638454446813,55.60480721914638,v3-2026-07-30-trip-suppression-fix
l_401,,inner,arterial,CBD,2.4979184013322233,6.014851689246559,F,84.8898050292072,62.722286394498205,85.50290607461442,62.95417671462451,v3-2026-07-30-trip-suppression-fix
l_2622,,peripheral,arterial,West,1.446480231436837,3.5142380093954158,F,25.603129811711074,85.64827640784264,25.71027241241555,85.50503673443971,v3-2026-07-30-trip-suppression-fix
l_398,,inner,arterial,CBD,0.832523935063133,1.5452114586799897,F,92.86029647311842,52.87205231936362,92.94960485219059,54.167673759808544,v3-2026-07-30-trip-suppression-fix
l_191,,peripheral,arterial,West,0.8326972451599473,2.275274763129886,F,34.82097578557332,1.239292220401202,35.52025654373531,1.4427167203535378,v3-2026-07-30-trip-suppression-fix
l_2690,,boundary,arterial,East,0.8900316455696203,6.6917346534535005,F,74.6899357895852,74.34302419512628,75.14637704604353,74.37686654868502,v3-2026-07-30-trip-suppression-fix
l_899,,inner,arterial,CBD,5.5346906503261515,5.426890015562875,F,65.04529673321747,33.62980747862805,65.37049502225159,34.75892893840695,v3-2026-07-30-trip-suppression-fix
l_1797,,inner,arterial,CBD,0.7897854416216927,3.859696467635929,F,108.11669978191439,65.34510178786458,110.2771595696091,64.60216806600864,v3-2026-07-30-trip-suppression-fix
l_1796,,boundary,arterial,East,0.39489272081084636,3.87779982028961,F,110.2771595696091,64.60216806600864,110.70935067585489,64.45898202738962,v3-2026-07-30-trip-suppression-fix
l_142,,peripheral,arterial,West,0.6245229338699604,2.231347153792516,F,56.19549972464025,13.468757795687031,57.035679730518716,14.237078372263523,v3-2026-07-30-trip-suppression-fix
l_2365,,peripheral,arterial,East,0.8900316455696203,6.705154835953664,F,74.27694113805138,74.35064640065049,74.6899357895852,74.34302419512628,v3-2026-07-30-trip-suppression-fix
l_671,,peripheral,arterial,East,1.093942294543963,3.2412065796168092,F,114.96349959780188,62.89320071657305,115.11652217168017,63.624565329399076,v3-2026-07-30-trip-suppression-fix
l_779,,peripheral,arterial,West,0.51985559566787,4.463397518574643,F,55.48533050156489,24.481572560118224,55.91896071120116,24.419550473893427,v3-2026-07-30-trip-suppression-fix
l_695,,boundary,arterial,East,0.48007681228996646,5.973381713339386,F,95.58249214144531,58.95658599146769,95.58852214064525,59.28079368324104,v3-2026-07-30-trip-suppression-fix
l_435,,peripheral,arterial,East,1.2808197246237591,1.2926317782771601,F,85.68262845715589,14.059720065951861,85.80030734827638,14.54401975755038,v3-2026-07-30-trip-suppression-fix
l_364,,boundary,arterial,East,1.093942294543963,6.392676457090318,F,106.59899582020059,60.91395011494743,107.11610624288761,60.661083712013856,v3-2026-07-30-trip-suppression-fix
l_878,,peripheral,arterial,West,0.7365126127784938,3.439140756933317,F,45.5524687978586,66.0141487790403,45.73280094593361,66.36218699020907,v3-2026-07-30-trip-suppression-fix
l_1002,,boundary,arterial,East,0.39489272081084636,1.768609576078517,F,75.02672894130816,78.4448305625403,75.28657339780666,78.38598138298839,v3-2026-07-30-trip-suppression-fix
l_1541,,peripheral,motorway,MWY,0.3333333333333333,2.0772641782747083,F,74.40343805368384,23.117167045711216,75.80802843546739,21.972011158945016,v3-2026-07-30-trip-suppression-fix
l_55,,inner,arterial,CBD,0.718562874251497,1.8511609517700678,F,76.33554109683999,61.042638078226716,77.24241717509129,60.70156966704804,v3-2026-07-30-trip-suppression-fix
l_321,,inner,arterial,CBD,0.7405578869414959,6.1451409730079245,F,61.33998282410627,40.18437565633962,61.37497975915521,39.724282174557786,v3-2026-07-30-trip-suppression-fix
l_1551,SH1N,peripheral,motorway,MWY,0.26666666666666666,2.720276505942683,F,59.65982002533505,31.593852493517105,60.41795046645113,31.444772892617085,v3-2026-07-30-trip-suppression-fix
l_328,,inner,arterial,CBD,0.4660556159701724,1.6821335675437563,F,75.63802827473823,40.974817400909345,75.97152524439069,41.37405555633217,v3-2026-07-30-trip-suppression-fix
l_74,,peripheral,arterial,West,1.2490458677399208,2.061451297497077,F,54.407503476894796,11.988138001938534,55.047622773339015,12.516903946996234,v3-2026-07-30-trip-suppression-fix
l_645,,inner,arterial,CBD,1.902497027348395,8.997792121448967,F,84.95418154754421,70.88311280576647,85.82062402986284,70.70491631388921,v3-2026-07-30-trip-suppression-fix
l_867,,peripheral,arterial,East,1,1.3244173236735333,F,101.95243156289935,7.595584818932813,102.23988409544138,9.022655521785314,v3-2026-07-30-trip-suppression-fix
l_625,,inner,arterial,CBD,0.7365126127784938,4.3290577783646365,F,51.73275430312918,80.49505218483208,51.984776202617375,81.19311260890247,v3-2026-07-30-trip-suppression-fix
l_26,,peripheral,arterial,West,0.6931407942238267,4.449887123565415,F,57.627765842110215,23.955714238105273,58.86046993158634,23.60872701684149,v3-2026-07-30-trip-suppression-fix
l_1550,SH1N,peripheral,motorway,MWY,0.2,2.7138659499018,F,60.41795046645113,31.444772892617085,61.19880836747479,31.349325136469357,v3-2026-07-30-trip-suppression-fix
l_803,,peripheral,arterial,West,1.260107109104274,1.751105383479732,F,59.673136359685195,61.809142099580896,60.49309885783969,61.46974642163667,v3-2026-07-30-trip-suppression-fix
l_205,,inner,arterial,CBD,0.718562874251497,1.8388013085499033,F,77.24241717509129,60.70156966704804,77.5234735835914,60.61529810113833,v3-2026-07-30-trip-suppression-fix
l_608,,peripheral,arterial,West,0.4163486225799736,2.1492333224030467,F,36.899631159976956,3.174200817466635,37.1450881745734,3.5210531146608828,v3-2026-07-30-trip-suppression-fix
l_50,,inner,arterial,CBD,0.4660556159701724,1.8956247689302017,F,73.88413068294506,39.00724131093205,74.17215607017293,39.29921543933476,v3-2026-07-30-trip-suppression-fix
l_1837,,peripheral,arterial,West,0.51985559566787,4.59494502600047,F,54.573612108611755,24.55237793946717,55.0507051747397,24.48955916017937,v3-2026-07-30-trip-suppression-fix
l_458,,peripheral,arterial,West,0.9416934787726595,7.172389753270087,F,47.59617876818396,32.86944332563377,47.79573943349853,33.0819948251006,v3-2026-07-30-trip-suppression-fix
l_2609,,boundary,motorway,MWY,0.06666666666666667,0.1614655090240774,A,55.13420368523813,36.10938411357112,55.472969690872716,35.61668455953831,v3-2026-07-30-trip-suppression-fix
l_154,,peripheral,arterial,East,61.566526051761485,19.55661010869267,F,63.79169292857984,30.49079872968815,65.71386312353862,29.806756660727483,v3-2026-07-30-trip-suppression-fix
l_911,,peripheral,arterial,West,0.6384110657918071,6.256146783712605,F,31.017252115828647,54.712693693058014,31.220265366614058,53.925228020327886,v3-2026-07-30-trip-suppression-fix
l_528,,inner,arterial,CBD,2.526670409882089,4.9229657739217325,F,61.4001317421166,45.80476742262413,61.71436455584005,46.33951391972756,v3-2026-07-30-trip-suppression-fix
l_559,,peripheral,arterial,West,0.7171029042667623,9.995504933722836,F,30.933286710960843,14.472141602147115,31.058229188577965,14.172570820586582,v3-2026-07-30-trip-suppression-fix
l_729,,inner,arterial,CBD,1.1108368304122438,6.152494884895716,F,61.114056564192886,42.08038342879247,61.17028956170788,41.59287290640271,v3-2026-07-30-trip-suppression-fix
l_629,,peripheral,arterial,West,3.6162005785920925,14.971065051999805,F,26.76621972872008,80.27590936570861,27.44892572674896,81.93908674258003,v3-2026-07-30-trip-suppression-fix
l_2549,SH1S,peripheral,motorway,MWY,0.25263157894736843,2.0053046425414336,F,68.42285851212542,29.351428721122858,69.79372136260199,28.245087626118437,v3-2026-07-30-trip-suppression-fix
l_733,,peripheral,arterial,West,2.892960462873674,14.091258471907022,F,26.197476662346165,84.85369005084536,26.537383242184763,84.41507822347306,v3-2026-07-30-trip-suppression-fix
l_235,,peripheral,arterial,East,1.550287449131193,6.344710389123738,F,110.96076391356546,25.53575777807992,111.16442414012288,25.964389511923958,v3-2026-07-30-trip-suppression-fix
l_2379,,boundary,arterial,East,0.7897854416216927,1.8402296467558648,F,74.20233702682296,78.62352733780773,74.59298837555528,78.50688881137079,v3-2026-07-30-trip-suppression-fix
l_2512,SH1N,peripheral,motorway,MWY,0.13333333333333333,1.938700075088513,F,54.3168178838527,51.184848414248954,54.70977198784677,50.84656411511451,v3-2026-07-30-trip-suppression-fix
l_1858,,inner,arterial,CBD,0.7897854416216927,0.711636346785845,D,73.33873570061782,78.88137666158906,74.59298837555528,78.50688881137079,v3-2026-07-30-trip-suppression-fix
l_426,,peripheral,arterial,East,1.8697413524462447,8.4882203220028,F,115.73841693499564,61.31119197639963,117.30487725860446,61.36303994193312,v3-2026-07-30-trip-suppression-fix
l_589,,peripheral,arterial,East,0.6467608062951385,3.3253529127912107,F,80.33730487909686,32.94215722915171,80.58236816714985,33.26194376468249,v3-2026-07-30-trip-suppression-fix
l_1788,,inner,arterial,CBD,0.8204567209079722,7.094768574622633,F,100.09029669993842,58.17017319126349,100.61596088067445,58.37661739014762,v3-2026-07-30-trip-suppression-fix
l_1284,,peripheral,motorway,MWY,0,0,A,54.71696039624606,37.06297351264424,54.84337716773664,36.84443996626127,v3-2026-07-30-trip-suppression-fix
l_184,,peripheral,arterial,West,0.8705114254624592,3.5189000240073756,F,56.256678707080965,65.1961779462342,56.28338762277463,65.46595089865612,v3-2026-07-30-trip-suppression-fix
l_303,,peripheral,arterial,East,0.832523935063133,1.7205761674337425,F,93.38708122474172,51.97040110126382,93.68684043099444,51.721599902505545,v3-2026-07-30-trip-suppression-fix
l_682,,peripheral,arterial,West,0.7171029042667623,4.578723518902506,F,33.39549101061578,7.670587376565519,33.68337516347586,6.773457741455944,v3-2026-07-30-trip-suppression-fix
l_172,,inner,arterial,CBD,1.415261233636042,6.744215322915933,F,66.70966745550835,51.95011603128202,66.7451551400661,51.51703891544061,v3-2026-07-30-trip-suppression-fix
l_2672,,peripheral,arterial,West,0.5155746509129968,2.2814031834648203,F,62.81776498788476,61.37292571624356,62.932419541628214,61.69513263818928,v3-2026-07-30-trip-suppression-fix
l_99,,inner,arterial,CBD,0.9590792838874681,2.425656497635856,F,59.717252360908624,55.94360305475917,60.365306313722996,55.715473433865334,v3-2026-07-30-trip-suppression-fix
l_1867,,inner,arterial,CBD,0.43914220888531064,3.1282550936368545,F,66.12130419645351,60.122941141567935,66.46478413796704,61.06253952553714,v3-2026-07-30-trip-suppression-fix
l_359,,inner,arterial,CBD,1.415261233636042,2.7379662079222165,F,67.59393633821429,55.0959178438143,68.2312228555955,55.46254364541425,v3-2026-07-30-trip-suppression-fix
l_222,,peripheral,arterial,West,0.7906700929037359,2.1266986624437245,F,62.344034931930025,27.436435581392367,62.909256777284135,28.615194350702243,v3-2026-07-30-trip-suppression-fix
l_95,,boundary,arterial,East,2.155688622754491,1.4720793081690384,F,66.79143678056333,64.62401159445204,67.69934011712195,64.33702041749164,v3-2026-07-30-trip-suppression-fix
l_1904,,boundary,arterial,West,1.7024295087781522,4.774703891980493,F,46.4627385408681,33.89019902651251,47.59617876818396,32.86944332563377,v3-2026-07-30-trip-suppression-fix
l_981,,peripheral,arterial,West,1.00993098804915,9.950287974823828,F,24.658032379214724,70.80112132705622,25.751276152965755,69.94339200780163,v3-2026-07-30-trip-suppression-fix
l_498,,peripheral,arterial,West,1.3465746507322,1.716847853113359,F,20.832376903800007,73.24907673454601,21.311067390560833,73.26739101638535,v3-2026-07-30-trip-suppression-fix
l_12,,inner,arterial,CBD,0.39489272081084636,1.6632803627703523,F,76.0433693550094,78.15579870266906,76.47510937163709,77.98566841891113,v3-2026-07-30-trip-suppression-fix
l_669,,peripheral,arterial,East,1.1089548100914888,4.6741192848166815,F,92.27492744700248,19.04553860649214,93.03148677723222,18.81528551705726,v3-2026-07-30-trip-suppression-fix
l_896,,boundary,arterial,West,2.520214218208548,2.5051717969319887,F,60.98902377665546,61.24441366475997,61.484449617654434,60.9920624452506,v3-2026-07-30-trip-suppression-fix
l_2182,,boundary,motorway,MWY,0.5333333333333333,2.248492162766023,F,55.26012197672294,35.86383299864734,55.63837242127506,35.15419638640701,v3-2026-07-30-trip-suppression-fix
l_2012,,boundary,arterial,West,0.8900316455696203,5.162725429853019,F,59.6653422868612,69.64693644363454,60.385120072702094,69.7688333866943,v3-2026-07-30-trip-suppression-fix
l_532,,inner,arterial,CBD,0.9380129758461659,3.1796595814259785,F,77.1995521797882,67.78330510375392,77.3632048413974,68.40189168926318,v3-2026-07-30-trip-suppression-fix
l_2212,,peripheral,arterial,West,0.6384110657918071,6.30474711964532,F,29.089758684259447,64.6394507985258,29.27796259617457,65.4197771837638,v3-2026-07-30-trip-suppression-fix
l_1865,,peripheral,arterial,East,0.6990834239552587,6.841864189176377,F,66.47509144954758,25.117145745831465,66.75532766474298,26.166014510986074,v3-2026-07-30-trip-suppression-fix
l_1842,,peripheral,arterial,East,0.6990834239552587,6.920137813976796,F,65.89089981224126,22.911738372471945,65.89837991321727,22.459408351024813,v3-2026-07-30-trip-suppression-fix
l_568,,peripheral,arterial,West,0.6052963430012611,9.072628962282996,F,42.18728377616061,63.91366633105836,42.775625154199204,63.983975809775,v3-2026-07-30-trip-suppression-fix
l_1283,,peripheral,arterial,West,0.630053554552137,2.2854323046499245,F,56.114680226208456,63.388020240501945,56.32606541401806,63.05982054201619,v3-2026-07-30-trip-suppression-fix
l_852,,peripheral,arterial,East,0.7544322897019992,3.07238690288336,F,86.26651346405072,16.238061683068302,86.33621924600413,16.480010077644096,v3-2026-07-30-trip-suppression-fix
l_550,,peripheral,arterial,West,0.2729630135116692,4.402939142151164,F,32.45451668578015,19.200983829058003,32.914322210954026,19.381767932668083,v3-2026-07-30-trip-suppression-fix
l_1903,,peripheral,arterial,East,2.9176428981919456,10.178187228224383,F,89.91925227233742,47.87261040785828,92.16623138336581,49.4525443304887,v3-2026-07-30-trip-suppression-fix
l_238,,inner,arterial,CBD,1.4125402181589892,4.145922976218843,F,61.5204454732506,38.18109805684745,62.473197068878214,37.974377665838496,v3-2026-07-30-trip-suppression-fix
l_2340,SH1N,boundary,motorway,MWY,0.3333333333333333,1.8762316264891565,F,52.461123624879754,53.88777790301099,53.807866416867896,51.92616661461143,v3-2026-07-30-trip-suppression-fix
l_1780,,peripheral,arterial,West,1.03971119133574,4.732708596913671,F,50.00012073382462,28.825444210029534,50.377877344433436,28.088799766079482,v3-2026-07-30-trip-suppression-fix
l_372,,peripheral,arterial,East,2.263296869105998,4.492441510937866,F,78.38032821591237,30.572976450546324,78.74426645536876,30.268956217343014,v3-2026-07-30-trip-suppression-fix
l_617,,peripheral,arterial,East,1.2464942349641632,8.562497144235511,F,119.94698244307746,60.800198697541475,120.09103860604743,60.365079213116616,v3-2026-07-30-trip-suppression-fix
l_93,,peripheral,arterial,West,0.4094445202675038,0.8647884698392491,E,24.66017545711453,16.154123118891604,25.97287965167287,16.616660135229253,v3-2026-07-30-trip-suppression-fix
l_710,,inner,arterial,CBD,1.7410228509249184,4.541393548187932,F,59.08157987052399,78.08989422446795,59.67908891499268,79.83562392620523,v3-2026-07-30-trip-suppression-fix
l_557,,peripheral,arterial,West,0.2729630135116692,0.8414316205370505,E,23.411681397626165,15.636355432577187,23.69614807299709,15.739275869355476,v3-2026-07-30-trip-suppression-fix
l_526,,boundary,arterial,East,0.9788726649808304,7.3357624316869705,F,91.75010104614312,58.64931212548191,92.03767611801433,58.91424556394204,v3-2026-07-30-trip-suppression-fix
l_1191,,peripheral,arterial,West,0.5904736911166514,2.554276821317419,F,52.058685768613564,20.193263164454763,52.314129578362284,21.08044440557598,v3-2026-07-30-trip-suppression-fix
l_69,,peripheral,arterial,East,1.3175230566534915,5.208913332175424,F,79.3914622053205,17.0950407249489,80.32136976918541,16.834601662397436,v3-2026-07-30-trip-suppression-fix
l_1034,,peripheral,arterial,West,1.1867088607594938,4.8732750262515125,F,56.36047347925608,69.65362019796031,56.68502148924751,69.56657895168362,v3-2026-07-30-trip-suppression-fix
l_302,,peripheral,arterial,East,1.1259148057796962,1.545027741109854,F,117.19264731088153,21.662747971149678,117.49435585240464,21.521979219141418,v3-2026-07-30-trip-suppression-fix
l_1303,,inner,arterial,CBD,16.99475994901572,6.044223461897855,F,76.64823232438683,54.4423944689352,78.64845635725169,60.22310997772073,v3-2026-07-30-trip-suppression-fix
l_27,,boundary,arterial,East,0.9601536245799329,5.783860529980673,F,92.73268306237138,67.06339181590333,93.26201946653492,66.29682936347034,v3-2026-07-30-trip-suppression-fix
l_698,,peripheral,arterial,West,0.42560737719453806,6.260172328636236,F,31.220265366614058,53.925228020327886,31.300284191441023,53.54540039863491,v3-2026-07-30-trip-suppression-fix
l_1497,,peripheral,arterial,West,0.4670351054720947,0.3160668444256932,B,51.28573149316999,51.449951048757505,51.58802133868618,51.33629838655588,v3-2026-07-30-trip-suppression-fix
l_826,,peripheral,arterial,East,0.6467608062951385,3.1741358416948344,F,82.0724922145895,35.07218592182414,82.36202744827492,35.445200928721555,v3-2026-07-30-trip-suppression-fix
l_856,,boundary,arterial,West,0.8705114254624592,5.7034871638622535,F,56.71536035006015,71.2146292231835,56.80777605478416,71.51022130093365,v3-2026-07-30-trip-suppression-fix
l_1379,,peripheral,arterial,East,1.550287449131193,4.249671230652066,F,103.48067669638154,52.63864609996078,103.9397946473381,52.39596848608203,v3-2026-07-30-trip-suppression-fix
l_262,,peripheral,arterial,West,2.151308712800287,4.402212718574462,F,34.691642072889,2.4848681150931027,34.82097578557332,1.239292220401202,v3-2026-07-30-trip-suppression-fix
l_915,,peripheral,arterial,West,0.7872982548222018,5.217875084940361,F,58.20392753524212,29.269328819141265,59.649679336806614,29.86434648592241,v3-2026-07-30-trip-suppression-fix
l_886,,peripheral,arterial,East,1.2828736369467608,11.63213135437726,F,115.3515094006383,34.8051317165802,115.90088706272924,35.11920004960792,v3-2026-07-30-trip-suppression-fix
l_541,,inner,arterial,CBD,1.3530273988048258,4.12235656396586,F,75.33328344094578,72.6825341116701,75.42472702495618,72.9240842775568,v3-2026-07-30-trip-suppression-fix
l_649,,inner,arterial,CBD,2.029541098207239,4.0840078418953505,F,74.18950563897673,69.6226280580766,74.64771262574864,70.88441532044997,v3-2026-07-30-trip-suppression-fix
l_407,,peripheral,arterial,West,0.9552619009711829,1.3879498312435674,F,14.552572749401495,47.20200301305013,15.445123067090424,47.26685798344814,v3-2026-07-30-trip-suppression-fix
l_1543,SH16,peripheral,motorway,MWY,0.21176470588235297,2.2820468461746977,F,50.39600241867397,26.710121222629585,50.66224571336918,27.002525327591194,v3-2026-07-30-trip-suppression-fix
l_1010,,inner,arterial,CBD,1.317426626655932,4.4197090725023,F,61.57523606058552,50.5852230433357,62.092555281063845,51.52162875875946,v3-2026-07-30-trip-suppression-fix
l_613,,peripheral,arterial,West,0.6732873253661,1.4120757240827597,F,12.838455797859599,72.47551143596816,13.513751713595749,72.54432523635822,v3-2026-07-30-trip-suppression-fix
l_57,,peripheral,arterial,West,0.4094445202675038,4.5154806472049795,F,39.89566721333704,25.49718718738144,40.13917123397722,25.735967467360865,v3-2026-07-30-trip-suppression-fix
l_612,,peripheral,arterial,West,0.6662225183211192,2.832344623622115,F,15.72932362367471,19.911227030447844,16.17033802430047,20.25454630502344,v3-2026-07-30-trip-suppression-fix
l_311,,peripheral,arterial,West,5.5581287633163505,7.462461354163434,F,43.22001107412681,45.54390816345848,43.99316223748298,47.39456392132523,v3-2026-07-30-trip-suppression-fix
l_868,,peripheral,arterial,East,0.43917435221783047,4.654727413120798,F,88.17041892584936,14.58117929111355,88.75462858954545,14.435215825466882,v3-2026-07-30-trip-suppression-fix
l_8,,inner,arterial,CBD,1.415261233636042,5.599691293102515,F,74.49349172307936,49.61741299843831,74.82449982857337,49.881566748454176,v3-2026-07-30-trip-suppression-fix
l_670,,peripheral,arterial,East,1.6409134418159443,3.8693258967525295,F,114.75172089097913,62.0322947864568,114.96349959780188,62.89320071657305,v3-2026-07-30-trip-suppression-fix
l_319,,boundary,arterial,West,1.4811157738829919,6.152116174412495,F,61.37497975915521,39.724282174557786,61.485947554636255,38.66820890128607,v3-2026-07-30-trip-suppression-fix
l_276,,peripheral,arterial,West,1.5813401858074718,2.2192504471132484,F,60.26552505066133,23.177481659503353,60.474555799126385,23.90334988829351,v3-2026-07-30-trip-suppression-fix
l_432,,peripheral,arterial,West,0.9552619009711829,2.7062360358737525,F,32.22183634060601,40.93435165342156,32.484114490381536,41.010640804606915,v3-2026-07-30-trip-suppression-fix
l_970,,boundary,arterial,West,1.0778443113772456,10.937411798975702,F,47.87113021863731,64.40413492993997,48.13145905757613,64.37233652928282,v3-2026-07-30-trip-suppression-fix
l_1926,,boundary,arterial,West,0.5155746509129968,2.386724495384518,F,61.583799926753976,58.12543558418083,61.74391316991776,58.55491233454933,v3-2026-07-30-trip-suppression-fix
l_740,,peripheral,arterial,West,1.4342058085335245,4.607581820196076,F,32.69477780582291,9.764417161929732,33.39549101061578,7.670587376565519,v3-2026-07-30-trip-suppression-fix
l_437,,peripheral,arterial,West,0.6732873253661,0.929357786176231,E,1.4221081112594016,65.22334325588477,2.6623343474204164,66.47110541149962,v3-2026-07-30-trip-suppression-fix
l_1370,,peripheral,arterial,East,0.7751437245655965,6.829264031070318,F,104.98192100158795,18.512073020220274,105.29572910928577,19.019739429552253,v3-2026-07-30-trip-suppression-fix
l_305,,peripheral,arterial,East,1.550287449131193,9.625086618279099,F,108.33206225929015,43.09809350593113,109.10643985620608,41.48908945611932,v3-2026-07-30-trip-suppression-fix
l_1181,,peripheral,motorway,MWY,0.4,0.14054998885539732,A,54.790414310606764,39.87236972272349,56.54245474560589,44.110349820587466,v3-2026-07-30-trip-suppression-fix
l_393,,peripheral,arterial,East,0.6467608062951385,3.329417232260499,F,79.60262002906941,32.009813320113814,80.33730487909686,32.94215722915171,v3-2026-07-30-trip-suppression-fix
l_780,,peripheral,arterial,West,0.6384110657918071,6.255755875730863,F,31.887082961168694,51.15638090157586,32.13059058682008,50.20601713188289,v3-2026-07-30-trip-suppression-fix
l_1891,,boundary,arterial,West,0.5155746509129968,2.390976843113024,F,61.44641818363301,57.74959335229004,61.583799926753976,58.12543558418083,v3-2026-07-30-trip-suppression-fix
l_700,,peripheral,arterial,East,0.6990834239552587,3.121430014972059,F,64.70680343127532,18.82552712761103,64.7997113597878,19.148133514434484,v3-2026-07-30-trip-suppression-fix
l_681,,inner,arterial,CBD,11.508951406649617,29.164802073586603,F,54.98391466874296,84.65149034680701,55.71851796387649,84.39476511545743,v3-2026-07-30-trip-suppression-fix
l_573,,peripheral,arterial,West,0.4163486225799736,2.32008491548521,F,58.90864353705988,15.608008409911491,59.346238922922744,15.762116970461204,v3-2026-07-30-trip-suppression-fix
l_794,,peripheral,arterial,West,1.54182191956829,5.89410020950046,F,20.747160974250612,78.11532684880811,20.881583126375002,77.13994100829224,v3-2026-07-30-trip-suppression-fix
l_239,,peripheral,arterial,East,0.7751437245655965,5.7296346689022135,F,111.54850085396642,26.741005480237508,111.75216333083571,27.169636685945253,v3-2026-07-30-trip-suppression-fix
l_461,,peripheral,arterial,West,0.718562874251497,10.902483772345011,F,48.392284149825215,64.36755501154411,48.69658009671544,64.361976160048,v3-2026-07-30-trip-suppression-fix
l_773,,inner,arterial,CBD,1.1047689191677408,5.245583467226698,F,49.4389192227232,73.99675673960067,49.91971022613255,75.31222940789276,v3-2026-07-30-trip-suppression-fix
l_1194,,inner,arterial,CBD,1.260107109104274,2.4497773135018823,F,80.43487564907198,49.94006221877742,80.69117831584225,49.69208389607326,v3-2026-07-30-trip-suppression-fix
l_1871,SH16,peripheral,motorway,MWY,0.42352941176470593,2.2847764163103217,F,46.92062178451132,23.314496123849654,49.511344857629844,25.888536433079363,v3-2026-07-30-trip-suppression-fix
l_2593,SH16,peripheral,motorway,MWY,0.07058823529411765,0.07204608788677096,A,63.53878238084864,31.200110701265054,64.02685857431082,31.180652193133124,v3-2026-07-30-trip-suppression-fix
l_414,,peripheral,arterial,West,2.312732879352435,5.596167478172998,F,20.177310226202337,82.63905330380759,20.33101384723842,81.52818713871184,v3-2026-07-30-trip-suppression-fix
l_635,,boundary,arterial,East,4,11.640366517368623,F,86.8804357530255,62.198954227882396,87.05030744901372,61.97959579665861,v3-2026-07-30-trip-suppression-fix
l_989,,peripheral,arterial,West,0.7872982548222018,5.222438650238191,F,55.589488874204086,27.77688257094954,56.53439827646412,28.327071268331206,v3-2026-07-30-trip-suppression-fix
l_1169,,boundary,arterial,West,1.7328519855595668,5.225872853356293,F,49.61938103076388,29.39998423668424,50.00012073382462,28.825444210029534,v3-2026-07-30-trip-suppression-fix
l_187,,inner,arterial,CBD,0.39489272081084636,1.60239511188568,F,76.47510937163709,77.98566841891113,77.12271813832574,77.73047126542916,v3-2026-07-30-trip-suppression-fix
l_171,,inner,arterial,CBD,0.48007681228996646,5.946191304338353,F,95.48349228329441,58.30978429396677,95.53198715975178,58.57915053254723,v3-2026-07-30-trip-suppression-fix
l_563,,peripheral,arterial,West,0.34657039711191334,4.51057534047704,F,60.80631266333057,23.0323980143972,61.28190622607549,22.88851284067149,v3-2026-07-30-trip-suppression-fix
l_800,,peripheral,arterial,West,28.92960462873674,14.362835457732254,F,26.537383242184763,84.41507822347306,27.363925558451466,83.2378907499631,v3-2026-07-30-trip-suppression-fix
l_219,,peripheral,arterial,East,1.8760259516923319,1.7976246152774868,F,78.60074489497762,73.00056057133216,78.691192060888,73.188074916488,v3-2026-07-30-trip-suppression-fix
l_824,,peripheral,arterial,West,1.54182191956829,5.873163107561588,F,20.69081771812107,78.60282193635975,20.747160974250612,78.11532684880811,v3-2026-07-30-trip-suppression-fix
l_2285,,boundary,arterial,East,0.5933544303797469,5.3744870617039915,F,64.57339037924574,70.50256418466411,64.83522069645699,70.55179674303301,v3-2026-07-30-trip-suppression-fix
l_775,,peripheral,arterial,East,0.6467608062951385,3.3479061884457977,F,78.78051296407524,31.05205674766584,79.26963011395762,31.637598349774255,v3-2026-07-30-trip-suppression-fix
l_297,,peripheral,arterial,West,0.2729630135116692,0.38382525026046427,B,7.032410215232541,22.20427560395299,8.013247061251363,22.348633492839774,v3-2026-07-30-trip-suppression-fix
l_459,,peripheral,arterial,East,0.6467608062951385,0.23882316556995625,A,87.02028595681482,49.81818938328988,87.15738012577293,49.00485215917143,v3-2026-07-30-trip-suppression-fix
l_313,,peripheral,arterial,East,1.6634322151372332,3.9504949550335797,F,97.27060470190436,17.655499622232853,99.15211684177766,17.134051952703206,v3-2026-07-30-trip-suppression-fix
l_335,,peripheral,arterial,West,0.9993337774816788,2.8794346823240304,F,16.412330261336795,20.4123017194454,18.153196678252467,21.70491167062366,v3-2026-07-30-trip-suppression-fix
l_1425,,peripheral,arterial,West,2.12803688597269,6.300738658382146,F,29.063093303299656,63.180523259673606,29.301693173350262,61.95999256988419,v3-2026-07-30-trip-suppression-fix
l_636,,boundary,arterial,East,4,11.54954988232774,F,87.05030744901372,61.97959579665861,87.28538463256781,61.759029567199676,v3-2026-07-30-trip-suppression-fix
l_942,,boundary,arterial,West,0.718562874251497,4.987935800903378,F,52.45581542182968,64.23896625102539,52.759614488936556,64.20636422149931,v3-2026-07-30-trip-suppression-fix
l_221,,inner,arterial,CBD,1.3530273988048258,2.88935809189645,F,71.88080660841018,63.530216875278064,72.40769120143241,64.97992663724726,v3-2026-07-30-trip-suppression-fix
l_1152,,peripheral,arterial,West,1.7410228509249184,5.684551661559107,F,56.66875643419824,69.86416767783882,56.68502148924751,69.56657895168362,v3-2026-07-30-trip-suppression-fix
l_145,,boundary,arterial,East,2.155688622754491,3.2479745702314,F,63.49660795418148,65.17115603487052,64.30431240757132,65.34547326977417,v3-2026-07-30-trip-suppression-fix
l_1061,,boundary,arterial,East,1.317426626655932,3.2731507293795548,F,65.43534998947828,58.297777320738305,65.84702091206691,59.39827931212193,v3-2026-07-30-trip-suppression-fix
l_949,,inner,arterial,CBD,0.9512485136741975,9.275114853877959,F,80.52577913799671,72.4514808872032,80.78511428794562,72.36560725696413,v3-2026-07-30-trip-suppression-fix
l_1589,,boundary,arterial,East,7.49375520399667,4.76107080024614,F,78.64845635725169,60.22310997772073,79.06516699450094,60.50573161007969,v3-2026-07-30-trip-suppression-fix
l_1727,,inner,arterial,CBD,2.1228918504540633,5.124491049295347,F,75.59518885069956,50.40786592647034,76.30744747190126,52.47575326682963,v3-2026-07-30-trip-suppression-fix
l_2240,,peripheral,arterial,West,0.4670351054720947,0.21302445681283558,A,51.58802133868618,51.33629838655588,51.84883066470468,51.33151127277691,v3-2026-07-30-trip-suppression-fix
l_117,,peripheral,arterial,West,0.4163486225799736,2.3770529193022822,F,60.32709458729514,15.906228114512503,60.762200527057644,15.925247188892047,v3-2026-07-30-trip-suppression-fix
l_2150,SH1N,peripheral,motorway,MWY,0,0,A,44.04655926448033,75.14211483178401,44.47664374027952,74.92549784782389,v3-2026-07-30-trip-suppression-fix
l_2174,,peripheral,arterial,East,1.9402824188854155,4.904400199928735,F,87.18797964508035,47.13945006673204,87.21874019539901,47.625359058670156,v3-2026-07-30-trip-suppression-fix
l_1271,,peripheral,arterial,West,0.8782844177706213,1.0494528077865357,F,60.005554820942166,47.992536583867455,60.183906457535066,48.2324938814453,v3-2026-07-30-trip-suppression-fix
l_441,,peripheral,arterial,East,2.4929884699283265,8.513453516889328,F,117.30487725860446,61.36303994193312,119.1538986518475,61.409599787911716,v3-2026-07-30-trip-suppression-fix
l_930,,peripheral,arterial,West,0.6732873253661,0.9776995825443744,E,4.656304385650536,68.51598354152654,5.1665294951604706,69.07428324444726,v3-2026-07-30-trip-suppression-fix
l_396,,boundary,arterial,East,1.665047870126266,1.566361553415881,F,90.9308499919602,57.85370365364385,92.08294553938917,56.670197145613685,v3-2026-07-30-trip-suppression-fix
l_1461,,boundary,arterial,East,0.7201152184349496,5.932955016305792,F,95.48349228329441,58.30978429396677,95.48914733627757,57.44482697016596,v3-2026-07-30-trip-suppression-fix
l_92,,peripheral,arterial,West,0.6245229338699604,1.9807344185866824,F,38.127914939335575,4.9624941669907185,39.569548285590436,6.530665093655181,v3-2026-07-30-trip-suppression-fix
l_118,,peripheral,arterial,East,0.8326972451599473,2.659879206239538,F,63.725721108876655,17.49227415964829,64.39010580932049,18.15569880527333,v3-2026-07-30-trip-suppression-fix
l_2045,,peripheral,arterial,West,0.9590792838874681,1.7307927222000479,F,51.231695100153715,59.15345114010011,51.81505949057667,58.95356243891223,v3-2026-07-30-trip-suppression-fix
l_334,,peripheral,arterial,East,1.2828736369467608,11.709215924751081,F,115.90088706272924,35.11920004960792,116.16471022858158,35.276436523052126,v3-2026-07-30-trip-suppression-fix
l_2268,,boundary,arterial,West,0.8900316455696203,5.281596319618292,F,60.385120072702094,69.7688333866943,60.973984625025764,69.86610930404476,v3-2026-07-30-trip-suppression-fix
l_946,,boundary,arterial,West,0.9590792838874681,2.3845336744586367,F,58.832107374041705,56.28419524845777,59.717252360908624,55.94360305475917,v3-2026-07-30-trip-suppression-fix
l_777,,peripheral,arterial,West,0.718562874251497,4.878525585986817,F,54.73753808677626,64.17005208437376,54.99836319691501,64.16526226450581,v3-2026-07-30-trip-suppression-fix
l_390,,peripheral,arterial,East,0.9701412094427078,3.239190419544875,F,80.58236816714985,33.26194376468249,81.78295799544435,34.69917053726858,v3-2026-07-30-trip-suppression-fix
l_598,,peripheral,arterial,West,0.6384110657918071,6.970785094011909,F,35.79494132994891,41.35554576370837,36.07400585958431,41.16126095151418,v3-2026-07-30-trip-suppression-fix
l_2172,,boundary,arterial,West,6,7.554033789630207,F,49.65627609578162,60.48860823595705,50.204807783746894,60.06415870171038,v3-2026-07-30-trip-suppression-fix
l_709,,peripheral,arterial,East,0.8783487044356609,6.186317939643812,F,68.98849085362416,19.9627966904722,70.17819305561731,19.643559722879967,v3-2026-07-30-trip-suppression-fix
l_634,,inner,arterial,CBD,0.4660556159701724,3.7152489114850935,F,89.27113355970832,56.28989760791533,89.69161946448213,56.687503918493874,v3-2026-07-30-trip-suppression-fix
l_155,,peripheral,arterial,East,0.6587615283267457,5.166880646113895,F,80.77570790697433,16.718090226526215,81.35942688770864,16.54513059672494,v3-2026-07-30-trip-suppression-fix
l_1987,,boundary,arterial,East,0.9788726649808304,4.125571332948115,F,90.25782546500915,66.5912814806598,90.35462429295049,66.30890785708459,v3-2026-07-30-trip-suppression-fix
l_78,,inner,arterial,CBD,4.894363324904152,7.088212922454674,F,89.3955632419964,70.01709731542171,89.39873928521041,69.01705521567712,v3-2026-07-30-trip-suppression-fix
l_2138,,peripheral,motorway,MWY,0.13333333333333333,0.22945554650547764,A,57.404808572559816,47.256589734658704,57.584649395813265,47.577600920728216,v3-2026-07-30-trip-suppression-fix
l_795,,inner,arterial,CBD,0.47084673938632976,2.085028664190067,F,56.484763047102184,37.4358875262841,56.988096828092516,37.61582131624459,v3-2026-07-30-trip-suppression-fix
l_914,,peripheral,arterial,West,0.7872982548222018,5.23402035442561,F,59.649679336806614,29.86434648592241,60.696295012661274,30.034275918203534,v3-2026-07-30-trip-suppression-fix
l_218,,peripheral,arterial,West,1.3324450366422385,3.425862096222372,F,35.80756246244468,34.923061707502754,37.76946365038845,36.400662033468386,v3-2026-07-30-trip-suppression-fix
l_2038,,peripheral,arterial,West,7.232401157184185,6.133647809232489,F,26.197476662346165,84.85369005084536,27.363925558451466,83.2378907499631,v3-2026-07-30-trip-suppression-fix
l_338,,peripheral,arterial,East,0.7751437245655965,9.5818355178657,F,112.25637496368564,35.5385411198825,112.40345479646213,35.26553051157771,v3-2026-07-30-trip-suppression-fix
l_1132,,boundary,arterial,West,2.9667721518987347,5.235625603842838,F,56.68502148924751,69.56657895168362,58.181820089244304,69.37691690467969,v3-2026-07-30-trip-suppression-fix
l_439,,peripheral,arterial,East,0.43917435221783047,5.082938097199382,F,82.35402035513721,16.256458635031414,82.6132830183785,16.17058010033916,v3-2026-07-30-trip-suppression-fix
l_482,,boundary,arterial,West,1.5280135823429541,14.513833052518235,F,57.16493430962281,41.31518949805512,57.58532703937749,41.71285811020964,v3-2026-07-30-trip-suppression-fix
l_1755,,boundary,arterial,East,0.7957207904159851,10.07592665998002,F,95.74632100581695,53.737403387899974,96.16832299466648,54.21604884802822,v3-2026-07-30-trip-suppression-fix
l_897,,inner,arterial,CBD,1.0778443113772456,3.2454281779341687,F,60.44267633854319,64.6327617430153,61.62087538525587,64.85432794689004,v3-2026-07-30-trip-suppression-fix
l_2621,SH16,peripheral,motorway,MWY,0.2823529411764706,3.2899172505668113,F,68.30444702151331,30.00224808447742,68.6708940097613,29.83333245658449,v3-2026-07-30-trip-suppression-fix
l_2486,,inner,arterial,CBD,0.7897854416216927,1.6228397344066425,F,82.50457703730733,75.84115997283072,82.88992485657327,75.65094779001757,v3-2026-07-30-trip-suppression-fix
l_1549,SH1N,peripheral,motorway,MWY,0.26666666666666666,2.156686387530136,F,64.02685857431082,31.180652193133124,64.82007502293318,30.850228876456175,v3-2026-07-30-trip-suppression-fix
l_759,,peripheral,arterial,East,0.7751437245655965,5.765552123246215,F,111.75216333083571,27.169636685945253,111.88861187286386,27.49141390484622,v3-2026-07-30-trip-suppression-fix
l_1686,,peripheral,arterial,West,0.4163486225799736,1.3717940124703414,F,51.82497587753683,11.035597422664797,52.28329132929725,11.135286795681793,v3-2026-07-30-trip-suppression-fix
l_131,,peripheral,arterial,West,0.9364026531408505,2.601253858643635,F,36.847573293286096,43.038958409692896,38.20542630021428,43.58168078036334,v3-2026-07-30-trip-suppression-fix
l_845,,peripheral,arterial,East,0.9321112319403448,9.301984848440007,F,67.98722386930352,29.30540746056039,68.30444702151331,30.00224808447742,v3-2026-07-30-trip-suppression-fix
l_389,,inner,arterial,CBD,0.4660556159701724,1.8486033097644539,F,74.17215607017293,39.29921543933476,74.37225085683323,39.53875972036199,v3-2026-07-30-trip-suppression-fix
l_502,,inner,arterial,CBD,1.437125748502994,4.991624381758541,F,50.95607117321234,64.2664848685918,52.45581542182968,64.23896625102539,v3-2026-07-30-trip-suppression-fix
l_1558,,peripheral,arterial,West,1.317426626655932,7.634075815352165,F,59.470430093001035,47.37378724526861,59.58384565892624,47.50492640356332,v3-2026-07-30-trip-suppression-fix
l_382,,inner,arterial,CBD,2.4979184013322233,5.977759036154063,F,83.92693597319536,62.38876064322207,84.8898050292072,62.722286394498205,v3-2026-07-30-trip-suppression-fix
l_600,,peripheral,arterial,West,0.4163486225799736,2.0971135765108255,F,55.709475407824385,13.045268594518097,56.19549972464025,13.468757795687031,v3-2026-07-30-trip-suppression-fix
l_362,,peripheral,arterial,West,0.8512147543890761,6.304259862601025,F,29.301693173350262,61.95999256988419,29.643531754368812,60.44028981709939,v3-2026-07-30-trip-suppression-fix
l_821,,peripheral,arterial,East,0.8929900282780175,7.568344896991031,F,101.07579731435075,53.881642159883825,101.74352698554671,53.54490845556619,v3-2026-07-30-trip-suppression-fix
l_2472,,inner,arterial,CBD,3.7803213273128216,2.3622986607009495,F,59.89578389608564,61.716984700024234,60.98902377665546,61.24441366475997,v3-2026-07-30-trip-suppression-fix
l_5,,peripheral,arterial,West,0.5459260270233384,4.524225589834827,F,38.612466567512,24.27745724437945,39.89566721333704,25.49718718738144,v3-2026-07-30-trip-suppression-fix
l_301,,peripheral,arterial,West,0.9993337774816788,3.410826207608847,F,37.76946365038845,36.400662033468386,38.78302360652124,37.138859200928174,v3-2026-07-30-trip-suppression-fix
l_1827,,peripheral,arterial,East,0.9701412094427078,7.2879813463303345,F,72.96375709370993,22.159673228405143,73.31923648138135,22.763618500378467,v3-2026-07-30-trip-suppression-fix
l_1228,,boundary,arterial,East,0.5923390812162695,3.6798235602228777,F,112.63524396539997,63.96363399899092,114.44030911357665,63.98402954582265,v3-2026-07-30-trip-suppression-fix
l_2607,,boundary,arterial,West,1.260107109104274,2.0029829026475805,F,59.436040302780505,61.921607193387665,59.89578389608564,61.716984700024234,v3-2026-07-30-trip-suppression-fix
l_2,,peripheral,arterial,East,4.79539641943734,4.8297217623082656,F,62.61075366145854,54.863368946849434,63.668765861908625,54.46552494747484,v3-2026-07-30-trip-suppression-fix
l_1817,SH16,peripheral,motorway,MWY,0.35294117647058826,2.1976996291625226,F,40.331190514351384,16.057024717318072,41.72647698632038,17.463874582806305,v3-2026-07-30-trip-suppression-fix
l_330,,peripheral,arterial,East,0.6587615283267457,4.5277962117651445,F,96.75562082743154,12.178642547299837,97.53388054729031,11.947968259590294,v3-2026-07-30-trip-suppression-fix
l_190,,inner,arterial,CBD,1.0778443113772456,3.2320486454775383,F,62.42807853430937,65.00163514493862,63.49660795418148,65.17115603487052,v3-2026-07-30-trip-suppression-fix
l_2155,,inner,motorway,MWY,0.13333333333333333,0.16339396516599666,A,55.472969690872716,35.61668455953831,55.63837242127506,35.15419638640701,v3-2026-07-30-trip-suppression-fix
l_1801,,boundary,arterial,East,1.1867088607594938,6.767396234632337,F,66.86615578697338,71.0278983461379,67.67887400167436,71.47237562974169,v3-2026-07-30-trip-suppression-fix
l_998,,peripheral,arterial,East,2.052217535058716,16.471204612043113,F,65.71386312353862,29.806756660727483,66.38106518465302,29.443118125179492,v3-2026-07-30-trip-suppression-fix
l_560,,peripheral,arterial,West,0.4094445202675038,4.388256134554291,F,30.133771162970287,18.29744512717027,30.57134760327681,18.451613763308206,v3-2026-07-30-trip-suppression-fix
l_269,,peripheral,arterial,West,2.0198619760983,9.861458390381571,F,23.242681989488776,71.88091929891863,23.543043514611877,71.65924041003223,v3-2026-07-30-trip-suppression-fix
l_1078,,boundary,arterial,West,1.1108368304122438,14.572895805379824,F,60.851496141565626,46.70673368750483,60.887990465952456,46.32769233043403,v3-2026-07-30-trip-suppression-fix
l_453,,peripheral,arterial,East,0.7544322897019992,1.745563368692573,F,86.16105288487769,25.780419632823588,86.30464763124547,25.31830684031228,v3-2026-07-30-trip-suppression-fix
l_2685,SH1N,peripheral,motorway,MWY,0.2,1.924557632747213,F,54.52904381431009,51.00214845155103,54.70977198784677,50.84656411511451,v3-2026-07-30-trip-suppression-fix
l_530,,peripheral,arterial,East,1.5088645794039983,2.2234887134254,F,78.74426645536876,30.268956217343014,79.13293886946906,30.126637432378583,v3-2026-07-30-trip-suppression-fix
l_701,,inner,arterial,CBD,0.8705114254624592,3.3313888054551586,F,56.393207797005694,66.70714598946688,56.425885077043226,67.30112557727618,v3-2026-07-30-trip-suppression-fix
l_1746,SH16,peripheral,motorway,MWY,0.2823529411764706,2.8075278353251507,F,84.55624162921892,43.566620758211755,85.19503056774066,44.01424656159616,v3-2026-07-30-trip-suppression-fix
l_424,,inner,arterial,CBD,0.4660556159701724,1.6253838628161317,F,77.05795624886015,42.51612623415185,77.47989218787542,42.99480779658112,v3-2026-07-30-trip-suppression-fix
l_380,,peripheral,arterial,East,1.131648434552999,1.978771647244639,F,80.6244308433964,29.66663004599746,82.2458068459828,29.17718161179631,v3-2026-07-30-trip-suppression-fix
l_1172,,boundary,arterial,East,12,44.76274661217123,F,93.73447562361224,71.82851945246047,94.01955939567458,71.95836419580954,v3-2026-07-30-trip-suppression-fix
l_797,,peripheral,arterial,West,0.47084673938632976,2.1362843842489325,F,55.171355121145496,36.94652013262038,55.47809825859257,37.07601636840812,v3-2026-07-30-trip-suppression-fix
l_2488,,inner,arterial,CBD,1.184678162432539,1.625334697823735,F,86.13030614591256,74.69414848581485,87.4285688494408,74.16157052757397,v3-2026-07-30-trip-suppression-fix
l_616,,peripheral,arterial,East,1.8697413524462447,8.602782330400547,F,120.09103860604743,60.365079213116616,120.10163903852856,58.608139274735734,v3-2026-07-30-trip-suppression-fix
l_281,,peripheral,arterial,West,0.2729630135116692,0.9303204398376921,E,28.5578100243917,17.70460642082063,29.192934738117824,17.963277779906274,v3-2026-07-30-trip-suppression-fix
l_1388,,boundary,arterial,East,1.902497027348395,5.92057390357442,F,77.52242411359285,73.47993121316404,77.83340157369706,73.34168527816092,v3-2026-07-30-trip-suppression-fix
l_2185,SH1S,peripheral,motorway,MWY,0.12631578947368421,0.25308884249902014,A,88.58763038987404,4.276280946767307,89.32106543867857,3.6450025409067117,v3-2026-07-30-trip-suppression-fix
l_1825,,inner,arterial,CBD,1.1867088607594938,6.8041820169479905,F,67.67887400167436,71.47237562974169,67.75056696475887,71.8223982887934,v3-2026-07-30-trip-suppression-fix
l_1267,,boundary,arterial,East,0.7897854416216927,0.18638841590160204,A,84.81747981672191,75.23691522614796,87.4285688494408,74.16157052757397,v3-2026-07-30-trip-suppression-fix
l_1792,,boundary,arterial,East,0.5469711472719815,5.223113250167673,F,110.2298857455269,58.57608831545748,110.57159276244305,58.24540056785427,v3-2026-07-30-trip-suppression-fix
l_567,,peripheral,arterial,East,0.7751437245655965,9.815657854452956,F,104.58686244580402,50.95151444630391,104.8375977296964,50.40631472515976,v3-2026-07-30-trip-suppression-fix
l_108,,peripheral,arterial,West,8.88669464329795,6.717227844917632,F,60.80485960601981,45.35627036157406,60.930097372138135,43.89453909560911,v3-2026-07-30-trip-suppression-fix
l_2455,SH1N,peripheral,motorway,MWY,0.26666666666666666,1.943594584176795,F,32.51270910962398,82.98182240782904,33.058111487828576,81.89081997784211,v3-2026-07-30-trip-suppression-fix
l_2560,,boundary,arterial,East,1.260107109104274,5.310604932513591,F,83.04003216242377,46.21626127244332,83.33328127670732,45.61625007323707,v3-2026-07-30-trip-suppression-fix
l_315,,peripheral,arterial,West,0.9590792838874681,2.0317679886706475,F,58.206780092184864,56.56595492603359,58.52981355934729,56.39785830666861,v3-2026-07-30-trip-suppression-fix
l_692,,peripheral,arterial,West,0.8188890405350076,0.736276214183772,D,14.16267206992958,21.02075980134098,14.18841608295176,20.047349898517552,v3-2026-07-30-trip-suppression-fix
l_140,,boundary,arterial,East,2.187884589087926,6.795799364517753,F,101.60510718434668,58.95281800135987,102.44312015874735,59.58587777845526,v3-2026-07-30-trip-suppression-fix
l_2596,,peripheral,arterial,West,0.23351755273604735,0.2560672549642999,A,53.624561860442874,50.94757204378403,54.3168178838527,51.184848414248954,v3-2026-07-30-trip-suppression-fix
l_71,,peripheral,arterial,West,1.3324450366422385,3.440229834254653,F,33.845689427382226,33.44544363196656,35.80756246244468,34.923061707502754,v3-2026-07-30-trip-suppression-fix
l_1922,,inner,arterial,CBD,2.8140389275384976,4.166025289394707,F,68.14211873833149,41.221235801942,68.32163841459146,41.946773873519945,v3-2026-07-30-trip-suppression-fix
l_620,,peripheral,arterial,West,0.6662225183211192,2.7749880037876564,F,15.509063138464636,19.753075667460394,15.72932362367471,19.911227030447844,v3-2026-07-30-trip-suppression-fix
l_111,,peripheral,arterial,East,0.51985559566787,4.457456127715366,F,63.20600543557695,22.31256086351536,63.552206767970176,22.225105963372908,v3-2026-07-30-trip-suppression-fix
l_716,,peripheral,arterial,East,2.8537455410225925,10.687627406233442,F,75.53466297520778,74.16527256262826,75.85871184117023,74.05118412738653,v3-2026-07-30-trip-suppression-fix
l_320,,boundary,arterial,West,2.2216736608244876,6.126720366825743,F,61.485947554636255,38.66820890128607,61.5204454732506,38.18109805684745,v3-2026-07-30-trip-suppression-fix
l_125,,inner,arterial,CBD,1.4683089974712455,7.343234369554172,F,92.03767611801433,58.91424556394204,92.59159550062452,59.4715317246036,v3-2026-07-30-trip-suppression-fix
l_1771,,peripheral,arterial,East,2.3813067420747136,7.705446292242595,F,98.04341434136168,55.6676950421336,98.62522161572872,55.3866211660318,v3-2026-07-30-trip-suppression-fix
l_969,,boundary,arterial,West,0.9590792838874681,1.9809062358294092,F,57.407573841442634,56.85090827522146,58.206780092184864,56.56595492603359,v3-2026-07-30-trip-suppression-fix
l_43,,boundary,arterial,East,1.5813401858074718,1.652736424509979,F,65.37049502225159,34.75892893840695,65.5765602186425,35.32268875330685,v3-2026-07-30-trip-suppression-fix
l_2416,,peripheral,motorway,MWY,0.4,2.5321975787336335,F,54.84337716773664,36.84443996626127,55.13420368523813,36.10938411357112,v3-2026-07-30-trip-suppression-fix
l_113,,peripheral,arterial,West,1.3324450366422385,3.4635379983404517,F,39.70916501073208,37.85162503008587,40.19570474869588,38.302169088866755,v3-2026-07-30-trip-suppression-fix
l_1171,,peripheral,arterial,East,2,8.895749459798294,F,104.75050162513983,17.759631560391824,104.77878406151197,18.1104530851749,v3-2026-07-30-trip-suppression-fix
l_605,,peripheral,arterial,West,0.4163486225799736,2.2270259985592853,F,57.035679730518716,14.237078372263523,57.47824904838939,14.661363814040484,v3-2026-07-30-trip-suppression-fix
l_706,,boundary,arterial,East,0.48007681228996646,5.992513290909073,F,95.62030721267492,59.82073639361597,95.62734219700089,60.19897868217845,v3-2026-07-30-trip-suppression-fix
l_2440,,peripheral,motorway,MWY,0.26666666666666666,2.1303778428102413,F,49.79450913135496,59.94446400638409,50.045302908123446,58.957232655495595,v3-2026-07-30-trip-suppression-fix
l_96,,peripheral,arterial,West,1.68321831341525,9.995700677641121,F,26.2650441370088,69.50161069839838,28.130890312861954,68.08926229466695,v3-2026-07-30-trip-suppression-fix
l_257,,peripheral,arterial,West,0.4163486225799736,1.9064676067209114,F,39.569548285590436,6.530665093655181,40.054532155523674,6.900156083874466,v3-2026-07-30-trip-suppression-fix
l_544,,peripheral,arterial,West,0.4094445202675038,4.625627336767511,F,43.12596193946024,28.573098333344394,43.67867613875167,29.07647440180393,v3-2026-07-30-trip-suppression-fix
l_478,,peripheral,arterial,West,0.4094445202675038,4.685553249074839,F,44.143969963197385,29.554424425276366,44.67545346620091,30.0852133826215,v3-2026-07-30-trip-suppression-fix
l_1105,,peripheral,arterial,East,1.3175230566534915,5.014516471537507,F,65.28320945797132,21.78782265927026,65.5419863242516,21.674948605585637,v3-2026-07-30-trip-suppression-fix
l_412,,peripheral,arterial,West,0.4670351054720947,0.8559938216974998,E,46.53102693386683,52.99656676705129,47.13611166467332,52.7962923874362,v3-2026-07-30-trip-suppression-fix
l_1795,,boundary,arterial,East,0.5469711472719815,5.1895745870200765,F,111.9019693746437,58.46384737328874,111.9302646176877,58.8146676413356,v3-2026-07-30-trip-suppression-fix
l_369,,inner,arterial,CBD,1.1047689191677408,4.853080540504102,F,50.86106171817643,78.02462195985804,51.09034813211472,78.66904767131466,v3-2026-07-30-trip-suppression-fix
l_2313,,inner,arterial,CBD,7.446478436239528,4.8023311355825395,F,71.9765944393281,75.77143528366535,72.57823768025631,77.20970538197737,v3-2026-07-30-trip-suppression-fix
l_2532,,boundary,arterial,East,0.7897854416216927,3.667134894898889,F,114.44030911357665,63.98402954582265,115.22481130650839,64.07750355878663,v3-2026-07-30-trip-suppression-fix
l_263,,peripheral,arterial,East,2,1.5824702317466885,F,102.26866583295596,9.400494792507832,102.55007734153769,10.503356300710722,v3-2026-07-30-trip-suppression-fix
l_1272,,peripheral,arterial,West,1.317426626655932,7.230506518866101,F,60.005554820942166,47.992536583867455,60.3128151638892,48.1490434873391,v3-2026-07-30-trip-suppression-fix
l_2206,SH1N,boundary,motorway,MWY,0.3333333333333333,1.6432904671145798,F,49.36474344224883,67.59288241770346,49.39420746996334,65.64644759848852,v3-2026-07-30-trip-suppression-fix
l_231,,peripheral,arterial,West,0.4094445202675038,4.411745078778218,F,31.49095255807371,18.81318911534808,32.45451668578015,19.200983829058003,v3-2026-07-30-trip-suppression-fix
l_356,,peripheral,arterial,East,8.422234699606962,4.857564698215923,F,65.19974202741982,52.5995377645506,65.84798720220324,53.560550321934564,v3-2026-07-30-trip-suppression-fix
l_1798,,peripheral,arterial,West,6.931407942238267,7.587447413380837,F,51.59755880312841,25.85024856752464,53.1215946168522,24.79526131589832,v3-2026-07-30-trip-suppression-fix
l_2358,,boundary,arterial,East,1.5813401858074718,1.1304557104409514,F,65.77564147931554,35.76447704707274,66.20121844227644,36.720998864018114,v3-2026-07-30-trip-suppression-fix
l_316,,inner,arterial,CBD,0.7405578869414959,6.165408104354431,F,61.05782322301702,42.56789391289932,61.114056564192886,42.08038342879247,v3-2026-07-30-trip-suppression-fix
l_345,,peripheral,arterial,West,1.0756543564001435,10.004422257629026,F,31.432065402365108,13.21982340178153,31.868615064405507,12.130798071536567,v3-2026-07-30-trip-suppression-fix
l_1753,,peripheral,arterial,East,0.6467608062951385,2.8723220064094317,F,84.72395627478791,40.887883293181325,84.74751293230132,42.15769708901985,v3-2026-07-30-trip-suppression-fix
l_2678,SH1N,boundary,motorway,MWY,0.4,1.9184246301508259,F,52.461123624879754,53.88777790301099,54.3168178838527,51.184848414248954,v3-2026-07-30-trip-suppression-fix
l_756,,peripheral,arterial,West,0.4094445202675038,4.660543742902525,F,46.22397489122295,31.543282954395114,46.578138382687364,31.888133285511604,v3-2026-07-30-trip-suppression-fix
l_677,,peripheral,arterial,East,0.15453164035336234,0.44345740953717655,C,134.76395624930927,61.33372528134379,135,61.16713814510359,v3-2026-07-30-trip-suppression-fix
l_837,,boundary,arterial,West,0.9416934787726595,8.323749666131839,F,48.260058538961395,33.50590159417702,48.72437953409372,33.92980737647068,v3-2026-07-30-trip-suppression-fix
l_256,,peripheral,arterial,West,1.446480231436837,15.625792940611841,F,24.944404743697714,75.76871391045684,25.103465392982685,76.14418209199061,v3-2026-07-30-trip-suppression-fix
l_1268,,boundary,arterial,East,7.446478436239528,5.2709750741673265,F,71.4152041612677,74.80883656913852,71.9765944393281,75.77143528366535,v3-2026-07-30-trip-suppression-fix
l_1993,,inner,arterial,CBD,0.658713313327966,2.686675150071374,F,69.4820407369622,69.03379323205994,69.9619536507304,70.29518922611199,v3-2026-07-30-trip-suppression-fix
l_2537,SH1N,boundary,motorway,MWY,0.3333333333333333,1.8533645956657787,F,48.518423693547746,71.58405479685005,49.268580488300465,69.45946102201226,v3-2026-07-30-trip-suppression-fix
l_462,,peripheral,arterial,West,2.2095378383354816,3.280049543492931,F,47.66855459712167,69.94823975047932,48.32123071800632,71.1524598947514,v3-2026-07-30-trip-suppression-fix
l_827,,peripheral,arterial,West,0.9079445145018916,9.015780916080937,F,30.711516231192693,66.52872323261263,31.34086020845276,66.46318605069304,v3-2026-07-30-trip-suppression-fix
l_2068,,inner,arterial,CBD,0.9380129758461659,3.7911604690106846,F,78.0885341738367,71.17222198928589,78.18298137855709,71.57587458350308,v3-2026-07-30-trip-suppression-fix
l_1895,,peripheral,arterial,East,5.584858827179646,4.569964365707055,F,72.79557261648976,77.72925969396898,73.09627738553586,78.33242799896371,v3-2026-07-30-trip-suppression-fix
l_1668,,boundary,arterial,East,1.260107109104274,0.6396342253067653,D,78.03295957510909,52.903326630060036,78.65124687623067,52.24326399052595,v3-2026-07-30-trip-suppression-fix
l_35,,peripheral,arterial,West,0.2729630135116692,4.442199342602945,F,36.57656347597873,22.314748875087535,36.9968786670178,22.712457060927342,v3-2026-07-30-trip-suppression-fix
l_361,,inner,arterial,CBD,0.8204567209079722,6.0708638824066155,F,107.99666478625203,60.07712804819163,108.46929287016145,59.77103292301137,v3-2026-07-30-trip-suppression-fix
l_808,,peripheral,arterial,East,0.9701412094427078,7.3516271968337925,F,72.51738312095013,20.357134741317427,72.63653273477681,20.922492786809368,v3-2026-07-30-trip-suppression-fix
l_1793,,peripheral,arterial,East,0.8204567209079722,5.198276768374045,F,111.65884730143536,58.25216504933287,111.9019693746437,58.46384737328874,v3-2026-07-30-trip-suppression-fix
l_2287,SH1S,boundary,motorway,MWY,0.06315789473684211,0.09929352441578179,A,56.01580535552358,32.03922279882344,57.85573411285551,32.54686605699819,v3-2026-07-30-trip-suppression-fix
l_2597,,inner,arterial,CBD,0.5923390812162695,4.0189600671967876,F,104.14149649928248,66.71636251607733,105.39462072232304,66.28764968796823,v3-2026-07-30-trip-suppression-fix
l_216,,inner,arterial,CBD,0.718562874251497,1.688934218112063,F,75.5585735574088,61.354277245852195,76.33554109683999,61.042638078226716,v3-2026-07-30-trip-suppression-fix
l_1493,,peripheral,arterial,West,0.23351755273604735,0.7776381887658246,D,48.45445229467726,52.366728414543815,48.71377297810913,52.28089430355936,v3-2026-07-30-trip-suppression-fix
l_1730,,peripheral,arterial,West,1.54182191956829,5.373788218342751,F,19.89606651006187,85.10354362914642,19.947982144973768,84.3728949178436,v3-2026-07-30-trip-suppression-fix
l_1683,,peripheral,arterial,East,4.935225169648365,5.189571792285761,F,103.92326940394825,17.506958587856996,104.31538306862423,17.740704362018587,v3-2026-07-30-trip-suppression-fix
l_2085,SH16,peripheral,motorway,MWY,0.2823529411764706,2.709926903231281,F,87.16541261073924,45.92367104709976,87.67331088998445,46.346687792152274,v3-2026-07-30-trip-suppression-fix
l_792,,peripheral,arterial,East,1.3681450233724775,16.487271838262057,F,66.38106518465302,29.443118125179492,66.74751254471882,29.274205902650944,v3-2026-07-30-trip-suppression-fix
l_686,,inner,arterial,CBD,0.6990834239552587,3.7175895666887597,F,86.8129537423639,53.876017915405704,87.58820297558253,54.64542969440714,v3-2026-07-30-trip-suppression-fix
l_932,,boundary,arterial,West,1.03971119133574,5.1275562232819025,F,48.31868560840039,31.964323441884268,48.48658325403197,31.63692760098967,v3-2026-07-30-trip-suppression-fix
l_1786,,peripheral,arterial,West,0.42560737719453806,0.20495209175660625,A,28.828449705395226,63.42803872377259,29.063093303299656,63.180523259673606,v3-2026-07-30-trip-suppression-fix
l_457,,peripheral,arterial,West,0.47763095048559145,0.8533024848888674,E,3.5933442076091624,48.29274966595289,4.01069811661876,48.52842067021391,v3-2026-07-30-trip-suppression-fix
l_1637,,peripheral,motorway,MWY,0.26666666666666666,1.6779499418878214,F,80.3784383385374,14.049804955866923,80.94211381015269,12.79615210939323,v3-2026-07-30-trip-suppression-fix
l_494,,peripheral,arterial,West,0.6732873253661,1.0506959346567009,F,6.229478036781848,70.136056771095,6.518425233524618,70.48215665190318,v3-2026-07-30-trip-suppression-fix
l_962,,inner,arterial,CBD,1.260107109104274,0.9420731408721904,E,56.06474431481618,63.03759484662711,56.694073547401054,62.971980289645025,v3-2026-07-30-trip-suppression-fix
l_1956,,inner,arterial,CBD,0.43914220888531064,2.6887487633646834,F,70.12209217912265,70.72466007959736,70.25949686328485,71.1004970760738,v3-2026-07-30-trip-suppression-fix
l_892,,peripheral,arterial,West,0.7365126127784938,3.311218382990296,F,46.20561754174378,67.24539225542652,46.520830725619874,67.83419521457432,v3-2026-07-30-trip-suppression-fix
l_159,,peripheral,arterial,East,1,9.24447656323776,F,103.75158598639847,14.318798401960558,103.82181585288141,14.587758999822961,v3-2026-07-30-trip-suppression-fix
l_421,,inner,arterial,CBD,0.832523935063133,1.565988601435281,F,92.61275717842703,55.930652377295964,92.94960485219059,54.167673759808544,v3-2026-07-30-trip-suppression-fix
l_871,,peripheral,arterial,West,0.9079445145018916,9.012269641463199,F,31.34086020845276,66.46318605069304,31.66639987561787,66.43021838241287,v3-2026-07-30-trip-suppression-fix
l_1208,SH16,peripheral,motorway,MWY,0.5647058823529412,3.2857362541168746,F,73.73092243212142,29.55078306457039,76.86036877778082,31.84428993706855,v3-2026-07-30-trip-suppression-fix
l_945,,inner,arterial,CBD,0.51985559566787,5.183720127250467,F,48.48658325403197,31.63692760098967,48.613002687591845,31.418397879223342,v3-2026-07-30-trip-suppression-fix
l_828,,inner,arterial,CBD,0.48007681228996646,5.85963733282507,F,95.55698359193237,61.09216345475117,95.59140926814194,60.605045122035285,v3-2026-07-30-trip-suppression-fix
l_864,,inner,arterial,CBD,4,11.721536686761917,F,86.38854363352799,62.640487868716285,86.8804357530255,62.198954227882396,v3-2026-07-30-trip-suppression-fix
l_1877,,boundary,arterial,West,2.0622986036519872,2.3006586537686298,F,62.04091213904489,59.333213682293284,62.56522719797414,60.64785993785288,v3-2026-07-30-trip-suppression-fix
l_642,,peripheral,arterial,East,0.6467608062951385,2.877661949955322,F,84.56480800990667,40.512457308664516,84.72395627478791,40.887883293181325,v3-2026-07-30-trip-suppression-fix
l_1834,,peripheral,motorway,MWY,0.26666666666666666,2.9176315114554954,F,84.08931759086086,43.007705641182994,84.55624162921892,43.566620758211755,v3-2026-07-30-trip-suppression-fix
l_1860,,boundary,arterial,East,5.584858827179646,5.57146070842457,F,71.58622123568017,75.10207430842227,71.9765944393281,75.77143528366535,v3-2026-07-30-trip-suppression-fix
l_2252,SH16,peripheral,motorway,MWY,0.07058823529411765,0.07964045895139532,A,77.26155269766701,32.37740772031611,77.55545157062653,32.855574573707166,v3-2026-07-30-trip-suppression-fix
l_838,,peripheral,arterial,West,0.6732873253661,1.6363848264203769,F,16.56321227752726,72.84025424133975,16.8462750820757,72.86213469997472,v3-2026-07-30-trip-suppression-fix
l_491,,peripheral,arterial,West,0.4094445202675038,0.5292535955191598,C,10.677786995109543,21.840813566101534,12.106611667987261,21.517570915137576,v3-2026-07-30-trip-suppression-fix
l_988,,boundary,arterial,East,1.260107109104274,2.687036190864758,F,81.05114349628595,49.17192259123796,81.45257167434652,48.542887427232586,v3-2026-07-30-trip-suppression-fix
l_672,,peripheral,arterial,East,1.1089548100914888,4.654018913179977,F,93.44236204648575,18.699552901642477,93.72385727497958,18.640274484382697,v3-2026-07-30-trip-suppression-fix
l_2320,,peripheral,motorway,MWY,0.13333333333333333,0.3219651864010294,B,20.64860256927363,91.79232186953674,20.805202855204747,92.032707531006,v3-2026-07-30-trip-suppression-fix
l_283,,peripheral,arterial,West,0.4670351054720947,0.6843930114845962,D,48.71377297810913,52.28089430355936,50.35464268102764,51.6562188762923,v3-2026-07-30-trip-suppression-fix
l_90,,peripheral,arterial,West,0.9993337774816788,3.0073153749191213,F,20.09311420521459,23.183067412831576,22.07602875395507,24.633396869178227,v3-2026-07-30-trip-suppression-fix
l_562,,peripheral,arterial,West,0.4094445202675038,4.566284401477479,F,42.57225880891554,28.015686351077534,43.12596193946024,28.573098333344394,v3-2026-07-30-trip-suppression-fix
l_1438,,peripheral,arterial,East,1.03971119133574,4.47882828992127,F,64.63327380845004,21.907902492300373,65.28320945797132,21.78782265927026,v3-2026-07-30-trip-suppression-fix
l_1212,,inner,arterial,CBD,1.184678162432539,4.332676366064598,F,94.01955939567458,71.95836419580954,95.00536727110902,71.18332959199535,v3-2026-07-30-trip-suppression-fix
l_1141,,peripheral,arterial,West,4,7.236016737478169,F,50.71651428987713,59.51424531615079,51.231695100153715,59.15345114010011,v3-2026-07-30-trip-suppression-fix
l_248,,peripheral,arterial,East,2.32543117369679,5.713097641680513,F,111.16442414012288,25.964389511923958,111.54850085396642,26.741005480237508,v3-2026-07-30-trip-suppression-fix
l_793,,peripheral,arterial,West,0.7365126127784938,3.615525126378886,F,45.237260838842545,65.42534446586146,45.418087921472434,65.80040013292222,v3-2026-07-30-trip-suppression-fix
l_2128,SH16,peripheral,motorway,MWY,0.42352941176470593,0.9821956494033638,E,16.634116357492584,9.922105711149262,22.271976491346617,9.170827394449766,v3-2026-07-30-trip-suppression-fix
l_1090,,inner,arterial,CBD,1.4811157738829919,14.583106570926113,F,60.774522595022184,47.24867825432507,60.851496141565626,46.70673368750483,v3-2026-07-30-trip-suppression-fix
l_972,,peripheral,arterial,East,1,1.387826333896513,F,102.23988409544138,9.022655521785314,102.26866583295596,9.400494792507832,v3-2026-07-30-trip-suppression-fix
l_588,,peripheral,arterial,West,0.6384110657918071,7.264925242984612,F,40.56070078706607,38.05225262882678,40.92520043647218,37.77531825608538,v3-2026-07-30-trip-suppression-fix
l_829,,peripheral,arterial,East,2.4929884699283265,8.640487051538416,F,120.13699641765682,55.850744881256276,120.53325260381972,53.789304780519,v3-2026-07-30-trip-suppression-fix
l_2245,,boundary,arterial,West,0.8900316455696203,5.169015611222379,F,58.94506781249516,69.49801981198192,59.6653422868612,69.64693644363454,v3-2026-07-30-trip-suppression-fix
l_2382,,boundary,arterial,East,0.8900316455696203,6.6742465582657875,F,75.14637704604353,74.37686654868502,75.53466297520778,74.16527256262826,v3-2026-07-30-trip-suppression-fix
l_1733,,inner,arterial,CBD,0.5155746509129968,3.619469870940289,F,65.26556100225024,67.9493378093099,65.37972383761091,68.24452625850793,v3-2026-07-30-trip-suppression-fix
l_1568,,peripheral,arterial,East,2,12.933585189912082,F,79.55429144422294,16.497444047093744,79.80053627693036,15.709118076540907,v3-2026-07-30-trip-suppression-fix
l_811,,inner,arterial,CBD,1.1108368304122438,6.174381835703239,F,61.17028956170788,41.59287290640271,61.263014156469026,40.72632073934408,v3-2026-07-30-trip-suppression-fix
l_275,,peripheral,arterial,West,2.4211853720050445,8.908549358768424,F,29.673640407118377,66.84494709908721,30.45118311183978,66.56049963894581,v3-2026-07-30-trip-suppression-fix
l_1872,SH16,peripheral,motorway,MWY,0.21176470588235297,2.275344607945417,F,49.511344857629844,25.888536433079363,49.68867320585987,26.07446749641536,v3-2026-07-30-trip-suppression-fix
l_832,,peripheral,arterial,West,0.2729630135116692,4.432768802410002,F,33.37412857840073,19.562551042555498,34.12039286685029,19.954308666811688,v3-2026-07-30-trip-suppression-fix
l_551,,peripheral,arterial,West,0.2729630135116692,0.8620277962396695,E,26.45440358769502,16.797061905222392,26.958152628980134,17.004083438764674,v3-2026-07-30-trip-suppression-fix
l_742,,peripheral,arterial,East,0.6587615283267457,5.210000778166214,F,77.14149020026282,17.67717073729872,77.59583164338271,17.56066638097576,v3-2026-07-30-trip-suppression-fix
l_628,,peripheral,arterial,West,2.892960462873674,15.096395313392494,F,26.037583622950738,78.47843636966675,26.76621972872008,80.27590936570861,v3-2026-07-30-trip-suppression-fix
l_94,,peripheral,arterial,West,0.7906700929037359,2.2373053514355603,F,60.81895765673793,24.896991468599357,61.644942170756366,26.070954320036822,v3-2026-07-30-trip-suppression-fix
l_208,,inner,arterial,CBD,0.47084673938632976,2.0545965088103233,F,57.578859904655694,37.82117309781113,58.14789152607042,38.02692282139855,v3-2026-07-30-trip-suppression-fix
l_1278,,peripheral,arterial,West,5.183905208590471,14.575141277696748,F,60.80485960601981,45.35627036157406,60.924484608854556,45.94865095390427,v3-2026-07-30-trip-suppression-fix
l_893,,peripheral,arterial,East,1.6634322151372332,4.753684364481204,F,88.42591102021917,20.143935595076872,90.45857619154758,19.56571370973003,v3-2026-07-30-trip-suppression-fix
l_1443,,peripheral,arterial,West,4,2.615351552606255,F,47.765118335675915,72.83828332406051,47.93007718697632,72.34878665922488,v3-2026-07-30-trip-suppression-fix
l_887,,inner,arterial,CBD,4,11.448698437826279,F,87.90317081015102,61.07192236987932,88.13824604143318,60.851355100114134,v3-2026-07-30-trip-suppression-fix
l_2604,,peripheral,arterial,West,2,3.2034549085669743,F,57.92558486350771,48.382125914992905,58.06295510020387,48.75797027711882,v3-2026-07-30-trip-suppression-fix
l_496,,peripheral,arterial,West,0.6732873253661,1.5351650171446587,F,14.297729047333547,72.61116249408158,15.3217889430515,72.72768638765986,v3-2026-07-30-trip-suppression-fix
l_1029,,inner,arterial,CBD,1.415261233636042,5.222998780668821,F,76.47558903030958,53.337496176667955,76.64823232438683,54.4423944689352,v3-2026-07-30-trip-suppression-fix
l_1641,,peripheral,arterial,East,4.935225169648365,4.911645007365389,F,103.69986891686158,17.373785672682526,103.92326940394825,17.506958587856996,v3-2026-07-30-trip-suppression-fix
l_807,,peripheral,arterial,East,1,9.224908702238764,F,102.94165319043678,11.68524784634116,103.16852643092771,12.194534604577695,v3-2026-07-30-trip-suppression-fix
l_149,,peripheral,arterial,East,1,0.38074041566739053,B,64.39010580932049,18.15569880527333,64.53823039270927,17.93675809277535,v3-2026-07-30-trip-suppression-fix
l_1835,,peripheral,motorway,MWY,0.26666666666666666,0.22899200609458228,A,57.00066621402222,46.561331295919516,57.404808572559816,47.256589734658704,v3-2026-07-30-trip-suppression-fix
l_2629,SH1N,peripheral,motorway,MWY,0.26666666666666666,2.003991106557576,F,49.19699130200595,64.37982714894805,49.25662904563713,62.8922861108631,v3-2026-07-30-trip-suppression-fix
l_739,,boundary,arterial,East,0.39489272081084636,1.6187020486221928,F,88.09839164167468,73.93295303960706,88.94110232390135,73.64707740138871,v3-2026-07-30-trip-suppression-fix
l_2360,,boundary,arterial,West,0.5155746509129968,2.2779075862072347,F,62.932419541628214,61.69513263818928,63.0238444745693,61.936687788587605,v3-2026-07-30-trip-suppression-fix
l_943,,peripheral,arterial,West,0.42560737719453806,6.279512610760417,F,32.41904627356739,49.33591086365503,32.605257529280145,48.819012167605855,v3-2026-07-30-trip-suppression-fix
l_1822,,boundary,arterial,East,0,0,A,67.44177040921444,71.58484956953085,67.75056696475887,71.8223982887934,v3-2026-07-30-trip-suppression-fix
l_141,,inner,arterial,CBD,1.415261233636042,6.779589273154334,F,66.63071109769622,52.38399397535276,66.70966745550835,51.95011603128202,v3-2026-07-30-trip-suppression-fix
l_475,,peripheral,arterial,East,0.463594921060087,0.4389595361256354,C,127.95733350439917,63.59635308837599,133.130838192187,62.3643331192384,v3-2026-07-30-trip-suppression-fix
l_153,,peripheral,arterial,West,0.2729630135116692,4.541637940898797,F,41.88717799682188,27.406626014369678,42.57225880891554,28.015686351077534,v3-2026-07-30-trip-suppression-fix
l_985,,peripheral,arterial,West,2.037351443123939,14.658116069743825,F,57.76267550723545,41.89878278073104,58.42761061428287,42.58924470487888,v3-2026-07-30-trip-suppression-fix
l_737,,inner,arterial,CBD,0.8204567209079722,6.480365626496014,F,103.40953531118548,60.108439614280215,103.91347280868749,60.3152799633728,v3-2026-07-30-trip-suppression-fix
l_86,,inner,arterial,CBD,0.9321112319403448,1.601667666484832,F,77.47989218787542,42.99480779658112,80.05201178107251,45.703972737526854,v3-2026-07-30-trip-suppression-fix
l_438,,peripheral,arterial,East,1.5088645794039983,3.1183294473982444,F,87.19894577134318,19.626142623559943,87.41007622561573,20.460056285102223,v3-2026-07-30-trip-suppression-fix
l_767,,boundary,arterial,East,3.7520519033846638,6.93824755366606,F,66.5307284376244,37.54830611452319,66.73779684919414,38.16609945018584,v3-2026-07-30-trip-suppression-fix
l_342,,peripheral,arterial,West,0.9416934787726595,2.109797597591278,F,54.84337716773664,36.84443996626127,55.171355121145496,36.94652013262038,v3-2026-07-30-trip-suppression-fix
l_9,,peripheral,arterial,West,1.5132408575031526,9.115245712818368,F,39.07219675464859,63.59229142641285,41.33762332584963,63.821111010822186,v3-2026-07-30-trip-suppression-fix
l_277,,peripheral,arterial,West,1.2768221315836141,6.841433084003895,F,34.91972039992311,42.2363815577569,35.36572445464771,41.66067944916726,v3-2026-07-30-trip-suppression-fix
l_764,,inner,arterial,CBD,0.630053554552137,1.894004847529954,F,58.61557679123506,62.23398134375334,59.154975830174145,62.007853992161465,v3-2026-07-30-trip-suppression-fix
l_2291,SH1N,boundary,motorway,MWY,0.2,2.1770205965692324,F,54.70977198784677,50.84656411511451,55.196227636265796,50.10791671258873,v3-2026-07-30-trip-suppression-fix
l_707,,peripheral,arterial,West,0.2729630135116692,0.7928189657013625,D,18.59505976300408,13.751167999895477,20.12700620431193,14.317854676588565,v3-2026-07-30-trip-suppression-fix
l_2461,,peripheral,motorway,MWY,0.2,1.7267689927203222,F,79.80053627693036,15.709118076540907,79.90368016202991,15.40991759887411,v3-2026-07-30-trip-suppression-fix
l_1025,,inner,arterial,CBD,2.877237851662404,1.8037604747931917,F,54.601457003357595,57.956488700539424,56.177153289115644,57.332965838616346,v3-2026-07-30-trip-suppression-fix
l_1766,SH1S,peripheral,motorway,MWY,0.1894736842105263,0.9170940729664732,E,85.51529158202642,7.387236144932141,86.39065294600516,6.533190951974246,v3-2026-07-30-trip-suppression-fix
l_1665,,boundary,arterial,East,0.5923390812162695,1.6772346047032423,F,79.30564125700317,77.01448369671138,80.05942625532296,76.62218255060786,v3-2026-07-30-trip-suppression-fix
l_399,,boundary,arterial,East,10,12.829148402582158,F,88.82022876021257,60.109002418329815,90.31308370006009,58.540820628572924,v3-2026-07-30-trip-suppression-fix
l_1265,,boundary,arterial,West,16.29227351271291,14.78741044827149,F,60.3128151638892,48.1490434873391,60.774522595022184,47.24867825432507,v3-2026-07-30-trip-suppression-fix
l_657,,peripheral,arterial,East,1.2808197246237591,1.2288615241504737,F,85.14371865496503,11.961624011839437,85.58868628691421,13.683087211401649,v3-2026-07-30-trip-suppression-fix
l_2329,,peripheral,arterial,West,0.4670351054720947,0.27103788157230513,B,53.25856253837734,51.1434765442078,54.3168178838527,51.184848414248954,v3-2026-07-30-trip-suppression-fix
l_520,,peripheral,arterial,East,0.6467608062951385,3.353629482099166,F,78.58042036377357,30.812516689642433,78.78051296407524,31.05205674766584,v3-2026-07-30-trip-suppression-fix
l_67,,peripheral,arterial,East,1.162715586848395,5.610437406868376,F,112.90643392091758,29.607549191535874,113.17528008776863,31.197116002251,v3-2026-07-30-trip-suppression-fix
l_134,,inner,arterial,CBD,1.4070194637692488,3.292868166699751,F,77.3632048413974,68.40189168926318,77.78445854772983,70.0157000072251,v3-2026-07-30-trip-suppression-fix
l_1914,,inner,arterial,CBD,0.39489272081084636,1.9739540813135157,F,92.63746775162757,72.4704767357421,92.84472003305395,72.22210237377735,v3-2026-07-30-trip-suppression-fix
l_1490,,peripheral,arterial,East,0.7957207904159851,10.188292325268717,F,93.38872481780083,50.88930525441124,93.65606475862629,51.2356914705003,v3-2026-07-30-trip-suppression-fix
l_2124,,inner,arterial,CBD,0.47084673938632976,5.631481562254458,F,68.44120752595799,37.40498733491289,68.85113321180147,37.235270555268315,v3-2026-07-30-trip-suppression-fix
l_1732,,peripheral,arterial,West,1.0311493018259936,2.27905261731206,F,62.56522719797414,60.64785993785288,62.81776498788476,61.37292571624356,v3-2026-07-30-trip-suppression-fix
l_2346,SH16,peripheral,motorway,MWY,0.2823529411764706,2.7110630569311485,F,88.88572095283965,47.24312752398298,89.91925227233742,47.87261040785828,v3-2026-07-30-trip-suppression-fix
l_354,,boundary,arterial,East,1.293521612590277,4.850763821246188,F,86.93016873018497,50.81984247240323,86.98484093866688,50.25127140086294,v3-2026-07-30-trip-suppression-fix
l_1886,SH1N,peripheral,motorway,MWY,0.2,1.8222631194729841,F,24.975534360902035,90.57846158438335,25.292236175241566,90.0591968779582,v3-2026-07-30-trip-suppression-fix
l_333,,inner,arterial,CBD,1.415261233636042,5.904508569423317,F,73.54693843134346,48.98625010753081,74.22918563108018,49.43310691861998,v3-2026-07-30-trip-suppression-fix
l_1318,,boundary,arterial,East,0.658713313327966,2.626756211442412,F,68.68236408484094,66.9404700714408,69.29917065222463,68.55068808734492,v3-2026-07-30-trip-suppression-fix
l_697,,peripheral,arterial,West,1.3465746507322,9.966590874803687,F,28.130890312861954,68.08926229466695,28.666384370596415,67.64707834467366,v3-2026-07-30-trip-suppression-fix
l_234,,inner,arterial,CBD,0.4660556159701724,1.7709858634502857,F,75.32726555570973,40.62921196747983,75.63802827473823,40.974817400909345,v3-2026-07-30-trip-suppression-fix
l_174,,peripheral,arterial,West,2.520214218208548,0.8493173235019598,E,62.56522719797414,60.64785993785288,63.17032167099063,60.447539196208346,v3-2026-07-30-trip-suppression-fix
l_1142,,inner,arterial,CBD,1.317426626655932,2.841169971911896,F,67.69934011712195,64.33702041749164,68.04283296939884,65.27661641542423,v3-2026-07-30-trip-suppression-fix
l_1383,,peripheral,arterial,West,0.4163486225799736,0.6750111498748967,D,54.22918699067504,11.748176452690043,54.407503476894796,11.988138001938534,v3-2026-07-30-trip-suppression-fix
l_984,,inner,arterial,CBD,1.4268727705112962,8.859383055590763,F,80.78511428794562,72.36560725696413,81.5413821854528,72.10838629623474,v3-2026-07-30-trip-suppression-fix
l_587,,peripheral,arterial,East,0.6467608062951385,3.0315723947054027,F,82.54089711622093,35.71215703421988,82.74300274340413,36.059762791077446,v3-2026-07-30-trip-suppression-fix
l_360,,peripheral,arterial,West,0.42560737719453806,6.290044872715456,F,29.643531754368812,60.44028981709939,29.74430385045938,60.006032223592356,v3-2026-07-30-trip-suppression-fix
l_752,,boundary,arterial,West,0.8705114254624592,5.4426365380061235,F,57.29010222009102,72.90673010474494,57.45071310501181,73.36322707340747,v3-2026-07-30-trip-suppression-fix
l_2144,,boundary,arterial,East,0.3090632807067247,0.8565211044306754,E,117.83308662414882,64.0288311646477,118.5761417371321,64.23117343997042,v3-2026-07-30-trip-suppression-fix
l_913,,inner,arterial,CBD,1.8901606636564108,5.285516021797298,F,82.0243621759627,47.72151396091775,82.61537724786608,46.76465010547394,v3-2026-07-30-trip-suppression-fix
l_954,,peripheral,arterial,West,0.6384110657918071,6.260985414379823,F,30.431418608881398,57.15574394736645,30.61418472273863,56.4497273285268,v3-2026-07-30-trip-suppression-fix
l_2326,,peripheral,arterial,East,1.293521612590277,4.894542483434222,F,87.18797964508035,47.13945006673204,87.38651955673964,46.86865892342196,v3-2026-07-30-trip-suppression-fix
l_58,,peripheral,arterial,West,0.5459260270233384,0.9277030621583581,E,29.192934738117824,17.963277779906274,29.520868804521943,18.065397171571686,v3-2026-07-30-trip-suppression-fix
l_2210,,peripheral,arterial,East,0.9321112319403448,6.908320098276744,F,66.03076556977601,23.422664512182614,66.31199565899901,24.525568450433795,v3-2026-07-30-trip-suppression-fix
l_176,,peripheral,arterial,West,0.6245229338699604,2.266647654961074,F,35.78496267608044,1.6540867439188676,36.31982331112578,2.374015974173621,v3-2026-07-30-trip-suppression-fix
l_728,,peripheral,arterial,West,0.6732873253661,1.6611887867578004,F,20.06963750384834,73.15485135126279,20.832376903800007,73.24907673454601,v3-2026-07-30-trip-suppression-fix
l_876,,peripheral,arterial,East,0.43917435221783047,4.661449221920234,F,90.52797910869336,13.942877608033063,91.37144208454141,13.711017694944955,v3-2026-07-30-trip-suppression-fix
l_823,,peripheral,arterial,East,0.7544322897019992,2.0825884987089927,F,79.13293886946906,30.126637432378583,79.39222039520915,30.040763602356257,v3-2026-07-30-trip-suppression-fix
l_505,,inner,arterial,CBD,1.415261233636042,2.0164402957269907,F,69.11457928555151,56.203002006373694,69.71112581881982,57.89467136604405,v3-2026-07-30-trip-suppression-fix
l_2647,SH16,peripheral,motorway,MWY,0.1411764705882353,0.585749706751403,C,8.30764198059244,11.046367011593231,8.980279509982317,10.980103187164117,v3-2026-07-30-trip-suppression-fix
l_179,,peripheral,arterial,West,1.54182191956829,5.369351912606809,F,20.00482212866559,83.91241743811356,20.177310226202337,82.63905330380759,v3-2026-07-30-trip-suppression-fix
l_2627,,boundary,arterial,East,4.52732564406597,4.836020145898138,F,86.68372484468301,52.77032123279098,86.93016873018497,50.81984247240323,v3-2026-07-30-trip-suppression-fix
l_1508,,peripheral,arterial,East,0.4660556159701724,0.4476279055466615,C,82.08185256660941,48.47719424489277,82.09757664711329,48.15258459901358,v3-2026-07-30-trip-suppression-fix
l_662,,peripheral,arterial,East,1.883386957545319,5.602550771913375,F,70.51056461021132,36.4479250457801,71.35164153001558,36.081063964939304,v3-2026-07-30-trip-suppression-fix
l_2176,,peripheral,arterial,East,0,0,A,87.18797964508035,47.13945006673204,87.56965794537385,46.61887411575979,v3-2026-07-30-trip-suppression-fix
l_1408,,peripheral,arterial,East,2.330278079850862,9.305237954362243,F,67.60879996164446,28.82590664672896,67.98722386930352,29.30540746056039,v3-2026-07-30-trip-suppression-fix
l_928,,peripheral,arterial,East,0.6990834239552587,5.681581230826063,F,68.46256018406585,30.32365092800221,68.89144154314862,31.180591059344565,v3-2026-07-30-trip-suppression-fix
l_1862,,peripheral,arterial,East,3.723239218119764,1.163302898245867,F,71.68178620758258,75.26593663860208,72.79557261648976,77.72925969396898,v3-2026-07-30-trip-suppression-fix
l_2381,,boundary,arterial,East,3.723239218119764,4.667418902577689,F,72.57823768025631,77.20970538197737,72.79557261648976,77.72925969396898,v3-2026-07-30-trip-suppression-fix
l_497,,peripheral,arterial,West,0.6732873253661,1.5298962427588314,F,13.513751713595749,72.54432523635822,14.297729047333547,72.61116249408158,v3-2026-07-30-trip-suppression-fix
l_570,,peripheral,arterial,West,0.4163486225799736,2.0540257475973784,F,55.37854866737368,12.781086522748506,55.709475407824385,13.045268594518097,v3-2026-07-30-trip-suppression-fix
l_85,,peripheral,arterial,West,0.7906700929037359,2.117936436838992,F,61.644942170756366,26.070954320036822,62.344034931930025,27.436435581392367,v3-2026-07-30-trip-suppression-fix
l_39,,peripheral,arterial,East,0.7751437245655965,9.593229945581557,F,107.5996265655099,44.62523258906839,107.8508495037269,44.107045863993605,v3-2026-07-30-trip-suppression-fix
l_674,,peripheral,arterial,East,0.7544322897019992,1.8229098800300247,F,85.91481718027444,26.56875306139931,86.16105288487769,25.780419632823588,v3-2026-07-30-trip-suppression-fix
l_539,,peripheral,arterial,East,1,9.322588583867036,F,102.6430421755195,10.825947730733448,102.80421995499638,11.309430453865668,v3-2026-07-30-trip-suppression-fix
l_365,,peripheral,arterial,East,0.48007681228996646,5.815486425000366,F,92.5425828519474,67.36420983457765,92.73268306237138,67.06339181590333,v3-2026-07-30-trip-suppression-fix
l_890,,peripheral,arterial,East,0.51985559566787,4.459893992859419,F,63.552206767970176,22.225105963372908,63.89790921486616,22.11063317007872,v3-2026-07-30-trip-suppression-fix
l_467,,peripheral,arterial,West,0.2729630135116692,0.5246644723914706,C,10.396269420581742,21.89997852901745,10.677786995109543,21.840813566101534,v3-2026-07-30-trip-suppression-fix
l_1804,,peripheral,arterial,East,12.601071091042739,2.1318204616129517,F,65.84702091206691,59.39827931212193,78.65124687623067,52.24326399052595,v3-2026-07-30-trip-suppression-fix
l_1082,,boundary,arterial,East,0.5155746509129968,3.589073227090001,F,66.01824350958259,69.85435293678233,66.26880810419661,70.4713459349989,v3-2026-07-30-trip-suppression-fix
l_417,,boundary,arterial,West,1.4730252255569876,3.301944050900228,F,47.50995239258099,69.59980472525197,47.66855459712167,69.94823975047932,v3-2026-07-30-trip-suppression-fix
l_2563,SH1S,peripheral,motorway,MWY,0.25263157894736843,2.0103061467231047,F,69.79372136260199,28.245087626118437,70.30629292231427,27.749155313058328,v3-2026-07-30-trip-suppression-fix
l_52,,peripheral,arterial,East,0.48007681228996646,4.3651057905694035,F,91.16086530039657,69.0654770496398,91.37421086995198,68.84530934288631,v3-2026-07-30-trip-suppression-fix
l_1552,SH16,peripheral,motorway,MWY,0.35294117647058826,3.1567914073061583,F,76.86036877778082,31.84428993706855,77.26155269766701,32.37740772031611,v3-2026-07-30-trip-suppression-fix
l_1186,SH1S,peripheral,motorway,MWY,0.25263157894736843,0.779620582543789,D,86.39065294600516,6.533190951974246,87.62888317510843,5.3210689163522655,v3-2026-07-30-trip-suppression-fix
l_1861,,peripheral,arterial,East,3.723239218119764,5.605167445719165,F,71.4152041612677,74.80883656913852,71.58622123568017,75.10207430842227,v3-2026-07-30-trip-suppression-fix
l_1614,,peripheral,arterial,East,2.3813067420747136,4.944772008804431,F,99.44258708063082,54.91198217464187,100.15026983076909,54.38532482947949,v3-2026-07-30-trip-suppression-fix
l_749,,peripheral,arterial,West,1.7927572606669058,10.03452222658094,F,32.15849146822054,11.341740268758956,32.69477780582291,9.764417161929732,v3-2026-07-30-trip-suppression-fix
l_161,,boundary,arterial,East,0.3090632807067247,0.4866227751616015,C,123.11686983154266,64.03823861374093,124.31030574758968,63.907819662821275,v3-2026-07-30-trip-suppression-fix
l_903,,peripheral,arterial,East,0.6587615283267457,6.1836357510074444,F,70.74069647453153,19.49804875099083,71.21677563603794,19.381157638876196,v3-2026-07-30-trip-suppression-fix
l_1348,,peripheral,arterial,West,0.3936491274111009,2.275497707335215,F,50.372327238151584,13.6027499728096,50.69692379383854,14.70487484598382,v3-2026-07-30-trip-suppression-fix
l_859,,peripheral,arterial,West,0.7872982548222018,5.239305295177209,F,56.53439827646412,28.327071268331206,57.80877329498813,29.0603833529227,v3-2026-07-30-trip-suppression-fix
l_46,,inner,arterial,CBD,0.9601536245799329,5.781080469928092,F,93.26201946653492,66.29682936347034,93.94048829746725,65.36533903997785,v3-2026-07-30-trip-suppression-fix
l_2640,,inner,arterial,CBD,0.43914220888531064,3.2506048052714926,F,64.95548773532586,57.036371765893044,65.18380297971082,57.62674891718764,v3-2026-07-30-trip-suppression-fix
l_307,,peripheral,arterial,West,1.4730252255569876,3.681831744173042,F,44.95709574338472,64.37645100693896,44.99560781838119,64.10548271931862,v3-2026-07-30-trip-suppression-fix
l_1868,,inner,arterial,CBD,0.7897854416216927,3.907927280371968,F,105.39462072232304,66.28764968796823,108.11669978191439,65.34510178786458,v3-2026-07-30-trip-suppression-fix
l_2258,,peripheral,motorway,MWY,0.5333333333333333,2.231154946654295,F,54.83373062356441,38.68241247093793,55.07493113486969,39.97524862667511,v3-2026-07-30-trip-suppression-fix
l_479,,peripheral,arterial,West,0.2729630135116692,4.6202569382496135,F,43.67867613875167,29.07647440180393,44.143969963197385,29.554424425276366,v3-2026-07-30-trip-suppression-fix
l_791,,peripheral,arterial,West,0.7872982548222018,5.247741941584108,F,62.28571152631732,30.167182431766516,62.983624140222425,30.2894662897823,v3-2026-07-30-trip-suppression-fix
l_402,,peripheral,arterial,East,0.6467608062951385,3.1673023109199163,F,81.78295799544435,34.69917053726858,82.0724922145895,35.07218592182414,v3-2026-07-30-trip-suppression-fix
l_2311,,peripheral,arterial,East,0.6990834239552587,6.915982183902453,F,65.89089981224126,22.911738372471945,66.03076556977601,23.422664512182614,v3-2026-07-30-trip-suppression-fix
l_872,,peripheral,arterial,East,0.6587615283267457,4.675272757910719,F,89.55463460235399,14.204169163434171,90.52797910869336,13.942877608033063,v3-2026-07-30-trip-suppression-fix
l_2048,,boundary,arterial,East,1.6409134418159443,7.01814691877102,F,100.61596088067445,58.37661739014762,101.1613482400527,58.474587001941416,v3-2026-07-30-trip-suppression-fix
l_1893,,peripheral,motorway,MWY,0.26666666666666666,0.9144520150870171,E,54.84337716773664,36.84443996626127,55.03101232778879,36.40857041089075,v3-2026-07-30-trip-suppression-fix
l_1415,,peripheral,arterial,West,0.5904736911166514,2.628102587210269,F,52.43634905089815,22.997075504779254,52.68419619251515,22.289837472597156,v3-2026-07-30-trip-suppression-fix
l_2166,,boundary,arterial,East,3.80499405469679,5.862479882288382,F,77.83340157369706,73.34168527816092,78.691192060888,73.188074916488,v3-2026-07-30-trip-suppression-fix
l_456,,peripheral,arterial,East,1.1259148057796962,1.5462049346384996,F,117.49435585240464,21.521979219141418,118.07553492299452,21.21382886352289,v3-2026-07-30-trip-suppression-fix
l_164,,boundary,arterial,East,0.39489272081084636,1.6812735702033104,F,75.58989168565117,78.3263293368011,76.0433693550094,78.15579870266906,v3-2026-07-30-trip-suppression-fix
l_1767,SH1S,peripheral,motorway,MWY,0.12631578947368421,0.6047351221680395,C,87.62888317510843,5.3210689163522655,88.37485515037113,4.523466121909161,v3-2026-07-30-trip-suppression-fix
l_290,,peripheral,arterial,West,1.260107109104274,1.5392823390385812,F,59.436040302780505,61.921607193387665,59.673136359685195,61.809142099580896,v3-2026-07-30-trip-suppression-fix
l_210,,peripheral,arterial,West,1.3324450366422385,3.3284185703842106,F,29.923016089908046,30.544188691556855,31.906070901338584,31.994428180032507,v3-2026-07-30-trip-suppression-fix
l_510,,inner,arterial,CBD,0.7062701090794946,4.219178205386292,F,63.55634310055877,37.76525197287794,64.29276165623449,37.616559086629074,v3-2026-07-30-trip-suppression-fix
l_1148,,peripheral,arterial,East,0.6990834239552587,6.827921098177998,F,66.75532766474298,26.166014510986074,66.96388474240788,26.864859614113108,v3-2026-07-30-trip-suppression-fix
l_1839,SH1S,peripheral,motorway,MWY,0.1894736842105263,2.0028858487326553,F,72.91381695536822,24.160559754214546,73.49056468457023,23.609380692674144,v3-2026-07-30-trip-suppression-fix
l_1227,,boundary,arterial,East,5.584858827179646,8.85702933675181,F,73.0664042965219,78.26479248703758,73.33873570061782,78.88137666158906,v3-2026-07-30-trip-suppression-fix
l_489,,peripheral,arterial,West,0.4094445202675038,0.8143003373610548,D,14.461144623337136,18.312716966288814,14.754121158406688,16.496636556935503,v3-2026-07-30-trip-suppression-fix
l_517,,inner,arterial,CBD,1.4070194637692488,2.0571634615493806,F,76.26212498286664,64.1250148207832,76.66162801034746,65.73922665077025,v3-2026-07-30-trip-suppression-fix
l_254,,peripheral,arterial,West,0.7171029042667623,4.498012551853584,F,34.579581000249796,3.4868910197890117,34.67486260057886,2.7554381936193932,v3-2026-07-30-trip-suppression-fix
l_622,,inner,arterial,CBD,1.1047689191677408,3.911331218905851,F,52.99486639803911,84.09342026471842,53.20093694328608,84.65719116161277,v3-2026-07-30-trip-suppression-fix
l_1263,,peripheral,arterial,East,0.8782844177706213,2.54445742886488,F,71.14964306506519,73.38133209010323,71.33102328162099,73.78338402757181,v3-2026-07-30-trip-suppression-fix
l_209,,peripheral,arterial,West,0.51985559566787,4.451745058039501,F,58.86046993158634,23.60872701684149,59.5953458922492,23.378997225514432,v3-2026-07-30-trip-suppression-fix
l_2008,,peripheral,arterial,East,0.43914220888531064,2.6425388662261033,F,69.29917065222463,68.55068808734492,69.39060559698635,68.79224067805009,v3-2026-07-30-trip-suppression-fix
l_804,,peripheral,arterial,West,1.0778443113772456,5.074713603481874,F,49.674674255373986,64.34404111685214,50.30450507132741,64.30546332118806,v3-2026-07-30-trip-suppression-fix
l_244,,inner,arterial,CBD,1.4268727705112962,8.680831393384038,F,82.6434266360946,71.7366612555506,83.50686915978318,71.39637099102198,v3-2026-07-30-trip-suppression-fix
l_1079,,boundary,arterial,East,0.8929900282780175,7.548139463865897,F,96.4658299357641,56.18347061928901,96.91823777215785,55.95885743573806,v3-2026-07-30-trip-suppression-fix
l_2312,,peripheral,motorway,MWY,0.2,2.131551379162129,F,50.045302908123446,58.957232655495595,50.157972579024026,58.55544635747299,v3-2026-07-30-trip-suppression-fix
l_758,,peripheral,arterial,East,0.8774495466510676,0.46680510762297833,C,70.79589712499272,14.253880412658324,70.95700150242646,14.737385387322133,v3-2026-07-30-trip-suppression-fix
l_1109,,boundary,arterial,West,1.0311493018259936,0.891108520428037,E,59.98369665385385,53.88469637087916,60.64586369269479,55.60220742294849,v3-2026-07-30-trip-suppression-fix
l_285,,peripheral,arterial,West,0.6732873253661,1.0563469556781713,F,6.518425233524618,70.48215665190318,7.360099979498667,71.33172830966363,v3-2026-07-30-trip-suppression-fix
l_253,,inner,arterial,CBD,0.4660556159701724,1.9192935801983844,F,72.95436136552796,38.10550277253727,73.4414775800455,38.58298865095823,v3-2026-07-30-trip-suppression-fix
l_576,,inner,arterial,CBD,0.718562874251497,1.8380978456100305,F,77.5234735835914,60.61529810113833,78.08508553972821,60.4157365320192,v3-2026-07-30-trip-suppression-fix
l_278,,peripheral,arterial,West,0.4163486225799736,1.8946853053837724,F,41.986055435263715,7.918815309245112,42.33620669458588,8.047533513322234,v3-2026-07-30-trip-suppression-fix
l_609,,inner,arterial,CBD,4,11.483386054727122,F,87.28538463256781,61.759029567199676,87.4987260507792,61.53886562834153,v3-2026-07-30-trip-suppression-fix
l_68,,peripheral,arterial,East,1.9378593114139915,9.81379772284342,F,104.8375977296964,50.40631472515976,105.61152915050488,48.77030886430576,v3-2026-07-30-trip-suppression-fix
l_2363,,inner,arterial,CBD,1.184678162432539,1.3235544223913254,F,91.75179527385082,72.7841909472288,92.93525087472551,72.11360880310504,v3-2026-07-30-trip-suppression-fix
l_675,,boundary,arterial,East,1.1771168484658243,5.608567523914484,F,68.85113321180147,37.235270555268315,70.51056461021132,36.4479250457801,v3-2026-07-30-trip-suppression-fix
l_447,,peripheral,arterial,West,1.2105926860025222,9.039727255193144,F,36.047557714434184,64.64755526746256,37.769562947338876,63.69718897123378,v3-2026-07-30-trip-suppression-fix
l_850,,boundary,arterial,West,1.1047689191677408,3.313641431762052,F,46.520830725619874,67.83419521457432,47.50995239258099,69.59980472525197,v3-2026-07-30-trip-suppression-fix
l_1351,,peripheral,motorway,MWY,0.06666666666666667,0.05729890269209452,A,84.55624162921892,43.566620758211755,84.77758488400379,43.77873584501003,v3-2026-07-30-trip-suppression-fix
l_935,,peripheral,arterial,East,0.6990834239552587,5.653812220684717,F,68.89144154314862,31.180591059344565,69.1167495055837,31.60886044265956,v3-2026-07-30-trip-suppression-fix
l_129,,peripheral,arterial,West,2.1697203471552555,15.692526217477505,F,23.75937672001479,72.79039814014064,24.238027297717988,73.99785629994628,v3-2026-07-30-trip-suppression-fix
l_785,,peripheral,arterial,East,0.7906700929037359,5.489714905700408,F,64.02685857431082,31.180652193133124,64.3589247678989,31.77762305157244,v3-2026-07-30-trip-suppression-fix
l_466,,peripheral,arterial,West,0.7171029042667623,10.02983759587336,F,31.868615064405507,12.130798071536567,32.076023128003456,11.586483453407137,v3-2026-07-30-trip-suppression-fix
l_1927,,boundary,arterial,West,0.5155746509129968,2.3825862642905165,F,61.74391316991776,58.55491233454933,62.04091213904489,59.333213682293284,v3-2026-07-30-trip-suppression-fix
l_719,,peripheral,arterial,East,0.6587615283267457,5.0332578420227465,F,83.47849287792684,15.938350631801763,83.8236740573931,15.796826580917708,v3-2026-07-30-trip-suppression-fix
l_500,,inner,arterial,CBD,0.9380129758461659,2.084793172492217,F,75.81715706695309,62.40353590998845,76.07424304646568,63.3717424778537,v3-2026-07-30-trip-suppression-fix
l_1313,,inner,arterial,CBD,0.7897854416216927,0.624169163550686,D,81.08005577299889,76.54926355530483,82.13865149724165,76.17834579272612,v3-2026-07-30-trip-suppression-fix
l_430,,peripheral,arterial,East,0.7544322897019992,1.867521388000675,F,83.65086001678152,28.74577789752999,84.45092700293155,28.514753090660168,v3-2026-07-30-trip-suppression-fix
l_1210,,peripheral,arterial,East,0.8204567209079722,7.116837928082366,F,97.15401521163456,56.32709926417492,97.45545643449223,56.78670764641128,v3-2026-07-30-trip-suppression-fix
l_772,,peripheral,arterial,West,0.2729630135116692,0.8267498068119873,E,21.440673770187722,14.834454166452952,21.944412559906883,15.041487566721257,v3-2026-07-30-trip-suppression-fix
l_1782,,boundary,arterial,East,0.5933544303797469,5.381719442043043,F,64.33329631977993,70.45293118139321,64.57339037924574,70.50256418466411,v3-2026-07-30-trip-suppression-fix
l_668,,peripheral,arterial,East,1.1089548100914888,4.661561731548999,F,93.03148677723222,18.81528551705726,93.44236204648575,18.699552901642477,v3-2026-07-30-trip-suppression-fix
l_451,,peripheral,arterial,East,1.131648434552999,1.8592655676419456,F,84.45092700293155,28.514753090660168,85.58516259676898,27.54781745614378,v3-2026-07-30-trip-suppression-fix
l_386,,peripheral,arterial,East,0.7544322897019992,3.1015204134713037,F,86.66201641600574,17.63611965574881,87.19894577134318,19.626142623559943,v3-2026-07-30-trip-suppression-fix
l_825,,inner,arterial,CBD,0.5923390812162695,1.5989014709299054,F,90.17255953019585,73.21886161028831,91.25286046529216,72.84749345694918,v3-2026-07-30-trip-suppression-fix
l_429,,peripheral,arterial,East,0.7544322897019992,1.9160041366896543,F,82.2458068459828,29.17718161179631,82.67843979627918,29.061069090508706,v3-2026-07-30-trip-suppression-fix
l_1453,,inner,arterial,CBD,1.1906533710373568,7.322572922994513,F,95.50635967892894,57.20126775137313,95.97547989031678,56.7060801811761,v3-2026-07-30-trip-suppression-fix
l_910,,peripheral,arterial,East,1.9243104554201411,11.602508767955316,F,114.8461036642214,34.51726830601215,115.3515094006383,34.8051317165802,v3-2026-07-30-trip-suppression-fix
l_1203,,boundary,arterial,East,0.7733619763694952,3.6102586345900924,F,65.37972383761091,68.24452625850793,65.79091193583423,69.31801109504654,v3-2026-07-30-trip-suppression-fix
l_98,,peripheral,arterial,East,1.1259148057796962,1.8686851775511997,F,111.72439784720393,25.683680295481814,112.58002785651028,24.937999502131394,v3-2026-07-30-trip-suppression-fix
l_957,,peripheral,arterial,West,0.6732873253661,1.6396365934811576,F,16.8462750820757,72.86213469997472,17.151074176141904,72.88361960033481,v3-2026-07-30-trip-suppression-fix
l_927,,boundary,arterial,East,1.1860051393556037,5.385357691621833,F,64.8377383559979,32.98499530804961,65.04529673321747,33.62980747862805,v3-2026-07-30-trip-suppression-fix
l_853,,boundary,arterial,East,2.520214218208548,2.6683927961539355,F,81.45257167434652,48.542887427232586,81.80594585524118,48.0205643556404,v3-2026-07-30-trip-suppression-fix
l_1588,,inner,arterial,CBD,1.437125748502994,1.830913124995093,F,78.08508553972821,60.4157365320192,78.64845635725169,60.22310997772073,v3-2026-07-30-trip-suppression-fix
l_1806,,boundary,arterial,East,4.995836802664447,4.716583857206721,F,79.06516699450094,60.50573161007969,79.24505232266196,60.82672526593426,v3-2026-07-30-trip-suppression-fix
l_586,,peripheral,arterial,East,0.7751437245655965,9.590177817969707,F,106.97282358137726,45.98824119423296,107.14013993361219,45.633778238800495,v3-2026-07-30-trip-suppression-fix
l_229,,inner,arterial,CBD,0.9590792838874681,1.7413667232269203,F,56.177153289115644,57.332965838616346,56.909666401894945,56.968163807931695,v3-2026-07-30-trip-suppression-fix
l_976,,peripheral,arterial,East,0.43917435221783047,4.56205350256997,F,95.78329677286504,12.493998602727025,96.28007275745321,12.322610633864773,v3-2026-07-30-trip-suppression-fix
l_1439,,peripheral,arterial,East,0.9321112319403448,0.798327434455405,D,65.17583481005899,20.681714477473342,65.28320945797132,21.78782265927026,v3-2026-07-30-trip-suppression-fix
l_933,,peripheral,arterial,East,7.751437245655966,9.569266071958861,F,112.40345479646213,35.26553051157771,113.33141003675074,33.73472308894424,v3-2026-07-30-trip-suppression-fix
l_133,,peripheral,arterial,East,1.6409134418159443,3.8872326263747836,F,114.10574223197162,61.20651364290733,114.75172089097913,62.0322947864568,v3-2026-07-30-trip-suppression-fix
l_480,,peripheral,arterial,East,0.832523935063133,1.7249217808289274,F,93.13279881840661,52.326464706958575,93.38708122474172,51.97040110126382,v3-2026-07-30-trip-suppression-fix
l_349,,peripheral,arterial,West,1.4328928514567743,2.64145890446649,F,29.63117375053188,40.738407169336135,31.82965529481993,40.88746036142578,v3-2026-07-30-trip-suppression-fix
l_1738,,inner,arterial,CBD,4.69006487923083,3.0058699165438165,F,68.14211873833149,41.221235801942,68.65618163480687,43.15766605149279,v3-2026-07-30-trip-suppression-fix
l_948,,peripheral,arterial,West,0.6732873253661,0.9808684281431753,E,2.8836122255490593,66.68330547376482,4.656304385650536,68.51598354152654,v3-2026-07-30-trip-suppression-fix
l_1182,,peripheral,arterial,West,2,0.26666666666666666,B,59.36133610429514,47.24764500246948,60.005554820942166,47.992536583867455,v3-2026-07-30-trip-suppression-fix
l_936,,inner,arterial,CBD,2.029541098207239,2.435598916656197,F,69.71112581881982,57.89467136604405,71.4923297427907,62.51037667129816,v3-2026-07-30-trip-suppression-fix
l_2457,SH16,peripheral,motorway,MWY,0.07058823529411765,0.15571346712469386,A,50.9991503225979,27.590922516974874,51.48271164106916,27.87933678997897,v3-2026-07-30-trip-suppression-fix
l_326,,peripheral,arterial,East,1.9402824188854155,7.382812102094869,F,72.14670202358586,19.120755876282022,72.37850218358771,19.900247069732195,v3-2026-07-30-trip-suppression-fix
l_2518,,boundary,arterial,East,0.8929900282780175,7.3381216083009475,F,96.21204954230274,56.566555217327355,96.4658299357641,56.18347061928901,v3-2026-07-30-trip-suppression-fix
l_730,,inner,arterial,CBD,0.6765136994024129,2.604449097271049,F,71.4923297427907,62.51037667129816,71.60699851117133,62.8325792472721,v3-2026-07-30-trip-suppression-fix
l_2654,,boundary,arterial,East,0.658713313327966,2.551792280051803,F,70.51057471752485,71.74450261872121,71.14964306506519,73.38133209010323,v3-2026-07-30-trip-suppression-fix
l_1176,,peripheral,arterial,West,1.03971119133574,5.205985400087433,F,49.88699146194675,28.584282569702506,50.00012073382462,28.825444210029534,v3-2026-07-30-trip-suppression-fix
l_704,,peripheral,arterial,West,0.8512147543890761,7.244307107641074,F,40.92520043647218,37.77531825608538,42.01968492798666,36.998545569161564,v3-2026-07-30-trip-suppression-fix
l_836,,boundary,arterial,West,0.7062701090794946,8.380861818818559,F,47.994307555970565,33.24051162456414,48.260058538961395,33.50590159417702,v3-2026-07-30-trip-suppression-fix
l_865,,peripheral,arterial,West,0.4163486225799736,2.005662190449497,F,37.703173131629995,4.321633367633035,38.127914939335575,4.9624941669907185,v3-2026-07-30-trip-suppression-fix
l_656,,peripheral,arterial,East,0.6404098623118796,1.2927761438420977,F,85.58868628691421,13.683087211401649,85.68262845715589,14.059720065951861,v3-2026-07-30-trip-suppression-fix
l_2422,SH1N,boundary,motorway,MWY,0.2,1.7570493766870567,F,49.19699130200595,64.37982714894805,49.497206459126,62.96895336227439,v3-2026-07-30-trip-suppression-fix
l_261,,inner,arterial,CBD,1.3981668479105174,3.7317008629188515,F,86.39147628717548,53.424371483755564,86.8129537423639,53.876017915405704,v3-2026-07-30-trip-suppression-fix
l_1988,,boundary,arterial,East,1.9577453299616607,4.130175202024388,F,90.35462429295049,66.30890785708459,90.45208248829778,66.02461078086631,v3-2026-07-30-trip-suppression-fix
l_1534,SH1S,peripheral,motorway,MWY,0,0,A,79.3244536884013,15.05447860768151,79.34295535045088,15.065832046098118,v3-2026-07-30-trip-suppression-fix
l_373,,boundary,arterial,East,0.7201152184349496,5.859360862010874,F,95.11297254975042,62.938214680546714,95.31776585544671,62.25874835829025,v3-2026-07-30-trip-suppression-fix
l_19,,peripheral,arterial,West,0.6052963430012611,9.10456202615618,F,41.33762332584963,63.821111010822186,41.62117366432506,63.869974634024665,v3-2026-07-30-trip-suppression-fix
l_2094,,peripheral,arterial,West,2.1697203471552555,14.313296575040448,F,24.753350363940463,86.74480060182267,25.198499420748078,86.11509160886894,v3-2026-07-30-trip-suppression-fix
l_2248,SH1N,boundary,arterial,West,0.06666666666666667,0.10038215320586594,A,49.15553793480003,70.40745441678304,49.268580488300465,69.45946102201226,v3-2026-07-30-trip-suppression-fix
l_926,,inner,arterial,CBD,0.7201152184349496,5.975634089926416,F,95.58852214064525,59.28079368324104,95.62030721267492,59.82073639361597,v3-2026-07-30-trip-suppression-fix
l_2203,,peripheral,motorway,MWY,0.13333333333333333,0.3904483557144326,B,20.805202855204747,92.032707531006,22.399919872862714,93.62525329203619,v3-2026-07-30-trip-suppression-fix
l_995,,boundary,arterial,East,2.520214218208548,1.1727668543693923,F,64.59536532672976,59.90780433945354,65.84702091206691,59.39827931212193,v3-2026-07-30-trip-suppression-fix
l_2115,,peripheral,motorway,MWY,0.8,1.9412599662402923,F,35.90168045373832,79.24437655458021,46.1774620258294,74.0024792413105,v3-2026-07-30-trip-suppression-fix
l_1680,,peripheral,arterial,West,0.3936491274111009,2.3275098772038114,F,50.837244456030206,15.242827359576108,50.95285355465365,15.61907493991491,v3-2026-07-30-trip-suppression-fix
l_109,,peripheral,arterial,West,0.8512147543890761,7.284981712917377,F,42.92154396938171,36.38745235419842,43.75820054058184,35.777549300027054,v3-2026-07-30-trip-suppression-fix
l_789,,boundary,arterial,East,0.39489272081084636,1.6125756699171323,F,88.94110232390135,73.64707740138871,89.39456004025752,73.47651690232533,v3-2026-07-30-trip-suppression-fix
l_2504,,boundary,arterial,East,0.43914220888531064,4.371623662245718,F,63.15193123457362,53.55614010630278,63.33128764447713,53.850129409293416,v3-2026-07-30-trip-suppression-fix
l_873,,inner,arterial,CBD,0.8204567209079722,6.3961818999753595,F,105.55620697930154,60.96038443195367,106.59899582020059,60.91395011494743,v3-2026-07-30-trip-suppression-fix
l_1775,SH1S,peripheral,motorway,MWY,0.1894736842105263,1.9492841606474862,F,78.26055509412377,19.413212758880512,78.6381945270524,18.6765126787987,v3-2026-07-30-trip-suppression-fix
l_1520,,peripheral,arterial,West,1.3862815884476534,3.6480365384787166,F,47.59617876818396,32.86944332563377,48.31868560840039,31.964323441884268,v3-2026-07-30-trip-suppression-fix
l_2131,,peripheral,arterial,East,0.39489272081084636,0.9070603494247352,E,115.01464367696506,63.14610977823178,115.11652217168017,63.624565329399076,v3-2026-07-30-trip-suppression-fix
l_552,,peripheral,arterial,West,0.2729630135116692,0.8631980559801647,E,25.97287965167287,16.616660135229253,26.45440358769502,16.797061905222392,v3-2026-07-30-trip-suppression-fix
l_1365,,peripheral,arterial,East,2,3.398872735756804,F,104.31538306862423,17.740704362018587,104.75050162513983,17.759631560391824,v3-2026-07-30-trip-suppression-fix
l_2639,,boundary,arterial,East,0.5155746509129968,2.1547634120777457,F,63.20769144477789,62.473832463053,63.366814280569855,62.84927358523913,v3-2026-07-30-trip-suppression-fix
l_908,,peripheral,arterial,West,0.42560737719453806,6.229085155506675,F,31.806077940362346,51.48217446681754,31.887082961168694,51.15638090157586,v3-2026-07-30-trip-suppression-fix
l_1232,,boundary,arterial,West,0.5933544303797469,5.174504870075114,F,58.181820089244304,69.37691690467969,58.94506781249516,69.49801981198192,v3-2026-07-30-trip-suppression-fix
l_1038,,inner,arterial,CBD,0.2577873254564984,0.68038016938571,D,58.359430838136134,49.5092591856192,58.47407308250859,49.83146835872688,v3-2026-07-30-trip-suppression-fix
l_1726,,inner,arterial,CBD,1.260107109104274,2.163398373136185,F,78.82161839585643,52.05092945751798,79.22255887109388,51.39488182530737,v3-2026-07-30-trip-suppression-fix
l_21,,peripheral,arterial,West,1.3324450366422385,3.4039068173940157,F,31.906070901338584,31.994428180032507,33.845689427382226,33.44544363196656,v3-2026-07-30-trip-suppression-fix
l_1808,,peripheral,arterial,East,1.260107109104274,5.69597867932108,F,84.55624162921892,43.566620758211755,84.69935380385046,43.07749278340039,v3-2026-07-30-trip-suppression-fix
l_678,,peripheral,arterial,West,1.54182191956829,6.181698900128198,F,21.014033014049886,76.05648641136715,21.052086662157677,75.75850669401079,v3-2026-07-30-trip-suppression-fix
l_1371,,boundary,arterial,East,0.9380129758461659,5.252312153192401,F,69.90742739754064,46.16156154953552,69.92317004128877,45.83695339836799,v3-2026-07-30-trip-suppression-fix
l_198,,inner,arterial,CBD,0.718562874251497,1.464715094917387,F,65.300161097137,65.11092672578283,66.14286173603182,64.82514320490282,v3-2026-07-30-trip-suppression-fix
l_378,,peripheral,arterial,East,4.167286798630749,7.672946606941828,F,101.74352698554671,53.54490845556619,103.2508411483498,52.76013109582854,v3-2026-07-30-trip-suppression-fix
l_2370,,boundary,motorway,MWY,0.5333333333333333,2.064235621672858,F,54.84204280116746,38.244766432071046,55.07493113486969,39.97524862667511,v3-2026-07-30-trip-suppression-fix
l_1074,,inner,arterial,CBD,1.3674278681799537,7.074561210460325,F,98.55879211378273,57.658094585658226,100.09029669993842,58.17017319126349,v3-2026-07-30-trip-suppression-fix
l_381,,peripheral,arterial,East,0.7751437245655965,9.653313349666963,F,106.49109268072078,46.970172440998155,106.78377288492112,46.34310863502439,v3-2026-07-30-trip-suppression-fix
l_2148,SH16,peripheral,motorway,MWY,0.1411764705882353,0.33041572150890314,B,5.55042624669366,11.231531264238088,6.354425405604306,11.21694535711378,v3-2026-07-30-trip-suppression-fix
l_2058,,peripheral,arterial,East,0.9321112319403448,1.6624345363512771,F,82.09757664711329,48.15258459901358,82.25720365208501,48.63876155247826,v3-2026-07-30-trip-suppression-fix
l_1404,,inner,arterial,CBD,1.9402824188854155,4.090697457462066,F,86.39147628717548,53.424371483755564,86.68372484468301,52.77032123279098,v3-2026-07-30-trip-suppression-fix
l_760,,boundary,arterial,East,1.415261233636042,6.894189671700369,F,68.59537829962275,48.10463258034977,68.94062341036035,47.96313561986152,v3-2026-07-30-trip-suppression-fix
l_2336,,inner,arterial,CBD,0.39489272081084636,4.32143375425209,F,95.00536727110902,71.18332959199535,95.43506928202694,70.9050897170522,v3-2026-07-30-trip-suppression-fix
l_40,,peripheral,arterial,West,0.4094445202675038,4.4395039221086945,F,35.35958411076192,21.14784221539322,36.57656347597873,22.314748875087535,v3-2026-07-30-trip-suppression-fix
l_2429,SH1N,peripheral,motorway,MWY,0.4,2.3179038283123212,F,56.236816790672194,48.764506272463414,57.215330916065604,46.20341241236343,v3-2026-07-30-trip-suppression-fix
l_1013,,boundary,arterial,East,16,52.44755318143463,F,92.79408265927084,69.19735448919624,93.11445522620902,70.05626400761284,v3-2026-07-30-trip-suppression-fix
l_1803,,boundary,arterial,East,0,0,A,77.6714793558012,53.34243027959692,78.03295957510909,52.903326630060036,v3-2026-07-30-trip-suppression-fix
l_2220,,peripheral,arterial,West,0.9079445145018916,9.107129228016582,F,43.80164882948441,64.20842743249491,44.525203955014334,64.03438930089531,v3-2026-07-30-trip-suppression-fix
l_1190,,peripheral,arterial,East,3,7.551600822526393,F,79.3914622053205,17.0950407249489,79.55429144422294,16.497444047093744,v3-2026-07-30-trip-suppression-fix
l_211,,peripheral,arterial,West,0.8512147543890761,6.277557136862336,F,33.84449708141225,45.25594081754156,34.33790463427737,43.70643040416842,v3-2026-07-30-trip-suppression-fix
l_889,,peripheral,arterial,West,0.6732873253661,1.6545225499392602,F,18.959119157718842,73.06694931361326,20.06963750384834,73.15485135126279,v3-2026-07-30-trip-suppression-fix
l_523,,peripheral,arterial,West,0.8512147543890761,6.966363947989673,F,36.07400585958431,41.16126095151418,37.08307946971042,40.46715633657881,v3-2026-07-30-trip-suppression-fix
l_2618,,peripheral,motorway,MWY,0.13333333333333333,0.22978022821771538,A,57.584649395813265,47.577600920728216,57.78871273177006,48.03329872426798,v3-2026-07-30-trip-suppression-fix
l_2645,,boundary,arterial,East,0.8929900282780175,7.300857913802235,F,95.97547989031678,56.7060801811761,96.21204954230274,56.566555217327355,v3-2026-07-30-trip-suppression-fix
l_1748,,boundary,arterial,East,1.5914415808319702,10.09375886414303,F,94.36864059133393,52.14137492951401,95.74632100581695,53.737403387899974,v3-2026-07-30-trip-suppression-fix
l_881,,peripheral,arterial,East,1.162715586848395,5.645324727950535,F,112.29493053495209,28.29464074874688,112.74875557728336,29.31319530064335,v3-2026-07-30-trip-suppression-fix
l_63,,peripheral,arterial,East,6.232471174820816,8.28106504227756,F,114.10574223197162,61.20651364290733,115.12932246928952,61.295528587848004,v3-2026-07-30-trip-suppression-fix
l_1297,,boundary,arterial,East,0.5155746509129968,3.5989842195777326,F,65.79091193583423,69.31801109504654,66.01824350958259,69.85435293678233,v3-2026-07-30-trip-suppression-fix
l_415,,inner,arterial,CBD,0.7365126127784938,3.853196036709605,F,53.20093694328608,84.65719116161277,53.38477405596671,85.19434360848355,v3-2026-07-30-trip-suppression-fix
l_168,,boundary,arterial,East,1.260107109104274,0.8513087440047822,E,63.17032167099063,60.447539196208346,64.27183221174457,60.04889308379106,v3-2026-07-30-trip-suppression-fix
l_994,,peripheral,arterial,West,1.2768221315836141,6.262656446729329,F,34.58782066203479,43.10728654037618,34.91972039992311,42.2363815577569,v3-2026-07-30-trip-suppression-fix
l_403,,peripheral,arterial,East,1,9.20999621508235,F,102.80421995499638,11.309430453865668,102.94165319043678,11.68524784634116,v3-2026-07-30-trip-suppression-fix
l_548,,peripheral,arterial,West,0.2729630135116692,0.9343149921350771,E,27.68118253603015,17.31520820833251,28.119742845655235,17.523416388508874,v3-2026-07-30-trip-suppression-fix
l_287,,peripheral,arterial,West,1.4328928514567743,2.624702603247402,F,27.99873854125966,40.633059065700095,29.63117375053188,40.738407169336135,v3-2026-07-30-trip-suppression-fix
l_577,,inner,arterial,CBD,0.47084673938632976,8.260284288781559,F,50.07190218762322,35.09424726549475,50.51002692927981,35.27539264319926,v3-2026-07-30-trip-suppression-fix
l_2021,,inner,arterial,CBD,0.8900316455696203,5.457756612199514,F,62.80628848604008,70.18374450760972,63.67921974404496,70.35686484399797,v3-2026-07-30-trip-suppression-fix
l_1561,,peripheral,arterial,West,18,15.78085327634566,F,47.765118335675915,72.83828332406051,48.84250379985112,72.305034748848,v3-2026-07-30-trip-suppression-fix
l_418,,peripheral,arterial,West,0.7365126127784938,3.360364685512418,F,45.73280094593361,66.36218699020907,46.20561754174378,67.24539225542652,v3-2026-07-30-trip-suppression-fix
l_632,,inner,arterial,CBD,1.093942294543963,5.286394875756738,F,108.85548333009355,59.493573287192135,110.2298857455269,58.57608831545748,v3-2026-07-30-trip-suppression-fix
l_341,,peripheral,arterial,West,1.4125402181589892,8.3679232650037,F,54.514902260431754,36.71534202606699,54.84337716773664,36.84443996626127,v3-2026-07-30-trip-suppression-fix
l_2181,,peripheral,motorway,MWY,0.13333333333333333,0.9155581248326419,E,55.03101232778879,36.40857041089075,55.13420368523813,36.10938411357112,v3-2026-07-30-trip-suppression-fix
l_754,,peripheral,arterial,West,1.1809473822333028,2.614191459126431,F,52.66608875196017,23.668517093456877,53.1215946168522,24.79526131589832,v3-2026-07-30-trip-suppression-fix
l_1060,,peripheral,arterial,East,1.5467239527389904,3.637635443177991,F,64.30431240757132,65.34547326977417,64.78468473017887,66.6338974288172,v3-2026-07-30-trip-suppression-fix
l_778,,peripheral,arterial,West,0.4094445202675038,4.670025221483124,F,45.427731500137845,30.801139189057874,46.22397489122295,31.543282954395114,v3-2026-07-30-trip-suppression-fix
l_2384,,boundary,arterial,West,0.8900316455696203,4.822473535592199,F,50.93701624165682,71.50988846607248,51.69331233459002,71.2527771810869,v3-2026-07-30-trip-suppression-fix
l_1450,,inner,arterial,CBD,0.9788726649808304,7.351982314887084,F,93.29637699962102,62.29625381690608,93.60583402800728,61.398634990402456,v3-2026-07-30-trip-suppression-fix
l_33,,inner,arterial,CBD,0.7062701090794946,8.25823680268179,F,49.65451723037659,34.85866776126015,50.07190218762322,35.09424726549475,v3-2026-07-30-trip-suppression-fix
l_2046,,boundary,arterial,West,0.9590792838874681,1.5740670273260715,F,51.81505949057667,58.95356243891223,52.48486533973297,58.72505916772683,v3-2026-07-30-trip-suppression-fix
l_529,,peripheral,arterial,East,1.5088645794039983,1.9683124638046292,F,87.4023926488643,21.216944849091888,87.41007622561573,20.460056285102223,v3-2026-07-30-trip-suppression-fix
l_391,,inner,arterial,CBD,6,12.008364835977977,F,88.13824604143318,60.851355100114134,88.82022876021257,60.109002418329815,v3-2026-07-30-trip-suppression-fix
l_103,,peripheral,arterial,West,0.9552619009711829,1.475935966814659,F,18.215256762926387,45.37870460126316,18.379765234502536,44.86221493952579,v3-2026-07-30-trip-suppression-fix
l_486,,peripheral,arterial,East,0.8783487044356609,5.193187946979245,F,78.63389556618147,17.271209191065452,79.3914622053205,17.0950407249489,v3-2026-07-30-trip-suppression-fix
l_2197,SH1N,boundary,motorway,MWY,0.2,1.729527374855057,F,49.18071646946679,64.67741504605605,49.19699130200595,64.37982714894805,v3-2026-07-30-trip-suppression-fix
l_1285,,boundary,arterial,East,0.5155746509129968,2.1557539922496334,F,63.73301721953026,63.842510507436664,63.89363691121102,64.29900298311922,v3-2026-07-30-trip-suppression-fix
l_1678,,peripheral,motorway,MWY,0.3333333333333333,1.6802471253787148,F,80.94211381015269,12.79615210939323,81.77925355649629,11.050957234452639,v3-2026-07-30-trip-suppression-fix
l_493,,peripheral,arterial,East,1.5088645794039983,3.0612068752473687,F,85.98618713567022,15.189215814380727,86.08013052600171,15.565848500853555,v3-2026-07-30-trip-suppression-fix
l_490,,peripheral,arterial,West,0.5459260270233384,0.7772083112179621,D,14.363812522100684,18.936088409652413,14.461144623337136,18.312716966288814,v3-2026-07-30-trip-suppression-fix
l_849,,peripheral,arterial,East,1.6634322151372332,4.694033459013483,F,90.45857619154758,19.56571370973003,92.27492744700248,19.04553860649214,v3-2026-07-30-trip-suppression-fix
l_232,,peripheral,arterial,East,9.512485136741974,10.089189249715131,F,75.85871184117023,74.05118412738653,76.6362277816103,73.76656287144189,v3-2026-07-30-trip-suppression-fix
l_769,,peripheral,arterial,East,1.7548990933021351,1.4233068345013182,F,71.3993559895461,16.323788369085356,71.70183893190438,17.39926773257083,v3-2026-07-30-trip-suppression-fix
l_1184,SH1N,boundary,motorway,MWY,0.06666666666666667,0.06479119958189604,A,46.78371105963359,74.12198714827707,47.765118335675915,72.83828332406051,v3-2026-07-30-trip-suppression-fix
l_599,,peripheral,arterial,West,0.6384110657918071,6.969341902356189,F,35.36572445464771,41.66067944916726,35.79494132994891,41.35554576370837,v3-2026-07-30-trip-suppression-fix
l_1833,,peripheral,arterial,East,5.584858827179646,8.792031184832894,F,72.79557261648976,77.72925969396898,73.0664042965219,78.26479248703758,v3-2026-07-30-trip-suppression-fix
l_1053,,inner,arterial,CBD,0.43914220888531064,2.696596041424358,F,68.04283296939884,65.27661641542423,68.49949739909397,66.45736428321915,v3-2026-07-30-trip-suppression-fix
l_1175,,peripheral,arterial,West,0.5904736911166514,2.500084548644032,F,51.85167599897967,19.575456539565796,52.058685768613564,20.193263164454763,v3-2026-07-30-trip-suppression-fix
l_2157,SH16,peripheral,motorway,MWY,0.1411764705882353,0.6740113193688839,C,84.28773435652593,43.245213502604585,84.55624162921892,43.566620758211755,v3-2026-07-30-trip-suppression-fix
l_1813,,peripheral,arterial,West,0.8326972451599473,1.4453356680665295,F,52.28329132929725,11.135286795681793,53.13224760755773,11.200773498730635,v3-2026-07-30-trip-suppression-fix
l_745,,peripheral,arterial,East,0.5953266855186784,7.596769208101463,F,100.58093550442095,54.161107311431834,101.07579731435075,53.881642159883825,v3-2026-07-30-trip-suppression-fix
l_580,,peripheral,arterial,West,0.6931407942238267,4.415497296460335,F,59.91981909132407,23.29194827770564,60.26552505066133,23.177481659503353,v3-2026-07-30-trip-suppression-fix
l_963,,peripheral,arterial,West,0.718562874251497,5.239561653234393,F,49.19699130200595,64.37982714894805,49.674674255373986,64.34404111685214,v3-2026-07-30-trip-suppression-fix
l_929,,peripheral,arterial,West,0.5173082726214596,0.6007108820619045,C,34.56995437969109,0,34.62883258515349,0.24283073432664268,v3-2026-07-30-trip-suppression-fix
l_444,,peripheral,arterial,East,1.8697413524462447,8.561076464724136,F,120.08090534935732,57.50042770533528,120.10163903852856,58.608139274735734,v3-2026-07-30-trip-suppression-fix
l_250,,peripheral,arterial,West,1.8158890290037832,8.98917176124451,F,32.014169215528966,66.42387062720746,34.756290988467164,65.37382884878303,v3-2026-07-30-trip-suppression-fix
l_591,,peripheral,arterial,East,1.162715586848395,6.663865393340974,F,109.33551067936077,23.484989208777264,109.64630901000582,23.830545156038095,v3-2026-07-30-trip-suppression-fix
l_1489,,peripheral,arterial,West,9.341317365269461,10.899085675327235,F,44.99560781838119,64.10548271931862,45.75882620164784,64.22663319610409,v3-2026-07-30-trip-suppression-fix
l_1560,SH1N,peripheral,motorway,MWY,0.26666666666666666,2.1052357625425477,F,49.58751287920056,61.96732334357944,49.65627609578162,60.48860823595705,v3-2026-07-30-trip-suppression-fix
l_542,,boundary,arterial,East,1.3530273988048258,4.101023419376054,F,75.17263294825382,72.22604967163326,75.33328344094578,72.6825341116701,v3-2026-07-30-trip-suppression-fix
l_855,,boundary,arterial,East,1.7800632911392407,6.769096277682526,F,70.54401738169513,73.5546576808655,71.09092346605954,73.73375866135535,v3-2026-07-30-trip-suppression-fix
l_332,,inner,arterial,CBD,1.415261233636042,5.87807633837114,F,74.22918563108018,49.43310691861998,74.49349172307936,49.61741299843831,v3-2026-07-30-trip-suppression-fix
l_507,,inner,arterial,CBD,0.51985559566787,5.16906150063507,F,49.45148718222469,29.727381154535077,49.61938103076388,29.39998423668424,v3-2026-07-30-trip-suppression-fix
l_2605,,boundary,arterial,West,1.2768221315836141,5.602431514484091,F,46.4627385408681,33.89019902651251,46.89819113940197,33.4980383181697,v3-2026-07-30-trip-suppression-fix
l_2227,SH1N,peripheral,motorway,MWY,0.4666666666666667,1.9619388464316565,F,33.058111487828576,81.89081997784211,35.90168045373832,79.24437655458021,v3-2026-07-30-trip-suppression-fix
l_653,,peripheral,arterial,West,0.6384110657918071,6.219084562597117,F,29.946834492384088,59.19155118606064,30.22988037189786,58.024260059792724,v3-2026-07-30-trip-suppression-fix
l_1605,,peripheral,arterial,East,5.2810260279139944,5.548936623067159,F,76.86036877778082,31.84428993706855,78.74426645536876,30.268956217343014,v3-2026-07-30-trip-suppression-fix
l_169,,boundary,arterial,East,0.48007681228996646,5.943220463046457,F,95.53198715975178,58.57915053254723,95.58249214144531,58.95658599146769,v3-2026-07-30-trip-suppression-fix
l_958,,peripheral,arterial,East,0.9590792838874681,5.812690502262585,F,64.51092567825773,54.15272925848402,64.87791796969692,54.01083932229761,v3-2026-07-30-trip-suppression-fix
l_941,,boundary,arterial,East,0.7897854416216927,1.6272032070489337,F,87.4285688494408,74.16157052757397,88.09839164167468,73.93295303960706,v3-2026-07-30-trip-suppression-fix
l_2091,,peripheral,arterial,East,0.5953266855186784,7.6753585310504215,F,97.50004725077318,55.67778679127608,98.04341434136168,55.6676950421336,v3-2026-07-30-trip-suppression-fix
l_2228,,inner,arterial,CBD,0.8782844177706213,1.0990014816361648,F,60.54359895708543,48.874511597902,60.98773892815765,49.37984309580079,v3-2026-07-30-trip-suppression-fix
l_2205,,peripheral,arterial,West,1,2.3192417119876265,F,19.969935188443806,89.1561121549009,20.49151013134539,91.52491898071625,v3-2026-07-30-trip-suppression-fix
l_182,,peripheral,arterial,West,2.155688622754491,3.2231106940501175,F,56.17207625134482,64.14370402021895,56.975789666826095,64.10191157207261,v3-2026-07-30-trip-suppression-fix
l_2473,,peripheral,motorway,MWY,0.5333333333333333,2.2302595970801122,F,54.83373062356441,38.68241247093793,54.85581067271784,37.51987161663921,v3-2026-07-30-trip-suppression-fix
l_246,,peripheral,arterial,West,0.6245229338699604,2.5012929747675043,F,62.15842817136065,16.196837157858926,63.01787963772989,16.829647840958994,v3-2026-07-30-trip-suppression-fix
l_743,,boundary,arterial,West,0.7365126127784938,5.2973709034096705,F,49.18592036398048,73.24465908987568,49.324280536344816,73.67454307841179,v3-2026-07-30-trip-suppression-fix
l_610,,inner,arterial,CBD,0.5469711472719815,6.713289115809696,F,102.44312015874735,59.58587777845526,102.94906915652737,59.90078968461936,v3-2026-07-30-trip-suppression-fix
l_2260,,inner,arterial,CBD,0.8782844177706213,2.9285783426941734,F,60.98773892815765,49.37984309580079,61.21304726287594,49.80812068796445,v3-2026-07-30-trip-suppression-fix
l_416,,peripheral,arterial,West,1.0778443113772456,10.954824409064576,F,47.58856967562438,64.40931418225067,47.87113021863731,64.40413492993997,v3-2026-07-30-trip-suppression-fix
l_621,,inner,arterial,CBD,1.4730252255569876,4.183608443150346,F,51.984776202617375,81.19311260890247,52.39790150800914,82.37469043157401,v3-2026-07-30-trip-suppression-fix
l_687,,inner,arterial,CBD,0.6990834239552587,3.6864281072092413,F,88.1860699810941,55.22893905573418,89.27113355970832,56.28989760791533,v3-2026-07-30-trip-suppression-fix
l_993,,peripheral,arterial,East,0.8783487044356609,4.667433549516924,F,91.37144208454141,13.711017694944955,92.97144198432113,13.248900677184562,v3-2026-07-30-trip-suppression-fix
l_460,,peripheral,arterial,West,3.08364383913658,5.766155040378092,F,20.33101384723842,81.52818713871184,20.536626673350835,79.68667156086065,v3-2026-07-30-trip-suppression-fix
l_2069,,inner,arterial,CBD,1.4070194637692488,3.7376586788629758,F,77.78445854772983,70.0157000072251,78.0885341738367,71.17222198928589,v3-2026-07-30-trip-suppression-fix
l_784,,peripheral,arterial,East,1.7566974088713219,5.378414003794482,F,72.14670202358586,19.120755876282022,72.96847240440836,18.88937323681051,v3-2026-07-30-trip-suppression-fix
l_463,,peripheral,arterial,West,2.946050451113975,3.2603895129176945,F,48.32123071800632,71.1524598947514,48.84250379985112,72.305034748848,v3-2026-07-30-trip-suppression-fix
l_641,,inner,arterial,CBD,0.8204567209079722,6.251047935944229,F,107.4598377742499,60.438470714385474,107.99666478625203,60.07712804819163,v3-2026-07-30-trip-suppression-fix
l_241,,peripheral,arterial,East,2.5657472738935216,11.214581076352346,F,122.3702396828615,39.26859188617043,123.03438018628611,39.904819178716544,v3-2026-07-30-trip-suppression-fix
l_875,,peripheral,arterial,East,0.51985559566787,4.475168392648644,F,63.89790921486616,22.11063317007872,64.37349883939923,21.966740772064515,v3-2026-07-30-trip-suppression-fix
l_268,,peripheral,arterial,West,7.232401157184185,15.617007472126618,F,23.242681989488776,71.88091929891863,23.75937672001479,72.79039814014064,v3-2026-07-30-trip-suppression-fix
l_2415,,boundary,motorway,MWY,0.5333333333333333,2.054632919138017,F,54.84204280116746,38.244766432071046,54.85581067271784,37.51987161663921,v3-2026-07-30-trip-suppression-fix
l_1890,,inner,arterial,CBD,0.658713313327966,3.26108726757949,F,64.18510637025192,55.347891346380386,64.95548773532586,57.036371765893044,v3-2026-07-30-trip-suppression-fix
l_146,,peripheral,arterial,East,0.4660556159701724,3.0121233856458485,F,64.61339702017465,18.47590338906229,64.70680343127532,18.82552712761103,v3-2026-07-30-trip-suppression-fix
l_41,,inner,arterial,CBD,2.029541098207239,2.946256482917582,F,72.40769120143241,64.97992663724726,73.09222729638593,66.7240176771746,v3-2026-07-30-trip-suppression-fix
l_593,,peripheral,arterial,East,0.6467608062951385,2.923081513219265,F,83.20020090504401,37.26749840509649,83.70137069900036,38.50144590706852,v3-2026-07-30-trip-suppression-fix
l_564,,peripheral,arterial,West,0.34657039711191334,4.517403517496604,F,61.28190622607549,22.88851284067149,61.7574991780462,22.74462655540338,v3-2026-07-30-trip-suppression-fix
l_468,,peripheral,arterial,West,0.2729630135116692,0.44459972494052213,C,9.096842275087386,22.166807835789175,10.396269420581742,21.89997852901745,v3-2026-07-30-trip-suppression-fix
l_1776,SH1S,peripheral,motorway,MWY,0.25263157894736843,1.9312341404594944,F,79.11547301443176,17.45149042505728,79.55429144422294,16.497444047093744,v3-2026-07-30-trip-suppression-fix
l_72,,peripheral,arterial,West,1.4328928514567743,2.1600297161375543,F,24.863778630243967,40.392930819995776,27.32353851346011,40.56429539010927,v3-2026-07-30-trip-suppression-fix
l_1756,,inner,arterial,CBD,2.4979184013322233,0.9488153765121653,E,78.76087524176054,60.51135513019895,79.24505232266196,60.82672526593426,v3-2026-07-30-trip-suppression-fix
l_84,,boundary,arterial,West,1.9181585677749362,2.4701651835586813,F,60.365306313722996,55.715473433865334,60.64586369269479,55.60220742294849,v3-2026-07-30-trip-suppression-fix
l_2497,SH1N,boundary,motorway,MWY,0.3333333333333333,1.8744718704994192,F,49.268580488300465,69.45946102201226,49.36474344224883,67.59288241770346,v3-2026-07-30-trip-suppression-fix
l_38,,peripheral,arterial,West,0.51985559566787,4.48466576150444,F,61.7574991780462,22.74462655540338,62.96845920756803,22.398014489575356,v3-2026-07-30-trip-suppression-fix
l_1168,,peripheral,arterial,East,36,52.621056327095815,F,93.36711076095095,70.78129612834279,93.73447562361224,71.82851945246047,v3-2026-07-30-trip-suppression-fix
l_1469,,peripheral,arterial,East,0.8783487044356609,0.9427078633240733,E,65.28320945797132,21.78782265927026,65.47130617214107,21.378959428424118,v3-2026-07-30-trip-suppression-fix
l_101,,peripheral,arterial,West,0.4163486225799736,2.3588987028724557,F,59.782838745666176,15.862190012256894,60.32709458729514,15.906228114512503,v3-2026-07-30-trip-suppression-fix
l_555,,peripheral,arterial,West,0.8188890405350076,4.414403988092581,F,29.520868804521943,18.065397171571686,29.827072700036368,18.167912745491606,v3-2026-07-30-trip-suppression-fix
l_1451,,inner,arterial,CBD,3.9154906599233215,7.103731256413264,F,90.45208248829778,66.02461078086631,91.21750506930572,65.09151821134026,v3-2026-07-30-trip-suppression-fix
l_274,,peripheral,arterial,East,0.6587615283267457,6.169276135722569,F,68.05855738158797,20.223184049712202,68.51290857770731,20.106699925429442,v3-2026-07-30-trip-suppression-fix
l_1299,,boundary,arterial,East,1.1047689191677408,0.5387823318822194,C,70.97498111678571,74.51966342506424,71.4152041612677,74.80883656913852,v3-2026-07-30-trip-suppression-fix
l_765,,peripheral,arterial,West,5.019720329867336,10.068870673255688,F,29.520868804521943,18.065397171571686,29.998429859075458,16.84049715637769,v3-2026-07-30-trip-suppression-fix
l_755,,peripheral,arterial,East,1.1860051393556037,5.444421200642695,F,64.3589247678989,31.77762305157244,64.56348885504276,32.26033191009303,v3-2026-07-30-trip-suppression-fix
l_923,,boundary,arterial,West,0.718562874251497,3.3352111730027025,F,56.975789666826095,64.10191157207261,57.25884768353421,64.12373676683629,v3-2026-07-30-trip-suppression-fix
l_918,,boundary,arterial,West,0.7365126127784938,5.264809760755756,F,49.324280536344816,73.67454307841179,49.4389192227232,73.99675673960067,v3-2026-07-30-trip-suppression-fix
l_42,,peripheral,arterial,East,0.9701412094427078,7.374064299842729,F,72.7072231246955,21.218479863717985,72.96375709370993,22.159673228405143,v3-2026-07-30-trip-suppression-fix
l_271,,peripheral,arterial,West,1.03971119133574,4.413430605000272,F,60.26552505066133,23.177481659503353,60.80631266333057,23.0323980143972,v3-2026-07-30-trip-suppression-fix
l_920,,boundary,arterial,East,15.567873569996463,7.0614158072759174,F,68.94062341036035,47.96313561986152,70.50245947328503,47.77217709600998,v3-2026-07-30-trip-suppression-fix
l_387,,peripheral,arterial,East,7.402837754472547,8.475016162210034,F,103.18948378490988,16.815721678574068,103.69986891686158,17.373785672682526,v3-2026-07-30-trip-suppression-fix
l_87,,peripheral,arterial,East,1.162715586848395,9.611765220133321,F,107.14013993361219,45.633778238800495,107.5996265655099,44.62523258906839,v3-2026-07-30-trip-suppression-fix
l_1410,,peripheral,arterial,West,0.3936491274111009,2.5710414539627293,F,52.314129578362284,21.08044440557598,52.384790658116664,21.37643744779161,v3-2026-07-30-trip-suppression-fix
l_107,,boundary,arterial,East,3.9533504645186794,5.471396142886535,F,66.18877609814999,36.6897596250006,66.5307284376244,37.54830611452319,v3-2026-07-30-trip-suppression-fix
l_883,,peripheral,arterial,West,2.0198619760983,4.224717719640566,F,21.311067390560833,73.26739101638535,21.956748753009197,72.90429875875918,v3-2026-07-30-trip-suppression-fix
l_666,,peripheral,arterial,East,1.3981668479105174,5.594975123442697,F,69.77094647788392,32.89406806263051,70.81008333656156,35.00999473977138,v3-2026-07-30-trip-suppression-fix
l_2030,,boundary,arterial,East,0.5933544303797469,6.672880036454763,F,72.55326080360602,74.03110578680466,72.85907041349095,74.10654373911623,v3-2026-07-30-trip-suppression-fix
l_1496,,peripheral,arterial,West,0.4670351054720947,0.3635178502362585,B,50.97996415226851,51.37448260392888,51.28573149316999,51.449951048757505,v3-2026-07-30-trip-suppression-fix
l_185,,inner,arterial,CBD,1.3530273988048258,2.592692750539316,F,71.60699851117133,62.8325792472721,71.88080660841018,63.530216875278064,v3-2026-07-30-trip-suppression-fix
l_1566,,peripheral,arterial,East,1.6409134418159443,7.104651072367768,F,97.15401521163456,56.32709926417492,97.17704338533345,55.8459450532657,v3-2026-07-30-trip-suppression-fix
l_97,,peripheral,arterial,East,1.550287449131193,9.643658496597704,F,109.69226962005915,40.261969896212356,111.16009224621511,37.369775279737574,v3-2026-07-30-trip-suppression-fix
l_288,,peripheral,arterial,West,0.9552619009711829,1.8632982837544168,F,19.935796056810617,41.96912676686193,20.192649460808386,41.74824217341271,v3-2026-07-30-trip-suppression-fix
l_476,,inner,arterial,CBD,1.3057671381936886,3.3440050665292382,F,56.425885077043226,67.30112557727618,56.573209821659226,68.21731524158356,v3-2026-07-30-trip-suppression-fix
l_286,,peripheral,arterial,West,0.6732873253661,1.257528060416766,F,7.780939910423752,71.75651292746136,7.980001471802172,71.94208491837833,v3-2026-07-30-trip-suppression-fix
l_842,,peripheral,arterial,West,19.682456370555045,6.432454441111249,F,53.1215946168522,24.79526131589832,54.638118647539876,26.875465062378005,v3-2026-07-30-trip-suppression-fix
l_906,,peripheral,arterial,West,0.6384110657918071,6.247659657130241,F,30.22988037189786,58.024260059792724,30.431418608881398,57.15574394736645,v3-2026-07-30-trip-suppression-fix
l_121,,peripheral,arterial,East,1.550287449131193,9.691949072765295,F,105.61152915050488,48.77030886430576,106.49109268072078,46.970172440998155,v3-2026-07-30-trip-suppression-fix
l_180,,peripheral,arterial,West,2.6115342763873772,3.531735241617699,F,56.17207625134482,64.14370402021895,56.256678707080965,65.1961779462342,v3-2026-07-30-trip-suppression-fix
l_1598,,peripheral,motorway,MWY,0.26666666666666666,1.92834462082349,F,46.1774620258294,74.0024792413105,47.765118335675915,72.83828332406051,v3-2026-07-30-trip-suppression-fix
l_955,,boundary,arterial,East,0.39489272081084636,1.6081771772197946,F,89.39456004025752,73.47651690232533,90.17255953019585,73.21886161028831,v3-2026-07-30-trip-suppression-fix
l_213,,peripheral,arterial,West,0.6384110657918071,6.252511785194603,F,30.87647586311128,55.33686591613959,31.017252115828647,54.712693693058014,v3-2026-07-30-trip-suppression-fix
l_227,,peripheral,arterial,East,1.3175230566534915,4.743673381759208,F,85.98618713567022,15.189215814380727,86.5916285183731,15.015838603926118,v3-2026-07-30-trip-suppression-fix
l_178,,peripheral,arterial,West,1.54182191956829,5.37456591797838,F,19.947982144973768,84.3728949178436,20.00482212866559,83.91241743811356,v3-2026-07-30-trip-suppression-fix
l_289,,peripheral,arterial,West,1.4328928514567743,2.0714394895707255,F,20.192649460808386,41.74824217341271,22.447982986685012,40.2477627870245,v3-2026-07-30-trip-suppression-fix
l_136,,peripheral,arterial,East,0.6467608062951385,2.9096248430353677,F,84.04239717389197,39.30593131977815,84.26974952002529,39.842254643745136,v3-2026-07-30-trip-suppression-fix
l_344,,peripheral,arterial,West,0.7171029042667623,4.57989425199368,F,34.54057727193056,3.730841017458006,34.579581000249796,3.4868910197890117,v3-2026-07-30-trip-suppression-fix
l_902,,peripheral,arterial,West,1.446480231436837,15.433184933616147,F,25.445297927192893,77.00279068981494,25.67302331002008,77.56619041915954,v3-2026-07-30-trip-suppression-fix
l_3,,peripheral,arterial,West,0.6931407942238267,4.446378808309726,F,55.91896071120116,24.419550473893427,57.627765842110215,23.955714238105273,v3-2026-07-30-trip-suppression-fix
l_619,,peripheral,arterial,West,0.6662225183211192,2.771168231724943,F,15.26658007706328,19.568302020942355,15.509063138464636,19.753075667460394,v3-2026-07-30-trip-suppression-fix
l_2151,,peripheral,motorway,MWY,0.2,2.126928585407928,F,49.65627609578162,60.48860823595705,49.79450913135496,59.94446400638409,v3-2026-07-30-trip-suppression-fix
l_574,,peripheral,arterial,West,0.4163486225799736,2.2373981221683854,F,36.74356671280493,2.9608448381299683,36.899631159976956,3.174200817466635,v3-2026-07-30-trip-suppression-fix
l_1789,,peripheral,arterial,East,1.6409134418159443,6.8817496190716145,F,101.1613482400527,58.474587001941416,101.60510718434668,58.95281800135987,v3-2026-07-30-trip-suppression-fix
l_953,,peripheral,arterial,East,0.6587615283267457,4.580076723799575,F,94.74427131458471,12.729508385691016,95.54527076006492,12.552472957554883,v3-2026-07-30-trip-suppression-fix
l_2001,,inner,arterial,CBD,0.9788726649808304,7.3858620074182575,F,93.5320904956124,60.94055051244841,93.60583402800728,61.398634990402456,v3-2026-07-30-trip-suppression-fix
l_2297,,peripheral,arterial,West,0.7872982548222018,2.490126874478466,F,51.23987720628342,16.987227355129107,51.85167599897967,19.575456539565796,v3-2026-07-30-trip-suppression-fix
l_2043,,inner,arterial,CBD,1.9181585677749362,1.3382126383864672,F,54.10453983321792,58.12777182907482,54.601457003357595,57.956488700539424,v3-2026-07-30-trip-suppression-fix
l_1742,,inner,arterial,CBD,0.39489272081084636,0.10495458636246925,A,94.01955939567458,71.95836419580954,94.75760518399456,71.37811824789006,v3-2026-07-30-trip-suppression-fix
l_684,,inner,arterial,CBD,1.415261233636042,2.173833368512351,F,68.53899968943219,55.646056144061916,69.11457928555151,56.203002006373694,v3-2026-07-30-trip-suppression-fix
l_753,,inner,arterial,CBD,0.8204567209079722,5.849642882578115,F,108.46929287016145,59.77103292301137,108.85548333009355,59.493573287192135,v3-2026-07-30-trip-suppression-fix
l_806,,inner,arterial,CBD,1.3057671381936886,5.117203285060474,F,57.91131055695978,74.76013394499716,58.39315275569288,76.12962319019151,v3-2026-07-30-trip-suppression-fix
l_2098,,boundary,arterial,East,0.4660556159701724,1.6535419782900898,F,81.34710947838948,47.54485531979951,81.6301493086544,47.56664669256718,v3-2026-07-30-trip-suppression-fix
l_846,,peripheral,arterial,East,0.9701412094427078,4.334247770253075,F,75.35226787411736,26.710079365169303,76.10914760698414,27.66905318193299,v3-2026-07-30-trip-suppression-fix
l_2402,,inner,arterial,CBD,0.4660556159701724,1.5654916795418996,F,81.01008786227239,46.95650418119253,81.34710947838948,47.54485531979951,v3-2026-07-30-trip-suppression-fix
l_284,,peripheral,arterial,West,0.6732873253661,1.0543007211204742,F,7.360099979498667,71.33172830966363,7.780939910423752,71.75651292746136,v3-2026-07-30-trip-suppression-fix
l_2538,,boundary,arterial,East,0.8204567209079722,7.040574409429532,F,98.22924871404055,57.47502930571006,98.55879211378273,57.658094585658226,v3-2026-07-30-trip-suppression-fix
l_477,,inner,arterial,CBD,0.47084673938632976,8.265979277496173,F,49.45544964230435,34.67313521230625,49.65451723037659,34.85866776126015,v3-2026-07-30-trip-suppression-fix
l_2353,SH1N,peripheral,motorway,MWY,0.26666666666666666,1.8524003686507127,F,47.765118335675915,72.83828332406051,48.518423693547746,71.58405479685005,v3-2026-07-30-trip-suppression-fix
l_866,,peripheral,arterial,West,1.3465746507322,9.876889423226547,F,23.543043514611877,71.65924041003223,24.293451413394337,71.07802402876578,v3-2026-07-30-trip-suppression-fix
l_143,,boundary,arterial,East,1.4268727705112962,9.261483198794,F,80.0505810352026,72.62242364508671,80.52577913799671,72.4514808872032,v3-2026-07-30-trip-suppression-fix
l_1444,,peripheral,arterial,West,2,1.2289337103072924,F,47.93007718697632,72.34878665922488,48.07578010024718,71.99477423500666,v3-2026-07-30-trip-suppression-fix
l_711,,inner,arterial,CBD,1.3057671381936886,4.7628734559553125,F,58.66941781072258,76.96236283428607,59.08157987052399,78.08989422446795,v3-2026-07-30-trip-suppression-fix
l_770,,boundary,arterial,West,2.520214218208548,2.339256228042356,F,56.32606541401806,63.05982054201619,56.694073547401054,62.971980289645025,v3-2026-07-30-trip-suppression-fix
l_2388,,inner,arterial,CBD,0.39489272081084636,4.167480617078208,F,99.25936730513611,68.42871382215652,99.71280601003023,68.25813010841078,v3-2026-07-30-trip-suppression-fix
l_2471,,peripheral,arterial,West,0.6931407942238267,7.541394346214129,F,50.7546373797436,27.29811996730244,51.25780759579831,26.288907762397006,v3-2026-07-30-trip-suppression-fix
l_60,,peripheral,arterial,West,1.064018442986345,7.028641156880731,F,38.11387922865658,39.772649092279735,39.35853243396495,38.885039799948636,v3-2026-07-30-trip-suppression-fix
l_450,,peripheral,arterial,East,0.7544322897019992,1.858535108324909,F,85.58516259676898,27.54781745614378,85.91481718027444,26.56875306139931,v3-2026-07-30-trip-suppression-fix
l_22,,inner,arterial,CBD,1.902497027348395,8.739694522471508,F,83.50686915978318,71.39637099102198,84.65187825992689,70.9968135233585,v3-2026-07-30-trip-suppression-fix
l_207,,inner,arterial,CBD,0.47084673938632976,8.204958290656,F,52.063959822595145,35.84145225925304,52.45812608059369,35.996374270369245,v3-2026-07-30-trip-suppression-fix
l_135,,inner,arterial,CBD,0.8204567209079722,4.990583871972273,F,112.28206302975441,59.02432381747972,112.94925838259698,59.8226876909733,v3-2026-07-30-trip-suppression-fix
l_1335,,inner,arterial,CBD,0.39489272081084636,1.6414640518012205,F,84.7260242626595,74.99536883348628,85.37493950857717,75.0064425633978,v3-2026-07-30-trip-suppression-fix
l_214,,peripheral,arterial,West,2.892960462873674,15.716203979466313,F,24.238027297717988,73.99785629994628,24.944404743697714,75.76871391045684,v3-2026-07-30-trip-suppression-fix
l_637,,inner,arterial,CBD,1.4683089974712455,7.073444767879093,F,92.70736870500535,63.3612164894368,93.29637699962102,62.29625381690608,v3-2026-07-30-trip-suppression-fix
l_406,,peripheral,arterial,West,0.9552619009711829,1.3901866829394074,F,15.445123067090424,47.26685798344814,16.664169368383536,47.352798394816936,v3-2026-07-30-trip-suppression-fix
l_648,,boundary,arterial,East,1.3530273988048258,4.131281243832964,F,74.64771262574864,70.88441532044997,75.05845412024367,71.93086614417015,v3-2026-07-30-trip-suppression-fix
l_163,,peripheral,arterial,West,0.2729630135116692,0.8540368643752756,E,15.330500061785118,15.918605820140177,16.058494501113277,15.310789384286009,v3-2026-07-30-trip-suppression-fix
l_982,,peripheral,arterial,East,0.6587615283267457,6.21012680086266,F,70.17819305561731,19.643559722879967,70.74069647453153,19.49804875099083,v3-2026-07-30-trip-suppression-fix
l_699,,peripheral,arterial,West,0.6732873253661,1.6314600631754994,F,15.604851378302122,72.74956852759031,16.56321227752726,72.84025424133975,v3-2026-07-30-trip-suppression-fix
l_2559,SH1S,boundary,motorway,MWY,0.12631578947368421,0.140277493113663,A,51.48271164106916,27.87933678997897,53.3222333571636,29.79146229844561,v3-2026-07-30-trip-suppression-fix
l_1207,,boundary,arterial,East,1.093942294543963,2.890564783025838,F,101.16638054128681,58.744760190886595,101.60510718434668,58.95281800135987,v3-2026-07-30-trip-suppression-fix
l_940,,peripheral,arterial,West,0.2729630135116692,0.778149846803258,D,21.090033019984215,14.678683603041085,21.440673770187722,14.834454166452952,v3-2026-07-30-trip-suppression-fix
l_1749,,boundary,arterial,East,1.5914415808319702,10.108491311874475,F,93.87893242817293,51.528849290813326,94.36864059133393,52.14137492951401,v3-2026-07-30-trip-suppression-fix
l_658,,boundary,arterial,East,1.260107109104274,5.292870940806804,F,82.61537724786608,46.76465010547394,82.82720406952839,46.46343850540144,v3-2026-07-30-trip-suppression-fix
l_1288,,peripheral,arterial,West,0.7200000000000001,3.171876737932732,F,52.384790658116664,21.37643744779161,52.68419619251515,22.289837472597156,v3-2026-07-30-trip-suppression-fix
l_100,,boundary,arterial,West,6.73778775968557,4.949627617109842,F,60.80485960601981,45.35627036157406,61.4001317421166,45.80476742262413,v3-2026-07-30-trip-suppression-fix
l_2135,,peripheral,arterial,West,0.8512147543890761,5.622913409317085,F,47.410021244273395,33.38635763115281,47.79573943349853,33.0819948251006,v3-2026-07-30-trip-suppression-fix
l_1740,,boundary,arterial,East,0.7897854416216927,1.6858129605006051,F,80.05942625532296,76.62218255060786,81.08005577299889,76.54926355530483,v3-2026-07-30-trip-suppression-fix
l_774,,inner,arterial,CBD,0.3090632807067247,0.622400202599027,D,118.5761417371321,64.23117343997042,119.27269376676925,64.27222082409003,v3-2026-07-30-trip-suppression-fix
l_938,,peripheral,arterial,East,1.7548990933021351,1.6535367425033534,F,71.91290464729968,18.23319513559029,72.14670202358586,19.120755876282022,v3-2026-07-30-trip-suppression-fix
l_734,,boundary,arterial,West,0.8512147543890761,7.389102780026426,F,43.75820054058184,35.777549300027054,44.466442142345834,35.27810071114708,v3-2026-07-30-trip-suppression-fix
l_423,,boundary,arterial,East,0.48007681228996646,5.845500135628179,F,95.43963619956364,61.797033827149114,95.5003199063937,61.55266787133714,v3-2026-07-30-trip-suppression-fix
l_660,,peripheral,arterial,East,0.7544322897019992,3.0832293623828853,F,86.45239586908485,16.883257353917134,86.56957610829535,17.340539282249114,v3-2026-07-30-trip-suppression-fix
l_651,,peripheral,arterial,East,1.2808197246237591,1.292487893529755,F,85.80030734827638,14.54401975755038,85.91648209546244,14.947267311056983,v3-2026-07-30-trip-suppression-fix
l_1419,,peripheral,arterial,East,1.785980056556035,7.686233978066709,F,96.91823777215785,55.95885743573806,97.17704338533345,55.8459450532657,v3-2026-07-30-trip-suppression-fix
l_495,,peripheral,arterial,West,0.6732873253661,1.0092983468291667,F,5.1665294951604706,69.07428324444726,6.229478036781848,70.136056771095,v3-2026-07-30-trip-suppression-fix
l_156,,inner,arterial,CBD,1.064018442986345,7.405497764536924,F,44.466442142345834,35.27810071114708,45.6256012022961,34.47309629286863,v3-2026-07-30-trip-suppression-fix
l_952,,inner,arterial,CBD,1.3674278681799537,6.389190118398592,F,103.91347280868749,60.3152799633728,104.81217107922636,60.703961739510994,v3-2026-07-30-trip-suppression-fix
l_1024,,peripheral,arterial,East,12,52.58517008070602,F,93.11445522620902,70.05626400761284,93.36711076095095,70.78129612834279,v3-2026-07-30-trip-suppression-fix
l_738,,inner,arterial,CBD,1.5280135823429541,14.48192742981574,F,56.50199752388697,40.732792805068556,57.16493430962281,41.31518949805512,v3-2026-07-30-trip-suppression-fix
l_904,,peripheral,arterial,West,1.0186757215619695,14.581703911486585,F,58.42761061428287,42.58924470487888,58.78181302058914,42.934075279293715,v3-2026-07-30-trip-suppression-fix
l_538,,peripheral,arterial,East,1.3530273988048258,4.111177323836151,F,75.05845412024367,71.93086614417015,75.17263294825382,72.22604967163326,v3-2026-07-30-trip-suppression-fix
l_194,,boundary,arterial,East,0.718562874251497,1.469463711790557,F,66.14286173603182,64.82514320490282,66.79143678056333,64.62401159445204,v3-2026-07-30-trip-suppression-fix
l_314,,boundary,arterial,West,2.520214218208548,1.7570507734909024,F,60.49309885783969,61.46974642163667,60.98902377665546,61.24441366475997,v3-2026-07-30-trip-suppression-fix
l_715,,inner,arterial,CBD,3.7803213273128216,5.315888168540714,F,81.80594585524118,48.0205643556404,82.0243621759627,47.72151396091775,v3-2026-07-30-trip-suppression-fix
l_2110,,peripheral,arterial,West,1.2490458677399208,1.5706841324714267,F,49.898340408449265,10.287200357257893,51.82497587753683,11.035597422664797,v3-2026-07-30-trip-suppression-fix
l_2180,SH1S,peripheral,motorway,MWY,0.1894736842105263,1.9864137397049249,F,70.98572173256585,26.8717716188427,71.30370240226385,26.433479853153397,v3-2026-07-30-trip-suppression-fix
l_2103,,peripheral,motorway,MWY,0.2,1.6796896011381406,F,80.29652541903556,14.32158640620621,80.3784383385374,14.049804955866923,v3-2026-07-30-trip-suppression-fix
l_2399,,inner,arterial,CBD,1.1867088607594938,4.829016348185018,F,53.65937578832898,70.56806433224813,55.73360997152649,69.85431913751114,v3-2026-07-30-trip-suppression-fix
l_751,,peripheral,arterial,East,0.6587615283267457,4.4276223681865075,F,98.50670295029522,11.659621214841225,99.17731541250967,11.484994891160891,v3-2026-07-30-trip-suppression-fix
l_939,,peripheral,arterial,East,11.545862732520847,11.91630780369746,F,113.33141003675074,33.73472308894424,114.8461036642214,34.51726830601215,v3-2026-07-30-trip-suppression-fix
l_1107,,inner,arterial,CBD,0.5155746509129968,0.6812384294498962,D,58.47407308250859,49.83146835872688,58.56648394417951,50.12705980932227,v3-2026-07-30-trip-suppression-fix
l_1812,,peripheral,arterial,West,0.7872982548222018,2.1772772964930467,F,49.90940397851023,12.070740806355541,50.372327238151584,13.6027499728096,v3-2026-07-30-trip-suppression-fix
l_741,,peripheral,arterial,East,0.9701412094427078,4.243400429349008,F,77.49053491244558,29.481333655634618,77.93568061832971,30.040664160078066,v3-2026-07-30-trip-suppression-fix
l_116,,peripheral,arterial,West,0.6245229338699604,2.440563898101239,F,60.762200527057644,15.925247188892047,62.15842817136065,16.196837157858926,v3-2026-07-30-trip-suppression-fix
l_1273,,peripheral,arterial,West,0.2577873254564984,0.7639593632814313,D,58.06295510020387,48.75797027711882,58.177596542623355,49.080179599865495,v3-2026-07-30-trip-suppression-fix
l_880,,boundary,arterial,West,1.260107109104274,1.8842610680535625,F,57.70866742258504,62.57496723655643,58.61557679123506,62.23398134375334,v3-2026-07-30-trip-suppression-fix
l_991,,peripheral,arterial,East,0.6467608062951385,4.2492652209702255,F,77.22274817919336,29.10791067568746,77.49053491244558,29.481333655634618,v3-2026-07-30-trip-suppression-fix
l_602,,peripheral,arterial,East,1.2828736369467608,11.730186780676961,F,116.16471022858158,35.276436523052126,116.60441641335288,35.538496593822366,v3-2026-07-30-trip-suppression-fix
l_1538,,peripheral,arterial,East,2.587043225180554,10.094048948880829,F,73.49056468457023,23.609380692674144,73.76033762530636,24.090877441188407,v3-2026-07-30-trip-suppression-fix
l_1570,SH1N,peripheral,motorway,MWY,0.2,1.8783233076191705,F,49.46543214955634,61.239851465623666,49.547716870025845,61.49984412727382,v3-2026-07-30-trip-suppression-fix
l_901,,peripheral,arterial,West,1.00993098804915,10.018861565410536,F,28.666384370596415,67.64707834467366,29.051701669472546,67.31573675116461,v3-2026-07-30-trip-suppression-fix
l_2078,,peripheral,arterial,West,1.2490458677399208,1.8349934918445816,F,46.885732413122895,9.585731174776488,49.898340408449265,10.287200357257893,v3-2026-07-30-trip-suppression-fix
l_54,,boundary,arterial,West,0.47084673938632976,2.141143893989932,F,55.7186490833935,37.152675638354886,56.484763047102184,37.4358875262841,v3-2026-07-30-trip-suppression-fix
l_126,,inner,arterial,CBD,0.7405578869414959,6.140507747424233,F,61.263014156469026,40.72632073934408,61.33998282410627,40.18437565633962,v3-2026-07-30-trip-suppression-fix
l_1441,SH1N,peripheral,motorway,MWY,0.4,1.8823415071900018,F,49.46543214955634,61.239851465623666,50.157972579024026,58.55544635747299,v3-2026-07-30-trip-suppression-fix
l_2177,,boundary,arterial,East,0.9321112319403448,1.6591771807609172,F,81.80594585524118,48.0205643556404,82.09757664711329,48.15258459901358,v3-2026-07-30-trip-suppression-fix
l_1422,,inner,arterial,CBD,1.4070194637692488,5.262618138153171,F,69.48926630462122,44.70984221584518,69.92317004128877,45.83695339836799,v3-2026-07-30-trip-suppression-fix
l_204,,peripheral,arterial,West,0.2729630135116692,4.537152291878686,F,38.32500839245553,24.012453131749073,38.612466567512,24.27745724437945,v3-2026-07-30-trip-suppression-fix
l_312,,inner,arterial,CBD,0.5469711472719815,4.987482800478838,F,112.94925838259698,59.8226876909733,113.21563314092414,60.11501533830143,v3-2026-07-30-trip-suppression-fix
l_1957,,inner,arterial,CBD,0.43914220888531064,2.6918310223015083,F,69.9619536507304,70.29518922611199,70.12209217912265,70.72466007959736,v3-2026-07-30-trip-suppression-fix
l_89,,peripheral,arterial,East,1.550287449131193,5.583670532717394,F,113.17528008776863,31.197116002251,113.40268484984902,32.89556275122602,v3-2026-07-30-trip-suppression-fix
l_442,,peripheral,arterial,East,1.2464942349641632,8.54621967448987,F,119.1538986518475,61.409599787911716,119.94698244307746,60.800198697541475,v3-2026-07-30-trip-suppression-fix
l_1117,,peripheral,arterial,East,0.5469711472719815,0.42770770875853376,B,100.85303286281456,58.26410443771736,101.1613482400527,58.474587001941416,v3-2026-07-30-trip-suppression-fix
l_820,,inner,arterial,CBD,1.7800632911392407,6.757803279927155,F,68.0786063807393,71.92445988238603,70.54401738169513,73.5546576808655,v3-2026-07-30-trip-suppression-fix
l_2209,,inner,arterial,CBD,3.9533504645186794,5.426412787809674,F,65.37049502225159,34.75892893840695,65.77564147931554,35.76447704707274,v3-2026-07-30-trip-suppression-fix
l_2688,,inner,arterial,CBD,0.658713313327966,3.1785488809602924,F,66.46478413796704,61.06253952553714,67.17348788102349,62.941334292967575,v3-2026-07-30-trip-suppression-fix
l_175,,peripheral,arterial,West,0.4163486225799736,2.268286432903393,F,35.52025654373531,1.4427167203535378,35.78496267608044,1.6540867439188676,v3-2026-07-30-trip-suppression-fix
l_776,,peripheral,arterial,East,1.7548990933021351,1.6596322465479083,F,71.70183893190438,17.39926773257083,71.91290464729968,18.23319513559029,v3-2026-07-30-trip-suppression-fix
l_601,,peripheral,arterial,West,0.34657039711191334,4.43948800936531,F,59.5953458922492,23.378997225514432,59.91981909132407,23.29194827770564,v3-2026-07-30-trip-suppression-fix
l_200,,inner,arterial,CBD,0.9601536245799329,5.865095081691389,F,94.42584210066914,64.57256242888025,94.86370199219547,63.56445281109681,v3-2026-07-30-trip-suppression-fix
l_1276,,boundary,arterial,West,0.8782844177706213,1.1022950960297668,F,60.183906457535066,48.2324938814453,60.54359895708543,48.874511597902,v3-2026-07-30-trip-suppression-fix
l_2079,,peripheral,arterial,West,0.3936491274111009,1.5200781369207896,F,49.51565075152286,10.7536727531297,49.74686058908109,11.506169211820113,v3-2026-07-30-trip-suppression-fix
l_255,,peripheral,arterial,West,1.7927572606669058,10.120604044409516,F,29.998429859075458,16.84049715637769,30.933286710960843,14.472141602147115,v3-2026-07-30-trip-suppression-fix
l_961,,peripheral,arterial,East,1.1259148057796962,1.8757991961818776,F,112.58002785651028,24.937999502131394,113.56351492893005,24.05479541409066,v3-2026-07-30-trip-suppression-fix
l_511,,peripheral,arterial,East,1.1259148057796962,1.2081947797529455,F,118.61375585870096,20.93350617850465,121.14212573432141,20.12950421223557,v3-2026-07-30-trip-suppression-fix
l_1145,,boundary,arterial,East,80,53.966231669421425,F,92.03296894979158,68.02229805492169,92.79408265927084,69.19735448919624,v3-2026-07-30-trip-suppression-fix
l_465,,peripheral,arterial,West,1.0756543564001435,4.561007875854063,F,33.68337516347586,6.773457741455944,34.01323055681095,5.794481414044781,v3-2026-07-30-trip-suppression-fix
l_337,,peripheral,arterial,West,1.54182191956829,5.848694201815829,F,20.536626673350835,79.68667156086065,20.69081771812107,78.60282193635975,v3-2026-07-30-trip-suppression-fix
l_1160,,boundary,arterial,West,1.3057671381936886,5.706768749200969,F,56.57648856515048,70.75773242738443,56.66875643419824,69.86416767783882,v3-2026-07-30-trip-suppression-fix
l_1672,,boundary,arterial,East,2.520214218208548,1.9889846917415337,F,78.65124687623067,52.24326399052595,78.82161839585643,52.05092945751798,v3-2026-07-30-trip-suppression-fix
l_661,,peripheral,arterial,East,0.5,0.380522393775008,B,64.53823039270927,17.93675809277535,64.70808524166334,17.717416921314094,v3-2026-07-30-trip-suppression-fix
l_689,,inner,arterial,CBD,1.9577453299616607,7.207358517431605,F,91.21750506930572,65.09151821134026,92.70736870500535,63.3612164894368,v3-2026-07-30-trip-suppression-fix
l_519,,peripheral,arterial,East,1.5,8.724359782938697,F,105.29572910928577,19.019739429552253,106.02948398163464,19.897960726244897,v3-2026-07-30-trip-suppression-fix
l_2665,,peripheral,arterial,West,2,2.0810881388315563,F,47.842940348252505,70.26999019862859,47.99921464374544,70.55832410367694,v3-2026-07-30-trip-suppression-fix
l_2173,,boundary,arterial,West,6,7.081977048233158,F,50.204807783746894,60.06415870171038,50.71651428987713,59.51424531615079,v3-2026-07-30-trip-suppression-fix
l_300,,peripheral,arterial,West,0.6662225183211192,3.4068912789498214,F,38.78302360652124,37.138859200928174,39.28980631483006,37.50795600611312,v3-2026-07-30-trip-suppression-fix
l_2204,,boundary,arterial,West,0.5933544303797469,4.829982963983717,F,55.73360997152649,69.85431913751114,56.36047347925608,69.65362019796031,v3-2026-07-30-trip-suppression-fix
l_1923,,inner,arterial,CBD,1.4070194637692488,3.8193348400252116,F,68.32163841459146,41.946773873519945,68.5415262542454,42.835461968696364,v3-2026-07-30-trip-suppression-fix
l_245,,peripheral,arterial,East,1.1089548100914888,3.880369963929399,F,101.01138621981251,16.585973676240414,101.68150962704725,16.38432238909062,v3-2026-07-30-trip-suppression-fix
l_2424,SH1N,boundary,motorway,MWY,0.3333333333333333,2.4752482160657787,F,55.13420368523813,36.10938411357112,55.91392852760065,34.77076307673768,v3-2026-07-30-trip-suppression-fix
l_34,,peripheral,arterial,West,1.3324450366422385,2.7751157699865585,F,14.363812522100684,18.936088409652413,15.26658007706328,19.568302020942355,v3-2026-07-30-trip-suppression-fix
l_472,,peripheral,arterial,East,0.9380129758461659,5.224397629422226,F,70.11451282827578,46.77935180755179,70.2286731667003,47.07453781757526,v3-2026-07-30-trip-suppression-fix
l_1802,,boundary,arterial,East,1.7800632911392407,6.7823938995279995,F,66.40670416572556,70.87420248505744,66.86615578697338,71.0278983461379,v3-2026-07-30-trip-suppression-fix
l_2426,,inner,arterial,CBD,0.39489272081084636,4.309793425004634,F,95.43506928202694,70.9050897170522,95.79905897691668,70.60104186626934,v3-2026-07-30-trip-suppression-fix
l_844,,peripheral,arterial,East,0.6467608062951385,7.361638688199873,F,72.63653273477681,20.922492786809368,72.7072231246955,21.218479863717985,v3-2026-07-30-trip-suppression-fix
l_75,,peripheral,arterial,East,1.6634322151372332,3.876388946536966,F,99.9091660664164,16.930790692269245,101.01138621981251,16.585973676240414,v3-2026-07-30-trip-suppression-fix
l_717,,peripheral,arterial,East,0.8774495466510676,0.8772275459174456,E,70.95700150242646,14.737385387322133,71.3291682956456,16.054818204487734,v3-2026-07-30-trip-suppression-fix
l_980,,boundary,arterial,West,2.520214218208548,1.869234072895798,F,56.694073547401054,62.971980289645025,57.70866742258504,62.57496723655643,v3-2026-07-30-trip-suppression-fix
l_409,,peripheral,arterial,West,0.6384110657918071,7.285893492810781,F,42.27750110402087,36.831667139459704,42.92154396938171,36.38745235419842,v3-2026-07-30-trip-suppression-fix
l_2361,,inner,arterial,CBD,3.7520519033846638,5.584690272975809,F,67.12521488214176,39.13191321982314,67.70773375932492,40.06710393206882,v3-2026-07-30-trip-suppression-fix
l_834,,inner,arterial,CBD,0.48007681228996646,5.855963893197337,F,94.86370199219547,63.56445281109681,94.98858867076105,63.2648424423794,v3-2026-07-30-trip-suppression-fix
l_30,,peripheral,arterial,West,0.6384110657918071,6.284808963502729,F,34.33790463427737,43.70643040416842,34.58782066203479,43.10728654037618,v3-2026-07-30-trip-suppression-fix
l_44,,peripheral,arterial,East,0.7751437245655965,6.404222238846528,F,110.4225522918125,24.653907024420178,110.7788359997536,25.106720724862917,v3-2026-07-30-trip-suppression-fix
l_947,,peripheral,arterial,West,0.9552619009711829,3.054422052619594,F,32.484114490381536,41.010640804606915,33.47000840118514,41.425054020888716,v3-2026-07-30-trip-suppression-fix
l_921,,boundary,arterial,West,0.718562874251497,10.920003834556518,F,48.13145905757613,64.37233652928282,48.392284149825215,64.36755501154411,v3-2026-07-30-trip-suppression-fix
l_1894,,boundary,arterial,East,3.723239218119764,4.32843498135879,F,73.09627738553586,78.33242799896371,73.33873570061782,78.88137666158906,v3-2026-07-30-trip-suppression-fix
l_1769,SH1N,peripheral,motorway,MWY,0.3333333333333333,2.7207182840239432,F,62.370841689415734,31.246673889014883,64.02685857431082,31.180652193133124,v3-2026-07-30-trip-suppression-fix
l_2288,,peripheral,arterial,West,1.8158890290037832,9.122511313668948,F,44.525203955014334,64.03438930089531,44.99560781838119,64.10548271931862,v3-2026-07-30-trip-suppression-fix
l_2466,,inner,arterial,CBD,0.5923390812162695,4.047514699112742,F,103.2993358126966,67.02931881658287,104.14149649928248,66.71636251607733,v3-2026-07-30-trip-suppression-fix
l_317,,inner,arterial,CBD,0.7405578869414959,6.000514246865428,F,61.042565463147625,42.919518279823976,61.05782322301702,42.56789391289932,v3-2026-07-30-trip-suppression-fix
l_506,,inner,arterial,CBD,0.51985559566787,5.172320994159206,F,49.32606309764747,29.999946005263766,49.45148718222469,29.727381154535077,v3-2026-07-30-trip-suppression-fix
l_1193,,inner,arterial,CBD,0.43914220888531064,2.669422881178411,F,68.49949739909397,66.45736428321915,68.68236408484094,66.9404700714408,v3-2026-07-30-trip-suppression-fix
l_1338,,peripheral,arterial,East,2.8537455410225925,5.657758936567934,F,78.60074489497762,73.00056057133216,79.13482182060346,72.98213546199597,v3-2026-07-30-trip-suppression-fix
l_1548,SH16,peripheral,motorway,MWY,0.35294117647058826,3.3061807941509254,F,70.63850562067732,29.256511888412117,72.0723061509492,29.203028756402478,v3-2026-07-30-trip-suppression-fix
l_186,,inner,arterial,CBD,4.2457837009081265,6.208943634735514,F,70.50245947328503,47.77217709600998,71.42027172486131,48.025512440539416,v3-2026-07-30-trip-suppression-fix
l_2102,,peripheral,motorway,MWY,0.2,1.7050330849290058,F,80.17215321679737,14.648206455008307,80.29652541903556,14.32158640620621,v3-2026-07-30-trip-suppression-fix
l_1758,SH1N,peripheral,motorway,MWY,0.4,0.46464346880485763,B,25.298401125229688,96.8105361307028,26.11703655265897,98.31416060340739,v3-2026-07-30-trip-suppression-fix
l_748,,peripheral,arterial,West,0.42560737719453806,6.222396643079539,F,31.684075645716092,51.943847527863355,31.806077940362346,51.48217446681754,v3-2026-07-30-trip-suppression-fix
l_713,,inner,arterial,CBD,0.9512485136741975,8.799814959603324,F,82.4058292623274,71.82213525310672,82.6434266360946,71.7366612555506,v3-2026-07-30-trip-suppression-fix
l_158,,inner,arterial,CBD,0.4660556159701724,1.916519651722139,F,73.4414775800455,38.58298865095823,73.88413068294506,39.00724131093205,v3-2026-07-30-trip-suppression-fix
l_650,,peripheral,arterial,East,2.5616394492475183,1.2923444879984967,F,85.91648209546244,14.947267311056983,85.98618713567022,15.189215814380727,v3-2026-07-30-trip-suppression-fix
l_483,,peripheral,arterial,East,0.6587615283267457,5.083698982353499,F,82.6132830183785,16.17058010033916,83.0893491253572,16.053661287411398,v3-2026-07-30-trip-suppression-fix
l_104,,peripheral,arterial,West,0.9552619009711829,2.5015303889697167,F,27.32353851346011,40.56429539010927,27.99873854125966,40.633059065700095,v3-2026-07-30-trip-suppression-fix
l_833,,peripheral,arterial,East,0.43917435221783047,4.570596926125097,F,95.54527076006492,12.552472957554883,95.78329677286504,12.493998602727025,v3-2026-07-30-trip-suppression-fix
l_2425,,peripheral,arterial,West,0.7733619763694952,2.401427463977532,F,60.96558566151634,56.43414488612076,61.44641818363301,57.74959335229004,v3-2026-07-30-trip-suppression-fix
l_1106,,inner,arterial,CBD,0.5155746509129968,0.8118547902321148,D,59.389231387559114,52.301070655641134,59.98369665385385,53.88469637087916,v3-2026-07-30-trip-suppression-fix
l_2145,,peripheral,arterial,East,0.3090632807067247,0.8544609106565588,E,117.15978739784869,64.06842534598398,117.83308662414882,64.0288311646477,v3-2026-07-30-trip-suppression-fix
l_1414,,peripheral,arterial,West,0.5904736911166514,2.625911924569493,F,52.43634905089815,22.997075504779254,52.70507672282904,23.424563417703144,v3-2026-07-30-trip-suppression-fix
l_368,,inner,arterial,CBD,1.1047689191677408,4.859821356964755,F,50.51713452805537,77.05798295833904,50.86106171817643,78.02462195985804,v3-2026-07-30-trip-suppression-fix
l_66,,peripheral,arterial,East,1.4125402181589892,4.34145231889769,F,65.79131874330855,37.53490327907167,66.5307284376244,37.54830611452319,v3-2026-07-30-trip-suppression-fix
l_132,,peripheral,arterial,West,4.168596572487263,5.956174275935097,F,45.63040736722147,51.31041244544373,45.88089157914587,51.92742800306539,v3-2026-07-30-trip-suppression-fix
l_1739,,inner,arterial,CBD,0.7897854416216927,1.6461467783084034,F,81.08005577299889,76.54926355530483,81.33539754539818,76.45979521838711,v3-2026-07-30-trip-suppression-fix
l_259,,peripheral,arterial,West,0.2729630135116692,0.8260055960650156,E,22.338514977887286,15.196464898997053,23.411681397626165,15.636355432577187,v3-2026-07-30-trip-suppression-fix
l_2114,SH1N,peripheral,motorway,MWY,0.3333333333333333,2.1025781200425815,F,49.25662904563713,62.8922861108631,49.58751287920056,61.96732334357944,v3-2026-07-30-trip-suppression-fix
l_488,,peripheral,arterial,West,0.4094445202675038,4.694039090349078,F,46.578138382687364,31.888133285511604,47.17582294646184,32.47175549958748,v3-2026-07-30-trip-suppression-fix
l_571,,peripheral,arterial,West,0.4163486225799736,2.0568272990421543,F,55.047622773339015,12.516903946996234,55.37854866737368,12.781086522748506,v3-2026-07-30-trip-suppression-fix
l_2443,,inner,arterial,CBD,0.5155746509129968,0.7098347561616904,D,58.56648394417951,50.12705980932227,58.908920125698145,51.012635085298065,v3-2026-07-30-trip-suppression-fix
l_225,,peripheral,arterial,East,0.6587615283267457,5.230500353095656,F,76.47134277618923,17.878741926400867,77.14149020026282,17.67717073729872,v3-2026-07-30-trip-suppression-fix
l_375,,peripheral,arterial,West,0.9552619009711829,1.8566144370712372,F,19.041731192325393,43.012392092370746,19.935796056810617,41.96912676686193,v3-2026-07-30-trip-suppression-fix
l_624,,inner,arterial,CBD,0.8204567209079722,4.994081331177442,F,113.21563314092414,60.11501533830143,113.43853816851465,60.40815325388406,v3-2026-07-30-trip-suppression-fix
l_160,,boundary,arterial,East,0.3090632807067247,0.4792608926397052,C,124.31030574758968,63.907819662821275,125.15647675845219,63.810915565916524,v3-2026-07-30-trip-suppression-fix
l_282,,peripheral,arterial,West,0.6662225183211192,3.468822300023797,F,39.28980631483006,37.50795600611312,39.70916501073208,37.85162503008587,v3-2026-07-30-trip-suppression-fix
l_2080,,peripheral,arterial,West,1.1809473822333028,1.154529741049661,F,49.443104704879936,9.72922673643824,49.51565075152286,10.7536727531297,v3-2026-07-30-trip-suppression-fix
l_1866,,peripheral,arterial,East,0.6990834239552587,6.908952966261184,F,66.31199565899901,24.525568450433795,66.47509144954758,25.117145745831465,v3-2026-07-30-trip-suppression-fix
l_329,,inner,arterial,CBD,0.4660556159701724,1.5569391621182824,F,75.97152524439069,41.37405555633217,76.21559039315031,41.639812585475795,v3-2026-07-30-trip-suppression-fix
l_2109,,peripheral,arterial,East,0.8204567209079722,7.094723380947389,F,97.45545643449223,56.78670764641128,98.00838018092028,57.28994510341797,v3-2026-07-30-trip-suppression-fix
l_1385,,peripheral,arterial,East,1,8.825822878791193,F,104.77878406151197,18.1104530851749,104.98192100158795,18.512073020220274,v3-2026-07-30-trip-suppression-fix
l_220,,inner,arterial,CBD,0.7201152184349496,4.721944997893484,F,86.3635282718418,70.66783914606896,87.21124072397012,70.6521428678054,v3-2026-07-30-trip-suppression-fix
l_110,,peripheral,arterial,West,0.4163486225799736,1.8636117096012883,F,44.95962645086957,8.864306542158666,45.35373687262401,9.019240444154503,v3-2026-07-30-trip-suppression-fix
l_597,,boundary,arterial,West,0.51985559566787,5.178725996814934,F,48.738428674370375,31.14583354077801,48.886082829988325,30.899887737200082,v3-2026-07-30-trip-suppression-fix
l_79,,peripheral,arterial,West,0.6732873253661,1.4242257552212476,F,9.963388789742353,72.20338992364428,11.357448835104252,72.34024476797593,v3-2026-07-30-trip-suppression-fix
l_679,,inner,arterial,CBD,1.7410228509249184,4.323423215665938,F,59.67908891499268,79.83562392620523,60.53463260160553,82.60360952623184,v3-2026-07-30-trip-suppression-fix
l_325,,peripheral,arterial,East,0.7751437245655965,6.800874635273885,F,108.02612519860295,22.04994085333653,108.46982879201212,22.528156201237426,v3-2026-07-30-trip-suppression-fix
l_2557,,peripheral,arterial,West,4,2.0647472829659357,F,47.66855459712167,69.94823975047932,47.842940348252505,70.26999019862859,v3-2026-07-30-trip-suppression-fix
l_788,,boundary,arterial,West,0.6384110657918071,7.450997201555085,F,45.6256012022961,34.47309629286863,46.16245726440973,34.11191410925687,v3-2026-07-30-trip-suppression-fix
l_1690,,peripheral,motorway,MWY,0.2,0.4436075525433098,B,22.399919872862714,93.62525329203619,25.298401125229688,96.8105361307028,v3-2026-07-30-trip-suppression-fix
l_861,,peripheral,arterial,East,1.1089548100914888,4.019528149066657,F,96.96888977573524,17.796238769374977,97.27060470190436,17.655499622232853,v3-2026-07-30-trip-suppression-fix
l_188,,peripheral,arterial,West,0.9364026531408505,2.5909176204791264,F,36.278057499793505,42.80613344039605,36.847573293286096,43.038958409692896,v3-2026-07-30-trip-suppression-fix
l_267,,peripheral,arterial,East,0.43917435221783047,6.177332905357734,F,68.51290857770731,20.106699925429442,68.98849085362416,19.9627966904722,v3-2026-07-30-trip-suppression-fix
l_91,,peripheral,arterial,East,0.7544322897019992,3.088677781306963,F,86.56957610829535,17.340539282249114,86.66201641600574,17.63611965574881,v3-2026-07-30-trip-suppression-fix
l_1869,SH1N,peripheral,motorway,MWY,0.5333333333333333,1.9681100907788116,F,44.31904864262321,20.146045198764536,46.92062178451132,23.314496123849654,v3-2026-07-30-trip-suppression-fix
l_32,,peripheral,arterial,West,0.7872982548222018,5.225924682126119,F,60.696295012661274,30.034275918203534,62.28571152631732,30.167182431766516,v3-2026-07-30-trip-suppression-fix
l_979,,peripheral,arterial,West,0.7872982548222018,5.227017469011562,F,54.638118647539876,26.875465062378005,55.589488874204086,27.77688257094954,v3-2026-07-30-trip-suppression-fix
l_535,,boundary,arterial,East,0.9380129758461659,6.984816175874914,F,66.89691065895856,38.541538023179406,66.96610027265491,38.756474806697,v3-2026-07-30-trip-suppression-fix
l_572,,peripheral,arterial,West,0.4163486225799736,2.334753062864334,F,59.346238922922744,15.762116970461204,59.782838745666176,15.862190012256894,v3-2026-07-30-trip-suppression-fix
l_2143,,boundary,arterial,East,0.3090632807067247,0.853245516880027,E,116.83375292982441,64.07451012846087,117.15978739784869,64.06842534598398,v3-2026-07-30-trip-suppression-fix
l_2136,SH16,peripheral,motorway,MWY,0.21176470588235297,0.4891477034686817,C,6.354425405604306,11.21694535711378,8.30764198059244,11.046367011593231,v3-2026-07-30-trip-suppression-fix
l_919,,peripheral,arterial,East,0.9416934787726595,5.420684620413005,F,66.5307284376244,37.54830611452319,66.81325321532405,37.54309989421768,v3-2026-07-30-trip-suppression-fix
l_355,,boundary,arterial,East,0.6467608062951385,0.43134472250464106,C,86.88301736275469,51.793673046567044,86.93016873018497,50.81984247240323,v3-2026-07-30-trip-suppression-fix
l_1741,,inner,arterial,CBD,0.7897854416216927,1.9725461813759697,F,92.84472003305395,72.22210237377735,94.01955939567458,71.95836419580954,v3-2026-07-30-trip-suppression-fix
l_509,,inner,arterial,CBD,0.7062701090794946,4.280048755563949,F,64.29276165623449,37.616559086629074,65.35616662209551,37.515893266219976,v3-2026-07-30-trip-suppression-fix
l_512,,peripheral,arterial,East,0.5629574028898481,1.164638180929004,F,121.14212573432141,20.12950421223557,121.53125983628613,20.014121861290874,v3-2026-07-30-trip-suppression-fix
l_293,,peripheral,arterial,West,0.9993337774816788,3.2239631926587977,F,22.07602875395507,24.633396869178227,24.037733355692705,26.111121451821912,v3-2026-07-30-trip-suppression-fix
l_2386,,boundary,motorway,MWY,0.13333333333333333,0.03668660799297652,A,54.76549527446719,38.92465357789234,54.83373062356441,38.68241247093793,v3-2026-07-30-trip-suppression-fix
l_606,,peripheral,arterial,West,1.2768221315836141,7.2626132889065165,F,40.19570474869588,38.302169088866755,40.56070078706607,38.05225262882678,v3-2026-07-30-trip-suppression-fix
l_4,,peripheral,arterial,West,0.9993337774816788,3.329162415365226,F,27.96122702398703,29.066517362682376,29.923016089908046,30.544188691556855,v3-2026-07-30-trip-suppression-fix
l_294,,peripheral,arterial,East,1.1089548100914888,3.7620916435274756,F,101.68150962704725,16.38432238909062,102.5472068574894,16.179030222583442,v3-2026-07-30-trip-suppression-fix
l_727,,boundary,arterial,West,1.3057671381936886,3.4078809636246614,F,56.28338762277463,65.46595089865612,56.393207797005694,66.70714598946688,v3-2026-07-30-trip-suppression-fix
l_2565,,inner,arterial,CBD,1.317426626655932,3.2045274463051663,F,67.17348788102349,62.941334292967575,67.69934011712195,64.33702041749164,v3-2026-07-30-trip-suppression-fix
l_680,,inner,arterial,CBD,46.03580562659847,35.12379339098819,F,55.71851796387649,84.39476511545743,60.53463260160553,82.60360952623184,v3-2026-07-30-trip-suppression-fix
l_392,,inner,arterial,CBD,23.017902813299234,35.336466318208934,F,53.38477405596671,85.19434360848355,54.98391466874296,84.65149034680701,v3-2026-07-30-trip-suppression-fix
l_732,,peripheral,arterial,East,0.7544322897019992,3.077799089720729,F,86.33621924600413,16.480010077644096,86.45239586908485,16.883257353917134,v3-2026-07-30-trip-suppression-fix
l_2397,SH1S,peripheral,motorway,MWY,0.3789473684210526,2.0382709414451474,F,64.82007502293318,30.850228876456175,66.29036569802851,30.41774322411505,v3-2026-07-30-trip-suppression-fix
l_1188,SH1N,peripheral,motorway,MWY,0.2,0.8030717490004202,D,24.217517569694923,94.32186840915018,25.556797822209617,97.40547858849013,v3-2026-07-30-trip-suppression-fix
l_1763,,peripheral,arterial,West,1.3862815884476534,4.794388255291553,F,50.377877344433436,28.088799766079482,50.7546373797436,27.29811996730244,v3-2026-07-30-trip-suppression-fix
l_965,,inner,arterial,CBD,0.718562874251497,3.2502242188541923,F,61.62087538525587,64.85432794689004,62.42807853430937,65.00163514493862,v3-2026-07-30-trip-suppression-fix
l_951,,peripheral,arterial,West,0.4094445202675038,4.446135111953893,F,34.12039286685029,19.954308666811688,34.80641616675846,20.61742786010533,v3-2026-07-30-trip-suppression-fix
l_2101,,peripheral,arterial,West,2.892960462873674,14.29700267465613,F,24.363999786618674,88.0491450436684,24.753350363940463,86.74480060182267,v3-2026-07-30-trip-suppression-fix
l_1306,,boundary,arterial,East,0.9380129758461659,3.8412316889268006,F,78.18298137855709,71.57587458350308,78.27642858065535,71.92549262647148,v3-2026-07-30-trip-suppression-fix
l_413,,peripheral,arterial,East,0.48007681228996646,5.838361982549566,F,95.31776585544671,62.25874835829025,95.43963619956364,61.797033827149114,v3-2026-07-30-trip-suppression-fix
l_1452,,inner,arterial,CBD,4.894363324904152,3.309818716087336,F,89.77142609073935,68.0101659520379,90.45208248829778,66.02461078086631,v3-2026-07-30-trip-suppression-fix
l_2042,,inner,arterial,CBD,0.9590792838874681,1.3271569020944292,F,52.48486533973297,58.72505916772683,54.10453983321792,58.12777182907482,v3-2026-07-30-trip-suppression-fix
l_907,,peripheral,arterial,West,0.6732873253661,1.5641420739794842,F,15.3217889430515,72.72768638765986,15.604851378302122,72.74956852759031,v3-2026-07-30-trip-suppression-fix
l_1466,,inner,arterial,CBD,8,4.220260015098031,F,54.601457003357595,57.956488700539424,55.00893571652691,57.795244242644074,v3-2026-07-30-trip-suppression-fix
l_1328,,boundary,arterial,East,0.7733619763694952,3.6207084207941,F,64.78468473017887,66.6338974288172,65.26556100225024,67.9493378093099,v3-2026-07-30-trip-suppression-fix
l_371,,inner,arterial,CBD,0.4660556159701724,3.732858535676794,F,89.69161946448213,56.687503918493874,90.26675970772055,57.217375824468164,v3-2026-07-30-trip-suppression-fix
l_1055,,peripheral,arterial,East,1.3981668479105174,3.2722067558146004,F,65.17583481005899,20.681714477473342,65.47130617214107,21.378959428424118,v3-2026-07-30-trip-suppression-fix
l_688,,inner,arterial,CBD,0.4660556159701724,3.6557064862053053,F,87.58820297558253,54.64542969440714,88.1860699810941,55.22893905573418,v3-2026-07-30-trip-suppression-fix
l_882,,peripheral,arterial,East,0.6587615283267457,4.67588382657296,F,88.75462858954545,14.435215825466882,89.55463460235399,14.204169163434171,v3-2026-07-30-trip-suppression-fix
l_626,,inner,arterial,CBD,0.7365126127784938,3.9681430596979186,F,52.78830011437159,83.50263199099263,52.902451861081026,83.79782671239595,v3-2026-07-30-trip-suppression-fix
l_594,,peripheral,arterial,East,0.7544322897019992,1.7648768212081816,F,87.26030879637909,21.760110740260423,87.3422163589314,21.48832646376716,v3-2026-07-30-trip-suppression-fix
l_1503,,peripheral,arterial,East,0.9701412094427078,4.3122996928854445,F,73.74610467426228,24.49653852502229,74.1048044898563,25.084499075963524,v3-2026-07-30-trip-suppression-fix
l_1838,SH16,peripheral,motorway,MWY,0.42352941176470593,1.8696335531105934,F,44.31904864262321,20.146045198764536,46.71461786604591,22.750719440385005,v3-2026-07-30-trip-suppression-fix
l_986,,inner,arterial,CBD,0.630053554552137,0.8989780157615356,E,64.27183221174457,60.04889308379106,64.59536532672976,59.90780433945354,v3-2026-07-30-trip-suppression-fix
l_119,,peripheral,arterial,West,0.4163486225799736,2.270195196487571,F,36.31982331112578,2.374015974173621,36.74356671280493,2.9608448381299683,v3-2026-07-30-trip-suppression-fix
l_82,,peripheral,arterial,West,0.6732873253661,1.2549674577900687,F,7.980001471802172,71.94208491837833,9.222887421368313,72.13574772039667,v3-2026-07-30-trip-suppression-fix
l_395,,boundary,arterial,East,1.4683089974712455,7.367309987241915,F,92.59159550062452,59.4715317246036,93.37341533518043,60.59214800095314,v3-2026-07-30-trip-suppression-fix
l_2149,SH16,peripheral,motorway,MWY,0.07058823529411765,0.19356409502154126,A,5.2022599061072095,11.210820503273808,5.55042624669366,11.231531264238088,v3-2026-07-30-trip-suppression-fix
l_1421,,peripheral,arterial,West,1.7024295087781522,6.273602389808768,F,28.948483104308647,64.0474516095016,29.063093303299656,63.180523259673606,v3-2026-07-30-trip-suppression-fix
l_2334,,peripheral,arterial,East,1.260107109104274,5.313526411968192,F,83.33328127670732,45.61625007323707,83.8635930104917,44.9037445183392,v3-2026-07-30-trip-suppression-fix
l_73,,peripheral,arterial,West,0.8188890405350076,4.705585324206206,F,47.17582294646184,32.47175549958748,47.59617876818396,32.86944332563377,v3-2026-07-30-trip-suppression-fix
l_2049,,boundary,arterial,East,1.093942294543963,2.885832418386998,F,101.1613482400527,58.474587001941416,101.16638054128681,58.744760190886595,v3-2026-07-30-trip-suppression-fix
l_1211,,boundary,arterial,West,0.5155746509129968,0.6518473606809106,D,58.177596542623355,49.080179599865495,58.359430838136134,49.5092591856192,v3-2026-07-30-trip-suppression-fix
l_80,,boundary,arterial,East,0.7906700929037359,1.6725475672756225,F,65.5765602186425,35.32268875330685,65.77564147931554,35.76447704707274,v3-2026-07-30-trip-suppression-fix
l_2626,SH16,peripheral,motorway,MWY,0.07058823529411765,0.06600128590904324,A,77.55545157062653,32.855574573707166,78.93065187686287,35.09299452909122,v3-2026-07-30-trip-suppression-fix
l_2436,,inner,arterial,CBD,0.5155746509129968,0.7049772201295376,D,58.908920125698145,51.012635085298065,59.389231387559114,52.301070655641134,v3-2026-07-30-trip-suppression-fix
l_862,,peripheral,arterial,West,0.7365126127784938,3.6110070090987065,F,45.080153375260146,65.15795934813434,45.237260838842545,65.42534446586146,v3-2026-07-30-trip-suppression-fix
l_6,,peripheral,arterial,West,1.4328928514567743,2.164869361496033,F,22.447982986685012,40.2477627870245,24.863778630243967,40.392930819995776,v3-2026-07-30-trip-suppression-fix
l_556,,peripheral,arterial,West,0.2729630135116692,0.8399990997924497,E,23.69614807299709,15.739275869355476,24.002838762026663,15.868817081390382,v3-2026-07-30-trip-suppression-fix
l_623,,peripheral,arterial,West,1.00993098804915,9.992871322515805,F,25.751276152965755,69.94339200780163,26.07238139930309,69.66727884791707,v3-2026-07-30-trip-suppression-fix
l_292,,peripheral,arterial,West,0.2729630135116692,0.7969568745574642,D,20.12700620431193,14.317854676588565,21.090033019984215,14.678683603041085,v3-2026-07-30-trip-suppression-fix
l_11,,peripheral,arterial,East,4.490057729313663,11.569976600420471,F,117.52679206590972,36.034785050545715,119.59191969872163,37.18539433148002,v3-2026-07-30-trip-suppression-fix
l_2515,,peripheral,motorway,MWY,0.4,2.2698732104771864,F,54.84337716773664,36.84443996626127,55.26012197672294,35.86383299864734,v3-2026-07-30-trip-suppression-fix
l_2470,SH1S,inner,motorway,MWY,0.12631578947368421,0.10952120988067554,A,53.3222333571636,29.79146229844561,56.01580535552358,32.03922279882344,v3-2026-07-30-trip-suppression-fix
l_596,,boundary,arterial,West,0.51985559566787,5.187411652893279,F,48.613002687591845,31.418397879223342,48.738428674370375,31.14583354077801,v3-2026-07-30-trip-suppression-fix
l_1059,,peripheral,arterial,West,1.1108368304122438,14.590116282661812,F,60.887990465952456,46.32769233043403,60.924484608854556,45.94865095390427,v3-2026-07-30-trip-suppression-fix
l_1559,,peripheral,arterial,West,0.7405578869414959,0.09874105159219945,A,59.36133610429514,47.24764500246948,59.58384565892624,47.50492640356332,v3-2026-07-30-trip-suppression-fix
l_1115,,peripheral,arterial,East,3.7520519033846638,3.820429047458196,F,78.27642858065535,71.92549262647148,78.60074489497762,73.00056057133216,v3-2026-07-30-trip-suppression-fix
l_874,,peripheral,arterial,West,0.718562874251497,4.9874258267353095,F,54.30282958036696,64.17803438940116,54.73753808677626,64.17005208437376,v3-2026-07-30-trip-suppression-fix
l_230,,peripheral,arterial,West,2.7790643816581753,7.587589252131882,F,43.083661446464575,45.22208932636541,43.22001107412681,45.54390816345848,v3-2026-07-30-trip-suppression-fix
l_471,,peripheral,arterial,West,0.9552619009711829,2.6552185470849987,F,31.82965529481993,40.88746036142578,32.22183634060601,40.93435165342156,v3-2026-07-30-trip-suppression-fix
l_266,,peripheral,arterial,East,0.8783487044356609,5.256912383464375,F,73.29293391250317,18.80230296617082,75.26042816471967,18.225434394067733,v3-2026-07-30-trip-suppression-fix
l_1413,,peripheral,arterial,West,0.5904736911166514,2.6187938515741167,F,52.66608875196017,23.668517093456877,52.70507672282904,23.424563417703144,v3-2026-07-30-trip-suppression-fix
l_2511,SH16,peripheral,motorway,MWY,0.1411764705882353,0.6816056963339167,C,8.980279509982317,10.980103187164117,9.847500602525066,10.856251210852385,v3-2026-07-30-trip-suppression-fix
l_2216,,peripheral,arterial,West,0.7365126127784938,3.681895047375619,F,44.95709574338472,64.37645100693896,44.96453376525631,64.78170908055317,v3-2026-07-30-trip-suppression-fix
l_304,,peripheral,arterial,West,0.2729630135116692,0.8327725630054148,E,14.754121158406688,16.496636556935503,15.330500061785118,15.918605820140177,v3-2026-07-30-trip-suppression-fix
l_1820,,peripheral,arterial,East,1.8901606636564108,5.55102718008168,F,84.15884212581382,44.41180120728222,84.55624162921892,43.566620758211755,v3-2026-07-30-trip-suppression-fix
l_474,,peripheral,arterial,West,0.47763095048559145,1.0145384858789381,F,4.01069811661876,48.52842067021391,4.405337978853362,48.7104504788504,v3-2026-07-30-trip-suppression-fix
l_1859,,boundary,arterial,East,2.3734177215189876,6.661099759055025,F,71.33102328162099,73.78338402757181,72.26968731133745,73.98228369520415,v3-2026-07-30-trip-suppression-fix
l_272,,peripheral,arterial,East,1.5813401858074718,2.145752820312562,F,63.36084039531813,29.525779596949793,63.79169292857984,30.49079872968815,v3-2026-07-30-trip-suppression-fix
l_2525,SH16,peripheral,motorway,MWY,0.2823529411764706,1.1889138176445269,F,24.505677855443885,8.886879360120584,25.89488625289297,8.780468454057408,v3-2026-07-30-trip-suppression-fix
l_720,,peripheral,arterial,East,3.7394827048924895,8.538777324857566,F,122.52951825010169,41.968299058293844,122.60582264572177,41.399308708747704,v3-2026-07-30-trip-suppression-fix
l_1501,,peripheral,arterial,West,0.9364026531408505,2.5651850403366723,F,42.38918401944172,45.28885810050366,43.083661446464575,45.22208932636541,v3-2026-07-30-trip-suppression-fix
l_2276,,inner,arterial,CBD,1.317426626655932,2.4131718061921763,F,60.98773892815765,49.37984309580079,61.57523606058552,50.5852230433357,v3-2026-07-30-trip-suppression-fix
l_367,,inner,arterial,CBD,0.5923390812162695,1.6679769640976498,F,78.29001050926517,77.35756635441233,79.30564125700317,77.01448369671138,v3-2026-07-30-trip-suppression-fix
l_1819,,peripheral,arterial,West,1.03971119133574,4.690520830887434,F,53.1215946168522,24.79526131589832,53.553734176604436,24.65219235935953,v3-2026-07-30-trip-suppression-fix
l_888,,inner,arterial,CBD,0.47953964194373405,1.977620810334729,F,56.909666401894945,56.968163807931695,57.407573841442634,56.85090827522146,v3-2026-07-30-trip-suppression-fix
l_408,,peripheral,arterial,West,0.47763095048559145,1.3853472104752684,F,16.664169368383536,47.352798394816936,17.160594082469917,47.15458765334217,v3-2026-07-30-trip-suppression-fix
l_1274,,inner,arterial,CBD,0.7897854416216927,1.6324396600486204,F,82.88992485657327,75.65094779001757,84.7260242626595,74.99536883348628,v3-2026-07-30-trip-suppression-fix
l_545,,peripheral,arterial,West,0.4094445202675038,4.52409783132021,F,37.66069386972683,23.34894747500183,38.32500839245553,24.012453131749073,v3-2026-07-30-trip-suppression-fix
l_1540,,peripheral,motorway,MWY,0.5333333333333333,2.0787103091656602,F,73.76033762530636,24.090877441188407,74.40343805368384,23.117167045711216,v3-2026-07-30-trip-suppression-fix
l_2655,,peripheral,arterial,West,0.8396011894350184,0.5675283091477931,C,48.71623593101443,7.471119365315164,49.443104704879936,9.72922673643824,v3-2026-07-30-trip-suppression-fix
l_964,,boundary,arterial,East,0.9321112319403448,2.031159469816457,F,71.35164153001558,36.081063964939304,71.55422769052936,36.45569729161111,v3-2026-07-30-trip-suppression-fix
l_247,,boundary,arterial,East,1.260107109104274,5.298926581732331,F,82.82720406952839,46.46343850540144,83.04003216242377,46.21626127244332,v3-2026-07-30-trip-suppression-fix
l_470,,peripheral,arterial,West,0.6384110657918071,7.248989729092248,F,42.01968492798666,36.998545569161564,42.27750110402087,36.831667139459704,v3-2026-07-30-trip-suppression-fix
l_1270,,peripheral,arterial,West,1.7565688355412425,7.617006627190085,F,59.58384565892624,47.50492640356332,60.005554820942166,47.992536583867455,v3-2026-07-30-trip-suppression-fix
l_818,,peripheral,arterial,West,0.4163486225799736,2.1395245678236323,F,37.458209591611435,4.001798971551008,37.703173131629995,4.321633367633035,v3-2026-07-30-trip-suppression-fix
l_664,,peripheral,arterial,East,2.7963336958210347,5.6817111084219984,F,70.81008333656156,35.00999473977138,71.35164153001558,36.081063964939304,v3-2026-07-30-trip-suppression-fix
l_2322,,peripheral,motorway,MWY,0.13333333333333333,0.03938373922819812,A,55.13420368523813,36.10938411357112,55.26012197672294,35.86383299864734,v3-2026-07-30-trip-suppression-fix
l_575,,peripheral,arterial,West,4.168596572487263,5.991366458645797,F,45.33546455065397,50.64015856246235,45.63040736722147,51.31041244544373,v3-2026-07-30-trip-suppression-fix
l_884,,peripheral,arterial,West,1.2768221315836141,7.05846907576954,F,39.35853243396495,38.885039799948636,40.19570474869588,38.302169088866755,v3-2026-07-30-trip-suppression-fix
l_24,,peripheral,arterial,East,0.6467608062951385,4.907757773413891,F,87.17978592279842,47.86932002840633,87.21874019539901,47.625359058670156,v3-2026-07-30-trip-suppression-fix
l_201,,boundary,arterial,East,1.437125748502994,1.460210208766758,F,64.30431240757132,65.34547326977417,65.300161097137,65.11092672578283,v3-2026-07-30-trip-suppression-fix
l_2423,SH1S,peripheral,motorway,MWY,0.1894736842105263,2.031976661208239,F,68.10340088513385,29.560612238759166,68.42285851212542,29.351428721122858,v3-2026-07-30-trip-suppression-fix
l_2056,SH16,boundary,motorway,MWY,0.07058823529411765,0.048929893232099335,A,78.93065187686287,35.09299452909122,79.44723806816282,35.933468638822205,v3-2026-07-30-trip-suppression-fix
l_2648,,inner,arterial,CBD,3.7520519033846638,5.2570706948291495,F,67.70773375932492,40.06710393206882,68.14211873833149,41.221235801942,v3-2026-07-30-trip-suppression-fix
l_703,,inner,arterial,CBD,2.526670409882089,4.828176352317946,F,61.71436455584005,46.33951391972756,62.86214392946015,48.45347848858139,v3-2026-07-30-trip-suppression-fix
l_1393,,peripheral,arterial,East,7.402837754472547,4.532359922683366,F,103.69986891686158,17.373785672682526,104.31538306862423,17.740704362018587,v3-2026-07-30-trip-suppression-fix
l_2354,,peripheral,arterial,West,10.12536162005786,14.646442308350846,F,25.603129811711074,85.64827640784264,26.197476662346165,84.85369005084536,v3-2026-07-30-trip-suppression-fix
l_13,,peripheral,arterial,West,0.7906700929037359,2.2267871029127106,F,60.474555799126385,23.90334988829351,60.81895765673793,24.896991468599357,v3-2026-07-30-trip-suppression-fix
l_377,,peripheral,arterial,East,1.2464942349641632,8.58819633115432,F,120.53325260381972,53.789304780519,120.61412128457954,53.46347217081694,v3-2026-07-30-trip-suppression-fix
l_835,,peripheral,arterial,East,0.6990834239552587,5.692283103799687,F,68.30444702151331,30.00224808447742,68.46256018406585,30.32365092800221,v3-2026-07-30-trip-suppression-fix
l_2219,,peripheral,arterial,East,0.6467608062951385,4.883487145801543,F,87.32271143390261,46.45025432071065,87.38651955673964,46.86865892342196,v3-2026-07-30-trip-suppression-fix
l_2491,,inner,arterial,CBD,0.8900316455696203,5.362511324909653,F,64.83522069645699,70.55179674303301,65.72989176090466,70.72450839770681,v3-2026-07-30-trip-suppression-fix
l_309,,boundary,arterial,East,2.1228918504540633,6.755974224301265,F,67.3005478766954,49.80413837125006,67.82793053989006,48.92957243619345,v3-2026-07-30-trip-suppression-fix
l_2503,,peripheral,arterial,West,0.8326972451599473,1.967876732659231,F,53.61726759322485,11.570233857453232,54.407503476894796,11.988138001938534,v3-2026-07-30-trip-suppression-fix
l_492,,peripheral,arterial,East,0.7544322897019992,3.0665817019515895,F,86.08013052600171,15.565848500853555,86.26651346405072,16.238061683068302,v3-2026-07-30-trip-suppression-fix
l_633,,peripheral,arterial,West,1.54182191956829,6.078358900699264,F,20.881583126375002,77.13994100829224,21.014033014049886,76.05648641136715,v3-2026-07-30-trip-suppression-fix
l_144,,peripheral,arterial,West,1.4730252255569876,5.494963581303441,F,48.84250379985112,72.305034748848,48.93391582845936,72.54659555733755,v3-2026-07-30-trip-suppression-fix
l_549,,peripheral,arterial,West,0.2729630135116692,4.4019328801067195,F,32.914322210954026,19.381767932668083,33.37412857840073,19.562551042555498,v3-2026-07-30-trip-suppression-fix
l_546,,peripheral,arterial,West,0.4094445202675038,4.433271293540028,F,36.9968786670178,22.712457060927342,37.66069386972683,23.34894747500183,v3-2026-07-30-trip-suppression-fix
l_139,,peripheral,arterial,East,1.5,9.27659631008875,F,103.42418459583601,13.081660248598487,103.75158598639847,14.318798401960558,v3-2026-07-30-trip-suppression-fix
l_420,,inner,arterial,CBD,0.832523935063133,1.5725603798328374,F,92.08294553938917,56.670197145613685,92.61275717842703,55.930652377295964,v3-2026-07-30-trip-suppression-fix
l_514,,inner,arterial,CBD,4.995836802664447,5.314618004206106,F,80.88570138323726,61.363953161543286,83.48972467328285,62.26171774976253,v3-2026-07-30-trip-suppression-fix
l_987,,peripheral,arterial,East,3.80499405469679,10.090176419876059,F,77.02548498231938,73.65126837530141,77.52242411359285,73.47993121316404,v3-2026-07-30-trip-suppression-fix
l_446,,peripheral,arterial,West,0.2729630135116692,0.43534114764236964,C,8.013247061251363,22.348633492839774,8.620728905020284,22.28355522679413,v3-2026-07-30-trip-suppression-fix
