link_id,sh,position,class,group,vc_peak,vcf_peak,los_peak,x1,y1,x2,y2,model_version
l_1727,,inner,arterial,CBD,1.415261233636042,4.144463301566242,F,75.59518885069956,50.40786592647034,76.30744747190126,52.47575326682963,v3-2026-07-30-trip-suppression-fix
l_939,,peripheral,arterial,East,8.980115458627326,10.237397233717752,F,113.33141003675074,33.73472308894424,114.8461036642214,34.51726830601215,v3-2026-07-30-trip-suppression-fix
l_2101,,peripheral,arterial,West,7.955641272902604,15.137110665464963,F,24.363999786618674,88.0491450436684,24.753350363940463,86.74480060182267,v3-2026-07-30-trip-suppression-fix
l_2106,,peripheral,arterial,East,0.6467608062951385,1.071437791012891,F,87.16541261073924,45.92367104709976,87.32271143390261,46.45025432071065,v3-2026-07-30-trip-suppression-fix
l_274,,peripheral,arterial,East,0.43917435221783047,3.0100588171649454,F,68.05855738158797,20.223184049712202,68.51290857770731,20.106699925429442,v3-2026-07-30-trip-suppression-fix
l_2546,,boundary,arterial,East,1.317426626655932,3.4695700165113688,F,63.668765861908625,54.46552494747484,64.18510637025192,55.347891346380386,v3-2026-07-30-trip-suppression-fix
l_310,,peripheral,arterial,West,1.4046039797112757,2.170132551090511,F,38.20542630021428,43.58168078036334,42.38918401944172,45.28885810050366,v3-2026-07-30-trip-suppression-fix
l_298,,peripheral,arterial,West,0.9079445145018916,9.95826546024994,F,37.769562947338876,63.69718897123378,38.74567202353611,63.57123649077299,v3-2026-07-30-trip-suppression-fix
l_2130,,peripheral,arterial,East,0.7897854416216927,0.9152551466777322,E,114.96349959780188,62.89320071657305,115.01464367696506,63.14610977823178,v3-2026-07-30-trip-suppression-fix
l_122,,boundary,arterial,West,1.1108368304122438,6.786925205785712,F,60.930097372138135,43.89453909560911,61.042565463147625,42.919518279823976,v3-2026-07-30-trip-suppression-fix
l_422,,inner,arterial,CBD,2.4979184013322233,4.658836368427094,F,83.48972467328285,62.26171774976253,83.92693597319536,62.38876064322207,v3-2026-07-30-trip-suppression-fix
l_316,,inner,arterial,CBD,0.7405578869414959,6.956853388782173,F,61.05782322301702,42.56789391289932,61.114056564192886,42.08038342879247,v3-2026-07-30-trip-suppression-fix
l_289,,peripheral,arterial,West,1.4328928514567743,1.904387337526829,F,20.192649460808386,41.74824217341271,22.447982986685012,40.2477627870245,v3-2026-07-30-trip-suppression-fix
l_2488,,inner,arterial,CBD,0.7897854416216927,1.093649178247158,F,86.13030614591256,74.69414848581485,87.4285688494408,74.16157052757397,v3-2026-07-30-trip-suppression-fix
l_1861,,peripheral,arterial,East,3.723239218119764,4.116347839401378,F,71.4152041612677,74.80883656913852,71.58622123568017,75.10207430842227,v3-2026-07-30-trip-suppression-fix
l_991,,peripheral,arterial,East,0.9701412094427078,9.265364687370855,F,77.22274817919336,29.10791067568746,77.49053491244558,29.481333655634618,v3-2026-07-30-trip-suppression-fix
l_356,,peripheral,arterial,East,8.422234699606962,5.301200014185494,F,65.19974202741982,52.5995377645506,65.84798720220324,53.560550321934564,v3-2026-07-30-trip-suppression-fix
l_747,,peripheral,arterial,East,3.116235587410408,6.758220094136269,F,122.20863463755362,44.56887467562283,122.52951825010169,41.968299058293844,v3-2026-07-30-trip-suppression-fix
l_153,,peripheral,arterial,West,0.2729630135116692,1.167795253845656,F,41.88717799682188,27.406626014369678,42.57225880891554,28.015686351077534,v3-2026-07-30-trip-suppression-fix
l_382,,inner,arterial,CBD,2.4979184013322233,5.978866684209059,F,83.92693597319536,62.38876064322207,84.8898050292072,62.722286394498205,v3-2026-07-30-trip-suppression-fix
l_1922,,inner,arterial,CBD,3.7520519033846638,3.651305897696085,F,68.14211873833149,41.221235801942,68.32163841459146,41.946773873519945,v3-2026-07-30-trip-suppression-fix
l_752,,boundary,arterial,West,0.8705114254624592,4.39767738774391,F,57.29010222009102,72.90673010474494,57.45071310501181,73.36322707340747,v3-2026-07-30-trip-suppression-fix
l_1081,,boundary,arterial,East,1.0311493018259936,5.127149576299931,F,66.26880810419661,70.4713459349989,66.40670416572556,70.87420248505744,v3-2026-07-30-trip-suppression-fix
l_412,,peripheral,arterial,West,0.4670351054720947,0.7867270562404866,D,46.53102693386683,52.99656676705129,47.13611166467332,52.7962923874362,v3-2026-07-30-trip-suppression-fix
l_2306,SH16,peripheral,motorway,MWY,0.6352941176470589,1.9765778646803696,F,32.69477780582291,9.764417161929732,39.6214504225471,15.286252137861545,v3-2026-07-30-trip-suppression-fix
l_402,,peripheral,arterial,East,0.6467608062951385,1.0494507622832303,F,81.78295799544435,34.69917053726858,82.0724922145895,35.07218592182414,v3-2026-07-30-trip-suppression-fix
l_2518,,boundary,arterial,East,0.5953266855186784,8.45288503556469,F,96.21204954230274,56.566555217327355,96.4658299357641,56.18347061928901,v3-2026-07-30-trip-suppression-fix
l_759,,peripheral,arterial,East,0.7751437245655965,5.312049579961377,F,111.75216333083571,27.169636685945253,111.88861187286386,27.49141390484622,v3-2026-07-30-trip-suppression-fix
l_2094,,peripheral,arterial,West,2.1697203471552555,15.933417492059718,F,24.753350363940463,86.74480060182267,25.198499420748078,86.11509160886894,v3-2026-07-30-trip-suppression-fix
l_1789,,peripheral,arterial,East,1.6409134418159443,6.735405396826349,F,101.1613482400527,58.474587001941416,101.60510718434668,58.95281800135987,v3-2026-07-30-trip-suppression-fix
l_1061,,boundary,arterial,East,1.317426626655932,3.4513104925728597,F,65.43534998947828,58.297777320738305,65.84702091206691,59.39827931212193,v3-2026-07-30-trip-suppression-fix
l_1278,,peripheral,arterial,West,19.254505060478895,16.37710033181237,F,60.80485960601981,45.35627036157406,60.924484608854556,45.94865095390427,v3-2026-07-30-trip-suppression-fix
l_458,,peripheral,arterial,West,0.9416934787726595,1.6263992770375748,F,47.59617876818396,32.86944332563377,47.79573943349853,33.0819948251006,v3-2026-07-30-trip-suppression-fix
l_174,,peripheral,arterial,West,3.7803213273128216,3.221767524741173,F,62.56522719797414,60.64785993785288,63.17032167099063,60.447539196208346,v3-2026-07-30-trip-suppression-fix
l_594,,peripheral,arterial,East,0.7544322897019992,1.1804557870774774,F,87.26030879637909,21.760110740260423,87.3422163589314,21.48832646376716,v3-2026-07-30-trip-suppression-fix
l_211,,peripheral,arterial,West,0.8512147543890761,7.948852285878207,F,33.84449708141225,45.25594081754156,34.33790463427737,43.70643040416842,v3-2026-07-30-trip-suppression-fix
l_610,,inner,arterial,CBD,0.8204567209079722,6.777023524036451,F,102.44312015874735,59.58587777845526,102.94906915652737,59.90078968461936,v3-2026-07-30-trip-suppression-fix
l_142,,peripheral,arterial,West,0.6245229338699604,4.3027560773807245,F,56.19549972464025,13.468757795687031,57.035679730518716,14.237078372263523,v3-2026-07-30-trip-suppression-fix
l_1285,,boundary,arterial,East,0.5155746509129968,4.704922895330746,F,63.73301721953026,63.842510507436664,63.89363691121102,64.29900298311922,v3-2026-07-30-trip-suppression-fix
l_2399,,inner,arterial,CBD,1.1867088607594938,4.656471806741372,F,53.65937578832898,70.56806433224813,55.73360997152649,69.85431913751114,v3-2026-07-30-trip-suppression-fix
l_134,,inner,arterial,CBD,1.4070194637692488,3.238395597751485,F,77.3632048413974,68.40189168926318,77.78445854772983,70.0157000072251,v3-2026-07-30-trip-suppression-fix
l_623,,peripheral,arterial,West,1.00993098804915,11.182213686836953,F,25.751276152965755,69.94339200780163,26.07238139930309,69.66727884791707,v3-2026-07-30-trip-suppression-fix
l_627,,inner,arterial,CBD,0.7365126127784938,3.7061469892255543,F,52.902451861081026,83.79782671239595,52.99486639803911,84.09342026471842,v3-2026-07-30-trip-suppression-fix
l_1177,,peripheral,arterial,West,0.6931407942238267,2.465480650493921,F,49.88699146194675,28.584282569702506,50.09635975384353,28.14801859227475,v3-2026-07-30-trip-suppression-fix
l_1563,SH1N,peripheral,motorway,MWY,1.3333333333333333,0.3080298390478405,B,26.11703655265897,98.31416060340739,27.039409729875562,100,v3-2026-07-30-trip-suppression-fix
l_744,,peripheral,arterial,West,0.34657039711191334,2.3112776438767426,F,55.0507051747397,24.48955916017937,55.48533050156489,24.481572560118224,v3-2026-07-30-trip-suppression-fix
l_1895,,peripheral,arterial,East,5.584858827179646,4.600894802058985,F,72.79557261648976,77.72925969396898,73.09627738553586,78.33242799896371,v3-2026-07-30-trip-suppression-fix
l_525,,peripheral,arterial,East,1.4402304368698993,4.017142740529612,F,91.60778624894593,68.54368656404685,92.03296894979158,68.02229805492169,v3-2026-07-30-trip-suppression-fix
l_1287,,peripheral,arterial,East,0.5155746509129968,4.698738730771103,F,63.4819686469117,63.198497471386425,63.73301721953026,63.842510507436664,v3-2026-07-30-trip-suppression-fix
l_565,,boundary,arterial,West,0.6931407942238267,6.348468497521482,F,48.886082829988325,30.899887737200082,49.13742967191647,30.381775844844405,v3-2026-07-30-trip-suppression-fix
l_57,,peripheral,arterial,West,0.2729630135116692,1.1485806207403058,F,39.89566721333704,25.49718718738144,40.13917123397722,25.735967467360865,v3-2026-07-30-trip-suppression-fix
l_1025,,inner,arterial,CBD,2.877237851662404,1.1841142017936392,F,54.601457003357595,57.956488700539424,56.177153289115644,57.332965838616346,v3-2026-07-30-trip-suppression-fix
l_2472,,inner,arterial,CBD,6.300535545521369,6.82015519582079,F,59.89578389608564,61.716984700024234,60.98902377665546,61.24441366475997,v3-2026-07-30-trip-suppression-fix
l_141,,inner,arterial,CBD,1.415261233636042,5.964043368536656,F,66.63071109769622,52.38399397535276,66.70966745550835,51.95011603128202,v3-2026-07-30-trip-suppression-fix
l_322,,peripheral,arterial,East,1.550287449131193,6.157101142836104,F,106.51764890136762,20.429405462124972,107.31610278619196,21.279390959790696,v3-2026-07-30-trip-suppression-fix
l_1344,,inner,arterial,CBD,0.7897854416216927,1.2452896319864697,F,74.59298837555528,78.50688881137079,75.02672894130816,78.4448305625403,v3-2026-07-30-trip-suppression-fix
l_464,,peripheral,arterial,West,0.7171029042667623,6.493588224742685,F,34.01323055681095,5.794481414044781,34.320858529040066,4.788884331062761,v3-2026-07-30-trip-suppression-fix
l_329,,inner,arterial,CBD,0.4660556159701724,2.6520956208411506,F,75.97152524439069,41.37405555633217,76.21559039315031,41.639812585475795,v3-2026-07-30-trip-suppression-fix
l_376,,peripheral,arterial,East,1.1906533710373568,5.578123322778695,F,100.15026983076909,54.38532482947949,100.58093550442095,54.161107311431834,v3-2026-07-30-trip-suppression-fix
l_560,,peripheral,arterial,West,0.2729630135116692,1.052510172751163,F,30.133771162970287,18.29744512717027,30.57134760327681,18.451613763308206,v3-2026-07-30-trip-suppression-fix
l_1418,,peripheral,arterial,East,1.785980056556035,5.6687908539508225,F,98.62522161572872,55.3866211660318,99.18617879163148,55.060876857510834,v3-2026-07-30-trip-suppression-fix
l_824,,peripheral,arterial,West,1.54182191956829,13.147352415060503,F,20.69081771812107,78.60282193635975,20.747160974250612,78.11532684880811,v3-2026-07-30-trip-suppression-fix
l_13,,peripheral,arterial,West,0.7906700929037359,4.468859125179974,F,60.474555799126385,23.90334988829351,60.81895765673793,24.896991468599357,v3-2026-07-30-trip-suppression-fix
l_80,,boundary,arterial,East,1.5813401858074718,4.7024918576336185,F,65.5765602186425,35.32268875330685,65.77564147931554,35.76447704707274,v3-2026-07-30-trip-suppression-fix
l_644,,inner,arterial,CBD,0.9512485136741975,7.985582243743119,F,84.65187825992689,70.9968135233585,84.95418154754421,70.88311280576647,v3-2026-07-30-trip-suppression-fix
l_387,,peripheral,arterial,East,9.87045033929673,8.54015253664096,F,103.18948378490988,16.815721678574068,103.69986891686158,17.373785672682526,v3-2026-07-30-trip-suppression-fix
l_1452,,inner,arterial,CBD,9.788726649808304,6.660350558809841,F,89.77142609073935,68.0101659520379,90.45208248829778,66.02461078086631,v3-2026-07-30-trip-suppression-fix
l_2143,,boundary,arterial,East,0.3090632807067247,0.8865766091610872,E,116.83375292982441,64.07451012846087,117.15978739784869,64.06842534598398,v3-2026-07-30-trip-suppression-fix
l_919,,peripheral,arterial,East,1.4125402181589892,4.963342809322513,F,66.5307284376244,37.54830611452319,66.81325321532405,37.54309989421768,v3-2026-07-30-trip-suppression-fix
l_738,,inner,arterial,CBD,1.5280135823429541,14.010822550217844,F,56.50199752388697,40.732792805068556,57.16493430962281,41.31518949805512,v3-2026-07-30-trip-suppression-fix
l_732,,peripheral,arterial,East,0.7544322897019992,2.93578615484987,F,86.33621924600413,16.480010077644096,86.45239586908485,16.883257353917134,v3-2026-07-30-trip-suppression-fix
l_2204,,boundary,arterial,West,0.5933544303797469,4.690552906905333,F,55.73360997152649,69.85431913751114,56.36047347925608,69.65362019796031,v3-2026-07-30-trip-suppression-fix
l_1603,SH1N,peripheral,motorway,MWY,0.13333333333333333,0.7206993799279227,D,25.556797822209617,97.40547858849013,26.11703655265897,98.31416060340739,v3-2026-07-30-trip-suppression-fix
l_948,,peripheral,arterial,West,0.6732873253661,0.9982459273113592,E,2.8836122255490593,66.68330547376482,4.656304385650536,68.51598354152654,v3-2026-07-30-trip-suppression-fix
l_535,,boundary,arterial,East,0.9380129758461659,5.934522576269375,F,66.89691065895856,38.541538023179406,66.96610027265491,38.756474806697,v3-2026-07-30-trip-suppression-fix
l_851,,inner,arterial,CBD,0.9416934787726595,8.085337343918466,F,48.901713511579864,34.115739221453836,49.45544964230435,34.67313521230625,v3-2026-07-30-trip-suppression-fix
l_517,,inner,arterial,CBD,0.9380129758461659,2.3140107195962134,F,76.26212498286664,64.1250148207832,76.66162801034746,65.73922665077025,v3-2026-07-30-trip-suppression-fix
l_461,,peripheral,arterial,West,1.0778443113772456,10.653067936511913,F,48.392284149825215,64.36755501154411,48.69658009671544,64.361976160048,v3-2026-07-30-trip-suppression-fix
l_451,,peripheral,arterial,East,0.7544322897019992,1.2590971906341175,F,84.45092700293155,28.514753090660168,85.58516259676898,27.54781745614378,v3-2026-07-30-trip-suppression-fix
l_2312,,peripheral,motorway,MWY,0.2,2.3935575511050473,F,50.045302908123446,58.957232655495595,50.157972579024026,58.55544635747299,v3-2026-07-30-trip-suppression-fix
l_501,,inner,arterial,CBD,0.9380129758461659,2.3449136574240486,F,75.5585735574088,61.354277245852195,75.81715706695309,62.40353590998845,v3-2026-07-30-trip-suppression-fix
l_64,,peripheral,arterial,East,1.1089548100914888,3.908495733444947,F,99.15211684177766,17.134051952703206,99.9091660664164,16.930790692269245,v3-2026-07-30-trip-suppression-fix
l_1686,,peripheral,arterial,West,0.4163486225799736,0.49314672948303934,C,51.82497587753683,11.035597422664797,52.28329132929725,11.135286795681793,v3-2026-07-30-trip-suppression-fix
l_14,,peripheral,arterial,East,0.8783487044356609,4.300003152178074,F,92.97144198432113,13.248900677184562,94.74427131458471,12.729508385691016,v3-2026-07-30-trip-suppression-fix
l_776,,peripheral,arterial,East,0.8774495466510676,1.9274931449248969,F,71.70183893190438,17.39926773257083,71.91290464729968,18.23319513559029,v3-2026-07-30-trip-suppression-fix
l_1568,,peripheral,arterial,East,2,12.688717558133957,F,79.55429144422294,16.497444047093744,79.80053627693036,15.709118076540907,v3-2026-07-30-trip-suppression-fix
l_1272,,peripheral,arterial,West,1.317426626655932,7.382470289670904,F,60.005554820942166,47.992536583867455,60.3128151638892,48.1490434873391,v3-2026-07-30-trip-suppression-fix
l_1788,,inner,arterial,CBD,0.8204567209079722,6.949738055891086,F,100.09029669993842,58.17017319126349,100.61596088067445,58.37661739014762,v3-2026-07-30-trip-suppression-fix
l_552,,peripheral,arterial,West,0.2729630135116692,1.1395264521238821,F,25.97287965167287,16.616660135229253,26.45440358769502,16.797061905222392,v3-2026-07-30-trip-suppression-fix
l_371,,inner,arterial,CBD,0.4660556159701724,0.9353722364247259,E,89.69161946448213,56.687503918493874,90.26675970772055,57.217375824468164,v3-2026-07-30-trip-suppression-fix
l_2077,,peripheral,arterial,West,1.6653944903198945,3.853285333693336,F,49.898340408449265,10.287200357257893,52.28329132929725,11.135286795681793,v3-2026-07-30-trip-suppression-fix
l_602,,peripheral,arterial,East,1.9243104554201411,9.711782459675156,F,116.16471022858158,35.276436523052126,116.60441641335288,35.538496593822366,v3-2026-07-30-trip-suppression-fix
l_2329,,peripheral,arterial,West,0.9340702109441894,0.2896625860604048,B,53.25856253837734,51.1434765442078,54.3168178838527,51.184848414248954,v3-2026-07-30-trip-suppression-fix
l_1422,,inner,arterial,CBD,1.4070194637692488,4.156221508022674,F,69.48926630462122,44.70984221584518,69.92317004128877,45.83695339836799,v3-2026-07-30-trip-suppression-fix
l_658,,boundary,arterial,East,1.260107109104274,9.06924974972591,F,82.61537724786608,46.76465010547394,82.82720406952839,46.46343850540144,v3-2026-07-30-trip-suppression-fix
l_79,,peripheral,arterial,West,0.6732873253661,1.4348226417973633,F,9.963388789742353,72.20338992364428,11.357448835104252,72.34024476797593,v3-2026-07-30-trip-suppression-fix
l_839,,peripheral,arterial,East,1.1259148057796962,2.0743242518585263,F,116.80502461872207,21.859174218520465,117.19264731088153,21.662747971149678,v3-2026-07-30-trip-suppression-fix
l_360,,peripheral,arterial,West,0.42560737719453806,7.928785036687425,F,29.643531754368812,60.44028981709939,29.74430385045938,60.006032223592356,v3-2026-07-30-trip-suppression-fix
l_1351,,peripheral,motorway,MWY,0.06666666666666667,0.043230056057463245,A,84.55624162921892,43.566620758211755,84.77758488400379,43.77873584501003,v3-2026-07-30-trip-suppression-fix
l_813,,peripheral,arterial,West,0.47084673938632976,4.457629529909046,F,55.47809825859257,37.07601636840812,55.7186490833935,37.152675638354886,v3-2026-07-30-trip-suppression-fix
l_690,,peripheral,arterial,West,0.8188890405350076,0.8605599104948,E,14.18841608295176,20.047349898517552,14.363812522100684,18.936088409652413,v3-2026-07-30-trip-suppression-fix
l_553,,peripheral,arterial,West,0.2729630135116692,1.0512228034892943,F,30.57134760327681,18.451613763308206,30.987688520843637,18.63319555844396,v3-2026-07-30-trip-suppression-fix
l_2227,SH1N,peripheral,motorway,MWY,0.4,1.9271988089841798,F,33.058111487828576,81.89081997784211,35.90168045373832,79.24437655458021,v3-2026-07-30-trip-suppression-fix
l_771,,inner,arterial,CBD,0.4660556159701724,2.4314894709865187,F,75.1054356537735,40.39006990359467,75.32726555570973,40.62921196747983,v3-2026-07-30-trip-suppression-fix
l_884,,peripheral,arterial,West,2.12803688597269,8.714893655886856,F,39.35853243396495,38.885039799948636,40.19570474869588,38.302169088866755,v3-2026-07-30-trip-suppression-fix
l_1034,,peripheral,arterial,West,1.1867088607594938,4.863525921939968,F,56.36047347925608,69.65362019796031,56.68502148924751,69.56657895168362,v3-2026-07-30-trip-suppression-fix
l_476,,inner,arterial,CBD,1.3057671381936886,7.7670166760668256,F,56.425885077043226,67.30112557727618,56.573209821659226,68.21731524158356,v3-2026-07-30-trip-suppression-fix
l_2538,,boundary,arterial,East,0.8204567209079722,7.103601302549731,F,98.22924871404055,57.47502930571006,98.55879211378273,57.658094585658226,v3-2026-07-30-trip-suppression-fix
l_2565,,inner,arterial,CBD,1.317426626655932,3.271963471530096,F,67.17348788102349,62.941334292967575,67.69934011712195,64.33702041749164,v3-2026-07-30-trip-suppression-fix
l_166,,boundary,arterial,East,0.48007681228996646,6.020605804326061,F,94.25698014732225,64.84596163196238,94.42584210066914,64.57256242888025,v3-2026-07-30-trip-suppression-fix
l_290,,peripheral,arterial,West,1.260107109104274,0.6484490670720138,D,59.436040302780505,61.921607193387665,59.673136359685195,61.809142099580896,v3-2026-07-30-trip-suppression-fix
l_2560,,boundary,arterial,East,1.260107109104274,9.045549165425777,F,83.04003216242377,46.21626127244332,83.33328127670732,45.61625007323707,v3-2026-07-30-trip-suppression-fix
l_2452,SH1S,peripheral,motorway,MWY,0.3789473684210526,3.457741462330912,F,66.29036569802851,30.41774322411505,67.19612068495205,30.02267956789145,v3-2026-07-30-trip-suppression-fix
l_104,,peripheral,arterial,West,0.9552619009711829,2.2882662523773725,F,27.32353851346011,40.56429539010927,27.99873854125966,40.633059065700095,v3-2026-07-30-trip-suppression-fix
l_2203,,peripheral,motorway,MWY,0.2,0.7700604905288423,D,20.805202855204747,92.032707531006,22.399919872862714,93.62525329203619,v3-2026-07-30-trip-suppression-fix
l_2215,SH1N,boundary,motorway,MWY,0.2,1.0573961541466566,F,49.25662904563713,62.8922861108631,49.497206459126,62.96895336227439,v3-2026-07-30-trip-suppression-fix
l_624,,inner,arterial,CBD,0.5469711472719815,5.529817673488559,F,113.21563314092414,60.11501533830143,113.43853816851465,60.40815325388406,v3-2026-07-30-trip-suppression-fix
l_386,,peripheral,arterial,East,1.5088645794039983,2.954727568034752,F,86.66201641600574,17.63611965574881,87.19894577134318,19.626142623559943,v3-2026-07-30-trip-suppression-fix
l_978,,peripheral,arterial,East,0.6587615283267457,8.794652602808535,F,72.96847240440836,18.88937323681051,73.29293391250317,18.80230296617082,v3-2026-07-30-trip-suppression-fix
l_243,,boundary,arterial,West,0.6931407942238267,6.334828098101948,F,49.13742967191647,30.381775844844405,49.32606309764747,29.999946005263766,v3-2026-07-30-trip-suppression-fix
l_2177,,boundary,arterial,East,0.4660556159701724,0.6973893487444632,D,81.80594585524118,48.0205643556404,82.09757664711329,48.15258459901358,v3-2026-07-30-trip-suppression-fix
l_40,,peripheral,arterial,West,0.2729630135116692,1.0393415572534943,F,35.35958411076192,21.14784221539322,36.57656347597873,22.314748875087535,v3-2026-07-30-trip-suppression-fix
l_1665,,boundary,arterial,East,0.39489272081084636,1.2015125066942158,F,79.30564125700317,77.01448369671138,80.05942625532296,76.62218255060786,v3-2026-07-30-trip-suppression-fix
l_449,,boundary,arterial,East,1.2487859025946997,6.241375378126085,F,92.86029647311842,52.87205231936362,93.13279881840661,52.326464706958575,v3-2026-07-30-trip-suppression-fix
l_558,,peripheral,arterial,West,0.2729630135116692,0.4730187715675596,C,6.703500289561166,22.048086483923136,7.032410215232541,22.20427560395299,v3-2026-07-30-trip-suppression-fix
l_2295,,peripheral,arterial,West,2.155688622754491,10.699062960055961,F,46.10449399598235,64.26860438115683,47.306009138218975,64.41449305000864,v3-2026-07-30-trip-suppression-fix
l_888,,inner,arterial,CBD,0.47953964194373405,1.2024214126739636,F,56.909666401894945,56.968163807931695,57.407573841442634,56.85090827522146,v3-2026-07-30-trip-suppression-fix
l_221,,inner,arterial,CBD,1.3530273988048258,1.7986027549667265,F,71.88080660841018,63.530216875278064,72.40769120143241,64.97992663724726,v3-2026-07-30-trip-suppression-fix
l_2613,SH16,peripheral,motorway,MWY,0.49411764705882355,1.1757665011045422,F,25.89488625289297,8.780468454057408,32.69477780582291,9.764417161929732,v3-2026-07-30-trip-suppression-fix
l_945,,inner,arterial,CBD,0.6931407942238267,6.3900732681124754,F,48.48658325403197,31.63692760098967,48.613002687591845,31.418397879223342,v3-2026-07-30-trip-suppression-fix
l_840,,peripheral,arterial,West,0.3592814371257485,1.809720279403488,F,57.75975764664811,64.16858437867349,58.065048907854084,64.21702625636892,v3-2026-07-30-trip-suppression-fix
l_748,,peripheral,arterial,West,0.6384110657918071,7.950895434659843,F,31.684075645716092,51.943847527863355,31.806077940362346,51.48217446681754,v3-2026-07-30-trip-suppression-fix
l_183,,inner,arterial,CBD,0.6765136994024129,2.0051275333672174,F,73.09222729638593,66.7240176771746,73.22913578602629,67.07283563777267,v3-2026-07-30-trip-suppression-fix
l_1196,,boundary,arterial,East,11.169717654359292,6.1825282448123025,F,71.9765944393281,75.77143528366535,72.79557261648976,77.72925969396898,v3-2026-07-30-trip-suppression-fix
l_860,,inner,arterial,CBD,0.8705114254624592,3.694175101290458,F,58.57699752959342,76.66677151620668,58.66941781072258,76.96236283428607,v3-2026-07-30-trip-suppression-fix
l_971,,inner,arterial,CBD,0.9380129758461659,5.9257732868509,F,66.73779684919414,38.16609945018584,66.89691065895856,38.541538023179406,v3-2026-07-30-trip-suppression-fix
l_101,,peripheral,arterial,West,0.4163486225799736,4.390316807003322,F,59.782838745666176,15.862190012256894,60.32709458729514,15.906228114512503,v3-2026-07-30-trip-suppression-fix
l_1175,,peripheral,arterial,West,0.5904736911166514,2.7276847790371717,F,51.85167599897967,19.575456539565796,52.058685768613564,20.193263164454763,v3-2026-07-30-trip-suppression-fix
l_716,,peripheral,arterial,East,2.8537455410225925,9.158994939927823,F,75.53466297520778,74.16527256262826,75.85871184117023,74.05118412738653,v3-2026-07-30-trip-suppression-fix
l_622,,inner,arterial,CBD,0.7365126127784938,3.6648617136796022,F,52.99486639803911,84.09342026471842,53.20093694328608,84.65719116161277,v3-2026-07-30-trip-suppression-fix
l_1108,,peripheral,arterial,West,1.213408160169877,1.2954154001579696,F,60.183906457535066,48.2324938814453,60.3128151638892,48.1490434873391,v3-2026-07-30-trip-suppression-fix
l_478,,peripheral,arterial,West,0.2729630135116692,1.2362570156051573,F,44.143969963197385,29.554424425276366,44.67545346620091,30.0852133826215,v3-2026-07-30-trip-suppression-fix
l_539,,peripheral,arterial,East,1,8.391310285926838,F,102.6430421755195,10.825947730733448,102.80421995499638,11.309430453865668,v3-2026-07-30-trip-suppression-fix
l_700,,peripheral,arterial,East,0.4660556159701724,4.932084058176582,F,64.70680343127532,18.82552712761103,64.7997113597878,19.148133514434484,v3-2026-07-30-trip-suppression-fix
l_438,,peripheral,arterial,East,2.263296869105998,2.9668249633188553,F,87.19894577134318,19.626142623559943,87.41007622561573,20.460056285102223,v3-2026-07-30-trip-suppression-fix
l_1791,,peripheral,arterial,East,0.8204567209079722,5.6274420669238525,F,110.57159276244305,58.24540056785427,111.65884730143536,58.25216504933287,v3-2026-07-30-trip-suppression-fix
l_880,,boundary,arterial,West,1.260107109104274,6.919722402017661,F,57.70866742258504,62.57496723655643,58.61557679123506,62.23398134375334,v3-2026-07-30-trip-suppression-fix
l_728,,peripheral,arterial,West,0.6732873253661,1.613196986495573,F,20.06963750384834,73.15485135126279,20.832376903800007,73.24907673454601,v3-2026-07-30-trip-suppression-fix
l_2596,,peripheral,arterial,West,0.23351755273604735,0.1335388251999833,A,53.624561860442874,50.94757204378403,54.3168178838527,51.184848414248954,v3-2026-07-30-trip-suppression-fix
l_886,,peripheral,arterial,East,1.2828736369467608,9.757108460677129,F,115.3515094006383,34.8051317165802,115.90088706272924,35.11920004960792,v3-2026-07-30-trip-suppression-fix
l_1771,,peripheral,arterial,East,1.785980056556035,5.7585982139229035,F,98.04341434136168,55.6676950421336,98.62522161572872,55.3866211660318,v3-2026-07-30-trip-suppression-fix
l_1184,SH1N,boundary,motorway,MWY,0.06666666666666667,0.0635320936984064,A,46.78371105963359,74.12198714827707,47.765118335675915,72.83828332406051,v3-2026-07-30-trip-suppression-fix
l_353,,inner,arterial,CBD,1.415261233636042,5.136999994844083,F,72.82172612412494,48.56721059511827,73.54693843134346,48.98625010753081,v3-2026-07-30-trip-suppression-fix
l_2209,,inner,arterial,CBD,3.1626803716149436,3.910310036562949,F,65.37049502225159,34.75892893840695,65.77564147931554,35.76447704707274,v3-2026-07-30-trip-suppression-fix
l_632,,inner,arterial,CBD,0.8204567209079722,5.622224988716237,F,108.85548333009355,59.493573287192135,110.2298857455269,58.57608831545748,v3-2026-07-30-trip-suppression-fix
l_736,,inner,arterial,CBD,0.9321112319403448,0.6659241861987262,D,82.65695102383421,49.00708608487663,84.61363647954586,51.349213948500825,v3-2026-07-30-trip-suppression-fix
l_338,,peripheral,arterial,East,0.7751437245655965,6.94065074277759,F,112.25637496368564,35.5385411198825,112.40345479646213,35.26553051157771,v3-2026-07-30-trip-suppression-fix
l_2507,,peripheral,arterial,West,1.03971119133574,2.438410599573965,F,50.09635975384353,28.14801859227475,50.7546373797436,27.29811996730244,v3-2026-07-30-trip-suppression-fix
l_1804,,peripheral,arterial,East,22.68192796387693,3.437619256896178,F,65.84702091206691,59.39827931212193,78.65124687623067,52.24326399052595,v3-2026-07-30-trip-suppression-fix
l_1781,,inner,arterial,CBD,0.5933544303797469,4.777259667895653,F,63.67921974404496,70.35686484399797,64.33329631977993,70.45293118139321,v3-2026-07-30-trip-suppression-fix
l_1806,,boundary,arterial,East,4.995836802664447,5.203535523278373,F,79.06516699450094,60.50573161007969,79.24505232266196,60.82672526593426,v3-2026-07-30-trip-suppression-fix
l_2639,,boundary,arterial,East,0.5155746509129968,4.683338532389122,F,63.20769144477789,62.473832463053,63.366814280569855,62.84927358523913,v3-2026-07-30-trip-suppression-fix
l_1303,,inner,arterial,CBD,13.595807959212577,3.9618801135074655,F,76.64823232438683,54.4423944689352,78.64845635725169,60.22310997772073,v3-2026-07-30-trip-suppression-fix
l_1770,SH1N,peripheral,motorway,MWY,0.3333333333333333,3.263862146656826,F,61.19880836747479,31.349325136469357,62.370841689415734,31.246673889014883,v3-2026-07-30-trip-suppression-fix
l_2078,,peripheral,arterial,West,2.4980917354798415,3.9143431865132015,F,46.885732413122895,9.585731174776488,49.898340408449265,10.287200357257893,v3-2026-07-30-trip-suppression-fix
l_2171,,peripheral,arterial,West,1.54182191956829,11.918515199757982,F,19.91921230880739,86.37334853398386,19.926106752739194,86.75158827521348,v3-2026-07-30-trip-suppression-fix
l_393,,peripheral,arterial,East,0.6467608062951385,1.485901433638254,F,79.60262002906941,32.009813320113814,80.33730487909686,32.94215722915171,v3-2026-07-30-trip-suppression-fix
l_216,,inner,arterial,CBD,0.718562874251497,1.8072564276447862,F,75.5585735574088,61.354277245852195,76.33554109683999,61.042638078226716,v3-2026-07-30-trip-suppression-fix
l_847,,peripheral,arterial,West,0.6732873253661,6.755949882322048,F,22.42853837069074,72.54437032089976,22.685429373062288,72.32348419454668,v3-2026-07-30-trip-suppression-fix
l_321,,inner,arterial,CBD,0.7405578869414959,7.17876630584324,F,61.33998282410627,40.18437565633962,61.37497975915521,39.724282174557786,v3-2026-07-30-trip-suppression-fix
l_1858,,inner,arterial,CBD,0.7897854416216927,1.311665228369632,F,73.33873570061782,78.88137666158906,74.59298837555528,78.50688881137079,v3-2026-07-30-trip-suppression-fix
l_1987,,boundary,arterial,East,0.4894363324904152,0.7057886346409138,D,90.25782546500915,66.5912814806598,90.35462429295049,66.30890785708459,v3-2026-07-30-trip-suppression-fix
l_1559,,peripheral,arterial,West,0.7405578869414959,0.10147858011796737,A,59.36133610429514,47.24764500246948,59.58384565892624,47.50492640356332,v3-2026-07-30-trip-suppression-fix
l_526,,boundary,arterial,East,0.9788726649808304,6.693715075806082,F,91.75010104614312,58.64931212548191,92.03767611801433,58.91424556394204,v3-2026-07-30-trip-suppression-fix
l_498,,peripheral,arterial,West,1.3465746507322,1.7718445699534078,F,20.832376903800007,73.24907673454601,21.311067390560833,73.26739101638535,v3-2026-07-30-trip-suppression-fix
l_540,,peripheral,arterial,East,3,8.64600962038878,F,102.55007734153769,10.503356300710722,102.6430421755195,10.825947730733448,v3-2026-07-30-trip-suppression-fix
l_718,,boundary,arterial,West,97.79286926994907,19.219598080736162,F,55.07493113486969,39.97524862667511,56.50199752388697,40.732792805068556,v3-2026-07-30-trip-suppression-fix
l_1413,,peripheral,arterial,West,0.5904736911166514,2.8172711605180374,F,52.66608875196017,23.668517093456877,52.70507672282904,23.424563417703144,v3-2026-07-30-trip-suppression-fix
l_2461,,peripheral,motorway,MWY,0.2,1.6939317946063548,F,79.80053627693036,15.709118076540907,79.90368016202991,15.40991759887411,v3-2026-07-30-trip-suppression-fix
l_1323,,boundary,arterial,East,0.5155746509129968,4.68370747317208,F,63.366814280569855,62.84927358523913,63.4819686469117,63.198497471386425,v3-2026-07-30-trip-suppression-fix
l_2173,,boundary,arterial,West,6,8.895433901539995,F,50.204807783746894,60.06415870171038,50.71651428987713,59.51424531615079,v3-2026-07-30-trip-suppression-fix
l_1893,,peripheral,motorway,MWY,0.13333333333333333,0.2005068244213798,A,54.84337716773664,36.84443996626127,55.03101232778879,36.40857041089075,v3-2026-07-30-trip-suppression-fix
l_549,,peripheral,arterial,West,0.2729630135116692,1.0549543389890648,F,32.914322210954026,19.381767932668083,33.37412857840073,19.562551042555498,v3-2026-07-30-trip-suppression-fix
l_737,,inner,arterial,CBD,0.8204567209079722,6.6852278982450155,F,103.40953531118548,60.108439614280215,103.91347280868749,60.3152799633728,v3-2026-07-30-trip-suppression-fix
l_1859,,boundary,arterial,East,1.7800632911392407,5.7316859553706,F,71.33102328162099,73.78338402757181,72.26968731133745,73.98228369520415,v3-2026-07-30-trip-suppression-fix
l_331,,boundary,arterial,East,0.6467608062951385,0.21230326880497052,A,86.98484093866688,50.25127140086294,87.02028595681482,49.81818938328988,v3-2026-07-30-trip-suppression-fix
l_1453,,inner,arterial,CBD,1.1906533710373568,8.418013385712461,F,95.50635967892894,57.20126775137313,95.97547989031678,56.7060801811761,v3-2026-07-30-trip-suppression-fix
l_175,,peripheral,arterial,West,0.4163486225799736,3.7292170526883903,F,35.52025654373531,1.4427167203535378,35.78496267608044,1.6540867439188676,v3-2026-07-30-trip-suppression-fix
l_973,,peripheral,arterial,East,0.6467608062951385,1.4816002159752353,F,79.26963011395762,31.637598349774255,79.60262002906941,32.009813320113814,v3-2026-07-30-trip-suppression-fix
l_664,,peripheral,arterial,East,3.262389311791207,5.254321284145584,F,70.81008333656156,35.00999473977138,71.35164153001558,36.081063964939304,v3-2026-07-30-trip-suppression-fix
l_555,,peripheral,arterial,West,0.5459260270233384,1.0550978315992894,F,29.520868804521943,18.065397171571686,29.827072700036368,18.167912745491606,v3-2026-07-30-trip-suppression-fix
l_2216,,peripheral,arterial,West,0.7365126127784938,7.777470714786917,F,44.95709574338472,64.37645100693896,44.96453376525631,64.78170908055317,v3-2026-07-30-trip-suppression-fix
l_1831,,peripheral,arterial,East,1.3981668479105174,3.7785504788952875,F,66.9975920537754,27.512874366468814,67.60879996164446,28.82590664672896,v3-2026-07-30-trip-suppression-fix
l_103,,peripheral,arterial,West,0.9552619009711829,1.6567933153950203,F,18.215256762926387,45.37870460126316,18.379765234502536,44.86221493952579,v3-2026-07-30-trip-suppression-fix
l_3,,peripheral,arterial,West,0.51985559566787,2.3112214542231113,F,55.91896071120116,24.419550473893427,57.627765842110215,23.955714238105273,v3-2026-07-30-trip-suppression-fix
l_391,,inner,arterial,CBD,8,11.998772331242236,F,88.13824604143318,60.851355100114134,88.82022876021257,60.109002418329815,v3-2026-07-30-trip-suppression-fix
l_822,,inner,arterial,CBD,0.6990834239552587,2.3520786545860375,F,74.37225085683323,39.53875972036199,75.1054356537735,40.39006990359467,v3-2026-07-30-trip-suppression-fix
l_1891,,boundary,arterial,West,0.5155746509129968,3.832135353585368,F,61.44641818363301,57.74959335229004,61.583799926753976,58.12543558418083,v3-2026-07-30-trip-suppression-fix
l_269,,peripheral,arterial,West,2.0198619760983,11.036793216164694,F,23.242681989488776,71.88091929891863,23.543043514611877,71.65924041003223,v3-2026-07-30-trip-suppression-fix
l_1098,,peripheral,arterial,East,0.8783487044356609,3.0633905251337676,F,65.5419863242516,21.674948605585637,66.1409750809709,21.15040717403214,v3-2026-07-30-trip-suppression-fix
l_846,,peripheral,arterial,East,0.9701412094427078,9.516339936567716,F,75.35226787411736,26.710079365169303,76.10914760698414,27.66905318193299,v3-2026-07-30-trip-suppression-fix
l_606,,peripheral,arterial,West,1.2768221315836141,8.66826869692423,F,40.19570474869588,38.302169088866755,40.56070078706607,38.05225262882678,v3-2026-07-30-trip-suppression-fix
l_578,,peripheral,arterial,East,0.4163486225799736,4.390681768978322,F,63.37204910383103,17.174469943216778,63.725721108876655,17.49227415964829,v3-2026-07-30-trip-suppression-fix
l_735,,boundary,arterial,East,0.4660556159701724,2.511506475061192,F,71.55422769052936,36.45569729161111,71.73458238436463,36.80371415019356,v3-2026-07-30-trip-suppression-fix
l_1190,,peripheral,arterial,East,5,12.622655144759511,F,79.3914622053205,17.0950407249489,79.55429144422294,16.497444047093744,v3-2026-07-30-trip-suppression-fix
l_255,,peripheral,arterial,West,1.0756543564001435,2.338965537423819,F,29.998429859075458,16.84049715637769,30.933286710960843,14.472141602147115,v3-2026-07-30-trip-suppression-fix
l_1833,,peripheral,arterial,East,5.584858827179646,5.621498370847818,F,72.79557261648976,77.72925969396898,73.0664042965219,78.26479248703758,v3-2026-07-30-trip-suppression-fix
l_711,,inner,arterial,CBD,1.3057671381936886,3.6883545557156823,F,58.66941781072258,76.96236283428607,59.08157987052399,78.08989422446795,v3-2026-07-30-trip-suppression-fix
l_486,,peripheral,arterial,East,2.1958717610891525,8.665623038719778,F,78.63389556618147,17.271209191065452,79.3914622053205,17.0950407249489,v3-2026-07-30-trip-suppression-fix
l_2288,,peripheral,arterial,West,6.658259773013872,9.955590744836078,F,44.525203955014334,64.03438930089531,44.99560781838119,64.10548271931862,v3-2026-07-30-trip-suppression-fix
l_150,,peripheral,arterial,East,0.9701412094427078,9.232015999358424,F,77.93568061832971,30.040664160078066,78.20246890873756,30.36005164161466,v3-2026-07-30-trip-suppression-fix
l_1451,,inner,arterial,CBD,4.894363324904152,6.736374805441621,F,90.45208248829778,66.02461078086631,91.21750506930572,65.09151821134026,v3-2026-07-30-trip-suppression-fix
l_2623,,peripheral,arterial,West,3.5601265822784813,4.669903059241006,F,48.84250379985112,72.305034748848,50.93701624165682,71.50988846607248,v3-2026-07-30-trip-suppression-fix
l_2320,,peripheral,motorway,MWY,0.13333333333333333,0.8347624359553288,D,20.64860256927363,91.79232186953674,20.805202855204747,92.032707531006,v3-2026-07-30-trip-suppression-fix
l_1419,,peripheral,arterial,East,1.785980056556035,8.582724294767244,F,96.91823777215785,55.95885743573806,97.17704338533345,55.8459450532657,v3-2026-07-30-trip-suppression-fix
l_163,,peripheral,arterial,West,0.2729630135116692,0.9329819800994265,E,15.330500061785118,15.918605820140177,16.058494501113277,15.310789384286009,v3-2026-07-30-trip-suppression-fix
l_2491,,inner,arterial,CBD,0.8900316455696203,4.797931294394758,F,64.83522069645699,70.55179674303301,65.72989176090466,70.72450839770681,v3-2026-07-30-trip-suppression-fix
l_2099,SH1N,peripheral,motorway,MWY,0.4,1.1167115511900252,F,24.217517569694923,94.32186840915018,24.975534360902035,90.57846158438335,v3-2026-07-30-trip-suppression-fix
l_693,,peripheral,arterial,West,0.5459260270233384,0.6410251055695474,D,12.994130866692274,21.312260769453108,14.16267206992958,21.02075980134098,v3-2026-07-30-trip-suppression-fix
l_2400,,peripheral,arterial,West,0.3936491274111009,1.991323692194338,F,49.74686058908109,11.506169211820113,49.793166406555756,11.623539450099324,v3-2026-07-30-trip-suppression-fix
l_82,,peripheral,arterial,West,0.6732873253661,1.2670289519179077,F,7.980001471802172,71.94208491837833,9.222887421368313,72.13574772039667,v3-2026-07-30-trip-suppression-fix
l_2497,SH1N,boundary,motorway,MWY,0.3333333333333333,1.7356131841260696,F,49.268580488300465,69.45946102201226,49.36474344224883,67.59288241770346,v3-2026-07-30-trip-suppression-fix
l_334,,peripheral,arterial,East,1.2828736369467608,9.727182205136714,F,115.90088706272924,35.11920004960792,116.16471022858158,35.276436523052126,v3-2026-07-30-trip-suppression-fix
l_843,,peripheral,arterial,West,2.155688622754491,5.712478746614088,F,55.41133629772163,64.15767771289701,56.17207625134482,64.14370402021895,v3-2026-07-30-trip-suppression-fix
l_264,,boundary,arterial,East,0.4660556159701724,0.7068250865583217,D,86.14738469613144,53.15862571255355,86.39147628717548,53.424371483755564,v3-2026-07-30-trip-suppression-fix
l_669,,peripheral,arterial,East,1.1089548100914888,4.811848330028583,F,92.27492744700248,19.04553860649214,93.03148677723222,18.81528551705726,v3-2026-07-30-trip-suppression-fix
l_670,,peripheral,arterial,East,1.6409134418159443,3.738075047619882,F,114.75172089097913,62.0322947864568,114.96349959780188,62.89320071657305,v3-2026-07-30-trip-suppression-fix
l_1672,,boundary,arterial,East,2.520214218208548,2.7144355667943105,F,78.65124687623067,52.24326399052595,78.82161839585643,52.05092945751798,v3-2026-07-30-trip-suppression-fix
l_569,,peripheral,arterial,West,0.9079445145018916,9.977719288098163,F,41.62117366432506,63.869974634024665,42.18728377616061,63.91366633105836,v3-2026-07-30-trip-suppression-fix
l_133,,peripheral,arterial,East,2.187884589087926,3.7260230378117636,F,114.10574223197162,61.20651364290733,114.75172089097913,62.0322947864568,v3-2026-07-30-trip-suppression-fix
l_595,,peripheral,arterial,East,0.7544322897019992,1.1787932199481603,F,87.3422163589314,21.48832646376716,87.4023926488643,21.216944849091888,v3-2026-07-30-trip-suppression-fix
l_1193,,inner,arterial,CBD,0.43914220888531064,3.0355578036592283,F,68.49949739909397,66.45736428321915,68.68236408484094,66.9404700714408,v3-2026-07-30-trip-suppression-fix
l_867,,peripheral,arterial,East,1,1.2998948326019752,F,101.95243156289935,7.595584818932813,102.23988409544138,9.022655521785314,v3-2026-07-30-trip-suppression-fix
l_734,,boundary,arterial,West,0.6384110657918071,8.769780228072328,F,43.75820054058184,35.777549300027054,44.466442142345834,35.27810071114708,v3-2026-07-30-trip-suppression-fix
l_408,,peripheral,arterial,West,0.9552619009711829,1.5268245309704727,F,16.664169368383536,47.352798394816936,17.160594082469917,47.15458765334217,v3-2026-07-30-trip-suppression-fix
l_26,,peripheral,arterial,West,0.51985559566787,2.3182341256816277,F,57.627765842110215,23.955714238105273,58.86046993158634,23.60872701684149,v3-2026-07-30-trip-suppression-fix
l_1125,,boundary,arterial,West,1.3057671381936886,7.722630641216664,F,56.573209821659226,68.21731524158356,56.715064517853946,68.8363153752497,v3-2026-07-30-trip-suppression-fix
l_2503,,peripheral,arterial,West,0.8326972451599473,4.081599925885794,F,53.61726759322485,11.570233857453232,54.407503476894796,11.988138001938534,v3-2026-07-30-trip-suppression-fix
l_959,,peripheral,arterial,East,0.39489272081084636,1.245807187946363,F,75.28657339780666,78.38598138298839,75.58989168565117,78.3263293368011,v3-2026-07-30-trip-suppression-fix
l_2455,SH1N,peripheral,motorway,MWY,0.26666666666666666,1.922703297771315,F,32.51270910962398,82.98182240782904,33.058111487828576,81.89081997784211,v3-2026-07-30-trip-suppression-fix
l_509,,inner,arterial,CBD,0.9416934787726595,5.253577955052977,F,64.29276165623449,37.616559086629074,65.35616662209551,37.515893266219976,v3-2026-07-30-trip-suppression-fix
l_1543,SH16,peripheral,motorway,MWY,0.21176470588235297,2.07171229675771,F,50.39600241867397,26.710121222629585,50.66224571336918,27.002525327591194,v3-2026-07-30-trip-suppression-fix
l_2593,SH16,peripheral,motorway,MWY,0.07058823529411765,0.06537463448633843,A,63.53878238084864,31.200110701265054,64.02685857431082,31.180652193133124,v3-2026-07-30-trip-suppression-fix
l_2199,,inner,arterial,CBD,1.184678162432539,3.9876176210507235,F,91.75179527385082,72.7841909472288,92.63746775162757,72.4704767357421,v3-2026-07-30-trip-suppression-fix
l_2622,,peripheral,arterial,West,2.892960462873674,10.076560786177867,F,25.603129811711074,85.64827640784264,25.71027241241555,85.50503673443971,v3-2026-07-30-trip-suppression-fix
l_2458,SH1N,boundary,motorway,MWY,0.4,2.6517232384165714,F,55.196227636265796,50.10791671258873,56.236816790672194,48.764506272463414,v3-2026-07-30-trip-suppression-fix
l_1439,,peripheral,arterial,East,0.9321112319403448,1.2274531551372703,F,65.17583481005899,20.681714477473342,65.28320945797132,21.78782265927026,v3-2026-07-30-trip-suppression-fix
l_2563,SH1S,peripheral,motorway,MWY,0.25263157894736843,3.4481885103767813,F,69.79372136260199,28.245087626118437,70.30629292231427,27.749155313058328,v3-2026-07-30-trip-suppression-fix
l_1366,,peripheral,arterial,West,0.4163486225799736,0.5111534107845389,C,53.61726759322485,11.570233857453232,53.90323809115761,11.75416517278411,v3-2026-07-30-trip-suppression-fix
l_33,,inner,arterial,CBD,0.7062701090794946,8.070127759157685,F,49.65451723037659,34.85866776126015,50.07190218762322,35.09424726549475,v3-2026-07-30-trip-suppression-fix
l_2570,,peripheral,arterial,West,0.6384110657918071,7.741891024080117,F,46.89819113940197,33.4980383181697,47.410021244273395,33.38635763115281,v3-2026-07-30-trip-suppression-fix
l_862,,peripheral,arterial,West,0.7365126127784938,7.737528453722407,F,45.080153375260146,65.15795934813434,45.237260838842545,65.42534446586146,v3-2026-07-30-trip-suppression-fix
l_805,,peripheral,arterial,East,0.6587615283267457,4.090005823249062,F,99.89088353938105,11.28254088547251,100.99357657658535,10.96474025228029,v3-2026-07-30-trip-suppression-fix
l_2220,,peripheral,arterial,West,0.9079445145018916,9.98189692753723,F,43.80164882948441,64.20842743249491,44.525203955014334,64.03438930089531,v3-2026-07-30-trip-suppression-fix
l_1606,,peripheral,arterial,West,0.6245229338699604,3.8718964191215695,F,45.59524419773252,9.149944970729628,46.885732413122895,9.585731174776488,v3-2026-07-30-trip-suppression-fix
l_433,,inner,arterial,CBD,0.4660556159701724,2.65934312926154,F,76.50412275029483,41.95880096187605,77.05795624886015,42.51612623415185,v3-2026-07-30-trip-suppression-fix
l_913,,inner,arterial,CBD,2.520214218208548,9.111812295896575,F,82.0243621759627,47.72151396091775,82.61537724786608,46.76465010547394,v3-2026-07-30-trip-suppression-fix
l_181,,peripheral,arterial,East,1.7800632911392407,5.159699664979845,F,71.09092346605954,73.73375866135535,71.33102328162099,73.78338402757181,v3-2026-07-30-trip-suppression-fix
l_976,,peripheral,arterial,East,0.43917435221783047,4.25610721001444,F,95.78329677286504,12.493998602727025,96.28007275745321,12.322610633864773,v3-2026-07-30-trip-suppression-fix
l_268,,peripheral,arterial,West,8.678881388621022,16.358158472254697,F,23.242681989488776,71.88091929891863,23.75937672001479,72.79039814014064,v3-2026-07-30-trip-suppression-fix
l_2081,SH16,peripheral,motorway,MWY,0.35294117647058826,2.0136320972508335,F,68.6708940097613,29.83333245658449,70.63850562067732,29.256511888412117,v3-2026-07-30-trip-suppression-fix
l_861,,peripheral,arterial,East,1.1089548100914888,4.096686584788123,F,96.96888977573524,17.796238769374977,97.27060470190436,17.655499622232853,v3-2026-07-30-trip-suppression-fix
l_2597,,inner,arterial,CBD,0.5923390812162695,3.5169652863048446,F,104.14149649928248,66.71636251607733,105.39462072232304,66.28764968796823,v3-2026-07-30-trip-suppression-fix
l_1813,,peripheral,arterial,West,0.8326972451599473,3.912720309414655,F,52.28329132929725,11.135286795681793,53.13224760755773,11.200773498730635,v3-2026-07-30-trip-suppression-fix
l_124,,peripheral,arterial,West,4.62546575870487,13.447300003584164,F,21.052086662157677,75.75850669401079,21.202821748040968,74.4855362290312,v3-2026-07-30-trip-suppression-fix
l_448,,peripheral,arterial,West,1.5132408575031526,10.011988957632429,F,34.756290988467164,65.37382884878303,36.047557714434184,64.64755526746256,v3-2026-07-30-trip-suppression-fix
l_450,,peripheral,arterial,East,0.7544322897019992,1.253448900922281,F,85.58516259676898,27.54781745614378,85.91481718027444,26.56875306139931,v3-2026-07-30-trip-suppression-fix
l_1297,,boundary,arterial,East,0.7733619763694952,5.096540401957645,F,65.79091193583423,69.31801109504654,66.01824350958259,69.85435293678233,v3-2026-07-30-trip-suppression-fix
l_352,,inner,arterial,CBD,1.415261233636042,5.150181547214912,F,72.51495436720664,48.43773914186577,72.82172612412494,48.56721059511827,v3-2026-07-30-trip-suppression-fix
l_1825,,inner,arterial,CBD,1.7800632911392407,6.7800731327884325,F,67.67887400167436,71.47237562974169,67.75056696475887,71.8223982887934,v3-2026-07-30-trip-suppression-fix
l_200,,inner,arterial,CBD,0.9601536245799329,6.024389882367596,F,94.42584210066914,64.57256242888025,94.86370199219547,63.56445281109681,v3-2026-07-30-trip-suppression-fix
l_237,,boundary,arterial,East,0.7062701090794946,5.2158183965608425,F,65.35616662209551,37.515893266219976,65.79131874330855,37.53490327907167,v3-2026-07-30-trip-suppression-fix
l_544,,peripheral,arterial,West,0.2729630135116692,1.2316562571189058,F,43.12596193946024,28.573098333344394,43.67867613875167,29.07647440180393,v3-2026-07-30-trip-suppression-fix
l_865,,peripheral,arterial,West,0.4163486225799736,3.8247786120829605,F,37.703173131629995,4.321633367633035,38.127914939335575,4.9624941669907185,v3-2026-07-30-trip-suppression-fix
l_582,,boundary,arterial,West,3.8363171355498724,7.641310107662956,F,60.64586369269479,55.60220742294849,61.293417623683446,55.34705758430491,v3-2026-07-30-trip-suppression-fix
l_953,,peripheral,arterial,East,0.6587615283267457,4.289311382016614,F,94.74427131458471,12.729508385691016,95.54527076006492,12.552472957554883,v3-2026-07-30-trip-suppression-fix
l_2124,,inner,arterial,CBD,0.47084673938632976,6.037570549810005,F,68.44120752595799,37.40498733491289,68.85113321180147,37.235270555268315,v3-2026-07-30-trip-suppression-fix
l_1726,,inner,arterial,CBD,1.260107109104274,2.742958142334096,F,78.82161839585643,52.05092945751798,79.22255887109388,51.39488182530737,v3-2026-07-30-trip-suppression-fix
l_788,,boundary,arterial,West,0.6384110657918071,8.884304985525253,F,45.6256012022961,34.47309629286863,46.16245726440973,34.11191410925687,v3-2026-07-30-trip-suppression-fix
l_513,,inner,arterial,CBD,2.4979184013322233,4.925242146711102,F,80.40402295935954,61.183673115387506,80.88570138323726,61.363953161543286,v3-2026-07-30-trip-suppression-fix
l_1866,,peripheral,arterial,East,0.4660556159701724,3.7860284243527014,F,66.31199565899901,24.525568450433795,66.47509144954758,25.117145745831465,v3-2026-07-30-trip-suppression-fix
l_799,,peripheral,arterial,West,0.2729630135116692,1.0162705411359196,F,17.49372580376037,14.149578258261334,18.13872945476368,13.759473594685016,v3-2026-07-30-trip-suppression-fix
l_842,,peripheral,arterial,West,32.279228447710274,7.931886734216869,F,53.1215946168522,24.79526131589832,54.638118647539876,26.875465062378005,v3-2026-07-30-trip-suppression-fix
l_2292,,inner,arterial,CBD,0.39489272081084636,3.803817826067149,F,95.79905897691668,70.60104186626934,95.99167030038294,70.43530732536722,v3-2026-07-30-trip-suppression-fix
l_520,,peripheral,arterial,East,0.6467608062951385,1.5120846802188557,F,78.58042036377357,30.812516689642433,78.78051296407524,31.05205674766584,v3-2026-07-30-trip-suppression-fix
l_2394,,inner,arterial,CBD,2.8140389275384976,2.931572962241751,F,67.12521488214176,39.13191321982314,67.5595949665603,40.2860462028036,v3-2026-07-30-trip-suppression-fix
l_621,,inner,arterial,CBD,1.1047689191677408,4.09641252729611,F,51.984776202617375,81.19311260890247,52.39790150800914,82.37469043157401,v3-2026-07-30-trip-suppression-fix
l_212,,inner,arterial,CBD,2.3542336969316486,4.2693941293126505,F,60.0476004068279,38.478461263363045,61.5204454732506,38.18109805684745,v3-2026-07-30-trip-suppression-fix
l_2353,SH1N,peripheral,motorway,MWY,0.26666666666666666,1.7167226696660496,F,47.765118335675915,72.83828332406051,48.518423693547746,71.58405479685005,v3-2026-07-30-trip-suppression-fix
l_187,,inner,arterial,CBD,0.39489272081084636,1.2519623977045922,F,76.47510937163709,77.98566841891113,77.12271813832574,77.73047126542916,v3-2026-07-30-trip-suppression-fix
l_682,,peripheral,arterial,West,0.7171029042667623,6.4677806492446415,F,33.39549101061578,7.670587376565519,33.68337516347586,6.773457741455944,v3-2026-07-30-trip-suppression-fix
l_81,,peripheral,arterial,West,0.2729630135116692,1.2342971754795649,F,44.67545346620091,30.0852133826215,45.427731500137845,30.801139189057874,v3-2026-07-30-trip-suppression-fix
l_944,,peripheral,arterial,West,0.9552619009711829,2.69050392924624,F,33.84392002194041,41.66145983359839,34.59075653131519,42.08023507148212,v3-2026-07-30-trip-suppression-fix
l_1440,,peripheral,arterial,East,0.9321112319403448,4.868588137658505,F,65.47130617214107,21.378959428424118,65.5419863242516,21.674948605585637,v3-2026-07-30-trip-suppression-fix
l_927,,boundary,arterial,East,1.1860051393556037,7.880830738246303,F,64.8377383559979,32.98499530804961,65.04529673321747,33.62980747862805,v3-2026-07-30-trip-suppression-fix
l_262,,peripheral,arterial,West,2.868411617067049,6.431126890691624,F,34.691642072889,2.4848681150931027,34.82097578557332,1.239292220401202,v3-2026-07-30-trip-suppression-fix
l_330,,peripheral,arterial,East,0.6587615283267457,4.188805183094759,F,96.75562082743154,12.178642547299837,97.53388054729031,11.947968259590294,v3-2026-07-30-trip-suppression-fix
l_2150,SH1N,peripheral,motorway,MWY,0,0,A,44.04655926448033,75.14211483178401,44.47664374027952,74.92549784782389,v3-2026-07-30-trip-suppression-fix
l_2549,SH1S,peripheral,motorway,MWY,0.3789473684210526,3.4686471076175955,F,68.42285851212542,29.351428721122858,69.79372136260199,28.245087626118437,v3-2026-07-30-trip-suppression-fix
l_1901,,boundary,motorway,MWY,0.4,2.665660038857114,F,82.73102461739431,41.276115467168836,84.08931759086086,43.007705641182994,v3-2026-07-30-trip-suppression-fix
l_575,,peripheral,arterial,West,4.168596572487263,5.5111158748641165,F,45.33546455065397,50.64015856246235,45.63040736722147,51.31041244544373,v3-2026-07-30-trip-suppression-fix
l_946,,boundary,arterial,West,0.9590792838874681,1.2451683497144326,F,58.832107374041705,56.28419524845777,59.717252360908624,55.94360305475917,v3-2026-07-30-trip-suppression-fix
l_567,,peripheral,arterial,East,1.162715586848395,7.119894600712824,F,104.58686244580402,50.95151444630391,104.8375977296964,50.40631472515976,v3-2026-07-30-trip-suppression-fix
l_2342,SH1S,peripheral,motorway,MWY,0.1894736842105263,2.4037389528089923,F,78.6381945270524,18.6765126787987,78.88845077178134,18.10432682237426,v3-2026-07-30-trip-suppression-fix
l_423,,boundary,arterial,East,0.7201152184349496,6.130033500069627,F,95.43963619956364,61.797033827149114,95.5003199063937,61.55266787133714,v3-2026-07-30-trip-suppression-fix
l_2422,SH1N,boundary,motorway,MWY,0.2,1.053246060367821,F,49.19699130200595,64.37982714894805,49.497206459126,62.96895336227439,v3-2026-07-30-trip-suppression-fix
l_511,,peripheral,arterial,East,1.1259148057796962,1.173514563779554,F,118.61375585870096,20.93350617850465,121.14212573432141,20.12950421223557,v3-2026-07-30-trip-suppression-fix
l_522,,peripheral,arterial,West,0.8512147543890761,8.741279655466707,F,37.08307946971042,40.46715633657881,38.11387922865658,39.772649092279735,v3-2026-07-30-trip-suppression-fix
l_2268,,boundary,arterial,West,0.8900316455696203,4.596524014522694,F,60.385120072702094,69.7688333866943,60.973984625025764,69.86610930404476,v3-2026-07-30-trip-suppression-fix
l_2340,SH1N,boundary,motorway,MWY,0.26666666666666666,1.8474526991060771,F,52.461123624879754,53.88777790301099,53.807866416867896,51.92616661461143,v3-2026-07-30-trip-suppression-fix
l_286,,peripheral,arterial,West,0.33664366268305,1.263556449220791,F,7.780939910423752,71.75651292746136,7.980001471802172,71.94208491837833,v3-2026-07-30-trip-suppression-fix
l_1755,,boundary,arterial,East,1.0609610538879801,10.156495482338494,F,95.74632100581695,53.737403387899974,96.16832299466648,54.21604884802822,v3-2026-07-30-trip-suppression-fix
l_2457,SH16,peripheral,motorway,MWY,0.07058823529411765,0.17102192920528514,A,50.9991503225979,27.590922516974874,51.48271164106916,27.87933678997897,v3-2026-07-30-trip-suppression-fix
l_1678,,peripheral,motorway,MWY,0.3333333333333333,1.6055762132463178,F,80.94211381015269,12.79615210939323,81.77925355649629,11.050957234452639,v3-2026-07-30-trip-suppression-fix
l_2069,,inner,arterial,CBD,1.4070194637692488,3.45475717443915,F,77.78445854772983,70.0157000072251,78.0885341738367,71.17222198928589,v3-2026-07-30-trip-suppression-fix
l_359,,inner,arterial,CBD,1.415261233636042,3.954014897492791,F,67.59393633821429,55.0959178438143,68.2312228555955,55.46254364541425,v3-2026-07-30-trip-suppression-fix
l_396,,boundary,arterial,East,7.492715415568197,6.465234226822336,F,90.9308499919602,57.85370365364385,92.08294553938917,56.670197145613685,v3-2026-07-30-trip-suppression-fix
l_1277,,boundary,arterial,East,0.8782844177706213,3.283356833145377,F,65.84702091206691,59.39827931212193,66.12130419645351,60.122941141567935,v3-2026-07-30-trip-suppression-fix
l_667,,boundary,arterial,West,1.4125402181589892,7.707523134116648,F,47.79573943349853,33.0819948251006,47.994307555970565,33.24051162456414,v3-2026-07-30-trip-suppression-fix
l_2153,,peripheral,motorway,MWY,0.13333333333333333,0.3256180028085184,B,56.402727847693974,48.329035398305,56.50542690938186,48.00283151305364,v3-2026-07-30-trip-suppression-fix
l_273,,inner,arterial,CBD,0.47084673938632976,6.030565674548372,F,68.1814136812295,37.46382972117653,68.44120752595799,37.40498733491289,v3-2026-07-30-trip-suppression-fix
l_2115,,peripheral,motorway,MWY,0.7333333333333333,1.9469705521950726,F,35.90168045373832,79.24437655458021,46.1774620258294,74.0024792413105,v3-2026-07-30-trip-suppression-fix
l_442,,peripheral,arterial,East,1.8697413524462447,6.456031245242868,F,119.1538986518475,61.409599787911716,119.94698244307746,60.800198697541475,v3-2026-07-30-trip-suppression-fix
l_1823,,inner,arterial,CBD,1.1867088607594938,6.708547140001132,F,67.75056696475887,71.8223982887934,68.0786063807393,71.92445988238603,v3-2026-07-30-trip-suppression-fix
l_369,,inner,arterial,CBD,0.7365126127784938,4.631486096057514,F,50.86106171817643,78.02462195985804,51.09034813211472,78.66904767131466,v3-2026-07-30-trip-suppression-fix
l_1148,,peripheral,arterial,East,0.4660556159701724,3.78202532578844,F,66.75532766474298,26.166014510986074,66.96388474240788,26.864859614113108,v3-2026-07-30-trip-suppression-fix
l_1000,,peripheral,arterial,West,0.2729630135116692,0.6418211324108939,D,12.51802123151237,21.429017231942197,12.994130866692274,21.312260769453108,v3-2026-07-30-trip-suppression-fix
l_1207,,boundary,arterial,East,1.093942294543963,1.031634181228836,F,101.16638054128681,58.744760190886595,101.60510718434668,58.95281800135987,v3-2026-07-30-trip-suppression-fix
l_2276,,inner,arterial,CBD,1.317426626655932,2.5631861145045267,F,60.98773892815765,49.37984309580079,61.57523606058552,50.5852230433357,v3-2026-07-30-trip-suppression-fix
l_855,,boundary,arterial,East,1.7800632911392407,6.694710401555474,F,70.54401738169513,73.5546576808655,71.09092346605954,73.73375866135535,v3-2026-07-30-trip-suppression-fix
l_1438,,peripheral,arterial,East,1.03971119133574,2.5770101727111063,F,64.63327380845004,21.907902492300373,65.28320945797132,21.78782265927026,v3-2026-07-30-trip-suppression-fix
l_1191,,peripheral,arterial,West,0.5904736911166514,2.7231342450634077,F,52.058685768613564,20.193263164454763,52.314129578362284,21.08044440557598,v3-2026-07-30-trip-suppression-fix
l_2629,SH1N,peripheral,motorway,MWY,0.26666666666666666,2.282790852486349,F,49.19699130200595,64.37982714894805,49.25662904563713,62.8922861108631,v3-2026-07-30-trip-suppression-fix
l_372,,peripheral,arterial,East,2.263296869105998,10.13609029413369,F,78.38032821591237,30.572976450546324,78.74426645536876,30.268956217343014,v3-2026-07-30-trip-suppression-fix
l_140,,boundary,arterial,East,2.7348557363599073,6.757288906908532,F,101.60510718434668,58.95281800135987,102.44312015874735,59.58587777845526,v3-2026-07-30-trip-suppression-fix
l_272,,peripheral,arterial,East,2.3720102787112074,4.60627693000744,F,63.36084039531813,29.525779596949793,63.79169292857984,30.49079872968815,v3-2026-07-30-trip-suppression-fix
l_617,,peripheral,arterial,East,1.2464942349641632,6.465936499449742,F,119.94698244307746,60.800198697541475,120.09103860604743,60.365079213116616,v3-2026-07-30-trip-suppression-fix
l_16,,peripheral,arterial,West,0.8512147543890761,7.930845667021164,F,30.61418472273863,56.4497273285268,30.87647586311128,55.33686591613959,v3-2026-07-30-trip-suppression-fix
l_970,,boundary,arterial,West,1.0778443113772456,10.621787494276145,F,47.87113021863731,64.40413492993997,48.13145905757613,64.37233652928282,v3-2026-07-30-trip-suppression-fix
l_628,,peripheral,arterial,West,7.232401157184185,15.045553084548196,F,26.037583622950738,78.47843636966675,26.76621972872008,80.27590936570861,v3-2026-07-30-trip-suppression-fix
l_996,,inner,arterial,CBD,0.7062701090794946,7.82170847291641,F,48.72437953409372,33.92980737647068,48.901713511579864,34.115739221453836,v3-2026-07-30-trip-suppression-fix
l_2302,,peripheral,arterial,East,2.3720102787112074,3.6704444401042697,F,66.20121844227644,36.720998864018114,66.81325321532405,37.54309989421768,v3-2026-07-30-trip-suppression-fix
l_2112,,peripheral,arterial,West,0.9340702109441894,0.20163184130181439,A,53.25856253837734,51.1434765442078,53.624561860442874,50.94757204378403,v3-2026-07-30-trip-suppression-fix
l_557,,peripheral,arterial,West,0.2729630135116692,1.12739135922506,F,23.411681397626165,15.636355432577187,23.69614807299709,15.739275869355476,v3-2026-07-30-trip-suppression-fix
l_170,,inner,arterial,CBD,0.48007681228996646,6.22874429951332,F,95.5003199063937,61.55266787133714,95.55698359193237,61.09216345475117,v3-2026-07-30-trip-suppression-fix
l_49,,peripheral,arterial,West,0.4094445202675038,1.1463910616533117,F,40.13917123397722,25.735967467360865,41.88717799682188,27.406626014369678,v3-2026-07-30-trip-suppression-fix
l_484,,peripheral,arterial,East,0.6404098623118796,1.369823396028121,F,84.35024758592708,9.030415185966078,84.4901524895696,9.541330509440055,v3-2026-07-30-trip-suppression-fix
l_299,,peripheral,arterial,West,1.446480231436837,15.413133174366868,F,25.855796386435493,78.0493306162986,26.037583622950738,78.47843636966675,v3-2026-07-30-trip-suppression-fix
l_238,,inner,arterial,CBD,1.883386957545319,5.2746087286909535,F,61.5204454732506,38.18109805684745,62.473197068878214,37.974377665838496,v3-2026-07-30-trip-suppression-fix
l_583,,peripheral,arterial,East,1.2828736369467608,9.710480915005187,F,116.91170598033048,35.69492072497664,117.52679206590972,36.034785050545715,v3-2026-07-30-trip-suppression-fix
l_314,,boundary,arterial,West,1.260107109104274,0.9414633353453046,E,60.49309885783969,61.46974642163667,60.98902377665546,61.24441366475997,v3-2026-07-30-trip-suppression-fix
l_999,,peripheral,arterial,West,0.2729630135116692,1.0163299493366411,F,18.13872945476368,13.759473594685016,18.59505976300408,13.751167999895477,v3-2026-07-30-trip-suppression-fix
l_2436,,inner,arterial,CBD,0.5155746509129968,0.9512031986895123,E,58.908920125698145,51.012635085298065,59.389231387559114,52.301070655641134,v3-2026-07-30-trip-suppression-fix
l_1832,,peripheral,arterial,East,0.6990834239552587,3.777500101562617,F,66.96388474240788,26.864859614113108,66.9975920537754,27.512874366468814,v3-2026-07-30-trip-suppression-fix
l_691,,peripheral,arterial,West,0.2729630135116692,0.2254798801928473,A,14.18841608295176,20.047349898517552,14.219989880572841,20.587299202805738,v3-2026-07-30-trip-suppression-fix
l_1414,,peripheral,arterial,West,0.3936491274111009,2.8192634797399663,F,52.43634905089815,22.997075504779254,52.70507672282904,23.424563417703144,v3-2026-07-30-trip-suppression-fix
l_904,,peripheral,arterial,West,1.0186757215619695,13.829411554684649,F,58.42761061428287,42.58924470487888,58.78181302058914,42.934075279293715,v3-2026-07-30-trip-suppression-fix
l_1821,,peripheral,arterial,East,1.260107109104274,9.309943099776714,F,83.8635930104917,44.9037445183392,84.15884212581382,44.41180120728222,v3-2026-07-30-trip-suppression-fix
l_2685,SH1N,peripheral,motorway,MWY,0.2,1.832985194663868,F,54.52904381431009,51.00214845155103,54.70977198784677,50.84656411511451,v3-2026-07-30-trip-suppression-fix
l_203,,inner,arterial,CBD,0.9512485136741975,7.852151905613686,F,85.82062402986284,70.70491631388921,86.3635282718418,70.66783914606896,v3-2026-07-30-trip-suppression-fix
l_826,,peripheral,arterial,East,0.6467608062951385,1.0510481617491418,F,82.0724922145895,35.07218592182414,82.36202744827492,35.445200928721555,v3-2026-07-30-trip-suppression-fix
l_394,,peripheral,arterial,West,1.0778443113772456,10.651870166993092,F,48.69658009671544,64.361976160048,49.19699130200595,64.37982714894805,v3-2026-07-30-trip-suppression-fix
l_2030,,boundary,arterial,East,0.5933544303797469,5.7370798153294755,F,72.55326080360602,74.03110578680466,72.85907041349095,74.10654373911623,v3-2026-07-30-trip-suppression-fix
l_227,,peripheral,arterial,East,1.3175230566534915,4.405657823954879,F,85.98618713567022,15.189215814380727,86.5916285183731,15.015838603926118,v3-2026-07-30-trip-suppression-fix
l_2375,SH1N,boundary,motorway,MWY,0.26666666666666666,1.6904215605144375,F,49.19699130200595,64.37982714894805,49.39420746996334,65.64644759848852,v3-2026-07-30-trip-suppression-fix
l_666,,peripheral,arterial,East,1.165139039925431,5.20195107551064,F,69.77094647788392,32.89406806263051,70.81008333656156,35.00999473977138,v3-2026-07-30-trip-suppression-fix
l_649,,inner,arterial,CBD,1.3530273988048258,2.476871252757703,F,74.18950563897673,69.6226280580766,74.64771262574864,70.88441532044997,v3-2026-07-30-trip-suppression-fix
l_652,,peripheral,arterial,West,0.9079445145018916,10.054668500320469,F,30.45118311183978,66.56049963894581,30.711516231192693,66.52872323261263,v3-2026-07-30-trip-suppression-fix
l_882,,peripheral,arterial,East,0.6587615283267457,4.388654311410904,F,88.75462858954545,14.435215825466882,89.55463460235399,14.204169163434171,v3-2026-07-30-trip-suppression-fix
l_205,,inner,arterial,CBD,0.718562874251497,1.693687421785937,F,77.24241717509129,60.70156966704804,77.5234735835914,60.61529810113833,v3-2026-07-30-trip-suppression-fix
l_554,,peripheral,arterial,West,0.2729630135116692,1.0538018439958694,F,29.827072700036368,18.167912745491606,30.133771162970287,18.29744512717027,v3-2026-07-30-trip-suppression-fix
l_348,,peripheral,arterial,West,0.6662225183211192,2.857594080042589,F,26.726973822938472,28.14311239205135,27.96122702398703,29.066517362682376,v3-2026-07-30-trip-suppression-fix
l_683,,peripheral,arterial,West,0.7171029042667623,2.469832997979534,F,32.076023128003456,11.586483453407137,32.15849146822054,11.341740268758956,v3-2026-07-30-trip-suppression-fix
l_605,,peripheral,arterial,West,0.4163486225799736,4.294525608563788,F,57.035679730518716,14.237078372263523,57.47824904838939,14.661363814040484,v3-2026-07-30-trip-suppression-fix
l_1774,,peripheral,arterial,East,1.5914415808319702,10.621721142977112,F,93.65606475862629,51.2356914705003,93.87893242817293,51.528849290813326,v3-2026-07-30-trip-suppression-fix
l_967,,boundary,arterial,East,0.9321112319403448,0.5585962018795466,C,84.61363647954586,51.349213948500825,86.14738469613144,53.15862571255355,v3-2026-07-30-trip-suppression-fix
l_2672,,peripheral,arterial,West,0.5155746509129968,4.677797999063564,F,62.81776498788476,61.37292571624356,62.932419541628214,61.69513263818928,v3-2026-07-30-trip-suppression-fix
l_494,,peripheral,arterial,West,0.6732873253661,1.027557410808346,F,6.229478036781848,70.136056771095,6.518425233524618,70.48215665190318,v3-2026-07-30-trip-suppression-fix
l_908,,peripheral,arterial,West,0.6384110657918071,7.963996515826793,F,31.806077940362346,51.48217446681754,31.887082961168694,51.15638090157586,v3-2026-07-30-trip-suppression-fix
l_568,,peripheral,arterial,West,0.9079445145018916,10.008887997225914,F,42.18728377616061,63.91366633105836,42.775625154199204,63.983975809775,v3-2026-07-30-trip-suppression-fix
l_439,,peripheral,arterial,East,0.6587615283267457,5.696428555952874,F,82.35402035513721,16.256458635031414,82.6132830183785,16.17058010033916,v3-2026-07-30-trip-suppression-fix
l_796,,peripheral,arterial,West,0.6384110657918071,7.969551757226478,F,32.13059058682008,50.20601713188289,32.41904627356739,49.33591086365503,v3-2026-07-30-trip-suppression-fix
l_1421,,peripheral,arterial,West,1.2768221315836141,7.852863602537532,F,28.948483104308647,64.0474516095016,29.063093303299656,63.180523259673606,v3-2026-07-30-trip-suppression-fix
l_89,,peripheral,arterial,East,1.550287449131193,5.303462257953988,F,113.17528008776863,31.197116002251,113.40268484984902,32.89556275122602,v3-2026-07-30-trip-suppression-fix
l_169,,boundary,arterial,East,0.48007681228996646,6.5575375422062825,F,95.53198715975178,58.57915053254723,95.58249214144531,58.95658599146769,v3-2026-07-30-trip-suppression-fix
l_2141,SH1S,peripheral,motorway,MWY,0.3789473684210526,2.4316856551425716,F,75.80802843546739,21.972011158945016,77.36887730735127,20.564812472397445,v3-2026-07-30-trip-suppression-fix
l_240,,peripheral,arterial,West,1.0346165452429192,0.6717805087257005,D,34.62883258515349,0.24283073432664268,34.82097578557332,1.239292220401202,v3-2026-07-30-trip-suppression-fix
l_2537,SH1N,boundary,motorway,MWY,0.4,1.7095068280238253,F,48.518423693547746,71.58405479685005,49.268580488300465,69.45946102201226,v3-2026-07-30-trip-suppression-fix
l_2508,,boundary,arterial,East,0.7897854416216927,0.4827084624949718,C,73.33873570061782,78.88137666158906,74.20233702682296,78.62352733780773,v3-2026-07-30-trip-suppression-fix
l_99,,inner,arterial,CBD,0.9590792838874681,1.274169583417639,F,59.717252360908624,55.94360305475917,60.365306313722996,55.715473433865334,v3-2026-07-30-trip-suppression-fix
l_1902,,boundary,motorway,MWY,0.7333333333333333,2.672217292216689,F,77.26155269766701,32.37740772031611,82.73102461739431,41.276115467168836,v3-2026-07-30-trip-suppression-fix
l_93,,peripheral,arterial,West,0.2729630135116692,1.140846188817861,F,24.66017545711453,16.154123118891604,25.97287965167287,16.616660135229253,v3-2026-07-30-trip-suppression-fix
l_562,,peripheral,arterial,West,0.2729630135116692,1.1879365045256993,F,42.57225880891554,28.015686351077534,43.12596193946024,28.573098333344394,v3-2026-07-30-trip-suppression-fix
l_698,,peripheral,arterial,West,0.42560737719453806,7.912453814009653,F,31.220265366614058,53.925228020327886,31.300284191441023,53.54540039863491,v3-2026-07-30-trip-suppression-fix
l_642,,peripheral,arterial,East,0.3233804031475693,0.7792567146245826,D,84.56480800990667,40.512457308664516,84.72395627478791,40.887883293181325,v3-2026-07-30-trip-suppression-fix
l_640,,boundary,arterial,East,0.8204567209079722,6.280149960434739,F,107.11610624288761,60.661083712013856,107.4598377742499,60.438470714385474,v3-2026-07-30-trip-suppression-fix
l_705,,boundary,arterial,West,1.0778443113772456,6.143133757376231,F,50.30450507132741,64.30546332118806,50.95607117321234,64.2664848685918,v3-2026-07-30-trip-suppression-fix
l_912,,peripheral,arterial,East,2.2179096201829775,4.863395382531051,F,87.41007622561573,20.460056285102223,87.92860856955708,20.28828651638382,v3-2026-07-30-trip-suppression-fix
l_2462,,inner,arterial,CBD,0.43914220888531064,3.455750791261352,F,65.18380297971082,57.62674891718764,65.43534998947828,58.297777320738305,v3-2026-07-30-trip-suppression-fix
l_208,,inner,arterial,CBD,0.47084673938632976,4.454878489653415,F,57.578859904655694,37.82117309781113,58.14789152607042,38.02692282139855,v3-2026-07-30-trip-suppression-fix
l_742,,peripheral,arterial,East,0.6587615283267457,8.698087103841392,F,77.14149020026282,17.67717073729872,77.59583164338271,17.56066638097576,v3-2026-07-30-trip-suppression-fix
l_856,,boundary,arterial,West,0.8705114254624592,4.385484993331402,F,56.71536035006015,71.2146292231835,56.80777605478416,71.51022130093365,v3-2026-07-30-trip-suppression-fix
l_172,,inner,arterial,CBD,1.415261233636042,5.893424580527156,F,66.70966745550835,51.95011603128202,66.7451551400661,51.51703891544061,v3-2026-07-30-trip-suppression-fix
l_542,,boundary,arterial,East,1.3530273988048258,2.5878684976382247,F,75.17263294825382,72.22604967163326,75.33328344094578,72.6825341116701,v3-2026-07-30-trip-suppression-fix
l_798,,peripheral,arterial,East,0.7751437245655965,5.295969619761171,F,111.88861187286386,27.49141390484622,112.29493053495209,28.29464074874688,v3-2026-07-30-trip-suppression-fix
l_1182,,peripheral,arterial,West,2,0.27405989486626614,B,59.36133610429514,47.24764500246948,60.005554820942166,47.992536583867455,v3-2026-07-30-trip-suppression-fix
l_443,,peripheral,arterial,West,0.4670351054720947,0.7186865698668277,D,47.13611166467332,52.7962923874362,48.45445229467726,52.366728414543815,v3-2026-07-30-trip-suppression-fix
l_1914,,inner,arterial,CBD,0.39489272081084636,3.9731378437873652,F,92.63746775162757,72.4704767357421,92.84472003305395,72.22210237377735,v3-2026-07-30-trip-suppression-fix
l_719,,peripheral,arterial,East,0.43917435221783047,5.52771651691094,F,83.47849287792684,15.938350631801763,83.8236740573931,15.796826580917708,v3-2026-07-30-trip-suppression-fix
l_1818,SH16,peripheral,motorway,MWY,0.21176470588235297,1.9920970595445995,F,39.6214504225471,15.286252137861545,40.331190514351384,16.057024717318072,v3-2026-07-30-trip-suppression-fix
l_1560,SH1N,peripheral,motorway,MWY,0.26666666666666666,2.2943354851816222,F,49.58751287920056,61.96732334357944,49.65627609578162,60.48860823595705,v3-2026-07-30-trip-suppression-fix
l_1750,,peripheral,arterial,East,1.3262013173599752,10.628115843014715,F,92.16623138336581,49.4525443304887,93.38872481780083,50.88930525441124,v3-2026-07-30-trip-suppression-fix
l_1886,SH1N,peripheral,motorway,MWY,0.26666666666666666,1.8879434884513644,F,24.975534360902035,90.57846158438335,25.292236175241566,90.0591968779582,v3-2026-07-30-trip-suppression-fix
l_654,,peripheral,arterial,West,0.6384110657918071,7.950979395654748,F,29.74430385045938,60.006032223592356,29.946834492384088,59.19155118606064,v3-2026-07-30-trip-suppression-fix
l_177,,peripheral,arterial,East,16,13.233593160536333,F,90.31308370006009,58.540820628572924,90.9308499919602,57.85370365364385,v3-2026-07-30-trip-suppression-fix
l_2144,,boundary,arterial,East,0.3090632807067247,0.7560018493543939,D,117.83308662414882,64.0288311646477,118.5761417371321,64.23117343997042,v3-2026-07-30-trip-suppression-fix
l_2327,SH1S,peripheral,motorway,MWY,0.1894736842105263,2.406849437743578,F,78.88845077178134,18.10432682237426,79.11547301443176,17.45149042505728,v3-2026-07-30-trip-suppression-fix
l_459,,peripheral,arterial,East,0.6467608062951385,0.21182215672564558,A,87.02028595681482,49.81818938328988,87.15738012577293,49.00485215917143,v3-2026-07-30-trip-suppression-fix
l_84,,boundary,arterial,West,0.9590792838874681,1.3248341849739191,F,60.365306313722996,55.715473433865334,60.64586369269479,55.60220742294849,v3-2026-07-30-trip-suppression-fix
l_2080,,peripheral,arterial,West,0.7872982548222018,1.3654492050330542,F,49.443104704879936,9.72922673643824,49.51565075152286,10.7536727531297,v3-2026-07-30-trip-suppression-fix
l_1837,,peripheral,arterial,West,0.34657039711191334,2.3095170491801054,F,54.573612108611755,24.55237793946717,55.0507051747397,24.48955916017937,v3-2026-07-30-trip-suppression-fix
l_235,,peripheral,arterial,East,2.32543117369679,5.711887718723982,F,110.96076391356546,25.53575777807992,111.16442414012288,25.964389511923958,v3-2026-07-30-trip-suppression-fix
l_2363,,inner,arterial,CBD,1.5795708832433855,4.57095923213527,F,91.75179527385082,72.7841909472288,92.93525087472551,72.11360880310504,v3-2026-07-30-trip-suppression-fix
l_817,,peripheral,arterial,East,0.6587615283267457,8.742187897721296,F,75.26042816471967,18.225434394067733,75.71477167447594,18.108934229496324,v3-2026-07-30-trip-suppression-fix
l_898,,peripheral,arterial,East,1.6888722086695442,2.0661262463327703,F,113.56351492893005,24.05479541409066,116.80502461872207,21.859174218520465,v3-2026-07-30-trip-suppression-fix
l_546,,peripheral,arterial,West,0.2729630135116692,1.047313425304763,F,36.9968786670178,22.712457060927342,37.66069386972683,23.34894747500183,v3-2026-07-30-trip-suppression-fix
l_315,,peripheral,arterial,West,0.47953964194373405,1.226297374447655,F,58.206780092184864,56.56595492603359,58.52981355934729,56.39785830666861,v3-2026-07-30-trip-suppression-fix
l_2283,SH1N,boundary,motorway,MWY,0.26666666666666666,1.6299727214325637,F,49.18071646946679,64.67741504605605,49.36474344224883,67.59288241770346,v3-2026-07-30-trip-suppression-fix
l_398,,inner,arterial,CBD,2.0813098376578325,6.397074596040608,F,92.86029647311842,52.87205231936362,92.94960485219059,54.167673759808544,v3-2026-07-30-trip-suppression-fix
l_1443,,peripheral,arterial,West,4,3.033272798014447,F,47.765118335675915,72.83828332406051,47.93007718697632,72.34878665922488,v3-2026-07-30-trip-suppression-fix
l_251,,peripheral,arterial,West,0.9079445145018916,9.983300929480052,F,31.66639987561787,66.43021838241287,32.014169215528966,66.42387062720746,v3-2026-07-30-trip-suppression-fix
l_854,,inner,arterial,CBD,0.3090632807067247,0.606537533962765,C,119.27269376676925,64.27222082409003,119.90353355959333,64.28746641469652,v3-2026-07-30-trip-suppression-fix
l_135,,inner,arterial,CBD,1.093942294543963,5.650824755178691,F,112.28206302975441,59.02432381747972,112.94925838259698,59.8226876909733,v3-2026-07-30-trip-suppression-fix
l_878,,peripheral,arterial,West,0.7365126127784938,7.556685214728305,F,45.5524687978586,66.0141487790403,45.73280094593361,66.36218699020907,v3-2026-07-30-trip-suppression-fix
l_2228,,inner,arterial,CBD,0.8782844177706213,1.9658129129937623,F,60.54359895708543,48.874511597902,60.98773892815765,49.37984309580079,v3-2026-07-30-trip-suppression-fix
l_75,,peripheral,arterial,East,1.1089548100914888,3.953644505156938,F,99.9091660664164,16.930790692269245,101.01138621981251,16.585973676240414,v3-2026-07-30-trip-suppression-fix
l_2687,,peripheral,arterial,West,2,4.623540252521109,F,57.78871273177006,48.03329872426798,57.92558486350771,48.382125914992905,v3-2026-07-30-trip-suppression-fix
l_1338,,peripheral,arterial,East,2.8537455410225925,3.918983629124584,F,78.60074489497762,73.00056057133216,79.13482182060346,72.98213546199597,v3-2026-07-30-trip-suppression-fix
l_270,,peripheral,arterial,East,1.5745965096444037,6.758219760720817,F,62.983624140222425,30.2894662897823,63.79169292857984,30.49079872968815,v3-2026-07-30-trip-suppression-fix
l_2047,,peripheral,arterial,East,0.5469711472719815,7.141320724452104,F,98.00838018092028,57.28994510341797,98.22924871404055,57.47502930571006,v3-2026-07-30-trip-suppression-fix
l_1364,,inner,arterial,CBD,0.9416934787726595,4.392471821373792,F,58.6932002835808,38.125001577171155,60.0476004068279,38.478461263363045,v3-2026-07-30-trip-suppression-fix
l_1598,,peripheral,motorway,MWY,0.26666666666666666,1.9542160630085144,F,46.1774620258294,74.0024792413105,47.765118335675915,72.83828332406051,v3-2026-07-30-trip-suppression-fix
l_1388,,boundary,arterial,East,1.902497027348395,4.36455485409835,F,77.52242411359285,73.47993121316404,77.83340157369706,73.34168527816092,v3-2026-07-30-trip-suppression-fix
l_413,,peripheral,arterial,East,0.48007681228996646,6.11769307460197,F,95.31776585544671,62.25874835829025,95.43963619956364,61.797033827149114,v3-2026-07-30-trip-suppression-fix
l_400,,peripheral,arterial,West,4.168596572487263,5.524571214270216,F,45.88089157914587,51.92742800306539,46.53102693386683,52.99656676705129,v3-2026-07-30-trip-suppression-fix
l_46,,inner,arterial,CBD,0.7201152184349496,5.940659742360326,F,93.26201946653492,66.29682936347034,93.94048829746725,65.36533903997785,v3-2026-07-30-trip-suppression-fix
l_158,,inner,arterial,CBD,0.4660556159701724,2.434342119213613,F,73.4414775800455,38.58298865095823,73.88413068294506,39.00724131093205,v3-2026-07-30-trip-suppression-fix
l_144,,peripheral,arterial,West,2.2095378383354816,5.359830469927185,F,48.84250379985112,72.305034748848,48.93391582845936,72.54659555733755,v3-2026-07-30-trip-suppression-fix
l_2354,,peripheral,arterial,West,7.232401157184185,12.814588173916238,F,25.603129811711074,85.64827640784264,26.197476662346165,84.85369005084536,v3-2026-07-30-trip-suppression-fix
l_760,,boundary,arterial,East,1.415261233636042,6.0308606293759395,F,68.59537829962275,48.10463258034977,68.94062341036035,47.96313561986152,v3-2026-07-30-trip-suppression-fix
l_987,,peripheral,arterial,East,3.80499405469679,8.436603017239864,F,77.02548498231938,73.65126837530141,77.52242411359285,73.47993121316404,v3-2026-07-30-trip-suppression-fix
l_305,,peripheral,arterial,East,1.162715586848395,6.94096089695368,F,108.33206225929015,43.09809350593113,109.10643985620608,41.48908945611932,v3-2026-07-30-trip-suppression-fix
l_1550,SH1N,peripheral,motorway,MWY,0.26666666666666666,3.2515261145887693,F,60.41795046645113,31.444772892617085,61.19880836747479,31.349325136469357,v3-2026-07-30-trip-suppression-fix
l_770,,boundary,arterial,West,2.520214218208548,7.260990022950445,F,56.32606541401806,63.05982054201619,56.694073547401054,62.971980289645025,v3-2026-07-30-trip-suppression-fix
l_1548,SH16,peripheral,motorway,MWY,0.2823529411764706,2.0015194926871143,F,70.63850562067732,29.256511888412117,72.0723061509492,29.203028756402478,v3-2026-07-30-trip-suppression-fix
l_1469,,peripheral,arterial,East,0.43917435221783047,0.7764489554313306,D,65.28320945797132,21.78782265927026,65.47130617214107,21.378959428424118,v3-2026-07-30-trip-suppression-fix
l_1565,SH16,peripheral,motorway,MWY,0.2823529411764706,2.007316334580103,F,72.0723061509492,29.203028756402478,73.73092243212142,29.55078306457039,v3-2026-07-30-trip-suppression-fix
l_859,,peripheral,arterial,West,0.7872982548222018,6.654134041086933,F,56.53439827646412,28.327071268331206,57.80877329498813,29.0603833529227,v3-2026-07-30-trip-suppression-fix
l_223,,peripheral,arterial,West,0.7171029042667623,6.459603037901729,F,34.67486260057886,2.7554381936193932,34.691642072889,2.4848681150931027,v3-2026-07-30-trip-suppression-fix
l_2627,,boundary,arterial,East,1.293521612590277,1.0872974863099856,F,86.68372484468301,52.77032123279098,86.93016873018497,50.81984247240323,v3-2026-07-30-trip-suppression-fix
l_70,,peripheral,arterial,East,1.8697413524462447,6.646903589117671,F,120.93405216628898,51.97101970489595,121.27267649330526,50.31605609538714,v3-2026-07-30-trip-suppression-fix
l_657,,peripheral,arterial,East,1.2808197246237591,1.3661807239251131,F,85.14371865496503,11.961624011839437,85.58868628691421,13.683087211401649,v3-2026-07-30-trip-suppression-fix
l_1826,SH1N,inner,motorway,MWY,0.4666666666666667,3.2255621041032203,F,55.91392852760065,34.77076307673768,57.25071742781802,32.989475821849105,v3-2026-07-30-trip-suppression-fix
l_1680,,peripheral,arterial,West,0.5904736911166514,2.5328662988785275,F,50.837244456030206,15.242827359576108,50.95285355465365,15.61907493991491,v3-2026-07-30-trip-suppression-fix
l_626,,inner,arterial,CBD,0.7365126127784938,3.710513487543738,F,52.78830011437159,83.50263199099263,52.902451861081026,83.79782671239595,v3-2026-07-30-trip-suppression-fix
l_2181,,peripheral,motorway,MWY,0.13333333333333333,0.208689013922,A,55.03101232778879,36.40857041089075,55.13420368523813,36.10938411357112,v3-2026-07-30-trip-suppression-fix
l_252,,peripheral,arterial,East,0.3233804031475693,0.7732614162581265,D,83.81554702213414,38.79662508554348,84.04239717389197,39.30593131977815,v3-2026-07-30-trip-suppression-fix
l_1744,SH16,peripheral,motorway,MWY,0.2823529411764706,2.8715616153283663,F,88.40055500107961,46.87374551919048,88.88572095283965,47.24312752398298,v3-2026-07-30-trip-suppression-fix
l_1812,,peripheral,arterial,West,0.5904736911166514,2.4356944907437432,F,49.90940397851023,12.070740806355541,50.372327238151584,13.6027499728096,v3-2026-07-30-trip-suppression-fix
l_1254,,peripheral,arterial,West,4.339440694310511,15.118460293355687,F,27.44892572674896,81.93908674258003,27.458301659133134,82.45241249870897,v3-2026-07-30-trip-suppression-fix
l_521,,peripheral,arterial,East,1.293521612590277,1.5090200422254267,F,78.38032821591237,30.572976450546324,78.58042036377357,30.812516689642433,v3-2026-07-30-trip-suppression-fix
l_2679,SH1N,peripheral,arterial,West,0.13333333333333333,0.14080498472487002,A,49.3131947337573,68.59347269075934,49.36474344224883,67.59288241770346,v3-2026-07-30-trip-suppression-fix
l_1347,,peripheral,arterial,West,0.3936491274111009,2.53431071858049,F,50.69692379383854,14.70487484598382,50.837244456030206,15.242827359576108,v3-2026-07-30-trip-suppression-fix
l_1801,,boundary,arterial,East,0.8900316455696203,6.79112785064145,F,66.86615578697338,71.0278983461379,67.67887400167436,71.47237562974169,v3-2026-07-30-trip-suppression-fix
l_701,,inner,arterial,CBD,0.8705114254624592,7.872668848364109,F,56.393207797005694,66.70714598946688,56.425885077043226,67.30112557727618,v3-2026-07-30-trip-suppression-fix
l_397,,peripheral,arterial,East,0.3233804031475693,0.8792894671985553,E,82.74300274340413,36.059762791077446,83.20020090504401,37.26749840509649,v3-2026-07-30-trip-suppression-fix
l_655,,peripheral,arterial,West,2.8092079594225514,2.203352390372987,F,34.91972039992311,42.2363815577569,36.278057499793505,42.80613344039605,v3-2026-07-30-trip-suppression-fix
l_52,,peripheral,arterial,East,0.48007681228996646,4.0383355310448374,F,91.16086530039657,69.0654770496398,91.37421086995198,68.84530934288631,v3-2026-07-30-trip-suppression-fix
l_887,,inner,arterial,CBD,4,11.294555124167564,F,87.90317081015102,61.07192236987932,88.13824604143318,60.851355100114134,v3-2026-07-30-trip-suppression-fix
l_685,,inner,arterial,CBD,1.415261233636042,3.9546930919948013,F,68.2312228555955,55.46254364541425,68.53899968943219,55.646056144061916,v3-2026-07-30-trip-suppression-fix
l_218,,peripheral,arterial,West,0.9993337774816788,2.9861596742974075,F,35.80756246244468,34.923061707502754,37.76946365038845,36.400662033468386,v3-2026-07-30-trip-suppression-fix
l_662,,peripheral,arterial,East,7.062701090794946,6.390847381629457,F,70.51056461021132,36.4479250457801,71.35164153001558,36.081063964939304,v3-2026-07-30-trip-suppression-fix
l_929,,peripheral,arterial,West,0.2586541363107298,0.6727037216711279,D,34.56995437969109,0,34.62883258515349,0.24283073432664268,v3-2026-07-30-trip-suppression-fix
l_56,,peripheral,arterial,West,1.2768221315836141,7.927382370740067,F,32.83295756051913,48.193250629268356,33.45084826199009,46.31715503374983,v3-2026-07-30-trip-suppression-fix
l_231,,peripheral,arterial,West,0.2729630135116692,1.049609520035686,F,31.49095255807371,18.81318911534808,32.45451668578015,19.200983829058003,v3-2026-07-30-trip-suppression-fix
l_1249,,peripheral,arterial,West,4.339440694310511,12.004505342714639,F,27.363925558451466,83.2378907499631,27.458301659133134,82.45241249870897,v3-2026-07-30-trip-suppression-fix
l_715,,inner,arterial,CBD,3.7803213273128216,9.053158136560668,F,81.80594585524118,48.0205643556404,82.0243621759627,47.72151396091775,v3-2026-07-30-trip-suppression-fix
l_77,,peripheral,arterial,East,1.8697413524462447,6.849554137146621,F,121.63151064679622,48.5796332799868,121.88622266419952,47.088396993059845,v3-2026-07-30-trip-suppression-fix
l_194,,boundary,arterial,East,0.718562874251497,1.8636083498464338,F,66.14286173603182,64.82514320490282,66.79143678056333,64.62401159445204,v3-2026-07-30-trip-suppression-fix
l_90,,peripheral,arterial,West,0.9993337774816788,2.8091922025002187,F,20.09311420521459,23.183067412831576,22.07602875395507,24.633396869178227,v3-2026-07-30-trip-suppression-fix
l_24,,peripheral,arterial,East,0.3233804031475693,1.0763912467562227,F,87.17978592279842,47.86932002840633,87.21874019539901,47.625359058670156,v3-2026-07-30-trip-suppression-fix
l_1120,,inner,arterial,CBD,1.7800632911392407,4.786750252014787,F,65.72989176090466,70.72450839770681,66.40670416572556,70.87420248505744,v3-2026-07-30-trip-suppression-fix
l_410,,inner,arterial,CBD,4,10.305513555266321,F,85.50290607461442,62.95417671462451,86.0452887326778,62.89008241051103,v3-2026-07-30-trip-suppression-fix
l_1683,,peripheral,arterial,East,4.935225169648365,4.570162295311025,F,103.92326940394825,17.506958587856996,104.31538306862423,17.740704362018587,v3-2026-07-30-trip-suppression-fix
l_633,,peripheral,arterial,West,1.54182191956829,13.095000539035201,F,20.881583126375002,77.13994100829224,21.014033014049886,76.05648641136715,v3-2026-07-30-trip-suppression-fix
l_503,,boundary,arterial,West,1.437125748502994,5.9440593346676245,F,53.21605837197431,64.19798616995762,54.30282958036696,64.17803438940116,v3-2026-07-30-trip-suppression-fix
l_2206,SH1N,boundary,motorway,MWY,0.26666666666666666,1.674834577004326,F,49.36474344224883,67.59288241770346,49.39420746996334,65.64644759848852,v3-2026-07-30-trip-suppression-fix
l_36,,peripheral,arterial,East,0.6587615283267457,4.196598384797904,F,97.53388054729031,11.947968259590294,98.50670295029522,11.659621214841225,v3-2026-07-30-trip-suppression-fix
l_543,,peripheral,arterial,West,0.7171029042667623,2.3982806244872696,F,31.182676867441586,13.845982687981149,31.432065402365108,13.21982340178153,v3-2026-07-30-trip-suppression-fix
l_1407,,peripheral,arterial,East,1.1906533710373568,5.650637611815452,F,99.54522357902769,54.58575504633616,100.15026983076909,54.38532482947949,v3-2026-07-30-trip-suppression-fix
l_2326,,peripheral,arterial,East,0.6467608062951385,1.0735374343526884,F,87.18797964508035,47.13945006673204,87.38651955673964,46.86865892342196,v3-2026-07-30-trip-suppression-fix
l_435,,peripheral,arterial,East,0.6404098623118796,1.6094535798115026,F,85.68262845715589,14.059720065951861,85.80030734827638,14.54401975755038,v3-2026-07-30-trip-suppression-fix
l_425,,peripheral,arterial,West,0.6732873253661,1.00016068883033,F,2.6623343474204164,66.47110541149962,2.8836122255490593,66.68330547376482,v3-2026-07-30-trip-suppression-fix
l_2425,,peripheral,arterial,West,0.7733619763694952,3.8474725532926346,F,60.96558566151634,56.43414488612076,61.44641818363301,57.74959335229004,v3-2026-07-30-trip-suppression-fix
l_801,,peripheral,arterial,West,0.9552619009711829,2.683916860625878,F,33.47000840118514,41.425054020888716,33.84392002194041,41.66145983359839,v3-2026-07-30-trip-suppression-fix
l_688,,inner,arterial,CBD,0.4660556159701724,0.9139532753382968,E,87.58820297558253,54.64542969440714,88.1860699810941,55.22893905573418,v3-2026-07-30-trip-suppression-fix
l_42,,peripheral,arterial,East,1.293521612590277,14.061576556325079,F,72.7072231246955,21.218479863717985,72.96375709370993,22.159673228405143,v3-2026-07-30-trip-suppression-fix
l_2158,SH16,peripheral,motorway,MWY,0.1411764705882353,0.8798957221458743,D,84.08931759086086,43.007705641182994,84.28773435652593,43.245213502604585,v3-2026-07-30-trip-suppression-fix
l_2182,,boundary,motorway,MWY,0.5333333333333333,2.5566959861181187,F,55.26012197672294,35.86383299864734,55.63837242127506,35.15419638640701,v3-2026-07-30-trip-suppression-fix
l_1265,,boundary,arterial,West,30.36287336460133,16.71200551689313,F,60.3128151638892,48.1490434873391,60.774522595022184,47.24867825432507,v3-2026-07-30-trip-suppression-fix
l_1570,SH1N,peripheral,motorway,MWY,0.26666666666666666,2.09491239031995,F,49.46543214955634,61.239851465623666,49.547716870025845,61.49984412727382,v3-2026-07-30-trip-suppression-fix
l_2197,SH1N,boundary,motorway,MWY,0.2,1.635619461602046,F,49.18071646946679,64.67741504605605,49.19699130200595,64.37982714894805,v3-2026-07-30-trip-suppression-fix
l_2643,,peripheral,arterial,West,0.2081743112899868,0.4512146234821938,C,53.90323809115761,11.75416517278411,54.22918699067504,11.748176452690043,v3-2026-07-30-trip-suppression-fix
l_2334,,peripheral,arterial,East,1.260107109104274,9.022630795605302,F,83.33328127670732,45.61625007323707,83.8635930104917,44.9037445183392,v3-2026-07-30-trip-suppression-fix
l_2048,,boundary,arterial,East,1.6409134418159443,6.8420528914526315,F,100.61596088067445,58.37661739014762,101.1613482400527,58.474587001941416,v3-2026-07-30-trip-suppression-fix
l_2547,,peripheral,arterial,West,4.339440694310511,10.092580506094459,F,25.71027241241555,85.50503673443971,26.197476662346165,84.85369005084536,v3-2026-07-30-trip-suppression-fix
l_8,,inner,arterial,CBD,1.415261233636042,4.28771079029466,F,74.49349172307936,49.61741299843831,74.82449982857337,49.881566748454176,v3-2026-07-30-trip-suppression-fix
l_196,,peripheral,arterial,West,0.2729630135116692,1.0680300332296588,F,34.80641616675846,20.61742786010533,35.35958411076192,21.14784221539322,v3-2026-07-30-trip-suppression-fix
l_2247,,boundary,arterial,East,0.7733619763694952,4.688815063859688,F,63.0238444745693,61.936687788587605,63.20769144477789,62.473832463053,v3-2026-07-30-trip-suppression-fix
l_239,,peripheral,arterial,East,0.7751437245655965,5.220770732226139,F,111.54850085396642,26.741005480237508,111.75216333083571,27.169636685945253,v3-2026-07-30-trip-suppression-fix
l_659,,peripheral,arterial,East,0.43917435221783047,5.6511355773163086,F,83.0893491253572,16.053661287411398,83.47849287792684,15.938350631801763,v3-2026-07-30-trip-suppression-fix
l_803,,peripheral,arterial,West,0.630053554552137,0.567636247567152,C,59.673136359685195,61.809142099580896,60.49309885783969,61.46974642163667,v3-2026-07-30-trip-suppression-fix
l_1318,,boundary,arterial,East,0.8782844177706213,3.043835378772504,F,68.68236408484094,66.9404700714408,69.29917065222463,68.55068808734492,v3-2026-07-30-trip-suppression-fix
l_936,,inner,arterial,CBD,2.029541098207239,3.004371196469793,F,69.71112581881982,57.89467136604405,71.4923297427907,62.51037667129816,v3-2026-07-30-trip-suppression-fix
l_2083,SH1N,inner,motorway,MWY,0.3333333333333333,3.2936963343942094,F,57.25071742781802,32.989475821849105,58.387587219020276,32.15778029444889,v3-2026-07-30-trip-suppression-fix
l_85,,peripheral,arterial,West,1.1860051393556037,4.613042239425901,F,61.644942170756366,26.070954320036822,62.344034931930025,27.436435581392367,v3-2026-07-30-trip-suppression-fix
l_1117,,peripheral,arterial,East,0.5469711472719815,0.27446951233007316,B,100.85303286281456,58.26410443771736,101.1613482400527,58.474587001941416,v3-2026-07-30-trip-suppression-fix
l_2258,,peripheral,motorway,MWY,0.4,2.535311798759129,F,54.83373062356441,38.68241247093793,55.07493113486969,39.97524862667511,v3-2026-07-30-trip-suppression-fix
l_1748,,boundary,arterial,East,1.5914415808319702,10.179250758873604,F,94.36864059133393,52.14137492951401,95.74632100581695,53.737403387899974,v3-2026-07-30-trip-suppression-fix
l_1445,,peripheral,arterial,West,4,1.6405261240501487,F,56.54245474560589,44.110349820587466,57.11796585125734,45.94233082022464,v3-2026-07-30-trip-suppression-fix
l_879,,peripheral,arterial,East,0.43917435221783047,4.1913215274195705,F,96.28007275745321,12.322610633864773,96.75562082743154,12.178642547299837,v3-2026-07-30-trip-suppression-fix
l_1842,,peripheral,arterial,East,0.4660556159701724,3.8178807646163326,F,65.89089981224126,22.911738372471945,65.89837991321727,22.459408351024813,v3-2026-07-30-trip-suppression-fix
l_1496,,peripheral,arterial,West,0.23351755273604735,0.4167757605685806,B,50.97996415226851,51.37448260392888,51.28573149316999,51.449951048757505,v3-2026-07-30-trip-suppression-fix
l_570,,peripheral,arterial,West,0.4163486225799736,4.3042627996630145,F,55.37854866737368,12.781086522748506,55.709475407824385,13.045268594518097,v3-2026-07-30-trip-suppression-fix
l_217,,peripheral,arterial,West,0.9993337774816788,2.8277575581265277,F,18.153196678252467,21.70491167062366,20.09311420521459,23.183067412831576,v3-2026-07-30-trip-suppression-fix
l_1763,,peripheral,arterial,West,1.03971119133574,5.8829909796751725,F,50.377877344433436,28.088799766079482,50.7546373797436,27.29811996730244,v3-2026-07-30-trip-suppression-fix
l_55,,inner,arterial,CBD,0.718562874251497,1.6993350444934097,F,76.33554109683999,61.042638078226716,77.24241717509129,60.70156966704804,v3-2026-07-30-trip-suppression-fix
l_591,,peripheral,arterial,East,0.7751437245655965,6.092510870498585,F,109.33551067936077,23.484989208777264,109.64630901000582,23.830545156038095,v3-2026-07-30-trip-suppression-fix
l_1758,SH1N,peripheral,motorway,MWY,0.26666666666666666,0.536133217834503,C,25.298401125229688,96.8105361307028,26.11703655265897,98.31416060340739,v3-2026-07-30-trip-suppression-fix
l_723,,boundary,arterial,East,9.264458169567659,5.402438555198203,F,62.86214392946015,48.45347848858139,65.19974202741982,52.5995377645506,v3-2026-07-30-trip-suppression-fix
l_896,,boundary,arterial,West,3.7803213273128216,6.987232163442206,F,60.98902377665546,61.24441366475997,61.484449617654434,60.9920624452506,v3-2026-07-30-trip-suppression-fix
l_188,,peripheral,arterial,West,0.9364026531408505,2.1978147931805507,F,36.278057499793505,42.80613344039605,36.847573293286096,43.038958409692896,v3-2026-07-30-trip-suppression-fix
l_324,,boundary,arterial,West,1.2768221315836141,8.996853427233518,F,46.16245726440973,34.11191410925687,46.4627385408681,33.89019902651251,v3-2026-07-30-trip-suppression-fix
l_566,,peripheral,arterial,East,1.162715586848395,7.143058080479662,F,104.31439149020592,51.497118173635656,104.58686244580402,50.95151444630391,v3-2026-07-30-trip-suppression-fix
l_383,,peripheral,arterial,East,0.6587615283267457,5.681010105403223,F,81.35942688770864,16.54513059672494,82.35402035513721,16.256458635031414,v3-2026-07-30-trip-suppression-fix
l_366,,peripheral,arterial,East,1.9203072491598658,5.934890824960143,F,92.03296894979158,68.02229805492169,92.5425828519474,67.36420983457765,v3-2026-07-30-trip-suppression-fix
l_114,,boundary,arterial,East,2.400384061449832,4.032700384698211,F,89.3955632419964,70.01709731542171,90.51781523375381,69.56387505859115,v3-2026-07-30-trip-suppression-fix
l_302,,peripheral,arterial,East,1.1259148057796962,1.8431915941321195,F,117.19264731088153,21.662747971149678,117.49435585240464,21.521979219141418,v3-2026-07-30-trip-suppression-fix
l_337,,peripheral,arterial,West,2.312732879352435,12.974086318500007,F,20.536626673350835,79.68667156086065,20.69081771812107,78.60282193635975,v3-2026-07-30-trip-suppression-fix
l_651,,peripheral,arterial,East,1.2808197246237591,1.6084548570758859,F,85.80030734827638,14.54401975755038,85.91648209546244,14.947267311056983,v3-2026-07-30-trip-suppression-fix
l_1299,,boundary,arterial,East,1.1047689191677408,0.7484167092651928,D,70.97498111678571,74.51966342506424,71.4152041612677,74.80883656913852,v3-2026-07-30-trip-suppression-fix
l_260,,inner,arterial,CBD,0.6467608062951385,0.4009850117456926,B,86.68372484468301,52.77032123279098,86.88301736275469,51.793673046567044,v3-2026-07-30-trip-suppression-fix
l_837,,boundary,arterial,West,0.9416934787726595,7.801005473844307,F,48.260058538961395,33.50590159417702,48.72437953409372,33.92980737647068,v3-2026-07-30-trip-suppression-fix
l_1441,SH1N,peripheral,motorway,MWY,0.3333333333333333,2.095695909199967,F,49.46543214955634,61.239851465623666,50.157972579024026,58.55544635747299,v3-2026-07-30-trip-suppression-fix
l_717,,peripheral,arterial,East,0.8774495466510676,1.1398882223654372,F,70.95700150242646,14.737385387322133,71.3291682956456,16.054818204487734,v3-2026-07-30-trip-suppression-fix
l_2084,SH16,peripheral,motorway,MWY,0.2823529411764706,2.865267285268052,F,87.67331088998445,46.346687792152274,88.40055500107961,46.87374551919048,v3-2026-07-30-trip-suppression-fix
l_409,,peripheral,arterial,West,0.8512147543890761,8.749468871375209,F,42.27750110402087,36.831667139459704,42.92154396938171,36.38745235419842,v3-2026-07-30-trip-suppression-fix
l_428,,boundary,arterial,East,0.4660556159701724,2.503774011071682,F,71.73458238436463,36.80371415019356,71.86897455166532,37.01744642841837,v3-2026-07-30-trip-suppression-fix
l_72,,peripheral,arterial,West,1.4328928514567743,1.898969731431814,F,24.863778630243967,40.392930819995776,27.32353851346011,40.56429539010927,v3-2026-07-30-trip-suppression-fix
l_2559,SH1S,boundary,motorway,MWY,0.12631578947368421,0.1541460769839137,A,51.48271164106916,27.87933678997897,53.3222333571636,29.79146229844561,v3-2026-07-30-trip-suppression-fix
l_2131,,peripheral,arterial,East,0.7897854416216927,0.9166475651272697,E,115.01464367696506,63.14610977823178,115.11652217168017,63.624565329399076,v3-2026-07-30-trip-suppression-fix
l_902,,peripheral,arterial,West,2.1697203471552555,15.864156176227121,F,25.445297927192893,77.00279068981494,25.67302331002008,77.56619041915954,v3-2026-07-30-trip-suppression-fix
l_2127,,peripheral,arterial,East,1.1089548100914888,4.745565992377605,F,87.92860856955708,20.28828651638382,88.42591102021917,20.143935595076872,v3-2026-07-30-trip-suppression-fix
l_515,,boundary,arterial,West,0.9590792838874681,7.552417561928689,F,62.070878876013246,55.062488842189836,62.61075366145854,54.863368946849434,v3-2026-07-30-trip-suppression-fix
l_370,,inner,arterial,CBD,1.1047689191677408,4.567973105063797,F,51.09034813211472,78.66904767131466,51.73275430312918,80.49505218483208,v3-2026-07-30-trip-suppression-fix
l_1132,,boundary,arterial,West,2.3734177215189876,4.723673962088144,F,56.68502148924751,69.56657895168362,58.181820089244304,69.37691690467969,v3-2026-07-30-trip-suppression-fix
l_852,,peripheral,arterial,East,0.7544322897019992,2.9303026523599285,F,86.26651346405072,16.238061683068302,86.33621924600413,16.480010077644096,v3-2026-07-30-trip-suppression-fix
l_1141,,peripheral,arterial,West,6,9.02712038236725,F,50.71651428987713,59.51424531615079,51.231695100153715,59.15345114010011,v3-2026-07-30-trip-suppression-fix
l_27,,boundary,arterial,East,0.7201152184349496,5.937163612766555,F,92.73268306237138,67.06339181590333,93.26201946653492,66.29682936347034,v3-2026-07-30-trip-suppression-fix
l_523,,peripheral,arterial,West,0.8512147543890761,8.729972097573398,F,36.07400585958431,41.16126095151418,37.08307946971042,40.46715633657881,v3-2026-07-30-trip-suppression-fix
l_242,,peripheral,arterial,East,3.207184092366902,9.794634494304818,F,119.59191969872163,37.18539433148002,121.55093622211334,38.473101832300074,v3-2026-07-30-trip-suppression-fix
l_257,,peripheral,arterial,West,0.4163486225799736,3.7841337321063917,F,39.569548285590436,6.530665093655181,40.054532155523674,6.900156083874466,v3-2026-07-30-trip-suppression-fix
l_676,,inner,arterial,CBD,0.4660556159701724,2.656457428301253,F,76.21559039315031,41.639812585475795,76.50412275029483,41.95880096187605,v3-2026-07-30-trip-suppression-fix
l_2082,SH1N,boundary,motorway,MWY,0.3333333333333333,3.268193240003034,F,58.387587219020276,32.15778029444889,59.65982002533505,31.593852493517105,v3-2026-07-30-trip-suppression-fix
l_367,,inner,arterial,CBD,0.39489272081084636,1.2943943109957061,F,78.29001050926517,77.35756635441233,79.30564125700317,77.01448369671138,v3-2026-07-30-trip-suppression-fix
l_333,,inner,arterial,CBD,1.415261233636042,4.952952587216915,F,73.54693843134346,48.98625010753081,74.22918563108018,49.43310691861998,v3-2026-07-30-trip-suppression-fix
l_1335,,inner,arterial,CBD,0.39489272081084636,1.1352970685169474,F,84.7260242626595,74.99536883348628,85.37493950857717,75.0064425633978,v3-2026-07-30-trip-suppression-fix
l_190,,inner,arterial,CBD,0.718562874251497,1.7041698767013738,F,62.42807853430937,65.00163514493862,63.49660795418148,65.17115603487052,v3-2026-07-30-trip-suppression-fix
l_1807,,peripheral,arterial,East,1.260107109104274,1.6026748603726242,F,84.69935380385046,43.07749278340039,84.74751293230132,42.15769708901985,v3-2026-07-30-trip-suppression-fix
l_892,,peripheral,arterial,West,1.1047689191677408,7.503570796937632,F,46.20561754174378,67.24539225542652,46.520830725619874,67.83419521457432,v3-2026-07-30-trip-suppression-fix
l_421,,inner,arterial,CBD,1.665047870126266,6.4220179269325675,F,92.61275717842703,55.930652377295964,92.94960485219059,54.167673759808544,v3-2026-07-30-trip-suppression-fix
l_1425,,peripheral,arterial,West,2.12803688597269,7.876028824242232,F,29.063093303299656,63.180523259673606,29.301693173350262,61.95999256988419,v3-2026-07-30-trip-suppression-fix
l_1869,SH1N,peripheral,motorway,MWY,0.4,1.7102621430162044,F,44.31904864262321,20.146045198764536,46.92062178451132,23.314496123849654,v3-2026-07-30-trip-suppression-fix
l_185,,inner,arterial,CBD,1.3530273988048258,2.51861048131654,F,71.60699851117133,62.8325792472721,71.88080660841018,63.530216875278064,v3-2026-07-30-trip-suppression-fix
l_2372,,inner,arterial,CBD,0.7897854416216927,1.2094822802767844,F,81.33539754539818,76.45979521838711,82.50457703730733,75.84115997283072,v3-2026-07-30-trip-suppression-fix
l_164,,boundary,arterial,East,0.39489272081084636,1.247252728399438,F,75.58989168565117,78.3263293368011,76.0433693550094,78.15579870266906,v3-2026-07-30-trip-suppression-fix
l_619,,peripheral,arterial,West,0.6662225183211192,2.643330393837045,F,15.26658007706328,19.568302020942355,15.509063138464636,19.753075667460394,v3-2026-07-30-trip-suppression-fix
l_677,,peripheral,arterial,East,0.15453164035336234,0.4282292837179322,B,134.76395624930927,61.33372528134379,135,61.16713814510359,v3-2026-07-30-trip-suppression-fix
l_1395,,peripheral,arterial,East,0.8929900282780175,5.642521986667538,F,99.18617879163148,55.060876857510834,99.54522357902769,54.58575504633616,v3-2026-07-30-trip-suppression-fix
l_1834,,peripheral,motorway,MWY,0.26666666666666666,2.3803650301967765,F,84.08931759086086,43.007705641182994,84.55624162921892,43.566620758211755,v3-2026-07-30-trip-suppression-fix
l_469,,peripheral,arterial,West,0.6662225183211192,2.8433639321516018,F,25.823146071098005,27.456912121633646,26.726973822938472,28.14311239205135,v3-2026-07-30-trip-suppression-fix
l_293,,peripheral,arterial,West,0.9993337774816788,2.8312267377535276,F,22.07602875395507,24.633396869178227,24.037733355692705,26.111121451821912,v3-2026-07-30-trip-suppression-fix
l_1561,,peripheral,arterial,West,84,29.15442747448617,F,47.765118335675915,72.83828332406051,48.84250379985112,72.305034748848,v3-2026-07-30-trip-suppression-fix
l_1273,,peripheral,arterial,West,0.5155746509129968,1.0299325141031779,F,58.06295510020387,48.75797027711882,58.177596542623355,49.080179599865495,v3-2026-07-30-trip-suppression-fix
l_2416,,peripheral,motorway,MWY,0.4,2.2466003134299175,F,54.84337716773664,36.84443996626127,55.13420368523813,36.10938411357112,v3-2026-07-30-trip-suppression-fix
l_1745,SH16,peripheral,motorway,MWY,0.42352941176470593,2.853886863030355,F,85.19503056774066,44.01424656159616,87.16541261073924,45.92367104709976,v3-2026-07-30-trip-suppression-fix
l_2147,SH16,peripheral,motorway,MWY,0.35294117647058826,1.9880322301803257,F,42.07703134939467,17.925744322197218,44.31904864262321,20.146045198764536,v3-2026-07-30-trip-suppression-fix
l_1569,SH1N,peripheral,motorway,MWY,0.2,2.0988316908319367,F,49.25662904563713,62.8922861108631,49.547716870025845,61.49984412727382,v3-2026-07-30-trip-suppression-fix
l_379,,peripheral,arterial,West,0.6732873253661,1.626105823316541,F,17.151074176141904,72.88361960033481,18.959119157718842,73.06694931361326,v3-2026-07-30-trip-suppression-fix
l_2486,,inner,arterial,CBD,0.7897854416216927,1.2086143042486874,F,82.50457703730733,75.84115997283072,82.88992485657327,75.65094779001757,v3-2026-07-30-trip-suppression-fix
l_2473,,peripheral,motorway,MWY,0.5333333333333333,2.5287153350167104,F,54.83373062356441,38.68241247093793,54.85581067271784,37.51987161663921,v3-2026-07-30-trip-suppression-fix
l_820,,inner,arterial,CBD,1.7800632911392407,6.656953187590485,F,68.0786063807393,71.92445988238603,70.54401738169513,73.5546576808655,v3-2026-07-30-trip-suppression-fix
l_2079,,peripheral,arterial,West,0.3936491274111009,1.6843208290738134,F,49.51565075152286,10.7536727531297,49.74686058908109,11.506169211820113,v3-2026-07-30-trip-suppression-fix
l_1662,SH1N,peripheral,motorway,MWY,0.4,0.7874074412714474,D,24.217517569694923,94.32186840915018,25.298401125229688,96.8105361307028,v3-2026-07-30-trip-suppression-fix
l_2527,,boundary,arterial,East,1.9402824188854155,1.081847356606881,F,86.98484093866688,50.25127140086294,87.15738012577293,49.00485215917143,v3-2026-07-30-trip-suppression-fix
l_2059,SH16,peripheral,motorway,MWY,0.35294117647058826,0.9778119476112779,E,13.446754249690338,10.358436791437382,16.634116357492584,9.922105711149262,v3-2026-07-30-trip-suppression-fix
l_881,,peripheral,arterial,East,1.162715586848395,5.306089155867459,F,112.29493053495209,28.29464074874688,112.74875557728336,29.31319530064335,v3-2026-07-30-trip-suppression-fix
l_2148,SH16,peripheral,motorway,MWY,0.1411764705882353,0.3476572787054708,B,5.55042624669366,11.231531264238088,6.354425405604306,11.21694535711378,v3-2026-07-30-trip-suppression-fix
l_1381,,peripheral,arterial,East,3,7.960889308406093,F,104.52009164720675,17.061224643942403,104.75050162513983,17.759631560391824,v3-2026-07-30-trip-suppression-fix
l_430,,peripheral,arterial,East,0.7544322897019992,1.2632921611199375,F,83.65086001678152,28.74577789752999,84.45092700293155,28.514753090660168,v3-2026-07-30-trip-suppression-fix
l_325,,peripheral,arterial,East,0.7751437245655965,6.18266311198561,F,108.02612519860295,22.04994085333653,108.46982879201212,22.528156201237426,v3-2026-07-30-trip-suppression-fix
l_802,,peripheral,arterial,West,1.00993098804915,6.720627542986922,F,21.956748753009197,72.90429875875918,22.21413355053663,72.71043040111572,v3-2026-07-30-trip-suppression-fix
l_1885,SH1N,peripheral,motorway,MWY,0.3333333333333333,1.9237156291414572,F,25.292236175241566,90.0591968779582,27.578237516808805,87.82842725419826,v3-2026-07-30-trip-suppression-fix
l_416,,peripheral,arterial,West,1.0778443113772456,10.56235487912576,F,47.58856967562438,64.40931418225067,47.87113021863731,64.40413492993997,v3-2026-07-30-trip-suppression-fix
l_541,,inner,arterial,CBD,0.6765136994024129,2.5918367378857994,F,75.33328344094578,72.6825341116701,75.42472702495618,72.9240842775568,v3-2026-07-30-trip-suppression-fix
l_1541,,peripheral,motorway,MWY,0.4,2.553199740465882,F,74.40343805368384,23.117167045711216,75.80802843546739,21.972011158945016,v3-2026-07-30-trip-suppression-fix
l_2091,,peripheral,arterial,East,0.8929900282780175,5.751677085428584,F,97.50004725077318,55.67778679127608,98.04341434136168,55.6676950421336,v3-2026-07-30-trip-suppression-fix
l_411,,peripheral,arterial,West,0.9552619009711829,1.850255953044408,F,18.751260629148295,43.77440983898291,19.041731192325393,43.012392092370746,v3-2026-07-30-trip-suppression-fix
l_765,,peripheral,arterial,West,2.151308712800287,2.3484509138503973,F,29.520868804521943,18.065397171571686,29.998429859075458,16.84049715637769,v3-2026-07-30-trip-suppression-fix
l_280,,peripheral,arterial,East,0.34657039711191334,2.5737073313092798,F,64.37349883939923,21.966740772064515,64.63327380845004,21.907902492300373,v3-2026-07-30-trip-suppression-fix
l_65,,peripheral,arterial,East,1.8697413524462447,6.63265014642746,F,120.61412128457954,53.46347217081694,120.93405216628898,51.97101970489595,v3-2026-07-30-trip-suppression-fix
l_468,,peripheral,arterial,West,0.2729630135116692,0.5888050735629791,C,9.096842275087386,22.166807835789175,10.396269420581742,21.89997852901745,v3-2026-07-30-trip-suppression-fix
l_791,,peripheral,arterial,West,0.7872982548222018,6.755750893677337,F,62.28571152631732,30.167182431766516,62.983624140222425,30.2894662897823,v3-2026-07-30-trip-suppression-fix
l_2151,,peripheral,motorway,MWY,0.2,2.3782242190383975,F,49.65627609578162,60.48860823595705,49.79450913135496,59.94446400638409,v3-2026-07-30-trip-suppression-fix
l_2038,,peripheral,arterial,West,75.21697203471552,16.276127859014668,F,26.197476662346165,84.85369005084536,27.363925558451466,83.2378907499631,v3-2026-07-30-trip-suppression-fix
l_2443,,inner,arterial,CBD,0.5155746509129968,0.9481825385770551,E,58.56648394417951,50.12705980932227,58.908920125698145,51.012635085298065,v3-2026-07-30-trip-suppression-fix
l_1775,SH1S,peripheral,motorway,MWY,0.25263157894736843,2.4043701575754213,F,78.26055509412377,19.413212758880512,78.6381945270524,18.6765126787987,v3-2026-07-30-trip-suppression-fix
l_695,,boundary,arterial,East,0.48007681228996646,6.519789176103537,F,95.58249214144531,58.95658599146769,95.58852214064525,59.28079368324104,v3-2026-07-30-trip-suppression-fix
l_44,,peripheral,arterial,East,0.7751437245655965,5.80806985469576,F,110.4225522918125,24.653907024420178,110.7788359997536,25.106720724862917,v3-2026-07-30-trip-suppression-fix
l_213,,peripheral,arterial,West,0.6384110657918071,7.797970308864835,F,30.87647586311128,55.33686591613959,31.017252115828647,54.712693693058014,v3-2026-07-30-trip-suppression-fix
l_905,,inner,arterial,CBD,0.8705114254624592,4.478535638482151,F,56.57648856515048,70.75773242738443,56.71536035006015,71.2146292231835,v3-2026-07-30-trip-suppression-fix
l_1450,,inner,arterial,CBD,0.9788726649808304,6.700629658101681,F,93.29637699962102,62.29625381690608,93.60583402800728,61.398634990402456,v3-2026-07-30-trip-suppression-fix
l_584,,peripheral,arterial,West,0.6245229338699604,4.329281767599929,F,57.831907494897834,14.97917767826356,58.47005292411039,15.399864333918952,v3-2026-07-30-trip-suppression-fix
l_990,,peripheral,arterial,West,0.47953964194373405,1.2503984938930974,F,58.52981355934729,56.39785830666861,58.832107374041705,56.28419524845777,v3-2026-07-30-trip-suppression-fix
l_1142,,inner,arterial,CBD,0.8782844177706213,3.1581198421282655,F,67.69934011712195,64.33702041749164,68.04283296939884,65.27661641542423,v3-2026-07-30-trip-suppression-fix
l_496,,peripheral,arterial,West,0.6732873253661,1.5680306094009497,F,14.297729047333547,72.61116249408158,15.3217889430515,72.72768638765986,v3-2026-07-30-trip-suppression-fix
l_2607,,boundary,arterial,West,3.7803213273128216,6.914458693720886,F,59.436040302780505,61.921607193387665,59.89578389608564,61.716984700024234,v3-2026-07-30-trip-suppression-fix
l_942,,boundary,arterial,West,0.718562874251497,5.982248316756756,F,52.45581542182968,64.23896625102539,52.759614488936556,64.20636422149931,v3-2026-07-30-trip-suppression-fix
l_18,,boundary,arterial,East,2.8537455410225925,7.7582975653547255,F,79.6613271912913,72.7377239308592,80.0505810352026,72.62242364508671,v3-2026-07-30-trip-suppression-fix
l_304,,peripheral,arterial,West,0.2729630135116692,0.9213512398789767,E,14.754121158406688,16.496636556935503,15.330500061785118,15.918605820140177,v3-2026-07-30-trip-suppression-fix
l_2163,,boundary,arterial,East,0.9788726649808304,6.763516859064552,F,93.37341533518043,60.59214800095314,93.5320904956124,60.94055051244841,v3-2026-07-30-trip-suppression-fix
l_2424,SH1N,boundary,motorway,MWY,0.26666666666666666,2.3901943342999745,F,55.13420368523813,36.10938411357112,55.91392852760065,34.77076307673768,v3-2026-07-30-trip-suppression-fix
l_1038,,inner,arterial,CBD,0.2577873254564984,0.9193567568790135,E,58.359430838136134,49.5092591856192,58.47407308250859,49.83146835872688,v3-2026-07-30-trip-suppression-fix
l_911,,peripheral,arterial,West,0.6384110657918071,7.849821024807362,F,31.017252115828647,54.712693693058014,31.220265366614058,53.925228020327886,v3-2026-07-30-trip-suppression-fix
l_350,,peripheral,arterial,West,0.9552619009711829,1.3496534183460562,F,11.877776270513573,48.358668440892096,12.265539437257972,48.162443142701186,v3-2026-07-30-trip-suppression-fix
l_2174,,peripheral,arterial,East,0.6467608062951385,1.0753280171532196,F,87.18797964508035,47.13945006673204,87.21874019539901,47.625359058670156,v3-2026-07-30-trip-suppression-fix
l_954,,peripheral,arterial,West,0.6384110657918071,7.951111648271596,F,30.431418608881398,57.15574394736645,30.61418472273863,56.4497273285268,v3-2026-07-30-trip-suppression-fix
l_4,,peripheral,arterial,West,0.9993337774816788,2.971292933825058,F,27.96122702398703,29.066517362682376,29.923016089908046,30.544188691556855,v3-2026-07-30-trip-suppression-fix
l_611,,inner,arterial,CBD,0.5469711472719815,6.685567493030801,F,102.94906915652737,59.90078968461936,103.40953531118548,60.108439614280215,v3-2026-07-30-trip-suppression-fix
l_491,,peripheral,arterial,West,0.4094445202675038,0.6326370354969251,D,10.677786995109543,21.840813566101534,12.106611667987261,21.517570915137576,v3-2026-07-30-trip-suppression-fix
l_1566,,peripheral,arterial,East,1.6409134418159443,7.332576862390096,F,97.15401521163456,56.32709926417492,97.17704338533345,55.8459450532657,v3-2026-07-30-trip-suppression-fix
l_168,,boundary,arterial,East,1.260107109104274,3.243103076776407,F,63.17032167099063,60.447539196208346,64.27183221174457,60.04889308379106,v3-2026-07-30-trip-suppression-fix
l_2176,,peripheral,arterial,East,0,0,A,87.18797964508035,47.13945006673204,87.56965794537385,46.61887411575979,v3-2026-07-30-trip-suppression-fix
l_1769,SH1N,peripheral,motorway,MWY,0.4,3.27177588482649,F,62.370841689415734,31.246673889014883,64.02685857431082,31.180652193133124,v3-2026-07-30-trip-suppression-fix
l_88,,peripheral,arterial,West,1.4328928514567743,0.9693675136063302,E,5.2622748758372415,49.20841166111988,8.148804108213302,50.12899996174968,v3-2026-07-30-trip-suppression-fix
l_873,,inner,arterial,CBD,0.8204567209079722,6.43277188402611,F,105.55620697930154,60.96038443195367,106.59899582020059,60.91395011494743,v3-2026-07-30-trip-suppression-fix
l_869,,boundary,arterial,West,1.0778443113772456,1.6984671671511846,F,58.065048907854084,64.21702625636892,60.44267633854319,64.6327617430153,v3-2026-07-30-trip-suppression-fix
l_306,,peripheral,arterial,East,1.162715586848395,7.060334594309826,F,107.8508495037269,44.107045863993605,108.33206225929015,43.09809350593113,v3-2026-07-30-trip-suppression-fix
l_789,,boundary,arterial,East,0.39489272081084636,1.1027425722310158,F,88.94110232390135,73.64707740138871,89.39456004025752,73.47651690232533,v3-2026-07-30-trip-suppression-fix
l_98,,peripheral,arterial,East,1.1259148057796962,2.0501506407343486,F,111.72439784720393,25.683680295481814,112.58002785651028,24.937999502131394,v3-2026-07-30-trip-suppression-fix
l_2060,SH1S,peripheral,motorway,MWY,0.3157894736842105,3.4684608525609826,F,67.19612068495205,30.02267956789145,68.10340088513385,29.560612238759166,v3-2026-07-30-trip-suppression-fix
l_2358,,boundary,arterial,East,2.3720102787112074,3.732446222505839,F,65.77564147931554,35.76447704707274,66.20121844227644,36.720998864018114,v3-2026-07-30-trip-suppression-fix
l_660,,peripheral,arterial,East,0.7544322897019992,2.9412879814790576,F,86.45239586908485,16.883257353917134,86.56957610829535,17.340539282249114,v3-2026-07-30-trip-suppression-fix
l_457,,peripheral,arterial,West,0.9552619009711829,0.7978285807112898,D,3.5933442076091624,48.29274966595289,4.01069811661876,48.52842067021391,v3-2026-07-30-trip-suppression-fix
l_97,,peripheral,arterial,East,1.9378593114139915,6.918042177206167,F,109.69226962005915,40.261969896212356,111.16009224621511,37.369775279737574,v3-2026-07-30-trip-suppression-fix
l_11,,peripheral,arterial,East,2.5657472738935216,9.715038089803622,F,117.52679206590972,36.034785050545715,119.59191969872163,37.18539433148002,v3-2026-07-30-trip-suppression-fix
l_161,,boundary,arterial,East,0.3090632807067247,0.5368850995176283,C,123.11686983154266,64.03823861374093,124.31030574758968,63.907819662821275,v3-2026-07-30-trip-suppression-fix
l_1090,,inner,arterial,CBD,1.1108368304122438,16.438989294629174,F,60.774522595022184,47.24867825432507,60.851496141565626,46.70673368750483,v3-2026-07-30-trip-suppression-fix
l_1552,SH16,peripheral,motorway,MWY,0.2823529411764706,2.847301311225841,F,76.86036877778082,31.84428993706855,77.26155269766701,32.37740772031611,v3-2026-07-30-trip-suppression-fix
l_1325,,boundary,arterial,East,2.8537455410225925,3.8990899192335196,F,79.13482182060346,72.98213546199597,79.6613271912913,72.7377239308592,v3-2026-07-30-trip-suppression-fix
l_2514,,peripheral,arterial,West,2.892960462873674,7.959530798917975,F,27.39870104203018,82.94845957163265,27.458301659133134,82.45241249870897,v3-2026-07-30-trip-suppression-fix
l_636,,boundary,arterial,East,4,10.336688379504334,F,87.05030744901372,61.97959579665861,87.28538463256781,61.759029567199676,v3-2026-07-30-trip-suppression-fix
l_362,,peripheral,arterial,West,0.8512147543890761,7.859216208877699,F,29.301693173350262,61.95999256988419,29.643531754368812,60.44028981709939,v3-2026-07-30-trip-suppression-fix
l_1768,SH1S,peripheral,motorway,MWY,0.12631578947368421,0.4032077627519519,B,88.37485515037113,4.523466121909161,88.58763038987404,4.276280946767307,v3-2026-07-30-trip-suppression-fix
l_586,,peripheral,arterial,East,0.7751437245655965,7.119301062517667,F,106.97282358137726,45.98824119423296,107.14013993361219,45.633778238800495,v3-2026-07-30-trip-suppression-fix
l_731,,peripheral,arterial,West,9.25093151740974,12.991994968839073,F,21.202821748040968,74.4855362290312,21.311067390560833,73.26739101638535,v3-2026-07-30-trip-suppression-fix
l_69,,peripheral,arterial,East,1.7566974088713219,5.695386658770215,F,79.3914622053205,17.0950407249489,80.32136976918541,16.834601662397436,v3-2026-07-30-trip-suppression-fix
l_1408,,peripheral,arterial,East,1.3981668479105174,5.979180039792194,F,67.60879996164446,28.82590664672896,67.98722386930352,29.30540746056039,v3-2026-07-30-trip-suppression-fix
l_1793,,peripheral,arterial,East,0.5469711472719815,5.641335834976644,F,111.65884730143536,58.25216504933287,111.9019693746437,58.46384737328874,v3-2026-07-30-trip-suppression-fix
l_225,,peripheral,arterial,East,0.6587615283267457,8.73393701237768,F,76.47134277618923,17.878741926400867,77.14149020026282,17.67717073729872,v3-2026-07-30-trip-suppression-fix
l_687,,inner,arterial,CBD,0.4660556159701724,0.9279500316608124,E,88.1860699810941,55.22893905573418,89.27113355970832,56.28989760791533,v3-2026-07-30-trip-suppression-fix
l_492,,peripheral,arterial,East,0.7544322897019992,2.9243690854792015,F,86.08013052600171,15.565848500853555,86.26651346405072,16.238061683068302,v3-2026-07-30-trip-suppression-fix
l_819,,inner,arterial,CBD,0.8204567209079722,6.553933801649137,F,104.81217107922636,60.703961739510994,105.55620697930154,60.96038443195367,v3-2026-07-30-trip-suppression-fix
l_518,,peripheral,arterial,East,1,7.961017238874058,F,106.02948398163464,19.897960726244897,106.51764890136762,20.429405462124972,v3-2026-07-30-trip-suppression-fix
l_495,,peripheral,arterial,West,0.6732873253661,0.9969597092252865,E,5.1665294951604706,69.07428324444726,6.229478036781848,70.136056771095,v3-2026-07-30-trip-suppression-fix
l_363,,boundary,arterial,East,2.4979184013322233,4.903279287607243,F,79.63778643398231,60.900545877044244,80.40402295935954,61.183673115387506,v3-2026-07-30-trip-suppression-fix
l_577,,inner,arterial,CBD,0.7062701090794946,8.097246628277814,F,50.07190218762322,35.09424726549475,50.51002692927981,35.27539264319926,v3-2026-07-30-trip-suppression-fix
l_956,,peripheral,arterial,East,1.293521612590277,1.0781406527445572,F,87.15738012577293,49.00485215917143,87.17978592279842,47.86932002840633,v3-2026-07-30-trip-suppression-fix
l_2012,,boundary,arterial,West,0.5933544303797469,4.596297309577797,F,59.6653422868612,69.64693644363454,60.385120072702094,69.7688333866943,v3-2026-07-30-trip-suppression-fix
l_2248,SH1N,boundary,arterial,West,0.13333333333333333,0.09636088255185263,A,49.15553793480003,70.40745441678304,49.268580488300465,69.45946102201226,v3-2026-07-30-trip-suppression-fix
l_897,,inner,arterial,CBD,0.718562874251497,1.6913827056331812,F,60.44267633854319,64.6327617430153,61.62087538525587,64.85432794689004,v3-2026-07-30-trip-suppression-fix
l_1988,,boundary,arterial,East,0.9788726649808304,0.7047928800964292,D,90.35462429295049,66.30890785708459,90.45208248829778,66.02461078086631,v3-2026-07-30-trip-suppression-fix
l_2049,,boundary,arterial,East,0.5469711472719815,1.053115277472072,F,101.1613482400527,58.474587001941416,101.16638054128681,58.744760190886595,v3-2026-07-30-trip-suppression-fix
l_758,,peripheral,arterial,East,0.8774495466510676,0.46680510762297833,C,70.79589712499272,14.253880412658324,70.95700150242646,14.737385387322133,v3-2026-07-30-trip-suppression-fix
l_132,,peripheral,arterial,West,4.168596572487263,5.472186114464902,F,45.63040736722147,51.31041244544373,45.88089157914587,51.92742800306539,v3-2026-07-30-trip-suppression-fix
l_261,,inner,arterial,CBD,0.9321112319403448,1.070442031888922,F,86.39147628717548,53.424371483755564,86.8129537423639,53.876017915405704,v3-2026-07-30-trip-suppression-fix
l_1490,,peripheral,arterial,East,0.7957207904159851,10.638505841192734,F,93.38872481780083,50.88930525441124,93.65606475862629,51.2356914705003,v3-2026-07-30-trip-suppression-fix
l_906,,peripheral,arterial,West,0.6384110657918071,7.947016939776597,F,30.22988037189786,58.024260059792724,30.431418608881398,57.15574394736645,v3-2026-07-30-trip-suppression-fix
l_810,,boundary,arterial,West,0.718562874251497,5.964062851625218,F,52.759614488936556,64.20636422149931,53.21605837197431,64.19798616995762,v3-2026-07-30-trip-suppression-fix
l_661,,peripheral,arterial,East,0.5,0.47030502044760153,C,64.53823039270927,17.93675809277535,64.70808524166334,17.717416921314094,v3-2026-07-30-trip-suppression-fix
l_455,,peripheral,arterial,East,1.1259148057796962,1.5850059419524496,F,118.07553492299452,21.21382886352289,118.61375585870096,20.93350617850465,v3-2026-07-30-trip-suppression-fix
l_1741,,inner,arterial,CBD,1.184678162432539,3.9550396499121465,F,92.84472003305395,72.22210237377735,94.01955939567458,71.95836419580954,v3-2026-07-30-trip-suppression-fix
l_787,,boundary,arterial,West,0.3592814371257485,1.8025608331978273,F,57.25884768353421,64.12373676683629,57.75975764664811,64.16858437867349,v3-2026-07-30-trip-suppression-fix
l_1280,,boundary,arterial,West,1.7565688355412425,3.770357462059883,F,60.3128151638892,48.1490434873391,60.98773892815765,49.37984309580079,v3-2026-07-30-trip-suppression-fix
l_198,,inner,arterial,CBD,0.718562874251497,1.8736244282639647,F,65.300161097137,65.11092672578283,66.14286173603182,64.82514320490282,v3-2026-07-30-trip-suppression-fix
l_60,,peripheral,arterial,West,1.064018442986345,8.752849030474836,F,38.11387922865658,39.772649092279735,39.35853243396495,38.885039799948636,v3-2026-07-30-trip-suppression-fix
l_1194,,inner,arterial,CBD,1.260107109104274,2.803210062800477,F,80.43487564907198,49.94006221877742,80.69117831584225,49.69208389607326,v3-2026-07-30-trip-suppression-fix
l_1746,SH16,peripheral,motorway,MWY,0.2823529411764706,2.8552864826352913,F,84.55624162921892,43.566620758211755,85.19503056774066,44.01424656159616,v3-2026-07-30-trip-suppression-fix
l_282,,peripheral,arterial,West,0.6662225183211192,3.0217870459537366,F,39.28980631483006,37.50795600611312,39.70916501073208,37.85162503008587,v3-2026-07-30-trip-suppression-fix
l_2074,SH16,peripheral,motorway,MWY,0.35294117647058826,1.0711668213740875,F,22.271976491346617,9.170827394449766,24.505677855443885,8.886879360120584,v3-2026-07-30-trip-suppression-fix
l_152,,boundary,arterial,East,2.1228918504540633,5.901842683297817,F,66.7451551400661,51.51703891544061,67.3005478766954,49.80413837125006,v3-2026-07-30-trip-suppression-fix
l_1910,,peripheral,arterial,East,1.2464942349641632,8.372458300013852,F,122.69567547108049,41.037232735666066,122.82818490837029,40.50326529216379,v3-2026-07-30-trip-suppression-fix
l_964,,boundary,arterial,East,0.9321112319403448,2.5066800031115912,F,71.35164153001558,36.081063964939304,71.55422769052936,36.45569729161111,v3-2026-07-30-trip-suppression-fix
l_915,,peripheral,arterial,West,0.7872982548222018,6.66461219741089,F,58.20392753524212,29.269328819141265,59.649679336806614,29.86434648592241,v3-2026-07-30-trip-suppression-fix
l_206,,peripheral,arterial,West,1.4328928514567743,1.1354660666860936,F,9.593175763770375,49.45416407566636,11.877776270513573,48.358668440892096,v3-2026-07-30-trip-suppression-fix
l_917,,boundary,arterial,East,0.39489272081084636,1.2228022308487028,F,77.62016723642606,77.58615147631306,78.29001050926517,77.35756635441233,v3-2026-07-30-trip-suppression-fix
l_380,,peripheral,arterial,East,1.131648434552999,1.3455369636585512,F,80.6244308433964,29.66663004599746,82.2458068459828,29.17718161179631,v3-2026-07-30-trip-suppression-fix
l_2166,,boundary,arterial,East,3.80499405469679,4.355958268965105,F,77.83340157369706,73.34168527816092,78.691192060888,73.188074916488,v3-2026-07-30-trip-suppression-fix
l_596,,boundary,arterial,West,0.51985559566787,6.363960005288539,F,48.613002687591845,31.418397879223342,48.738428674370375,31.14583354077801,v3-2026-07-30-trip-suppression-fix
l_1841,,inner,arterial,CBD,0.9380129758461659,4.703952223312232,F,69.02088481341899,44.06984268875535,69.28468027012974,44.22713779521617,v3-2026-07-30-trip-suppression-fix
l_604,,peripheral,arterial,West,0.4163486225799736,4.330043619135799,F,57.47824904838939,14.661363814040484,57.831907494897834,14.97917767826356,v3-2026-07-30-trip-suppression-fix
l_1762,,peripheral,arterial,West,0.34657039711191334,0.3207754085752879,B,50.09635975384353,28.14801859227475,50.377877344433436,28.088799766079482,v3-2026-07-30-trip-suppression-fix
l_2525,SH16,peripheral,motorway,MWY,0.21176470588235297,1.1701630069880404,F,24.505677855443885,8.886879360120584,25.89488625289297,8.780468454057408,v3-2026-07-30-trip-suppression-fix
l_2511,SH16,peripheral,motorway,MWY,0.21176470588235297,0.7229627874020261,D,8.980279509982317,10.980103187164117,9.847500602525066,10.856251210852385,v3-2026-07-30-trip-suppression-fix
l_229,,inner,arterial,CBD,0.9590792838874681,1.1979182743518508,F,56.177153289115644,57.332965838616346,56.909666401894945,56.968163807931695,v3-2026-07-30-trip-suppression-fix
l_2470,SH1S,inner,motorway,MWY,0.12631578947368421,0.11416638236049477,A,53.3222333571636,29.79146229844561,56.01580535552358,32.03922279882344,v3-2026-07-30-trip-suppression-fix
l_58,,peripheral,arterial,West,0.5459260270233384,1.1528253096832868,F,29.192934738117824,17.963277779906274,29.520868804521943,18.065397171571686,v3-2026-07-30-trip-suppression-fix
l_947,,peripheral,arterial,West,0.9552619009711829,2.6810761486498884,F,32.484114490381536,41.010640804606915,33.47000840118514,41.425054020888716,v3-2026-07-30-trip-suppression-fix
l_696,,boundary,arterial,West,2.520214218208548,7.0044892424353975,F,59.154975830174145,62.007853992161465,59.436040302780505,61.921607193387665,v3-2026-07-30-trip-suppression-fix
l_587,,peripheral,arterial,East,0.6467608062951385,0.8774680450078323,E,82.54089711622093,35.71215703421988,82.74300274340413,36.059762791077446,v3-2026-07-30-trip-suppression-fix
l_87,,peripheral,arterial,East,1.162715586848395,7.132412189797413,F,107.14013993361219,45.633778238800495,107.5996265655099,44.62523258906839,v3-2026-07-30-trip-suppression-fix
l_1263,,peripheral,arterial,East,0.8782844177706213,3.16351847720568,F,71.14964306506519,73.38133209010323,71.33102328162099,73.78338402757181,v3-2026-07-30-trip-suppression-fix
l_1690,,peripheral,motorway,MWY,0.26666666666666666,0.764241223152609,D,22.399919872862714,93.62525329203619,25.298401125229688,96.8105361307028,v3-2026-07-30-trip-suppression-fix
l_2671,,peripheral,motorway,MWY,0.13333333333333333,0.04899987425234538,A,57.00066621402222,46.561331295919516,57.07606649067734,45.82230530453909,v3-2026-07-30-trip-suppression-fix
l_994,,peripheral,arterial,West,1.7024295087781522,7.921418889719885,F,34.58782066203479,43.10728654037618,34.91972039992311,42.2363815577569,v3-2026-07-30-trip-suppression-fix
l_176,,peripheral,arterial,West,0.4163486225799736,3.7206083867876196,F,35.78496267608044,1.6540867439188676,36.31982331112578,2.374015974173621,v3-2026-07-30-trip-suppression-fix
l_96,,peripheral,arterial,West,2.0198619760983,11.19794813125007,F,26.2650441370088,69.50161069839838,28.130890312861954,68.08926229466695,v3-2026-07-30-trip-suppression-fix
l_643,,peripheral,arterial,East,0.6467608062951385,0.7770663885861108,D,84.26974952002529,39.842254643745136,84.56480800990667,40.512457308664516,v3-2026-07-30-trip-suppression-fix
l_790,,peripheral,arterial,West,0.2729630135116692,0.41119551930500853,B,6.483736152637758,21.91694292182404,6.703500289561166,22.048086483923136,v3-2026-07-30-trip-suppression-fix
l_35,,peripheral,arterial,West,0.2729630135116692,1.0438481272224083,F,36.57656347597873,22.314748875087535,36.9968786670178,22.712457060927342,v3-2026-07-30-trip-suppression-fix
l_473,,peripheral,arterial,West,1.4328928514567743,1.5125255272822138,F,12.265539437257972,48.162443142701186,14.552572749401495,47.20200301305013,v3-2026-07-30-trip-suppression-fix
l_427,,peripheral,arterial,East,1.2808197246237591,1.3683251851451466,F,84.4901524895696,9.541330509440055,85.14371865496503,11.961624011839437,v3-2026-07-30-trip-suppression-fix
l_909,,inner,arterial,CBD,0.463594921060087,0.5360594741529555,C,119.90353355959333,64.28746641469652,123.11686983154266,64.03823861374093,v3-2026-07-30-trip-suppression-fix
l_598,,peripheral,arterial,West,0.6384110657918071,8.70093243994172,F,35.79494132994891,41.35554576370837,36.07400585958431,41.16126095151418,v3-2026-07-30-trip-suppression-fix
l_783,,peripheral,arterial,West,0.2729630135116692,1.1316827681880777,F,24.002838762026663,15.868817081390382,24.35348389889819,16.024582852657694,v3-2026-07-30-trip-suppression-fix
l_2309,,peripheral,arterial,West,1,6.651791805144227,F,20.49151013134539,91.52491898071625,20.64860256927363,91.79232186953674,v3-2026-07-30-trip-suppression-fix
l_1597,,inner,arterial,CBD,0.9872318020271159,3.642686963906069,F,99.71280601003023,68.25813010841078,103.2993358126966,67.02931881658287,v3-2026-07-30-trip-suppression-fix
l_702,,peripheral,arterial,East,0.8774495466510676,1.1636902455130942,F,71.3291682956456,16.054818204487734,71.3993559895461,16.323788369085356,v3-2026-07-30-trip-suppression-fix
l_1279,,inner,arterial,CBD,0.7405578869414959,0.4270657841416243,B,60.80340898776484,48.81567933866933,60.98773892815765,49.37984309580079,v3-2026-07-30-trip-suppression-fix
l_189,,peripheral,arterial,West,0.2729630135116692,1.0498986660236052,F,30.987688520843637,18.63319555844396,31.49095255807371,18.81318911534808,v3-2026-07-30-trip-suppression-fix
l_1554,,inner,motorway,MWY,0.4,2.5543080035711667,F,55.63837242127506,35.15419638640701,55.91392852760065,34.77076307673768,v3-2026-07-30-trip-suppression-fix
l_512,,peripheral,arterial,East,0.5629574028898481,0.9429362264152371,E,121.14212573432141,20.12950421223557,121.53125983628613,20.014121861290874,v3-2026-07-30-trip-suppression-fix
l_2291,SH1N,boundary,motorway,MWY,0.26666666666666666,2.6460394626755273,F,54.70977198784677,50.84656411511451,55.196227636265796,50.10791671258873,v3-2026-07-30-trip-suppression-fix
l_137,,inner,arterial,CBD,1.4125402181589892,8.210837701481994,F,52.45812608059369,35.996374270369245,53.87968625178682,36.456745482464065,v3-2026-07-30-trip-suppression-fix
l_1486,,peripheral,arterial,West,0.9079445145018916,9.968443029962343,F,42.775625154199204,63.983975809775,43.21330632464109,64.13812082671996,v3-2026-07-30-trip-suppression-fix
l_1894,,boundary,arterial,East,3.723239218119764,3.9751724942395414,F,73.09627738553586,78.33242799896371,73.33873570061782,78.88137666158906,v3-2026-07-30-trip-suppression-fix
l_401,,inner,arterial,CBD,2.4979184013322233,6.009449718814958,F,84.8898050292072,62.722286394498205,85.50290607461442,62.95417671462451,v3-2026-07-30-trip-suppression-fix
l_874,,peripheral,arterial,West,0.718562874251497,5.91604942570578,F,54.30282958036696,64.17803438940116,54.73753808677626,64.17005208437376,v3-2026-07-30-trip-suppression-fix
l_2449,,peripheral,arterial,West,0.7872982548222018,2.685410807387643,F,51.05021157094027,16.18484242311799,51.23987720628342,16.987227355129107,v3-2026-07-30-trip-suppression-fix
l_1454,,boundary,arterial,East,0.48007681228996646,6.772706556855173,F,95.48914733627757,57.44482697016596,95.50635967892894,57.20126775137313,v3-2026-07-30-trip-suppression-fix
l_2128,SH16,peripheral,motorway,MWY,0.35294117647058826,1.0122154004598234,F,16.634116357492584,9.922105711149262,22.271976491346617,9.170827394449766,v3-2026-07-30-trip-suppression-fix
l_2152,,peripheral,motorway,MWY,0.13333333333333333,0.32609030864183364,B,56.236816790672194,48.764506272463414,56.402727847693974,48.329035398305,v3-2026-07-30-trip-suppression-fix
l_2313,,inner,arterial,CBD,5.584858827179646,3.7890781291654476,F,71.9765944393281,75.77143528366535,72.57823768025631,77.20970538197737,v3-2026-07-30-trip-suppression-fix
l_10,,peripheral,arterial,West,0.9079445145018916,10.025711042749126,F,38.74567202353611,63.57123649077299,39.07219675464859,63.59229142641285,v3-2026-07-30-trip-suppression-fix
l_434,,peripheral,arterial,East,4.391743522178305,5.358909524796524,F,83.8236740573931,15.796826580917708,85.98618713567022,15.189215814380727,v3-2026-07-30-trip-suppression-fix
l_1001,,peripheral,arterial,East,0.5,0.27012578261394876,B,65.26011095717408,17.004557053778175,65.64228032759982,16.51103773392799,v3-2026-07-30-trip-suppression-fix
l_392,,inner,arterial,CBD,19.18158567774936,31.525714145063624,F,53.38477405596671,85.19434360848355,54.98391466874296,84.65149034680701,v3-2026-07-30-trip-suppression-fix
l_883,,peripheral,arterial,West,2.0198619760983,6.598564762171015,F,21.311067390560833,73.26739101638535,21.956748753009197,72.90429875875918,v3-2026-07-30-trip-suppression-fix
l_483,,peripheral,arterial,East,0.6587615283267457,5.68945551163812,F,82.6132830183785,16.17058010033916,83.0893491253572,16.053661287411398,v3-2026-07-30-trip-suppression-fix
l_1227,,boundary,arterial,East,5.584858827179646,5.471231484737705,F,73.0664042965219,78.26479248703758,73.33873570061782,78.88137666158906,v3-2026-07-30-trip-suppression-fix
l_1740,,boundary,arterial,East,0.7897854416216927,1.2009985243480406,F,80.05942625532296,76.62218255060786,81.08005577299889,76.54926355530483,v3-2026-07-30-trip-suppression-fix
l_900,,peripheral,arterial,East,0.8783487044356609,8.75292032604889,F,75.71477167447594,18.108934229496324,76.47134277618923,17.878741926400867,v3-2026-07-30-trip-suppression-fix
l_762,,boundary,arterial,East,3.7520519033846638,5.952270473185963,F,66.96610027265491,38.756474806697,67.12521488214176,39.13191321982314,v3-2026-07-30-trip-suppression-fix
l_1316,,peripheral,arterial,East,4.756242568370987,4.4126641771811,F,77.52242411359285,73.47993121316404,78.60074489497762,73.00056057133216,v3-2026-07-30-trip-suppression-fix
l_336,,peripheral,arterial,West,0.6662225183211192,2.791314285719484,F,16.17033802430047,20.25454630502344,16.412330261336795,20.4123017194454,v3-2026-07-30-trip-suppression-fix
l_1449,,peripheral,arterial,West,0.4670351054720947,0.4855718768905051,C,50.35464268102764,51.6562188762923,50.81056204175561,51.620827967298034,v3-2026-07-30-trip-suppression-fix
l_34,,peripheral,arterial,West,1.9986675549633577,2.6309259569230345,F,14.363812522100684,18.936088409652413,15.26658007706328,19.568302020942355,v3-2026-07-30-trip-suppression-fix
l_2626,SH16,peripheral,motorway,MWY,0.1411764705882353,0.0664160648874782,A,77.55545157062653,32.855574573707166,78.93065187686287,35.09299452909122,v3-2026-07-30-trip-suppression-fix
l_48,,peripheral,arterial,East,1.550287449131193,6.975398471268848,F,111.16009224621511,37.369775279737574,112.25637496368564,35.5385411198825,v3-2026-07-30-trip-suppression-fix
l_821,,peripheral,arterial,East,0.8929900282780175,5.601247857213332,F,101.07579731435075,53.881642159883825,101.74352698554671,53.54490845556619,v3-2026-07-30-trip-suppression-fix
l_123,,peripheral,arterial,West,0.9552619009711829,1.656399000893756,F,18.379765234502536,44.86221493952579,18.751260629148295,43.77440983898291,v3-2026-07-30-trip-suppression-fix
l_2402,,inner,arterial,CBD,0.6990834239552587,2.8626446320611887,F,81.01008786227239,46.95650418119253,81.34710947838948,47.54485531979951,v3-2026-07-30-trip-suppression-fix
l_1274,,inner,arterial,CBD,0.39489272081084636,1.206340468820955,F,82.88992485657327,75.65094779001757,84.7260242626595,74.99536883348628,v3-2026-07-30-trip-suppression-fix
l_417,,boundary,arterial,West,1.4730252255569876,7.551613168082645,F,47.50995239258099,69.59980472525197,47.66855459712167,69.94823975047932,v3-2026-07-30-trip-suppression-fix
l_2338,,peripheral,arterial,West,2.892960462873674,7.797401468998443,F,27.363925558451466,83.2378907499631,27.39870104203018,82.94845957163265,v3-2026-07-30-trip-suppression-fix
l_2415,,boundary,motorway,MWY,0.4,2.04741699853658,F,54.84204280116746,38.244766432071046,54.85581067271784,37.51987161663921,v3-2026-07-30-trip-suppression-fix
l_755,,peripheral,arterial,East,1.1860051393556037,7.9708384146534055,F,64.3589247678989,31.77762305157244,64.56348885504276,32.26033191009303,v3-2026-07-30-trip-suppression-fix
l_159,,peripheral,arterial,East,1,8.117663609608666,F,103.75158598639847,14.318798401960558,103.82181585288141,14.587758999822961,v3-2026-07-30-trip-suppression-fix
l_1105,,peripheral,arterial,East,1.3175230566534915,2.3611316349625846,F,65.28320945797132,21.78782265927026,65.5419863242516,21.674948605585637,v3-2026-07-30-trip-suppression-fix
l_1109,,boundary,arterial,West,1.0311493018259936,1.035841630749939,F,59.98369665385385,53.88469637087916,60.64586369269479,55.60220742294849,v3-2026-07-30-trip-suppression-fix
l_2021,,inner,arterial,CBD,0.8900316455696203,4.764329745594634,F,62.80628848604008,70.18374450760972,63.67921974404496,70.35686484399797,v3-2026-07-30-trip-suppression-fix
l_1211,,boundary,arterial,West,0.5155746509129968,1.0072730962524479,F,58.177596542623355,49.080179599865495,58.359430838136134,49.5092591856192,v3-2026-07-30-trip-suppression-fix
l_2647,SH16,peripheral,motorway,MWY,0.1411764705882353,0.610986308705542,C,8.30764198059244,11.046367011593231,8.980279509982317,10.980103187164117,v3-2026-07-30-trip-suppression-fix
l_1503,,peripheral,arterial,East,0.9701412094427078,9.477016374112699,F,73.74610467426228,24.49653852502229,74.1048044898563,25.084499075963524,v3-2026-07-30-trip-suppression-fix
l_1903,,peripheral,arterial,East,4.2438442155519205,10.853194290733796,F,89.91925227233742,47.87261040785828,92.16623138336581,49.4525443304887,v3-2026-07-30-trip-suppression-fix
l_2515,,peripheral,motorway,MWY,0.6666666666666666,2.5848885600442593,F,54.84337716773664,36.84443996626127,55.26012197672294,35.86383299864734,v3-2026-07-30-trip-suppression-fix
l_47,,peripheral,arterial,East,1.8697413524462447,6.794548652117235,F,121.88622266419952,47.088396993059845,122.05703166725341,45.760889409575576,v3-2026-07-30-trip-suppression-fix
l_171,,inner,arterial,CBD,0.48007681228996646,6.558418626338437,F,95.48349228329441,58.30978429396677,95.53198715975178,58.57915053254723,v3-2026-07-30-trip-suppression-fix
l_992,,peripheral,arterial,East,1.6634322151372332,4.216282093300177,F,94.95698250858808,18.320087338639414,96.96888977573524,17.796238769374977,v3-2026-07-30-trip-suppression-fix
l_279,,peripheral,arterial,West,0.4163486225799736,3.886281140309835,F,43.95411189193078,8.558418666871638,44.39118388122156,8.685540657988398,v3-2026-07-30-trip-suppression-fix
l_1236,,boundary,arterial,East,0.39489272081084636,3.5145350212070134,F,110.70935067585489,64.45898202738962,111.07633431675083,64.31701017505766,v3-2026-07-30-trip-suppression-fix
l_639,,peripheral,arterial,East,0.48007681228996646,4.032196085570842,F,90.96825170061823,69.23120704338076,91.16086530039657,69.0654770496398,v3-2026-07-30-trip-suppression-fix
l_1288,,peripheral,arterial,West,0.7200000000000001,3.350107783398685,F,52.384790658116664,21.37643744779161,52.68419619251515,22.289837472597156,v3-2026-07-30-trip-suppression-fix
l_1171,,peripheral,arterial,East,3,7.951051836827094,F,104.75050162513983,17.759631560391824,104.77878406151197,18.1104530851749,v3-2026-07-30-trip-suppression-fix
l_389,,inner,arterial,CBD,0.4660556159701724,2.5232854330899657,F,74.17215607017293,39.29921543933476,74.37225085683323,39.53875972036199,v3-2026-07-30-trip-suppression-fix
l_1188,SH1N,peripheral,motorway,MWY,0.26666666666666666,0.8482411294297768,D,24.217517569694923,94.32186840915018,25.556797822209617,97.40547858849013,v3-2026-07-30-trip-suppression-fix
l_375,,peripheral,arterial,West,0.9552619009711829,1.8431658630758425,F,19.041731192325393,43.012392092370746,19.935796056810617,41.96912676686193,v3-2026-07-30-trip-suppression-fix
l_1010,,inner,arterial,CBD,1.317426626655932,4.409030908871812,F,61.57523606058552,50.5852230433357,62.092555281063845,51.52162875875946,v3-2026-07-30-trip-suppression-fix
l_612,,peripheral,arterial,West,0.6662225183211192,2.71612270030685,F,15.72932362367471,19.911227030447844,16.17033802430047,20.25454630502344,v3-2026-07-30-trip-suppression-fix
l_630,,boundary,arterial,East,0.8204567209079722,5.483720895991649,F,113.43853816851465,60.40815325388406,113.90558048528936,60.9670057373324,v3-2026-07-30-trip-suppression-fix
l_475,,peripheral,arterial,East,0.463594921060087,0.4267129324083079,B,127.95733350439917,63.59635308837599,133.130838192187,62.3643331192384,v3-2026-07-30-trip-suppression-fix
l_2205,,peripheral,arterial,West,3.5,7.3773594656541235,F,19.969935188443806,89.1561121549009,20.49151013134539,91.52491898071625,v3-2026-07-30-trip-suppression-fix
l_1078,,boundary,arterial,West,1.1108368304122438,16.392717139596336,F,60.851496141565626,46.70673368750483,60.887990465952456,46.32769233043403,v3-2026-07-30-trip-suppression-fix
l_674,,peripheral,arterial,East,0.7544322897019992,1.2494868420323424,F,85.91481718027444,26.56875306139931,86.16105288487769,25.780419632823588,v3-2026-07-30-trip-suppression-fix
l_556,,peripheral,arterial,West,0.2729630135116692,1.1264549374109378,F,23.69614807299709,15.739275869355476,24.002838762026663,15.868817081390382,v3-2026-07-30-trip-suppression-fix
l_809,,peripheral,arterial,West,5.5581287633163505,6.222281062220592,F,44.857725097972114,49.4867794975422,45.33546455065397,50.64015856246235,v3-2026-07-30-trip-suppression-fix
l_675,,boundary,arterial,East,1.1771168484658243,6.0462288293586886,F,68.85113321180147,37.235270555268315,70.51056461021132,36.4479250457801,v3-2026-07-30-trip-suppression-fix
l_51,,inner,arterial,CBD,2.936617994942491,6.1314465476019135,F,89.52263422621802,68.66341403448585,89.77142609073935,68.0101659520379,v3-2026-07-30-trip-suppression-fix
l_378,,peripheral,arterial,East,2.976633427593392,5.630437948087476,F,101.74352698554671,53.54490845556619,103.2508411483498,52.76013109582854,v3-2026-07-30-trip-suppression-fix
l_2042,,inner,arterial,CBD,0.9590792838874681,1.5894456843452678,F,52.48486533973297,58.72505916772683,54.10453983321792,58.12777182907482,v3-2026-07-30-trip-suppression-fix
l_326,,peripheral,arterial,East,3.880564837770831,13.896272320979032,F,72.14670202358586,19.120755876282022,72.37850218358771,19.900247069732195,v3-2026-07-30-trip-suppression-fix
l_786,,peripheral,arterial,East,5.754475703324808,6.049521826918311,F,64.87791796969692,54.01083932229761,65.84798720220324,53.560550321934564,v3-2026-07-30-trip-suppression-fix
l_431,,peripheral,arterial,East,0.7544322897019992,1.2647506691044785,F,82.67843979627918,29.061069090508706,83.65086001678152,28.74577789752999,v3-2026-07-30-trip-suppression-fix
l_74,,peripheral,arterial,West,0.8326972451599473,4.3069262698227675,F,54.407503476894796,11.988138001938534,55.047622773339015,12.516903946996234,v3-2026-07-30-trip-suppression-fix
l_831,,peripheral,arterial,West,8.820749763729918,7.117981270881098,F,61.484449617654434,60.9920624452506,62.56522719797414,60.64785993785288,v3-2026-07-30-trip-suppression-fix
l_2297,,peripheral,arterial,West,0.7872982548222018,2.6800954727693584,F,51.23987720628342,16.987227355129107,51.85167599897967,19.575456539565796,v3-2026-07-30-trip-suppression-fix
l_1479,,boundary,arterial,East,0.4660556159701724,0.6843393059798311,D,82.08185256660941,48.47719424489277,82.65695102383421,49.00708608487663,v3-2026-07-30-trip-suppression-fix
l_510,,inner,arterial,CBD,0.7062701090794946,5.28547212643138,F,63.55634310055877,37.76525197287794,64.29276165623449,37.616559086629074,v3-2026-07-30-trip-suppression-fix
l_381,,peripheral,arterial,East,1.162715586848395,7.135841982817166,F,106.49109268072078,46.970172440998155,106.78377288492112,46.34310863502439,v3-2026-07-30-trip-suppression-fix
l_1840,,peripheral,arterial,East,9.30809804529941,7.662218680349447,F,71.09092346605954,73.73375866135535,71.4152041612677,74.80883656913852,v3-2026-07-30-trip-suppression-fix
l_2640,,inner,arterial,CBD,0.43914220888531064,3.4625809358958373,F,64.95548773532586,57.036371765893044,65.18380297971082,57.62674891718764,v3-2026-07-30-trip-suppression-fix
l_629,,peripheral,arterial,West,3.6162005785920925,15.15375990960247,F,26.76621972872008,80.27590936570861,27.44892572674896,81.93908674258003,v3-2026-07-30-trip-suppression-fix
l_625,,inner,arterial,CBD,0.7365126127784938,4.133018828191125,F,51.73275430312918,80.49505218483208,51.984776202617375,81.19311260890247,v3-2026-07-30-trip-suppression-fix
l_2086,SH16,peripheral,motorway,MWY,0,0,A,87.10723249870696,46.303121187806425,87.56965794537385,46.61887411575979,v3-2026-07-30-trip-suppression-fix
l_638,,peripheral,arterial,East,0.7201152184349496,4.023283267122127,F,90.51781523375381,69.56387505859115,90.96825170061823,69.23120704338076,v3-2026-07-30-trip-suppression-fix
l_1588,,inner,arterial,CBD,0.718562874251497,1.8342525098944957,F,78.08508553972821,60.4157365320192,78.64845635725169,60.22310997772073,v3-2026-07-30-trip-suppression-fix
l_1753,,peripheral,arterial,East,0.6467608062951385,0.781649164860041,D,84.72395627478791,40.887883293181325,84.74751293230132,42.15769708901985,v3-2026-07-30-trip-suppression-fix
l_250,,peripheral,arterial,West,2.118537200504414,9.969941785821296,F,32.014169215528966,66.42387062720746,34.756290988467164,65.37382884878303,v3-2026-07-30-trip-suppression-fix
l_600,,peripheral,arterial,West,0.4163486225799736,4.306134475303421,F,55.709475407824385,13.045268594518097,56.19549972464025,13.468757795687031,v3-2026-07-30-trip-suppression-fix
l_686,,inner,arterial,CBD,0.4660556159701724,1.065593052459273,F,86.8129537423639,53.876017915405704,87.58820297558253,54.64542969440714,v3-2026-07-30-trip-suppression-fix
l_958,,peripheral,arterial,East,0.9590792838874681,6.003886413454748,F,64.51092567825773,54.15272925848402,64.87791796969692,54.01083932229761,v3-2026-07-30-trip-suppression-fix
l_1614,,peripheral,arterial,East,1.1906533710373568,3.2134609982754454,F,99.44258708063082,54.91198217464187,100.15026983076909,54.38532482947949,v3-2026-07-30-trip-suppression-fix
l_1551,SH1N,peripheral,motorway,MWY,0.26666666666666666,3.2538665599887198,F,59.65982002533505,31.593852493517105,60.41795046645113,31.444772892617085,v3-2026-07-30-trip-suppression-fix
l_620,,peripheral,arterial,West,0.6662225183211192,2.6492749316800244,F,15.509063138464636,19.753075667460394,15.72932362367471,19.911227030447844,v3-2026-07-30-trip-suppression-fix
l_2100,,peripheral,motorway,MWY,2.1697203471552555,13.660566107034963,F,24.62481038678189,89.23354394905859,24.78930286728638,89.90620079474266,v3-2026-07-30-trip-suppression-fix
l_173,,boundary,arterial,East,0.9321112319403448,0.9278522038954852,E,90.26675970772055,57.217375824468164,90.9308499919602,57.85370365364385,v3-2026-07-30-trip-suppression-fix
l_563,,peripheral,arterial,West,0.34657039711191334,2.683669659185814,F,60.80631266333057,23.0323980143972,61.28190622607549,22.88851284067149,v3-2026-07-30-trip-suppression-fix
l_1868,,inner,arterial,CBD,0.7897854416216927,3.495176211199696,F,105.39462072232304,66.28764968796823,108.11669978191439,65.34510178786458,v3-2026-07-30-trip-suppression-fix
l_297,,peripheral,arterial,West,0.2729630135116692,0.47275093443796845,C,7.032410215232541,22.20427560395299,8.013247061251363,22.348633492839774,v3-2026-07-30-trip-suppression-fix
l_1060,,peripheral,arterial,East,1.5467239527389904,5.010742987984428,F,64.30431240757132,65.34547326977417,64.78468473017887,66.6338974288172,v3-2026-07-30-trip-suppression-fix
l_1267,,boundary,arterial,East,0.7897854416216927,0.18597175453022968,A,84.81747981672191,75.23691522614796,87.4285688494408,74.16157052757397,v3-2026-07-30-trip-suppression-fix
l_1641,,peripheral,arterial,East,4.935225169648365,4.588662270145646,F,103.69986891686158,17.373785672682526,103.92326940394825,17.506958587856996,v3-2026-07-30-trip-suppression-fix
l_866,,peripheral,arterial,West,1.00993098804915,11.049681006514595,F,23.543043514611877,71.65924041003223,24.293451413394337,71.07802402876578,v3-2026-07-30-trip-suppression-fix
l_444,,peripheral,arterial,East,1.8697413524462447,6.477752671613057,F,120.08090534935732,57.50042770533528,120.10163903852856,58.608139274735734,v3-2026-07-30-trip-suppression-fix
l_178,,peripheral,arterial,West,1.54182191956829,12.440814235767743,F,19.947982144973768,84.3728949178436,20.00482212866559,83.91241743811356,v3-2026-07-30-trip-suppression-fix
l_1313,,inner,arterial,CBD,0.7897854416216927,0.5533628626188213,C,81.08005577299889,76.54926355530483,82.13865149724165,76.17834579272612,v3-2026-07-30-trip-suppression-fix
l_139,,peripheral,arterial,East,2,8.125784079591531,F,103.42418459583601,13.081660248598487,103.75158598639847,14.318798401960558,v3-2026-07-30-trip-suppression-fix
l_795,,inner,arterial,CBD,0.47084673938632976,4.4679261266058035,F,56.484763047102184,37.4358875262841,56.988096828092516,37.61582131624459,v3-2026-07-30-trip-suppression-fix
l_2135,,peripheral,arterial,West,1.2768221315836141,7.757246330035976,F,47.410021244273395,33.38635763115281,47.79573943349853,33.0819948251006,v3-2026-07-30-trip-suppression-fix
l_1913,,inner,arterial,CBD,0.9788726649808304,0.7365381861475236,D,89.77142609073935,68.0101659520379,90.25782546500915,66.5912814806598,v3-2026-07-30-trip-suppression-fix
l_2210,,peripheral,arterial,East,0.6990834239552587,3.81064653014263,F,66.03076556977601,23.422664512182614,66.31199565899901,24.525568450433795,v3-2026-07-30-trip-suppression-fix
l_148,,peripheral,arterial,West,0.9552619009711829,1.6626715286286922,F,17.801273166943393,46.521333492608164,18.215256762926387,45.37870460126316,v3-2026-07-30-trip-suppression-fix
l_722,,boundary,arterial,West,0.8705114254624592,4.3775819563699505,F,56.80777605478416,71.51022130093365,56.99111601630003,72.02035369645378,v3-2026-07-30-trip-suppression-fix
l_1558,,peripheral,arterial,West,1.317426626655932,8.255001648986795,F,59.470430093001035,47.37378724526861,59.58384565892624,47.50492640356332,v3-2026-07-30-trip-suppression-fix
l_233,,inner,arterial,CBD,0.9321112319403448,2.890228705433278,F,80.05201178107251,45.703972737526854,81.01008786227239,46.95650418119253,v3-2026-07-30-trip-suppression-fix
l_918,,boundary,arterial,West,0.7365126127784938,5.251492383662363,F,49.324280536344816,73.67454307841179,49.4389192227232,73.99675673960067,v3-2026-07-30-trip-suppression-fix
l_613,,peripheral,arterial,West,0.6732873253661,1.5039187984500566,F,12.838455797859599,72.47551143596816,13.513751713595749,72.54432523635822,v3-2026-07-30-trip-suppression-fix
l_179,,peripheral,arterial,West,3.08364383913658,12.416706502250852,F,20.00482212866559,83.91241743811356,20.177310226202337,82.63905330380759,v3-2026-07-30-trip-suppression-fix
l_2296,,peripheral,arterial,East,1.317426626655932,4.41529165747661,F,63.33128764447713,53.850129409293416,63.668765861908625,54.46552494747484,v3-2026-07-30-trip-suppression-fix
l_120,,peripheral,arterial,West,0.6245229338699604,3.8947137132908205,F,42.33620669458588,8.047533513322234,43.95411189193078,8.558418666871638,v3-2026-07-30-trip-suppression-fix
l_1838,SH16,peripheral,motorway,MWY,0.42352941176470593,1.728058566414261,F,44.31904864262321,20.146045198764536,46.71461786604591,22.750719440385005,v3-2026-07-30-trip-suppression-fix
l_2598,,inner,arterial,CBD,0.8900316455696203,4.571029182012601,F,51.69331233459002,71.2527771810869,52.622502093879426,70.9384375872627,v3-2026-07-30-trip-suppression-fix
l_245,,peripheral,arterial,East,1.1089548100914888,3.9566527922889856,F,101.01138621981251,16.585973676240414,101.68150962704725,16.38432238909062,v3-2026-07-30-trip-suppression-fix
l_593,,peripheral,arterial,East,0.6467608062951385,0.8390680844187717,E,83.20020090504401,37.26749840509649,83.70137069900036,38.50144590706852,v3-2026-07-30-trip-suppression-fix
l_149,,peripheral,arterial,East,1,0.4695296257611933,C,64.39010580932049,18.15569880527333,64.53823039270927,17.93675809277535,v3-2026-07-30-trip-suppression-fix
l_870,,inner,arterial,CBD,0.8705114254624592,4.017265361642856,F,57.75020030647787,74.27662008917515,57.91131055695978,74.76013394499716,v3-2026-07-30-trip-suppression-fix
l_368,,inner,arterial,CBD,1.1047689191677408,4.757837028970815,F,50.51713452805537,77.05798295833904,50.86106171817643,78.02462195985804,v3-2026-07-30-trip-suppression-fix
l_2001,,inner,arterial,CBD,0.9788726649808304,6.740591960449448,F,93.5320904956124,60.94055051244841,93.60583402800728,61.398634990402456,v3-2026-07-30-trip-suppression-fix
l_2654,,boundary,arterial,East,0.658713313327966,3.1450133545972396,F,70.51057471752485,71.74450261872121,71.14964306506519,73.38133209010323,v3-2026-07-30-trip-suppression-fix
l_2140,,peripheral,arterial,West,0.8326972451599473,0.6445803162169647,D,49.443104704879936,9.72922673643824,49.52057764410846,10.606463518772738,v3-2026-07-30-trip-suppression-fix
l_2485,SH1N,peripheral,arterial,West,0.2,0.09291546071455559,A,48.64972265462467,71.87142792509727,49.15553793480003,70.40745441678304,v3-2026-07-30-trip-suppression-fix
l_477,,inner,arterial,CBD,0.7062701090794946,8.080846940940173,F,49.45544964230435,34.67313521230625,49.65451723037659,34.85866776126015,v3-2026-07-30-trip-suppression-fix
l_871,,peripheral,arterial,West,0.9079445145018916,10.00566851094357,F,31.34086020845276,66.46318605069304,31.66639987561787,66.43021838241287,v3-2026-07-30-trip-suppression-fix
l_689,,inner,arterial,CBD,1.9577453299616607,6.785197057595922,F,91.21750506930572,65.09151821134026,92.70736870500535,63.3612164894368,v3-2026-07-30-trip-suppression-fix
l_935,,peripheral,arterial,East,0.6990834239552587,5.000293385800622,F,68.89144154314862,31.180591059344565,69.1167495055837,31.60886044265956,v3-2026-07-30-trip-suppression-fix
l_1067,,peripheral,arterial,East,1.785980056556035,3.2663611088474207,F,98.62522161572872,55.3866211660318,99.44258708063082,54.91198217464187,v3-2026-07-30-trip-suppression-fix
l_1730,,peripheral,arterial,West,1.54182191956829,12.46487226464148,F,19.89606651006187,85.10354362914642,19.947982144973768,84.3728949178436,v3-2026-07-30-trip-suppression-fix
l_130,,inner,arterial,CBD,1.4730252255569876,4.902227489161533,F,49.91971022613255,75.31222940789276,50.51713452805537,77.05798295833904,v3-2026-07-30-trip-suppression-fix
l_54,,boundary,arterial,West,0.7062701090794946,4.47285490663597,F,55.7186490833935,37.152675638354886,56.484763047102184,37.4358875262841,v3-2026-07-30-trip-suppression-fix
l_342,,peripheral,arterial,West,0.9416934787726595,4.442840388154995,F,54.84337716773664,36.84443996626127,55.171355121145496,36.94652013262038,v3-2026-07-30-trip-suppression-fix
l_2,,peripheral,arterial,East,5.754475703324808,7.598830827210251,F,62.61075366145854,54.863368946849434,63.668765861908625,54.46552494747484,v3-2026-07-30-trip-suppression-fix
l_872,,peripheral,arterial,East,0.6587615283267457,4.379930636933628,F,89.55463460235399,14.204169163434171,90.52797910869336,13.942877608033063,v3-2026-07-30-trip-suppression-fix
l_1284,,peripheral,motorway,MWY,0,0,A,54.71696039624606,37.06297351264424,54.84337716773664,36.84443996626127,v3-2026-07-30-trip-suppression-fix
l_2137,SH1N,peripheral,motorway,MWY,0,0,A,26.88875060989319,98.89467486649406,27.337437624908134,99.71829779924256,v3-2026-07-30-trip-suppression-fix
l_2413,,inner,arterial,CBD,0.7897854416216927,1.0567929843711934,F,91.25286046529216,72.84749345694918,91.75179527385082,72.7841909472288,v3-2026-07-30-trip-suppression-fix
l_1380,,peripheral,arterial,East,1.1906533710373568,1.6558273718617376,F,103.2508411483498,52.76013109582854,103.48067669638154,52.63864609996078,v3-2026-07-30-trip-suppression-fix
l_399,,boundary,arterial,East,10,13.503633844030995,F,88.82022876021257,60.109002418329815,90.31308370006009,58.540820628572924,v3-2026-07-30-trip-suppression-fix
l_220,,inner,arterial,CBD,0.7201152184349496,3.980541878786951,F,86.3635282718418,70.66783914606896,87.21124072397012,70.6521428678054,v3-2026-07-30-trip-suppression-fix
l_1228,,boundary,arterial,East,0.7897854416216927,3.297970291822686,F,112.63524396539997,63.96363399899092,114.44030911357665,63.98402954582265,v3-2026-07-30-trip-suppression-fix
l_775,,peripheral,arterial,East,0.6467608062951385,1.5168095898332663,F,78.78051296407524,31.05205674766584,79.26963011395762,31.637598349774255,v3-2026-07-30-trip-suppression-fix
l_258,,peripheral,arterial,West,0.2729630135116692,0.9771355145740519,E,16.058494501113277,15.310789384286009,16.358777119211265,15.089117718826287,v3-2026-07-30-trip-suppression-fix
l_323,,peripheral,arterial,East,1.550287449131193,6.168159189072468,F,107.31610278619196,21.279390959790696,108.02612519860295,22.04994085333653,v3-2026-07-30-trip-suppression-fix
l_136,,peripheral,arterial,East,0.3233804031475693,0.7739996041000194,D,84.04239717389197,39.30593131977815,84.26974952002529,39.842254643745136,v3-2026-07-30-trip-suppression-fix
l_864,,inner,arterial,CBD,6,10.48518393117281,F,86.38854363352799,62.640487868716285,86.8804357530255,62.198954227882396,v3-2026-07-30-trip-suppression-fix
l_940,,peripheral,arterial,West,0.2729630135116692,1.0116621244109654,F,21.090033019984215,14.678683603041085,21.440673770187722,14.834454166452952,v3-2026-07-30-trip-suppression-fix
l_548,,peripheral,arterial,West,0.2729630135116692,1.1566540319231293,F,27.68118253603015,17.31520820833251,28.119742845655235,17.523416388508874,v3-2026-07-30-trip-suppression-fix
l_679,,inner,arterial,CBD,1.3057671381936886,3.1222773535327484,F,59.67908891499268,79.83562392620523,60.53463260160553,82.60360952623184,v3-2026-07-30-trip-suppression-fix
l_25,,inner,arterial,CBD,1.4125402181589892,8.087951369063024,F,50.51002692927981,35.27539264319926,52.063959822595145,35.84145225925304,v3-2026-07-30-trip-suppression-fix
l_697,,peripheral,arterial,West,1.3465746507322,11.256849575808218,F,28.130890312861954,68.08926229466695,28.666384370596415,67.64707834467366,v3-2026-07-30-trip-suppression-fix
l_307,,peripheral,arterial,West,2.2095378383354816,7.754568536619276,F,44.95709574338472,64.37645100693896,44.99560781838119,64.10548271931862,v3-2026-07-30-trip-suppression-fix
l_91,,peripheral,arterial,East,0.7544322897019992,2.9380969215930053,F,86.56957610829535,17.340539282249114,86.66201641600574,17.63611965574881,v3-2026-07-30-trip-suppression-fix
l_2179,SH1S,peripheral,motorway,MWY,0.4421052631578947,3.4592899270033652,F,71.30370240226385,26.433479853153397,72.91381695536822,24.160559754214546,v3-2026-07-30-trip-suppression-fix
l_982,,peripheral,arterial,East,0.43917435221783047,3.0367949819266187,F,70.17819305561731,19.643559722879967,70.74069647453153,19.49804875099083,v3-2026-07-30-trip-suppression-fix
l_2621,SH16,peripheral,motorway,MWY,0.21176470588235297,2.0217853238136243,F,68.30444702151331,30.00224808447742,68.6708940097613,29.83333245658449,v3-2026-07-30-trip-suppression-fix
l_68,,peripheral,arterial,East,2.32543117369679,7.097884041023182,F,104.8375977296964,50.40631472515976,105.61152915050488,48.77030886430576,v3-2026-07-30-trip-suppression-fix
l_1998,,inner,arterial,CBD,0.658713313327966,4.401517103025356,F,62.092555281063845,51.52162875875946,62.633107918613945,52.538685052270054,v3-2026-07-30-trip-suppression-fix
l_1871,SH16,peripheral,motorway,MWY,0.49411764705882355,2.044996930356764,F,46.92062178451132,23.314496123849654,49.511344857629844,25.888536433079363,v3-2026-07-30-trip-suppression-fix
l_530,,peripheral,arterial,East,1.5088645794039983,1.6024477560326988,F,78.74426645536876,30.268956217343014,79.13293886946906,30.126637432378583,v3-2026-07-30-trip-suppression-fix
l_156,,inner,arterial,CBD,1.064018442986345,8.804927184854652,F,44.466442142345834,35.27810071114708,45.6256012022961,34.47309629286863,v3-2026-07-30-trip-suppression-fix
l_335,,peripheral,arterial,West,1.3324450366422385,2.8084135066316573,F,16.412330261336795,20.4123017194454,18.153196678252467,21.70491167062366,v3-2026-07-30-trip-suppression-fix
l_922,,peripheral,arterial,East,0.9512485136741975,8.409711585345837,F,76.6362277816103,73.76656287144189,77.02548498231938,73.65126837530141,v3-2026-07-30-trip-suppression-fix
l_0,,peripheral,arterial,West,6.947660954145438,6.539037132573478,F,43.99316223748298,47.39456392132523,44.857725097972114,49.4867794975422,v3-2026-07-30-trip-suppression-fix
l_828,,inner,arterial,CBD,0.48007681228996646,6.299268849515336,F,95.55698359193237,61.09216345475117,95.59140926814194,60.605045122035285,v3-2026-07-30-trip-suppression-fix
l_1743,,inner,arterial,CBD,0.5923390812162695,3.805937587287459,F,95.99167030038294,70.43530732536722,96.91275782413499,69.68849071544473,v3-2026-07-30-trip-suppression-fix
l_761,,peripheral,arterial,East,1.293521612590277,9.502456501738642,F,74.1048044898563,25.084499075963524,75.35226787411736,26.710079365169303,v3-2026-07-30-trip-suppression-fix
l_777,,peripheral,arterial,West,0.718562874251497,5.768955364891437,F,54.73753808677626,64.17005208437376,54.99836319691501,64.16526226450581,v3-2026-07-30-trip-suppression-fix
l_259,,peripheral,arterial,West,0.2729630135116692,1.0253256341246542,F,22.338514977887286,15.196464898997053,23.411681397626165,15.636355432577187,v3-2026-07-30-trip-suppression-fix
l_680,,inner,arterial,CBD,30.69053708439898,22.94255995965803,F,55.71851796387649,84.39476511545743,60.53463260160553,82.60360952623184,v3-2026-07-30-trip-suppression-fix
l_2031,,boundary,arterial,East,0.5933544303797469,5.726259971712157,F,72.26968731133745,73.98228369520415,72.55326080360602,74.03110578680466,v3-2026-07-30-trip-suppression-fix
l_2311,,peripheral,arterial,East,0.4660556159701724,3.7942461040949276,F,65.89089981224126,22.911738372471945,66.03076556977601,23.422664512182614,v3-2026-07-30-trip-suppression-fix
l_2471,,peripheral,arterial,West,0.6931407942238267,6.2174266176576785,F,50.7546373797436,27.29811996730244,51.25780759579831,26.288907762397006,v3-2026-07-30-trip-suppression-fix
l_2618,,peripheral,motorway,MWY,0.13333333333333333,0.310837931454673,B,57.584649395813265,47.577600920728216,57.78871273177006,48.03329872426798,v3-2026-07-30-trip-suppression-fix
l_437,,peripheral,arterial,West,0.6732873253661,1.0025810629308967,F,1.4221081112594016,65.22334325588477,2.6623343474204164,66.47110541149962,v3-2026-07-30-trip-suppression-fix
l_1013,,boundary,arterial,East,18,47.00453480919316,F,92.79408265927084,69.19735448919624,93.11445522620902,70.05626400761284,v3-2026-07-30-trip-suppression-fix
l_131,,peripheral,arterial,West,0.9364026531408505,2.1889377920188346,F,36.847573293286096,43.038958409692896,38.20542630021428,43.58168078036334,v3-2026-07-30-trip-suppression-fix
l_721,,peripheral,arterial,East,1.3981668479105174,4.915803966104839,F,64.7997113597878,19.148133514434484,65.17583481005899,20.681714477473342,v3-2026-07-30-trip-suppression-fix
l_692,,peripheral,arterial,West,0.5459260270233384,0.8254557778287419,E,14.16267206992958,21.02075980134098,14.18841608295176,20.047349898517552,v3-2026-07-30-trip-suppression-fix
l_249,,peripheral,arterial,East,2.2518296115593923,2.0481195325413326,F,111.16442414012288,25.964389511923958,111.72439784720393,25.683680295481814,v3-2026-07-30-trip-suppression-fix
l_95,,boundary,arterial,East,1.437125748502994,1.863929343194308,F,66.79143678056333,64.62401159445204,67.69934011712195,64.33702041749164,v3-2026-07-30-trip-suppression-fix
l_1461,,boundary,arterial,East,0.7201152184349496,6.7903175645741465,F,95.48349228329441,58.30978429396677,95.48914733627757,57.44482697016596,v3-2026-07-30-trip-suppression-fix
l_1385,,peripheral,arterial,East,1,7.964504714942897,F,104.77878406151197,18.1104530851749,104.98192100158795,18.512073020220274,v3-2026-07-30-trip-suppression-fix
l_493,,peripheral,arterial,East,2.263296869105998,2.917961996223532,F,85.98618713567022,15.189215814380727,86.08013052600171,15.565848500853555,v3-2026-07-30-trip-suppression-fix
l_6,,peripheral,arterial,West,0.9552619009711829,1.8911945264361931,F,22.447982986685012,40.2477627870245,24.863778630243967,40.392930819995776,v3-2026-07-30-trip-suppression-fix
l_516,,inner,arterial,CBD,0.8705114254624592,3.838170085607806,F,58.39315275569288,76.12962319019151,58.57699752959342,76.66677151620668,v3-2026-07-30-trip-suppression-fix
l_1779,,peripheral,arterial,West,0.9079445145018916,9.95161149824029,F,43.21330632464109,64.13812082671996,43.80164882948441,64.20842743249491,v3-2026-07-30-trip-suppression-fix
l_1773,,boundary,arterial,East,1.3981668479105174,2.987324055568361,F,81.6301493086544,47.56664669256718,81.80594585524118,48.0205643556404,v3-2026-07-30-trip-suppression-fix
l_1956,,inner,arterial,CBD,0.43914220888531064,3.121263491099678,F,70.12209217912265,70.72466007959736,70.25949686328485,71.1004970760738,v3-2026-07-30-trip-suppression-fix
l_246,,peripheral,arterial,West,0.4163486225799736,4.381057581778008,F,62.15842817136065,16.196837157858926,63.01787963772989,16.829647840958994,v3-2026-07-30-trip-suppression-fix
l_78,,inner,arterial,CBD,3.9154906599233215,6.292027765099852,F,89.3955632419964,70.01709731542171,89.39873928521041,69.01705521567712,v3-2026-07-30-trip-suppression-fix
l_933,,peripheral,arterial,East,7.751437245655966,7.007363093921833,F,112.40345479646213,35.26553051157771,113.33141003675074,33.73472308894424,v3-2026-07-30-trip-suppression-fix
l_812,,peripheral,arterial,East,1.3175230566534915,3.057152318921152,F,71.21677563603794,19.381157638876196,72.14670202358586,19.120755876282022,v3-2026-07-30-trip-suppression-fix
l_529,,peripheral,arterial,East,1.5088645794039983,1.1757039861019118,F,87.4023926488643,21.216944849091888,87.41007622561573,20.460056285102223,v3-2026-07-30-trip-suppression-fix
l_485,,peripheral,arterial,East,1.2808197246237591,1.2202558476140857,F,84.18651369894678,8.360950736719449,84.35024758592708,9.030415185966078,v3-2026-07-30-trip-suppression-fix
l_419,,peripheral,arterial,West,1.0778443113772456,10.731679064039955,F,47.306009138218975,64.41449305000864,47.58856967562438,64.40931418225067,v3-2026-07-30-trip-suppression-fix
l_155,,peripheral,arterial,East,0.6587615283267457,5.68256117558971,F,80.77570790697433,16.718090226526215,81.35942688770864,16.54513059672494,v3-2026-07-30-trip-suppression-fix
l_727,,boundary,arterial,West,1.7410228509249184,7.859953843957602,F,56.28338762277463,65.46595089865612,56.393207797005694,66.70714598946688,v3-2026-07-30-trip-suppression-fix
l_656,,peripheral,arterial,East,1.2808197246237591,1.6105862473147843,F,85.58868628691421,13.683087211401649,85.68262845715589,14.059720065951861,v3-2026-07-30-trip-suppression-fix
l_1282,,peripheral,arterial,East,0.5933544303797469,5.75662938954865,F,73.7102919387007,74.28002372688447,74.27694113805138,74.35064640065049,v3-2026-07-30-trip-suppression-fix
l_436,,peripheral,arterial,West,0.6732873253661,0.7470641696071811,D,0,64.73559430462322,1.4221081112594016,65.22334325588477,v3-2026-07-30-trip-suppression-fix
l_2397,SH1S,peripheral,motorway,MWY,0.3157894736842105,3.4396856425609967,F,64.82007502293318,30.850228876456175,66.29036569802851,30.41774322411505,v3-2026-07-30-trip-suppression-fix
l_460,,peripheral,arterial,West,3.08364383913658,12.362569341538101,F,20.33101384723842,81.52818713871184,20.536626673350835,79.68667156086065,v3-2026-07-30-trip-suppression-fix
l_146,,peripheral,arterial,East,0.4660556159701724,4.88103490885084,F,64.61339702017465,18.47590338906229,64.70680343127532,18.82552712761103,v3-2026-07-30-trip-suppression-fix
l_191,,peripheral,arterial,West,0.8326972451599473,3.7192087265388563,F,34.82097578557332,1.239292220401202,35.52025654373531,1.4427167203535378,v3-2026-07-30-trip-suppression-fix
l_12,,inner,arterial,CBD,0.39489272081084636,1.2328322074172586,F,76.0433693550094,78.15579870266906,76.47510937163709,77.98566841891113,v3-2026-07-30-trip-suppression-fix
l_19,,peripheral,arterial,West,0.6052963430012611,9.98846774860587,F,41.33762332584963,63.821111010822186,41.62117366432506,63.869974634024665,v3-2026-07-30-trip-suppression-fix
l_903,,peripheral,arterial,East,0.43917435221783047,3.0630260115173953,F,70.74069647453153,19.49804875099083,71.21677563603794,19.381157638876196,v3-2026-07-30-trip-suppression-fix
l_2109,,peripheral,arterial,East,0.8204567209079722,7.165841223126266,F,97.45545643449223,56.78670764641128,98.00838018092028,57.28994510341797,v3-2026-07-30-trip-suppression-fix
l_1795,,boundary,arterial,East,0.8204567209079722,5.578217495378944,F,111.9019693746437,58.46384737328874,111.9302646176877,58.8146676413356,v3-2026-07-30-trip-suppression-fix
l_2557,,peripheral,arterial,West,4,1.506161004651785,F,47.66855459712167,69.94823975047932,47.842940348252505,70.26999019862859,v3-2026-07-30-trip-suppression-fix
l_1494,,peripheral,arterial,West,0.4670351054720947,0.4176569022764873,B,50.81056204175561,51.620827967298034,50.97996415226851,51.37448260392888,v3-2026-07-30-trip-suppression-fix
l_650,,peripheral,arterial,East,1.2808197246237591,1.607329721832466,F,85.91648209546244,14.947267311056983,85.98618713567022,15.189215814380727,v3-2026-07-30-trip-suppression-fix
l_296,,peripheral,arterial,East,1.665047870126266,6.265424596927094,F,93.68684043099444,51.721599902505545,93.87893242817293,51.528849290813326,v3-2026-07-30-trip-suppression-fix
l_228,,peripheral,arterial,West,2.8657857029135485,2.6974779991503675,F,34.59075653131519,42.08023507148212,34.91972039992311,42.2363815577569,v3-2026-07-30-trip-suppression-fix
l_1289,,inner,arterial,CBD,1.415261233636042,4.185365394464859,F,76.30744747190126,52.47575326682963,76.47558903030958,53.337496176667955,v3-2026-07-30-trip-suppression-fix
l_1501,,peripheral,arterial,West,0.9364026531408505,2.1841681582022225,F,42.38918401944172,45.28885810050366,43.083661446464575,45.22208932636541,v3-2026-07-30-trip-suppression-fix
l_2384,,boundary,arterial,West,0.5933544303797469,4.585458330575266,F,50.93701624165682,71.50988846607248,51.69331233459002,71.2527771810869,v3-2026-07-30-trip-suppression-fix
l_2068,,inner,arterial,CBD,0.9380129758461659,3.500441122870566,F,78.0885341738367,71.17222198928589,78.18298137855709,71.57587458350308,v3-2026-07-30-trip-suppression-fix
l_2045,,peripheral,arterial,West,0.9590792838874681,2.0665157791282116,F,51.231695100153715,59.15345114010011,51.81505949057667,58.95356243891223,v3-2026-07-30-trip-suppression-fix
l_763,,peripheral,arterial,West,0.5904736911166514,6.669851403196915,F,57.80877329498813,29.0603833529227,58.20392753524212,29.269328819141265,v3-2026-07-30-trip-suppression-fix
l_267,,peripheral,arterial,East,0.43917435221783047,3.012363372096501,F,68.51290857770731,20.106699925429442,68.98849085362416,19.9627966904722,v3-2026-07-30-trip-suppression-fix
l_807,,peripheral,arterial,East,1,8.314856767960903,F,102.94165319043678,11.68524784634116,103.16852643092771,12.194534604577695,v3-2026-07-30-trip-suppression-fix
l_365,,peripheral,arterial,East,0.48007681228996646,5.955231109448399,F,92.5425828519474,67.36420983457765,92.73268306237138,67.06339181590333,v3-2026-07-30-trip-suppression-fix
l_2382,,boundary,arterial,East,0.5933544303797469,5.723490985200527,F,75.14637704604353,74.37686654868502,75.53466297520778,74.16527256262826,v3-2026-07-30-trip-suppression-fix
l_1890,,inner,arterial,CBD,0.658713313327966,3.455708042079836,F,64.18510637025192,55.347891346380386,64.95548773532586,57.036371765893044,v3-2026-07-30-trip-suppression-fix
l_377,,peripheral,arterial,East,1.2464942349641632,6.621736227720255,F,120.53325260381972,53.789304780519,120.61412128457954,53.46347217081694,v3-2026-07-30-trip-suppression-fix
l_733,,peripheral,arterial,West,4.339440694310511,9.600296088152065,F,26.197476662346165,84.85369005084536,26.537383242184763,84.41507822347306,v3-2026-07-30-trip-suppression-fix
l_585,,peripheral,arterial,East,0.7751437245655965,7.123904153237458,F,106.78377288492112,46.34310863502439,106.97282358137726,45.98824119423296,v3-2026-07-30-trip-suppression-fix
l_1508,,peripheral,arterial,East,0.9321112319403448,0.6824363256998743,D,82.08185256660941,48.47719424489277,82.09757664711329,48.15258459901358,v3-2026-07-30-trip-suppression-fix
l_561,,peripheral,arterial,West,0.7171029042667623,2.4009998386572295,F,31.058229188577965,14.172570820586582,31.182676867441586,13.845982687981149,v3-2026-07-30-trip-suppression-fix
l_505,,inner,arterial,CBD,2.1228918504540633,3.5807504660274003,F,69.11457928555151,56.203002006373694,69.71112581881982,57.89467136604405,v3-2026-07-30-trip-suppression-fix
l_1817,SH16,peripheral,motorway,MWY,0.35294117647058826,1.9998009775433199,F,40.331190514351384,16.057024717318072,41.72647698632038,17.463874582806305,v3-2026-07-30-trip-suppression-fix
l_814,,peripheral,arterial,East,1.293521612590277,9.52530874808845,F,76.10914760698414,27.66905318193299,77.22274817919336,29.10791067568746,v3-2026-07-30-trip-suppression-fix
l_2426,,inner,arterial,CBD,0.39489272081084636,3.823044186207069,F,95.43506928202694,70.9050897170522,95.79905897691668,70.60104186626934,v3-2026-07-30-trip-suppression-fix
l_1349,SH16,peripheral,motorway,MWY,0.35294117647058826,0.7859113938467928,D,9.847500602525066,10.856251210852385,13.446754249690338,10.358436791437382,v3-2026-07-30-trip-suppression-fix
l_53,,peripheral,arterial,West,0.6732873253661,1.2914223076301523,F,9.222887421368313,72.13574772039667,9.963388789742353,72.20338992364428,v3-2026-07-30-trip-suppression-fix
l_975,,peripheral,arterial,East,0.5,0.4714729735412467,C,64.70808524166334,17.717416921314094,65.26011095717408,17.004557053778175,v3-2026-07-30-trip-suppression-fix
l_574,,peripheral,arterial,West,0.4163486225799736,3.6888778518909753,F,36.74356671280493,2.9608448381299683,36.899631159976956,3.174200817466635,v3-2026-07-30-trip-suppression-fix
l_825,,inner,arterial,CBD,0.5923390812162695,1.0520314667740827,F,90.17255953019585,73.21886161028831,91.25286046529216,72.84749345694918,v3-2026-07-30-trip-suppression-fix
l_1780,,peripheral,arterial,West,1.3862815884476534,5.912295289495587,F,50.00012073382462,28.825444210029534,50.377877344433436,28.088799766079482,v3-2026-07-30-trip-suppression-fix
l_928,,peripheral,arterial,East,0.9321112319403448,5.016446163738638,F,68.46256018406585,30.32365092800221,68.89144154314862,31.180591059344565,v3-2026-07-30-trip-suppression-fix
l_38,,peripheral,arterial,West,0.51985559566787,2.682978791608435,F,61.7574991780462,22.74462655540338,62.96845920756803,22.398014489575356,v3-2026-07-30-trip-suppression-fix
l_201,,boundary,arterial,East,1.437125748502994,1.884880591154446,F,64.30431240757132,65.34547326977417,65.300161097137,65.11092672578283,v3-2026-07-30-trip-suppression-fix
l_1320,,inner,arterial,CBD,0.9380129758461659,4.155178186683662,F,69.28468027012974,44.22713779521617,69.48926630462122,44.70984221584518,v3-2026-07-30-trip-suppression-fix
l_219,,peripheral,arterial,East,1.8760259516923319,2.2858758472350327,F,78.60074489497762,73.00056057133216,78.691192060888,73.188074916488,v3-2026-07-30-trip-suppression-fix
l_1168,,peripheral,arterial,East,36,46.83627936650706,F,93.36711076095095,70.78129612834279,93.73447562361224,71.82851945246047,v3-2026-07-30-trip-suppression-fix
l_472,,peripheral,arterial,East,0.9380129758461659,4.126169346710094,F,70.11451282827578,46.77935180755179,70.2286731667003,47.07453781757526,v3-2026-07-30-trip-suppression-fix
l_388,,peripheral,arterial,East,4.935225169648365,8.557161502123769,F,102.5472068574894,16.179030222583442,103.18948378490988,16.815721678574068,v3-2026-07-30-trip-suppression-fix
l_1862,,peripheral,arterial,East,3.723239218119764,1.473588506677685,F,71.68178620758258,75.26593663860208,72.79557261648976,77.72925969396898,v3-2026-07-30-trip-suppression-fix
l_1208,SH16,peripheral,motorway,MWY,0.42352941176470593,2.0241787126414317,F,73.73092243212142,29.55078306457039,76.86036877778082,31.84428993706855,v3-2026-07-30-trip-suppression-fix
l_1722,,inner,arterial,CBD,3.7520519033846638,4.67830247793204,F,68.65618163480687,43.15766605149279,69.02088481341899,44.06984268875535,v3-2026-07-30-trip-suppression-fix
l_974,,peripheral,arterial,East,0.6587615283267457,4.3643381552611995,F,87.0030007275946,14.92713592971127,88.17041892584936,14.58117929111355,v3-2026-07-30-trip-suppression-fix
l_955,,boundary,arterial,East,0.39489272081084636,1.1066962172377823,F,89.39456004025752,73.47651690232533,90.17255953019585,73.21886161028831,v3-2026-07-30-trip-suppression-fix
l_2522,,inner,arterial,CBD,0.7897854416216927,0.5137935295083426,C,82.13865149724165,76.17834579272612,82.50457703730733,75.84115997283072,v3-2026-07-30-trip-suppression-fix
l_61,,peripheral,arterial,East,0.8783487044356609,3.0157064843546517,F,67.10689087911975,20.48396774984945,68.05855738158797,20.223184049712202,v3-2026-07-30-trip-suppression-fix
l_564,,peripheral,arterial,West,0.51985559566787,2.6850501399624602,F,61.28190622607549,22.88851284067149,61.7574991780462,22.74462655540338,v3-2026-07-30-trip-suppression-fix
l_1542,,peripheral,arterial,East,1.9402824188854155,9.459763302440715,F,73.74610467426228,24.49653852502229,73.76033762530636,24.090877441188407,v3-2026-07-30-trip-suppression-fix
l_877,,peripheral,arterial,West,2.1697203471552555,16.089545418919887,F,25.103465392982685,76.14418209199061,25.445297927192893,77.00279068981494,v3-2026-07-30-trip-suppression-fix
l_631,,peripheral,arterial,East,1.6409134418159443,5.472778939748607,F,113.90558048528936,60.9670057373324,114.10574223197162,61.20651364290733,v3-2026-07-30-trip-suppression-fix
l_2683,SH1N,boundary,arterial,West,0.13333333333333333,0.0992478110484335,A,49.268580488300465,69.45946102201226,49.3131947337573,68.59347269075934,v3-2026-07-30-trip-suppression-fix
l_1258,,boundary,arterial,East,4.995836802664447,4.849991846150872,F,79.24505232266196,60.82672526593426,79.63778643398231,60.900545877044244,v3-2026-07-30-trip-suppression-fix
l_885,,peripheral,arterial,West,1.1047689191677408,7.750080821176003,F,44.96453376525631,64.78170908055317,45.080153375260146,65.15795934813434,v3-2026-07-30-trip-suppression-fix
l_110,,peripheral,arterial,West,0.4163486225799736,3.8805519957334926,F,44.95962645086957,8.864306542158666,45.35373687262401,9.019240444154503,v3-2026-07-30-trip-suppression-fix
l_2453,,inner,arterial,CBD,0.8900316455696203,4.559536834511507,F,52.622502093879426,70.9384375872627,53.65937578832898,70.56806433224813,v3-2026-07-30-trip-suppression-fix
l_275,,peripheral,arterial,West,7.263556116015133,10.08083893067578,F,29.673640407118377,66.84494709908721,30.45118311183978,66.56049963894581,v3-2026-07-30-trip-suppression-fix
l_311,,peripheral,arterial,West,5.5581287633163505,6.688578250189123,F,43.22001107412681,45.54390816345848,43.99316223748298,47.39456392132523,v3-2026-07-30-trip-suppression-fix
l_709,,peripheral,arterial,East,0.6587615283267457,3.020252246852071,F,68.98849085362416,19.9627966904722,70.17819305561731,19.643559722879967,v3-2026-07-30-trip-suppression-fix
l_893,,peripheral,arterial,East,1.6634322151372332,4.7613581385540975,F,88.42591102021917,20.143935595076872,90.45857619154758,19.56571370973003,v3-2026-07-30-trip-suppression-fix
l_2154,,peripheral,motorway,MWY,0.26666666666666666,0.32495417189824416,B,56.50542690938186,48.00283151305364,57.00066621402222,46.561331295919516,v3-2026-07-30-trip-suppression-fix
l_1738,,inner,arterial,CBD,4.69006487923083,4.093437418530603,F,68.14211873833149,41.221235801942,68.65618163480687,43.15766605149279,v3-2026-07-30-trip-suppression-fix
l_980,,boundary,arterial,West,6.300535545521369,6.846654954321883,F,56.694073547401054,62.971980289645025,57.70866742258504,62.57496723655643,v3-2026-07-30-trip-suppression-fix
l_5,,peripheral,arterial,West,0.2729630135116692,1.065290568373576,F,38.612466567512,24.27745724437945,39.89566721333704,25.49718718738144,v3-2026-07-30-trip-suppression-fix
l_576,,inner,arterial,CBD,0.718562874251497,1.810194234767169,F,77.5234735835914,60.61529810113833,78.08508553972821,60.4157365320192,v3-2026-07-30-trip-suppression-fix
l_768,,peripheral,arterial,West,0.6732873253661,11.030436678223108,F,24.293451413394337,71.07802402876578,24.658032379214724,70.80112132705622,v3-2026-07-30-trip-suppression-fix
l_589,,peripheral,arterial,East,0.6467608062951385,1.388290701967957,F,80.33730487909686,32.94215722915171,80.58236816714985,33.26194376468249,v3-2026-07-30-trip-suppression-fix
l_1152,,peripheral,arterial,West,1.7410228509249184,4.579232303065516,F,56.66875643419824,69.86416767783882,56.68502148924751,69.56657895168362,v3-2026-07-30-trip-suppression-fix
l_2429,SH1N,peripheral,motorway,MWY,0.3333333333333333,2.4933703452698506,F,56.236816790672194,48.764506272463414,57.215330916065604,46.20341241236343,v3-2026-07-30-trip-suppression-fix
l_1481,,inner,arterial,CBD,0.8204567209079722,5.647733749270309,F,111.9302646176877,58.8146676413356,112.28206302975441,59.02432381747972,v3-2026-07-30-trip-suppression-fix
l_547,,peripheral,arterial,West,0.2729630135116692,1.1553434405352618,F,28.119742845655235,17.523416388508874,28.5578100243917,17.70460642082063,v3-2026-07-30-trip-suppression-fix
l_989,,peripheral,arterial,West,0.9841228185277523,6.647762110138781,F,55.589488874204086,27.77688257094954,56.53439827646412,28.327071268331206,v3-2026-07-30-trip-suppression-fix
l_1802,,boundary,arterial,East,1.7800632911392407,6.804759741115854,F,66.40670416572556,70.87420248505744,66.86615578697338,71.0278983461379,v3-2026-07-30-trip-suppression-fix
l_2634,,inner,arterial,CBD,0.43914220888531064,3.130136567407144,F,70.25949686328485,71.1004970760738,70.51057471752485,71.74450261872121,v3-2026-07-30-trip-suppression-fix
l_836,,boundary,arterial,West,0.7062701090794946,7.720656649182629,F,47.994307555970565,33.24051162456414,48.260058538961395,33.50590159417702,v3-2026-07-30-trip-suppression-fix
l_2398,,peripheral,motorway,MWY,0.2,1.6885489395504918,F,79.90368016202991,15.40991759887411,80.17215321679737,14.648206455008307,v3-2026-07-30-trip-suppression-fix
l_890,,peripheral,arterial,East,0.51985559566787,2.656527724715458,F,63.552206767970176,22.225105963372908,63.89790921486616,22.11063317007872,v3-2026-07-30-trip-suppression-fix
l_834,,inner,arterial,CBD,0.48007681228996646,6.01975690827336,F,94.86370199219547,63.56445281109681,94.98858867076105,63.2648424423794,v3-2026-07-30-trip-suppression-fix
l_751,,peripheral,arterial,East,0.6587615283267457,4.138101648544876,F,98.50670295029522,11.659621214841225,99.17731541250967,11.484994891160891,v3-2026-07-30-trip-suppression-fix
l_2655,,peripheral,arterial,West,1.2594017841525276,0.5876206356888865,C,48.71623593101443,7.471119365315164,49.443104704879936,9.72922673643824,v3-2026-07-30-trip-suppression-fix
l_993,,peripheral,arterial,East,0.8783487044356609,4.349325044123507,F,91.37144208454141,13.711017694944955,92.97144198432113,13.248900677184562,v3-2026-07-30-trip-suppression-fix
l_1169,,boundary,arterial,West,1.03971119133574,6.207285140437977,F,49.61938103076388,29.39998423668424,50.00012073382462,28.825444210029534,v3-2026-07-30-trip-suppression-fix
l_106,,peripheral,arterial,East,1.9402824188854155,9.220643893578362,F,78.20246890873756,30.36005164161466,78.38032821591237,30.572976450546324,v3-2026-07-30-trip-suppression-fix
l_528,,inner,arterial,CBD,1.6844469399213926,5.3940215855337215,F,61.4001317421166,45.80476742262413,61.71436455584005,46.33951391972756,v3-2026-07-30-trip-suppression-fix
l_1544,SH16,peripheral,motorway,MWY,0.21176470588235297,2.077966527088221,F,49.68867320585987,26.07446749641536,50.39600241867397,26.710121222629585,v3-2026-07-30-trip-suppression-fix
l_1295,,boundary,arterial,East,1.5467239527389904,4.62615748089753,F,63.89363691121102,64.29900298311922,64.30431240757132,65.34547326977417,v3-2026-07-30-trip-suppression-fix
l_207,,inner,arterial,CBD,0.47084673938632976,8.132234324716336,F,52.063959822595145,35.84145225925304,52.45812608059369,35.996374270369245,v3-2026-07-30-trip-suppression-fix
l_66,,peripheral,arterial,East,1.4125402181589892,5.221133985058088,F,65.79131874330855,37.53490327907167,66.5307284376244,37.54830611452319,v3-2026-07-30-trip-suppression-fix
l_863,,peripheral,arterial,East,7.672634271099745,5.978307117134385,F,63.668765861908625,54.46552494747484,64.51092567825773,54.15272925848402,v3-2026-07-30-trip-suppression-fix
l_1836,SH1N,peripheral,motorway,MWY,0.4,1.9343712835564661,F,27.578237516808805,87.82842725419826,32.51270910962398,82.98182240782904,v3-2026-07-30-trip-suppression-fix
l_145,,boundary,arterial,East,1.437125748502994,1.7131467245484548,F,63.49660795418148,65.17115603487052,64.30431240757132,65.34547326977417,v3-2026-07-30-trip-suppression-fix
l_37,,peripheral,arterial,East,1.162715586848395,6.922879667391695,F,109.10643985620608,41.48908945611932,109.69226962005915,40.261969896212356,v3-2026-07-30-trip-suppression-fix
l_43,,boundary,arterial,East,2.3720102787112074,4.752289305468899,F,65.37049502225159,34.75892893840695,65.5765602186425,35.32268875330685,v3-2026-07-30-trip-suppression-fix
l_346,,peripheral,arterial,West,0.4094445202675038,0.9919590394881458,E,16.358777119211265,15.089117718826287,17.49372580376037,14.149578258261334,v3-2026-07-30-trip-suppression-fix
l_1797,,inner,arterial,CBD,0.5923390812162695,3.518758995528749,F,108.11669978191439,65.34510178786458,110.2771595696091,64.60216806600864,v3-2026-07-30-trip-suppression-fix
l_741,,peripheral,arterial,East,0.9701412094427078,9.254624498132658,F,77.49053491244558,29.481333655634618,77.93568061832971,30.040664160078066,v3-2026-07-30-trip-suppression-fix
l_2102,,peripheral,motorway,MWY,0.26666666666666666,1.658867221258462,F,80.17215321679737,14.648206455008307,80.29652541903556,14.32158640620621,v3-2026-07-30-trip-suppression-fix
l_256,,peripheral,arterial,West,1.446480231436837,16.110102086215868,F,24.944404743697714,75.76871391045684,25.103465392982685,76.14418209199061,v3-2026-07-30-trip-suppression-fix
l_2255,,peripheral,arterial,West,0.51985559566787,6.192277525903673,F,51.25780759579831,26.288907762397006,51.59755880312841,25.85024856752464,v3-2026-07-30-trip-suppression-fix
l_117,,peripheral,arterial,West,0.4163486225799736,4.3737140054072485,F,60.32709458729514,15.906228114512503,60.762200527057644,15.925247188892047,v3-2026-07-30-trip-suppression-fix
l_827,,peripheral,arterial,West,0.6052963430012611,10.059051224249313,F,30.711516231192693,66.52872323261263,31.34086020845276,66.46318605069304,v3-2026-07-30-trip-suppression-fix
l_2360,,boundary,arterial,West,0.5155746509129968,4.687404707015935,F,62.932419541628214,61.69513263818928,63.0238444745693,61.936687788587605,v3-2026-07-30-trip-suppression-fix
l_725,,peripheral,arterial,East,0.8783487044356609,8.684137483415384,F,77.59583164338271,17.56066638097576,78.63389556618147,17.271209191065452,v3-2026-07-30-trip-suppression-fix
l_452,,peripheral,arterial,East,0.7544322897019992,1.1095318909306855,F,86.30464763124547,25.31830684031228,86.5711067584788,24.44851815304411,v3-2026-07-30-trip-suppression-fix
l_1024,,peripheral,arterial,East,14,46.92867163167828,F,93.11445522620902,70.05626400761284,93.36711076095095,70.78129612834279,v3-2026-07-30-trip-suppression-fix
l_1017,,peripheral,arterial,East,1.5914415808319702,10.13208937818424,F,97.0638454446813,55.60480721914638,97.17704338533345,55.8459450532657,v3-2026-07-30-trip-suppression-fix
l_926,,inner,arterial,CBD,0.7201152184349496,6.503063249754661,F,95.58852214064525,59.28079368324104,95.62030721267492,59.82073639361597,v3-2026-07-30-trip-suppression-fix
l_1733,,inner,arterial,CBD,0.7733619763694952,5.061833527201703,F,65.26556100225024,67.9493378093099,65.37972383761091,68.24452625850793,v3-2026-07-30-trip-suppression-fix
l_453,,peripheral,arterial,East,0.7544322897019992,1.2272573361242334,F,86.16105288487769,25.780419632823588,86.30464763124547,25.31830684031228,v3-2026-07-30-trip-suppression-fix
l_1867,,inner,arterial,CBD,0.43914220888531064,3.2556849488497046,F,66.12130419645351,60.122941141567935,66.46478413796704,61.06253952553714,v3-2026-07-30-trip-suppression-fix
l_1212,,inner,arterial,CBD,1.184678162432539,3.9192924102655007,F,94.01955939567458,71.95836419580954,95.00536727110902,71.18332959199535,v3-2026-07-30-trip-suppression-fix
l_1172,,boundary,arterial,East,8,10.874731515227205,F,93.73447562361224,71.82851945246047,94.01955939567458,71.95836419580954,v3-2026-07-30-trip-suppression-fix
l_22,,inner,arterial,CBD,1.902497027348395,8.01617422042683,F,83.50686915978318,71.39637099102198,84.65187825992689,70.9968135233585,v3-2026-07-30-trip-suppression-fix
l_395,,boundary,arterial,East,1.4683089974712455,6.719118441804489,F,92.59159550062452,59.4715317246036,93.37341533518043,60.59214800095314,v3-2026-07-30-trip-suppression-fix
l_2616,SH1N,peripheral,motorway,MWY,0,0,A,50.55688604635839,27.713126788183125,50.600526465959064,27.62154170761143,v3-2026-07-30-trip-suppression-fix
l_474,,peripheral,arterial,West,0.47763095048559145,0.8277695842098018,E,4.01069811661876,48.52842067021391,4.405337978853362,48.7104504788504,v3-2026-07-30-trip-suppression-fix
l_2260,,inner,arterial,CBD,0.8782844177706213,2.453337762102962,F,60.98773892815765,49.37984309580079,61.21304726287594,49.80812068796445,v3-2026-07-30-trip-suppression-fix
l_2466,,inner,arterial,CBD,0.5923390812162695,3.5562621151056164,F,103.2993358126966,67.02931881658287,104.14149649928248,66.71636251607733,v3-2026-07-30-trip-suppression-fix
l_111,,peripheral,arterial,East,0.51985559566787,2.652622675055653,F,63.20600543557695,22.31256086351536,63.552206767970176,22.225105963372908,v3-2026-07-30-trip-suppression-fix
l_729,,inner,arterial,CBD,0.7405578869414959,6.945469534853598,F,61.114056564192886,42.08038342879247,61.17028956170788,41.59287290640271,v3-2026-07-30-trip-suppression-fix
l_340,,peripheral,arterial,East,0.7906700929037359,7.886357212902288,F,64.56348885504276,32.26033191009303,64.67813325597666,32.582538001381316,v3-2026-07-30-trip-suppression-fix
l_456,,peripheral,arterial,East,0.5629574028898481,1.844589959072912,F,117.49435585240464,21.521979219141418,118.07553492299452,21.21382886352289,v3-2026-07-30-trip-suppression-fix
l_445,,peripheral,arterial,East,1.5,8.021394849276676,F,104.1709519148382,15.824492092970116,104.52009164720675,17.061224643942403,v3-2026-07-30-trip-suppression-fix
l_2213,,peripheral,motorway,MWY,2.1697203471552555,14.496082904023108,F,24.363999786618674,88.0491450436684,24.62481038678189,89.23354394905859,v3-2026-07-30-trip-suppression-fix
l_2365,,peripheral,arterial,East,0.5933544303797469,5.748757820885509,F,74.27694113805138,74.35064640065049,74.6899357895852,74.34302419512628,v3-2026-07-30-trip-suppression-fix
l_1839,SH1S,peripheral,motorway,MWY,0.25263157894736843,3.4596756400930495,F,72.91381695536822,24.160559754214546,73.49056468457023,23.609380692674144,v3-2026-07-30-trip-suppression-fix
l_1353,,peripheral,arterial,West,0.4163486225799736,3.874678181375584,F,45.35373687262401,9.019240444154503,45.59524419773252,9.149944970729628,v3-2026-07-30-trip-suppression-fix
l_573,,peripheral,arterial,West,0.4163486225799736,4.346377017679164,F,58.90864353705988,15.608008409911491,59.346238922922744,15.762116970461204,v3-2026-07-30-trip-suppression-fix
l_1433,,peripheral,arterial,East,1.2464942349641632,9.036592332566684,F,122.82818490837029,40.50326529216379,123.03438018628611,39.904819178716544,v3-2026-07-30-trip-suppression-fix
l_384,,boundary,arterial,East,0.9380129758461659,4.13063500639958,F,69.99935428428324,46.4301311809854,70.11451282827578,46.77935180755179,v3-2026-07-30-trip-suppression-fix
l_2605,,boundary,arterial,West,1.2768221315836141,7.730632273390981,F,46.4627385408681,33.89019902651251,46.89819113940197,33.4980383181697,v3-2026-07-30-trip-suppression-fix
l_285,,peripheral,arterial,West,0.6732873253661,1.0408413570991113,F,6.518425233524618,70.48215665190318,7.360099979498667,71.33172830966363,v3-2026-07-30-trip-suppression-fix
l_241,,peripheral,arterial,East,1.9243104554201411,9.77241085205097,F,122.3702396828615,39.26859188617043,123.03438018628611,39.904819178716544,v3-2026-07-30-trip-suppression-fix
l_15,,peripheral,arterial,East,0.7906700929037359,4.603662647475799,F,62.909256777284135,28.615194350702243,63.36084039531813,29.525779596949793,v3-2026-07-30-trip-suppression-fix
l_1029,,inner,arterial,CBD,1.415261233636042,4.161688534842313,F,76.47558903030958,53.337496176667955,76.64823232438683,54.4423944689352,v3-2026-07-30-trip-suppression-fix
l_351,,peripheral,arterial,West,0.9552619009711829,0.8266291115551757,E,4.405337978853362,48.7104504788504,5.2622748758372415,49.20841166111988,v3-2026-07-30-trip-suppression-fix
l_1383,,peripheral,arterial,West,0.4163486225799736,0.8734707735195504,E,54.22918699067504,11.748176452690043,54.407503476894796,11.988138001938534,v3-2026-07-30-trip-suppression-fix
l_838,,peripheral,arterial,West,0.6732873253661,1.6079614821662738,F,16.56321227752726,72.84025424133975,16.8462750820757,72.86213469997472,v3-2026-07-30-trip-suppression-fix
l_868,,peripheral,arterial,East,0.43917435221783047,4.3777728427196925,F,88.17041892584936,14.58117929111355,88.75462858954545,14.435215825466882,v3-2026-07-30-trip-suppression-fix
l_2155,,inner,motorway,MWY,0.13333333333333333,0.05169082186446252,A,55.472969690872716,35.61668455953831,55.63837242127506,35.15419638640701,v3-2026-07-30-trip-suppression-fix
l_1997,,inner,arterial,CBD,0.658713313327966,4.3920364669127006,F,62.633107918613945,52.538685052270054,63.15193123457362,53.55614010630278,v3-2026-07-30-trip-suppression-fix
l_934,,peripheral,arterial,East,1.8697413524462447,6.499459362512504,F,120.08090534935732,57.50042770533528,120.13699641765682,55.850744881256276,v3-2026-07-30-trip-suppression-fix
l_2381,,boundary,arterial,East,3.723239218119764,3.8535082043287425,F,72.57823768025631,77.20970538197737,72.79557261648976,77.72925969396898,v3-2026-07-30-trip-suppression-fix
l_373,,boundary,arterial,East,0.48007681228996646,6.135243284520814,F,95.11297254975042,62.938214680546714,95.31776585544671,62.25874835829025,v3-2026-07-30-trip-suppression-fix
l_962,,inner,arterial,CBD,1.260107109104274,0.9251619042616676,E,56.06474431481618,63.03759484662711,56.694073547401054,62.971980289645025,v3-2026-07-30-trip-suppression-fix
l_199,,inner,arterial,CBD,0.9512485136741975,7.698292119969787,F,81.5413821854528,72.10838629623474,82.16773103888916,71.8805917096322,v3-2026-07-30-trip-suppression-fix
l_853,,boundary,arterial,East,3.7803213273128216,2.856734750906633,F,81.45257167434652,48.542887427232586,81.80594585524118,48.0205643556404,v3-2026-07-30-trip-suppression-fix
l_1203,,boundary,arterial,East,0.7733619763694952,5.0805893957516455,F,65.37972383761091,68.24452625850793,65.79091193583423,69.31801109504654,v3-2026-07-30-trip-suppression-fix
l_1668,,boundary,arterial,East,1.260107109104274,0.5013520549475019,C,78.03295957510909,52.903326630060036,78.65124687623067,52.24326399052595,v3-2026-07-30-trip-suppression-fix
l_2543,,peripheral,arterial,West,0.3936491274111009,2.3470476549899364,F,49.793166406555756,11.623539450099324,49.90940397851023,12.070740806355541,v3-2026-07-30-trip-suppression-fix
l_287,,peripheral,arterial,West,1.4328928514567743,2.333619425566716,F,27.99873854125966,40.633059065700095,29.63117375053188,40.738407169336135,v3-2026-07-30-trip-suppression-fix
l_295,,boundary,arterial,East,0.7201152184349496,6.402634796383396,F,95.59140926814194,60.605045122035285,95.62734219700089,60.19897868217845,v3-2026-07-30-trip-suppression-fix
l_1096,,peripheral,arterial,East,1.3175230566534915,3.021681641953131,F,66.1409750809709,21.15040717403214,67.10689087911975,20.48396774984945,v3-2026-07-30-trip-suppression-fix
l_39,,peripheral,arterial,East,0.7751437245655965,7.059335633151939,F,107.5996265655099,44.62523258906839,107.8508495037269,44.107045863993605,v3-2026-07-30-trip-suppression-fix
l_2378,,peripheral,arterial,West,0.8512147543890761,7.951359611061413,F,29.27796259617457,65.4197771837638,29.48889096285736,66.2537412667525,v3-2026-07-30-trip-suppression-fix
l_997,,peripheral,arterial,East,1.1860051393556037,7.874987969889902,F,64.67813325597666,32.582538001381316,64.8377383559979,32.98499530804961,v3-2026-07-30-trip-suppression-fix
l_1497,,peripheral,arterial,West,0.4670351054720947,0.34159472174707095,B,51.28573149316999,51.449951048757505,51.58802133868618,51.33629838655588,v3-2026-07-30-trip-suppression-fix
l_465,,peripheral,arterial,West,1.0756543564001435,6.471304862230241,F,33.68337516347586,6.773457741455944,34.01323055681095,5.794481414044781,v3-2026-07-30-trip-suppression-fix
l_115,,peripheral,arterial,West,0.4163486225799736,4.345316140257561,F,58.47005292411039,15.399864333918952,58.90864353705988,15.608008409911491,v3-2026-07-30-trip-suppression-fix
l_2602,SH1S,peripheral,motorway,MWY,0.25263157894736843,3.468479413674098,F,70.85932826884891,27.09031587164849,70.98572173256585,26.8717716188427,v3-2026-07-30-trip-suppression-fix
l_746,,inner,arterial,CBD,4,10.46414124124749,F,87.4987260507792,61.53886562834153,87.90317081015102,61.07192236987932,v3-2026-07-30-trip-suppression-fix
l_793,,peripheral,arterial,West,1.1047689191677408,7.721677769739341,F,45.237260838842545,65.42534446586146,45.418087921472434,65.80040013292222,v3-2026-07-30-trip-suppression-fix
l_1923,,inner,arterial,CBD,0.9380129758461659,3.3968346730664134,F,68.32163841459146,41.946773873519945,68.5415262542454,42.835461968696364,v3-2026-07-30-trip-suppression-fix
l_519,,peripheral,arterial,East,1.5,7.99496544361882,F,105.29572910928577,19.019739429552253,106.02948398163464,19.897960726244897,v3-2026-07-30-trip-suppression-fix
l_740,,peripheral,arterial,West,1.4342058085335245,6.541187837679139,F,32.69477780582291,9.764417161929732,33.39549101061578,7.670587376565519,v3-2026-07-30-trip-suppression-fix
l_1581,,inner,arterial,CBD,2.1228918504540633,4.255626002383872,F,74.82449982857337,49.881566748454176,75.59518885069956,50.40786592647034,v3-2026-07-30-trip-suppression-fix
l_470,,peripheral,arterial,West,0.42560737719453806,8.67389378959757,F,42.01968492798666,36.998545569161564,42.27750110402087,36.831667139459704,v3-2026-07-30-trip-suppression-fix
l_1721,,inner,arterial,CBD,1.8760259516923319,3.414746118418499,F,68.5415262542454,42.835461968696364,68.65618163480687,43.15766605149279,v3-2026-07-30-trip-suppression-fix
l_671,,peripheral,arterial,East,1.093942294543963,3.2186922782043403,F,114.96349959780188,62.89320071657305,115.11652217168017,63.624565329399076,v3-2026-07-30-trip-suppression-fix
l_981,,peripheral,arterial,West,1.3465746507322,11.082342771944504,F,24.658032379214724,70.80112132705622,25.751276152965755,69.94339200780163,v3-2026-07-30-trip-suppression-fix
l_2504,,boundary,arterial,East,0.43914220888531064,4.409119403175475,F,63.15193123457362,53.55614010630278,63.33128764447713,53.850129409293416,v3-2026-07-30-trip-suppression-fix
l_641,,inner,arterial,CBD,0.8204567209079722,6.193149723253786,F,107.4598377742499,60.438470714385474,107.99666478625203,60.07712804819163,v3-2026-07-30-trip-suppression-fix
l_601,,peripheral,arterial,West,0.34657039711191334,2.3852900947151983,F,59.5953458922492,23.378997225514432,59.91981909132407,23.29194827770564,v3-2026-07-30-trip-suppression-fix
l_551,,peripheral,arterial,West,0.2729630135116692,1.1385811868459712,F,26.45440358769502,16.797061905222392,26.958152628980134,17.004083438764674,v3-2026-07-30-trip-suppression-fix
l_983,,peripheral,arterial,West,0.7365126127784938,7.698290289895682,F,45.418087921472434,65.80040013292222,45.5524687978586,66.0141487790403,v3-2026-07-30-trip-suppression-fix
l_497,,peripheral,arterial,West,0.6732873253661,1.530736165463972,F,13.513751713595749,72.54432523635822,14.297729047333547,72.61116249408158,v3-2026-07-30-trip-suppression-fix
l_471,,peripheral,arterial,West,0.9552619009711829,2.4619038057633937,F,31.82965529481993,40.88746036142578,32.22183634060601,40.93435165342156,v3-2026-07-30-trip-suppression-fix
l_1446,,peripheral,motorway,MWY,0.13333333333333333,0.035525925925925926,A,56.54245474560589,44.110349820587466,56.56621132675223,44.35999698407521,v3-2026-07-30-trip-suppression-fix
l_952,,inner,arterial,CBD,0.8204567209079722,6.63702715547946,F,103.91347280868749,60.3152799633728,104.81217107922636,60.703961739510994,v3-2026-07-30-trip-suppression-fix
l_1055,,peripheral,arterial,East,0.9321112319403448,4.89446498037125,F,65.17583481005899,20.681714477473342,65.47130617214107,21.378959428424118,v3-2026-07-30-trip-suppression-fix
l_986,,inner,arterial,CBD,1.260107109104274,3.2627522016469026,F,64.27183221174457,60.04889308379106,64.59536532672976,59.90780433945354,v3-2026-07-30-trip-suppression-fix
l_283,,peripheral,arterial,West,0.4670351054720947,0.5660772695199938,C,48.71377297810913,52.28089430355936,50.35464268102764,51.6562188762923,v3-2026-07-30-trip-suppression-fix
l_2098,,boundary,arterial,East,0.4660556159701724,2.995350754066063,F,81.34710947838948,47.54485531979951,81.6301493086544,47.56664669256718,v3-2026-07-30-trip-suppression-fix
l_403,,peripheral,arterial,East,1.5,8.32930598154811,F,102.80421995499638,11.309430453865668,102.94165319043678,11.68524784634116,v3-2026-07-30-trip-suppression-fix
l_349,,peripheral,arterial,West,1.4328928514567743,2.372146558107383,F,29.63117375053188,40.738407169336135,31.82965529481993,40.88746036142578,v3-2026-07-30-trip-suppression-fix
l_726,,peripheral,arterial,West,0.6732873253661,6.763187329560952,F,22.21413355053663,72.71043040111572,22.42853837069074,72.54437032089976,v3-2026-07-30-trip-suppression-fix
l_694,,peripheral,arterial,East,1.1089548100914888,4.2391199291201485,F,93.72385727497958,18.640274484382697,94.95698250858808,18.320087338639414,v3-2026-07-30-trip-suppression-fix
l_806,,inner,arterial,CBD,1.3057671381936886,3.963142156040519,F,57.91131055695978,74.76013394499716,58.39315275569288,76.12962319019151,v3-2026-07-30-trip-suppression-fix
l_849,,peripheral,arterial,East,1.6634322151372332,4.793380628148292,F,90.45857619154758,19.56571370973003,92.27492744700248,19.04553860649214,v3-2026-07-30-trip-suppression-fix
l_1567,SH1S,peripheral,motorway,MWY,0.4421052631578947,1.3415661242880483,F,81.77925355649629,11.050957234452639,84.96035184208625,7.938049165044866,v3-2026-07-30-trip-suppression-fix
l_1053,,inner,arterial,CBD,0.658713313327966,3.0432314597887644,F,68.04283296939884,65.27661641542423,68.49949739909397,66.45736428321915,v3-2026-07-30-trip-suppression-fix
l_32,,peripheral,arterial,West,0.9841228185277523,6.7367390262466875,F,60.696295012661274,30.034275918203534,62.28571152631732,30.167182431766516,v3-2026-07-30-trip-suppression-fix
l_545,,peripheral,arterial,West,0.2729630135116692,1.0528800785618346,F,37.66069386972683,23.34894747500183,38.32500839245553,24.012453131749073,v3-2026-07-30-trip-suppression-fix
l_1415,,peripheral,arterial,West,0.5904736911166514,2.8249917644686513,F,52.43634905089815,22.997075504779254,52.68419619251515,22.289837472597156,v3-2026-07-30-trip-suppression-fix
l_63,,peripheral,arterial,East,4.985976939856653,6.709735373352107,F,114.10574223197162,61.20651364290733,115.12932246928952,61.295528587848004,v3-2026-07-30-trip-suppression-fix
l_590,,peripheral,arterial,East,0.7751437245655965,6.150202670110832,F,109.64630901000582,23.830545156038095,109.97883978269351,24.175695609362258,v3-2026-07-30-trip-suppression-fix
l_818,,peripheral,arterial,West,0.4163486225799736,3.7829811275640353,F,37.458209591611435,4.001798971551008,37.703173131629995,4.321633367633035,v3-2026-07-30-trip-suppression-fix
l_681,,inner,arterial,CBD,11.508951406649617,21.959383963005834,F,54.98391466874296,84.65149034680701,55.71851796387649,84.39476511545743,v3-2026-07-30-trip-suppression-fix
l_357,,boundary,arterial,East,7.07630616818021,6.458277340253174,F,65.84798720220324,53.560550321934564,66.63071109769622,52.38399397535276,v3-2026-07-30-trip-suppression-fix
l_2122,SH1S,peripheral,motorway,MWY,0.12631578947368421,0.15274225963199856,A,50.7546373797436,27.29811996730244,50.9991503225979,27.590922516974874,v3-2026-07-30-trip-suppression-fix
l_105,,peripheral,arterial,East,0.43917435221783047,5.692169471159469,F,80.32136976918541,16.834601662397436,80.77570790697433,16.718090226526215,v3-2026-07-30-trip-suppression-fix
l_1241,,peripheral,arterial,West,5.785920925747348,15.932570060962007,F,25.198499420748078,86.11509160886894,25.603129811711074,85.64827640784264,v3-2026-07-30-trip-suppression-fix
l_244,,inner,arterial,CBD,1.4268727705112962,7.839707606247334,F,82.6434266360946,71.7366612555506,83.50686915978318,71.39637099102198,v3-2026-07-30-trip-suppression-fix
l_988,,boundary,arterial,East,1.260107109104274,2.8456845481210116,F,81.05114349628595,49.17192259123796,81.45257167434652,48.542887427232586,v3-2026-07-30-trip-suppression-fix
l_385,,peripheral,arterial,East,0.7544322897019992,1.1045606893358364,F,86.5711067584788,24.44851815304411,87.26030879637909,21.760110740260423,v3-2026-07-30-trip-suppression-fix
l_703,,inner,arterial,CBD,4.211117349803481,5.386528143960532,F,61.71436455584005,46.33951391972756,62.86214392946015,48.45347848858139,v3-2026-07-30-trip-suppression-fix
l_774,,inner,arterial,CBD,0.3090632807067247,0.6658746246156573,D,118.5761417371321,64.23117343997042,119.27269376676925,64.27222082409003,v3-2026-07-30-trip-suppression-fix
l_466,,peripheral,arterial,West,0.7171029042667623,2.4644372815660174,F,31.868615064405507,12.130798071536567,32.076023128003456,11.586483453407137,v3-2026-07-30-trip-suppression-fix
l_92,,peripheral,arterial,West,0.6245229338699604,3.8016787101504512,F,38.127914939335575,4.9624941669907185,39.569548285590436,6.530665093655181,v3-2026-07-30-trip-suppression-fix
l_949,,inner,arterial,CBD,0.9512485136741975,7.728514048113618,F,80.52577913799671,72.4514808872032,80.78511428794562,72.36560725696413,v3-2026-07-30-trip-suppression-fix
l_489,,peripheral,arterial,West,0.2729630135116692,0.9233314200294753,E,14.461144623337136,18.312716966288814,14.754121158406688,16.496636556935503,v3-2026-07-30-trip-suppression-fix
l_1798,,peripheral,arterial,West,2.4259927797833933,6.198665678537743,F,51.59755880312841,25.85024856752464,53.1215946168522,24.79526131589832,v3-2026-07-30-trip-suppression-fix
l_2114,SH1N,peripheral,motorway,MWY,0.26666666666666666,2.2908463566846318,F,49.25662904563713,62.8922861108631,49.58751287920056,61.96732334357944,v3-2026-07-30-trip-suppression-fix
l_192,,inner,arterial,CBD,0.7062701090794946,6.1183076444649656,F,67.55166520542518,37.50246451841118,68.1814136812295,37.46382972117653,v3-2026-07-30-trip-suppression-fix
l_284,,peripheral,arterial,West,0.33664366268305,1.0444546722030457,F,7.360099979498667,71.33172830966363,7.780939910423752,71.75651292746136,v3-2026-07-30-trip-suppression-fix
l_2357,,peripheral,motorway,MWY,2.1697203471552555,15.748353668789571,F,24.858954648088062,90.14816718611766,24.975534360902035,90.57846158438335,v3-2026-07-30-trip-suppression-fix
l_186,,inner,arterial,CBD,5.661044934544168,5.298232851279615,F,70.50245947328503,47.77217709600998,71.42027172486131,48.025512440539416,v3-2026-07-30-trip-suppression-fix
l_901,,peripheral,arterial,West,1.00993098804915,11.265302044018817,F,28.666384370596415,67.64707834467366,29.051701669472546,67.31573675116461,v3-2026-07-30-trip-suppression-fix
l_607,,peripheral,arterial,West,0.4163486225799736,3.7885261156778154,F,37.1450881745734,3.5210531146608828,37.458209591611435,4.001798971551008,v3-2026-07-30-trip-suppression-fix
l_119,,peripheral,arterial,West,0.4163486225799736,3.709628996570906,F,36.31982331112578,2.374015974173621,36.74356671280493,2.9608448381299683,v3-2026-07-30-trip-suppression-fix
l_1536,SH1S,peripheral,motorway,MWY,0.06315789473684211,0.04313236091531484,A,73.66841364931753,23.822309274082407,74.5014329682545,23.023156082247098,v3-2026-07-30-trip-suppression-fix
l_1367,,inner,arterial,CBD,0.47084673938632976,4.431380469801159,F,58.14789152607042,38.02692282139855,58.6932002835808,38.125001577171155,v3-2026-07-30-trip-suppression-fix
l_2361,,inner,arterial,CBD,3.7520519033846638,4.888215012178057,F,67.12521488214176,39.13191321982314,67.70773375932492,40.06710393206882,v3-2026-07-30-trip-suppression-fix
l_804,,peripheral,arterial,West,1.0778443113772456,6.128250314058919,F,49.674674255373986,64.34404111685214,50.30450507132741,64.30546332118806,v3-2026-07-30-trip-suppression-fix
l_2635,,inner,arterial,CBD,0.5923390812162695,3.7145840246383854,F,98.5036345663708,68.71301775527895,99.25936730513611,68.42871382215652,v3-2026-07-30-trip-suppression-fix
l_1238,,inner,arterial,CBD,0.927189842120174,0.9090040436854031,E,115.22481130650839,64.07750355878663,116.83375292982441,64.07451012846087,v3-2026-07-30-trip-suppression-fix
l_318,,peripheral,arterial,West,1.0186757215619695,13.876487045042499,F,57.58532703937749,41.71285811020964,57.76267550723545,41.89878278073104,v3-2026-07-30-trip-suppression-fix
l_995,,boundary,arterial,East,3.7803213273128216,3.2742913977046206,F,64.59536532672976,59.90780433945354,65.84702091206691,59.39827931212193,v3-2026-07-30-trip-suppression-fix
l_248,,peripheral,arterial,East,3.100574898262386,5.209143781733728,F,111.16442414012288,25.964389511923958,111.54850085396642,26.741005480237508,v3-2026-07-30-trip-suppression-fix
l_571,,peripheral,arterial,West,0.4163486225799736,4.310458106162084,F,55.047622773339015,12.516903946996234,55.37854866737368,12.781086522748506,v3-2026-07-30-trip-suppression-fix
l_1232,,boundary,arterial,West,0.5933544303797469,4.591411409143363,F,58.181820089244304,69.37691690467969,58.94506781249516,69.49801981198192,v3-2026-07-30-trip-suppression-fix
l_2427,,peripheral,arterial,West,1.5467239527389904,3.8612874291916284,F,60.64586369269479,55.60220742294849,60.96558566151634,56.43414488612076,v3-2026-07-30-trip-suppression-fix
l_2046,,boundary,arterial,West,0.9590792838874681,2.0772071924556057,F,51.81505949057667,58.95356243891223,52.48486533973297,58.72505916772683,v3-2026-07-30-trip-suppression-fix
l_2180,SH1S,peripheral,motorway,MWY,0.25263157894736843,3.4602289617777218,F,70.98572173256585,26.8717716188427,71.30370240226385,26.433479853153397,v3-2026-07-30-trip-suppression-fix
l_2170,,peripheral,arterial,West,1.54182191956829,12.138580013839352,F,19.910347990489626,85.88704028332418,19.91921230880739,86.37334853398386,v3-2026-07-30-trip-suppression-fix
l_160,,boundary,arterial,East,0.3090632807067247,0.5295103705971969,C,124.31030574758968,63.907819662821275,125.15647675845219,63.810915565916524,v3-2026-07-30-trip-suppression-fix
l_138,,peripheral,arterial,West,0.42560737719453806,7.970999399095548,F,32.605257529280145,48.819012167605855,32.83295756051913,48.193250629268356,v3-2026-07-30-trip-suppression-fix
l_699,,peripheral,arterial,West,0.6732873253661,1.6116692796392489,F,15.604851378302122,72.74956852759031,16.56321227752726,72.84025424133975,v3-2026-07-30-trip-suppression-fix
l_2103,,peripheral,motorway,MWY,0.2,1.6384463831012108,F,80.29652541903556,14.32158640620621,80.3784383385374,14.049804955866923,v3-2026-07-30-trip-suppression-fix
l_2665,,peripheral,arterial,West,2,1.5136664425052477,F,47.842940348252505,70.26999019862859,47.99921464374544,70.55832410367694,v3-2026-07-30-trip-suppression-fix
l_301,,peripheral,arterial,West,0.6662225183211192,3.005211483724653,F,37.76946365038845,36.400662033468386,38.78302360652124,37.138859200928174,v3-2026-07-30-trip-suppression-fix
l_1181,,peripheral,motorway,MWY,0.4,0.12406181942525694,A,54.790414310606764,39.87236972272349,56.54245474560589,44.110349820587466,v3-2026-07-30-trip-suppression-fix
l_253,,inner,arterial,CBD,0.6990834239552587,2.425882105126832,F,72.95436136552796,38.10550277253727,73.4414775800455,38.58298865095823,v3-2026-07-30-trip-suppression-fix
l_1639,,peripheral,arterial,West,6.16728767827316,11.857069950414514,F,19.926106752739194,86.75158827521348,19.969935188443806,89.1561121549009,v3-2026-07-30-trip-suppression-fix
l_757,,peripheral,arterial,West,0.2729630135116692,0.640190546958355,D,12.106611667987261,21.517570915137576,12.51802123151237,21.429017231942197,v3-2026-07-30-trip-suppression-fix
l_930,,peripheral,arterial,West,0.6732873253661,0.9961774470105337,E,4.656304385650536,68.51598354152654,5.1665294951604706,69.07428324444726,v3-2026-07-30-trip-suppression-fix
l_204,,peripheral,arterial,West,0.2729630135116692,1.0688728171383952,F,38.32500839245553,24.012453131749073,38.612466567512,24.27745724437945,v3-2026-07-30-trip-suppression-fix
l_1107,,inner,arterial,CBD,0.5155746509129968,0.9182488935777485,E,58.47407308250859,49.83146835872688,58.56648394417951,50.12705980932227,v3-2026-07-30-trip-suppression-fix
l_2287,SH1S,boundary,motorway,MWY,0.06315789473684211,0.09533104695215312,A,56.01580535552358,32.03922279882344,57.85573411285551,32.54686605699819,v3-2026-07-30-trip-suppression-fix
l_2322,,peripheral,motorway,MWY,0.13333333333333333,0.03205814687166933,A,55.13420368523813,36.10938411357112,55.26012197672294,35.86383299864734,v3-2026-07-30-trip-suppression-fix
l_739,,boundary,arterial,East,0.39489272081084636,1.1051232975927192,F,88.09839164167468,73.93295303960706,88.94110232390135,73.64707740138871,v3-2026-07-30-trip-suppression-fix
l_1270,,peripheral,arterial,West,1.7565688355412425,8.263956913936685,F,59.58384565892624,47.50492640356332,60.005554820942166,47.992536583867455,v3-2026-07-30-trip-suppression-fix
l_2609,,boundary,motorway,MWY,0.06666666666666667,0.051652951664748425,A,55.13420368523813,36.10938411357112,55.472969690872716,35.61668455953831,v3-2026-07-30-trip-suppression-fix
l_1404,,inner,arterial,CBD,0.6467608062951385,0.9323192371346108,E,86.39147628717548,53.424371483755564,86.68372484468301,52.77032123279098,v3-2026-07-30-trip-suppression-fix
l_532,,inner,arterial,CBD,0.9380129758461659,3.1766933531550374,F,77.1995521797882,67.78330510375392,77.3632048413974,68.40189168926318,v3-2026-07-30-trip-suppression-fix
l_581,,inner,arterial,CBD,1.438618925831202,7.588002516774854,F,61.293417623683446,55.34705758430491,62.070878876013246,55.062488842189836,v3-2026-07-30-trip-suppression-fix
l_829,,peripheral,arterial,East,1.8697413524462447,6.602164940439106,F,120.13699641765682,55.850744881256276,120.53325260381972,53.789304780519,v3-2026-07-30-trip-suppression-fix
l_772,,peripheral,arterial,West,0.4094445202675038,1.0273795412041389,F,21.440673770187722,14.834454166452952,21.944412559906883,15.041487566721257,v3-2026-07-30-trip-suppression-fix
l_2056,SH16,boundary,motorway,MWY,0.07058823529411765,0.049819226016777504,A,78.93065187686287,35.09299452909122,79.44723806816282,35.933468638822205,v3-2026-07-30-trip-suppression-fix
l_341,,peripheral,arterial,West,1.4125402181589892,8.322164885638697,F,54.514902260431754,36.71534202606699,54.84337716773664,36.84443996626127,v3-2026-07-30-trip-suppression-fix
l_2219,,peripheral,arterial,East,0.3233804031475693,1.0724977819439208,F,87.32271143390261,46.45025432071065,87.38651955673964,46.86865892342196,v3-2026-07-30-trip-suppression-fix
l_339,,peripheral,arterial,East,1.293521612590277,14.058671865430744,F,73.31923648138135,22.763618500378467,73.49056468457023,23.609380692674144,v3-2026-07-30-trip-suppression-fix
l_162,,peripheral,arterial,West,0.9552619009711829,1.5558636668668429,F,17.160594082469917,47.15458765334217,17.801273166943393,46.521333492608164,v3-2026-07-30-trip-suppression-fix
l_480,,peripheral,arterial,East,0.832523935063133,6.246320496307506,F,93.13279881840661,52.326464706958575,93.38708122474172,51.97040110126382,v3-2026-07-30-trip-suppression-fix
l_182,,peripheral,arterial,West,1.437125748502994,1.8261175110856704,F,56.17207625134482,64.14370402021895,56.975789666826095,64.10191157207261,v3-2026-07-30-trip-suppression-fix
l_2604,,peripheral,arterial,West,2,4.6160781704593505,F,57.92558486350771,48.382125914992905,58.06295510020387,48.75797027711882,v3-2026-07-30-trip-suppression-fix
l_128,,boundary,arterial,West,13.242784380305602,13.860681251347371,F,60.08996751302897,44.315390712289016,60.80485960601981,45.35627036157406,v3-2026-07-30-trip-suppression-fix
l_180,,peripheral,arterial,West,5.2230685527747545,8.195987370171602,F,56.17207625134482,64.14370402021895,56.256678707080965,65.1961779462342,v3-2026-07-30-trip-suppression-fix
l_2240,,peripheral,arterial,West,0.4670351054720947,0.28443635841803,B,51.58802133868618,51.33629838655588,51.84883066470468,51.33151127277691,v3-2026-07-30-trip-suppression-fix
l_2149,SH16,peripheral,motorway,MWY,0.07058823529411765,0.21939576721293846,A,5.2022599061072095,11.210820503273808,5.55042624669366,11.231531264238088,v3-2026-07-30-trip-suppression-fix
l_780,,peripheral,arterial,West,0.8512147543890761,7.956515182651031,F,31.887082961168694,51.15638090157586,32.13059058682008,50.20601713188289,v3-2026-07-30-trip-suppression-fix
l_94,,peripheral,arterial,West,1.1860051393556037,4.48130070221097,F,60.81895765673793,24.896991468599357,61.644942170756366,26.070954320036822,v3-2026-07-30-trip-suppression-fix
l_1393,,peripheral,arterial,East,7.402837754472547,5.0124051794861355,F,103.69986891686158,17.373785672682526,104.31538306862423,17.740704362018587,v3-2026-07-30-trip-suppression-fix
l_1819,,peripheral,arterial,West,0.6931407942238267,2.331348026571817,F,53.1215946168522,24.79526131589832,53.553734176604436,24.65219235935953,v3-2026-07-30-trip-suppression-fix
l_345,,peripheral,arterial,West,0.7171029042667623,2.4184446459945477,F,31.432065402365108,13.21982340178153,31.868615064405507,12.130798071536567,v3-2026-07-30-trip-suppression-fix
l_743,,boundary,arterial,West,0.7365126127784938,5.258951025266959,F,49.18592036398048,73.24465908987568,49.324280536344816,73.67454307841179,v3-2026-07-30-trip-suppression-fix
l_579,,peripheral,arterial,East,0.4163486225799736,4.382605132853747,F,63.01787963772989,16.829647840958994,63.37204910383103,17.174469943216778,v3-2026-07-30-trip-suppression-fix
l_2346,SH16,peripheral,motorway,MWY,0.35294117647058826,2.8650603678999946,F,88.88572095283965,47.24312752398298,89.91925227233742,47.87261040785828,v3-2026-07-30-trip-suppression-fix
l_1957,,inner,arterial,CBD,0.43914220888531064,3.116101652150431,F,69.9619536507304,70.29518922611199,70.12209217912265,70.72466007959736,v3-2026-07-30-trip-suppression-fix
l_1537,SH1S,peripheral,motorway,MWY,0.06315789473684211,0.05386696584249765,A,74.5014329682545,23.023156082247098,75.80802843546739,21.972011158945016,v3-2026-07-30-trip-suppression-fix
l_1009,,peripheral,arterial,East,0,0,A,66.9818543931158,71.13984560692596,67.44177040921444,71.58484956953085,v3-2026-07-30-trip-suppression-fix
l_894,,inner,arterial,CBD,0.9512485136741975,7.845796184589618,F,82.16773103888916,71.8805917096322,82.4058292623274,71.82213525310672,v3-2026-07-30-trip-suppression-fix
l_1860,,boundary,arterial,East,3.723239218119764,4.082688219363738,F,71.58622123568017,75.10207430842227,71.9765944393281,75.77143528366535,v3-2026-07-30-trip-suppression-fix
l_129,,peripheral,arterial,West,2.892960462873674,16.387772899923306,F,23.75937672001479,72.79039814014064,24.238027297717988,73.99785629994628,v3-2026-07-30-trip-suppression-fix
l_961,,peripheral,arterial,East,1.1259148057796962,2.056306481698584,F,112.58002785651028,24.937999502131394,113.56351492893005,24.05479541409066,v3-2026-07-30-trip-suppression-fix
l_1827,,peripheral,arterial,East,1.293521612590277,14.091117462524101,F,72.96375709370993,22.159673228405143,73.31923648138135,22.763618500378467,v3-2026-07-30-trip-suppression-fix
l_209,,peripheral,arterial,West,0.51985559566787,2.3918305923848404,F,58.86046993158634,23.60872701684149,59.5953458922492,23.378997225514432,v3-2026-07-30-trip-suppression-fix
l_2253,,inner,arterial,CBD,0.8782844177706213,2.4487208876040594,F,61.21304726287594,49.80812068796445,61.57523606058552,50.5852230433357,v3-2026-07-30-trip-suppression-fix
l_116,,peripheral,arterial,West,0.6245229338699604,4.394402945389807,F,60.762200527057644,15.925247188892047,62.15842817136065,16.196837157858926,v3-2026-07-30-trip-suppression-fix
l_635,,boundary,arterial,East,4,10.375422075248995,F,86.8804357530255,62.198954227882396,87.05030744901372,61.97959579665861,v3-2026-07-30-trip-suppression-fix
l_490,,peripheral,arterial,West,0.5459260270233384,0.9173619150303753,E,14.363812522100684,18.936088409652413,14.461144623337136,18.312716966288814,v3-2026-07-30-trip-suppression-fix
l_833,,peripheral,arterial,East,0.43917435221783047,4.278314048062896,F,95.54527076006492,12.552472957554883,95.78329677286504,12.493998602727025,v3-2026-07-30-trip-suppression-fix
l_406,,peripheral,arterial,West,0.9552619009711829,1.5207989339466301,F,15.445123067090424,47.26685798344814,16.664169368383536,47.352798394816936,v3-2026-07-30-trip-suppression-fix
l_482,,boundary,arterial,West,1.0186757215619695,14.023747779271623,F,57.16493430962281,41.31518949805512,57.58532703937749,41.71285811020964,v3-2026-07-30-trip-suppression-fix
l_811,,inner,arterial,CBD,1.1108368304122438,7.010070499661641,F,61.17028956170788,41.59287290640271,61.263014156469026,40.72632073934408,v3-2026-07-30-trip-suppression-fix
l_1210,,peripheral,arterial,East,0.8204567209079722,7.3445764284405115,F,97.15401521163456,56.32709926417492,97.45545643449223,56.78670764641128,v3-2026-07-30-trip-suppression-fix
l_932,,boundary,arterial,West,1.03971119133574,6.3770817204100565,F,48.31868560840039,31.964323441884268,48.48658325403197,31.63692760098967,v3-2026-07-30-trip-suppression-fix
l_730,,inner,arterial,CBD,1.3530273988048258,2.5118586921154384,F,71.4923297427907,62.51037667129816,71.60699851117133,62.8325792472721,v3-2026-07-30-trip-suppression-fix
l_672,,peripheral,arterial,East,1.1089548100914888,4.83012962544999,F,93.44236204648575,18.699552901642477,93.72385727497958,18.640274484382697,v3-2026-07-30-trip-suppression-fix
l_429,,peripheral,arterial,East,0.3772161448509996,1.2470261015253707,F,82.2458068459828,29.17718161179631,82.67843979627918,29.061069090508706,v3-2026-07-30-trip-suppression-fix
l_779,,peripheral,arterial,West,0.34657039711191334,2.3022884417697083,F,55.48533050156489,24.481572560118224,55.91896071120116,24.419550473893427,v3-2026-07-30-trip-suppression-fix
l_965,,inner,arterial,CBD,0.718562874251497,1.7012353828683118,F,61.62087538525587,64.85432794689004,62.42807853430937,65.00163514493862,v3-2026-07-30-trip-suppression-fix
l_2495,,inner,arterial,CBD,0.8900316455696203,4.736577695814571,F,60.973984625025764,69.86610930404476,61.911622799451074,70.01102042117412,v3-2026-07-30-trip-suppression-fix
l_921,,boundary,arterial,West,1.0778443113772456,10.633484018000596,F,48.13145905757613,64.37233652928282,48.392284149825215,64.36755501154411,v3-2026-07-30-trip-suppression-fix
l_536,,inner,arterial,CBD,1.8760259516923319,4.112863969611604,F,70.3428338035905,47.36972377019705,70.50245947328503,47.77217709600998,v3-2026-07-30-trip-suppression-fix
l_317,,inner,arterial,CBD,0.7405578869414959,6.839219852418267,F,61.042565463147625,42.919518279823976,61.05782322301702,42.56789391289932,v3-2026-07-30-trip-suppression-fix
l_467,,peripheral,arterial,West,0.2729630135116692,0.629410795092234,D,10.396269420581742,21.89997852901745,10.677786995109543,21.840813566101534,v3-2026-07-30-trip-suppression-fix
l_319,,boundary,arterial,West,1.8513947173537397,7.193222732717064,F,61.37497975915521,39.724282174557786,61.485947554636255,38.66820890128607,v3-2026-07-30-trip-suppression-fix
l_707,,peripheral,arterial,West,0.4094445202675038,1.0146913038328111,F,18.59505976300408,13.751167999895477,20.12700620431193,14.317854676588565,v3-2026-07-30-trip-suppression-fix
l_1410,,peripheral,arterial,West,0.3936491274111009,2.7453682323627713,F,52.314129578362284,21.08044440557598,52.384790658116664,21.37643744779161,v3-2026-07-30-trip-suppression-fix
l_1549,SH1N,peripheral,motorway,MWY,0.4,3.623288142382524,F,64.02685857431082,31.180652193133124,64.82007502293318,30.850228876456175,v3-2026-07-30-trip-suppression-fix
l_2157,SH16,peripheral,motorway,MWY,0.1411764705882353,0.8838403524299516,D,84.28773435652593,43.245213502604585,84.55624162921892,43.566620758211755,v3-2026-07-30-trip-suppression-fix
l_1749,,boundary,arterial,East,2.6524026347199503,10.152384067315612,F,93.87893242817293,51.528849290813326,94.36864059133393,52.14137492951401,v3-2026-07-30-trip-suppression-fix
l_291,,peripheral,arterial,East,1.5,8.09587050573162,F,103.82181585288141,14.587758999822961,104.1709519148382,15.824492092970116,v3-2026-07-30-trip-suppression-fix
l_502,,inner,arterial,CBD,1.437125748502994,5.9863611542958655,F,50.95607117321234,64.2664848685918,52.45581542182968,64.23896625102539,v3-2026-07-30-trip-suppression-fix
l_374,,peripheral,arterial,East,1.2464942349641632,6.761538845494171,F,122.05703166725341,45.760889409575576,122.20863463755362,44.56887467562283,v3-2026-07-30-trip-suppression-fix
l_1106,,inner,arterial,CBD,0.5155746509129968,1.0307031041988757,F,59.389231387559114,52.301070655641134,59.98369665385385,53.88469637087916,v3-2026-07-30-trip-suppression-fix
l_487,,peripheral,arterial,East,0.7751437245655965,5.82655208021583,F,109.97883978269351,24.175695609362258,110.4225522918125,24.653907024420178,v3-2026-07-30-trip-suppression-fix
l_1865,,peripheral,arterial,East,0.6990834239552587,3.791254822207249,F,66.47509144954758,25.117145745831465,66.75532766474298,26.166014510986074,v3-2026-07-30-trip-suppression-fix
l_157,,inner,arterial,CBD,2.1228918504540633,5.355239324696938,F,71.42027172486131,48.025512440539416,72.51495436720664,48.43773914186577,v3-2026-07-30-trip-suppression-fix
l_2386,,boundary,motorway,MWY,0.13333333333333333,0.04183292474005441,A,54.76549527446719,38.92465357789234,54.83373062356441,38.68241247093793,v3-2026-07-30-trip-suppression-fix
l_2245,,boundary,arterial,West,0.8900316455696203,4.600251001460898,F,58.94506781249516,69.49801981198192,59.6653422868612,69.64693644363454,v3-2026-07-30-trip-suppression-fix
l_972,,peripheral,arterial,East,0.5,1.296903511996687,F,102.23988409544138,9.022655521785314,102.26866583295596,9.400494792507832,v3-2026-07-30-trip-suppression-fix
l_1082,,boundary,arterial,East,0.7733619763694952,5.1140209617186585,F,66.01824350958259,69.85435293678233,66.26880810419661,70.4713459349989,v3-2026-07-30-trip-suppression-fix
l_668,,peripheral,arterial,East,1.1089548100914888,4.822391335638139,F,93.03148677723222,18.81528551705726,93.44236204648575,18.699552901642477,v3-2026-07-30-trip-suppression-fix
l_197,,inner,arterial,CBD,0.9380129758461659,2.3505906395862577,F,76.07424304646568,63.3717424778537,76.26212498286664,64.1250148207832,v3-2026-07-30-trip-suppression-fix
l_67,,peripheral,arterial,East,1.162715586848395,5.338928540512218,F,112.90643392091758,29.607549191535874,113.17528008776863,31.197116002251,v3-2026-07-30-trip-suppression-fix
l_1493,,peripheral,arterial,West,0.4670351054720947,0.5956401765951017,C,48.45445229467726,52.366728414543815,48.71377297810913,52.28089430355936,v3-2026-07-30-trip-suppression-fix
l_534,,peripheral,arterial,East,1.5,8.28079310748425,F,103.16852643092771,12.194534604577695,103.42418459583601,13.081660248598487,v3-2026-07-30-trip-suppression-fix
l_2085,SH16,peripheral,motorway,MWY,0.2823529411764706,2.8602949834987186,F,87.16541261073924,45.92367104709976,87.67331088998445,46.346687792152274,v3-2026-07-30-trip-suppression-fix
l_184,,peripheral,arterial,West,0.8705114254624592,7.8882292536096505,F,56.256678707080965,65.1961779462342,56.28338762277463,65.46595089865612,v3-2026-07-30-trip-suppression-fix
l_2110,,peripheral,arterial,West,0.8326972451599473,0.5732109838236193,C,49.898340408449265,10.287200357257893,51.82497587753683,11.035597422664797,v3-2026-07-30-trip-suppression-fix
l_308,,inner,arterial,CBD,2.1228918504540633,5.848320415729718,F,67.82793053989006,48.92957243619345,68.59537829962275,48.10463258034977,v3-2026-07-30-trip-suppression-fix
l_1783,SH1N,inner,motorway,MWY,0.26666666666666666,2.586949500378785,F,51.96220025911047,54.663882885503156,52.461123624879754,53.88777790301099,v3-2026-07-30-trip-suppression-fix
l_1115,,peripheral,arterial,East,4.69006487923083,3.5241125550263686,F,78.27642858065535,71.92549262647148,78.60074489497762,73.00056057133216,v3-2026-07-30-trip-suppression-fix
l_599,,peripheral,arterial,West,0.6384110657918071,8.652105244186865,F,35.36572445464771,41.66067944916726,35.79494132994891,41.35554576370837,v3-2026-07-30-trip-suppression-fix
l_271,,peripheral,arterial,West,0.6931407942238267,2.7322015822677836,F,60.26552505066133,23.177481659503353,60.80631266333057,23.0323980143972,v3-2026-07-30-trip-suppression-fix
l_506,,inner,arterial,CBD,0.51985559566787,6.3673160435782625,F,49.32606309764747,29.999946005263766,49.45148718222469,29.727381154535077,v3-2026-07-30-trip-suppression-fix
l_2678,SH1N,boundary,motorway,MWY,0.4,2.212812939568705,F,52.461123624879754,53.88777790301099,54.3168178838527,51.184848414248954,v3-2026-07-30-trip-suppression-fix
l_278,,peripheral,arterial,West,0.4163486225799736,3.9064548611165555,F,41.986055435263715,7.918815309245112,42.33620669458588,8.047533513322234,v3-2026-07-30-trip-suppression-fix
l_2218,,inner,arterial,CBD,0.9872318020271159,3.7237286542830947,F,97.40615461190092,69.32798405926783,98.5036345663708,68.71301775527895,v3-2026-07-30-trip-suppression-fix
l_2008,,peripheral,arterial,East,0.43914220888531064,3.032226931580984,F,69.29917065222463,68.55068808734492,69.39060559698635,68.79224067805009,v3-2026-07-30-trip-suppression-fix
l_332,,inner,arterial,CBD,1.415261233636042,4.480423607248341,F,74.22918563108018,49.43310691861998,74.49349172307936,49.61741299843831,v3-2026-07-30-trip-suppression-fix
l_941,,boundary,arterial,East,0.7897854416216927,1.100745235874824,F,87.4285688494408,74.16157052757397,88.09839164167468,73.93295303960706,v3-2026-07-30-trip-suppression-fix
l_17,,inner,arterial,CBD,0.9788726649808304,6.339268221571833,F,89.39873928521041,69.01705521567712,89.52263422621802,68.66341403448585,v3-2026-07-30-trip-suppression-fix
l_83,,inner,arterial,CBD,0.9380129758461659,2.667239397305879,F,76.66162801034746,65.73922665077025,76.96419264418996,66.81469838221345,v3-2026-07-30-trip-suppression-fix
l_597,,boundary,arterial,West,0.51985559566787,6.348296352592494,F,48.738428674370375,31.14583354077801,48.886082829988325,30.899887737200082,v3-2026-07-30-trip-suppression-fix
l_303,,peripheral,arterial,East,0.832523935063133,6.255242473881025,F,93.38708122474172,51.97040110126382,93.68684043099444,51.721599902505545,v3-2026-07-30-trip-suppression-fix
l_1283,,peripheral,arterial,West,1.8901606636564108,7.423419907167326,F,56.114680226208456,63.388020240501945,56.32606541401806,63.05982054201619,v3-2026-07-30-trip-suppression-fix
l_1079,,boundary,arterial,East,0.8929900282780175,8.58231239459611,F,96.4658299357641,56.18347061928901,96.91823777215785,55.95885743573806,v3-2026-07-30-trip-suppression-fix
l_1205,,boundary,arterial,East,1.184678162432539,4.579130001954521,F,92.93525087472551,72.11360880310504,93.73447562361224,71.82851945246047,v3-2026-07-30-trip-suppression-fix
l_572,,peripheral,arterial,West,0.4163486225799736,4.363468914077955,F,59.346238922922744,15.762116970461204,59.782838745666176,15.862190012256894,v3-2026-07-30-trip-suppression-fix
l_2512,SH1N,peripheral,motorway,MWY,0.2,2.189089011164785,F,54.3168178838527,51.184848414248954,54.70977198784677,50.84656411511451,v3-2026-07-30-trip-suppression-fix
l_31,,peripheral,arterial,West,5.040428436417096,7.3872802731304885,F,56.114680226208456,63.388020240501945,56.17207625134482,64.14370402021895,v3-2026-07-30-trip-suppression-fix
l_1760,,peripheral,arterial,West,0.51985559566787,2.31061794808707,F,53.553734176604436,24.65219235935953,54.573612108611755,24.55237793946717,v3-2026-07-30-trip-suppression-fix
l_1377,,peripheral,arterial,East,1.550287449131193,7.271875292063417,F,103.2508411483498,52.76013109582854,103.9397946473381,52.39596848608203,v3-2026-07-30-trip-suppression-fix
l_41,,inner,arterial,CBD,1.3530273988048258,1.6491817281221772,F,72.40769120143241,64.97992663724726,73.09222729638593,66.7240176771746,v3-2026-07-30-trip-suppression-fix
l_616,,peripheral,arterial,East,2.4929884699283265,6.496865023848946,F,120.09103860604743,60.365079213116616,120.10163903852856,58.608139274735734,v3-2026-07-30-trip-suppression-fix
l_1371,,boundary,arterial,East,0.9380129758461659,4.142218743872222,F,69.90742739754064,46.16156154953552,69.92317004128877,45.83695339836799,v3-2026-07-30-trip-suppression-fix
l_808,,peripheral,arterial,East,0.9701412094427078,14.074638153958965,F,72.51738312095013,20.357134741317427,72.63653273477681,20.922492786809368,v3-2026-07-30-trip-suppression-fix
l_844,,peripheral,arterial,East,1.293521612590277,14.084592674525137,F,72.63653273477681,20.922492786809368,72.7072231246955,21.218479863717985,v3-2026-07-30-trip-suppression-fix
l_1348,,peripheral,arterial,West,0.5904736911166514,2.4426844756175554,F,50.372327238151584,13.6027499728096,50.69692379383854,14.70487484598382,v3-2026-07-30-trip-suppression-fix
l_1374,,peripheral,arterial,West,0.8326972451599473,3.9184709505958275,F,53.13224760755773,11.200773498730635,53.61726759322485,11.570233857453232,v3-2026-07-30-trip-suppression-fix
l_920,,boundary,arterial,East,9.906828635452294,5.8929509697623175,F,68.94062341036035,47.96313561986152,70.50245947328503,47.77217709600998,v3-2026-07-30-trip-suppression-fix
l_407,,peripheral,arterial,West,0.9552619009711829,1.5067132589776904,F,14.552572749401495,47.20200301305013,15.445123067090424,47.26685798344814,v3-2026-07-30-trip-suppression-fix
l_1786,,peripheral,arterial,West,0.8512147543890761,0.1698649484739217,A,28.828449705395226,63.42803872377259,29.063093303299656,63.180523259673606,v3-2026-07-30-trip-suppression-fix
l_830,,peripheral,arterial,East,0.6587615283267457,4.138229908135913,F,99.17731541250967,11.484994891160891,99.89088353938105,11.28254088547251,v3-2026-07-30-trip-suppression-fix
l_645,,inner,arterial,CBD,1.4268727705112962,7.938815773225607,F,84.95418154754421,70.88311280576647,85.82062402986284,70.70491631388921,v3-2026-07-30-trip-suppression-fix
l_118,,peripheral,arterial,East,0.8326972451599473,4.398050643284733,F,63.725721108876655,17.49227415964829,64.39010580932049,18.15569880527333,v3-2026-07-30-trip-suppression-fix
l_2468,SH1S,peripheral,motorway,MWY,0.3789473684210526,3.457094849761773,F,70.30629292231427,27.749155313058328,70.85932826884891,27.09031587164849,v3-2026-07-30-trip-suppression-fix
l_2172,,boundary,arterial,West,6,9.455215137782742,F,49.65627609578162,60.48860823595705,50.204807783746894,60.06415870171038,v3-2026-07-30-trip-suppression-fix
l_712,,inner,arterial,CBD,0.7062701090794946,4.451404041812545,F,56.988096828092516,37.61582131624459,57.578859904655694,37.82117309781113,v3-2026-07-30-trip-suppression-fix
l_745,,peripheral,arterial,East,0.5953266855186784,5.586083860126607,F,100.58093550442095,54.161107311431834,101.07579731435075,53.881642159883825,v3-2026-07-30-trip-suppression-fix
l_73,,peripheral,arterial,West,0.5459260270233384,1.2673568175118481,F,47.17582294646184,32.47175549958748,47.59617876818396,32.86944332563377,v3-2026-07-30-trip-suppression-fix
l_361,,inner,arterial,CBD,0.8204567209079722,6.125872122392545,F,107.99666478625203,60.07712804819163,108.46929287016145,59.77103292301137,v3-2026-07-30-trip-suppression-fix
l_195,,peripheral,arterial,East,2.32543117369679,5.285480850516291,F,113.33141003675074,33.73472308894424,113.40268484984902,32.89556275122602,v3-2026-07-30-trip-suppression-fix
l_1466,,inner,arterial,CBD,4,1.8830796464078845,F,54.601457003357595,57.956488700539424,55.00893571652691,57.795244242644074,v3-2026-07-30-trip-suppression-fix
l_1904,,boundary,arterial,West,1.7024295087781522,5.251423376602152,F,46.4627385408681,33.89019902651251,47.59617876818396,32.86944332563377,v3-2026-07-30-trip-suppression-fix
l_2142,SH1S,peripheral,motorway,MWY,0.3789473684210526,2.415346169568509,F,77.36887730735127,20.564812472397445,78.26055509412377,19.413212758880512,v3-2026-07-30-trip-suppression-fix
l_2423,SH1S,peripheral,motorway,MWY,0.25263157894736843,3.4751725090375065,F,68.10340088513385,29.560612238759166,68.42285851212542,29.351428721122858,v3-2026-07-30-trip-suppression-fix
l_2379,,boundary,arterial,East,0.39489272081084636,0.45963908043893675,C,74.20233702682296,78.62352733780773,74.59298837555528,78.50688881137079,v3-2026-07-30-trip-suppression-fix
l_1276,,boundary,arterial,West,0.8782844177706213,1.9817637939321406,F,60.183906457535066,48.2324938814453,60.54359895708543,48.874511597902,v3-2026-07-30-trip-suppression-fix
l_1074,,inner,arterial,CBD,1.3674278681799537,6.973165572725423,F,98.55879211378273,57.658094585658226,100.09029669993842,58.17017319126349,v3-2026-07-30-trip-suppression-fix
l_254,,peripheral,arterial,West,0.7171029042667623,6.469495239228088,F,34.579581000249796,3.4868910197890117,34.67486260057886,2.7554381936193932,v3-2026-07-30-trip-suppression-fix
l_2092,,peripheral,arterial,East,1.785980056556035,5.732281845150318,F,97.17704338533345,55.8459450532657,97.50004725077318,55.67778679127608,v3-2026-07-30-trip-suppression-fix
l_514,,inner,arterial,CBD,4.995836802664447,4.826741654104638,F,80.88570138323726,61.363953161543286,83.48972467328285,62.26171774976253,v3-2026-07-30-trip-suppression-fix
l_785,,peripheral,arterial,East,1.1860051393556037,8.11508198700674,F,64.02685857431082,31.180652193133124,64.3589247678989,31.77762305157244,v3-2026-07-30-trip-suppression-fix
l_2581,,peripheral,arterial,West,1.0778443113772456,10.743449014828471,F,45.75882620164784,64.22663319610409,46.10449399598235,64.26860438115683,v3-2026-07-30-trip-suppression-fix
l_899,,inner,arterial,CBD,13.44139157936351,7.98874037354587,F,65.04529673321747,33.62980747862805,65.37049502225159,34.75892893840695,v3-2026-07-30-trip-suppression-fix
l_648,,boundary,arterial,East,1.3530273988048258,2.6058691217785053,F,74.64771262574864,70.88441532044997,75.05845412024367,71.93086614417015,v3-2026-07-30-trip-suppression-fix
l_724,,boundary,arterial,East,1.883386957545319,6.122084951917796,F,66.81325321532405,37.54309989421768,67.55166520542518,37.50246451841118,v3-2026-07-30-trip-suppression-fix
l_1822,,boundary,arterial,East,0,0,A,67.44177040921444,71.58484956953085,67.75056696475887,71.8223982887934,v3-2026-07-30-trip-suppression-fix
l_1356,,peripheral,arterial,West,0.3936491274111009,2.551377188308979,F,50.95285355465365,15.61907493991491,51.05021157094027,16.18484242311799,v3-2026-07-30-trip-suppression-fix
l_1428,,peripheral,arterial,West,1.2768221315836141,7.964838227952324,F,29.48889096285736,66.2537412667525,29.673640407118377,66.84494709908721,v3-2026-07-30-trip-suppression-fix
l_86,,inner,arterial,CBD,1.165139039925431,2.931440352618691,F,77.47989218787542,42.99480779658112,80.05201178107251,45.703972737526854,v3-2026-07-30-trip-suppression-fix
l_1,,peripheral,arterial,West,0.6384110657918071,7.967777638403311,F,33.55506511881598,46.0720152319914,33.84449708141225,45.25594081754156,v3-2026-07-30-trip-suppression-fix
l_2336,,inner,arterial,CBD,0.39489272081084636,3.864112159550932,F,95.00536727110902,71.18332959199535,95.43506928202694,70.9050897170522,v3-2026-07-30-trip-suppression-fix
l_222,,peripheral,arterial,West,0.7906700929037359,4.592875611179242,F,62.344034931930025,27.436435581392367,62.909256777284135,28.615194350702243,v3-2026-07-30-trip-suppression-fix
l_1319,,boundary,arterial,East,6.658739595719382,5.462965802148822,F,78.691192060888,73.188074916488,79.6613271912913,72.7377239308592,v3-2026-07-30-trip-suppression-fix
l_1059,,peripheral,arterial,West,1.1108368304122438,16.41510905013054,F,60.887990465952456,46.32769233043403,60.924484608854556,45.94865095390427,v3-2026-07-30-trip-suppression-fix
l_533,,inner,arterial,CBD,0.9380129758461659,2.9857718272575386,F,76.96419264418996,66.81469838221345,77.1995521797882,67.78330510375392,v3-2026-07-30-trip-suppression-fix
l_764,,inner,arterial,CBD,1.260107109104274,7.056581488247965,F,58.61557679123506,62.23398134375334,59.154975830174145,62.007853992161465,v3-2026-07-30-trip-suppression-fix
l_2252,SH16,peripheral,motorway,MWY,0.1411764705882353,0.08188780158909051,A,77.26155269766701,32.37740772031611,77.55545157062653,32.855574573707166,v3-2026-07-30-trip-suppression-fix
l_792,,peripheral,arterial,East,1.3681450233724775,15.796586043451148,F,66.38106518465302,29.443118125179492,66.74751254471882,29.274205902650944,v3-2026-07-30-trip-suppression-fix
l_358,,boundary,arterial,East,8.491567401816253,4.052170455379736,F,65.84798720220324,53.560550321934564,67.59393633821429,55.0959178438143,v3-2026-07-30-trip-suppression-fix
l_848,,peripheral,arterial,West,1.446480231436837,15.721125627375857,F,25.67302331002008,77.56619041915954,25.855796386435493,78.0493306162986,v3-2026-07-30-trip-suppression-fix
l_230,,peripheral,arterial,West,2.7790643816581753,6.50512586571629,F,43.083661446464575,45.22208932636541,43.22001107412681,45.54390816345848,v3-2026-07-30-trip-suppression-fix
l_45,,peripheral,arterial,East,1.8697413524462447,6.627587307305934,F,121.27267649330526,50.31605609538714,121.63151064679622,48.5796332799868,v3-2026-07-30-trip-suppression-fix
l_614,,peripheral,arterial,West,0.6732873253661,1.5091360982801638,F,12.163651983158868,72.43371258845286,12.838455797859599,72.47551143596816,v3-2026-07-30-trip-suppression-fix
l_2043,,inner,arterial,CBD,1.9181585677749362,1.350601095886851,F,54.10453983321792,58.12777182907482,54.601457003357595,57.956488700539424,v3-2026-07-30-trip-suppression-fix
l_754,,peripheral,arterial,West,1.9682456370555046,2.8136778935243147,F,52.66608875196017,23.668517093456877,53.1215946168522,24.79526131589832,v3-2026-07-30-trip-suppression-fix
l_107,,boundary,arterial,East,6.325360743229887,7.80269436530614,F,66.18877609814999,36.6897596250006,66.5307284376244,37.54830611452319,v3-2026-07-30-trip-suppression-fix
l_1782,,boundary,arterial,East,0.5933544303797469,4.789114896827231,F,64.33329631977993,70.45293118139321,64.57339037924574,70.50256418466411,v3-2026-07-30-trip-suppression-fix
l_2269,,inner,arterial,CBD,2.8140389275384976,2.771001131417198,F,67.5595949665603,40.2860462028036,68.14211873833149,41.221235801942,v3-2026-07-30-trip-suppression-fix
l_59,,peripheral,arterial,West,0.42560737719453806,7.960027566777682,F,33.45084826199009,46.31715503374983,33.55506511881598,46.0720152319914,v3-2026-07-30-trip-suppression-fix
l_424,,inner,arterial,CBD,0.4660556159701724,2.8654012616393523,F,77.05795624886015,42.51612623415185,77.47989218787542,42.99480779658112,v3-2026-07-30-trip-suppression-fix
l_1365,,peripheral,arterial,East,2,3.37553531194923,F,104.31538306862423,17.740704362018587,104.75050162513983,17.759631560391824,v3-2026-07-30-trip-suppression-fix
l_343,,peripheral,arterial,West,2.037351443123939,0.9430604932601729,E,54.790414310606764,39.87236972272349,55.07493113486969,39.97524862667511,v3-2026-07-30-trip-suppression-fix
l_426,,peripheral,arterial,East,1.8697413524462447,6.456741044638905,F,115.73841693499564,61.31119197639963,117.30487725860446,61.36303994193312,v3-2026-07-30-trip-suppression-fix
l_782,,boundary,arterial,East,0.39489272081084636,1.2259195067665718,F,77.12271813832574,77.73047126542916,77.62016723642606,77.58615147631306,v3-2026-07-30-trip-suppression-fix
l_441,,peripheral,arterial,East,1.8697413524462447,6.437835291335395,F,117.30487725860446,61.36303994193312,119.1538986518475,61.409599787911716,v3-2026-07-30-trip-suppression-fix
l_800,,peripheral,arterial,West,8.678881388621022,9.45810726875405,F,26.537383242184763,84.41507822347306,27.363925558451466,83.2378907499631,v3-2026-07-30-trip-suppression-fix
l_2093,,peripheral,arterial,West,1.54182191956829,12.3906015957426,F,19.89606651006187,85.10354362914642,19.910347990489626,85.88704028332418,v3-2026-07-30-trip-suppression-fix
l_9,,peripheral,arterial,West,1.5132408575031526,9.986568617901773,F,39.07219675464859,63.59229142641285,41.33762332584963,63.821111010822186,v3-2026-07-30-trip-suppression-fix
l_1754,,boundary,arterial,East,1.5914415808319702,10.159263675074545,F,96.16832299466648,54.21604884802822,97.0638454446813,55.60480721914638,v3-2026-07-30-trip-suppression-fix
l_102,,peripheral,arterial,West,0.9552619009711829,1.140618518891564,F,8.148804108213302,50.12899996174968,9.593175763770375,49.45416407566636,v3-2026-07-30-trip-suppression-fix
l_288,,peripheral,arterial,West,0.9552619009711829,1.8376795336682392,F,19.935796056810617,41.96912676686193,20.192649460808386,41.74824217341271,v3-2026-07-30-trip-suppression-fix
l_816,,peripheral,arterial,East,0.7544322897019992,1.582698175367577,F,79.39222039520915,30.040763602356257,79.8243558262689,29.897639816665812,v3-2026-07-30-trip-suppression-fix
l_414,,peripheral,arterial,West,2.312732879352435,12.390493657183042,F,20.177310226202337,82.63905330380759,20.33101384723842,81.52818713871184,v3-2026-07-30-trip-suppression-fix
l_2532,,boundary,arterial,East,1.184678162432539,3.297762944646557,F,114.44030911357665,63.98402954582265,115.22481130650839,64.07750355878663,v3-2026-07-30-trip-suppression-fix
l_794,,peripheral,arterial,West,2.312732879352435,13.127810282303935,F,20.747160974250612,78.11532684880811,20.881583126375002,77.13994100829224,v3-2026-07-30-trip-suppression-fix
l_1877,,boundary,arterial,West,2.577873254564984,3.8234741497747646,F,62.04091213904489,59.333213682293284,62.56522719797414,60.64785993785288,v3-2026-07-30-trip-suppression-fix
l_2146,SH16,peripheral,motorway,MWY,0.21176470588235297,1.9813894308876792,F,41.72647698632038,17.463874582806305,42.07703134939467,17.925744322197218,v3-2026-07-30-trip-suppression-fix
l_1520,,peripheral,arterial,West,1.3862815884476534,4.424544066955816,F,47.59617876818396,32.86944332563377,48.31868560840039,31.964323441884268,v3-2026-07-30-trip-suppression-fix
l_62,,peripheral,arterial,East,1.2464942349641632,6.555275560524959,F,115.12932246928952,61.295528587848004,115.73841693499564,61.31119197639963,v3-2026-07-30-trip-suppression-fix
l_603,,peripheral,arterial,East,1.2828736369467608,9.696754956107311,F,116.60441641335288,35.538496593822366,116.91170598033048,35.69492072497664,v3-2026-07-30-trip-suppression-fix
l_1765,SH1S,peripheral,motorway,MWY,0.1894736842105263,1.095944061722832,F,84.96035184208625,7.938049165044866,85.51529158202642,7.387236144932141,v3-2026-07-30-trip-suppression-fix
l_766,,peripheral,arterial,West,0.718562874251497,5.7396076462359495,F,54.99836319691501,64.16526226450581,55.41133629772163,64.15767771289701,v3-2026-07-30-trip-suppression-fix
l_753,,inner,arterial,CBD,0.8204567209079722,6.101549689449277,F,108.46929287016145,59.77103292301137,108.85548333009355,59.493573287192135,v3-2026-07-30-trip-suppression-fix
l_979,,peripheral,arterial,West,0.7872982548222018,6.643623617995822,F,54.638118647539876,26.875465062378005,55.589488874204086,27.77688257094954,v3-2026-07-30-trip-suppression-fix
l_1655,,inner,arterial,CBD,1.8901606636564108,2.7300623906910064,F,79.22255887109388,51.39488182530737,80.43487564907198,49.94006221877742,v3-2026-07-30-trip-suppression-fix
l_1927,,boundary,arterial,West,0.5155746509129968,3.8176955908672046,F,61.74391316991776,58.55491233454933,62.04091213904489,59.333213682293284,v3-2026-07-30-trip-suppression-fix
l_1268,,boundary,arterial,East,7.446478436239528,3.869970575235452,F,71.4152041612677,74.80883656913852,71.9765944393281,75.77143528366535,v3-2026-07-30-trip-suppression-fix
l_1145,,boundary,arterial,East,56,46.74203186941053,F,92.03296894979158,68.02229805492169,92.79408265927084,69.19735448919624,v3-2026-07-30-trip-suppression-fix
l_2562,SH1N,peripheral,motorway,MWY,0.26666666666666666,1.8339226464673188,F,53.807866416867896,51.92616661461143,54.52904381431009,51.00214845155103,v3-2026-07-30-trip-suppression-fix
l_608,,peripheral,arterial,West,0.4163486225799736,3.7943061533233866,F,36.899631159976956,3.174200817466635,37.1450881745734,3.5210531146608828,v3-2026-07-30-trip-suppression-fix
l_1002,,boundary,arterial,East,0.19744636040542318,1.2436490956956623,F,75.02672894130816,78.4448305625403,75.28657339780666,78.38598138298839,v3-2026-07-30-trip-suppression-fix
l_327,,peripheral,arterial,East,0.9701412094427078,14.041623271817205,F,72.37850218358771,19.900247069732195,72.51738312095013,20.357134741317427,v3-2026-07-30-trip-suppression-fix
l_646,,inner,arterial,CBD,1.3530273988048258,2.4598815530201437,F,73.91568303029801,68.92499321134198,74.18950563897673,69.6226280580766,v3-2026-07-30-trip-suppression-fix
l_1489,,peripheral,arterial,West,14.371257485029941,11.657347882686114,F,44.99560781838119,64.10548271931862,45.75882620164784,64.22663319610409,v3-2026-07-30-trip-suppression-fix
l_300,,peripheral,arterial,West,0.6662225183211192,3.0204080810475955,F,38.78302360652124,37.138859200928174,39.28980631483006,37.50795600611312,v3-2026-07-30-trip-suppression-fix
l_931,,inner,arterial,CBD,4,10.288893380858042,F,86.0452887326778,62.89008241051103,86.38854363352799,62.640487868716285,v3-2026-07-30-trip-suppression-fix
l_29,,peripheral,arterial,East,0.34657039711191334,2.648730631380686,F,62.96845920756803,22.398014489575356,63.20600543557695,22.31256086351536,v3-2026-07-30-trip-suppression-fix
l_1605,,peripheral,arterial,East,35.45831761599396,10.054180005193512,F,76.86036877778082,31.84428993706855,78.74426645536876,30.268956217343014,v3-2026-07-30-trip-suppression-fix
l_2645,,boundary,arterial,East,0.8929900282780175,8.438799832611018,F,95.97547989031678,56.7060801811761,96.21204954230274,56.566555217327355,v3-2026-07-30-trip-suppression-fix
l_708,,peripheral,arterial,East,10.278711207748566,14.211745373638871,F,63.79169292857984,30.49079872968815,64.02685857431082,31.180652193133124,v3-2026-07-30-trip-suppression-fix
l_615,,inner,arterial,CBD,1.1047689191677408,3.8468331852488364,F,52.39790150800914,82.37469043157401,52.78830011437159,83.50263199099263,v3-2026-07-30-trip-suppression-fix
l_447,,peripheral,arterial,West,1.2105926860025222,10.034904555189279,F,36.047557714434184,64.64755526746256,37.769562947338876,63.69718897123378,v3-2026-07-30-trip-suppression-fix
l_1589,,boundary,arterial,East,7.49375520399667,5.318996973504477,F,78.64845635725169,60.22310997772073,79.06516699450094,60.50573161007969,v3-2026-07-30-trip-suppression-fix
l_499,,peripheral,arterial,West,2.6931493014644,11.285766217839521,F,29.051701669472546,67.31573675116461,29.673640407118377,66.84494709908721,v3-2026-07-30-trip-suppression-fix
l_1306,,boundary,arterial,East,0.9380129758461659,3.504549043603783,F,78.18298137855709,71.57587458350308,78.27642858065535,71.92549262647148,v3-2026-07-30-trip-suppression-fix
l_969,,boundary,arterial,West,0.9590792838874681,1.3085971055180565,F,57.407573841442634,56.85090827522146,58.206780092184864,56.56595492603359,v3-2026-07-30-trip-suppression-fix
l_1400,,boundary,arterial,East,1.293521612590277,0.6042529493745755,C,86.14738469613144,53.15862571255355,86.68372484468301,52.77032123279098,v3-2026-07-30-trip-suppression-fix
l_914,,peripheral,arterial,West,0.7872982548222018,6.753875814287025,F,59.649679336806614,29.86434648592241,60.696295012661274,30.034275918203534,v3-2026-07-30-trip-suppression-fix
l_907,,peripheral,arterial,West,0.6732873253661,1.615078454467158,F,15.3217889430515,72.72768638765986,15.604851378302122,72.74956852759031,v3-2026-07-30-trip-suppression-fix
l_977,,peripheral,arterial,West,1.0756543564001435,6.494944902117469,F,34.320858529040066,4.788884331062761,34.54057727193056,3.730841017458006,v3-2026-07-30-trip-suppression-fix
l_1926,,boundary,arterial,West,0.5155746509129968,3.8261933090735414,F,61.583799926753976,58.12543558418083,61.74391316991776,58.55491233454933,v3-2026-07-30-trip-suppression-fix
l_215,,peripheral,arterial,West,0.6732873253661,1.510317448722064,F,11.357448835104252,72.34024476797593,12.163651983158868,72.43371258845286,v3-2026-07-30-trip-suppression-fix
l_2388,,inner,arterial,CBD,0.39489272081084636,3.706375363176055,F,99.25936730513611,68.42871382215652,99.71280601003023,68.25813010841078,v3-2026-07-30-trip-suppression-fix
l_405,,boundary,arterial,East,0.9380129758461659,4.136872881894909,F,69.90742739754064,46.16156154953552,69.99935428428324,46.4301311809854,v3-2026-07-30-trip-suppression-fix
l_2440,,peripheral,motorway,MWY,0.2,2.3781721011771872,F,49.79450913135496,59.94446400638409,50.045302908123446,58.957232655495595,v3-2026-07-30-trip-suppression-fix
l_154,,peripheral,arterial,East,27.36290046744955,17.182273121811075,F,63.79169292857984,30.49079872968815,65.71386312353862,29.806756660727483,v3-2026-07-30-trip-suppression-fix
l_479,,peripheral,arterial,West,0.2729630135116692,1.236083722064896,F,43.67867613875167,29.07647440180393,44.143969963197385,29.554424425276366,v3-2026-07-30-trip-suppression-fix
l_2662,,peripheral,arterial,West,0.42560737719453806,7.891270543401667,F,28.948483104308647,64.0474516095016,29.089758684259447,64.6394507985258,v3-2026-07-30-trip-suppression-fix
l_127,,boundary,arterial,West,2.5466893039049237,13.839158318872869,F,58.78181302058914,42.934075279293715,60.08996751302897,44.315390712289016,v3-2026-07-30-trip-suppression-fix
l_665,,peripheral,arterial,East,0.9321112319403448,5.174946305266651,F,69.1167495055837,31.60886044265956,69.77094647788392,32.89406806263051,v3-2026-07-30-trip-suppression-fix
l_30,,peripheral,arterial,West,0.8512147543890761,7.934295073453083,F,34.33790463427737,43.70643040416842,34.58782066203479,43.10728654037618,v3-2026-07-30-trip-suppression-fix
l_910,,peripheral,arterial,East,1.2828736369467608,9.809639053622764,F,114.8461036642214,34.51726830601215,115.3515094006383,34.8051317165802,v3-2026-07-30-trip-suppression-fix
l_20,,peripheral,arterial,East,0.5,0.26846670626682223,B,65.64228032759982,16.51103773392799,66.6903781839224,14.410678935586013,v3-2026-07-30-trip-suppression-fix
l_454,,boundary,arterial,West,1.3057671381936886,4.310391443147602,F,56.99111601630003,72.02035369645378,57.29010222009102,72.90673010474494,v3-2026-07-30-trip-suppression-fix
l_112,,peripheral,arterial,West,0.2729630135116692,1.1375597048519788,F,26.958152628980134,17.004083438764674,27.68118253603015,17.31520820833251,v3-2026-07-30-trip-suppression-fix
l_1534,SH1S,peripheral,motorway,MWY,0,0,A,79.3244536884013,15.05447860768151,79.34295535045088,15.065832046098118,v3-2026-07-30-trip-suppression-fix
l_355,,boundary,arterial,East,1.293521612590277,0.451669337508563,C,86.88301736275469,51.793673046567044,86.93016873018497,50.81984247240323,v3-2026-07-30-trip-suppression-fix
l_925,,peripheral,arterial,East,0.7544322897019992,1.5270283107881792,F,79.8243558262689,29.897639816665812,80.6244308433964,29.66663004599746,v3-2026-07-30-trip-suppression-fix
l_309,,boundary,arterial,East,1.415261233636042,5.9229247005154795,F,67.3005478766954,49.80413837125006,67.82793053989006,48.92957243619345,v3-2026-07-30-trip-suppression-fix
l_281,,peripheral,arterial,West,0.2729630135116692,1.154008911455971,F,28.5578100243917,17.70460642082063,29.192934738117824,17.963277779906274,v3-2026-07-30-trip-suppression-fix
l_236,,peripheral,arterial,East,1.162715586848395,6.197814288400095,F,108.46982879201212,22.528156201237426,109.33551067936077,23.484989208777264,v3-2026-07-30-trip-suppression-fix
l_462,,peripheral,arterial,West,6.628613515006444,7.499197445436182,F,47.66855459712167,69.94823975047932,48.32123071800632,71.1524598947514,v3-2026-07-30-trip-suppression-fix
l_500,,inner,arterial,CBD,0.9380129758461659,2.3647743853491137,F,75.81715706695309,62.40353590998845,76.07424304646568,63.3717424778537,v3-2026-07-30-trip-suppression-fix
l_1909,,peripheral,arterial,East,2.4929884699283265,7.455290217743351,F,122.60582264572177,41.399308708747704,122.69567547108049,41.037232735666066,v3-2026-07-30-trip-suppression-fix
l_1379,,peripheral,arterial,East,1.550287449131193,2.158869203075731,F,103.48067669638154,52.63864609996078,103.9397946473381,52.39596848608203,v3-2026-07-30-trip-suppression-fix
l_684,,inner,arterial,CBD,1.415261233636042,3.579125950517227,F,68.53899968943219,55.646056144061916,69.11457928555151,56.203002006373694,v3-2026-07-30-trip-suppression-fix
l_1756,,inner,arterial,CBD,2.4979184013322233,1.161593248741187,F,78.76087524176054,60.51135513019895,79.24505232266196,60.82672526593426,v3-2026-07-30-trip-suppression-fix
l_531,,boundary,arterial,East,2.7060547976096516,2.573644977540739,F,75.42472702495618,72.9240842775568,75.85871184117023,74.05118412738653,v3-2026-07-30-trip-suppression-fix
l_2590,,inner,arterial,CBD,0.39489272081084636,1.101914719221275,F,85.37493950857717,75.0064425633978,86.13030614591256,74.69414848581485,v3-2026-07-30-trip-suppression-fix
l_850,,boundary,arterial,West,2.2095378383354816,7.51729142476677,F,46.520830725619874,67.83419521457432,47.50995239258099,69.59980472525197,v3-2026-07-30-trip-suppression-fix
l_957,,peripheral,arterial,West,0.6732873253661,1.6056316438556222,F,16.8462750820757,72.86213469997472,17.151074176141904,72.88361960033481,v3-2026-07-30-trip-suppression-fix
l_50,,inner,arterial,CBD,0.4660556159701724,2.528986922757912,F,73.88413068294506,39.00724131093205,74.17215607017293,39.29921543933476,v3-2026-07-30-trip-suppression-fix
l_1766,SH1S,peripheral,motorway,MWY,0.1894736842105263,0.9290246595050385,E,85.51529158202642,7.387236144932141,86.39065294600516,6.533190951974246,v3-2026-07-30-trip-suppression-fix
l_7,,peripheral,arterial,West,0.2729630135116692,0.3374348208913767,B,14.16267206992958,21.02075980134098,14.219989880572841,20.587299202805738,v3-2026-07-30-trip-suppression-fix
l_1796,,boundary,arterial,East,0.39489272081084636,3.5128470194124324,F,110.2771595696091,64.60216806600864,110.70935067585489,64.45898202738962,v3-2026-07-30-trip-suppression-fix
l_538,,peripheral,arterial,East,0.6765136994024129,2.5940225464754874,F,75.05845412024367,71.93086614417015,75.17263294825382,72.22604967163326,v3-2026-07-30-trip-suppression-fix
l_1186,SH1S,peripheral,motorway,MWY,0.1894736842105263,0.721687900577092,D,86.39065294600516,6.533190951974246,87.62888317510843,5.3210689163522655,v3-2026-07-30-trip-suppression-fix
l_889,,peripheral,arterial,West,0.6732873253661,1.6202091212914085,F,18.959119157718842,73.06694931361326,20.06963750384834,73.15485135126279,v3-2026-07-30-trip-suppression-fix
l_1870,SH16,peripheral,motorway,MWY,0.21176470588235297,1.7364665396940784,F,46.71461786604591,22.750719440385005,46.92062178451132,23.314496123849654,v3-2026-07-30-trip-suppression-fix
l_151,,peripheral,arterial,West,0.6245229338699604,3.9428545455959454,F,40.054532155523674,6.900156083874466,41.986055435263715,7.918815309245112,v3-2026-07-30-trip-suppression-fix
l_1808,,peripheral,arterial,East,1.260107109104274,1.6325328205449914,F,84.55624162921892,43.566620758211755,84.69935380385046,43.07749278340039,v3-2026-07-30-trip-suppression-fix
l_875,,peripheral,arterial,East,0.34657039711191334,2.613712931976396,F,63.89790921486616,22.11063317007872,64.37349883939923,21.966740772064515,v3-2026-07-30-trip-suppression-fix
l_592,,peripheral,arterial,East,0.3233804031475693,0.8418796828175291,E,83.70137069900036,38.50144590706852,83.81554702213414,38.79662508554348,v3-2026-07-30-trip-suppression-fix
l_420,,inner,arterial,CBD,1.2487859025946997,6.3696615302519,F,92.08294553938917,56.670197145613685,92.61275717842703,55.930652377295964,v3-2026-07-30-trip-suppression-fix
l_1378,,peripheral,arterial,East,2.32543117369679,7.162127766112878,F,103.9397946473381,52.39596848608203,104.31439149020592,51.497118173635656,v3-2026-07-30-trip-suppression-fix
l_276,,peripheral,arterial,West,2.3720102787112074,4.453133000416089,F,60.26552505066133,23.177481659503353,60.474555799126385,23.90334988829351,v3-2026-07-30-trip-suppression-fix
l_778,,peripheral,arterial,West,0.4094445202675038,1.2340511872157613,F,45.427731500137845,30.801139189057874,46.22397489122295,31.543282954395114,v3-2026-07-30-trip-suppression-fix
l_266,,peripheral,arterial,East,1.0979358805445762,8.75779303117581,F,73.29293391250317,18.80230296617082,75.26042816471967,18.225434394067733,v3-2026-07-30-trip-suppression-fix
l_415,,inner,arterial,CBD,0.7365126127784938,3.484654793212546,F,53.20093694328608,84.65719116161277,53.38477405596671,85.19434360848355,v3-2026-07-30-trip-suppression-fix
l_1637,,peripheral,motorway,MWY,0.26666666666666666,1.6053198449718924,F,80.3784383385374,14.049804955866923,80.94211381015269,12.79615210939323,v3-2026-07-30-trip-suppression-fix
l_2138,,peripheral,motorway,MWY,0.13333333333333333,0.3112853611723884,B,57.404808572559816,47.256589734658704,57.584649395813265,47.577600920728216,v3-2026-07-30-trip-suppression-fix
l_1225,,peripheral,motorway,MWY,1.317426626655932,8.204033079692884,F,57.215330916065604,46.20341241236343,59.470430093001035,47.37378724526861,v3-2026-07-30-trip-suppression-fix
l_784,,peripheral,arterial,East,1.3175230566534915,8.815687373059328,F,72.14670202358586,19.120755876282022,72.96847240440836,18.88937323681051,v3-2026-07-30-trip-suppression-fix
l_121,,peripheral,arterial,East,1.550287449131193,7.133925032286625,F,105.61152915050488,48.77030886430576,106.49109268072078,46.970172440998155,v3-2026-07-30-trip-suppression-fix
l_234,,inner,arterial,CBD,0.4660556159701724,2.438930591614344,F,75.32726555570973,40.62921196747983,75.63802827473823,40.974817400909345,v3-2026-07-30-trip-suppression-fix
l_488,,peripheral,arterial,West,0.2729630135116692,1.2473265902383321,F,46.578138382687364,31.888133285511604,47.17582294646184,32.47175549958748,v3-2026-07-30-trip-suppression-fix
l_28,,peripheral,arterial,West,0.6245229338699604,3.8924143806644875,F,44.39118388122156,8.685540657988398,44.95962645086957,8.864306542158666,v3-2026-07-30-trip-suppression-fix
l_1803,,boundary,arterial,East,0,0,A,77.6714793558012,53.34243027959692,78.03295957510909,52.903326630060036,v3-2026-07-30-trip-suppression-fix
l_320,,boundary,arterial,West,3.7027894347074795,7.148887788834789,F,61.485947554636255,38.66820890128607,61.5204454732506,38.18109805684745,v3-2026-07-30-trip-suppression-fix
l_1199,SH1N,boundary,motorway,MWY,0.4666666666666667,2.5889754213553826,F,50.157972579024026,58.55544635747299,51.96220025911047,54.663882885503156,v3-2026-07-30-trip-suppression-fix
l_277,,peripheral,arterial,West,1.7024295087781522,8.628800513711479,F,34.91972039992311,42.2363815577569,35.36572445464771,41.66067944916726,v3-2026-07-30-trip-suppression-fix
l_2145,,peripheral,arterial,East,0.3090632807067247,0.8874001139168733,E,117.15978739784869,64.06842534598398,117.83308662414882,64.0288311646477,v3-2026-07-30-trip-suppression-fix
l_2601,,inner,arterial,CBD,0.5923390812162695,3.438404596145048,F,111.07633431675083,64.31701017505766,112.63524396539997,63.96363399899092,v3-2026-07-30-trip-suppression-fix
l_71,,peripheral,arterial,West,1.3324450366422385,2.9760884356475494,F,33.845689427382226,33.44544363196656,35.80756246244468,34.923061707502754,v3-2026-07-30-trip-suppression-fix
l_1472,,inner,arterial,CBD,0.39489272081084636,3.790385121374852,F,96.91275782413499,69.68849071544473,97.40615461190092,69.32798405926783,v3-2026-07-30-trip-suppression-fix
l_313,,peripheral,arterial,East,1.6634322151372332,4.028434330036364,F,97.27060470190436,17.655499622232853,99.15211684177766,17.134051952703206,v3-2026-07-30-trip-suppression-fix
l_647,,inner,arterial,CBD,2.029541098207239,2.131740826789418,F,73.22913578602629,67.07283563777267,73.91568303029801,68.92499321134198,v3-2026-07-30-trip-suppression-fix
l_202,,boundary,arterial,West,1.1047689191677408,5.256536110853856,F,48.93391582845936,72.54659555733755,49.18592036398048,73.24465908987568,v3-2026-07-30-trip-suppression-fix
l_1872,SH16,peripheral,motorway,MWY,0.2823529411764706,2.0463316019774482,F,49.511344857629844,25.888536433079363,49.68867320585987,26.07446749641536,v3-2026-07-30-trip-suppression-fix
l_113,,peripheral,arterial,West,1.3324450366422385,3.0158745723492504,F,39.70916501073208,37.85162503008587,40.19570474869588,38.302169088866755,v3-2026-07-30-trip-suppression-fix
l_109,,peripheral,arterial,West,1.064018442986345,8.760570339808277,F,42.92154396938171,36.38745235419842,43.75820054058184,35.777549300027054,v3-2026-07-30-trip-suppression-fix
l_951,,peripheral,arterial,West,0.2729630135116692,1.0702291010528056,F,34.12039286685029,19.954308666811688,34.80641616675846,20.61742786010533,v3-2026-07-30-trip-suppression-fix
l_710,,inner,arterial,CBD,1.3057671381936886,3.5887279807192685,F,59.08157987052399,78.08989422446795,59.67908891499268,79.83562392620523,v3-2026-07-30-trip-suppression-fix
l_440,,peripheral,arterial,West,0.2729630135116692,0.5626553124689614,C,8.620728905020284,22.28355522679413,9.096842275087386,22.166807835789175,v3-2026-07-30-trip-suppression-fix
l_706,,boundary,arterial,East,0.48007681228996646,6.4167882208061755,F,95.62030721267492,59.82073639361597,95.62734219700089,60.19897868217845,v3-2026-07-30-trip-suppression-fix
l_618,,peripheral,arterial,West,1.00993098804915,11.20504749108333,F,26.07238139930309,69.66727884791707,26.2650441370088,69.50161069839838,v3-2026-07-30-trip-suppression-fix
l_749,,peripheral,arterial,West,1.0756543564001435,2.480317823322255,F,32.15849146822054,11.341740268758956,32.69477780582291,9.764417161929732,v3-2026-07-30-trip-suppression-fix
l_1160,,boundary,arterial,West,1.3057671381936886,4.598676682238209,F,56.57648856515048,70.75773242738443,56.66875643419824,69.86416767783882,v3-2026-07-30-trip-suppression-fix
l_193,,inner,arterial,CBD,3.9533504645186794,7.5922201271344,F,65.77564147931554,35.76447704707274,66.18877609814999,36.6897596250006,v3-2026-07-30-trip-suppression-fix
l_210,,peripheral,arterial,West,0.9993337774816788,2.9508056378283243,F,29.923016089908046,30.544188691556855,31.906070901338584,31.994428180032507,v3-2026-07-30-trip-suppression-fix
l_312,,inner,arterial,CBD,0.8204567209079722,5.566832880635989,F,112.94925838259698,59.8226876909733,113.21563314092414,60.11501533830143,v3-2026-07-30-trip-suppression-fix
l_344,,peripheral,arterial,West,0.7171029042667623,6.48030328595381,F,34.54057727193056,3.730841017458006,34.579581000249796,3.4868910197890117,v3-2026-07-30-trip-suppression-fix
l_1538,,peripheral,arterial,East,8.407890481836802,15.582348456642459,F,73.49056468457023,23.609380692674144,73.76033762530636,24.090877441188407,v3-2026-07-30-trip-suppression-fix
l_1176,,peripheral,arterial,West,1.03971119133574,2.461111498935074,F,49.88699146194675,28.584282569702506,50.00012073382462,28.825444210029534,v3-2026-07-30-trip-suppression-fix
l_524,,peripheral,arterial,East,0.48007681228996646,4.029311728144831,F,91.37421086995198,68.84530934288631,91.60778624894593,68.54368656404685,v3-2026-07-30-trip-suppression-fix
l_294,,peripheral,arterial,East,1.1089548100914888,3.7977622842198433,F,101.68150962704725,16.38432238909062,102.5472068574894,16.179030222583442,v3-2026-07-30-trip-suppression-fix
l_2285,,boundary,arterial,East,0.5933544303797469,4.78962298206098,F,64.57339037924574,70.50256418466411,64.83522069645699,70.55179674303301,v3-2026-07-30-trip-suppression-fix
l_1434,,peripheral,arterial,East,2.4929884699283265,1.3162401746040322,F,122.60582264572177,41.399308708747704,122.69221806781324,40.20851205380504,v3-2026-07-30-trip-suppression-fix
l_1742,,inner,arterial,CBD,0.39489272081084636,0.10495458636246925,A,94.01955939567458,71.95836419580954,94.75760518399456,71.37811824789006,v3-2026-07-30-trip-suppression-fix
l_835,,peripheral,arterial,East,0.6990834239552587,5.0280817608625625,F,68.30444702151331,30.00224808447742,68.46256018406585,30.32365092800221,v3-2026-07-30-trip-suppression-fix
l_2185,SH1S,peripheral,motorway,MWY,0.12631578947368421,0.22967127279850205,A,88.58763038987404,4.276280946767307,89.32106543867857,3.6450025409067117,v3-2026-07-30-trip-suppression-fix
l_704,,peripheral,arterial,West,1.2768221315836141,8.690371129758645,F,40.92520043647218,37.77531825608538,42.01968492798666,36.998545569161564,v3-2026-07-30-trip-suppression-fix
l_750,,peripheral,arterial,East,0.3233804031475693,0.9233205327255279,E,82.36202744827492,35.445200928721555,82.54089711622093,35.71215703421988,v3-2026-07-30-trip-suppression-fix
l_943,,peripheral,arterial,West,0.42560737719453806,7.972933198391977,F,32.41904627356739,49.33591086365503,32.605257529280145,48.819012167605855,v3-2026-07-30-trip-suppression-fix
l_2212,,peripheral,arterial,West,0.8512147543890761,7.91040170120053,F,29.089758684259447,64.6394507985258,29.27796259617457,65.4197771837638,v3-2026-07-30-trip-suppression-fix
l_2007,,boundary,arterial,East,0.43914220888531064,3.0272835503928017,F,69.39060559698635,68.79224067805009,69.4820407369622,69.03379323205994,v3-2026-07-30-trip-suppression-fix
l_1767,SH1S,peripheral,motorway,MWY,0.12631578947368421,0.5729286747409578,C,87.62888317510843,5.3210689163522655,88.37485515037113,4.523466121909161,v3-2026-07-30-trip-suppression-fix
l_609,,inner,arterial,CBD,4,10.395302037375307,F,87.28538463256781,61.759029567199676,87.4987260507792,61.53886562834153,v3-2026-07-30-trip-suppression-fix
l_1328,,boundary,arterial,East,0.7733619763694952,5.040153090606254,F,64.78468473017887,66.6338974288172,65.26556100225024,67.9493378093099,v3-2026-07-30-trip-suppression-fix
l_713,,inner,arterial,CBD,0.9512485136741975,7.827482606387756,F,82.4058292623274,71.82213525310672,82.6434266360946,71.7366612555506,v3-2026-07-30-trip-suppression-fix
l_226,,peripheral,arterial,East,0.43917435221783047,4.385547882838571,F,86.5916285183731,15.015838603926118,87.0030007275946,14.92713592971127,v3-2026-07-30-trip-suppression-fix
l_354,,boundary,arterial,East,1.293521612590277,1.0847866372288633,F,86.93016873018497,50.81984247240323,86.98484093866688,50.25127140086294,v3-2026-07-30-trip-suppression-fix
l_588,,peripheral,arterial,West,0.6384110657918071,8.68537157748896,F,40.56070078706607,38.05225262882678,40.92520043647218,37.77531825608538,v3-2026-07-30-trip-suppression-fix
l_1993,,inner,arterial,CBD,0.658713313327966,3.1058056268933187,F,69.4820407369622,69.03379323205994,69.9619536507304,70.29518922611199,v3-2026-07-30-trip-suppression-fix
l_720,,peripheral,arterial,East,3.7394827048924895,6.849187347380924,F,122.52951825010169,41.968299058293844,122.60582264572177,41.399308708747704,v3-2026-07-30-trip-suppression-fix
l_663,,boundary,arterial,East,1.6409134418159443,3.6827938865597662,F,115.11652217168017,63.624565329399076,115.22481130650839,64.07750355878663,v3-2026-07-30-trip-suppression-fix
l_481,,boundary,arterial,West,0.7062701090794946,8.263390022486202,F,53.87968625178682,36.456745482464065,54.514902260431754,36.71534202606699,v3-2026-07-30-trip-suppression-fix
l_232,,peripheral,arterial,East,9.512485136741974,8.63249143487875,F,75.85871184117023,74.05118412738653,76.6362277816103,73.76656287144189,v3-2026-07-30-trip-suppression-fix
l_390,,peripheral,arterial,East,0.6467608062951385,1.2924406294592705,F,80.58236816714985,33.26194376468249,81.78295799544435,34.69917053726858,v3-2026-07-30-trip-suppression-fix
l_1547,SH1S,peripheral,motorway,MWY,0.25263157894736843,1.8585447956814418,F,50.66224571336918,27.002525327591194,50.7546373797436,27.29811996730244,v3-2026-07-30-trip-suppression-fix
l_891,,inner,arterial,CBD,1.260107109104274,2.835901672823376,F,80.69117831584225,49.69208389607326,81.05114349628595,49.17192259123796,v3-2026-07-30-trip-suppression-fix
l_1540,,peripheral,motorway,MWY,0.6666666666666666,2.562221433923358,F,73.76033762530636,24.090877441188407,74.40343805368384,23.117167045711216,v3-2026-07-30-trip-suppression-fix
l_1776,SH1S,peripheral,motorway,MWY,0.25263157894736843,2.404637970807293,F,79.11547301443176,17.45149042505728,79.55429144422294,16.497444047093744,v3-2026-07-30-trip-suppression-fix
l_2057,,boundary,arterial,East,0.9321112319403448,0.6052259831785505,C,82.25720365208501,48.63876155247826,82.65695102383421,49.00708608487663,v3-2026-07-30-trip-suppression-fix
l_1370,,peripheral,arterial,East,1.162715586848395,6.183567492206373,F,104.98192100158795,18.512073020220274,105.29572910928577,19.019739429552253,v3-2026-07-30-trip-suppression-fix
l_125,,inner,arterial,CBD,0.9788726649808304,6.692872393637909,F,92.03767611801433,58.91424556394204,92.59159550062452,59.4715317246036,v3-2026-07-30-trip-suppression-fix
l_938,,peripheral,arterial,East,3.5097981866042702,1.93516411201013,F,71.91290464729968,18.23319513559029,72.14670202358586,19.120755876282022,v3-2026-07-30-trip-suppression-fix
l_634,,inner,arterial,CBD,0.4660556159701724,0.9328441368607004,E,89.27113355970832,56.28989760791533,89.69161946448213,56.687503918493874,v3-2026-07-30-trip-suppression-fix
l_1189,,peripheral,arterial,West,8,1.5734499913643052,F,51.58802133868618,51.33629838655588,52.97900184052111,51.31076716025642,v3-2026-07-30-trip-suppression-fix
l_147,,peripheral,arterial,East,0.9321112319403448,4.94656391227782,F,64.39010580932049,18.15569880527333,64.61339702017465,18.47590338906229,v3-2026-07-30-trip-suppression-fix
l_781,,inner,arterial,CBD,0.9321112319403448,2.495876559054952,F,71.86897455166532,37.01744642841837,72.95436136552796,38.10550277253727,v3-2026-07-30-trip-suppression-fix
l_126,,inner,arterial,CBD,0.7405578869414959,7.019977945475342,F,61.263014156469026,40.72632073934408,61.33998282410627,40.18437565633962,v3-2026-07-30-trip-suppression-fix
l_1075,,peripheral,arterial,West,3.4820457018498367,7.6303526266712165,F,56.68502148924751,69.56657895168362,56.715064517853946,68.8363153752497,v3-2026-07-30-trip-suppression-fix
l_876,,peripheral,arterial,East,0.6587615283267457,4.366110200923529,F,90.52797910869336,13.942877608033063,91.37144208454141,13.711017694944955,v3-2026-07-30-trip-suppression-fix
l_857,,peripheral,arterial,East,9.577015163607342,15.41123117368534,F,66.74751254471882,29.274205902650944,67.60879996164446,28.82590664672896,v3-2026-07-30-trip-suppression-fix
l_463,,peripheral,arterial,West,22.831890996133307,8.393017945017549,F,48.32123071800632,71.1524598947514,48.84250379985112,72.305034748848,v3-2026-07-30-trip-suppression-fix
l_432,,peripheral,arterial,West,0.9552619009711829,2.482118798694054,F,32.22183634060601,40.93435165342156,32.484114490381536,41.010640804606915,v3-2026-07-30-trip-suppression-fix
l_895,,peripheral,arterial,West,0.6384110657918071,7.907086863608113,F,31.300284191441023,53.54540039863491,31.502800738853786,52.730917123186046,v3-2026-07-30-trip-suppression-fix
l_292,,peripheral,arterial,West,0.4094445202675038,1.0127959439334064,F,20.12700620431193,14.317854676588565,21.090033019984215,14.678683603041085,v3-2026-07-30-trip-suppression-fix
l_673,,peripheral,arterial,East,0.43917435221783047,4.080856946696984,F,100.99357657658535,10.96474025228029,101.51257874172897,10.819952722490436,v3-2026-07-30-trip-suppression-fix
l_1739,,inner,arterial,CBD,0.7897854416216927,1.226193608078658,F,81.08005577299889,76.54926355530483,81.33539754539818,76.45979521838711,v3-2026-07-30-trip-suppression-fix
l_263,,peripheral,arterial,East,2,1.3772801051548154,F,102.26866583295596,9.400494792507832,102.55007734153769,10.503356300710722,v3-2026-07-30-trip-suppression-fix
l_364,,boundary,arterial,East,0.8204567209079722,6.39593592371105,F,106.59899582020059,60.91395011494743,107.11610624288761,60.661083712013856,v3-2026-07-30-trip-suppression-fix
l_559,,peripheral,arterial,West,0.7171029042667623,2.396260552359411,F,30.933286710960843,14.472141602147115,31.058229188577965,14.172570820586582,v3-2026-07-30-trip-suppression-fix
l_2022,,inner,arterial,CBD,0.8900316455696203,4.789845410749209,F,61.911622799451074,70.01102042117412,62.80628848604008,70.18374450760972,v3-2026-07-30-trip-suppression-fix
l_1835,,peripheral,motorway,MWY,0.26666666666666666,0.31213418846641505,B,57.00066621402222,46.561331295919516,57.404808572559816,47.256589734658704,v3-2026-07-30-trip-suppression-fix
l_984,,inner,arterial,CBD,1.4268727705112962,7.70668580214183,F,80.78511428794562,72.36560725696413,81.5413821854528,72.10838629623474,v3-2026-07-30-trip-suppression-fix
l_446,,peripheral,arterial,West,0.2729630135116692,0.5628645934119673,C,8.013247061251363,22.348633492839774,8.620728905020284,22.28355522679413,v3-2026-07-30-trip-suppression-fix
l_769,,peripheral,arterial,East,1.7548990933021351,1.8835429167940143,F,71.3993559895461,16.323788369085356,71.70183893190438,17.39926773257083,v3-2026-07-30-trip-suppression-fix
l_637,,inner,arterial,CBD,1.4683089974712455,6.802241841114623,F,92.70736870500535,63.3612164894368,93.29637699962102,62.29625381690608,v3-2026-07-30-trip-suppression-fix
l_1271,,peripheral,arterial,West,0.8782844177706213,2.141058679669604,F,60.005554820942166,47.992536583867455,60.183906457535066,48.2324938814453,v3-2026-07-30-trip-suppression-fix
l_767,,boundary,arterial,East,3.7520519033846638,5.934585565609362,F,66.5307284376244,37.54830611452319,66.73779684919414,38.16609945018584,v3-2026-07-30-trip-suppression-fix
l_937,,peripheral,arterial,West,0.6384110657918071,7.9060616974543665,F,31.502800738853786,52.730917123186046,31.684075645716092,51.943847527863355,v3-2026-07-30-trip-suppression-fix
l_507,,inner,arterial,CBD,0.51985559566787,6.271041634163223,F,49.45148718222469,29.727381154535077,49.61938103076388,29.39998423668424,v3-2026-07-30-trip-suppression-fix
l_841,,peripheral,arterial,East,0.7751437245655965,5.318571340881631,F,112.74875557728336,29.31319530064335,112.90643392091758,29.607549191535874,v3-2026-07-30-trip-suppression-fix
l_328,,inner,arterial,CBD,0.4660556159701724,2.4454816838617597,F,75.63802827473823,40.974817400909345,75.97152524439069,41.37405555633217,v3-2026-07-30-trip-suppression-fix
l_1820,,peripheral,arterial,East,1.8901606636564108,9.48853816127076,F,84.15884212581382,44.41180120728222,84.55624162921892,43.566620758211755,v3-2026-07-30-trip-suppression-fix
l_773,,inner,arterial,CBD,1.4730252255569876,5.219603205157882,F,49.4389192227232,73.99675673960067,49.91971022613255,75.31222940789276,v3-2026-07-30-trip-suppression-fix
l_165,,peripheral,arterial,East,1.9243104554201411,9.881175243735774,F,121.55093622211334,38.473101832300074,122.3702396828615,39.26859188617043,v3-2026-07-30-trip-suppression-fix
l_950,,inner,arterial,CBD,1.3057671381936886,4.179625510248519,F,57.45071310501181,73.36322707340747,57.75020030647787,74.27662008917515,v3-2026-07-30-trip-suppression-fix
l_823,,peripheral,arterial,East,0.7544322897019992,1.5845101874224032,F,79.13293886946906,30.126637432378583,79.39222039520915,30.040763602356257,v3-2026-07-30-trip-suppression-fix
l_2688,,inner,arterial,CBD,0.8782844177706213,3.2478305644241057,F,66.46478413796704,61.06253952553714,67.17348788102349,62.941334292967575,v3-2026-07-30-trip-suppression-fix
l_143,,boundary,arterial,East,0.9512485136741975,7.735572777399646,F,80.0505810352026,72.62242364508671,80.52577913799671,72.4514808872032,v3-2026-07-30-trip-suppression-fix
l_1519,,peripheral,arterial,West,1.3862815884476534,5.506248027733394,F,47.79573943349853,33.0819948251006,48.31868560840039,31.964323441884268,v3-2026-07-30-trip-suppression-fix
l_100,,boundary,arterial,West,6.73778775968557,5.561595414210726,F,60.80485960601981,45.35627036157406,61.4001317421166,45.80476742262413,v3-2026-07-30-trip-suppression-fix
l_2564,,peripheral,motorway,MWY,0.5333333333333333,2.540831265593952,F,54.84337716773664,36.84443996626127,54.85581067271784,37.51987161663921,v3-2026-07-30-trip-suppression-fix
l_508,,inner,arterial,CBD,0.9416934787726595,5.314055974640015,F,62.473197068878214,37.974377665838496,63.55634310055877,37.76525197287794,v3-2026-07-30-trip-suppression-fix
l_580,,peripheral,arterial,West,1.03971119133574,2.384995894187267,F,59.91981909132407,23.29194827770564,60.26552505066133,23.177481659503353,v3-2026-07-30-trip-suppression-fix
l_1792,,boundary,arterial,East,0.8204567209079722,5.614959266084724,F,110.2298857455269,58.57608831545748,110.57159276244305,58.24540056785427,v3-2026-07-30-trip-suppression-fix
l_756,,peripheral,arterial,West,0.2729630135116692,1.232752493934552,F,46.22397489122295,31.543282954395114,46.578138382687364,31.888133285511604,v3-2026-07-30-trip-suppression-fix
l_963,,peripheral,arterial,West,1.0778443113772456,6.16543127640309,F,49.19699130200595,64.37982714894805,49.674674255373986,64.34404111685214,v3-2026-07-30-trip-suppression-fix
l_550,,peripheral,arterial,West,0.2729630135116692,1.047731803913055,F,32.45451668578015,19.200983829058003,32.914322210954026,19.381767932668083,v3-2026-07-30-trip-suppression-fix
l_653,,peripheral,arterial,West,0.8512147543890761,7.954991940216955,F,29.946834492384088,59.19155118606064,30.22988037189786,58.024260059792724,v3-2026-07-30-trip-suppression-fix
l_404,,boundary,arterial,East,0.3090632807067247,0.4255937781691893,B,125.15647675845219,63.810915565916524,127.95733350439917,63.59635308837599,v3-2026-07-30-trip-suppression-fix
l_2689,,peripheral,arterial,East,0,0,A,66.91059619687547,20.61940244846136,67.10689087911975,20.48396774984945,v3-2026-07-30-trip-suppression-fix
l_960,,peripheral,arterial,East,2.1958717610891525,4.059022284136456,F,101.81528772792824,10.733241270101217,102.55007734153769,10.503356300710722,v3-2026-07-30-trip-suppression-fix
l_1444,,peripheral,arterial,West,2,2.29532505810849,F,47.93007718697632,72.34878665922488,48.07578010024718,71.99477423500666,v3-2026-07-30-trip-suppression-fix
l_2266,,peripheral,motorway,MWY,1.446480231436837,14.03524641444622,F,24.78930286728638,89.90620079474266,24.858954648088062,90.14816718611766,v3-2026-07-30-trip-suppression-fix
l_23,,inner,arterial,CBD,6.240998559769563,4.225809044574814,F,87.21124072397012,70.6521428678054,89.3955632419964,70.01709731542171,v3-2026-07-30-trip-suppression-fix
l_1732,,peripheral,arterial,West,1.5467239527389904,4.68526827719833,F,62.56522719797414,60.64785993785288,62.81776498788476,61.37292571624356,v3-2026-07-30-trip-suppression-fix
l_985,,peripheral,arterial,West,1.5280135823429541,13.864269994855192,F,57.76267550723545,41.89878278073104,58.42761061428287,42.58924470487888,v3-2026-07-30-trip-suppression-fix
l_678,,peripheral,arterial,West,1.54182191956829,13.28177467836825,F,21.014033014049886,76.05648641136715,21.052086662157677,75.75850669401079,v3-2026-07-30-trip-suppression-fix
l_1843,,peripheral,arterial,East,1.3981668479105174,3.8241071488063763,F,65.5419863242516,21.674948605585637,65.89837991321727,22.459408351024813,v3-2026-07-30-trip-suppression-fix
l_1787,,peripheral,arterial,West,0.9340702109441894,0.2915695609509701,B,52.3921818020214,51.32153814891499,53.25856253837734,51.1434765442078,v3-2026-07-30-trip-suppression-fix
l_108,,peripheral,arterial,West,16.29227351271291,7.2132111456551025,F,60.80485960601981,45.35627036157406,60.930097372138135,43.89453909560911,v3-2026-07-30-trip-suppression-fix
l_347,,peripheral,arterial,West,0.9993337774816788,2.8263831300397384,F,24.037733355692705,26.111121451821912,25.823146071098005,27.456912121633646,v3-2026-07-30-trip-suppression-fix
l_504,,peripheral,arterial,East,0.3090632807067247,0.42779063671024603,B,133.130838192187,62.3643331192384,134.76395624930927,61.33372528134379,v3-2026-07-30-trip-suppression-fix
l_815,,peripheral,arterial,East,0.43917435221783047,4.076380984704089,F,101.51257874172897,10.819952722490436,101.81528772792824,10.733241270101217,v3-2026-07-30-trip-suppression-fix
l_832,,peripheral,arterial,West,0.2729630135116692,1.0719964505492237,F,33.37412857840073,19.562551042555498,34.12039286685029,19.954308666811688,v3-2026-07-30-trip-suppression-fix
l_265,,peripheral,arterial,West,2.6931493014644,6.724354441006328,F,22.685429373062288,72.32348419454668,23.242681989488776,71.88091929891863,v3-2026-07-30-trip-suppression-fix
l_167,,boundary,arterial,East,0.7201152184349496,6.035098322700449,F,93.94048829746725,65.36533903997785,94.25698014732225,64.84596163196238,v3-2026-07-30-trip-suppression-fix
l_858,,peripheral,arterial,West,0.4094445202675038,1.1307525735963537,F,24.35348389889819,16.024582852657694,24.66017545711453,16.154123118891604,v3-2026-07-30-trip-suppression-fix
l_797,,peripheral,arterial,West,0.47084673938632976,4.450229610661044,F,55.171355121145496,36.94652013262038,55.47809825859257,37.07601636840812,v3-2026-07-30-trip-suppression-fix
l_2024,,boundary,arterial,East,1.1867088607594938,5.7610299664600815,F,72.85907041349095,74.10654373911623,73.7102919387007,74.28002372688447,v3-2026-07-30-trip-suppression-fix
l_214,,peripheral,arterial,West,3.6162005785920925,16.319468093565078,F,24.238027297717988,73.99785629994628,24.944404743697714,75.76871391045684,v3-2026-07-30-trip-suppression-fix
l_714,,peripheral,arterial,West,0.2729630135116692,1.026564210648079,F,21.944412559906883,15.041487566721257,22.338514977887286,15.196464898997053,v3-2026-07-30-trip-suppression-fix
l_845,,peripheral,arterial,East,0.6990834239552587,6.000468147525351,F,67.98722386930352,29.30540746056039,68.30444702151331,30.00224808447742,v3-2026-07-30-trip-suppression-fix
l_968,,inner,arterial,CBD,0.48007681228996646,6.118863051434592,F,94.98858867076105,63.2648424423794,95.11297254975042,62.938214680546714,v3-2026-07-30-trip-suppression-fix
l_537,,boundary,arterial,East,0.9380129758461659,4.121152249929218,F,70.2286731667003,47.07453781757526,70.3428338035905,47.36972377019705,v3-2026-07-30-trip-suppression-fix
l_2136,SH16,peripheral,motorway,MWY,0.21176470588235297,0.4912179506499005,C,6.354425405604306,11.21694535711378,8.30764198059244,11.046367011593231,v3-2026-07-30-trip-suppression-fix
l_2058,,peripheral,arterial,East,0.4660556159701724,0.6078116509652883,C,82.09757664711329,48.15258459901358,82.25720365208501,48.63876155247826,v3-2026-07-30-trip-suppression-fix
l_2370,,boundary,motorway,MWY,0.5333333333333333,2.0523854239495614,F,54.84204280116746,38.244766432071046,55.07493113486969,39.97524862667511,v3-2026-07-30-trip-suppression-fix
l_247,,boundary,arterial,East,1.260107109104274,9.052002906802553,F,82.82720406952839,46.46343850540144,83.04003216242377,46.21626127244332,v3-2026-07-30-trip-suppression-fix
l_2690,,boundary,arterial,East,0.5933544303797469,5.7379714043951155,F,74.6899357895852,74.34302419512628,75.14637704604353,74.37686654868502,v3-2026-07-30-trip-suppression-fix
l_2648,,inner,arterial,CBD,4.69006487923083,4.668340940446188,F,67.70773375932492,40.06710393206882,68.14211873833149,41.221235801942,v3-2026-07-30-trip-suppression-fix
l_998,,peripheral,arterial,East,2.052217535058716,15.929087573077519,F,65.71386312353862,29.806756660727483,66.38106518465302,29.443118125179492,v3-2026-07-30-trip-suppression-fix
l_923,,boundary,arterial,West,0.718562874251497,1.8324600477642643,F,56.975789666826095,64.10191157207261,57.25884768353421,64.12373676683629,v3-2026-07-30-trip-suppression-fix
l_21,,peripheral,arterial,West,0.9993337774816788,2.991927453531182,F,31.906070901338584,31.994428180032507,33.845689427382226,33.44544363196656,v3-2026-07-30-trip-suppression-fix
l_527,,peripheral,arterial,East,3.9154906599233215,6.704900148062537,F,90.9308499919602,57.85370365364385,91.75010104614312,58.64931212548191,v3-2026-07-30-trip-suppression-fix
l_224,,peripheral,arterial,East,0.7751437245655965,5.722272762382323,F,110.7788359997536,25.106720724862917,110.96076391356546,25.53575777807992,v3-2026-07-30-trip-suppression-fix
l_418,,peripheral,arterial,West,1.1047689191677408,7.508943374763194,F,45.73280094593361,66.36218699020907,46.20561754174378,67.24539225542652,v3-2026-07-30-trip-suppression-fix
