link_id,sh,position,class,group,vc_peak,vcf_peak,los_peak,x1,y1,x2,y2,model_version
l_2340,SH1N,boundary,motorway,MWY,0.4,1.9873479928485616,F,52.461123624879754,53.88777790301099,53.807866416867896,51.92616661461143,v3-2026-07-30-trip-suppression-fix
l_1344,,inner,arterial,CBD,0.7897854416216927,1.4498681392006456,F,74.59298837555528,78.50688881137079,75.02672894130816,78.4448305625403,v3-2026-07-30-trip-suppression-fix
l_616,,peripheral,arterial,East,1.8697413524462447,8.414513430968514,F,120.09103860604743,60.365079213116616,120.10163903852856,58.608139274735734,v3-2026-07-30-trip-suppression-fix
l_1726,,inner,arterial,CBD,1.260107109104274,2.732731407487096,F,78.82161839585643,52.05092945751798,79.22255887109388,51.39488182530737,v3-2026-07-30-trip-suppression-fix
l_1207,,boundary,arterial,East,1.093942294543963,2.9216874342119943,F,101.16638054128681,58.744760190886595,101.60510718434668,58.95281800135987,v3-2026-07-30-trip-suppression-fix
l_1212,,inner,arterial,CBD,1.184678162432539,2.954527042362925,F,94.01955939567458,71.95836419580954,95.00536727110902,71.18332959199535,v3-2026-07-30-trip-suppression-fix
l_239,,peripheral,arterial,East,0.7751437245655965,5.483470323782117,F,111.54850085396642,26.741005480237508,111.75216333083571,27.169636685945253,v3-2026-07-30-trip-suppression-fix
l_317,,inner,arterial,CBD,0.7405578869414959,7.7634134741648015,F,61.042565463147625,42.919518279823976,61.05782322301702,42.56789391289932,v3-2026-07-30-trip-suppression-fix
l_955,,boundary,arterial,East,0.39489272081084636,1.3449827965557979,F,89.39456004025752,73.47651690232533,90.17255953019585,73.21886161028831,v3-2026-07-30-trip-suppression-fix
l_116,,peripheral,arterial,West,0.8326972451599473,4.962450604827926,F,60.762200527057644,15.925247188892047,62.15842817136065,16.196837157858926,v3-2026-07-30-trip-suppression-fix
l_593,,peripheral,arterial,East,0.6467608062951385,1.7426114873911123,F,83.20020090504401,37.26749840509649,83.70137069900036,38.50144590706852,v3-2026-07-30-trip-suppression-fix
l_340,,peripheral,arterial,East,1.1860051393556037,9.001928413041314,F,64.56348885504276,32.26033191009303,64.67813325597666,32.582538001381316,v3-2026-07-30-trip-suppression-fix
l_83,,inner,arterial,CBD,1.4070194637692488,7.958502990306073,F,76.66162801034746,65.73922665077025,76.96419264418996,66.81469838221345,v3-2026-07-30-trip-suppression-fix
l_1211,,boundary,arterial,West,0.5155746509129968,1.0542387362340544,F,58.177596542623355,49.080179599865495,58.359430838136134,49.5092591856192,v3-2026-07-30-trip-suppression-fix
l_479,,peripheral,arterial,West,0.2729630135116692,1.2221157537147465,F,43.67867613875167,29.07647440180393,44.143969963197385,29.554424425276366,v3-2026-07-30-trip-suppression-fix
l_756,,peripheral,arterial,West,0.4094445202675038,1.3117126748671455,F,46.22397489122295,31.543282954395114,46.578138382687364,31.888133285511604,v3-2026-07-30-trip-suppression-fix
l_1272,,peripheral,arterial,West,1.317426626655932,8.451223420162842,F,60.005554820942166,47.992536583867455,60.3128151638892,48.1490434873391,v3-2026-07-30-trip-suppression-fix
l_60,,peripheral,arterial,West,1.064018442986345,8.047276454398654,F,38.11387922865658,39.772649092279735,39.35853243396495,38.885039799948636,v3-2026-07-30-trip-suppression-fix
l_1538,,peripheral,arterial,East,5.174086450361108,12.139160090223266,F,73.49056468457023,23.609380692674144,73.76033762530636,24.090877441188407,v3-2026-07-30-trip-suppression-fix
l_2527,,boundary,arterial,East,1.9402824188854155,6.851811974127625,F,86.98484093866688,50.25127140086294,87.15738012577293,49.00485215917143,v3-2026-07-30-trip-suppression-fix
l_443,,peripheral,arterial,West,0.4670351054720947,0.9028312830458717,E,47.13611166467332,52.7962923874362,48.45445229467726,52.366728414543815,v3-2026-07-30-trip-suppression-fix
l_696,,boundary,arterial,West,2.520214218208548,2.817118634331723,F,59.154975830174145,62.007853992161465,59.436040302780505,61.921607193387665,v3-2026-07-30-trip-suppression-fix
l_2031,,boundary,arterial,East,0.5933544303797469,9.119537705036556,F,72.26968731133745,73.98228369520415,72.55326080360602,74.03110578680466,v3-2026-07-30-trip-suppression-fix
l_2665,,peripheral,arterial,West,2,1.9508397244768085,F,47.842940348252505,70.26999019862859,47.99921464374544,70.55832410367694,v3-2026-07-30-trip-suppression-fix
l_2634,,inner,arterial,CBD,0.43914220888531064,1.5017116235653447,F,70.25949686328485,71.1004970760738,70.51057471752485,71.74450261872121,v3-2026-07-30-trip-suppression-fix
l_1276,,boundary,arterial,West,1.317426626655932,2.919191526266721,F,60.183906457535066,48.2324938814453,60.54359895708543,48.874511597902,v3-2026-07-30-trip-suppression-fix
l_516,,inner,arterial,CBD,0.8705114254624592,5.341903616279829,F,58.39315275569288,76.12962319019151,58.57699752959342,76.66677151620668,v3-2026-07-30-trip-suppression-fix
l_42,,peripheral,arterial,East,0.6467608062951385,5.562564667588624,F,72.7072231246955,21.218479863717985,72.96375709370993,22.159673228405143,v3-2026-07-30-trip-suppression-fix
l_1249,,peripheral,arterial,West,4.339440694310511,7.083633225720709,F,27.363925558451466,83.2378907499631,27.458301659133134,82.45241249870897,v3-2026-07-30-trip-suppression-fix
l_917,,boundary,arterial,East,0.39489272081084636,1.3706695218093445,F,77.62016723642606,77.58615147631306,78.29001050926517,77.35756635441233,v3-2026-07-30-trip-suppression-fix
l_407,,peripheral,arterial,West,0.9552619009711829,1.513422476868701,F,14.552572749401495,47.20200301305013,15.445123067090424,47.26685798344814,v3-2026-07-30-trip-suppression-fix
l_300,,peripheral,arterial,West,0.6662225183211192,2.4698656920987996,F,38.78302360652124,37.138859200928174,39.28980631483006,37.50795600611312,v3-2026-07-30-trip-suppression-fix
l_487,,peripheral,arterial,East,1.162715586848395,5.910817945611353,F,109.97883978269351,24.175695609362258,110.4225522918125,24.653907024420178,v3-2026-07-30-trip-suppression-fix
l_644,,inner,arterial,CBD,0.9512485136741975,10.094387349226917,F,84.65187825992689,70.9968135233585,84.95418154754421,70.88311280576647,v3-2026-07-30-trip-suppression-fix
l_5,,peripheral,arterial,West,0.4094445202675038,1.1571449710745145,F,38.612466567512,24.27745724437945,39.89566721333704,25.49718718738144,v3-2026-07-30-trip-suppression-fix
l_1822,,boundary,arterial,East,0,0,A,67.44177040921444,71.58484956953085,67.75056696475887,71.8223982887934,v3-2026-07-30-trip-suppression-fix
l_1739,,inner,arterial,CBD,0.7897854416216927,1.3673159461824793,F,81.08005577299889,76.54926355530483,81.33539754539818,76.45979521838711,v3-2026-07-30-trip-suppression-fix
l_961,,peripheral,arterial,East,1.1259148057796962,1.986436134448142,F,112.58002785651028,24.937999502131394,113.56351492893005,24.05479541409066,v3-2026-07-30-trip-suppression-fix
l_981,,peripheral,arterial,West,1.3465746507322,8.031581157891342,F,24.658032379214724,70.80112132705622,25.751276152965755,69.94339200780163,v3-2026-07-30-trip-suppression-fix
l_1540,,peripheral,motorway,MWY,0.5333333333333333,2.37862192534189,F,73.76033762530636,24.090877441188407,74.40343805368384,23.117167045711216,v3-2026-07-30-trip-suppression-fix
l_2372,,inner,arterial,CBD,1.184678162432539,1.3083411616577394,F,81.33539754539818,76.45979521838711,82.50457703730733,75.84115997283072,v3-2026-07-30-trip-suppression-fix
l_102,,peripheral,arterial,West,0.9552619009711829,1.2492080889719233,F,8.148804108213302,50.12899996174968,9.593175763770375,49.45416407566636,v3-2026-07-30-trip-suppression-fix
l_225,,peripheral,arterial,East,0.6587615283267457,3.7947260412137958,F,76.47134277618923,17.878741926400867,77.14149020026282,17.67717073729872,v3-2026-07-30-trip-suppression-fix
l_2138,,peripheral,motorway,MWY,0.13333333333333333,0.30743141110852684,B,57.404808572559816,47.256589734658704,57.584649395813265,47.577600920728216,v3-2026-07-30-trip-suppression-fix
l_2655,,peripheral,arterial,West,0.8396011894350184,0.5956893725982101,C,48.71623593101443,7.471119365315164,49.443104704879936,9.72922673643824,v3-2026-07-30-trip-suppression-fix
l_123,,peripheral,arterial,West,0.9552619009711829,1.7638900206571984,F,18.379765234502536,44.86221493952579,18.751260629148295,43.77440983898291,v3-2026-07-30-trip-suppression-fix
l_939,,peripheral,arterial,East,11.545862732520847,10.801210279774374,F,113.33141003675074,33.73472308894424,114.8461036642214,34.51726830601215,v3-2026-07-30-trip-suppression-fix
l_122,,boundary,arterial,West,1.1108368304122438,7.615544469179343,F,60.930097372138135,43.89453909560911,61.042565463147625,42.919518279823976,v3-2026-07-30-trip-suppression-fix
l_2336,,inner,arterial,CBD,0.39489272081084636,2.9876975131765744,F,95.00536727110902,71.18332959199535,95.43506928202694,70.9050897170522,v3-2026-07-30-trip-suppression-fix
l_833,,peripheral,arterial,East,0.43917435221783047,4.093345262569993,F,95.54527076006492,12.552472957554883,95.78329677286504,12.493998602727025,v3-2026-07-30-trip-suppression-fix
l_945,,inner,arterial,CBD,0.51985559566787,6.784424638874966,F,48.48658325403197,31.63692760098967,48.613002687591845,31.418397879223342,v3-2026-07-30-trip-suppression-fix
l_1748,,boundary,arterial,East,2.1219221077759602,11.927272372702626,F,94.36864059133393,52.14137492951401,95.74632100581695,53.737403387899974,v3-2026-07-30-trip-suppression-fix
l_1668,,boundary,arterial,East,1.260107109104274,0.7880558506112041,D,78.03295957510909,52.903326630060036,78.65124687623067,52.24326399052595,v3-2026-07-30-trip-suppression-fix
l_482,,boundary,arterial,West,1.0186757215619695,14.360362326735075,F,57.16493430962281,41.31518949805512,57.58532703937749,41.71285811020964,v3-2026-07-30-trip-suppression-fix
l_464,,peripheral,arterial,West,1.0756543564001435,7.8351601279317284,F,34.01323055681095,5.794481414044781,34.320858529040066,4.788884331062761,v3-2026-07-30-trip-suppression-fix
l_641,,inner,arterial,CBD,0.8204567209079722,7.776314456791025,F,107.4598377742499,60.438470714385474,107.99666478625203,60.07712804819163,v3-2026-07-30-trip-suppression-fix
l_13,,peripheral,arterial,West,0.7906700929037359,4.105970447467172,F,60.474555799126385,23.90334988829351,60.81895765673793,24.896991468599357,v3-2026-07-30-trip-suppression-fix
l_817,,peripheral,arterial,East,0.43917435221783047,3.8124074716956162,F,75.26042816471967,18.225434394067733,75.71477167447594,18.108934229496324,v3-2026-07-30-trip-suppression-fix
l_875,,peripheral,arterial,East,0.51985559566787,4.6865599513724785,F,63.89790921486616,22.11063317007872,64.37349883939923,21.966740772064515,v3-2026-07-30-trip-suppression-fix
l_1838,SH16,peripheral,motorway,MWY,0.49411764705882355,2.077243091004093,F,44.31904864262321,20.146045198764536,46.71461786604591,22.750719440385005,v3-2026-07-30-trip-suppression-fix
l_214,,peripheral,arterial,West,4.339440694310511,8.822766707397054,F,24.238027297717988,73.99785629994628,24.944404743697714,75.76871391045684,v3-2026-07-30-trip-suppression-fix
l_1926,,boundary,arterial,West,0.5155746509129968,4.6475341536274355,F,61.583799926753976,58.12543558418083,61.74391316991776,58.55491233454933,v3-2026-07-30-trip-suppression-fix
l_2629,SH1N,peripheral,motorway,MWY,0.3333333333333333,2.57987117945574,F,49.19699130200595,64.37982714894805,49.25662904563713,62.8922861108631,v3-2026-07-30-trip-suppression-fix
l_729,,inner,arterial,CBD,0.7405578869414959,7.760160155942519,F,61.114056564192886,42.08038342879247,61.17028956170788,41.59287290640271,v3-2026-07-30-trip-suppression-fix
l_581,,inner,arterial,CBD,1.438618925831202,8.617649213286679,F,61.293417623683446,55.34705758430491,62.070878876013246,55.062488842189836,v3-2026-07-30-trip-suppression-fix
l_1763,,peripheral,arterial,West,1.3862815884476534,6.238321787580688,F,50.377877344433436,28.088799766079482,50.7546373797436,27.29811996730244,v3-2026-07-30-trip-suppression-fix
l_2690,,boundary,arterial,East,0.8900316455696203,9.146358309678256,F,74.6899357895852,74.34302419512628,75.14637704604353,74.37686654868502,v3-2026-07-30-trip-suppression-fix
l_954,,peripheral,arterial,West,0.6384110657918071,7.496408231590429,F,30.431418608881398,57.15574394736645,30.61418472273863,56.4497273285268,v3-2026-07-30-trip-suppression-fix
l_392,,inner,arterial,CBD,38.36317135549872,53.55034920614453,F,53.38477405596671,85.19434360848355,54.98391466874296,84.65149034680701,v3-2026-07-30-trip-suppression-fix
l_1806,,boundary,arterial,East,7.49375520399667,11.992840327601183,F,79.06516699450094,60.50573161007969,79.24505232266196,60.82672526593426,v3-2026-07-30-trip-suppression-fix
l_1383,,peripheral,arterial,West,0.8326972451599473,0.8016693153382516,D,54.22918699067504,11.748176452690043,54.407503476894796,11.988138001938534,v3-2026-07-30-trip-suppression-fix
l_125,,inner,arterial,CBD,0.9788726649808304,4.338175051504193,F,92.03767611801433,58.91424556394204,92.59159550062452,59.4715317246036,v3-2026-07-30-trip-suppression-fix
l_764,,inner,arterial,CBD,1.260107109104274,2.7748092976855037,F,58.61557679123506,62.23398134375334,59.154975830174145,62.007853992161465,v3-2026-07-30-trip-suppression-fix
l_1821,,peripheral,arterial,East,1.260107109104274,3.918599693634233,F,83.8635930104917,44.9037445183392,84.15884212581382,44.41180120728222,v3-2026-07-30-trip-suppression-fix
l_2327,SH1S,peripheral,motorway,MWY,0.1894736842105263,2.2211837939885943,F,78.88845077178134,18.10432682237426,79.11547301443176,17.45149042505728,v3-2026-07-30-trip-suppression-fix
l_1893,,peripheral,motorway,MWY,0.13333333333333333,0.10801439096655284,A,54.84337716773664,36.84443996626127,55.03101232778879,36.40857041089075,v3-2026-07-30-trip-suppression-fix
l_425,,peripheral,arterial,West,0.6732873253661,0.8076704910944005,D,2.6623343474204164,66.47110541149962,2.8836122255490593,66.68330547376482,v3-2026-07-30-trip-suppression-fix
l_936,,inner,arterial,CBD,4.73559589581689,4.287051210277806,F,69.71112581881982,57.89467136604405,71.4923297427907,62.51037667129816,v3-2026-07-30-trip-suppression-fix
l_992,,peripheral,arterial,East,2.772387025228722,10.463113200128879,F,94.95698250858808,18.320087338639414,96.96888977573524,17.796238769374977,v3-2026-07-30-trip-suppression-fix
l_2213,,peripheral,motorway,MWY,2.1697203471552555,7.5416507685748755,F,24.363999786618674,88.0491450436684,24.62481038678189,89.23354394905859,v3-2026-07-30-trip-suppression-fix
l_1537,SH1S,peripheral,motorway,MWY,0.12631578947368421,0.06683899518035864,A,74.5014329682545,23.023156082247098,75.80802843546739,21.972011158945016,v3-2026-07-30-trip-suppression-fix
l_840,,peripheral,arterial,West,0.718562874251497,2.9711182409364967,F,57.75975764664811,64.16858437867349,58.065048907854084,64.21702625636892,v3-2026-07-30-trip-suppression-fix
l_576,,inner,arterial,CBD,0.718562874251497,5.6458779717844685,F,77.5234735835914,60.61529810113833,78.08508553972821,60.4157365320192,v3-2026-07-30-trip-suppression-fix
l_801,,peripheral,arterial,West,0.9552619009711829,2.8184540658364803,F,33.47000840118514,41.425054020888716,33.84392002194041,41.66145983359839,v3-2026-07-30-trip-suppression-fix
l_405,,boundary,arterial,East,1.4070194637692488,8.868259895100973,F,69.90742739754064,46.16156154953552,69.99935428428324,46.4301311809854,v3-2026-07-30-trip-suppression-fix
l_750,,peripheral,arterial,East,0.6467608062951385,1.7619223808183604,F,82.36202744827492,35.445200928721555,82.54089711622093,35.71215703421988,v3-2026-07-30-trip-suppression-fix
l_757,,peripheral,arterial,West,0.2729630135116692,0.6182306766176817,C,12.106611667987261,21.517570915137576,12.51802123151237,21.429017231942197,v3-2026-07-30-trip-suppression-fix
l_1193,,inner,arterial,CBD,0.43914220888531064,1.4293596677408236,F,68.49949739909397,66.45736428321915,68.68236408484094,66.9404700714408,v3-2026-07-30-trip-suppression-fix
l_1605,,peripheral,arterial,East,22.632968691059975,7.243147777591634,F,76.86036877778082,31.84428993706855,78.74426645536876,30.268956217343014,v3-2026-07-30-trip-suppression-fix
l_1793,,peripheral,arterial,East,0.8204567209079722,6.351952422984374,F,111.65884730143536,58.25216504933287,111.9019693746437,58.46384737328874,v3-2026-07-30-trip-suppression-fix
l_106,,peripheral,arterial,East,1.293521612590277,5.963868822404841,F,78.20246890873756,30.36005164161466,78.38032821591237,30.572976450546324,v3-2026-07-30-trip-suppression-fix
l_2427,,peripheral,arterial,West,1.5467239527389904,4.569566506718172,F,60.64586369269479,55.60220742294849,60.96558566151634,56.43414488612076,v3-2026-07-30-trip-suppression-fix
l_2400,,peripheral,arterial,West,0.3936491274111009,1.8997792319920963,F,49.74686058908109,11.506169211820113,49.793166406555756,11.623539450099324,v3-2026-07-30-trip-suppression-fix
l_524,,peripheral,arterial,East,0.48007681228996646,5.813604145636097,F,91.37421086995198,68.84530934288631,91.60778624894593,68.54368656404685,v3-2026-07-30-trip-suppression-fix
l_2099,SH1N,peripheral,motorway,MWY,0.4666666666666667,1.188107441241101,F,24.217517569694923,94.32186840915018,24.975534360902035,90.57846158438335,v3-2026-07-30-trip-suppression-fix
l_87,,peripheral,arterial,East,1.162715586848395,7.137401504464126,F,107.14013993361219,45.633778238800495,107.5996265655099,44.62523258906839,v3-2026-07-30-trip-suppression-fix
l_1788,,inner,arterial,CBD,1.093942294543963,8.591768922975636,F,100.09029669993842,58.17017319126349,100.61596088067445,58.37661739014762,v3-2026-07-30-trip-suppression-fix
l_1842,,peripheral,arterial,East,0.6990834239552587,5.396820578223245,F,65.89089981224126,22.911738372471945,65.89837991321727,22.459408351024813,v3-2026-07-30-trip-suppression-fix
l_394,,peripheral,arterial,West,1.437125748502994,9.319354968448252,F,48.69658009671544,64.361976160048,49.19699130200595,64.37982714894805,v3-2026-07-30-trip-suppression-fix
l_584,,peripheral,arterial,West,0.6245229338699604,5.001712522289171,F,57.831907494897834,14.97917767826356,58.47005292411039,15.399864333918952,v3-2026-07-30-trip-suppression-fix
l_711,,inner,arterial,CBD,1.3057671381936886,5.214925004428499,F,58.66941781072258,76.96236283428607,59.08157987052399,78.08989422446795,v3-2026-07-30-trip-suppression-fix
l_934,,peripheral,arterial,East,1.8697413524462447,8.480081470711179,F,120.08090534935732,57.50042770533528,120.13699641765682,55.850744881256276,v3-2026-07-30-trip-suppression-fix
l_489,,peripheral,arterial,West,0.4094445202675038,1.1692579724477294,F,14.461144623337136,18.312716966288814,14.754121158406688,16.496636556935503,v3-2026-07-30-trip-suppression-fix
l_2209,,inner,arterial,CBD,3.1626803716149436,6.641272244526283,F,65.37049502225159,34.75892893840695,65.77564147931554,35.76447704707274,v3-2026-07-30-trip-suppression-fix
l_61,,peripheral,arterial,East,1.3175230566534915,4.507119633629368,F,67.10689087911975,20.48396774984945,68.05855738158797,20.223184049712202,v3-2026-07-30-trip-suppression-fix
l_14,,peripheral,arterial,East,0.8783487044356609,4.062981197423469,F,92.97144198432113,13.248900677184562,94.74427131458471,12.729508385691016,v3-2026-07-30-trip-suppression-fix
l_2557,,peripheral,arterial,West,4,1.9395637866910995,F,47.66855459712167,69.94823975047932,47.842940348252505,70.26999019862859,v3-2026-07-30-trip-suppression-fix
l_2248,SH1N,boundary,arterial,West,0.13333333333333333,0.09477406118753205,A,49.15553793480003,70.40745441678304,49.268580488300465,69.45946102201226,v3-2026-07-30-trip-suppression-fix
l_2532,,boundary,arterial,East,1.184678162432539,3.1687827673582896,F,114.44030911357665,63.98402954582265,115.22481130650839,64.07750355878663,v3-2026-07-30-trip-suppression-fix
l_511,,peripheral,arterial,East,1.1259148057796962,1.4146561438394274,F,118.61375585870096,20.93350617850465,121.14212573432141,20.12950421223557,v3-2026-07-30-trip-suppression-fix
l_439,,peripheral,arterial,East,0.6587615283267457,5.186431308161326,F,82.35402035513721,16.256458635031414,82.6132830183785,16.17058010033916,v3-2026-07-30-trip-suppression-fix
l_1486,,peripheral,arterial,West,0.6052963430012611,8.27247494397032,F,42.775625154199204,63.983975809775,43.21330632464109,64.13812082671996,v3-2026-07-30-trip-suppression-fix
l_2021,,inner,arterial,CBD,0.8900316455696203,6.806008294704173,F,62.80628848604008,70.18374450760972,63.67921974404496,70.35686484399797,v3-2026-07-30-trip-suppression-fix
l_775,,peripheral,arterial,East,0.6467608062951385,1.960795035285865,F,78.78051296407524,31.05205674766584,79.26963011395762,31.637598349774255,v3-2026-07-30-trip-suppression-fix
l_2562,SH1N,peripheral,motorway,MWY,0.2,1.9801327880468633,F,53.807866416867896,51.92616661461143,54.52904381431009,51.00214845155103,v3-2026-07-30-trip-suppression-fix
l_142,,peripheral,arterial,West,0.8326972451599473,4.959939484095985,F,56.19549972464025,13.468757795687031,57.035679730518716,14.237078372263523,v3-2026-07-30-trip-suppression-fix
l_836,,boundary,arterial,West,0.9416934787726595,8.297242750784381,F,47.994307555970565,33.24051162456414,48.260058538961395,33.50590159417702,v3-2026-07-30-trip-suppression-fix
l_894,,inner,arterial,CBD,0.9512485136741975,9.92425924843145,F,82.16773103888916,71.8805917096322,82.4058292623274,71.82213525310672,v3-2026-07-30-trip-suppression-fix
l_1318,,boundary,arterial,East,0.43914220888531064,1.4366271864072189,F,68.68236408484094,66.9404700714408,69.29917065222463,68.55068808734492,v3-2026-07-30-trip-suppression-fix
l_736,,inner,arterial,CBD,5.126611775671897,2.8148179486975207,F,82.65695102383421,49.00708608487663,84.61363647954586,51.349213948500825,v3-2026-07-30-trip-suppression-fix
l_792,,peripheral,arterial,East,1.3681450233724775,16.71320528617224,F,66.38106518465302,29.443118125179492,66.74751254471882,29.274205902650944,v3-2026-07-30-trip-suppression-fix
l_98,,peripheral,arterial,East,1.1259148057796962,1.995588645410188,F,111.72439784720393,25.683680295481814,112.58002785651028,24.937999502131394,v3-2026-07-30-trip-suppression-fix
l_323,,peripheral,arterial,East,1.162715586848395,5.921432055374866,F,107.31610278619196,21.279390959790696,108.02612519860295,22.04994085333653,v3-2026-07-30-trip-suppression-fix
l_987,,peripheral,arterial,East,4.756242568370987,11.612473212422056,F,77.02548498231938,73.65126837530141,77.52242411359285,73.47993121316404,v3-2026-07-30-trip-suppression-fix
l_183,,inner,arterial,CBD,1.3530273988048258,4.194859002489532,F,73.09222729638593,66.7240176771746,73.22913578602629,67.07283563777267,v3-2026-07-30-trip-suppression-fix
l_852,,peripheral,arterial,East,0.7544322897019992,6.488135905336659,F,86.26651346405072,16.238061683068302,86.33621924600413,16.480010077644096,v3-2026-07-30-trip-suppression-fix
l_119,,peripheral,arterial,West,0.4163486225799736,4.322813310460466,F,36.31982331112578,2.374015974173621,36.74356671280493,2.9608448381299683,v3-2026-07-30-trip-suppression-fix
l_767,,boundary,arterial,East,7.5041038067693275,10.324832584158932,F,66.5307284376244,37.54830611452319,66.73779684919414,38.16609945018584,v3-2026-07-30-trip-suppression-fix
l_889,,peripheral,arterial,West,0.6732873253661,1.4942953734194158,F,18.959119157718842,73.06694931361326,20.06963750384834,73.15485135126279,v3-2026-07-30-trip-suppression-fix
l_647,,inner,arterial,CBD,2.029541098207239,4.850430733920795,F,73.22913578602629,67.07283563777267,73.91568303029801,68.92499321134198,v3-2026-07-30-trip-suppression-fix
l_821,,peripheral,arterial,East,0.5953266855186784,5.879971283120389,F,101.07579731435075,53.881642159883825,101.74352698554671,53.54490845556619,v3-2026-07-30-trip-suppression-fix
l_396,,boundary,arterial,East,9.157763285694463,4.500473032781484,F,90.9308499919602,57.85370365364385,92.08294553938917,56.670197145613685,v3-2026-07-30-trip-suppression-fix
l_65,,peripheral,arterial,East,1.2464942349641632,8.34732178734699,F,120.61412128457954,53.46347217081694,120.93405216628898,51.97101970489595,v3-2026-07-30-trip-suppression-fix
l_1550,SH1N,peripheral,motorway,MWY,0.26666666666666666,2.710726886057521,F,60.41795046645113,31.444772892617085,61.19880836747479,31.349325136469357,v3-2026-07-30-trip-suppression-fix
l_2140,,peripheral,arterial,West,0.8326972451599473,0.538316207478473,C,49.443104704879936,9.72922673643824,49.52057764410846,10.606463518772738,v3-2026-07-30-trip-suppression-fix
l_1466,,inner,arterial,CBD,8,3.0407773573061085,F,54.601457003357595,57.956488700539424,55.00893571652691,57.795244242644074,v3-2026-07-30-trip-suppression-fix
l_452,,peripheral,arterial,East,0.7544322897019992,2.5456624596599333,F,86.30464763124547,25.31830684031228,86.5711067584788,24.44851815304411,v3-2026-07-30-trip-suppression-fix
l_2353,SH1N,peripheral,motorway,MWY,0.3333333333333333,1.7733521374432075,F,47.765118335675915,72.83828332406051,48.518423693547746,71.58405479685005,v3-2026-07-30-trip-suppression-fix
l_390,,peripheral,arterial,East,0.9701412094427078,1.7532346945862995,F,80.58236816714985,33.26194376468249,81.78295799544435,34.69917053726858,v3-2026-07-30-trip-suppression-fix
l_1589,,boundary,arterial,East,9.991673605328893,12.115059524336548,F,78.64845635725169,60.22310997772073,79.06516699450094,60.50573161007969,v3-2026-07-30-trip-suppression-fix
l_2153,,peripheral,motorway,MWY,0.13333333333333333,0.32664153471622687,B,56.402727847693974,48.329035398305,56.50542690938186,48.00283151305364,v3-2026-07-30-trip-suppression-fix
l_2177,,boundary,arterial,East,0.9321112319403448,2.709953184058693,F,81.80594585524118,48.0205643556404,82.09757664711329,48.15258459901358,v3-2026-07-30-trip-suppression-fix
l_402,,peripheral,arterial,East,0.6467608062951385,1.678305003781109,F,81.78295799544435,34.69917053726858,82.0724922145895,35.07218592182414,v3-2026-07-30-trip-suppression-fix
l_353,,inner,arterial,CBD,1.415261233636042,8.009299555918936,F,72.82172612412494,48.56721059511827,73.54693843134346,48.98625010753081,v3-2026-07-30-trip-suppression-fix
l_592,,peripheral,arterial,East,0.6467608062951385,1.7742748844207878,F,83.70137069900036,38.50144590706852,83.81554702213414,38.79662508554348,v3-2026-07-30-trip-suppression-fix
l_986,,inner,arterial,CBD,1.260107109104274,9.715426844256104,F,64.27183221174457,60.04889308379106,64.59536532672976,59.90780433945354,v3-2026-07-30-trip-suppression-fix
l_2287,SH1S,boundary,motorway,MWY,0.06315789473684211,0.1331428711763031,A,56.01580535552358,32.03922279882344,57.85573411285551,32.54686605699819,v3-2026-07-30-trip-suppression-fix
l_1381,,peripheral,arterial,East,2,8.344551103754998,F,104.52009164720675,17.061224643942403,104.75050162513983,17.759631560391824,v3-2026-07-30-trip-suppression-fix
l_996,,inner,arterial,CBD,0.7062701090794946,8.330616956425157,F,48.72437953409372,33.92980737647068,48.901713511579864,34.115739221453836,v3-2026-07-30-trip-suppression-fix
l_1560,SH1N,peripheral,motorway,MWY,0.26666666666666666,1.9772997167340332,F,49.58751287920056,61.96732334357944,49.65627609578162,60.48860823595705,v3-2026-07-30-trip-suppression-fix
l_913,,inner,arterial,CBD,1.260107109104274,4.000255215083432,F,82.0243621759627,47.72151396091775,82.61537724786608,46.76465010547394,v3-2026-07-30-trip-suppression-fix
l_569,,peripheral,arterial,West,0.9079445145018916,8.161778061174516,F,41.62117366432506,63.869974634024665,42.18728377616061,63.91366633105836,v3-2026-07-30-trip-suppression-fix
l_1184,SH1N,boundary,motorway,MWY,0.06666666666666667,0.059074953850351136,A,46.78371105963359,74.12198714827707,47.765118335675915,72.83828332406051,v3-2026-07-30-trip-suppression-fix
l_888,,inner,arterial,CBD,0.47953964194373405,1.0728309821893376,F,56.909666401894945,56.968163807931695,57.407573841442634,56.85090827522146,v3-2026-07-30-trip-suppression-fix
l_372,,peripheral,arterial,East,1.5088645794039983,6.986450163587644,F,78.38032821591237,30.572976450546324,78.74426645536876,30.268956217343014,v3-2026-07-30-trip-suppression-fix
l_373,,boundary,arterial,East,0.7201152184349496,5.9679917315843145,F,95.11297254975042,62.938214680546714,95.31776585544671,62.25874835829025,v3-2026-07-30-trip-suppression-fix
l_254,,peripheral,arterial,West,0.7171029042667623,7.755103088237333,F,34.579581000249796,3.4868910197890117,34.67486260057886,2.7554381936193932,v3-2026-07-30-trip-suppression-fix
l_755,,peripheral,arterial,East,1.1860051393556037,9.125117884542615,F,64.3589247678989,31.77762305157244,64.56348885504276,32.26033191009303,v3-2026-07-30-trip-suppression-fix
l_965,,inner,arterial,CBD,0.718562874251497,2.961357409437766,F,61.62087538525587,64.85432794689004,62.42807853430937,65.00163514493862,v3-2026-07-30-trip-suppression-fix
l_328,,inner,arterial,CBD,0.4660556159701724,1.6950749667370564,F,75.63802827473823,40.974817400909345,75.97152524439069,41.37405555633217,v3-2026-07-30-trip-suppression-fix
l_1796,,boundary,arterial,East,0.39489272081084636,3.0835622208064635,F,110.2771595696091,64.60216806600864,110.70935067585489,64.45898202738962,v3-2026-07-30-trip-suppression-fix
l_450,,peripheral,arterial,East,0.7544322897019992,2.6285986790104596,F,85.58516259676898,27.54781745614378,85.91481718027444,26.56875306139931,v3-2026-07-30-trip-suppression-fix
l_521,,peripheral,arterial,East,1.293521612590277,1.9922160803318247,F,78.38032821591237,30.572976450546324,78.58042036377357,30.812516689642433,v3-2026-07-30-trip-suppression-fix
l_558,,peripheral,arterial,West,0.2729630135116692,0.379666398566741,B,6.703500289561166,22.048086483923136,7.032410215232541,22.20427560395299,v3-2026-07-30-trip-suppression-fix
l_1750,,peripheral,arterial,East,1.5914415808319702,12.150243906151784,F,92.16623138336581,49.4525443304887,93.38872481780083,50.88930525441124,v3-2026-07-30-trip-suppression-fix
l_1169,,boundary,arterial,West,1.03971119133574,6.788873540215862,F,49.61938103076388,29.39998423668424,50.00012073382462,28.825444210029534,v3-2026-07-30-trip-suppression-fix
l_717,,peripheral,arterial,East,0.8774495466510676,0.9663225836709322,E,70.95700150242646,14.737385387322133,71.3291682956456,16.054818204487734,v3-2026-07-30-trip-suppression-fix
l_559,,peripheral,arterial,West,0.7171029042667623,3.9029012475216898,F,30.933286710960843,14.472141602147115,31.058229188577965,14.172570820586582,v3-2026-07-30-trip-suppression-fix
l_2511,SH16,peripheral,motorway,MWY,0.21176470588235297,0.7707270810551046,D,8.980279509982317,10.980103187164117,9.847500602525066,10.856251210852385,v3-2026-07-30-trip-suppression-fix
l_2365,,peripheral,arterial,East,0.5933544303797469,9.1321638744129,F,74.27694113805138,74.35064640065049,74.6899357895852,74.34302419512628,v3-2026-07-30-trip-suppression-fix
l_2080,,peripheral,arterial,West,1.1809473822333028,1.2864131194251818,F,49.443104704879936,9.72922673643824,49.51565075152286,10.7536727531297,v3-2026-07-30-trip-suppression-fix
l_1812,,peripheral,arterial,West,0.3936491274111009,2.140089878214903,F,49.90940397851023,12.070740806355541,50.372327238151584,13.6027499728096,v3-2026-07-30-trip-suppression-fix
l_49,,peripheral,arterial,West,0.4094445202675038,1.2053122017229951,F,40.13917123397722,25.735967467360865,41.88717799682188,27.406626014369678,v3-2026-07-30-trip-suppression-fix
l_615,,inner,arterial,CBD,1.1047689191677408,6.49576546472882,F,52.39790150800914,82.37469043157401,52.78830011437159,83.50263199099263,v3-2026-07-30-trip-suppression-fix
l_2292,,inner,arterial,CBD,0.39489272081084636,2.901370359153174,F,95.79905897691668,70.60104186626934,95.99167030038294,70.43530732536722,v3-2026-07-30-trip-suppression-fix
l_490,,peripheral,arterial,West,0.8188890405350076,1.1698130940339038,F,14.363812522100684,18.936088409652413,14.461144623337136,18.312716966288814,v3-2026-07-30-trip-suppression-fix
l_409,,peripheral,arterial,West,0.6384110657918071,8.039716107932325,F,42.27750110402087,36.831667139459704,42.92154396938171,36.38745235419842,v3-2026-07-30-trip-suppression-fix
l_890,,peripheral,arterial,East,0.34657039711191334,4.767971644920847,F,63.552206767970176,22.225105963372908,63.89790921486616,22.11063317007872,v3-2026-07-30-trip-suppression-fix
l_369,,inner,arterial,CBD,0.7365126127784938,7.774688689489577,F,50.86106171817643,78.02462195985804,51.09034813211472,78.66904767131466,v3-2026-07-30-trip-suppression-fix
l_426,,peripheral,arterial,East,1.8697413524462447,8.323317175072107,F,115.73841693499564,61.31119197639963,117.30487725860446,61.36303994193312,v3-2026-07-30-trip-suppression-fix
l_9,,peripheral,arterial,West,1.5132408575031526,8.140788974161381,F,39.07219675464859,63.59229142641285,41.33762332584963,63.821111010822186,v3-2026-07-30-trip-suppression-fix
l_1461,,boundary,arterial,East,0.7201152184349496,6.251599232168307,F,95.48349228329441,58.30978429396677,95.48914733627757,57.44482697016596,v3-2026-07-30-trip-suppression-fix
l_867,,peripheral,arterial,East,1,1.18642174220031,F,101.95243156289935,7.595584818932813,102.23988409544138,9.022655521785314,v3-2026-07-30-trip-suppression-fix
l_1205,,boundary,arterial,East,0.7897854416216927,1.2778271426761796,F,92.93525087472551,72.11360880310504,93.73447562361224,71.82851945246047,v3-2026-07-30-trip-suppression-fix
l_673,,peripheral,arterial,East,0.43917435221783047,3.921031815528832,F,100.99357657658535,10.96474025228029,101.51257874172897,10.819952722490436,v3-2026-07-30-trip-suppression-fix
l_546,,peripheral,arterial,West,0.2729630135116692,1.1665148836562786,F,36.9968786670178,22.712457060927342,37.66069386972683,23.34894747500183,v3-2026-07-30-trip-suppression-fix
l_543,,peripheral,arterial,West,0.7171029042667623,3.919444307694985,F,31.182676867441586,13.845982687981149,31.432065402365108,13.21982340178153,v3-2026-07-30-trip-suppression-fix
l_656,,peripheral,arterial,East,0.6404098623118796,1.5703550977514626,F,85.58868628691421,13.683087211401649,85.68262845715589,14.059720065951861,v3-2026-07-30-trip-suppression-fix
l_2601,,inner,arterial,CBD,0.7897854416216927,3.0955277390374007,F,111.07633431675083,64.31701017505766,112.63524396539997,63.96363399899092,v3-2026-07-30-trip-suppression-fix
l_2136,SH16,peripheral,motorway,MWY,0.21176470588235297,0.5091605587227149,C,6.354425405604306,11.21694535711378,8.30764198059244,11.046367011593231,v3-2026-07-30-trip-suppression-fix
l_1141,,peripheral,arterial,West,6,8.738770425121716,F,50.71651428987713,59.51424531615079,51.231695100153715,59.15345114010011,v3-2026-07-30-trip-suppression-fix
l_2422,SH1N,boundary,motorway,MWY,0.2,0.9021556644593647,E,49.19699130200595,64.37982714894805,49.497206459126,62.96895336227439,v3-2026-07-30-trip-suppression-fix
l_288,,peripheral,arterial,West,0.9552619009711829,1.8973804197522885,F,19.935796056810617,41.96912676686193,20.192649460808386,41.74824217341271,v3-2026-07-30-trip-suppression-fix
l_341,,peripheral,arterial,West,1.4125402181589892,8.617912920696796,F,54.514902260431754,36.71534202606699,54.84337716773664,36.84443996626127,v3-2026-07-30-trip-suppression-fix
l_43,,boundary,arterial,East,1.5813401858074718,3.775016547941617,F,65.37049502225159,34.75892893840695,65.5765602186425,35.32268875330685,v3-2026-07-30-trip-suppression-fix
l_562,,peripheral,arterial,West,0.2729630135116692,1.223929617397149,F,42.57225880891554,28.015686351077534,43.12596193946024,28.573098333344394,v3-2026-07-30-trip-suppression-fix
l_589,,peripheral,arterial,East,0.6467608062951385,1.8725453882722805,F,80.33730487909686,32.94215722915171,80.58236816714985,33.26194376468249,v3-2026-07-30-trip-suppression-fix
l_600,,peripheral,arterial,West,0.6245229338699604,4.920657080505531,F,55.709475407824385,13.045268594518097,56.19549972464025,13.468757795687031,v3-2026-07-30-trip-suppression-fix
l_1765,SH1S,peripheral,motorway,MWY,0.1894736842105263,1.21497994303035,F,84.96035184208625,7.938049165044866,85.51529158202642,7.387236144932141,v3-2026-07-30-trip-suppression-fix
l_779,,peripheral,arterial,West,0.34657039711191334,4.1282587187461415,F,55.48533050156489,24.481572560118224,55.91896071120116,24.419550473893427,v3-2026-07-30-trip-suppression-fix
l_1749,,boundary,arterial,East,2.6524026347199503,12.024374821424843,F,93.87893242817293,51.528849290813326,94.36864059133393,52.14137492951401,v3-2026-07-30-trip-suppression-fix
l_583,,peripheral,arterial,East,1.2828736369467608,10.625059235149049,F,116.91170598033048,35.69492072497664,117.52679206590972,36.034785050545715,v3-2026-07-30-trip-suppression-fix
l_2102,,peripheral,motorway,MWY,0.26666666666666666,1.7930768823748517,F,80.17215321679737,14.648206455008307,80.29652541903556,14.32158640620621,v3-2026-07-30-trip-suppression-fix
l_2491,,inner,arterial,CBD,0.8900316455696203,6.809002593248025,F,64.83522069645699,70.55179674303301,65.72989176090466,70.72450839770681,v3-2026-07-30-trip-suppression-fix
l_10,,peripheral,arterial,West,0.9079445145018916,8.13076375063244,F,38.74567202353611,63.57123649077299,39.07219675464859,63.59229142641285,v3-2026-07-30-trip-suppression-fix
l_861,,peripheral,arterial,East,1.1089548100914888,10.451532805229522,F,96.96888977573524,17.796238769374977,97.27060470190436,17.655499622232853,v3-2026-07-30-trip-suppression-fix
l_2069,,inner,arterial,CBD,1.4070194637692488,9.351480402889246,F,77.78445854772983,70.0157000072251,78.0885341738367,71.17222198928589,v3-2026-07-30-trip-suppression-fix
l_1858,,inner,arterial,CBD,0.7897854416216927,1.1104299967294071,F,73.33873570061782,78.88137666158906,74.59298837555528,78.50688881137079,v3-2026-07-30-trip-suppression-fix
l_1721,,inner,arterial,CBD,1.8760259516923319,6.352836987913613,F,68.5415262542454,42.835461968696364,68.65618163480687,43.15766605149279,v3-2026-07-30-trip-suppression-fix
l_48,,peripheral,arterial,East,1.550287449131193,7.020472677877316,F,111.16009224621511,37.369775279737574,112.25637496368564,35.5385411198825,v3-2026-07-30-trip-suppression-fix
l_1228,,boundary,arterial,East,0.7897854416216927,3.166899139784932,F,112.63524396539997,63.96363399899092,114.44030911357665,63.98402954582265,v3-2026-07-30-trip-suppression-fix
l_2679,SH1N,peripheral,arterial,West,0.06666666666666667,0.14541350551486307,A,49.3131947337573,68.59347269075934,49.36474344224883,67.59288241770346,v3-2026-07-30-trip-suppression-fix
l_659,,peripheral,arterial,East,0.43917435221783047,5.141931609427625,F,83.0893491253572,16.053661287411398,83.47849287792684,15.938350631801763,v3-2026-07-30-trip-suppression-fix
l_417,,boundary,arterial,West,1.4730252255569876,6.253865833567449,F,47.50995239258099,69.59980472525197,47.66855459712167,69.94823975047932,v3-2026-07-30-trip-suppression-fix
l_626,,inner,arterial,CBD,0.7365126127784938,6.1909254238528515,F,52.78830011437159,83.50263199099263,52.902451861081026,83.79782671239595,v3-2026-07-30-trip-suppression-fix
l_2110,,peripheral,arterial,West,1.2490458677399208,2.5379166826651507,F,49.898340408449265,10.287200357257893,51.82497587753683,11.035597422664797,v3-2026-07-30-trip-suppression-fix
l_1148,,peripheral,arterial,East,0.6990834239552587,5.45272703080347,F,66.75532766474298,26.166014510986074,66.96388474240788,26.864859614113108,v3-2026-07-30-trip-suppression-fix
l_1957,,inner,arterial,CBD,0.43914220888531064,1.50659807653412,F,69.9619536507304,70.29518922611199,70.12209217912265,70.72466007959736,v3-2026-07-30-trip-suppression-fix
l_1804,,peripheral,arterial,East,20.161713745668383,2.9398891649742693,F,65.84702091206691,59.39827931212193,78.65124687623067,52.24326399052595,v3-2026-07-30-trip-suppression-fix
l_350,,peripheral,arterial,West,0.9552619009711829,1.4909554681485364,F,11.877776270513573,48.358668440892096,12.265539437257972,48.162443142701186,v3-2026-07-30-trip-suppression-fix
l_878,,peripheral,arterial,West,0.7365126127784938,6.453019741655192,F,45.5524687978586,66.0141487790403,45.73280094593361,66.36218699020907,v3-2026-07-30-trip-suppression-fix
l_418,,peripheral,arterial,West,1.1047689191677408,6.4312761116888515,F,45.73280094593361,66.36218699020907,46.20561754174378,67.24539225542652,v3-2026-07-30-trip-suppression-fix
l_289,,peripheral,arterial,West,1.4328928514567743,1.888530283420955,F,20.192649460808386,41.74824217341271,22.447982986685012,40.2477627870245,v3-2026-07-30-trip-suppression-fix
l_221,,inner,arterial,CBD,2.029541098207239,3.9018869037655235,F,71.88080660841018,63.530216875278064,72.40769120143241,64.97992663724726,v3-2026-07-30-trip-suppression-fix
l_1730,,peripheral,arterial,West,1.54182191956829,12.226832720172895,F,19.89606651006187,85.10354362914642,19.947982144973768,84.3728949178436,v3-2026-07-30-trip-suppression-fix
l_2255,,peripheral,arterial,West,0.6931407942238267,7.508247752429868,F,51.25780759579831,26.288907762397006,51.59755880312841,25.85024856752464,v3-2026-07-30-trip-suppression-fix
l_1956,,inner,arterial,CBD,0.43914220888531064,1.5044625529204614,F,70.12209217912265,70.72466007959736,70.25949686328485,71.1004970760738,v3-2026-07-30-trip-suppression-fix
l_19,,peripheral,arterial,West,0.6052963430012611,8.174681849545193,F,41.33762332584963,63.821111010822186,41.62117366432506,63.869974634024665,v3-2026-07-30-trip-suppression-fix
l_927,,boundary,arterial,East,1.5813401858074718,9.027086903457073,F,64.8377383559979,32.98499530804961,65.04529673321747,33.62980747862805,v3-2026-07-30-trip-suppression-fix
l_1655,,inner,arterial,CBD,1.8901606636564108,2.961616981840687,F,79.22255887109388,51.39488182530737,80.43487564907198,49.94006221877742,v3-2026-07-30-trip-suppression-fix
l_679,,inner,arterial,CBD,1.7410228509249184,4.6274196564562695,F,59.67908891499268,79.83562392620523,60.53463260160553,82.60360952623184,v3-2026-07-30-trip-suppression-fix
l_783,,peripheral,arterial,West,0.4094445202675038,1.3850553855501497,F,24.002838762026663,15.868817081390382,24.35348389889819,16.024582852657694,v3-2026-07-30-trip-suppression-fix
l_355,,boundary,arterial,East,1.293521612590277,1.5489162909427803,F,86.88301736275469,51.793673046567044,86.93016873018497,50.81984247240323,v3-2026-07-30-trip-suppression-fix
l_120,,peripheral,arterial,West,0.6245229338699604,4.472631659938044,F,42.33620669458588,8.047533513322234,43.95411189193078,8.558418666871638,v3-2026-07-30-trip-suppression-fix
l_299,,peripheral,arterial,West,1.446480231436837,8.006341577297873,F,25.855796386435493,78.0493306162986,26.037583622950738,78.47843636966675,v3-2026-07-30-trip-suppression-fix
l_1801,,boundary,arterial,East,1.1867088607594938,10.314002523255704,F,66.86615578697338,71.0278983461379,67.67887400167436,71.47237562974169,v3-2026-07-30-trip-suppression-fix
l_909,,inner,arterial,CBD,0.463594921060087,0.49890425739567246,C,119.90353355959333,64.28746641469652,123.11686983154266,64.03823861374093,v3-2026-07-30-trip-suppression-fix
l_53,,peripheral,arterial,West,0.6732873253661,1.0368802623757014,F,9.222887421368313,72.13574772039667,9.963388789742353,72.20338992364428,v3-2026-07-30-trip-suppression-fix
l_809,,peripheral,arterial,West,4.168596572487263,6.704739987693688,F,44.857725097972114,49.4867794975422,45.33546455065397,50.64015856246235,v3-2026-07-30-trip-suppression-fix
l_753,,inner,arterial,CBD,0.8204567209079722,7.173038458021456,F,108.46929287016145,59.77103292301137,108.85548333009355,59.493573287192135,v3-2026-07-30-trip-suppression-fix
l_1258,,boundary,arterial,East,7.49375520399667,11.036430361549185,F,79.24505232266196,60.82672526593426,79.63778643398231,60.900545877044244,v3-2026-07-30-trip-suppression-fix
l_752,,boundary,arterial,West,0.8705114254624592,6.090089123197393,F,57.29010222009102,72.90673010474494,57.45071310501181,73.36322707340747,v3-2026-07-30-trip-suppression-fix
l_141,,inner,arterial,CBD,1.415261233636042,10.715782073068596,F,66.63071109769622,52.38399397535276,66.70966745550835,51.95011603128202,v3-2026-07-30-trip-suppression-fix
l_29,,peripheral,arterial,East,0.51985559566787,4.718192813859338,F,62.96845920756803,22.398014489575356,63.20600543557695,22.31256086351536,v3-2026-07-30-trip-suppression-fix
l_2616,SH1N,peripheral,motorway,MWY,0,0,A,50.55688604635839,27.713126788183125,50.600526465959064,27.62154170761143,v3-2026-07-30-trip-suppression-fix
l_665,,peripheral,arterial,East,0.9321112319403448,6.547369087486106,F,69.1167495055837,31.60886044265956,69.77094647788392,32.89406806263051,v3-2026-07-30-trip-suppression-fix
l_338,,peripheral,arterial,East,0.7751437245655965,7.052704626560812,F,112.25637496368564,35.5385411198825,112.40345479646213,35.26553051157771,v3-2026-07-30-trip-suppression-fix
l_2683,SH1N,boundary,arterial,West,0.06666666666666667,0.10501760516173919,A,49.268580488300465,69.45946102201226,49.3131947337573,68.59347269075934,v3-2026-07-30-trip-suppression-fix
l_554,,peripheral,arterial,West,0.2729630135116692,1.1796458902457954,F,29.827072700036368,18.167912745491606,30.133771162970287,18.29744512717027,v3-2026-07-30-trip-suppression-fix
l_774,,inner,arterial,CBD,0.3090632807067247,0.7890244992968135,D,118.5761417371321,64.23117343997042,119.27269376676925,64.27222082409003,v3-2026-07-30-trip-suppression-fix
l_1454,,boundary,arterial,East,0.48007681228996646,6.2689935361356355,F,95.48914733627757,57.44482697016596,95.50635967892894,57.20126775137313,v3-2026-07-30-trip-suppression-fix
l_282,,peripheral,arterial,West,0.6662225183211192,2.4904028191876524,F,39.28980631483006,37.50795600611312,39.70916501073208,37.85162503008587,v3-2026-07-30-trip-suppression-fix
l_2030,,boundary,arterial,East,0.5933544303797469,9.121645988950805,F,72.55326080360602,74.03110578680466,72.85907041349095,74.10654373911623,v3-2026-07-30-trip-suppression-fix
l_229,,inner,arterial,CBD,0.9590792838874681,0.9265616035217826,E,56.177153289115644,57.332965838616346,56.909666401894945,56.968163807931695,v3-2026-07-30-trip-suppression-fix
l_588,,peripheral,arterial,West,0.6384110657918071,7.9432072422275795,F,40.56070078706607,38.05225262882678,40.92520043647218,37.77531825608538,v3-2026-07-30-trip-suppression-fix
l_410,,inner,arterial,CBD,6,15.532312930130528,F,85.50290607461442,62.95417671462451,86.0452887326778,62.89008241051103,v3-2026-07-30-trip-suppression-fix
l_912,,peripheral,arterial,East,3.3268644302744663,10.569986104437229,F,87.41007622561573,20.460056285102223,87.92860856955708,20.28828651638382,v3-2026-07-30-trip-suppression-fix
l_529,,peripheral,arterial,East,2.263296869105998,2.7621288125260577,F,87.4023926488643,21.216944849091888,87.41007622561573,20.460056285102223,v3-2026-07-30-trip-suppression-fix
l_876,,peripheral,arterial,East,0.43917435221783047,4.286620357362318,F,90.52797910869336,13.942877608033063,91.37144208454141,13.711017694944955,v3-2026-07-30-trip-suppression-fix
l_653,,peripheral,arterial,West,0.8512147543890761,7.437929281545712,F,29.946834492384088,59.19155118606064,30.22988037189786,58.024260059792724,v3-2026-07-30-trip-suppression-fix
l_646,,inner,arterial,CBD,1.3530273988048258,5.30968083826124,F,73.91568303029801,68.92499321134198,74.18950563897673,69.6226280580766,v3-2026-07-30-trip-suppression-fix
l_633,,peripheral,arterial,West,1.54182191956829,12.527420715436172,F,20.881583126375002,77.13994100829224,21.014033014049886,76.05648641136715,v3-2026-07-30-trip-suppression-fix
l_2388,,inner,arterial,CBD,0.39489272081084636,3.0055666190230697,F,99.25936730513611,68.42871382215652,99.71280601003023,68.25813010841078,v3-2026-07-30-trip-suppression-fix
l_134,,inner,arterial,CBD,2.8140389275384976,8.850199624155143,F,77.3632048413974,68.40189168926318,77.78445854772983,70.0157000072251,v3-2026-07-30-trip-suppression-fix
l_1002,,boundary,arterial,East,0.19744636040542318,1.4477834933148528,F,75.02672894130816,78.4448305625403,75.28657339780666,78.38598138298839,v3-2026-07-30-trip-suppression-fix
l_837,,boundary,arterial,West,0.9416934787726595,8.322790785133842,F,48.260058538961395,33.50590159417702,48.72437953409372,33.92980737647068,v3-2026-07-30-trip-suppression-fix
l_999,,peripheral,arterial,West,0.2729630135116692,1.2143555328974074,F,18.13872945476368,13.759473594685016,18.59505976300408,13.751167999895477,v3-2026-07-30-trip-suppression-fix
l_161,,boundary,arterial,East,0.3090632807067247,0.47041530773310164,C,123.11686983154266,64.03823861374093,124.31030574758968,63.907819662821275,v3-2026-07-30-trip-suppression-fix
l_1865,,peripheral,arterial,East,0.6990834239552587,5.4283930165817065,F,66.47509144954758,25.117145745831465,66.75532766474298,26.166014510986074,v3-2026-07-30-trip-suppression-fix
l_1378,,peripheral,arterial,East,3.100574898262386,7.584578707208175,F,103.9397946473381,52.39596848608203,104.31439149020592,51.497118173635656,v3-2026-07-30-trip-suppression-fix
l_2297,,peripheral,arterial,West,0.7872982548222018,2.3446733600488296,F,51.23987720628342,16.987227355129107,51.85167599897967,19.575456539565796,v3-2026-07-30-trip-suppression-fix
l_71,,peripheral,arterial,West,0.9993337774816788,2.4818298830213057,F,33.845689427382226,33.44544363196656,35.80756246244468,34.923061707502754,v3-2026-07-30-trip-suppression-fix
l_982,,peripheral,arterial,East,0.6587615283267457,4.491260437696128,F,70.17819305561731,19.643559722879967,70.74069647453153,19.49804875099083,v3-2026-07-30-trip-suppression-fix
l_1868,,inner,arterial,CBD,0.7897854416216927,3.0539976290948863,F,105.39462072232304,66.28764968796823,108.11669978191439,65.34510178786458,v3-2026-07-30-trip-suppression-fix
l_2424,SH1N,boundary,motorway,MWY,0.4666666666666667,2.410895343059792,F,55.13420368523813,36.10938411357112,55.91392852760065,34.77076307673768,v3-2026-07-30-trip-suppression-fix
l_2596,,peripheral,arterial,West,0.23351755273604735,0.21976872443951453,A,53.624561860442874,50.94757204378403,54.3168178838527,51.184848414248954,v3-2026-07-30-trip-suppression-fix
l_57,,peripheral,arterial,West,0.2729630135116692,1.1989171010102282,F,39.89566721333704,25.49718718738144,40.13917123397722,25.735967467360865,v3-2026-07-30-trip-suppression-fix
l_518,,peripheral,arterial,East,1,7.677631617129235,F,106.02948398163464,19.897960726244897,106.51764890136762,20.429405462124972,v3-2026-07-30-trip-suppression-fix
l_550,,peripheral,arterial,West,0.2729630135116692,1.183656251356887,F,32.45451668578015,19.200983829058003,32.914322210954026,19.381767932668083,v3-2026-07-30-trip-suppression-fix
l_2635,,inner,arterial,CBD,0.5923390812162695,3.0019530134043424,F,98.5036345663708,68.71301775527895,99.25936730513611,68.42871382215652,v3-2026-07-30-trip-suppression-fix
l_1740,,boundary,arterial,East,0.7897854416216927,1.4027878900591977,F,80.05942625532296,76.62218255060786,81.08005577299889,76.54926355530483,v3-2026-07-30-trip-suppression-fix
l_493,,peripheral,arterial,East,1.5088645794039983,6.469280620495746,F,85.98618713567022,15.189215814380727,86.08013052600171,15.565848500853555,v3-2026-07-30-trip-suppression-fix
l_567,,peripheral,arterial,East,1.162715586848395,7.378512953105638,F,104.58686244580402,50.95151444630391,104.8375977296964,50.40631472515976,v3-2026-07-30-trip-suppression-fix
l_2245,,boundary,arterial,West,0.8900316455696203,6.480324656460507,F,58.94506781249516,69.49801981198192,59.6653422868612,69.64693644363454,v3-2026-07-30-trip-suppression-fix
l_631,,peripheral,arterial,East,1.6409134418159443,5.914992567824422,F,113.90558048528936,60.9670057373324,114.10574223197162,61.20651364290733,v3-2026-07-30-trip-suppression-fix
l_403,,peripheral,arterial,East,1,8.744855878033674,F,102.80421995499638,11.309430453865668,102.94165319043678,11.68524784634116,v3-2026-07-30-trip-suppression-fix
l_2546,,boundary,arterial,East,1.7565688355412425,4.747549805945545,F,63.668765861908625,54.46552494747484,64.18510637025192,55.347891346380386,v3-2026-07-30-trip-suppression-fix
l_400,,peripheral,arterial,West,4.168596572487263,5.712509738240158,F,45.88089157914587,51.92742800306539,46.53102693386683,52.99656676705129,v3-2026-07-30-trip-suppression-fix
l_118,,peripheral,arterial,East,1.2490458677399208,5.051056981154935,F,63.725721108876655,17.49227415964829,64.39010580932049,18.15569880527333,v3-2026-07-30-trip-suppression-fix
l_969,,boundary,arterial,West,0.9590792838874681,1.3164603164334063,F,57.407573841442634,56.85090827522146,58.206780092184864,56.56595492603359,v3-2026-07-30-trip-suppression-fix
l_2143,,boundary,arterial,East,0.3090632807067247,0.8587540029201463,E,116.83375292982441,64.07451012846087,117.15978739784869,64.06842534598398,v3-2026-07-30-trip-suppression-fix
l_1902,,boundary,motorway,MWY,0.9333333333333333,3.3813579229221116,F,77.26155269766701,32.37740772031611,82.73102461739431,41.276115467168836,v3-2026-07-30-trip-suppression-fix
l_1017,,peripheral,arterial,East,2.1219221077759602,11.915708963864972,F,97.0638454446813,55.60480721914638,97.17704338533345,55.8459450532657,v3-2026-07-30-trip-suppression-fix
l_461,,peripheral,arterial,West,0.718562874251497,9.298028376357442,F,48.392284149825215,64.36755501154411,48.69658009671544,64.361976160048,v3-2026-07-30-trip-suppression-fix
l_104,,peripheral,arterial,West,0.9552619009711829,2.3155409661342916,F,27.32353851346011,40.56429539010927,27.99873854125966,40.633059065700095,v3-2026-07-30-trip-suppression-fix
l_1319,,boundary,arterial,East,5.707491082045185,5.584700010247928,F,78.691192060888,73.188074916488,79.6613271912913,72.7377239308592,v3-2026-07-30-trip-suppression-fix
l_937,,peripheral,arterial,West,0.6384110657918071,7.471596381200045,F,31.502800738853786,52.730917123186046,31.684075645716092,51.943847527863355,v3-2026-07-30-trip-suppression-fix
l_414,,peripheral,arterial,West,2.312732879352435,12.153615109153783,F,20.177310226202337,82.63905330380759,20.33101384723842,81.52818713871184,v3-2026-07-30-trip-suppression-fix
l_1894,,boundary,arterial,East,3.723239218119764,4.703336140477041,F,73.09627738553586,78.33242799896371,73.33873570061782,78.88137666158906,v3-2026-07-30-trip-suppression-fix
l_167,,boundary,arterial,East,0.7201152184349496,6.100694010643825,F,93.94048829746725,65.36533903997785,94.25698014732225,64.84596163196238,v3-2026-07-30-trip-suppression-fix
l_25,,inner,arterial,CBD,1.1771168484658243,8.333807536944619,F,50.51002692927981,35.27539264319926,52.063959822595145,35.84145225925304,v3-2026-07-30-trip-suppression-fix
l_30,,peripheral,arterial,West,0.6384110657918071,7.464288852623286,F,34.33790463427737,43.70643040416842,34.58782066203479,43.10728654037618,v3-2026-07-30-trip-suppression-fix
l_2453,,inner,arterial,CBD,0.8900316455696203,5.808516293023446,F,52.622502093879426,70.9384375872627,53.65937578832898,70.56806433224813,v3-2026-07-30-trip-suppression-fix
l_995,,boundary,arterial,East,22.68192796387693,10.636888986251313,F,64.59536532672976,59.90780433945354,65.84702091206691,59.39827931212193,v3-2026-07-30-trip-suppression-fix
l_344,,peripheral,arterial,West,0.7171029042667623,7.782511363847204,F,34.54057727193056,3.730841017458006,34.579581000249796,3.4868910197890117,v3-2026-07-30-trip-suppression-fix
l_334,,peripheral,arterial,East,1.2828736369467608,10.61104816349836,F,115.90088706272924,35.11920004960792,116.16471022858158,35.276436523052126,v3-2026-07-30-trip-suppression-fix
l_491,,peripheral,arterial,West,0.2729630135116692,0.5760231638549038,C,10.677786995109543,21.840813566101534,12.106611667987261,21.517570915137576,v3-2026-07-30-trip-suppression-fix
l_339,,peripheral,arterial,East,0.6467608062951385,5.552431741314187,F,73.31923648138135,22.763618500378467,73.49056468457023,23.609380692674144,v3-2026-07-30-trip-suppression-fix
l_411,,peripheral,arterial,West,0.9552619009711829,1.7892302395984117,F,18.751260629148295,43.77440983898291,19.041731192325393,43.012392092370746,v3-2026-07-30-trip-suppression-fix
l_2370,,boundary,motorway,MWY,0.5333333333333333,2.0277184252757254,F,54.84204280116746,38.244766432071046,55.07493113486969,39.97524862667511,v3-2026-07-30-trip-suppression-fix
l_748,,peripheral,arterial,West,0.42560737719453806,7.542392825829452,F,31.684075645716092,51.943847527863355,31.806077940362346,51.48217446681754,v3-2026-07-30-trip-suppression-fix
l_2488,,inner,arterial,CBD,1.184678162432539,1.3590916724136464,F,86.13030614591256,74.69414848581485,87.4285688494408,74.16157052757397,v3-2026-07-30-trip-suppression-fix
l_918,,boundary,arterial,West,1.1047689191677408,8.761922396868298,F,49.324280536344816,73.67454307841179,49.4389192227232,73.99675673960067,v3-2026-07-30-trip-suppression-fix
l_771,,inner,arterial,CBD,0.4660556159701724,1.8374769348886735,F,75.1054356537735,40.39006990359467,75.32726555570973,40.62921196747983,v3-2026-07-30-trip-suppression-fix
l_2607,,boundary,arterial,West,2.520214218208548,2.1820883492915115,F,59.436040302780505,61.921607193387665,59.89578389608564,61.716984700024234,v3-2026-07-30-trip-suppression-fix
l_935,,peripheral,arterial,East,0.6990834239552587,6.543379779845949,F,68.89144154314862,31.180591059344565,69.1167495055837,31.60886044265956,v3-2026-07-30-trip-suppression-fix
l_1501,,peripheral,arterial,West,0.9364026531408505,2.2325478161792196,F,42.38918401944172,45.28885810050366,43.083661446464575,45.22208932636541,v3-2026-07-30-trip-suppression-fix
l_259,,peripheral,arterial,West,0.4094445202675038,1.313168361835801,F,22.338514977887286,15.196464898997053,23.411681397626165,15.636355432577187,v3-2026-07-30-trip-suppression-fix
l_460,,peripheral,arterial,West,3.08364383913658,12.50453281296174,F,20.33101384723842,81.52818713871184,20.536626673350835,79.68667156086065,v3-2026-07-30-trip-suppression-fix
l_1181,,peripheral,motorway,MWY,0.4,0.12813207342125646,A,54.790414310606764,39.87236972272349,56.54245474560589,44.110349820587466,v3-2026-07-30-trip-suppression-fix
l_2092,,peripheral,arterial,East,1.1906533710373568,6.222791586435475,F,97.17704338533345,55.8459450532657,97.50004725077318,55.67778679127608,v3-2026-07-30-trip-suppression-fix
l_148,,peripheral,arterial,West,0.9552619009711829,1.5442882262684139,F,17.801273166943393,46.521333492608164,18.215256762926387,45.37870460126316,v3-2026-07-30-trip-suppression-fix
l_1060,,peripheral,arterial,East,4.640171858216971,7.259323625261599,F,64.30431240757132,65.34547326977417,64.78468473017887,66.6338974288172,v3-2026-07-30-trip-suppression-fix
l_609,,inner,arterial,CBD,4,15.058417656331615,F,87.28538463256781,61.759029567199676,87.4987260507792,61.53886562834153,v3-2026-07-30-trip-suppression-fix
l_1263,,peripheral,arterial,East,0.8782844177706213,1.4797726548120083,F,71.14964306506519,73.38133209010323,71.33102328162099,73.78338402757181,v3-2026-07-30-trip-suppression-fix
l_2174,,peripheral,arterial,East,1.9402824188854155,6.819999867263713,F,87.18797964508035,47.13945006673204,87.21874019539901,47.625359058670156,v3-2026-07-30-trip-suppression-fix
l_377,,peripheral,arterial,East,1.2464942349641632,8.323010927287921,F,120.53325260381972,53.789304780519,120.61412128457954,53.46347217081694,v3-2026-07-30-trip-suppression-fix
l_1866,,peripheral,arterial,East,0.6990834239552587,5.45163797578315,F,66.31199565899901,24.525568450433795,66.47509144954758,25.117145745831465,v3-2026-07-30-trip-suppression-fix
l_1190,,peripheral,arterial,East,5,10.299937674778274,F,79.3914622053205,17.0950407249489,79.55429144422294,16.497444047093744,v3-2026-07-30-trip-suppression-fix
l_484,,peripheral,arterial,East,0.6404098623118796,1.3741484937119373,F,84.35024758592708,9.030415185966078,84.4901524895696,9.541330509440055,v3-2026-07-30-trip-suppression-fix
l_1597,,inner,arterial,CBD,0.7897854416216927,2.9918541056923247,F,99.71280601003023,68.25813010841078,103.2993358126966,67.02931881658287,v3-2026-07-30-trip-suppression-fix
l_211,,peripheral,arterial,West,1.064018442986345,7.499256536403733,F,33.84449708141225,45.25594081754156,34.33790463427737,43.70643040416842,v3-2026-07-30-trip-suppression-fix
l_423,,boundary,arterial,East,0.48007681228996646,5.953993910824818,F,95.43963619956364,61.797033827149114,95.5003199063937,61.55266787133714,v3-2026-07-30-trip-suppression-fix
l_1820,,peripheral,arterial,East,1.260107109104274,3.928517612165715,F,84.15884212581382,44.41180120728222,84.55624162921892,43.566620758211755,v3-2026-07-30-trip-suppression-fix
l_146,,peripheral,arterial,East,0.6990834239552587,5.649244072813928,F,64.61339702017465,18.47590338906229,64.70680343127532,18.82552712761103,v3-2026-07-30-trip-suppression-fix
l_885,,peripheral,arterial,West,1.1047689191677408,6.496393231875033,F,44.96453376525631,64.78170908055317,45.080153375260146,65.15795934813434,v3-2026-07-30-trip-suppression-fix
l_112,,peripheral,arterial,West,0.4094445202675038,1.4076199565399292,F,26.958152628980134,17.004083438764674,27.68118253603015,17.31520820833251,v3-2026-07-30-trip-suppression-fix
l_235,,peripheral,arterial,East,2.32543117369679,5.799204918896792,F,110.96076391356546,25.53575777807992,111.16442414012288,25.964389511923958,v3-2026-07-30-trip-suppression-fix
l_766,,peripheral,arterial,West,0.718562874251497,5.8120741527739845,F,54.99836319691501,64.16526226450581,55.41133629772163,64.15767771289701,v3-2026-07-30-trip-suppression-fix
l_1347,,peripheral,arterial,West,0.3936491274111009,2.1627216467971917,F,50.69692379383854,14.70487484598382,50.837244456030206,15.242827359576108,v3-2026-07-30-trip-suppression-fix
l_522,,peripheral,arterial,West,1.064018442986345,8.005510614974305,F,37.08307946971042,40.46715633657881,38.11387922865658,39.772649092279735,v3-2026-07-30-trip-suppression-fix
l_362,,peripheral,arterial,West,1.064018442986345,7.4141031312038015,F,29.301693173350262,61.95999256988419,29.643531754368812,60.44028981709939,v3-2026-07-30-trip-suppression-fix
l_780,,peripheral,arterial,West,0.8512147543890761,7.51046593473044,F,31.887082961168694,51.15638090157586,32.13059058682008,50.20601713188289,v3-2026-07-30-trip-suppression-fix
l_1754,,boundary,arterial,East,1.5914415808319702,11.921419587549956,F,96.16832299466648,54.21604884802822,97.0638454446813,55.60480721914638,v3-2026-07-30-trip-suppression-fix
l_280,,peripheral,arterial,East,0.34657039711191334,4.6942053273183495,F,64.37349883939923,21.966740772064515,64.63327380845004,21.907902492300373,v3-2026-07-30-trip-suppression-fix
l_1519,,peripheral,arterial,West,1.3862815884476534,5.317245222385074,F,47.79573943349853,33.0819948251006,48.31868560840039,31.964323441884268,v3-2026-07-30-trip-suppression-fix
l_1782,,boundary,arterial,East,0.8900316455696203,6.779940769714772,F,64.33329631977993,70.45293118139321,64.57339037924574,70.50256418466411,v3-2026-07-30-trip-suppression-fix
l_486,,peripheral,arterial,East,1.3175230566534915,3.7699745022548856,F,78.63389556618147,17.271209191065452,79.3914622053205,17.0950407249489,v3-2026-07-30-trip-suppression-fix
l_658,,boundary,arterial,East,1.260107109104274,3.908261969596112,F,82.61537724786608,46.76465010547394,82.82720406952839,46.46343850540144,v3-2026-07-30-trip-suppression-fix
l_318,,peripheral,arterial,West,1.0186757215619695,14.376477426365236,F,57.58532703937749,41.71285811020964,57.76267550723545,41.89878278073104,v3-2026-07-30-trip-suppression-fix
l_1913,,inner,arterial,CBD,2.936617994942491,0.8465897254856495,E,89.77142609073935,68.0101659520379,90.25782546500915,66.5912814806598,v3-2026-07-30-trip-suppression-fix
l_2688,,inner,arterial,CBD,0.658713313327966,3.237577461408413,F,66.46478413796704,61.06253952553714,67.17348788102349,62.941334292967575,v3-2026-07-30-trip-suppression-fix
l_194,,boundary,arterial,East,0.718562874251497,5.276457098816084,F,66.14286173603182,64.82514320490282,66.79143678056333,64.62401159445204,v3-2026-07-30-trip-suppression-fix
l_685,,inner,arterial,CBD,1.415261233636042,6.195024529127255,F,68.2312228555955,55.46254364541425,68.53899968943219,55.646056144061916,v3-2026-07-30-trip-suppression-fix
l_2604,,peripheral,arterial,West,2,4.633274457268891,F,57.92558486350771,48.382125914992905,58.06295510020387,48.75797027711882,v3-2026-07-30-trip-suppression-fix
l_590,,peripheral,arterial,East,1.162715586848395,6.000291701505117,F,109.64630901000582,23.830545156038095,109.97883978269351,24.175695609362258,v3-2026-07-30-trip-suppression-fix
l_273,,inner,arterial,CBD,0.47084673938632976,6.900876848864175,F,68.1814136812295,37.46382972117653,68.44120752595799,37.40498733491289,v3-2026-07-30-trip-suppression-fix
l_599,,peripheral,arterial,West,0.6384110657918071,7.9095381900708475,F,35.36572445464771,41.66067944916726,35.79494132994891,41.35554576370837,v3-2026-07-30-trip-suppression-fix
l_1781,,inner,arterial,CBD,0.8900316455696203,6.783464355471762,F,63.67921974404496,70.35686484399797,64.33329631977993,70.45293118139321,v3-2026-07-30-trip-suppression-fix
l_356,,peripheral,arterial,East,8.422234699606962,4.825667572038291,F,65.19974202741982,52.5995377645506,65.84798720220324,53.560550321934564,v3-2026-07-30-trip-suppression-fix
l_802,,peripheral,arterial,West,0.6732873253661,6.684865464978887,F,21.956748753009197,72.90429875875918,22.21413355053663,72.71043040111572,v3-2026-07-30-trip-suppression-fix
l_892,,peripheral,arterial,West,1.1047689191677408,6.447228763065681,F,46.20561754174378,67.24539225542652,46.520830725619874,67.83419521457432,v3-2026-07-30-trip-suppression-fix
l_506,,inner,arterial,CBD,0.51985559566787,6.795154824540239,F,49.32606309764747,29.999946005263766,49.45148718222469,29.727381154535077,v3-2026-07-30-trip-suppression-fix
l_384,,boundary,arterial,East,1.4070194637692488,8.858650977700195,F,69.99935428428324,46.4301311809854,70.11451282827578,46.77935180755179,v3-2026-07-30-trip-suppression-fix
l_561,,peripheral,arterial,West,0.7171029042667623,3.9114405078820553,F,31.058229188577965,14.172570820586582,31.182676867441586,13.845982687981149,v3-2026-07-30-trip-suppression-fix
l_1067,,peripheral,arterial,East,1.785980056556035,3.2968001407658485,F,98.62522161572872,55.3866211660318,99.44258708063082,54.91198217464187,v3-2026-07-30-trip-suppression-fix
l_195,,peripheral,arterial,East,2.32543117369679,5.334038211132266,F,113.33141003675074,33.73472308894424,113.40268484984902,32.89556275122602,v3-2026-07-30-trip-suppression-fix
l_284,,peripheral,arterial,West,0.6732873253661,0.9304646128823919,E,7.360099979498667,71.33172830966363,7.780939910423752,71.75651292746136,v3-2026-07-30-trip-suppression-fix
l_196,,peripheral,arterial,West,0.2729630135116692,1.216601445793162,F,34.80641616675846,20.61742786010533,35.35958411076192,21.14784221539322,v3-2026-07-30-trip-suppression-fix
l_2094,,peripheral,arterial,West,1.446480231436837,6.862785332406427,F,24.753350363940463,86.74480060182267,25.198499420748078,86.11509160886894,v3-2026-07-30-trip-suppression-fix
l_968,,inner,arterial,CBD,0.48007681228996646,5.99349983326913,F,94.98858867076105,63.2648424423794,95.11297254975042,62.938214680546714,v3-2026-07-30-trip-suppression-fix
l_1325,,boundary,arterial,East,2.8537455410225925,6.535443153427437,F,79.13482182060346,72.98213546199597,79.6613271912913,72.7377239308592,v3-2026-07-30-trip-suppression-fix
l_535,,boundary,arterial,East,0.9380129758461659,10.061268625363919,F,66.89691065895856,38.541538023179406,66.96610027265491,38.756474806697,v3-2026-07-30-trip-suppression-fix
l_55,,inner,arterial,CBD,1.0778443113772456,5.839430068174033,F,76.33554109683999,61.042638078226716,77.24241717509129,60.70156966704804,v3-2026-07-30-trip-suppression-fix
l_256,,peripheral,arterial,West,1.446480231436837,8.751715414874134,F,24.944404743697714,75.76871391045684,25.103465392982685,76.14418209199061,v3-2026-07-30-trip-suppression-fix
l_2302,,peripheral,arterial,East,1.5813401858074718,1.1149819995689771,F,66.20121844227644,36.720998864018114,66.81325321532405,37.54309989421768,v3-2026-07-30-trip-suppression-fix
l_258,,peripheral,arterial,West,0.2729630135116692,1.1718797817093485,F,16.058494501113277,15.310789384286009,16.358777119211265,15.089117718826287,v3-2026-07-30-trip-suppression-fix
l_374,,peripheral,arterial,East,1.8697413524462447,8.013606177515483,F,122.05703166725341,45.760889409575576,122.20863463755362,44.56887467562283,v3-2026-07-30-trip-suppression-fix
l_1351,,peripheral,motorway,MWY,0.06666666666666667,0.0545386686911602,A,84.55624162921892,43.566620758211755,84.77758488400379,43.77873584501003,v3-2026-07-30-trip-suppression-fix
l_629,,peripheral,arterial,West,4.339440694310511,7.4728646108271946,F,26.76621972872008,80.27590936570861,27.44892572674896,81.93908674258003,v3-2026-07-30-trip-suppression-fix
l_41,,inner,arterial,CBD,2.029541098207239,3.8344107420198816,F,72.40769120143241,64.97992663724726,73.09222729638593,66.7240176771746,v3-2026-07-30-trip-suppression-fix
l_303,,peripheral,arterial,East,0.832523935063133,4.751785723652653,F,93.38708122474172,51.97040110126382,93.68684043099444,51.721599902505545,v3-2026-07-30-trip-suppression-fix
l_573,,peripheral,arterial,West,0.4163486225799736,4.981588214992916,F,58.90864353705988,15.608008409911491,59.346238922922744,15.762116970461204,v3-2026-07-30-trip-suppression-fix
l_91,,peripheral,arterial,East,0.7544322897019992,6.496279644958411,F,86.56957610829535,17.340539282249114,86.66201641600574,17.63611965574881,v3-2026-07-30-trip-suppression-fix
l_275,,peripheral,arterial,West,1.8158890290037832,8.035570367395177,F,29.673640407118377,66.84494709908721,30.45118311183978,66.56049963894581,v3-2026-07-30-trip-suppression-fix
l_765,,peripheral,arterial,West,2.151308712800287,3.8974297291566096,F,29.520868804521943,18.065397171571686,29.998429859075458,16.84049715637769,v3-2026-07-30-trip-suppression-fix
l_2613,SH16,peripheral,motorway,MWY,0.49411764705882355,1.358111759130539,F,25.89488625289297,8.780468454057408,32.69477780582291,9.764417161929732,v3-2026-07-30-trip-suppression-fix
l_1196,,boundary,arterial,East,7.446478436239528,3.7032984345793993,F,71.9765944393281,75.77143528366535,72.79557261648976,77.72925969396898,v3-2026-07-30-trip-suppression-fix
l_166,,boundary,arterial,East,0.48007681228996646,6.084549897198907,F,94.25698014732225,64.84596163196238,94.42584210066914,64.57256242888025,v3-2026-07-30-trip-suppression-fix
l_1374,,peripheral,arterial,West,1.2490458677399208,4.685739839174899,F,53.13224760755773,11.200773498730635,53.61726759322485,11.570233857453232,v3-2026-07-30-trip-suppression-fix
l_681,,inner,arterial,CBD,11.508951406649617,41.26748892362719,F,54.98391466874296,84.65149034680701,55.71851796387649,84.39476511545743,v3-2026-07-30-trip-suppression-fix
l_470,,peripheral,arterial,West,0.6384110657918071,7.9966846669936675,F,42.01968492798666,36.998545569161564,42.27750110402087,36.831667139459704,v3-2026-07-30-trip-suppression-fix
l_1,,peripheral,arterial,West,0.8512147543890761,7.531708166253896,F,33.55506511881598,46.0720152319914,33.84449708141225,45.25594081754156,v3-2026-07-30-trip-suppression-fix
l_520,,peripheral,arterial,East,0.6467608062951385,1.9652140515071728,F,78.58042036377357,30.812516689642433,78.78051296407524,31.05205674766584,v3-2026-07-30-trip-suppression-fix
l_834,,inner,arterial,CBD,0.48007681228996646,5.975174483590614,F,94.86370199219547,63.56445281109681,94.98858867076105,63.2648424423794,v3-2026-07-30-trip-suppression-fix
l_949,,inner,arterial,CBD,0.9512485136741975,9.903443272222425,F,80.52577913799671,72.4514808872032,80.78511428794562,72.36560725696413,v3-2026-07-30-trip-suppression-fix
l_455,,peripheral,arterial,East,1.1259148057796962,1.6994834178048623,F,118.07553492299452,21.21382886352289,118.61375585870096,20.93350617850465,v3-2026-07-30-trip-suppression-fix
l_197,,inner,arterial,CBD,1.4070194637692488,7.823147909635642,F,76.07424304646568,63.3717424778537,76.26212498286664,64.1250148207832,v3-2026-07-30-trip-suppression-fix
l_670,,peripheral,arterial,East,2.187884589087926,5.311771408829871,F,114.75172089097913,62.0322947864568,114.96349959780188,62.89320071657305,v3-2026-07-30-trip-suppression-fix
l_1795,,boundary,arterial,East,0.8204567209079722,6.300686316238491,F,111.9019693746437,58.46384737328874,111.9302646176877,58.8146676413356,v3-2026-07-30-trip-suppression-fix
l_201,,boundary,arterial,East,7.904191616766467,5.308124555843939,F,64.30431240757132,65.34547326977417,65.300161097137,65.11092672578283,v3-2026-07-30-trip-suppression-fix
l_2145,,peripheral,arterial,East,0.3090632807067247,0.8564707284584125,E,117.15978739784869,64.06842534598398,117.83308662414882,64.0288311646477,v3-2026-07-30-trip-suppression-fix
l_1891,,boundary,arterial,West,0.5155746509129968,4.589505267855296,F,61.44641818363301,57.74959335229004,61.583799926753976,58.12543558418083,v3-2026-07-30-trip-suppression-fix
l_838,,peripheral,arterial,West,0.6732873253661,1.4273290709378885,F,16.56321227752726,72.84025424133975,16.8462750820757,72.86213469997472,v3-2026-07-30-trip-suppression-fix
l_1182,,peripheral,arterial,West,2,0.46220194564356876,C,59.36133610429514,47.24764500246948,60.005554820942166,47.992536583867455,v3-2026-07-30-trip-suppression-fix
l_893,,peripheral,arterial,East,3.8813418353202107,10.501276310128242,F,88.42591102021917,20.143935595076872,90.45857619154758,19.56571370973003,v3-2026-07-30-trip-suppression-fix
l_813,,peripheral,arterial,West,0.47084673938632976,4.257257126860318,F,55.47809825859257,37.07601636840812,55.7186490833935,37.152675638354886,v3-2026-07-30-trip-suppression-fix
l_564,,peripheral,arterial,West,0.34657039711191334,4.695736891195049,F,61.28190622607549,22.88851284067149,61.7574991780462,22.74462655540338,v3-2026-07-30-trip-suppression-fix
l_948,,peripheral,arterial,West,0.6732873253661,0.856803669310989,E,2.8836122255490593,66.68330547376482,4.656304385650536,68.51598354152654,v3-2026-07-30-trip-suppression-fix
l_93,,peripheral,arterial,West,0.4094445202675038,1.3948432420374859,F,24.66017545711453,16.154123118891604,25.97287965167287,16.616660135229253,v3-2026-07-30-trip-suppression-fix
l_279,,peripheral,arterial,West,0.4163486225799736,4.4430757033281525,F,43.95411189193078,8.558418666871638,44.39118388122156,8.685540657988398,v3-2026-07-30-trip-suppression-fix
l_1895,,peripheral,arterial,East,3.723239218119764,4.663247700035903,F,72.79557261648976,77.72925969396898,73.09627738553586,78.33242799896371,v3-2026-07-30-trip-suppression-fix
l_854,,inner,arterial,CBD,0.3090632807067247,0.6499308779218981,D,119.27269376676925,64.27222082409003,119.90353355959333,64.28746641469652,v3-2026-07-30-trip-suppression-fix
l_887,,inner,arterial,CBD,4,15.278582720095352,F,87.90317081015102,61.07192236987932,88.13824604143318,60.851355100114134,v3-2026-07-30-trip-suppression-fix
l_232,,peripheral,arterial,East,25.68370986920333,12.875908552709296,F,75.85871184117023,74.05118412738653,76.6362277816103,73.76656287144189,v3-2026-07-30-trip-suppression-fix
l_853,,boundary,arterial,East,3.7803213273128216,3.3391445778855977,F,81.45257167434652,48.542887427232586,81.80594585524118,48.0205643556404,v3-2026-07-30-trip-suppression-fix
l_585,,peripheral,arterial,East,0.7751437245655965,7.17599749709684,F,106.78377288492112,46.34310863502439,106.97282358137726,45.98824119423296,v3-2026-07-30-trip-suppression-fix
l_724,,boundary,arterial,East,1.883386957545319,6.908480110828665,F,66.81325321532405,37.54309989421768,67.55166520542518,37.50246451841118,v3-2026-07-30-trip-suppression-fix
l_859,,peripheral,arterial,West,0.7872982548222018,7.621276437551393,F,56.53439827646412,28.327071268331206,57.80877329498813,29.0603833529227,v3-2026-07-30-trip-suppression-fix
l_90,,peripheral,arterial,West,0.9993337774816788,2.191087338826383,F,20.09311420521459,23.183067412831576,22.07602875395507,24.633396869178227,v3-2026-07-30-trip-suppression-fix
l_1680,,peripheral,arterial,West,0.3936491274111009,2.16171678685364,F,50.837244456030206,15.242827359576108,50.95285355465365,15.61907493991491,v3-2026-07-30-trip-suppression-fix
l_2182,,boundary,motorway,MWY,0.5333333333333333,1.4564191736034222,F,55.26012197672294,35.86383299864734,55.63837242127506,35.15419638640701,v3-2026-07-30-trip-suppression-fix
l_695,,boundary,arterial,East,0.7201152184349496,6.095698956440356,F,95.58249214144531,58.95658599146769,95.58852214064525,59.28079368324104,v3-2026-07-30-trip-suppression-fix
l_156,,inner,arterial,CBD,1.064018442986345,8.155275143334045,F,44.466442142345834,35.27810071114708,45.6256012022961,34.47309629286863,v3-2026-07-30-trip-suppression-fix
l_2346,SH16,peripheral,motorway,MWY,0.49411764705882355,3.2332386552452586,F,88.88572095283965,47.24312752398298,89.91925227233742,47.87261040785828,v3-2026-07-30-trip-suppression-fix
l_2091,,peripheral,arterial,East,0.5953266855186784,6.162518802709682,F,97.50004725077318,55.67778679127608,98.04341434136168,55.6676950421336,v3-2026-07-30-trip-suppression-fix
l_1265,,boundary,arterial,West,14.070599851888423,14.485913809615253,F,60.3128151638892,48.1490434873391,60.774522595022184,47.24867825432507,v3-2026-07-30-trip-suppression-fix
l_985,,peripheral,arterial,West,1.5280135823429541,14.509406821439967,F,57.76267550723545,41.89878278073104,58.42761061428287,42.58924470487888,v3-2026-07-30-trip-suppression-fix
l_1786,,peripheral,arterial,West,0.42560737719453806,0.2070067962393407,A,28.828449705395226,63.42803872377259,29.063093303299656,63.180523259673606,v3-2026-07-30-trip-suppression-fix
l_480,,peripheral,arterial,East,0.832523935063133,4.762527849769414,F,93.13279881840661,52.326464706958575,93.38708122474172,51.97040110126382,v3-2026-07-30-trip-suppression-fix
l_445,,peripheral,arterial,East,1.5,8.378416363917333,F,104.1709519148382,15.824492092970116,104.52009164720675,17.061224643942403,v3-2026-07-30-trip-suppression-fix
l_36,,peripheral,arterial,East,0.43917435221783047,4.085310204922903,F,97.53388054729031,11.947968259590294,98.50670295029522,11.659621214841225,v3-2026-07-30-trip-suppression-fix
l_2605,,boundary,arterial,West,1.2768221315836141,8.24591691963907,F,46.4627385408681,33.89019902651251,46.89819113940197,33.4980383181697,v3-2026-07-30-trip-suppression-fix
l_2416,,peripheral,motorway,MWY,0.4,2.355051824882007,F,54.84337716773664,36.84443996626127,55.13420368523813,36.10938411357112,v3-2026-07-30-trip-suppression-fix
l_1494,,peripheral,arterial,West,0.23351755273604735,0.43033206941451263,C,50.81056204175561,51.620827967298034,50.97996415226851,51.37448260392888,v3-2026-07-30-trip-suppression-fix
l_294,,peripheral,arterial,East,1.1089548100914888,9.780408118628335,F,101.68150962704725,16.38432238909062,102.5472068574894,16.179030222583442,v3-2026-07-30-trip-suppression-fix
l_1569,SH1N,peripheral,motorway,MWY,0.3333333333333333,1.9300854156227056,F,49.25662904563713,62.8922861108631,49.547716870025845,61.49984412727382,v3-2026-07-30-trip-suppression-fix
l_2397,SH1S,peripheral,motorway,MWY,0.3157894736842105,3.1374510863820997,F,64.82007502293318,30.850228876456175,66.29036569802851,30.41774322411505,v3-2026-07-30-trip-suppression-fix
l_15,,peripheral,arterial,East,0.7906700929037359,4.16978795638739,F,62.909256777284135,28.615194350702243,63.36084039531813,29.525779596949793,v3-2026-07-30-trip-suppression-fix
l_1536,SH1S,peripheral,motorway,MWY,0.06315789473684211,0.04254872575766161,A,73.66841364931753,23.822309274082407,74.5014329682545,23.023156082247098,v3-2026-07-30-trip-suppression-fix
l_406,,peripheral,arterial,West,0.9552619009711829,1.5122583824385654,F,15.445123067090424,47.26685798344814,16.664169368383536,47.352798394816936,v3-2026-07-30-trip-suppression-fix
l_820,,inner,arterial,CBD,7.416930379746836,10.066997811454431,F,68.0786063807393,71.92445988238603,70.54401738169513,73.5546576808655,v3-2026-07-30-trip-suppression-fix
l_301,,peripheral,arterial,West,0.6662225183211192,2.4777284799565127,F,37.76946365038845,36.400662033468386,38.78302360652124,37.138859200928174,v3-2026-07-30-trip-suppression-fix
l_64,,peripheral,arterial,East,1.6634322151372332,10.069216441194706,F,99.15211684177766,17.134051952703206,99.9091660664164,16.930790692269245,v3-2026-07-30-trip-suppression-fix
l_848,,peripheral,arterial,West,1.446480231436837,8.344224254157025,F,25.67302331002008,77.56619041915954,25.855796386435493,78.0493306162986,v3-2026-07-30-trip-suppression-fix
l_899,,inner,arterial,CBD,32.41747380905317,8.937632453437239,F,65.04529673321747,33.62980747862805,65.37049502225159,34.75892893840695,v3-2026-07-30-trip-suppression-fix
l_140,,boundary,arterial,East,2.187884589087926,8.406681304115054,F,101.60510718434668,58.95281800135987,102.44312015874735,59.58587777845526,v3-2026-07-30-trip-suppression-fix
l_749,,peripheral,arterial,West,1.4342058085335245,4.057565341089233,F,32.15849146822054,11.341740268758956,32.69477780582291,9.764417161929732,v3-2026-07-30-trip-suppression-fix
l_189,,peripheral,arterial,West,0.2729630135116692,1.1759642616043782,F,30.987688520843637,18.63319555844396,31.49095255807371,18.81318911534808,v3-2026-07-30-trip-suppression-fix
l_204,,peripheral,arterial,West,0.2729630135116692,1.1537360657011708,F,38.32500839245553,24.012453131749073,38.612466567512,24.27745724437945,v3-2026-07-30-trip-suppression-fix
l_1109,,boundary,arterial,West,1.0311493018259936,0.6257569524541619,D,59.98369665385385,53.88469637087916,60.64586369269479,55.60220742294849,v3-2026-07-30-trip-suppression-fix
l_636,,boundary,arterial,East,4,15.110073303734199,F,87.05030744901372,61.97959579665861,87.28538463256781,61.759029567199676,v3-2026-07-30-trip-suppression-fix
l_128,,boundary,arterial,West,18.33616298811545,14.10331685570631,F,60.08996751302897,44.315390712289016,60.80485960601981,45.35627036157406,v3-2026-07-30-trip-suppression-fix
l_721,,peripheral,arterial,East,1.8642224638806897,5.679830062282762,F,64.7997113597878,19.148133514434484,65.17583481005899,20.681714477473342,v3-2026-07-30-trip-suppression-fix
l_366,,peripheral,arterial,East,2.400384061449832,6.033012329820909,F,92.03296894979158,68.02229805492169,92.5425828519474,67.36420983457765,v3-2026-07-30-trip-suppression-fix
l_796,,peripheral,arterial,West,0.6384110657918071,7.48747200770877,F,32.13059058682008,50.20601713188289,32.41904627356739,49.33591086365503,v3-2026-07-30-trip-suppression-fix
l_1768,SH1S,peripheral,motorway,MWY,0.12631578947368421,0.46387457101255725,B,88.37485515037113,4.523466121909161,88.58763038987404,4.276280946767307,v3-2026-07-30-trip-suppression-fix
l_944,,peripheral,arterial,West,0.9552619009711829,2.8123156277349626,F,33.84392002194041,41.66145983359839,34.59075653131519,42.08023507148212,v3-2026-07-30-trip-suppression-fix
l_2179,SH1S,peripheral,motorway,MWY,0.3789473684210526,3.095318539686494,F,71.30370240226385,26.433479853153397,72.91381695536822,24.160559754214546,v3-2026-07-30-trip-suppression-fix
l_1554,,inner,motorway,MWY,0.4,1.5296810719767433,F,55.63837242127506,35.15419638640701,55.91392852760065,34.77076307673768,v3-2026-07-30-trip-suppression-fix
l_1106,,inner,arterial,CBD,0.5155746509129968,0.7183950771861377,D,59.389231387559114,52.301070655641134,59.98369665385385,53.88469637087916,v3-2026-07-30-trip-suppression-fix
l_822,,inner,arterial,CBD,0.4660556159701724,1.8582245969755105,F,74.37225085683323,39.53875972036199,75.1054356537735,40.39006990359467,v3-2026-07-30-trip-suppression-fix
l_200,,inner,arterial,CBD,0.9601536245799329,6.002596261341709,F,94.42584210066914,64.57256242888025,94.86370199219547,63.56445281109681,v3-2026-07-30-trip-suppression-fix
l_687,,inner,arterial,CBD,0.6990834239552587,3.30543294762507,F,88.1860699810941,55.22893905573418,89.27113355970832,56.28989760791533,v3-2026-07-30-trip-suppression-fix
l_547,,peripheral,arterial,West,0.2729630135116692,1.4396386031875388,F,28.119742845655235,17.523416388508874,28.5578100243917,17.70460642082063,v3-2026-07-30-trip-suppression-fix
l_164,,boundary,arterial,East,0.39489272081084636,1.4337620072039603,F,75.58989168565117,78.3263293368011,76.0433693550094,78.15579870266906,v3-2026-07-30-trip-suppression-fix
l_816,,peripheral,arterial,East,0.7544322897019992,3.0178601083883816,F,79.39222039520915,30.040763602356257,79.8243558262689,29.897639816665812,v3-2026-07-30-trip-suppression-fix
l_847,,peripheral,arterial,West,1.00993098804915,6.671402152664495,F,22.42853837069074,72.54437032089976,22.685429373062288,72.32348419454668,v3-2026-07-30-trip-suppression-fix
l_726,,peripheral,arterial,West,0.6732873253661,6.676914006421138,F,22.21413355053663,72.71043040111572,22.42853837069074,72.54437032089976,v3-2026-07-30-trip-suppression-fix
l_2522,,inner,arterial,CBD,0.39489272081084636,0.30385532752104255,B,82.13865149724165,76.17834579272612,82.50457703730733,75.84115997283072,v3-2026-07-30-trip-suppression-fix
l_223,,peripheral,arterial,West,0.7171029042667623,7.743899501592897,F,34.67486260057886,2.7554381936193932,34.691642072889,2.4848681150931027,v3-2026-07-30-trip-suppression-fix
l_169,,boundary,arterial,East,0.7201152184349496,6.185179011489803,F,95.53198715975178,58.57915053254723,95.58249214144531,58.95658599146769,v3-2026-07-30-trip-suppression-fix
l_1861,,peripheral,arterial,East,3.723239218119764,4.391205548417576,F,71.4152041612677,74.80883656913852,71.58622123568017,75.10207430842227,v3-2026-07-30-trip-suppression-fix
l_38,,peripheral,arterial,West,0.51985559566787,4.721173812734828,F,61.7574991780462,22.74462655540338,62.96845920756803,22.398014489575356,v3-2026-07-30-trip-suppression-fix
l_1639,,peripheral,arterial,West,5.396376718489015,11.551404688828223,F,19.926106752739194,86.75158827521348,19.969935188443806,89.1561121549009,v3-2026-07-30-trip-suppression-fix
l_872,,peripheral,arterial,East,0.6587615283267457,4.285918269086895,F,89.55463460235399,14.204169163434171,90.52797910869336,13.942877608033063,v3-2026-07-30-trip-suppression-fix
l_1120,,inner,arterial,CBD,1.7800632911392407,6.793464969145702,F,65.72989176090466,70.72450839770681,66.40670416572556,70.87420248505744,v3-2026-07-30-trip-suppression-fix
l_1356,,peripheral,arterial,West,0.5904736911166514,2.250531544184496,F,50.95285355465365,15.61907493991491,51.05021157094027,16.18484242311799,v3-2026-07-30-trip-suppression-fix
l_835,,peripheral,arterial,East,0.6990834239552587,6.513560848278344,F,68.30444702151331,30.00224808447742,68.46256018406585,30.32365092800221,v3-2026-07-30-trip-suppression-fix
l_881,,peripheral,arterial,East,1.162715586848395,5.412579576090982,F,112.29493053495209,28.29464074874688,112.74875557728336,29.31319530064335,v3-2026-07-30-trip-suppression-fix
l_1160,,boundary,arterial,West,1.3057671381936886,6.2447221956057595,F,56.57648856515048,70.75773242738443,56.66875643419824,69.86416767783882,v3-2026-07-30-trip-suppression-fix
l_661,,peripheral,arterial,East,0.5,0.4161356126178835,B,64.53823039270927,17.93675809277535,64.70808524166334,17.717416921314094,v3-2026-07-30-trip-suppression-fix
l_2147,SH16,peripheral,motorway,MWY,0.42352941176470593,2.352947458162279,F,42.07703134939467,17.925744322197218,44.31904864262321,20.146045198764536,v3-2026-07-30-trip-suppression-fix
l_1823,,inner,arterial,CBD,1.7800632911392407,10.100856839025553,F,67.75056696475887,71.8223982887934,68.0786063807393,71.92445988238603,v3-2026-07-30-trip-suppression-fix
l_51,,inner,arterial,CBD,4.894363324904152,6.268471417301306,F,89.52263422621802,68.66341403448585,89.77142609073935,68.0101659520379,v3-2026-07-30-trip-suppression-fix
l_2109,,peripheral,arterial,East,1.093942294543963,8.850982782571378,F,97.45545643449223,56.78670764641128,98.00838018092028,57.28994510341797,v3-2026-07-30-trip-suppression-fix
l_883,,peripheral,arterial,West,2.0198619760983,6.4532489437449305,F,21.311067390560833,73.26739101638535,21.956748753009197,72.90429875875918,v3-2026-07-30-trip-suppression-fix
l_507,,inner,arterial,CBD,0.51985559566787,6.818538973293801,F,49.45148718222469,29.727381154535077,49.61938103076388,29.39998423668424,v3-2026-07-30-trip-suppression-fix
l_8,,inner,arterial,CBD,1.415261233636042,8.423471035942168,F,74.49349172307936,49.61741299843831,74.82449982857337,49.881566748454176,v3-2026-07-30-trip-suppression-fix
l_1841,,inner,arterial,CBD,0.9380129758461659,8.948301062818876,F,69.02088481341899,44.06984268875535,69.28468027012974,44.22713779521617,v3-2026-07-30-trip-suppression-fix
l_2204,,boundary,arterial,West,0.8900316455696203,5.8174384431630815,F,55.73360997152649,69.85431913751114,56.36047347925608,69.65362019796031,v3-2026-07-30-trip-suppression-fix
l_532,,inner,arterial,CBD,1.4070194637692488,8.526125943589372,F,77.1995521797882,67.78330510375392,77.3632048413974,68.40189168926318,v3-2026-07-30-trip-suppression-fix
l_677,,peripheral,arterial,East,0.15453164035336234,0.4023991144674468,B,134.76395624930927,61.33372528134379,135,61.16713814510359,v3-2026-07-30-trip-suppression-fix
l_1227,,boundary,arterial,East,5.584858827179646,3.3672058536733624,F,73.0664042965219,78.26479248703758,73.33873570061782,78.88137666158906,v3-2026-07-30-trip-suppression-fix
l_1753,,peripheral,arterial,East,0.6467608062951385,2.1208748315799943,F,84.72395627478791,40.887883293181325,84.74751293230132,42.15769708901985,v3-2026-07-30-trip-suppression-fix
l_219,,peripheral,arterial,East,1.8760259516923319,3.422071645102614,F,78.60074489497762,73.00056057133216,78.691192060888,73.188074916488,v3-2026-07-30-trip-suppression-fix
l_216,,inner,arterial,CBD,1.0778443113772456,5.833624956756255,F,75.5585735574088,61.354277245852195,76.33554109683999,61.042638078226716,v3-2026-07-30-trip-suppression-fix
l_1792,,boundary,arterial,East,0.5469711472719815,6.38420905353609,F,110.2298857455269,58.57608831545748,110.57159276244305,58.24540056785427,v3-2026-07-30-trip-suppression-fix
l_628,,peripheral,arterial,West,2.892960462873674,7.694211217877366,F,26.037583622950738,78.47843636966675,26.76621972872008,80.27590936570861,v3-2026-07-30-trip-suppression-fix
l_228,,peripheral,arterial,West,1.9105238019423658,2.8061848083275986,F,34.59075653131519,42.08023507148212,34.91972039992311,42.2363815577569,v3-2026-07-30-trip-suppression-fix
l_230,,peripheral,arterial,West,2.7790643816581753,6.645885258235908,F,43.083661446464575,45.22208932636541,43.22001107412681,45.54390816345848,v3-2026-07-30-trip-suppression-fix
l_904,,peripheral,arterial,West,1.0186757215619695,14.452396557624182,F,58.42761061428287,42.58924470487888,58.78181302058914,42.934075279293715,v3-2026-07-30-trip-suppression-fix
l_2549,SH1S,peripheral,motorway,MWY,0.3789473684210526,3.140792859732747,F,68.42285851212542,29.351428721122858,69.79372136260199,28.245087626118437,v3-2026-07-30-trip-suppression-fix
l_1672,,boundary,arterial,East,2.520214218208548,2.5907672890535234,F,78.65124687623067,52.24326399052595,78.82161839585643,52.05092945751798,v3-2026-07-30-trip-suppression-fix
l_2024,,boundary,arterial,East,0.8900316455696203,9.145392426037382,F,72.85907041349095,74.10654373911623,73.7102919387007,74.28002372688447,v3-2026-07-30-trip-suppression-fix
l_2152,,peripheral,motorway,MWY,0.13333333333333333,0.3271030730332987,B,56.236816790672194,48.764506272463414,56.402727847693974,48.329035398305,v3-2026-07-30-trip-suppression-fix
l_1188,SH1N,peripheral,motorway,MWY,0.3333333333333333,0.5093789067908984,C,24.217517569694923,94.32186840915018,25.556797822209617,97.40547858849013,v3-2026-07-30-trip-suppression-fix
l_627,,inner,arterial,CBD,0.7365126127784938,6.064203956602289,F,52.902451861081026,83.79782671239595,52.99486639803911,84.09342026471842,v3-2026-07-30-trip-suppression-fix
l_956,,peripheral,arterial,East,12.935216125902771,7.480685041408736,F,87.15738012577293,49.00485215917143,87.17978592279842,47.86932002840633,v3-2026-07-30-trip-suppression-fix
l_1783,SH1N,inner,motorway,MWY,0.26666666666666666,2.5936532536607513,F,51.96220025911047,54.663882885503156,52.461123624879754,53.88777790301099,v3-2026-07-30-trip-suppression-fix
l_152,,boundary,arterial,East,2.830522467272084,10.582575540517599,F,66.7451551400661,51.51703891544061,67.3005478766954,49.80413837125006,v3-2026-07-30-trip-suppression-fix
l_1543,SH16,peripheral,motorway,MWY,0.21176470588235297,2.417935928345031,F,50.39600241867397,26.710121222629585,50.66224571336918,27.002525327591194,v3-2026-07-30-trip-suppression-fix
l_738,,inner,arterial,CBD,1.5280135823429541,14.537000199219984,F,56.50199752388697,40.732792805068556,57.16493430962281,41.31518949805512,v3-2026-07-30-trip-suppression-fix
l_1860,,boundary,arterial,East,5.584858827179646,4.425049614093664,F,71.58622123568017,75.10207430842227,71.9765944393281,75.77143528366535,v3-2026-07-30-trip-suppression-fix
l_2564,,peripheral,motorway,MWY,0.4,2.1892068311379482,F,54.84337716773664,36.84443996626127,54.85581067271784,37.51987161663921,v3-2026-07-30-trip-suppression-fix
l_252,,peripheral,arterial,East,0.3233804031475693,1.778348681541679,F,83.81554702213414,38.79662508554348,84.04239717389197,39.30593131977815,v3-2026-07-30-trip-suppression-fix
l_975,,peripheral,arterial,East,0.5,0.4149501499326074,B,64.70808524166334,17.717416921314094,65.26011095717408,17.004557053778175,v3-2026-07-30-trip-suppression-fix
l_174,,peripheral,arterial,West,5.040428436417096,9.674967591513116,F,62.56522719797414,60.64785993785288,63.17032167099063,60.447539196208346,v3-2026-07-30-trip-suppression-fix
l_349,,peripheral,arterial,West,0.9552619009711829,2.509794440916665,F,29.63117375053188,40.738407169336135,31.82965529481993,40.88746036142578,v3-2026-07-30-trip-suppression-fix
l_351,,peripheral,arterial,West,0.9552619009711829,1.0133029571005288,F,4.405337978853362,48.7104504788504,5.2622748758372415,49.20841166111988,v3-2026-07-30-trip-suppression-fix
l_2547,,peripheral,arterial,West,4.339440694310511,6.617515089819745,F,25.71027241241555,85.50503673443971,26.197476662346165,84.85369005084536,v3-2026-07-30-trip-suppression-fix
l_298,,peripheral,arterial,West,0.9079445145018916,8.099692329299415,F,37.769562947338876,63.69718897123378,38.74567202353611,63.57123649077299,v3-2026-07-30-trip-suppression-fix
l_2581,,peripheral,arterial,West,0.718562874251497,9.505096422625892,F,45.75882620164784,64.22663319610409,46.10449399598235,64.26860438115683,v3-2026-07-30-trip-suppression-fix
l_2206,SH1N,boundary,motorway,MWY,0.26666666666666666,1.380508115562036,F,49.36474344224883,67.59288241770346,49.39420746996334,65.64644759848852,v3-2026-07-30-trip-suppression-fix
l_931,,inner,arterial,CBD,6,15.545586068054606,F,86.0452887326778,62.89008241051103,86.38854363352799,62.640487868716285,v3-2026-07-30-trip-suppression-fix
l_932,,boundary,arterial,West,1.03971119133574,6.801618819030852,F,48.31868560840039,31.964323441884268,48.48658325403197,31.63692760098967,v3-2026-07-30-trip-suppression-fix
l_1927,,boundary,arterial,West,0.5155746509129968,4.6593461084514365,F,61.74391316991776,58.55491233454933,62.04091213904489,59.333213682293284,v3-2026-07-30-trip-suppression-fix
l_1349,SH16,peripheral,motorway,MWY,0.2823529411764706,0.9380063664279055,E,9.847500602525066,10.856251210852385,13.446754249690338,10.358436791437382,v3-2026-07-30-trip-suppression-fix
l_2043,,inner,arterial,CBD,1.9181585677749362,1.2465246145979363,F,54.10453983321792,58.12777182907482,54.601457003357595,57.956488700539424,v3-2026-07-30-trip-suppression-fix
l_914,,peripheral,arterial,West,0.7872982548222018,7.651369646823351,F,59.649679336806614,29.86434648592241,60.696295012661274,30.034275918203534,v3-2026-07-30-trip-suppression-fix
l_742,,peripheral,arterial,East,0.43917435221783047,3.7839360515611253,F,77.14149020026282,17.67717073729872,77.59583164338271,17.56066638097576,v3-2026-07-30-trip-suppression-fix
l_11,,peripheral,arterial,East,3.8486209108402822,10.54319393965685,F,117.52679206590972,36.034785050545715,119.59191969872163,37.18539433148002,v3-2026-07-30-trip-suppression-fix
l_2258,,peripheral,motorway,MWY,0.4,2.128313640660146,F,54.83373062356441,38.68241247093793,55.07493113486969,39.97524862667511,v3-2026-07-30-trip-suppression-fix
l_52,,peripheral,arterial,East,0.48007681228996646,5.826738644651543,F,91.16086530039657,69.0654770496398,91.37421086995198,68.84530934288631,v3-2026-07-30-trip-suppression-fix
l_2181,,peripheral,motorway,MWY,0.06666666666666667,0.10794772270219835,A,55.03101232778879,36.40857041089075,55.13420368523813,36.10938411357112,v3-2026-07-30-trip-suppression-fix
l_582,,boundary,arterial,West,3.8363171355498724,8.561022965231714,F,60.64586369269479,55.60220742294849,61.293417623683446,55.34705758430491,v3-2026-07-30-trip-suppression-fix
l_313,,peripheral,arterial,East,2.2179096201829775,10.382163282522235,F,97.27060470190436,17.655499622232853,99.15211684177766,17.134051952703206,v3-2026-07-30-trip-suppression-fix
l_946,,boundary,arterial,West,0.9590792838874681,1.7581567297825624,F,58.832107374041705,56.28419524845777,59.717252360908624,55.94360305475917,v3-2026-07-30-trip-suppression-fix
l_701,,inner,arterial,CBD,0.8705114254624592,4.594713899784373,F,56.393207797005694,66.70714598946688,56.425885077043226,67.30112557727618,v3-2026-07-30-trip-suppression-fix
l_1400,,boundary,arterial,East,1.9402824188854155,4.371162420069543,F,86.14738469613144,53.15862571255355,86.68372484468301,52.77032123279098,v3-2026-07-30-trip-suppression-fix
l_209,,peripheral,arterial,West,0.51985559566787,4.119272243980171,F,58.86046993158634,23.60872701684149,59.5953458922492,23.378997225514432,v3-2026-07-30-trip-suppression-fix
l_1690,,peripheral,motorway,MWY,0.26666666666666666,0.6839784397261546,C,22.399919872862714,93.62525329203619,25.298401125229688,96.8105361307028,v3-2026-07-30-trip-suppression-fix
l_1840,,peripheral,arterial,East,9.30809804529941,7.5162639401276286,F,71.09092346605954,73.73375866135535,71.4152041612677,74.80883656913852,v3-2026-07-30-trip-suppression-fix
l_266,,peripheral,arterial,East,0.6587615283267457,3.810669100820378,F,73.29293391250317,18.80230296617082,75.26042816471967,18.225434394067733,v3-2026-07-30-trip-suppression-fix
l_941,,boundary,arterial,East,0.7897854416216927,1.3944098026366043,F,87.4285688494408,74.16157052757397,88.09839164167468,73.93295303960706,v3-2026-07-30-trip-suppression-fix
l_302,,peripheral,arterial,East,1.1259148057796962,1.7818839845257124,F,117.19264731088153,21.662747971149678,117.49435585240464,21.521979219141418,v3-2026-07-30-trip-suppression-fix
l_130,,inner,arterial,CBD,1.8412815319462346,8.40811238242692,F,49.91971022613255,75.31222940789276,50.51713452805537,77.05798295833904,v3-2026-07-30-trip-suppression-fix
l_1746,SH16,peripheral,motorway,MWY,0.2823529411764706,3.3920180457263522,F,84.55624162921892,43.566620758211755,85.19503056774066,44.01424656159616,v3-2026-07-30-trip-suppression-fix
l_563,,peripheral,arterial,West,0.34657039711191334,4.6920866317257,F,60.80631266333057,23.0323980143972,61.28190622607549,22.88851284067149,v3-2026-07-30-trip-suppression-fix
l_361,,inner,arterial,CBD,0.8204567209079722,7.526937663573766,F,107.99666478625203,60.07712804819163,108.46929287016145,59.77103292301137,v3-2026-07-30-trip-suppression-fix
l_69,,peripheral,arterial,East,1.7566974088713219,5.281881901581769,F,79.3914622053205,17.0950407249489,80.32136976918541,16.834601662397436,v3-2026-07-30-trip-suppression-fix
l_594,,peripheral,arterial,East,0.7544322897019992,2.650131414614895,F,87.26030879637909,21.760110740260423,87.3422163589314,21.48832646376716,v3-2026-07-30-trip-suppression-fix
l_1606,,peripheral,arterial,West,0.6245229338699604,4.412730758608641,F,45.59524419773252,9.149944970729628,46.885732413122895,9.585731174776488,v3-2026-07-30-trip-suppression-fix
l_155,,peripheral,arterial,East,0.43917435221783047,5.1790258597389816,F,80.77570790697433,16.718090226526215,81.35942688770864,16.54513059672494,v3-2026-07-30-trip-suppression-fix
l_6,,peripheral,arterial,West,0.9552619009711829,1.8742002383317495,F,22.447982986685012,40.2477627870245,24.863778630243967,40.392930819995776,v3-2026-07-30-trip-suppression-fix
l_35,,peripheral,arterial,West,0.2729630135116692,1.1692231526998993,F,36.57656347597873,22.314748875087535,36.9968786670178,22.712457060927342,v3-2026-07-30-trip-suppression-fix
l_871,,peripheral,arterial,West,0.9079445145018916,8.201707442142363,F,31.34086020845276,66.46318605069304,31.66639987561787,66.43021838241287,v3-2026-07-30-trip-suppression-fix
l_124,,peripheral,arterial,West,2.312732879352435,12.623629661780024,F,21.052086662157677,75.75850669401079,21.202821748040968,74.4855362290312,v3-2026-07-30-trip-suppression-fix
l_556,,peripheral,arterial,West,0.2729630135116692,1.3691650503835513,F,23.69614807299709,15.739275869355476,24.002838762026663,15.868817081390382,v3-2026-07-30-trip-suppression-fix
l_536,,inner,arterial,CBD,3.7520519033846638,8.836351313315603,F,70.3428338035905,47.36972377019705,70.50245947328503,47.77217709600998,v3-2026-07-30-trip-suppression-fix
l_435,,peripheral,arterial,East,1.2808197246237591,1.5675920049668617,F,85.68262845715589,14.059720065951861,85.80030734827638,14.54401975755038,v3-2026-07-30-trip-suppression-fix
l_2296,,peripheral,arterial,East,1.317426626655932,6.190920697580551,F,63.33128764447713,53.850129409293416,63.668765861908625,54.46552494747484,v3-2026-07-30-trip-suppression-fix
l_121,,peripheral,arterial,East,1.550287449131193,7.185992787675204,F,105.61152915050488,48.77030886430576,106.49109268072078,46.970172440998155,v3-2026-07-30-trip-suppression-fix
l_575,,peripheral,arterial,West,2.7790643816581753,5.834911895860235,F,45.33546455065397,50.64015856246235,45.63040736722147,51.31041244544373,v3-2026-07-30-trip-suppression-fix
l_2008,,peripheral,arterial,East,0.43914220888531064,1.44410268542519,F,69.29917065222463,68.55068808734492,69.39060559698635,68.79224067805009,v3-2026-07-30-trip-suppression-fix
l_2504,,boundary,arterial,East,0.658713313327966,6.1767164031443045,F,63.15193123457362,53.55614010630278,63.33128764447713,53.850129409293416,v3-2026-07-30-trip-suppression-fix
l_1443,,peripheral,arterial,West,2,2.7564761831256486,F,47.765118335675915,72.83828332406051,47.93007718697632,72.34878665922488,v3-2026-07-30-trip-suppression-fix
l_2375,SH1N,boundary,motorway,MWY,0.26666666666666666,1.3691425901676502,F,49.19699130200595,64.37982714894805,49.39420746996334,65.64644759848852,v3-2026-07-30-trip-suppression-fix
l_46,,inner,arterial,CBD,0.9601536245799329,6.012811826971833,F,93.26201946653492,66.29682936347034,93.94048829746725,65.36533903997785,v3-2026-07-30-trip-suppression-fix
l_268,,peripheral,arterial,West,7.232401157184185,9.044023031365189,F,23.242681989488776,71.88091929891863,23.75937672001479,72.79039814014064,v3-2026-07-30-trip-suppression-fix
l_1446,,peripheral,motorway,MWY,0.13333333333333333,0.035525925925925926,A,56.54245474560589,44.110349820587466,56.56621132675223,44.35999698407521,v3-2026-07-30-trip-suppression-fix
l_1225,,peripheral,motorway,MWY,1.317426626655932,8.762264567130378,F,57.215330916065604,46.20341241236343,59.470430093001035,47.37378724526861,v3-2026-07-30-trip-suppression-fix
l_100,,boundary,arterial,West,5.053340819764178,5.211431937940257,F,60.80485960601981,45.35627036157406,61.4001317421166,45.80476742262413,v3-2026-07-30-trip-suppression-fix
l_1819,,peripheral,arterial,West,0.6931407942238267,4.162803985390378,F,53.1215946168522,24.79526131589832,53.553734176604436,24.65219235935953,v3-2026-07-30-trip-suppression-fix
l_85,,peripheral,arterial,West,1.1860051393556037,4.209700898165222,F,61.644942170756366,26.070954320036822,62.344034931930025,27.436435581392367,v3-2026-07-30-trip-suppression-fix
l_1285,,boundary,arterial,East,0.7733619763694952,7.5972820550239115,F,63.73301721953026,63.842510507436664,63.89363691121102,64.29900298311922,v3-2026-07-30-trip-suppression-fix
l_364,,boundary,arterial,East,0.8204567209079722,8.045859336225302,F,106.59899582020059,60.91395011494743,107.11610624288761,60.661083712013856,v3-2026-07-30-trip-suppression-fix
l_2623,,peripheral,arterial,West,18.393987341772153,6.202288739014427,F,48.84250379985112,72.305034748848,50.93701624165682,71.50988846607248,v3-2026-07-30-trip-suppression-fix
l_310,,peripheral,arterial,West,1.4046039797112757,2.209732642139339,F,38.20542630021428,43.58168078036334,42.38918401944172,45.28885810050366,v3-2026-07-30-trip-suppression-fix
l_393,,peripheral,arterial,East,0.6467608062951385,1.9555699928214065,F,79.60262002906941,32.009813320113814,80.33730487909686,32.94215722915171,v3-2026-07-30-trip-suppression-fix
l_603,,peripheral,arterial,East,1.2828736369467608,10.64483931013518,F,116.60441641335288,35.538496593822366,116.91170598033048,35.69492072497664,v3-2026-07-30-trip-suppression-fix
l_2361,,inner,arterial,CBD,4.69006487923083,7.337008968985018,F,67.12521488214176,39.13191321982314,67.70773375932492,40.06710393206882,v3-2026-07-30-trip-suppression-fix
l_453,,peripheral,arterial,East,0.7544322897019992,2.602970002542963,F,86.16105288487769,25.780419632823588,86.30464763124547,25.31830684031228,v3-2026-07-30-trip-suppression-fix
l_2022,,inner,arterial,CBD,0.8900316455696203,6.729359657887141,F,61.911622799451074,70.01102042117412,62.80628848604008,70.18374450760972,v3-2026-07-30-trip-suppression-fix
l_879,,peripheral,arterial,East,0.43917435221783047,4.098567262626173,F,96.28007275745321,12.322610633864773,96.75562082743154,12.178642547299837,v3-2026-07-30-trip-suppression-fix
l_336,,peripheral,arterial,West,0.6662225183211192,2.1837957720011136,F,16.17033802430047,20.25454630502344,16.412330261336795,20.4123017194454,v3-2026-07-30-trip-suppression-fix
l_2672,,peripheral,arterial,West,0.5155746509129968,7.612324484185833,F,62.81776498788476,61.37292571624356,62.932419541628214,61.69513263818928,v3-2026-07-30-trip-suppression-fix
l_623,,peripheral,arterial,West,1.00993098804915,8.135710525119446,F,25.751276152965755,69.94339200780163,26.07238139930309,69.66727884791707,v3-2026-07-30-trip-suppression-fix
l_50,,inner,arterial,CBD,0.4660556159701724,2.0551884137751095,F,73.88413068294506,39.00724131093205,74.17215607017293,39.29921543933476,v3-2026-07-30-trip-suppression-fix
l_62,,peripheral,arterial,East,1.2464942349641632,8.431679503493417,F,115.12932246928952,61.295528587848004,115.73841693499564,61.31119197639963,v3-2026-07-30-trip-suppression-fix
l_56,,peripheral,arterial,West,1.064018442986345,7.5365726816982255,F,32.83295756051913,48.193250629268356,33.45084826199009,46.31715503374983,v3-2026-07-30-trip-suppression-fix
l_617,,peripheral,arterial,East,1.2464942349641632,8.387080340975203,F,119.94698244307746,60.800198697541475,120.09103860604743,60.365079213116616,v3-2026-07-30-trip-suppression-fix
l_467,,peripheral,arterial,West,0.2729630135116692,0.5742196821875435,C,10.396269420581742,21.89997852901745,10.677786995109543,21.840813566101534,v3-2026-07-30-trip-suppression-fix
l_2602,SH1S,peripheral,motorway,MWY,0.25263157894736843,3.123746722850292,F,70.85932826884891,27.09031587164849,70.98572173256585,26.8717716188427,v3-2026-07-30-trip-suppression-fix
l_143,,boundary,arterial,East,1.4268727705112962,10.039019625103332,F,80.0505810352026,72.62242364508671,80.52577913799671,72.4514808872032,v3-2026-07-30-trip-suppression-fix
l_814,,peripheral,arterial,East,1.293521612590277,5.83572712447272,F,76.10914760698414,27.66905318193299,77.22274817919336,29.10791067568746,v3-2026-07-30-trip-suppression-fix
l_957,,peripheral,arterial,West,0.6732873253661,1.4249925018894793,F,16.8462750820757,72.86213469997472,17.151074176141904,72.88361960033481,v3-2026-07-30-trip-suppression-fix
l_395,,boundary,arterial,East,1.4683089974712455,4.74621299589706,F,92.59159550062452,59.4715317246036,93.37341533518043,60.59214800095314,v3-2026-07-30-trip-suppression-fix
l_1075,,peripheral,arterial,West,1.7410228509249184,4.622697365483839,F,56.68502148924751,69.56657895168362,56.715064517853946,68.8363153752497,v3-2026-07-30-trip-suppression-fix
l_542,,boundary,arterial,East,1.3530273988048258,5.484330589065165,F,75.17263294825382,72.22604967163326,75.33328344094578,72.6825341116701,v3-2026-07-30-trip-suppression-fix
l_97,,peripheral,arterial,East,2.32543117369679,7.042146377683671,F,109.69226962005915,40.261969896212356,111.16009224621511,37.369775279737574,v3-2026-07-30-trip-suppression-fix
l_203,,inner,arterial,CBD,0.9512485136741975,10.155632526330582,F,85.82062402986284,70.70491631388921,86.3635282718418,70.66783914606896,v3-2026-07-30-trip-suppression-fix
l_159,,peripheral,arterial,East,1,8.512557157902028,F,103.75158598639847,14.318798401960558,103.82181585288141,14.587758999822961,v3-2026-07-30-trip-suppression-fix
l_618,,peripheral,arterial,West,0.6732873253661,8.153110189815617,F,26.07238139930309,69.66727884791707,26.2650441370088,69.50161069839838,v3-2026-07-30-trip-suppression-fix
l_2648,,inner,arterial,CBD,7.5041038067693275,7.541213726155316,F,67.70773375932492,40.06710393206882,68.14211873833149,41.221235801942,v3-2026-07-30-trip-suppression-fix
l_708,,peripheral,arterial,East,13.44139157936351,14.889356127370421,F,63.79169292857984,30.49079872968815,64.02685857431082,31.180652193133124,v3-2026-07-30-trip-suppression-fix
l_1534,SH1S,peripheral,motorway,MWY,0,0,A,79.3244536884013,15.05447860768151,79.34295535045088,15.065832046098118,v3-2026-07-30-trip-suppression-fix
l_882,,peripheral,arterial,East,0.43917435221783047,4.272993368177629,F,88.75462858954545,14.435215825466882,89.55463460235399,14.204169163434171,v3-2026-07-30-trip-suppression-fix
l_1379,,peripheral,arterial,East,1.550287449131193,2.8839022141227257,F,103.48067669638154,52.63864609996078,103.9397946473381,52.39596848608203,v3-2026-07-30-trip-suppression-fix
l_2687,,peripheral,arterial,West,2,4.625865130653925,F,57.78871273177006,48.03329872426798,57.92558486350771,48.382125914992905,v3-2026-07-30-trip-suppression-fix
l_565,,boundary,arterial,West,0.51985559566787,6.783648662163514,F,48.886082829988325,30.899887737200082,49.13742967191647,30.381775844844405,v3-2026-07-30-trip-suppression-fix
l_422,,inner,arterial,CBD,2.4979184013322233,10.683700155262454,F,83.48972467328285,62.26171774976253,83.92693597319536,62.38876064322207,v3-2026-07-30-trip-suppression-fix
l_419,,peripheral,arterial,West,1.0778443113772456,9.43240457082172,F,47.306009138218975,64.41449305000864,47.58856967562438,64.40931418225067,v3-2026-07-30-trip-suppression-fix
l_989,,peripheral,arterial,West,0.7872982548222018,7.559125604316059,F,55.589488874204086,27.77688257094954,56.53439827646412,28.327071268331206,v3-2026-07-30-trip-suppression-fix
l_1287,,peripheral,arterial,East,0.7733619763694952,7.618483895563449,F,63.4819686469117,63.198497471386425,63.73301721953026,63.842510507436664,v3-2026-07-30-trip-suppression-fix
l_485,,peripheral,arterial,East,1.2808197246237591,1.1480582442119154,F,84.18651369894678,8.360950736719449,84.35024758592708,9.030415185966078,v3-2026-07-30-trip-suppression-fix
l_1194,,inner,arterial,CBD,1.260107109104274,3.128566702880675,F,80.43487564907198,49.94006221877742,80.69117831584225,49.69208389607326,v3-2026-07-30-trip-suppression-fix
l_1061,,boundary,arterial,East,1.7565688355412425,4.749485053080125,F,65.43534998947828,58.297777320738305,65.84702091206691,59.39827931212193,v3-2026-07-30-trip-suppression-fix
l_1665,,boundary,arterial,East,0.5923390812162695,1.4082412595133726,F,79.30564125700317,77.01448369671138,80.05942625532296,76.62218255060786,v3-2026-07-30-trip-suppression-fix
l_2358,,boundary,arterial,East,1.5813401858074718,1.0413050403310353,F,65.77564147931554,35.76447704707274,66.20121844227644,36.720998864018114,v3-2026-07-30-trip-suppression-fix
l_2047,,peripheral,arterial,East,0.8204567209079722,8.79546772278747,F,98.00838018092028,57.28994510341797,98.22924871404055,57.47502930571006,v3-2026-07-30-trip-suppression-fix
l_1034,,peripheral,arterial,West,1.7800632911392407,5.8779364764424225,F,56.36047347925608,69.65362019796031,56.68502148924751,69.56657895168362,v3-2026-07-30-trip-suppression-fix
l_2056,SH16,boundary,motorway,MWY,0.07058823529411765,0.07349046874306123,A,78.93065187686287,35.09299452909122,79.44723806816282,35.933468638822205,v3-2026-07-30-trip-suppression-fix
l_89,,peripheral,arterial,East,1.162715586848395,5.351720782527851,F,113.17528008776863,31.197116002251,113.40268484984902,32.89556275122602,v3-2026-07-30-trip-suppression-fix
l_1176,,peripheral,arterial,West,0.6931407942238267,0.7985087494048233,D,49.88699146194675,28.584282569702506,50.00012073382462,28.825444210029534,v3-2026-07-30-trip-suppression-fix
l_220,,inner,arterial,CBD,0.7201152184349496,5.1229738126587065,F,86.3635282718418,70.66783914606896,87.21124072397012,70.6521428678054,v3-2026-07-30-trip-suppression-fix
l_712,,inner,arterial,CBD,0.7062701090794946,4.18184609836753,F,56.988096828092516,37.61582131624459,57.578859904655694,37.82117309781113,v3-2026-07-30-trip-suppression-fix
l_2429,SH1N,peripheral,motorway,MWY,0.4666666666666667,2.654551923443918,F,56.236816790672194,48.764506272463414,57.215330916065604,46.20341241236343,v3-2026-07-30-trip-suppression-fix
l_1348,,peripheral,arterial,West,0.5904736911166514,2.163971180858009,F,50.372327238151584,13.6027499728096,50.69692379383854,14.70487484598382,v3-2026-07-30-trip-suppression-fix
l_645,,inner,arterial,CBD,1.4268727705112962,10.33798611350994,F,84.95418154754421,70.88311280576647,85.82062402986284,70.70491631388921,v3-2026-07-30-trip-suppression-fix
l_379,,peripheral,arterial,West,0.6732873253661,1.5003450019872961,F,17.151074176141904,72.88361960033481,18.959119157718842,73.06694931361326,v3-2026-07-30-trip-suppression-fix
l_803,,peripheral,arterial,West,1.260107109104274,3.207833514917597,F,59.673136359685195,61.809142099580896,60.49309885783969,61.46974642163667,v3-2026-07-30-trip-suppression-fix
l_1787,,peripheral,arterial,West,0.9340702109441894,0.21765956412624096,A,52.3921818020214,51.32153814891499,53.25856253837734,51.1434765442078,v3-2026-07-30-trip-suppression-fix
l_718,,boundary,arterial,West,62.13921901528014,17.082940588663096,F,55.07493113486969,39.97524862667511,56.50199752388697,40.732792805068556,v3-2026-07-30-trip-suppression-fix
l_1998,,inner,arterial,CBD,0.658713313327966,6.1946547639499565,F,62.092555281063845,51.52162875875946,62.633107918613945,52.538685052270054,v3-2026-07-30-trip-suppression-fix
l_2157,SH16,peripheral,motorway,MWY,0.1411764705882353,0.8567974954548097,D,84.28773435652593,43.245213502604585,84.55624162921892,43.566620758211755,v3-2026-07-30-trip-suppression-fix
l_1172,,boundary,arterial,East,16,28.97393738532236,F,93.73447562361224,71.82851945246047,94.01955939567458,71.95836419580954,v3-2026-07-30-trip-suppression-fix
l_1818,SH16,peripheral,motorway,MWY,0.2823529411764706,2.3483316837935604,F,39.6214504225471,15.286252137861545,40.331190514351384,16.057024717318072,v3-2026-07-30-trip-suppression-fix
l_212,,inner,arterial,CBD,5.650160872635957,4.184707229247308,F,60.0476004068279,38.478461263363045,61.5204454732506,38.18109805684745,v3-2026-07-30-trip-suppression-fix
l_2130,,peripheral,arterial,East,0.7897854416216927,1.376808901913249,F,114.96349959780188,62.89320071657305,115.01464367696506,63.14610977823178,v3-2026-07-30-trip-suppression-fix
l_643,,peripheral,arterial,East,0.6467608062951385,2.0664956578854983,F,84.26974952002529,39.842254643745136,84.56480800990667,40.512457308664516,v3-2026-07-30-trip-suppression-fix
l_2112,,peripheral,arterial,West,0.4670351054720947,0.18433545515715458,A,53.25856253837734,51.1434765442078,53.624561860442874,50.94757204378403,v3-2026-07-30-trip-suppression-fix
l_1745,SH16,peripheral,motorway,MWY,0.49411764705882355,3.3898483697567596,F,85.19503056774066,44.01424656159616,87.16541261073924,45.92367104709976,v3-2026-07-30-trip-suppression-fix
l_1254,,peripheral,arterial,West,4.339440694310511,7.401627626196184,F,27.44892572674896,81.93908674258003,27.458301659133134,82.45241249870897,v3-2026-07-30-trip-suppression-fix
l_789,,boundary,arterial,East,0.39489272081084636,1.3508009416040323,F,88.94110232390135,73.64707740138871,89.39456004025752,73.47651690232533,v3-2026-07-30-trip-suppression-fix
l_2124,,inner,arterial,CBD,0.7062701090794946,6.898732605430865,F,68.44120752595799,37.40498733491289,68.85113321180147,37.235270555268315,v3-2026-07-30-trip-suppression-fix
l_1280,,boundary,arterial,West,9.661128595476834,5.676350109648502,F,60.3128151638892,48.1490434873391,60.98773892815765,49.37984309580079,v3-2026-07-30-trip-suppression-fix
l_719,,peripheral,arterial,East,0.6587615283267457,5.145469273202934,F,83.47849287792684,15.938350631801763,83.8236740573931,15.796826580917708,v3-2026-07-30-trip-suppression-fix
l_158,,inner,arterial,CBD,0.4660556159701724,2.018833550251322,F,73.4414775800455,38.58298865095823,73.88413068294506,39.00724131093205,v3-2026-07-30-trip-suppression-fix
l_224,,peripheral,arterial,East,1.162715586848395,5.790704889273483,F,110.7788359997536,25.106720724862917,110.96076391356546,25.53575777807992,v3-2026-07-30-trip-suppression-fix
l_2440,,peripheral,motorway,MWY,0.2,2.0195943143130397,F,49.79450913135496,59.94446400638409,50.045302908123446,58.957232655495595,v3-2026-07-30-trip-suppression-fix
l_1451,,inner,arterial,CBD,4.894363324904152,5.746560659042481,F,90.45208248829778,66.02461078086631,91.21750506930572,65.09151821134026,v3-2026-07-30-trip-suppression-fix
l_398,,inner,arterial,CBD,1.2487859025946997,4.509052465656004,F,92.86029647311842,52.87205231936362,92.94960485219059,54.167673759808544,v3-2026-07-30-trip-suppression-fix
l_824,,peripheral,arterial,West,1.54182191956829,12.529852526582031,F,20.69081771812107,78.60282193635975,20.747160974250612,78.11532684880811,v3-2026-07-30-trip-suppression-fix
l_2360,,boundary,arterial,West,0.5155746509129968,7.612021697706436,F,62.932419541628214,61.69513263818928,63.0238444745693,61.936687788587605,v3-2026-07-30-trip-suppression-fix
l_2288,,peripheral,arterial,West,2.4211853720050445,8.22260349511159,F,44.525203955014334,64.03438930089531,44.99560781838119,64.10548271931862,v3-2026-07-30-trip-suppression-fix
l_68,,peripheral,arterial,East,1.550287449131193,7.304929356927177,F,104.8375977296964,50.40631472515976,105.61152915050488,48.77030886430576,v3-2026-07-30-trip-suppression-fix
l_498,,peripheral,arterial,West,1.3465746507322,1.512027497465865,F,20.832376903800007,73.24907673454601,21.311067390560833,73.26739101638535,v3-2026-07-30-trip-suppression-fix
l_276,,peripheral,arterial,West,2.3720102787112074,4.093408786287139,F,60.26552505066133,23.177481659503353,60.474555799126385,23.90334988829351,v3-2026-07-30-trip-suppression-fix
l_2131,,peripheral,arterial,East,0.7897854416216927,1.3743094680456192,F,115.01464367696506,63.14610977823178,115.11652217168017,63.624565329399076,v3-2026-07-30-trip-suppression-fix
l_815,,peripheral,arterial,East,0.43917435221783047,3.92755398569343,F,101.51257874172897,10.819952722490436,101.81528772792824,10.733241270101217,v3-2026-07-30-trip-suppression-fix
l_953,,peripheral,arterial,East,0.43917435221783047,4.0839311536897736,F,94.74427131458471,12.729508385691016,95.54527076006492,12.552472957554883,v3-2026-07-30-trip-suppression-fix
l_33,,inner,arterial,CBD,0.9416934787726595,8.304679965509832,F,49.65451723037659,34.85866776126015,50.07190218762322,35.09424726549475,v3-2026-07-30-trip-suppression-fix
l_2471,,peripheral,arterial,West,0.8664259927797834,7.52661279810914,F,50.7546373797436,27.29811996730244,51.25780759579831,26.288907762397006,v3-2026-07-30-trip-suppression-fix
l_1581,,inner,arterial,CBD,1.415261233636042,8.166227061844483,F,74.82449982857337,49.881566748454176,75.59518885069956,50.40786592647034,v3-2026-07-30-trip-suppression-fix
l_2115,,peripheral,motorway,MWY,0.6666666666666666,1.768474528916625,F,35.90168045373832,79.24437655458021,46.1774620258294,74.0024792413105,v3-2026-07-30-trip-suppression-fix
l_456,,peripheral,arterial,East,1.1259148057796962,1.783063979493369,F,117.49435585240464,21.521979219141418,118.07553492299452,21.21382886352289,v3-2026-07-30-trip-suppression-fix
l_127,,boundary,arterial,West,2.5466893039049237,14.454881858935947,F,58.78181302058914,42.934075279293715,60.08996751302897,44.315390712289016,v3-2026-07-30-trip-suppression-fix
l_475,,peripheral,arterial,East,0.3090632807067247,0.4000338026766421,B,127.95733350439917,63.59635308837599,133.130838192187,62.3643331192384,v3-2026-07-30-trip-suppression-fix
l_1074,,inner,arterial,CBD,1.093942294543963,8.622978498065457,F,98.55879211378273,57.658094585658226,100.09029669993842,58.17017319126349,v3-2026-07-30-trip-suppression-fix
l_635,,boundary,arterial,East,4,15.199526555772325,F,86.8804357530255,62.198954227882396,87.05030744901372,61.97959579665861,v3-2026-07-30-trip-suppression-fix
l_693,,peripheral,arterial,West,0.8188890405350076,0.6160043507890421,C,12.994130866692274,21.312260769453108,14.16267206992958,21.02075980134098,v3-2026-07-30-trip-suppression-fix
l_238,,inner,arterial,CBD,21.18810327238484,8.622576386687182,F,61.5204454732506,38.18109805684745,62.473197068878214,37.974377665838496,v3-2026-07-30-trip-suppression-fix
l_579,,peripheral,arterial,East,0.4163486225799736,5.025814550849029,F,63.01787963772989,16.829647840958994,63.37204910383103,17.174469943216778,v3-2026-07-30-trip-suppression-fix
l_2413,,inner,arterial,CBD,0.7897854416216927,1.3705288459642837,F,91.25286046529216,72.84749345694918,91.75179527385082,72.7841909472288,v3-2026-07-30-trip-suppression-fix
l_614,,peripheral,arterial,West,0.6732873253661,1.3048061955741383,F,12.163651983158868,72.43371258845286,12.838455797859599,72.47551143596816,v3-2026-07-30-trip-suppression-fix
l_171,,inner,arterial,CBD,0.48007681228996646,6.185390111243309,F,95.48349228329441,58.30978429396677,95.53198715975178,58.57915053254723,v3-2026-07-30-trip-suppression-fix
l_794,,peripheral,arterial,West,2.312732879352435,12.509876705636357,F,20.747160974250612,78.11532684880811,20.881583126375002,77.13994100829224,v3-2026-07-30-trip-suppression-fix
l_267,,peripheral,arterial,East,0.43917435221783047,4.489968252497637,F,68.51290857770731,20.106699925429442,68.98849085362416,19.9627966904722,v3-2026-07-30-trip-suppression-fix
l_421,,inner,arterial,CBD,1.665047870126266,4.532285168968225,F,92.61275717842703,55.930652377295964,92.94960485219059,54.167673759808544,v3-2026-07-30-trip-suppression-fix
l_1393,,peripheral,arterial,East,7.402837754472547,11.01019129041366,F,103.69986891686158,17.373785672682526,104.31538306862423,17.740704362018587,v3-2026-07-30-trip-suppression-fix
l_39,,peripheral,arterial,East,0.7751437245655965,7.043816737757355,F,107.5996265655099,44.62523258906839,107.8508495037269,44.107045863993605,v3-2026-07-30-trip-suppression-fix
l_2426,,inner,arterial,CBD,0.39489272081084636,2.9169957740391195,F,95.43506928202694,70.9050897170522,95.79905897691668,70.60104186626934,v3-2026-07-30-trip-suppression-fix
l_922,,peripheral,arterial,East,1.4268727705112962,11.659836356166629,F,76.6362277816103,73.76656287144189,77.02548498231938,73.65126837530141,v3-2026-07-30-trip-suppression-fix
l_538,,peripheral,arterial,East,1.3530273988048258,5.499691150847407,F,75.05845412024367,71.93086614417015,75.17263294825382,72.22604967163326,v3-2026-07-30-trip-suppression-fix
l_2570,,peripheral,arterial,West,0.6384110657918071,8.233324308256462,F,46.89819113940197,33.4980383181697,47.410021244273395,33.38635763115281,v3-2026-07-30-trip-suppression-fix
l_2291,SH1N,boundary,motorway,MWY,0.26666666666666666,2.616392852535146,F,54.70977198784677,50.84656411511451,55.196227636265796,50.10791671258873,v3-2026-07-30-trip-suppression-fix
l_831,,peripheral,arterial,West,5.040428436417096,3.6329281702101377,F,61.484449617654434,60.9920624452506,62.56522719797414,60.64785993785288,v3-2026-07-30-trip-suppression-fix
l_513,,inner,arterial,CBD,2.4979184013322233,11.113816108409026,F,80.40402295935954,61.183673115387506,80.88570138323726,61.363953161543286,v3-2026-07-30-trip-suppression-fix
l_2647,SH16,peripheral,motorway,MWY,0.1411764705882353,0.641413016815211,C,8.30764198059244,11.046367011593231,8.980279509982317,10.980103187164117,v3-2026-07-30-trip-suppression-fix
l_191,,peripheral,arterial,West,0.8326972451599473,4.363646750539745,F,34.82097578557332,1.239292220401202,35.52025654373531,1.4427167203535378,v3-2026-07-30-trip-suppression-fix
l_1798,,peripheral,arterial,West,2.4259927797833933,7.5323405495765074,F,51.59755880312841,25.85024856752464,53.1215946168522,24.79526131589832,v3-2026-07-30-trip-suppression-fix
l_776,,peripheral,arterial,East,0.8774495466510676,2.335351034623999,F,71.70183893190438,17.39926773257083,71.91290464729968,18.23319513559029,v3-2026-07-30-trip-suppression-fix
l_311,,peripheral,arterial,West,8.337193144974526,6.687964029133083,F,43.22001107412681,45.54390816345848,43.99316223748298,47.39456392132523,v3-2026-07-30-trip-suppression-fix
l_788,,boundary,arterial,West,0.6384110657918071,8.250509390890686,F,45.6256012022961,34.47309629286863,46.16245726440973,34.11191410925687,v3-2026-07-30-trip-suppression-fix
l_555,,peripheral,arterial,West,0.5459260270233384,1.1775970609710997,F,29.520868804521943,18.065397171571686,29.827072700036368,18.167912745491606,v3-2026-07-30-trip-suppression-fix
l_447,,peripheral,arterial,West,1.2105926860025222,8.1379978885871,F,36.047557714434184,64.64755526746256,37.769562947338876,63.69718897123378,v3-2026-07-30-trip-suppression-fix
l_261,,inner,arterial,CBD,0.9321112319403448,3.5353774889791807,F,86.39147628717548,53.424371483755564,86.8129537423639,53.876017915405704,v3-2026-07-30-trip-suppression-fix
l_805,,peripheral,arterial,East,0.6587615283267457,3.9109046337089914,F,99.89088353938105,11.28254088547251,100.99357657658535,10.96474025228029,v3-2026-07-30-trip-suppression-fix
l_182,,peripheral,arterial,West,1.437125748502994,3.0168111223485234,F,56.17207625134482,64.14370402021895,56.975789666826095,64.10191157207261,v3-2026-07-30-trip-suppression-fix
l_1481,,inner,arterial,CBD,0.8204567209079722,6.239506431598664,F,111.9302646176877,58.8146676413356,112.28206302975441,59.02432381747972,v3-2026-07-30-trip-suppression-fix
l_812,,peripheral,arterial,East,1.3175230566534915,4.503257597427555,F,71.21677563603794,19.381157638876196,72.14670202358586,19.120755876282022,v3-2026-07-30-trip-suppression-fix
l_668,,peripheral,arterial,East,1.1089548100914888,10.505209583634072,F,93.03148677723222,18.81528551705726,93.44236204648575,18.699552901642477,v3-2026-07-30-trip-suppression-fix
l_1232,,boundary,arterial,West,0.8900316455696203,6.442253952926984,F,58.181820089244304,69.37691690467969,58.94506781249516,69.49801981198192,v3-2026-07-30-trip-suppression-fix
l_1914,,inner,arterial,CBD,0.39489272081084636,1.1625225499659115,F,92.63746775162757,72.4704767357421,92.84472003305395,72.22210237377735,v3-2026-07-30-trip-suppression-fix
l_296,,peripheral,arterial,East,1.665047870126266,4.744480173535722,F,93.68684043099444,51.721599902505545,93.87893242817293,51.528849290813326,v3-2026-07-30-trip-suppression-fix
l_1490,,peripheral,arterial,East,0.7957207904159851,12.107063861828895,F,93.38872481780083,50.88930525441124,93.65606475862629,51.2356914705003,v3-2026-07-30-trip-suppression-fix
l_598,,peripheral,arterial,West,0.6384110657918071,7.948693478377926,F,35.79494132994891,41.35554576370837,36.07400585958431,41.16126095151418,v3-2026-07-30-trip-suppression-fix
l_481,,boundary,arterial,West,0.9416934787726595,8.563466412656485,F,53.87968625178682,36.456745482464065,54.514902260431754,36.71534202606699,v3-2026-07-30-trip-suppression-fix
l_473,,peripheral,arterial,West,0.9552619009711829,1.5173125273604176,F,12.265539437257972,48.162443142701186,14.552572749401495,47.20200301305013,v3-2026-07-30-trip-suppression-fix
l_451,,peripheral,arterial,East,1.131648434552999,2.6436994967585923,F,84.45092700293155,28.514753090660168,85.58516259676898,27.54781745614378,v3-2026-07-30-trip-suppression-fix
l_7,,peripheral,arterial,West,0.5459260270233384,0.36503308905522586,B,14.16267206992958,21.02075980134098,14.219989880572841,20.587299202805738,v3-2026-07-30-trip-suppression-fix
l_709,,peripheral,arterial,East,0.8783487044356609,4.5008843516323624,F,68.98849085362416,19.9627966904722,70.17819305561731,19.643559722879967,v3-2026-07-30-trip-suppression-fix
l_465,,peripheral,arterial,West,1.0756543564001435,7.807087081637987,F,33.68337516347586,6.773457741455944,34.01323055681095,5.794481414044781,v3-2026-07-30-trip-suppression-fix
l_2135,,peripheral,arterial,West,1.2768221315836141,8.219010622512426,F,47.410021244273395,33.38635763115281,47.79573943349853,33.0819948251006,v3-2026-07-30-trip-suppression-fix
l_784,,peripheral,arterial,East,1.3175230566534915,3.822806704706487,F,72.14670202358586,19.120755876282022,72.96847240440836,18.88937323681051,v3-2026-07-30-trip-suppression-fix
l_873,,inner,arterial,CBD,0.8204567209079722,8.148682339464493,F,105.55620697930154,60.96038443195367,106.59899582020059,60.91395011494743,v3-2026-07-30-trip-suppression-fix
l_874,,peripheral,arterial,West,0.718562874251497,6.051278894217444,F,54.30282958036696,64.17803438940116,54.73753808677626,64.17005208437376,v3-2026-07-30-trip-suppression-fix
l_902,,peripheral,arterial,West,2.1697203471552555,8.762236623053816,F,25.445297927192893,77.00279068981494,25.67302331002008,77.56619041915954,v3-2026-07-30-trip-suppression-fix
l_958,,peripheral,arterial,East,0.9590792838874681,8.175787013801855,F,64.51092567825773,54.15272925848402,64.87791796969692,54.01083932229761,v3-2026-07-30-trip-suppression-fix
l_2100,,peripheral,motorway,MWY,1.446480231436837,8.074687162395584,F,24.62481038678189,89.23354394905859,24.78930286728638,89.90620079474266,v3-2026-07-30-trip-suppression-fix
l_841,,peripheral,arterial,East,1.162715586848395,5.3954658929380885,F,112.74875557728336,29.31319530064335,112.90643392091758,29.607549191535874,v3-2026-07-30-trip-suppression-fix
l_791,,peripheral,arterial,West,0.7872982548222018,7.641692249903335,F,62.28571152631732,30.167182431766516,62.983624140222425,30.2894662897823,v3-2026-07-30-trip-suppression-fix
l_2042,,inner,arterial,CBD,0.9590792838874681,1.3365361422520277,F,52.48486533973297,58.72505916772683,54.10453983321792,58.12777182907482,v3-2026-07-30-trip-suppression-fix
l_1189,,peripheral,arterial,West,8,1.5827589350570803,F,51.58802133868618,51.33629838655588,52.97900184052111,51.31076716025642,v3-2026-07-30-trip-suppression-fix
l_700,,peripheral,arterial,East,0.4660556159701724,5.673357195745294,F,64.70680343127532,18.82552712761103,64.7997113597878,19.148133514434484,v3-2026-07-30-trip-suppression-fix
l_1278,,peripheral,arterial,West,7.405578869414959,14.410313541189034,F,60.80485960601981,45.35627036157406,60.924484608854556,45.94865095390427,v3-2026-07-30-trip-suppression-fix
l_1686,,peripheral,arterial,West,0.8326972451599473,2.7143196220956676,F,51.82497587753683,11.035597422664797,52.28329132929725,11.135286795681793,v3-2026-07-30-trip-suppression-fix
l_1414,,peripheral,arterial,West,0.5904736911166514,2.6142858974728114,F,52.43634905089815,22.997075504779254,52.70507672282904,23.424563417703144,v3-2026-07-30-trip-suppression-fix
l_253,,inner,arterial,CBD,0.4660556159701724,2.1996481118788123,F,72.95436136552796,38.10550277253727,73.4414775800455,38.58298865095823,v3-2026-07-30-trip-suppression-fix
l_12,,inner,arterial,CBD,0.39489272081084636,1.450211724824597,F,76.0433693550094,78.15579870266906,76.47510937163709,77.98566841891113,v3-2026-07-30-trip-suppression-fix
l_745,,peripheral,arterial,East,0.5953266855186784,5.8957127102330045,F,100.58093550442095,54.161107311431834,101.07579731435075,53.881642159883825,v3-2026-07-30-trip-suppression-fix
l_843,,peripheral,arterial,West,2.155688622754491,5.842227178555336,F,55.41133629772163,64.15767771289701,56.17207625134482,64.14370402021895,v3-2026-07-30-trip-suppression-fix
l_21,,peripheral,arterial,West,0.6662225183211192,2.457469153583075,F,31.906070901338584,31.994428180032507,33.845689427382226,33.44544363196656,v3-2026-07-30-trip-suppression-fix
l_27,,boundary,arterial,East,0.7201152184349496,6.004999422530222,F,92.73268306237138,67.06339181590333,93.26201946653492,66.29682936347034,v3-2026-07-30-trip-suppression-fix
l_448,,peripheral,arterial,West,1.2105926860025222,8.179967998384132,F,34.756290988467164,65.37382884878303,36.047557714434184,64.64755526746256,v3-2026-07-30-trip-suppression-fix
l_408,,peripheral,arterial,West,0.9552619009711829,1.5090144376704717,F,16.664169368383536,47.352798394816936,17.160594082469917,47.15458765334217,v3-2026-07-30-trip-suppression-fix
l_925,,peripheral,arterial,East,0.7544322897019992,2.9964444458165485,F,79.8243558262689,29.897639816665812,80.6244308433964,29.66663004599746,v3-2026-07-30-trip-suppression-fix
l_1859,,boundary,arterial,East,2.3734177215189876,9.150656973345535,F,71.33102328162099,73.78338402757181,72.26968731133745,73.98228369520415,v3-2026-07-30-trip-suppression-fix
l_654,,peripheral,arterial,West,0.8512147543890761,7.461335393907356,F,29.74430385045938,60.006032223592356,29.946834492384088,59.19155118606064,v3-2026-07-30-trip-suppression-fix
l_959,,peripheral,arterial,East,0.39489272081084636,1.4455844861969063,F,75.28657339780666,78.38598138298839,75.58989168565117,78.3263293368011,v3-2026-07-30-trip-suppression-fix
l_2260,,inner,arterial,CBD,1.317426626655932,4.546957160070757,F,60.98773892815765,49.37984309580079,61.21304726287594,49.80812068796445,v3-2026-07-30-trip-suppression-fix
l_1450,,inner,arterial,CBD,0.9788726649808304,4.799027938408247,F,93.29637699962102,62.29625381690608,93.60583402800728,61.398634990402456,v3-2026-07-30-trip-suppression-fix
l_109,,peripheral,arterial,West,0.8512147543890761,8.029686326720467,F,42.92154396938171,36.38745235419842,43.75820054058184,35.777549300027054,v3-2026-07-30-trip-suppression-fix
l_500,,inner,arterial,CBD,1.4070194637692488,7.846855977114874,F,75.81715706695309,62.40353590998845,76.07424304646568,63.3717424778537,v3-2026-07-30-trip-suppression-fix
l_570,,peripheral,arterial,West,0.4163486225799736,4.911753764091775,F,55.37854866737368,12.781086522748506,55.709475407824385,13.045268594518097,v3-2026-07-30-trip-suppression-fix
l_920,,boundary,arterial,East,14.15261233636042,10.681053542073089,F,68.94062341036035,47.96313561986152,70.50245947328503,47.77217709600998,v3-2026-07-30-trip-suppression-fix
l_44,,peripheral,arterial,East,0.7751437245655965,5.9011146488444775,F,110.4225522918125,24.653907024420178,110.7788359997536,25.106720724862917,v3-2026-07-30-trip-suppression-fix
l_553,,peripheral,arterial,West,0.2729630135116692,1.177855149965746,F,30.57134760327681,18.451613763308206,30.987688520843637,18.63319555844396,v3-2026-07-30-trip-suppression-fix
l_990,,peripheral,arterial,West,0.9590792838874681,1.706727928553345,F,58.52981355934729,56.39785830666861,58.832107374041705,56.28419524845777,v3-2026-07-30-trip-suppression-fix
l_905,,inner,arterial,CBD,0.8705114254624592,6.171419653033679,F,56.57648856515048,70.75773242738443,56.71536035006015,71.2146292231835,v3-2026-07-30-trip-suppression-fix
l_437,,peripheral,arterial,West,0.6732873253661,0.8088206712022245,D,1.4221081112594016,65.22334325588477,2.6623343474204164,66.47110541149962,v3-2026-07-30-trip-suppression-fix
l_851,,inner,arterial,CBD,0.9416934787726595,8.315603331265207,F,48.901713511579864,34.115739221453836,49.45544964230435,34.67313521230625,v3-2026-07-30-trip-suppression-fix
l_1421,,peripheral,arterial,West,1.7024295087781522,7.396457294162995,F,28.948483104308647,64.0474516095016,29.063093303299656,63.180523259673606,v3-2026-07-30-trip-suppression-fix
l_1910,,peripheral,arterial,East,1.2464942349641632,9.06184322864765,F,122.69567547108049,41.037232735666066,122.82818490837029,40.50326529216379,v3-2026-07-30-trip-suppression-fix
l_325,,peripheral,arterial,East,0.7751437245655965,5.944306248887389,F,108.02612519860295,22.04994085333653,108.46982879201212,22.528156201237426,v3-2026-07-30-trip-suppression-fix
l_170,,inner,arterial,CBD,0.48007681228996646,5.953052570410054,F,95.5003199063937,61.55266787133714,95.55698359193237,61.09216345475117,v3-2026-07-30-trip-suppression-fix
l_2309,,peripheral,arterial,West,1,6.316104951667572,F,20.49151013134539,91.52491898071625,20.64860256927363,91.79232186953674,v3-2026-07-30-trip-suppression-fix
l_436,,peripheral,arterial,West,0.6732873253661,0.8042992923379688,D,0,64.73559430462322,1.4221081112594016,65.22334325588477,v3-2026-07-30-trip-suppression-fix
l_683,,peripheral,arterial,West,0.7171029042667623,4.0257228838626276,F,32.076023128003456,11.586483453407137,32.15849146822054,11.341740268758956,v3-2026-07-30-trip-suppression-fix
l_1835,,peripheral,motorway,MWY,0.26666666666666666,0.30693379898733564,B,57.00066621402222,46.561331295919516,57.404808572559816,47.256589734658704,v3-2026-07-30-trip-suppression-fix
l_1780,,peripheral,arterial,West,1.3862815884476534,6.255310634775849,F,50.00012073382462,28.825444210029534,50.377877344433436,28.088799766079482,v3-2026-07-30-trip-suppression-fix
l_2609,,boundary,motorway,MWY,0.13333333333333333,0.43363771200688184,B,55.13420368523813,36.10938411357112,55.472969690872716,35.61668455953831,v3-2026-07-30-trip-suppression-fix
l_2038,,peripheral,arterial,West,7.232401157184185,5.003833294387964,F,26.197476662346165,84.85369005084536,27.363925558451466,83.2378907499631,v3-2026-07-30-trip-suppression-fix
l_1380,,peripheral,arterial,East,1.1906533710373568,2.2161433071091223,F,103.2508411483498,52.76013109582854,103.48067669638154,52.63864609996078,v3-2026-07-30-trip-suppression-fix
l_671,,peripheral,arterial,East,1.6409134418159443,4.338393276804503,F,114.96349959780188,62.89320071657305,115.11652217168017,63.624565329399076,v3-2026-07-30-trip-suppression-fix
l_728,,peripheral,arterial,West,0.6732873253661,1.4891788207833154,F,20.06963750384834,73.15485135126279,20.832376903800007,73.24907673454601,v3-2026-07-30-trip-suppression-fix
l_1496,,peripheral,arterial,West,0.23351755273604735,0.4307552475474813,C,50.97996415226851,51.37448260392888,51.28573149316999,51.449951048757505,v3-2026-07-30-trip-suppression-fix
l_1770,SH1N,peripheral,motorway,MWY,0.3333333333333333,2.702697115171759,F,61.19880836747479,31.349325136469357,62.370841689415734,31.246673889014883,v3-2026-07-30-trip-suppression-fix
l_1444,,peripheral,arterial,West,2,1.682263503911732,F,47.93007718697632,72.34878665922488,48.07578010024718,71.99477423500666,v3-2026-07-30-trip-suppression-fix
l_2083,SH1N,inner,motorway,MWY,0.3333333333333333,2.709834815072516,F,57.25071742781802,32.989475821849105,58.387587219020276,32.15778029444889,v3-2026-07-30-trip-suppression-fix
l_1395,,peripheral,arterial,East,0.5953266855186784,4.450655205119376,F,99.18617879163148,55.060876857510834,99.54522357902769,54.58575504633616,v3-2026-07-30-trip-suppression-fix
l_255,,peripheral,arterial,West,1.0756543564001435,3.879122194673831,F,29.998429859075458,16.84049715637769,30.933286710960843,14.472141602147115,v3-2026-07-30-trip-suppression-fix
l_2626,SH16,peripheral,motorway,MWY,0.07058823529411765,0.07494133501952199,A,77.55545157062653,32.855574573707166,78.93065187686287,35.09299452909122,v3-2026-07-30-trip-suppression-fix
l_190,,inner,arterial,CBD,0.718562874251497,2.9550885228778134,F,62.42807853430937,65.00163514493862,63.49660795418148,65.17115603487052,v3-2026-07-30-trip-suppression-fix
l_2415,,boundary,motorway,MWY,0.4,2.028555258838807,F,54.84204280116746,38.244766432071046,54.85581067271784,37.51987161663921,v3-2026-07-30-trip-suppression-fix
l_1877,,boundary,arterial,West,2.0622986036519872,4.699677585820819,F,62.04091213904489,59.333213682293284,62.56522719797414,60.64785993785288,v3-2026-07-30-trip-suppression-fix
l_514,,inner,arterial,CBD,9.991673605328893,10.896513657482558,F,80.88570138323726,61.363953161543286,83.48972467328285,62.26171774976253,v3-2026-07-30-trip-suppression-fix
l_1987,,boundary,arterial,East,0.4894363324904152,1.0768466757933726,F,90.25782546500915,66.5912814806598,90.35462429295049,66.30890785708459,v3-2026-07-30-trip-suppression-fix
l_2253,,inner,arterial,CBD,1.317426626655932,4.5605302055763,F,61.21304726287594,49.80812068796445,61.57523606058552,50.5852230433357,v3-2026-07-30-trip-suppression-fix
l_716,,peripheral,arterial,East,3.80499405469679,14.676426132888297,F,75.53466297520778,74.16527256262826,75.85871184117023,74.05118412738653,v3-2026-07-30-trip-suppression-fix
l_604,,peripheral,arterial,West,0.4163486225799736,4.997262796631877,F,57.47824904838939,14.661363814040484,57.831907494897834,14.97917767826356,v3-2026-07-30-trip-suppression-fix
l_150,,peripheral,arterial,East,0.9701412094427078,5.948179612643294,F,77.93568061832971,30.040664160078066,78.20246890873756,30.36005164161466,v3-2026-07-30-trip-suppression-fix
l_1479,,boundary,arterial,East,1.3981668479105174,2.7195963092130917,F,82.08185256660941,48.47719424489277,82.65695102383421,49.00708608487663,v3-2026-07-30-trip-suppression-fix
l_2046,,boundary,arterial,West,0.9590792838874681,1.9538111550309074,F,51.81505949057667,58.95356243891223,52.48486533973297,58.72505916772683,v3-2026-07-30-trip-suppression-fix
l_826,,peripheral,arterial,East,0.6467608062951385,1.6812178337091106,F,82.0724922145895,35.07218592182414,82.36202744827492,35.445200928721555,v3-2026-07-30-trip-suppression-fix
l_855,,boundary,arterial,East,1.7800632911392407,10.084818539446243,F,70.54401738169513,73.5546576808655,71.09092346605954,73.73375866135535,v3-2026-07-30-trip-suppression-fix
l_1407,,peripheral,arterial,East,1.1906533710373568,4.340318574573519,F,99.54522357902769,54.58575504633616,100.15026983076909,54.38532482947949,v3-2026-07-30-trip-suppression-fix
l_699,,peripheral,arterial,West,0.6732873253661,1.4286061124041844,F,15.604851378302122,72.74956852759031,16.56321227752726,72.84025424133975,v3-2026-07-30-trip-suppression-fix
l_2283,SH1N,boundary,motorway,MWY,0.3333333333333333,1.6626909110295651,F,49.18071646946679,64.67741504605605,49.36474344224883,67.59288241770346,v3-2026-07-30-trip-suppression-fix
l_2285,,boundary,arterial,East,0.8900316455696203,6.771601617097986,F,64.57339037924574,70.50256418466411,64.83522069645699,70.55179674303301,v3-2026-07-30-trip-suppression-fix
l_988,,boundary,arterial,East,1.260107109104274,3.3558336880346507,F,81.05114349628595,49.17192259123796,81.45257167434652,48.542887427232586,v3-2026-07-30-trip-suppression-fix
l_20,,peripheral,arterial,East,0.5,0.2371836629371966,A,65.64228032759982,16.51103773392799,66.6903781839224,14.410678935586013,v3-2026-07-30-trip-suppression-fix
l_2470,SH1S,inner,motorway,MWY,0.12631578947368421,0.14200135044008336,A,53.3222333571636,29.79146229844561,56.01580535552358,32.03922279882344,v3-2026-07-30-trip-suppression-fix
l_2462,,inner,arterial,CBD,0.43914220888531064,4.742859111158581,F,65.18380297971082,57.62674891718764,65.43534998947828,58.297777320738305,v3-2026-07-30-trip-suppression-fix
l_795,,inner,arterial,CBD,0.47084673938632976,4.190127719819234,F,56.484763047102184,37.4358875262841,56.988096828092516,37.61582131624459,v3-2026-07-30-trip-suppression-fix
l_613,,peripheral,arterial,West,0.6732873253661,1.302252514682805,F,12.838455797859599,72.47551143596816,13.513751713595749,72.54432523635822,v3-2026-07-30-trip-suppression-fix
l_488,,peripheral,arterial,West,0.2729630135116692,1.446391215579246,F,46.578138382687364,31.888133285511604,47.17582294646184,32.47175549958748,v3-2026-07-30-trip-suppression-fix
l_545,,peripheral,arterial,West,0.2729630135116692,1.1508214032463873,F,37.66069386972683,23.34894747500183,38.32500839245553,24.012453131749073,v3-2026-07-30-trip-suppression-fix
l_440,,peripheral,arterial,West,0.2729630135116692,0.4476071867204879,C,8.620728905020284,22.28355522679413,9.096842275087386,22.166807835789175,v3-2026-07-30-trip-suppression-fix
l_1440,,peripheral,arterial,East,1.3981668479105174,5.746788041187283,F,65.47130617214107,21.378959428424118,65.5419863242516,21.674948605585637,v3-2026-07-30-trip-suppression-fix
l_263,,peripheral,arterial,East,2,1.432973268848141,F,102.26866583295596,9.400494792507832,102.55007734153769,10.503356300710722,v3-2026-07-30-trip-suppression-fix
l_657,,peripheral,arterial,East,1.2808197246237591,1.353554941150903,F,85.14371865496503,11.961624011839437,85.58868628691421,13.683087211401649,v3-2026-07-30-trip-suppression-fix
l_424,,inner,arterial,CBD,0.4660556159701724,1.4251857490161883,F,77.05795624886015,42.51612623415185,77.47989218787542,42.99480779658112,v3-2026-07-30-trip-suppression-fix
l_938,,peripheral,arterial,East,3.5097981866042702,2.32756942753741,F,71.91290464729968,18.23319513559029,72.14670202358586,19.120755876282022,v3-2026-07-30-trip-suppression-fix
l_1603,SH1N,peripheral,motorway,MWY,0.3333333333333333,0.38231558726784587,B,25.556797822209617,97.40547858849013,26.11703655265897,98.31416060340739,v3-2026-07-30-trip-suppression-fix
l_915,,peripheral,arterial,West,0.7872982548222018,7.625201271878506,F,58.20392753524212,29.269328819141265,59.649679336806614,29.86434648592241,v3-2026-07-30-trip-suppression-fix
l_1316,,peripheral,arterial,East,8.561236623067778,6.997945105800993,F,77.52242411359285,73.47993121316404,78.60074489497762,73.00056057133216,v3-2026-07-30-trip-suppression-fix
l_2007,,boundary,arterial,East,0.43914220888531064,1.4469347285411382,F,69.39060559698635,68.79224067805009,69.4820407369622,69.03379323205994,v3-2026-07-30-trip-suppression-fix
l_391,,inner,arterial,CBD,8,15.593180349961818,F,88.13824604143318,60.851355100114134,88.82022876021257,60.109002418329815,v3-2026-07-30-trip-suppression-fix
l_578,,peripheral,arterial,East,0.6245229338699604,5.03392859844166,F,63.37204910383103,17.174469943216778,63.725721108876655,17.49227415964829,v3-2026-07-30-trip-suppression-fix
l_782,,boundary,arterial,East,0.39489272081084636,1.3746679511359905,F,77.12271813832574,77.73047126542916,77.62016723642606,77.58615147631306,v3-2026-07-30-trip-suppression-fix
l_272,,peripheral,arterial,East,2.3720102787112074,4.156272323503843,F,63.36084039531813,29.525779596949793,63.79169292857984,30.49079872968815,v3-2026-07-30-trip-suppression-fix
l_16,,peripheral,arterial,West,0.8512147543890761,7.502607852812727,F,30.61418472273863,56.4497273285268,30.87647586311128,55.33686591613959,v3-2026-07-30-trip-suppression-fix
l_698,,peripheral,arterial,West,0.6384110657918071,7.441054496796591,F,31.220265366614058,53.925228020327886,31.300284191441023,53.54540039863491,v3-2026-07-30-trip-suppression-fix
l_149,,peripheral,arterial,East,1,0.4169292231951149,B,64.39010580932049,18.15569880527333,64.53823039270927,17.93675809277535,v3-2026-07-30-trip-suppression-fix
l_131,,peripheral,arterial,West,0.9364026531408505,2.1868309997057036,F,36.847573293286096,43.038958409692896,38.20542630021428,43.58168078036334,v3-2026-07-30-trip-suppression-fix
l_476,,inner,arterial,CBD,1.3057671381936886,4.588575269799174,F,56.425885077043226,67.30112557727618,56.573209821659226,68.21731524158356,v3-2026-07-30-trip-suppression-fix
l_2593,SH16,peripheral,motorway,MWY,0.07058823529411765,0.06687732473865031,A,63.53878238084864,31.200110701265054,64.02685857431082,31.180652193133124,v3-2026-07-30-trip-suppression-fix
l_1449,,peripheral,arterial,West,0.23351755273604735,0.5589662928796771,C,50.35464268102764,51.6562188762923,50.81056204175561,51.620827967298034,v3-2026-07-30-trip-suppression-fix
l_751,,peripheral,arterial,East,0.6587615283267457,4.0256474406446445,F,98.50670295029522,11.659621214841225,99.17731541250967,11.484994891160891,v3-2026-07-30-trip-suppression-fix
l_157,,inner,arterial,CBD,2.1228918504540633,8.13855417537548,F,71.42027172486131,48.025512440539416,72.51495436720664,48.43773914186577,v3-2026-07-30-trip-suppression-fix
l_306,,peripheral,arterial,East,1.162715586848395,7.054294515395276,F,107.8508495037269,44.107045863993605,108.33206225929015,43.09809350593113,v3-2026-07-30-trip-suppression-fix
l_138,,peripheral,arterial,West,0.6384110657918071,7.467439515522646,F,32.605257529280145,48.819012167605855,32.83295756051913,48.193250629268356,v3-2026-07-30-trip-suppression-fix
l_175,,peripheral,arterial,West,0.6245229338699604,4.305254458299688,F,35.52025654373531,1.4427167203535378,35.78496267608044,1.6540867439188676,v3-2026-07-30-trip-suppression-fix
l_739,,boundary,arterial,East,0.5923390812162695,1.3918176241659543,F,88.09839164167468,73.93295303960706,88.94110232390135,73.64707740138871,v3-2026-07-30-trip-suppression-fix
l_2563,SH1S,peripheral,motorway,MWY,0.25263157894736843,3.133420954891365,F,69.79372136260199,28.245087626118437,70.30629292231427,27.749155313058328,v3-2026-07-30-trip-suppression-fix
l_430,,peripheral,arterial,East,0.7544322897019992,2.6599286763568375,F,83.65086001678152,28.74577789752999,84.45092700293155,28.514753090660168,v3-2026-07-30-trip-suppression-fix
l_404,,boundary,arterial,East,0.463594921060087,0.3966173047528531,B,125.15647675845219,63.810915565916524,127.95733350439917,63.59635308837599,v3-2026-07-30-trip-suppression-fix
l_1055,,peripheral,arterial,East,1.3981668479105174,5.755136893291487,F,65.17583481005899,20.681714477473342,65.47130617214107,21.378959428424118,v3-2026-07-30-trip-suppression-fix
l_1732,,peripheral,arterial,West,1.5467239527389904,7.593652512718793,F,62.56522719797414,60.64785993785288,62.81776498788476,61.37292571624356,v3-2026-07-30-trip-suppression-fix
l_1551,SH1N,peripheral,motorway,MWY,0.26666666666666666,2.707777172357485,F,59.65982002533505,31.593852493517105,60.41795046645113,31.444772892617085,v3-2026-07-30-trip-suppression-fix
l_0,,peripheral,arterial,West,6.947660954145438,6.960637804498606,F,43.99316223748298,47.39456392132523,44.857725097972114,49.4867794975422,v3-2026-07-30-trip-suppression-fix
l_798,,peripheral,arterial,East,1.162715586848395,5.4226335143235005,F,111.88861187286386,27.49141390484622,112.29493053495209,28.29464074874688,v3-2026-07-30-trip-suppression-fix
l_287,,peripheral,arterial,West,1.4328928514567743,2.397772204372195,F,27.99873854125966,40.633059065700095,29.63117375053188,40.738407169336135,v3-2026-07-30-trip-suppression-fix
l_947,,peripheral,arterial,West,0.9552619009711829,2.824646875784023,F,32.484114490381536,41.010640804606915,33.47000840118514,41.425054020888716,v3-2026-07-30-trip-suppression-fix
l_777,,peripheral,arterial,West,0.718562874251497,5.866443792761976,F,54.73753808677626,64.17005208437376,54.99836319691501,64.16526226450581,v3-2026-07-30-trip-suppression-fix
l_2640,,inner,arterial,CBD,0.43914220888531064,4.757903278515063,F,64.95548773532586,57.036371765893044,65.18380297971082,57.62674891718764,v3-2026-07-30-trip-suppression-fix
l_1142,,inner,arterial,CBD,0.8782844177706213,1.4970922464073557,F,67.69934011712195,64.33702041749164,68.04283296939884,65.27661641542423,v3-2026-07-30-trip-suppression-fix
l_979,,peripheral,arterial,West,0.7872982548222018,7.568377623011282,F,54.638118647539876,26.875465062378005,55.589488874204086,27.77688257094954,v3-2026-07-30-trip-suppression-fix
l_544,,peripheral,arterial,West,0.2729630135116692,1.219706544540399,F,43.12596193946024,28.573098333344394,43.67867613875167,29.07647440180393,v3-2026-07-30-trip-suppression-fix
l_413,,peripheral,arterial,East,0.48007681228996646,5.953685598217533,F,95.31776585544671,62.25874835829025,95.43963619956364,61.797033827149114,v3-2026-07-30-trip-suppression-fix
l_901,,peripheral,arterial,West,1.00993098804915,8.318875420792171,F,28.666384370596415,67.64707834467366,29.051701669472546,67.31573675116461,v3-2026-07-30-trip-suppression-fix
l_2098,,boundary,arterial,East,0.4660556159701724,2.3753133742068924,F,81.34710947838948,47.54485531979951,81.6301493086544,47.56664669256718,v3-2026-07-30-trip-suppression-fix
l_2525,SH16,peripheral,motorway,MWY,0.2823529411764706,1.3730114128356725,F,24.505677855443885,8.886879360120584,25.89488625289297,8.780468454057408,v3-2026-07-30-trip-suppression-fix
l_1762,,peripheral,arterial,West,0.34657039711191334,0.21044507227964573,A,50.09635975384353,28.14801859227475,50.377877344433436,28.088799766079482,v3-2026-07-30-trip-suppression-fix
l_348,,peripheral,arterial,West,0.6662225183211192,2.3016831815264904,F,26.726973822938472,28.14311239205135,27.96122702398703,29.066517362682376,v3-2026-07-30-trip-suppression-fix
l_2645,,boundary,arterial,East,1.1906533710373568,7.821001883748398,F,95.97547989031678,56.7060801811761,96.21204954230274,56.566555217327355,v3-2026-07-30-trip-suppression-fix
l_723,,boundary,arterial,East,10.106681639528356,5.041020246809409,F,62.86214392946015,48.45347848858139,65.19974202741982,52.5995377645506,v3-2026-07-30-trip-suppression-fix
l_113,,peripheral,arterial,West,1.3324450366422385,2.4860451246960054,F,39.70916501073208,37.85162503008587,40.19570474869588,38.302169088866755,v3-2026-07-30-trip-suppression-fix
l_580,,peripheral,arterial,West,0.6931407942238267,4.122774776102818,F,59.91981909132407,23.29194827770564,60.26552505066133,23.177481659503353,v3-2026-07-30-trip-suppression-fix
l_2079,,peripheral,arterial,West,0.5904736911166514,1.5434047872009216,F,49.51565075152286,10.7536727531297,49.74686058908109,11.506169211820113,v3-2026-07-30-trip-suppression-fix
l_2518,,boundary,arterial,East,0.8929900282780175,7.878459095171496,F,96.21204954230274,56.566555217327355,96.4658299357641,56.18347061928901,v3-2026-07-30-trip-suppression-fix
l_735,,boundary,arterial,East,0.4660556159701724,2.635292757572302,F,71.55422769052936,36.45569729161111,71.73458238436463,36.80371415019356,v3-2026-07-30-trip-suppression-fix
l_897,,inner,arterial,CBD,1.0778443113772456,2.9278239774423693,F,60.44267633854319,64.6327617430153,61.62087538525587,64.85432794689004,v3-2026-07-30-trip-suppression-fix
l_499,,peripheral,arterial,West,2.6931493014644,8.419438734572333,F,29.051701669472546,67.31573675116461,29.673640407118377,66.84494709908721,v3-2026-07-30-trip-suppression-fix
l_2268,,boundary,arterial,West,0.5933544303797469,6.534663823303675,F,60.385120072702094,69.7688333866943,60.973984625025764,69.86610930404476,v3-2026-07-30-trip-suppression-fix
l_1497,,peripheral,arterial,West,0.9340702109441894,0.34625986175074686,B,51.28573149316999,51.449951048757505,51.58802133868618,51.33629838655588,v3-2026-07-30-trip-suppression-fix
l_540,,peripheral,arterial,East,2,8.826128560971787,F,102.55007734153769,10.503356300710722,102.6430421755195,10.825947730733448,v3-2026-07-30-trip-suppression-fix
l_77,,peripheral,arterial,East,2.4929884699283265,7.951302621082722,F,121.63151064679622,48.5796332799868,121.88622266419952,47.088396993059845,v3-2026-07-30-trip-suppression-fix
l_597,,boundary,arterial,West,0.51985559566787,6.774574864945301,F,48.738428674370375,31.14583354077801,48.886082829988325,30.899887737200082,v3-2026-07-30-trip-suppression-fix
l_492,,peripheral,arterial,East,1.131648434552999,6.476681306087169,F,86.08013052600171,15.565848500853555,86.26651346405072,16.238061683068302,v3-2026-07-30-trip-suppression-fix
l_978,,peripheral,arterial,East,0.6587615283267457,3.8118093176567034,F,72.96847240440836,18.88937323681051,73.29293391250317,18.80230296617082,v3-2026-07-30-trip-suppression-fix
l_551,,peripheral,arterial,West,0.2729630135116692,1.4026367386929544,F,26.45440358769502,16.797061905222392,26.958152628980134,17.004083438764674,v3-2026-07-30-trip-suppression-fix
l_1565,SH16,peripheral,motorway,MWY,0.35294117647058826,3.1418922857684968,F,72.0723061509492,29.203028756402478,73.73092243212142,29.55078306457039,v3-2026-07-30-trip-suppression-fix
l_640,,boundary,arterial,East,0.8204567209079722,7.930098923838156,F,107.11610624288761,60.661083712013856,107.4598377742499,60.438470714385474,v3-2026-07-30-trip-suppression-fix
l_441,,peripheral,arterial,East,1.8697413524462447,8.350566779680504,F,117.30487725860446,61.36303994193312,119.1538986518475,61.409599787911716,v3-2026-07-30-trip-suppression-fix
l_1418,,peripheral,arterial,East,1.1906533710373568,4.442354623903648,F,98.62522161572872,55.3866211660318,99.18617879163148,55.060876857510834,v3-2026-07-30-trip-suppression-fix
l_320,,boundary,arterial,West,2.2216736608244876,8.303919429257729,F,61.485947554636255,38.66820890128607,61.5204454732506,38.18109805684745,v3-2026-07-30-trip-suppression-fix
l_963,,peripheral,arterial,West,1.0778443113772456,6.014161304687512,F,49.19699130200595,64.37982714894805,49.674674255373986,64.34404111685214,v3-2026-07-30-trip-suppression-fix
l_1175,,peripheral,arterial,West,0.5904736911166514,2.41093275848593,F,51.85167599897967,19.575456539565796,52.058685768613564,20.193263164454763,v3-2026-07-30-trip-suppression-fix
l_790,,peripheral,arterial,West,0.1364815067558346,0.3580312531800593,B,6.483736152637758,21.91694292182404,6.703500289561166,22.048086483923136,v3-2026-07-30-trip-suppression-fix
l_2313,,inner,arterial,CBD,5.584858827179646,4.266706336000074,F,71.9765944393281,75.77143528366535,72.57823768025631,77.20970538197737,v3-2026-07-30-trip-suppression-fix
l_1744,SH16,peripheral,motorway,MWY,0.2823529411764706,3.2404055703924137,F,88.40055500107961,46.87374551919048,88.88572095283965,47.24312752398298,v3-2026-07-30-trip-suppression-fix
l_115,,peripheral,arterial,West,0.6245229338699604,4.989884401690054,F,58.47005292411039,15.399864333918952,58.90864353705988,15.608008409911491,v3-2026-07-30-trip-suppression-fix
l_727,,boundary,arterial,West,1.3057671381936886,4.6016509705617015,F,56.28338762277463,65.46595089865612,56.393207797005694,66.70714598946688,v3-2026-07-30-trip-suppression-fix
l_1306,,boundary,arterial,East,0.9380129758461659,9.487002523826497,F,78.18298137855709,71.57587458350308,78.27642858065535,71.92549262647148,v3-2026-07-30-trip-suppression-fix
l_830,,peripheral,arterial,East,0.43917435221783047,4.032839422553854,F,99.17731541250967,11.484994891160891,99.89088353938105,11.28254088547251,v3-2026-07-30-trip-suppression-fix
l_2386,,boundary,motorway,MWY,0.13333333333333333,0.03963581115568587,A,54.76549527446719,38.92465357789234,54.83373062356441,38.68241247093793,v3-2026-07-30-trip-suppression-fix
l_144,,peripheral,arterial,West,2.2095378383354816,9.324179160700098,F,48.84250379985112,72.305034748848,48.93391582845936,72.54659555733755,v3-2026-07-30-trip-suppression-fix
l_136,,peripheral,arterial,East,0.6467608062951385,1.7756406354325758,F,84.04239717389197,39.30593131977815,84.26974952002529,39.842254643745136,v3-2026-07-30-trip-suppression-fix
l_666,,peripheral,arterial,East,1.3981668479105174,6.5622829097180695,F,69.77094647788392,32.89406806263051,70.81008333656156,35.00999473977138,v3-2026-07-30-trip-suppression-fix
l_1869,SH1N,peripheral,motorway,MWY,0.4,1.9232037962647037,F,44.31904864262321,20.146045198764536,46.92062178451132,23.314496123849654,v3-2026-07-30-trip-suppression-fix
l_933,,peripheral,arterial,East,4.65086234739358,6.930376359502699,F,112.40345479646213,35.26553051157771,113.33141003675074,33.73472308894424,v3-2026-07-30-trip-suppression-fix
l_761,,peripheral,arterial,East,1.6169020157378464,5.831861144175921,F,74.1048044898563,25.084499075963524,75.35226787411736,26.710079365169303,v3-2026-07-30-trip-suppression-fix
l_1268,,boundary,arterial,East,5.584858827179646,3.521020264611182,F,71.4152041612677,74.80883656913852,71.9765944393281,75.77143528366535,v3-2026-07-30-trip-suppression-fix
l_697,,peripheral,arterial,West,1.00993098804915,8.173392293600845,F,28.130890312861954,68.08926229466695,28.666384370596415,67.64707834467366,v3-2026-07-30-trip-suppression-fix
l_601,,peripheral,arterial,West,0.51985559566787,4.106444412344256,F,59.5953458922492,23.378997225514432,59.91981909132407,23.29194827770564,v3-2026-07-30-trip-suppression-fix
l_1789,,peripheral,arterial,East,1.6409134418159443,6.598067408092323,F,101.1613482400527,58.474587001941416,101.60510718434668,58.95281800135987,v3-2026-07-30-trip-suppression-fix
l_533,,inner,arterial,CBD,1.4070194637692488,7.988868992436055,F,76.96419264418996,66.81469838221345,77.1995521797882,67.78330510375392,v3-2026-07-30-trip-suppression-fix
l_942,,boundary,arterial,West,0.718562874251497,5.99790458154789,F,52.45581542182968,64.23896625102539,52.759614488936556,64.20636422149931,v3-2026-07-30-trip-suppression-fix
l_2455,SH1N,peripheral,motorway,MWY,0.26666666666666666,1.7488762659156716,F,32.51270910962398,82.98182240782904,33.058111487828576,81.89081997784211,v3-2026-07-30-trip-suppression-fix
l_1115,,peripheral,arterial,East,8.442116782615493,9.361557854368847,F,78.27642858065535,71.92549262647148,78.60074489497762,73.00056057133216,v3-2026-07-30-trip-suppression-fix
l_921,,boundary,arterial,West,0.718562874251497,9.286793412006421,F,48.13145905757613,64.37233652928282,48.392284149825215,64.36755501154411,v3-2026-07-30-trip-suppression-fix
l_198,,inner,arterial,CBD,1.0778443113772456,5.284583804269316,F,65.300161097137,65.11092672578283,66.14286173603182,64.82514320490282,v3-2026-07-30-trip-suppression-fix
l_804,,peripheral,arterial,West,0.718562874251497,6.031376020714006,F,49.674674255373986,64.34404111685214,50.30450507132741,64.30546332118806,v3-2026-07-30-trip-suppression-fix
l_884,,peripheral,arterial,West,1.7024295087781522,8.041465247914202,F,39.35853243396495,38.885039799948636,40.19570474869588,38.302169088866755,v3-2026-07-30-trip-suppression-fix
l_309,,boundary,arterial,East,1.415261233636042,10.61332443461611,F,67.3005478766954,49.80413837125006,67.82793053989006,48.92957243619345,v3-2026-07-30-trip-suppression-fix
l_133,,peripheral,arterial,East,2.187884589087926,5.286381132099436,F,114.10574223197162,61.20651364290733,114.75172089097913,62.0322947864568,v3-2026-07-30-trip-suppression-fix
l_173,,boundary,arterial,East,1.3981668479105174,3.0166008425651136,F,90.26675970772055,57.217375824468164,90.9308499919602,57.85370365364385,v3-2026-07-30-trip-suppression-fix
l_860,,inner,arterial,CBD,0.8705114254624592,5.190773785168243,F,58.57699752959342,76.66677151620668,58.66941781072258,76.96236283428607,v3-2026-07-30-trip-suppression-fix
l_249,,peripheral,arterial,East,2.2518296115593923,2.006903312222483,F,111.16442414012288,25.964389511923958,111.72439784720393,25.683680295481814,v3-2026-07-30-trip-suppression-fix
l_2247,,boundary,arterial,East,0.7733619763694952,7.590435084769321,F,63.0238444745693,61.936687788587605,63.20769144477789,62.473832463053,v3-2026-07-30-trip-suppression-fix
l_807,,peripheral,arterial,East,1,8.676984575808127,F,102.94165319043678,11.68524784634116,103.16852643092771,12.194534604577695,v3-2026-07-30-trip-suppression-fix
l_359,,inner,arterial,CBD,1.415261233636042,6.199513756330329,F,67.59393633821429,55.0959178438143,68.2312228555955,55.46254364541425,v3-2026-07-30-trip-suppression-fix
l_415,,inner,arterial,CBD,0.7365126127784938,5.830815192168676,F,53.20093694328608,84.65719116161277,53.38477405596671,85.19434360848355,v3-2026-07-30-trip-suppression-fix
l_1741,,inner,arterial,CBD,1.184678162432539,1.189891407991794,F,92.84472003305395,72.22210237377735,94.01955939567458,71.95836419580954,v3-2026-07-30-trip-suppression-fix
l_1901,,boundary,motorway,MWY,0.4666666666666667,3.4214242590465815,F,82.73102461739431,41.276115467168836,84.08931759086086,43.007705641182994,v3-2026-07-30-trip-suppression-fix
l_2101,,peripheral,arterial,West,2.1697203471552555,6.871113518860257,F,24.363999786618674,88.0491450436684,24.753350363940463,86.74480060182267,v3-2026-07-30-trip-suppression-fix
l_270,,peripheral,arterial,East,2.3618947644666055,7.619042722134451,F,62.983624140222425,30.2894662897823,63.79169292857984,30.49079872968815,v3-2026-07-30-trip-suppression-fix
l_2081,SH16,peripheral,motorway,MWY,0.42352941176470593,3.132009349756466,F,68.6708940097613,29.83333245658449,70.63850562067732,29.256511888412117,v3-2026-07-30-trip-suppression-fix
l_857,,peripheral,arterial,East,8.208870140234865,16.749145294203895,F,66.74751254471882,29.274205902650944,67.60879996164446,28.82590664672896,v3-2026-07-30-trip-suppression-fix
l_241,,peripheral,arterial,East,1.9243104554201411,10.54951874101456,F,122.3702396828615,39.26859188617043,123.03438018628611,39.904819178716544,v3-2026-07-30-trip-suppression-fix
l_2685,SH1N,peripheral,motorway,MWY,0.2,2.0169103608532777,F,54.52904381431009,51.00214845155103,54.70977198784677,50.84656411511451,v3-2026-07-30-trip-suppression-fix
l_367,,inner,arterial,CBD,0.39489272081084636,1.365335627625063,F,78.29001050926517,77.35756635441233,79.30564125700317,77.01448369671138,v3-2026-07-30-trip-suppression-fix
l_2060,SH1S,peripheral,motorway,MWY,0.3157894736842105,3.133431612249253,F,67.19612068495205,30.02267956789145,68.10340088513385,29.560612238759166,v3-2026-07-30-trip-suppression-fix
l_1078,,boundary,arterial,West,1.1108368304122438,14.411785271156786,F,60.851496141565626,46.70673368750483,60.887990465952456,46.32769233043403,v3-2026-07-30-trip-suppression-fix
l_2334,,peripheral,arterial,East,1.260107109104274,3.89723242427387,F,83.33328127670732,45.61625007323707,83.8635930104917,44.9037445183392,v3-2026-07-30-trip-suppression-fix
l_304,,peripheral,arterial,West,0.2729630135116692,1.1667136945702719,F,14.754121158406688,16.496636556935503,15.330500061785118,15.918605820140177,v3-2026-07-30-trip-suppression-fix
l_797,,peripheral,arterial,West,0.7062701090794946,4.250118118714935,F,55.171355121145496,36.94652013262038,55.47809825859257,37.07601636840812,v3-2026-07-30-trip-suppression-fix
l_869,,boundary,arterial,West,1.437125748502994,2.8532336565001737,F,58.065048907854084,64.21702625636892,60.44267633854319,64.6327617430153,v3-2026-07-30-trip-suppression-fix
l_322,,peripheral,arterial,East,1.162715586848395,5.941588970013608,F,106.51764890136762,20.429405462124972,107.31610278619196,21.279390959790696,v3-2026-07-30-trip-suppression-fix
l_2485,SH1N,peripheral,arterial,West,0.13333333333333333,0.08724973401918709,A,48.64972265462467,71.87142792509727,49.15553793480003,70.40745441678304,v3-2026-07-30-trip-suppression-fix
l_534,,peripheral,arterial,East,1,8.698194910831576,F,103.16852643092771,12.194534604577695,103.42418459583601,13.081660248598487,v3-2026-07-30-trip-suppression-fix
l_286,,peripheral,arterial,West,0.6732873253661,1.00425438082609,F,7.780939910423752,71.75651292746136,7.980001471802172,71.94208491837833,v3-2026-07-30-trip-suppression-fix
l_1081,,boundary,arterial,East,1.5467239527389904,7.219587273348947,F,66.26880810419661,70.4713459349989,66.40670416572556,70.87420248505744,v3-2026-07-30-trip-suppression-fix
l_595,,peripheral,arterial,East,0.7544322897019992,2.6528706061165623,F,87.3422163589314,21.48832646376716,87.4023926488643,21.216944849091888,v3-2026-07-30-trip-suppression-fix
l_508,,inner,arterial,CBD,0.7062701090794946,8.18168105977944,F,62.473197068878214,37.974377665838496,63.55634310055877,37.76525197287794,v3-2026-07-30-trip-suppression-fix
l_114,,boundary,arterial,East,22.083533365338457,5.79742157813378,F,89.3955632419964,70.01709731542171,90.51781523375381,69.56387505859115,v3-2026-07-30-trip-suppression-fix
l_557,,peripheral,arterial,West,0.2729630135116692,1.357894817536833,F,23.411681397626165,15.636355432577187,23.69614807299709,15.739275869355476,v3-2026-07-30-trip-suppression-fix
l_754,,peripheral,arterial,West,1.1809473822333028,2.609445900494609,F,52.66608875196017,23.668517093456877,53.1215946168522,24.79526131589832,v3-2026-07-30-trip-suppression-fix
l_2170,,peripheral,arterial,West,1.54182191956829,12.201735523983976,F,19.910347990489626,85.88704028332418,19.91921230880739,86.37334853398386,v3-2026-07-30-trip-suppression-fix
l_1839,SH1S,peripheral,motorway,MWY,0.25263157894736843,3.0693563852459187,F,72.91381695536822,24.160559754214546,73.49056468457023,23.609380692674144,v3-2026-07-30-trip-suppression-fix
l_186,,inner,arterial,CBD,31.135747139992926,9.087917744340105,F,70.50245947328503,47.77217709600998,71.42027172486131,48.025512440539416,v3-2026-07-30-trip-suppression-fix
l_2219,,peripheral,arterial,East,0.6467608062951385,6.7981614677291216,F,87.32271143390261,46.45025432071065,87.38651955673964,46.86865892342196,v3-2026-07-30-trip-suppression-fix
l_184,,peripheral,arterial,West,0.8705114254624592,4.613407008273537,F,56.256678707080965,65.1961779462342,56.28338762277463,65.46595089865612,v3-2026-07-30-trip-suppression-fix
l_117,,peripheral,arterial,West,0.4163486225799736,4.9745594829821025,F,60.32709458729514,15.906228114512503,60.762200527057644,15.925247188892047,v3-2026-07-30-trip-suppression-fix
l_2384,,boundary,arterial,West,0.8900316455696203,5.840465263599972,F,50.93701624165682,71.50988846607248,51.69331233459002,71.2527771810869,v3-2026-07-30-trip-suppression-fix
l_763,,peripheral,arterial,West,0.7872982548222018,7.639978463800965,F,57.80877329498813,29.0603833529227,58.20392753524212,29.269328819141265,v3-2026-07-30-trip-suppression-fix
l_1335,,inner,arterial,CBD,0.39489272081084636,1.368344770511434,F,84.7260242626595,74.99536883348628,85.37493950857717,75.0064425633978,v3-2026-07-30-trip-suppression-fix
l_2621,SH16,peripheral,motorway,MWY,0.2823529411764706,3.1440530360378163,F,68.30444702151331,30.00224808447742,68.6708940097613,29.83333245658449,v3-2026-07-30-trip-suppression-fix
l_1191,,peripheral,arterial,West,0.5904736911166514,2.4183788449171186,F,52.058685768613564,20.193263164454763,52.314129578362284,21.08044440557598,v3-2026-07-30-trip-suppression-fix
l_811,,inner,arterial,CBD,1.1108368304122438,8.01371895713524,F,61.17028956170788,41.59287290640271,61.263014156469026,40.72632073934408,v3-2026-07-30-trip-suppression-fix
l_967,,boundary,arterial,East,2.7963336958210347,2.94584937956551,F,84.61363647954586,51.349213948500825,86.14738469613144,53.15862571255355,v3-2026-07-30-trip-suppression-fix
l_2329,,peripheral,arterial,West,0.9340702109441894,0.23613199754534409,A,53.25856253837734,51.1434765442078,54.3168178838527,51.184848414248954,v3-2026-07-30-trip-suppression-fix
l_2538,,boundary,arterial,East,0.8204567209079722,8.734349442174052,F,98.22924871404055,57.47502930571006,98.55879211378273,57.658094585658226,v3-2026-07-30-trip-suppression-fix
l_2338,,peripheral,arterial,West,2.892960462873674,4.423879208303761,F,27.363925558451466,83.2378907499631,27.39870104203018,82.94845957163265,v3-2026-07-30-trip-suppression-fix
l_2399,,inner,arterial,CBD,1.4833860759493673,5.7977251477157425,F,53.65937578832898,70.56806433224813,55.73360997152649,69.85431913751114,v3-2026-07-30-trip-suppression-fix
l_510,,inner,arterial,CBD,0.7062701090794946,8.269550231475229,F,63.55634310055877,37.76525197287794,64.29276165623449,37.616559086629074,v3-2026-07-30-trip-suppression-fix
l_2149,SH16,peripheral,motorway,MWY,0.07058823529411765,0.22618375359314938,A,5.2022599061072095,11.210820503273808,5.55042624669366,11.231531264238088,v3-2026-07-30-trip-suppression-fix
l_2425,,peripheral,arterial,West,0.7733619763694952,4.578187491936485,F,60.96558566151634,56.43414488612076,61.44641818363301,57.74959335229004,v3-2026-07-30-trip-suppression-fix
l_608,,peripheral,arterial,West,0.4163486225799736,4.326720042267684,F,36.899631159976956,3.174200817466635,37.1450881745734,3.5210531146608828,v3-2026-07-30-trip-suppression-fix
l_1303,,inner,arterial,CBD,20.393711938818864,8.625766930063174,F,76.64823232438683,54.4423944689352,78.64845635725169,60.22310997772073,v3-2026-07-30-trip-suppression-fix
l_386,,peripheral,arterial,East,1.5088645794039983,6.465649074356604,F,86.66201641600574,17.63611965574881,87.19894577134318,19.626142623559943,v3-2026-07-30-trip-suppression-fix
l_1825,,inner,arterial,CBD,1.7800632911392407,10.276473671497124,F,67.67887400167436,71.47237562974169,67.75056696475887,71.8223982887934,v3-2026-07-30-trip-suppression-fix
l_1993,,inner,arterial,CBD,0.658713313327966,1.510960826612721,F,69.4820407369622,69.03379323205994,69.9619536507304,70.29518922611199,v3-2026-07-30-trip-suppression-fix
l_213,,peripheral,arterial,West,0.6384110657918071,7.474018787078215,F,30.87647586311128,55.33686591613959,31.017252115828647,54.712693693058014,v3-2026-07-30-trip-suppression-fix
l_346,,peripheral,arterial,West,0.2729630135116692,1.1750554773932145,F,16.358777119211265,15.089117718826287,17.49372580376037,14.149578258261334,v3-2026-07-30-trip-suppression-fix
l_923,,boundary,arterial,West,0.718562874251497,3.0247081398567754,F,56.975789666826095,64.10191157207261,57.25884768353421,64.12373676683629,v3-2026-07-30-trip-suppression-fix
l_785,,peripheral,arterial,East,1.1860051393556037,9.348225436603524,F,64.02685857431082,31.180652193133124,64.3589247678989,31.77762305157244,v3-2026-07-30-trip-suppression-fix
l_324,,boundary,arterial,West,1.2768221315836141,8.199075329654507,F,46.16245726440973,34.11191410925687,46.4627385408681,33.89019902651251,v3-2026-07-30-trip-suppression-fix
l_1199,SH1N,boundary,motorway,MWY,0.5333333333333333,2.576852276313687,F,50.157972579024026,58.55544635747299,51.96220025911047,54.663882885503156,v3-2026-07-30-trip-suppression-fix
l_725,,peripheral,arterial,East,0.6587615283267457,3.779412978704756,F,77.59583164338271,17.56066638097576,78.63389556618147,17.271209191065452,v3-2026-07-30-trip-suppression-fix
l_997,,peripheral,arterial,East,1.1860051393556037,8.993314592292066,F,64.67813325597666,32.582538001381316,64.8377383559979,32.98499530804961,v3-2026-07-30-trip-suppression-fix
l_357,,boundary,arterial,East,18.398396037268547,10.87669879979473,F,65.84798720220324,53.560550321934564,66.63071109769622,52.38399397535276,v3-2026-07-30-trip-suppression-fix
l_823,,peripheral,arterial,East,0.7544322897019992,3.0145546837068298,F,79.13293886946906,30.126637432378583,79.39222039520915,30.040763602356257,v3-2026-07-30-trip-suppression-fix
l_630,,boundary,arterial,East,0.8204567209079722,5.934090402544497,F,113.43853816851465,60.40815325388406,113.90558048528936,60.9670057373324,v3-2026-07-30-trip-suppression-fix
l_1108,,peripheral,arterial,West,0.6067040800849385,1.126647113655671,F,60.183906457535066,48.2324938814453,60.3128151638892,48.1490434873391,v3-2026-07-30-trip-suppression-fix
l_669,,peripheral,arterial,East,1.1089548100914888,10.5109761766077,F,92.27492744700248,19.04553860649214,93.03148677723222,18.81528551705726,v3-2026-07-30-trip-suppression-fix
l_827,,peripheral,arterial,West,0.9079445145018916,8.19274922818929,F,30.711516231192693,66.52872323261263,31.34086020845276,66.46318605069304,v3-2026-07-30-trip-suppression-fix
l_2127,,peripheral,arterial,East,1.1089548100914888,10.53832617862272,F,87.92860856955708,20.28828651638382,88.42591102021917,20.143935595076872,v3-2026-07-30-trip-suppression-fix
l_733,,peripheral,arterial,West,2.892960462873674,5.8441174327170815,F,26.197476662346165,84.85369005084536,26.537383242184763,84.41507822347306,v3-2026-07-30-trip-suppression-fix
l_1767,SH1S,peripheral,motorway,MWY,0.12631578947368421,0.5939810640678534,C,87.62888317510843,5.3210689163522655,88.37485515037113,4.523466121909161,v3-2026-07-30-trip-suppression-fix
l_770,,boundary,arterial,West,2.520214218208548,2.7425798488081994,F,56.32606541401806,63.05982054201619,56.694073547401054,62.971980289645025,v3-2026-07-30-trip-suppression-fix
l_1727,,inner,arterial,CBD,2.830522467272084,8.158118836630303,F,75.59518885069956,50.40786592647034,76.30744747190126,52.47575326682963,v3-2026-07-30-trip-suppression-fix
l_181,,peripheral,arterial,East,1.7800632911392407,9.685815251926408,F,71.09092346605954,73.73375866135535,71.33102328162099,73.78338402757181,v3-2026-07-30-trip-suppression-fix
l_1295,,boundary,arterial,East,3.093447905477981,7.570903747701159,F,63.89363691121102,64.29900298311922,64.30431240757132,65.34547326977417,v3-2026-07-30-trip-suppression-fix
l_274,,peripheral,arterial,East,0.6587615283267457,4.496978270793402,F,68.05855738158797,20.223184049712202,68.51290857770731,20.106699925429442,v3-2026-07-30-trip-suppression-fix
l_45,,peripheral,arterial,East,1.8697413524462447,7.8639314309233495,F,121.27267649330526,50.31605609538714,121.63151064679622,48.5796332799868,v3-2026-07-30-trip-suppression-fix
l_1009,,peripheral,arterial,East,0,0,A,66.9818543931158,71.13984560692596,67.44177040921444,71.58484956953085,v3-2026-07-30-trip-suppression-fix
l_327,,peripheral,arterial,East,0.6467608062951385,5.513614000962297,F,72.37850218358771,19.900247069732195,72.51738312095013,20.357134741317427,v3-2026-07-30-trip-suppression-fix
l_548,,peripheral,arterial,West,0.2729630135116692,1.4389120419459447,F,27.68118253603015,17.31520820833251,28.119742845655235,17.523416388508874,v3-2026-07-30-trip-suppression-fix
l_251,,peripheral,arterial,West,0.9079445145018916,8.216544457157879,F,31.66639987561787,66.43021838241287,32.014169215528966,66.42387062720746,v3-2026-07-30-trip-suppression-fix
l_2320,,peripheral,motorway,MWY,0.13333333333333333,0.7690736564757178,D,20.64860256927363,91.79232186953674,20.805202855204747,92.032707531006,v3-2026-07-30-trip-suppression-fix
l_434,,peripheral,arterial,East,2.1958717610891525,5.0470871657924,F,83.8236740573931,15.796826580917708,85.98618713567022,15.189215814380727,v3-2026-07-30-trip-suppression-fix
l_1267,,boundary,arterial,East,0.7897854416216927,0.1902744139427852,A,84.81747981672191,75.23691522614796,87.4285688494408,74.16157052757397,v3-2026-07-30-trip-suppression-fix
l_2210,,peripheral,arterial,East,1.165139039925431,5.434240463110853,F,66.03076556977601,23.422664512182614,66.31199565899901,24.525568450433795,v3-2026-07-30-trip-suppression-fix
l_192,,inner,arterial,CBD,0.7062701090794946,6.9249403891752985,F,67.55166520542518,37.50246451841118,68.1814136812295,37.46382972117653,v3-2026-07-30-trip-suppression-fix
l_501,,inner,arterial,CBD,1.4070194637692488,7.79250086970572,F,75.5585735574088,61.354277245852195,75.81715706695309,62.40353590998845,v3-2026-07-30-trip-suppression-fix
l_494,,peripheral,arterial,West,0.33664366268305,0.9342607177598984,E,6.229478036781848,70.136056771095,6.518425233524618,70.48215665190318,v3-2026-07-30-trip-suppression-fix
l_466,,peripheral,arterial,West,0.7171029042667623,4.023587336386847,F,31.868615064405507,12.130798071536567,32.076023128003456,11.586483453407137,v3-2026-07-30-trip-suppression-fix
l_676,,inner,arterial,CBD,0.4660556159701724,1.518400594636671,F,76.21559039315031,41.639812585475795,76.50412275029483,41.95880096187605,v3-2026-07-30-trip-suppression-fix
l_866,,peripheral,arterial,West,1.00993098804915,7.874177340529454,F,23.543043514611877,71.65924041003223,24.293451413394337,71.07802402876578,v3-2026-07-30-trip-suppression-fix
l_454,,boundary,arterial,West,1.3057671381936886,6.120314422750844,F,56.99111601630003,72.02035369645378,57.29010222009102,72.90673010474494,v3-2026-07-30-trip-suppression-fix
l_1364,,inner,arterial,CBD,0.9416934787726595,4.087662244041397,F,58.6932002835808,38.125001577171155,60.0476004068279,38.478461263363045,v3-2026-07-30-trip-suppression-fix
l_856,,boundary,arterial,West,0.8705114254624592,6.159359303785412,F,56.71536035006015,71.2146292231835,56.80777605478416,71.51022130093365,v3-2026-07-30-trip-suppression-fix
l_682,,peripheral,arterial,West,1.0756543564001435,7.804084853066173,F,33.39549101061578,7.670587376565519,33.68337516347586,6.773457741455944,v3-2026-07-30-trip-suppression-fix
l_1025,,inner,arterial,CBD,1.9181585677749362,0.9301079234075159,E,54.601457003357595,57.956488700539424,56.177153289115644,57.332965838616346,v3-2026-07-30-trip-suppression-fix
l_762,,boundary,arterial,East,4.69006487923083,10.011948293802186,F,66.96610027265491,38.756474806697,67.12521488214176,39.13191321982314,v3-2026-07-30-trip-suppression-fix
l_2078,,peripheral,arterial,West,4.996183470959683,4.386977559468375,F,46.885732413122895,9.585731174776488,49.898340408449265,10.287200357257893,v3-2026-07-30-trip-suppression-fix
l_772,,peripheral,arterial,West,0.2729630135116692,1.3168246687926362,F,21.440673770187722,14.834454166452952,21.944412559906883,15.041487566721257,v3-2026-07-30-trip-suppression-fix
l_2559,SH1S,boundary,motorway,MWY,0.12631578947368421,0.15554800720309028,A,51.48271164106916,27.87933678997897,53.3222333571636,29.79146229844561,v3-2026-07-30-trip-suppression-fix
l_2001,,inner,arterial,CBD,0.9788726649808304,4.753173468175785,F,93.5320904956124,60.94055051244841,93.60583402800728,61.398634990402456,v3-2026-07-30-trip-suppression-fix
l_2082,SH1N,boundary,motorway,MWY,0.26666666666666666,2.715866555369012,F,58.387587219020276,32.15778029444889,59.65982002533505,31.593852493517105,v3-2026-07-30-trip-suppression-fix
l_1997,,inner,arterial,CBD,0.658713313327966,6.16581930450219,F,62.633107918613945,52.538685052270054,63.15193123457362,53.55614010630278,v3-2026-07-30-trip-suppression-fix
l_1408,,peripheral,arterial,East,1.8642224638806897,8.393595486414105,F,67.60879996164446,28.82590664672896,67.98722386930352,29.30540746056039,v3-2026-07-30-trip-suppression-fix
l_1168,,peripheral,arterial,East,20,27.619976434504867,F,93.36711076095095,70.78129612834279,93.73447562361224,71.82851945246047,v3-2026-07-30-trip-suppression-fix
l_606,,peripheral,arterial,West,0.8512147543890761,7.929764330006346,F,40.19570474869588,38.302169088866755,40.56070078706607,38.05225262882678,v3-2026-07-30-trip-suppression-fix
l_26,,peripheral,arterial,West,0.51985559566787,4.118853386434543,F,57.627765842110215,23.955714238105273,58.86046993158634,23.60872701684149,v3-2026-07-30-trip-suppression-fix
l_105,,peripheral,arterial,East,0.43917435221783047,5.172098083911243,F,80.32136976918541,16.834601662397436,80.77570790697433,16.718090226526215,v3-2026-07-30-trip-suppression-fix
l_1098,,peripheral,arterial,East,1.3175230566534915,4.523438571439963,F,65.5419863242516,21.674948605585637,66.1409750809709,21.15040717403214,v3-2026-07-30-trip-suppression-fix
l_1909,,peripheral,arterial,East,2.4929884699283265,8.71883295874623,F,122.60582264572177,41.399308708747704,122.69567547108049,41.037232735666066,v3-2026-07-30-trip-suppression-fix
l_994,,peripheral,arterial,West,1.2768221315836141,7.467536426947749,F,34.58782066203479,43.10728654037618,34.91972039992311,42.2363815577569,v3-2026-07-30-trip-suppression-fix
l_2122,SH1S,peripheral,motorway,MWY,0.06315789473684211,0.15755848719288612,A,50.7546373797436,27.29811996730244,50.9991503225979,27.590922516974874,v3-2026-07-30-trip-suppression-fix
l_2312,,peripheral,motorway,MWY,0.2,1.9979489534293433,F,50.045302908123446,58.957232655495595,50.157972579024026,58.55544635747299,v3-2026-07-30-trip-suppression-fix
l_662,,peripheral,arterial,East,2.3542336969316486,6.950761129370194,F,70.51056461021132,36.4479250457801,71.35164153001558,36.081063964939304,v3-2026-07-30-trip-suppression-fix
l_1338,,peripheral,arterial,East,3.80499405469679,6.554458445513153,F,78.60074489497762,73.00056057133216,79.13482182060346,72.98213546199597,v3-2026-07-30-trip-suppression-fix
l_1273,,peripheral,arterial,West,0.5155746509129968,1.0529288136677721,F,58.06295510020387,48.75797027711882,58.177596542623355,49.080179599865495,v3-2026-07-30-trip-suppression-fix
l_1570,SH1N,peripheral,motorway,MWY,0.2,1.9350505794870425,F,49.46543214955634,61.239851465623666,49.547716870025845,61.49984412727382,v3-2026-07-30-trip-suppression-fix
l_463,,peripheral,arterial,West,4.419075676670963,6.20576190905026,F,48.32123071800632,71.1524598947514,48.84250379985112,72.305034748848,v3-2026-07-30-trip-suppression-fix
l_531,,boundary,arterial,East,5.412109595219303,5.685524476389615,F,75.42472702495618,72.9240842775568,75.85871184117023,74.05118412738653,v3-2026-07-30-trip-suppression-fix
l_549,,peripheral,arterial,West,0.2729630135116692,1.1818097492879969,F,32.914322210954026,19.381767932668083,33.37412857840073,19.562551042555498,v3-2026-07-30-trip-suppression-fix
l_2137,SH1N,peripheral,motorway,MWY,0,0,A,26.88875060989319,98.89467486649406,27.337437624908134,99.71829779924256,v3-2026-07-30-trip-suppression-fix
l_786,,peripheral,arterial,East,5.754475703324808,8.18404439384667,F,64.87791796969692,54.01083932229761,65.84798720220324,53.560550321934564,v3-2026-07-30-trip-suppression-fix
l_383,,peripheral,arterial,East,0.6587615283267457,5.190012104075591,F,81.35942688770864,16.54513059672494,82.35402035513721,16.256458635031414,v3-2026-07-30-trip-suppression-fix
l_368,,inner,arterial,CBD,1.1047689191677408,8.037258449759324,F,50.51713452805537,77.05798295833904,50.86106171817643,78.02462195985804,v3-2026-07-30-trip-suppression-fix
l_541,,inner,arterial,CBD,1.3530273988048258,5.516649239979995,F,75.33328344094578,72.6825341116701,75.42472702495618,72.9240842775568,v3-2026-07-30-trip-suppression-fix
l_560,,peripheral,arterial,West,0.2729630135116692,1.179732063452899,F,30.133771162970287,18.29744512717027,30.57134760327681,18.451613763308206,v3-2026-07-30-trip-suppression-fix
l_1353,,peripheral,arterial,West,0.4163486225799736,4.420973382482459,F,45.35373687262401,9.019240444154503,45.59524419773252,9.149944970729628,v3-2026-07-30-trip-suppression-fix
l_1508,,peripheral,arterial,East,0.9321112319403448,2.71453351059751,F,82.08185256660941,48.47719424489277,82.09757664711329,48.15258459901358,v3-2026-07-30-trip-suppression-fix
l_778,,peripheral,arterial,West,0.2729630135116692,1.314752518412961,F,45.427731500137845,30.801139189057874,46.22397489122295,31.543282954395114,v3-2026-07-30-trip-suppression-fix
l_650,,peripheral,arterial,East,2.5616394492475183,1.5617745581557796,F,85.91648209546244,14.947267311056983,85.98618713567022,15.189215814380727,v3-2026-07-30-trip-suppression-fix
l_2057,,boundary,arterial,East,0.4660556159701724,0.42247931671746963,B,82.25720365208501,48.63876155247826,82.65695102383421,49.00708608487663,v3-2026-07-30-trip-suppression-fix
l_1010,,inner,arterial,CBD,2.1957110444265533,6.2761420423109096,F,61.57523606058552,50.5852230433357,62.092555281063845,51.52162875875946,v3-2026-07-30-trip-suppression-fix
l_1548,SH16,peripheral,motorway,MWY,0.35294117647058826,3.1393759489987523,F,70.63850562067732,29.256511888412117,72.0723061509492,29.203028756402478,v3-2026-07-30-trip-suppression-fix
l_18,,boundary,arterial,East,3.80499405469679,10.034313056178641,F,79.6613271912913,72.7377239308592,80.0505810352026,72.62242364508671,v3-2026-07-30-trip-suppression-fix
l_611,,inner,arterial,CBD,0.8204567209079722,8.250542934153989,F,102.94906915652737,59.90078968461936,103.40953531118548,60.108439614280215,v3-2026-07-30-trip-suppression-fix
l_1808,,peripheral,arterial,East,1.260107109104274,4.1237928790763405,F,84.55624162921892,43.566620758211755,84.69935380385046,43.07749278340039,v3-2026-07-30-trip-suppression-fix
l_1171,,peripheral,arterial,East,3,7.888514076889621,F,104.75050162513983,17.759631560391824,104.77878406151197,18.1104530851749,v3-2026-07-30-trip-suppression-fix
l_1038,,inner,arterial,CBD,0.5155746509129968,0.9883887379152232,E,58.359430838136134,49.5092591856192,58.47407308250859,49.83146835872688,v3-2026-07-30-trip-suppression-fix
l_308,,inner,arterial,CBD,2.1228918504540633,10.535829172572276,F,67.82793053989006,48.92957243619345,68.59537829962275,48.10463258034977,v3-2026-07-30-trip-suppression-fix
l_715,,inner,arterial,CBD,2.520214218208548,4.017946504798743,F,81.80594585524118,48.0205643556404,82.0243621759627,47.72151396091775,v3-2026-07-30-trip-suppression-fix
l_1774,,peripheral,arterial,East,2.1219221077759602,12.127080228882711,F,93.65606475862629,51.2356914705003,93.87893242817293,51.528849290813326,v3-2026-07-30-trip-suppression-fix
l_331,,boundary,arterial,East,0.6467608062951385,0.36150534479044777,B,86.98484093866688,50.25127140086294,87.02028595681482,49.81818938328988,v3-2026-07-30-trip-suppression-fix
l_1776,SH1S,peripheral,motorway,MWY,0.25263157894736843,2.2215688632131756,F,79.11547301443176,17.45149042505728,79.55429144422294,16.497444047093744,v3-2026-07-30-trip-suppression-fix
l_193,,inner,arterial,CBD,10.278711207748566,7.028273617073985,F,65.77564147931554,35.76447704707274,66.18877609814999,36.6897596250006,v3-2026-07-30-trip-suppression-fix
l_477,,inner,arterial,CBD,0.7062701090794946,8.316048533319787,F,49.45544964230435,34.67313521230625,49.65451723037659,34.85866776126015,v3-2026-07-30-trip-suppression-fix
l_1029,,inner,arterial,CBD,2.1228918504540633,8.148206710242697,F,76.47558903030958,53.337496176667955,76.64823232438683,54.4423944689352,v3-2026-07-30-trip-suppression-fix
l_2436,,inner,arterial,CBD,0.5155746509129968,0.7230567823564679,D,58.908920125698145,51.012635085298065,59.389231387559114,52.301070655641134,v3-2026-07-30-trip-suppression-fix
l_137,,inner,arterial,CBD,8.475241308953935,8.465855204065752,F,52.45812608059369,35.996374270369245,53.87968625178682,36.456745482464065,v3-2026-07-30-trip-suppression-fix
l_900,,peripheral,arterial,East,0.43917435221783047,3.8041537052879875,F,75.71477167447594,18.108934229496324,76.47134277618923,17.878741926400867,v3-2026-07-30-trip-suppression-fix
l_842,,peripheral,arterial,West,94.47579057866422,10.734603684593521,F,53.1215946168522,24.79526131589832,54.638118647539876,26.875465062378005,v3-2026-07-30-trip-suppression-fix
l_2618,,peripheral,motorway,MWY,0.13333333333333333,0.3079044275981922,B,57.584649395813265,47.577600920728216,57.78871273177006,48.03329872426798,v3-2026-07-30-trip-suppression-fix
l_1779,,peripheral,arterial,West,0.9079445145018916,8.284006483453359,F,43.21330632464109,64.13812082671996,43.80164882948441,64.20842743249491,v3-2026-07-30-trip-suppression-fix
l_1771,,peripheral,arterial,East,2.3813067420747136,6.16907074947865,F,98.04341434136168,55.6676950421336,98.62522161572872,55.3866211660318,v3-2026-07-30-trip-suppression-fix
l_1923,,inner,arterial,CBD,1.4070194637692488,6.448116853160631,F,68.32163841459146,41.946773873519945,68.5415262542454,42.835461968696364,v3-2026-07-30-trip-suppression-fix
l_2627,,boundary,arterial,East,6.467608062951386,5.424365411136437,F,86.68372484468301,52.77032123279098,86.93016873018497,50.81984247240323,v3-2026-07-30-trip-suppression-fix
l_1299,,boundary,arterial,East,1.1047689191677408,0.727820052124885,D,70.97498111678571,74.51966342506424,71.4152041612677,74.80883656913852,v3-2026-07-30-trip-suppression-fix
l_24,,peripheral,arterial,East,0.6467608062951385,6.8105678476483344,F,87.17978592279842,47.86932002840633,87.21874019539901,47.625359058670156,v3-2026-07-30-trip-suppression-fix
l_1439,,peripheral,arterial,East,0.9321112319403448,1.3695828377275294,F,65.17583481005899,20.681714477473342,65.28320945797132,21.78782265927026,v3-2026-07-30-trip-suppression-fix
l_743,,boundary,arterial,West,0.7365126127784938,8.785519048105186,F,49.18592036398048,73.24465908987568,49.324280536344816,73.67454307841179,v3-2026-07-30-trip-suppression-fix
l_264,,boundary,arterial,East,0.9321112319403448,1.7761329983359275,F,86.14738469613144,53.15862571255355,86.39147628717548,53.424371483755564,v3-2026-07-30-trip-suppression-fix
l_730,,inner,arterial,CBD,1.3530273988048258,4.077064800413712,F,71.4923297427907,62.51037667129816,71.60699851117133,62.8325792472721,v3-2026-07-30-trip-suppression-fix
l_468,,peripheral,arterial,West,0.2729630135116692,0.46542562425729017,C,9.096842275087386,22.166807835789175,10.396269420581742,21.89997852901745,v3-2026-07-30-trip-suppression-fix
l_1563,SH1N,peripheral,motorway,MWY,1.3333333333333333,0.3407830216595222,B,26.11703655265897,98.31416060340739,27.039409729875562,100,v3-2026-07-30-trip-suppression-fix
l_347,,peripheral,arterial,West,0.6662225183211192,2.3044644668350136,F,24.037733355692705,26.111121451821912,25.823146071098005,27.456912121633646,v3-2026-07-30-trip-suppression-fix
l_1567,SH1S,peripheral,motorway,MWY,0.4421052631578947,1.4464072647602626,F,81.77925355649629,11.050957234452639,84.96035184208625,7.938049165044866,v3-2026-07-30-trip-suppression-fix
l_1558,,peripheral,arterial,West,1.7565688355412425,8.794166927024053,F,59.470430093001035,47.37378724526861,59.58384565892624,47.50492640356332,v3-2026-07-30-trip-suppression-fix
l_354,,boundary,arterial,East,1.9402824188854155,6.92315821102787,F,86.93016873018497,50.81984247240323,86.98484093866688,50.25127140086294,v3-2026-07-30-trip-suppression-fix
l_707,,peripheral,arterial,West,0.4094445202675038,1.2195632068079858,F,18.59505976300408,13.751167999895477,20.12700620431193,14.317854676588565,v3-2026-07-30-trip-suppression-fix
l_667,,boundary,arterial,West,1.883386957545319,8.282684928570347,F,47.79573943349853,33.0819948251006,47.994307555970565,33.24051162456414,v3-2026-07-30-trip-suppression-fix
l_1614,,peripheral,arterial,East,1.785980056556035,3.2344077283651282,F,99.44258708063082,54.91198217464187,100.15026983076909,54.38532482947949,v3-2026-07-30-trip-suppression-fix
l_839,,peripheral,arterial,East,1.1259148057796962,1.981638780649679,F,116.80502461872207,21.859174218520465,117.19264731088153,21.662747971149678,v3-2026-07-30-trip-suppression-fix
l_1832,,peripheral,arterial,East,0.6990834239552587,5.435738694518285,F,66.96388474240788,26.864859614113108,66.9975920537754,27.512874366468814,v3-2026-07-30-trip-suppression-fix
l_370,,inner,arterial,CBD,1.4730252255569876,7.517304366934156,F,51.09034813211472,78.66904767131466,51.73275430312918,80.49505218483208,v3-2026-07-30-trip-suppression-fix
l_242,,peripheral,arterial,East,2.5657472738935216,10.480691913110695,F,119.59191969872163,37.18539433148002,121.55093622211334,38.473101832300074,v3-2026-07-30-trip-suppression-fix
l_1738,,inner,arterial,CBD,13.132181661846323,4.571512025615368,F,68.14211873833149,41.221235801942,68.65618163480687,43.15766605149279,v3-2026-07-30-trip-suppression-fix
l_622,,inner,arterial,CBD,0.7365126127784938,6.024715132581685,F,52.99486639803911,84.09342026471842,53.20093694328608,84.65719116161277,v3-2026-07-30-trip-suppression-fix
l_825,,inner,arterial,CBD,0.39489272081084636,1.3374522341873816,F,90.17255953019585,73.21886161028831,91.25286046529216,72.84749345694918,v3-2026-07-30-trip-suppression-fix
l_845,,peripheral,arterial,East,0.6990834239552587,8.43919149750372,F,67.98722386930352,29.30540746056039,68.30444702151331,30.00224808447742,v3-2026-07-30-trip-suppression-fix
l_1547,SH1S,peripheral,motorway,MWY,0.1894736842105263,2.1684698180215225,F,50.66224571336918,27.002525327591194,50.7546373797436,27.29811996730244,v3-2026-07-30-trip-suppression-fix
l_2197,SH1N,boundary,motorway,MWY,0.2,1.7074286692830076,F,49.18071646946679,64.67741504605605,49.19699130200595,64.37982714894805,v3-2026-07-30-trip-suppression-fix
l_694,,peripheral,arterial,East,2.2179096201829775,10.540091289630611,F,93.72385727497958,18.640274484382697,94.95698250858808,18.320087338639414,v3-2026-07-30-trip-suppression-fix
l_380,,peripheral,arterial,East,1.131648434552999,2.8316217469684553,F,80.6244308433964,29.66663004599746,82.2458068459828,29.17718161179631,v3-2026-07-30-trip-suppression-fix
l_1282,,peripheral,arterial,East,0.5933544303797469,9.144193433690695,F,73.7102919387007,74.28002372688447,74.27694113805138,74.35064640065049,v3-2026-07-30-trip-suppression-fix
l_222,,peripheral,arterial,West,1.1860051393556037,4.193264952440661,F,62.344034931930025,27.436435581392367,62.909256777284135,28.615194350702243,v3-2026-07-30-trip-suppression-fix
l_984,,inner,arterial,CBD,1.4268727705112962,9.942228542383965,F,80.78511428794562,72.36560725696413,81.5413821854528,72.10838629623474,v3-2026-07-30-trip-suppression-fix
l_744,,peripheral,arterial,West,0.34657039711191334,4.136134733906283,F,55.0507051747397,24.48955916017937,55.48533050156489,24.481572560118224,v3-2026-07-30-trip-suppression-fix
l_1559,,peripheral,arterial,West,0.7405578869414959,0.1711436481030247,A,59.36133610429514,47.24764500246948,59.58384565892624,47.50492640356332,v3-2026-07-30-trip-suppression-fix
l_218,,peripheral,arterial,West,0.9993337774816788,2.4898231734293907,F,35.80756246244468,34.923061707502754,37.76946365038845,36.400662033468386,v3-2026-07-30-trip-suppression-fix
l_2622,,peripheral,arterial,West,2.892960462873674,6.586401786393317,F,25.603129811711074,85.64827640784264,25.71027241241555,85.50503673443971,v3-2026-07-30-trip-suppression-fix
l_2512,SH1N,peripheral,motorway,MWY,0.2,1.8341232428122756,F,54.3168178838527,51.184848414248954,54.70977198784677,50.84656411511451,v3-2026-07-30-trip-suppression-fix
l_648,,boundary,arterial,East,2.029541098207239,5.525846042583835,F,74.64771262574864,70.88441532044997,75.05845412024367,71.93086614417015,v3-2026-07-30-trip-suppression-fix
l_1598,,peripheral,motorway,MWY,0.26666666666666666,1.7658218890003456,F,46.1774620258294,74.0024792413105,47.765118335675915,72.83828332406051,v3-2026-07-30-trip-suppression-fix
l_1566,,peripheral,arterial,East,2.187884589087926,8.973520659456314,F,97.15401521163456,56.32709926417492,97.17704338533345,55.8459450532657,v3-2026-07-30-trip-suppression-fix
l_509,,inner,arterial,CBD,0.9416934787726595,8.312617235943664,F,64.29276165623449,37.616559086629074,65.35616662209551,37.515893266219976,v3-2026-07-30-trip-suppression-fix
l_375,,peripheral,arterial,West,0.9552619009711829,1.9033763378097415,F,19.041731192325393,43.012392092370746,19.935796056810617,41.96912676686193,v3-2026-07-30-trip-suppression-fix
l_574,,peripheral,arterial,West,0.4163486225799736,4.3197361430335315,F,36.74356671280493,2.9608448381299683,36.899631159976956,3.174200817466635,v3-2026-07-30-trip-suppression-fix
l_316,,inner,arterial,CBD,1.1108368304122438,7.766713803842803,F,61.05782322301702,42.56789391289932,61.114056564192886,42.08038342879247,v3-2026-07-30-trip-suppression-fix
l_846,,peripheral,arterial,East,0.9701412094427078,5.82296005570464,F,75.35226787411736,26.710079365169303,76.10914760698414,27.66905318193299,v3-2026-07-30-trip-suppression-fix
l_519,,peripheral,arterial,East,1.5,7.672585605609069,F,105.29572910928577,19.019739429552253,106.02948398163464,19.897960726244897,v3-2026-07-30-trip-suppression-fix
l_1388,,boundary,arterial,East,1.902497027348395,6.257888426271358,F,77.52242411359285,73.47993121316404,77.83340157369706,73.34168527816092,v3-2026-07-30-trip-suppression-fix
l_1270,,peripheral,arterial,West,1.7565688355412425,8.788403871473227,F,59.58384565892624,47.50492640356332,60.005554820942166,47.992536583867455,v3-2026-07-30-trip-suppression-fix
l_634,,inner,arterial,CBD,0.4660556159701724,3.1526889827259703,F,89.27113355970832,56.28989760791533,89.69161946448213,56.687503918493874,v3-2026-07-30-trip-suppression-fix
l_129,,peripheral,arterial,West,2.1697203471552555,8.79727398586891,F,23.75937672001479,72.79039814014064,24.238027297717988,73.99785629994628,v3-2026-07-30-trip-suppression-fix
l_652,,peripheral,arterial,West,0.9079445145018916,8.053512616791236,F,30.45118311183978,66.56049963894581,30.711516231192693,66.52872323261263,v3-2026-07-30-trip-suppression-fix
l_469,,peripheral,arterial,West,0.6662225183211192,2.296306293422268,F,25.823146071098005,27.456912121633646,26.726973822938472,28.14311239205135,v3-2026-07-30-trip-suppression-fix
l_389,,inner,arterial,CBD,0.4660556159701724,2.012673052844938,F,74.17215607017293,39.29921543933476,74.37225085683323,39.53875972036199,v3-2026-07-30-trip-suppression-fix
l_2172,,boundary,arterial,West,6,8.678340105730074,F,49.65627609578162,60.48860823595705,50.204807783746894,60.06415870171038,v3-2026-07-30-trip-suppression-fix
l_527,,peripheral,arterial,East,2.936617994942491,4.2646834015957,F,90.9308499919602,57.85370365364385,91.75010104614312,58.64931212548191,v3-2026-07-30-trip-suppression-fix
l_363,,boundary,arterial,East,3.746877601998335,11.023976662979226,F,79.63778643398231,60.900545877044244,80.40402295935954,61.183673115387506,v3-2026-07-30-trip-suppression-fix
l_110,,peripheral,arterial,West,0.6245229338699604,4.428494771551678,F,44.95962645086957,8.864306542158666,45.35373687262401,9.019240444154503,v3-2026-07-30-trip-suppression-fix
l_1833,,peripheral,arterial,East,5.584858827179646,3.5782527305627454,F,72.79557261648976,77.72925969396898,73.0664042965219,78.26479248703758,v3-2026-07-30-trip-suppression-fix
l_908,,peripheral,arterial,West,0.42560737719453806,7.507353275547464,F,31.806077940362346,51.48217446681754,31.887082961168694,51.15638090157586,v3-2026-07-30-trip-suppression-fix
l_2142,SH1S,peripheral,motorway,MWY,0.25263157894736843,2.223325161929834,F,77.36887730735127,20.564812472397445,78.26055509412377,19.413212758880512,v3-2026-07-30-trip-suppression-fix
l_163,,peripheral,arterial,West,0.2729630135116692,1.1624912793817257,F,15.330500061785118,15.918605820140177,16.058494501113277,15.310789384286009,v3-2026-07-30-trip-suppression-fix
l_472,,peripheral,arterial,East,1.4070194637692488,8.880158009510636,F,70.11451282827578,46.77935180755179,70.2286731667003,47.07453781757526,v3-2026-07-30-trip-suppression-fix
l_703,,inner,arterial,CBD,3.368893879842785,4.738307601040385,F,61.71436455584005,46.33951391972756,62.86214392946015,48.45347848858139,v3-2026-07-30-trip-suppression-fix
l_710,,inner,arterial,CBD,1.7410228509249184,4.998617834973872,F,59.08157987052399,78.08989422446795,59.67908891499268,79.83562392620523,v3-2026-07-30-trip-suppression-fix
l_1438,,peripheral,arterial,East,0.6931407942238267,4.708190733314288,F,64.63327380845004,21.907902492300373,65.28320945797132,21.78782265927026,v3-2026-07-30-trip-suppression-fix
l_86,,inner,arterial,CBD,0.9321112319403448,2.1031007044653367,F,77.47989218787542,42.99480779658112,80.05201178107251,45.703972737526854,v3-2026-07-30-trip-suppression-fix
l_2240,,peripheral,arterial,West,0.4670351054720947,0.24296676150760121,A,51.58802133868618,51.33629838655588,51.84883066470468,51.33151127277691,v3-2026-07-30-trip-suppression-fix
l_2114,SH1N,peripheral,motorway,MWY,0.26666666666666666,1.9728425564313083,F,49.25662904563713,62.8922861108631,49.58751287920056,61.96732334357944,v3-2026-07-30-trip-suppression-fix
l_291,,peripheral,arterial,East,1.5,8.485458290319276,F,103.82181585288141,14.587758999822961,104.1709519148382,15.824492092970116,v3-2026-07-30-trip-suppression-fix
l_330,,peripheral,arterial,East,0.43917435221783047,4.102753639579032,F,96.75562082743154,12.178642547299837,97.53388054729031,11.947968259590294,v3-2026-07-30-trip-suppression-fix
l_2326,,peripheral,arterial,East,1.293521612590277,6.811248075752258,F,87.18797964508035,47.13945006673204,87.38651955673964,46.86865892342196,v3-2026-07-30-trip-suppression-fix
l_713,,inner,arterial,CBD,0.9512485136741975,9.921574769639951,F,82.4058292623274,71.82213525310672,82.6434266360946,71.7366612555506,v3-2026-07-30-trip-suppression-fix
l_343,,peripheral,arterial,West,2.037351443123939,0.9690895622457996,E,54.790414310606764,39.87236972272349,55.07493113486969,39.97524862667511,v3-2026-07-30-trip-suppression-fix
l_234,,inner,arterial,CBD,0.4660556159701724,1.8395815837092124,F,75.32726555570973,40.62921196747983,75.63802827473823,40.974817400909345,v3-2026-07-30-trip-suppression-fix
l_870,,inner,arterial,CBD,0.8705114254624592,5.710163368920509,F,57.75020030647787,74.27662008917515,57.91131055695978,74.76013394499716,v3-2026-07-30-trip-suppression-fix
l_686,,inner,arterial,CBD,0.6990834239552587,3.4752578892773256,F,86.8129537423639,53.876017915405704,87.58820297558253,54.64542969440714,v3-2026-07-30-trip-suppression-fix
l_2643,,peripheral,arterial,West,0.2081743112899868,0.5725750091201927,C,53.90323809115761,11.75416517278411,54.22918699067504,11.748176452690043,v3-2026-07-30-trip-suppression-fix
l_381,,peripheral,arterial,East,1.162715586848395,7.189551257163757,F,106.49109268072078,46.970172440998155,106.78377288492112,46.34310863502439,v3-2026-07-30-trip-suppression-fix
l_862,,peripheral,arterial,West,0.7365126127784938,6.49690906689866,F,45.080153375260146,65.15795934813434,45.237260838842545,65.42534446586146,v3-2026-07-30-trip-suppression-fix
l_387,,peripheral,arterial,East,9.87045033929673,21.74399105548979,F,103.18948378490988,16.815721678574068,103.69986891686158,17.373785672682526,v3-2026-07-30-trip-suppression-fix
l_2199,,inner,arterial,CBD,0.7897854416216927,1.1090929534760163,F,91.75179527385082,72.7841909472288,92.63746775162757,72.4704767357421,v3-2026-07-30-trip-suppression-fix
l_2155,,inner,motorway,MWY,0.26666666666666666,0.43814855325322716,B,55.472969690872716,35.61668455953831,55.63837242127506,35.15419638640701,v3-2026-07-30-trip-suppression-fix
l_758,,peripheral,arterial,East,0.8774495466510676,0.46680510762297833,C,70.79589712499272,14.253880412658324,70.95700150242646,14.737385387322133,v3-2026-07-30-trip-suppression-fix
l_895,,peripheral,arterial,West,0.6384110657918071,7.445705582864946,F,31.300284191441023,53.54540039863491,31.502800738853786,52.730917123186046,v3-2026-07-30-trip-suppression-fix
l_1791,,peripheral,arterial,East,0.8204567209079722,6.356731969759434,F,110.57159276244305,58.24540056785427,111.65884730143536,58.25216504933287,v3-2026-07-30-trip-suppression-fix
l_2306,SH16,peripheral,motorway,MWY,0.8470588235294119,2.347049231085716,F,32.69477780582291,9.764417161929732,39.6214504225471,15.286252137861545,v3-2026-07-30-trip-suppression-fix
l_442,,peripheral,arterial,East,1.8697413524462447,8.374913273861733,F,119.1538986518475,61.409599787911716,119.94698244307746,60.800198697541475,v3-2026-07-30-trip-suppression-fix
l_704,,peripheral,arterial,West,1.064018442986345,7.980456772814253,F,40.92520043647218,37.77531825608538,42.01968492798666,36.998545569161564,v3-2026-07-30-trip-suppression-fix
l_449,,boundary,arterial,East,0.832523935063133,4.780445348616145,F,92.86029647311842,52.87205231936362,93.13279881840661,52.326464706958575,v3-2026-07-30-trip-suppression-fix
l_231,,peripheral,arterial,West,0.2729630135116692,1.186440818790316,F,31.49095255807371,18.81318911534808,32.45451668578015,19.200983829058003,v3-2026-07-30-trip-suppression-fix
l_970,,boundary,arterial,West,1.0778443113772456,9.281244915492321,F,47.87113021863731,64.40413492993997,48.13145905757613,64.37233652928282,v3-2026-07-30-trip-suppression-fix
l_2158,SH16,peripheral,motorway,MWY,0.1411764705882353,0.8849535246665293,D,84.08931759086086,43.007705641182994,84.28773435652593,43.245213502604585,v3-2026-07-30-trip-suppression-fix
l_226,,peripheral,arterial,East,0.43917435221783047,4.266904529970816,F,86.5916285183731,15.015838603926118,87.0030007275946,14.92713592971127,v3-2026-07-30-trip-suppression-fix
l_2012,,boundary,arterial,West,0.8900316455696203,6.556174026978037,F,59.6653422868612,69.64693644363454,60.385120072702094,69.7688333866943,v3-2026-07-30-trip-suppression-fix
l_1367,,inner,arterial,CBD,0.47084673938632976,4.105411630990349,F,58.14789152607042,38.02692282139855,58.6932002835808,38.125001577171155,v3-2026-07-30-trip-suppression-fix
l_1365,,peripheral,arterial,East,3,8.662120573031446,F,104.31538306862423,17.740704362018587,104.75050162513983,17.759631560391824,v3-2026-07-30-trip-suppression-fix
l_94,,peripheral,arterial,West,0.7906700929037359,4.126031984395766,F,60.81895765673793,24.896991468599357,61.644942170756366,26.070954320036822,v3-2026-07-30-trip-suppression-fix
l_642,,peripheral,arterial,East,0.6467608062951385,2.126288531107001,F,84.56480800990667,40.512457308664516,84.72395627478791,40.887883293181325,v3-2026-07-30-trip-suppression-fix
l_849,,peripheral,arterial,East,3.3268644302744663,10.551705890224051,F,90.45857619154758,19.56571370973003,92.27492744700248,19.04553860649214,v3-2026-07-30-trip-suppression-fix
l_352,,inner,arterial,CBD,1.415261233636042,8.036350370141779,F,72.51495436720664,48.43773914186577,72.82172612412494,48.56721059511827,v3-2026-07-30-trip-suppression-fix
l_321,,inner,arterial,CBD,1.1108368304122438,8.304945846000932,F,61.33998282410627,40.18437565633962,61.37497975915521,39.724282174557786,v3-2026-07-30-trip-suppression-fix
l_1807,,peripheral,arterial,East,1.260107109104274,4.11804772790048,F,84.69935380385046,43.07749278340039,84.74751293230132,42.15769708901985,v3-2026-07-30-trip-suppression-fix
l_2458,SH1N,boundary,motorway,MWY,0.4,2.6045665988580775,F,55.196227636265796,50.10791671258873,56.236816790672194,48.764506272463414,v3-2026-07-30-trip-suppression-fix
l_40,,peripheral,arterial,West,0.4094445202675038,1.1728048904712618,F,35.35958411076192,21.14784221539322,36.57656347597873,22.314748875087535,v3-2026-07-30-trip-suppression-fix
l_429,,peripheral,arterial,East,0.7544322897019992,2.706817858454144,F,82.2458068459828,29.17718161179631,82.67843979627918,29.061069090508706,v3-2026-07-30-trip-suppression-fix
l_333,,inner,arterial,CBD,1.415261233636042,8.050239403370357,F,73.54693843134346,48.98625010753081,74.22918563108018,49.43310691861998,v3-2026-07-30-trip-suppression-fix
l_1279,,inner,arterial,CBD,0.7405578869414959,0.34347046943135023,B,60.80340898776484,48.81567933866933,60.98773892815765,49.37984309580079,v3-2026-07-30-trip-suppression-fix
l_326,,peripheral,arterial,East,1.293521612590277,5.44820130284673,F,72.14670202358586,19.120755876282022,72.37850218358771,19.900247069732195,v3-2026-07-30-trip-suppression-fix
l_1802,,boundary,arterial,East,1.7800632911392407,10.287563659551301,F,66.40670416572556,70.87420248505744,66.86615578697338,71.0278983461379,v3-2026-07-30-trip-suppression-fix
l_1289,,inner,arterial,CBD,1.415261233636042,8.174618367337322,F,76.30744747190126,52.47575326682963,76.47558903030958,53.337496176667955,v3-2026-07-30-trip-suppression-fix
l_47,,peripheral,arterial,East,1.8697413524462447,7.988843540224659,F,121.88622266419952,47.088396993059845,122.05703166725341,45.760889409575576,v3-2026-07-30-trip-suppression-fix
l_1542,,peripheral,arterial,East,1.9402824188854155,5.9830595335484595,F,73.74610467426228,24.49653852502229,73.76033762530636,24.090877441188407,v3-2026-07-30-trip-suppression-fix
l_886,,peripheral,arterial,East,1.2828736369467608,10.625053291633082,F,115.3515094006383,34.8051317165802,115.90088706272924,35.11920004960792,v3-2026-07-30-trip-suppression-fix
l_976,,peripheral,arterial,East,0.43917435221783047,4.091748842878779,F,95.78329677286504,12.493998602727025,96.28007275745321,12.322610633864773,v3-2026-07-30-trip-suppression-fix
l_663,,boundary,arterial,East,1.6409134418159443,5.263569453511148,F,115.11652217168017,63.624565329399076,115.22481130650839,64.07750355878663,v3-2026-07-30-trip-suppression-fix
l_210,,peripheral,arterial,West,0.9993337774816788,2.4336242284194993,F,29.923016089908046,30.544188691556855,31.906070901338584,31.994428180032507,v3-2026-07-30-trip-suppression-fix
l_2654,,boundary,arterial,East,0.43914220888531064,1.4850844444151656,F,70.51057471752485,71.74450261872121,71.14964306506519,73.38133209010323,v3-2026-07-30-trip-suppression-fix
l_864,,inner,arterial,CBD,6,15.35810349543518,F,86.38854363352799,62.640487868716285,86.8804357530255,62.198954227882396,v3-2026-07-30-trip-suppression-fix
l_176,,peripheral,arterial,West,0.6245229338699604,4.315346496582384,F,35.78496267608044,1.6540867439188676,36.31982331112578,2.374015974173621,v3-2026-07-30-trip-suppression-fix
l_596,,boundary,arterial,West,0.51985559566787,6.762462763229812,F,48.613002687591845,31.418397879223342,48.738428674370375,31.14583354077801,v3-2026-07-30-trip-suppression-fix
l_2378,,peripheral,arterial,West,0.8512147543890761,7.431194317821214,F,29.27796259617457,65.4197771837638,29.48889096285736,66.2537412667525,v3-2026-07-30-trip-suppression-fix
l_281,,peripheral,arterial,West,0.2729630135116692,1.4465435100674002,F,28.5578100243917,17.70460642082063,29.192934738117824,17.963277779906274,v3-2026-07-30-trip-suppression-fix
l_2515,,peripheral,motorway,MWY,0.4,2.3907882130018603,F,54.84337716773664,36.84443996626127,55.26012197672294,35.86383299864734,v3-2026-07-30-trip-suppression-fix
l_67,,peripheral,arterial,East,1.162715586848395,5.378118137388793,F,112.90643392091758,29.607549191535874,113.17528008776863,31.197116002251,v3-2026-07-30-trip-suppression-fix
l_1413,,peripheral,arterial,West,0.5904736911166514,2.612460105096951,F,52.66608875196017,23.668517093456877,52.70507672282904,23.424563417703144,v3-2026-07-30-trip-suppression-fix
l_185,,inner,arterial,CBD,1.3530273988048258,3.99856474650807,F,71.60699851117133,62.8325792472721,71.88080660841018,63.530216875278064,v3-2026-07-30-trip-suppression-fix
l_1422,,inner,arterial,CBD,1.8760259516923319,8.885164902501423,F,69.48926630462122,44.70984221584518,69.92317004128877,45.83695339836799,v3-2026-07-30-trip-suppression-fix
l_2058,,peripheral,arterial,East,0.4660556159701724,0.42130766142821235,B,82.09757664711329,48.15258459901358,82.25720365208501,48.63876155247826,v3-2026-07-30-trip-suppression-fix
l_930,,peripheral,arterial,West,0.33664366268305,0.8528888375205068,E,4.656304385650536,68.51598354152654,5.1665294951604706,69.07428324444726,v3-2026-07-30-trip-suppression-fix
l_101,,peripheral,arterial,West,0.4163486225799736,4.962833723865793,F,59.782838745666176,15.862190012256894,60.32709458729514,15.906228114512503,v3-2026-07-30-trip-suppression-fix
l_1236,,boundary,arterial,East,0.39489272081084636,3.0748281319496753,F,110.70935067585489,64.45898202738962,111.07633431675083,64.31701017505766,v3-2026-07-30-trip-suppression-fix
l_906,,peripheral,arterial,West,0.6384110657918071,7.469503951157152,F,30.22988037189786,58.024260059792724,30.431418608881398,57.15574394736645,v3-2026-07-30-trip-suppression-fix
l_319,,boundary,arterial,West,1.4811157738829919,8.270428163123647,F,61.37497975915521,39.724282174557786,61.485947554636255,38.66820890128607,v3-2026-07-30-trip-suppression-fix
l_1755,,boundary,arterial,East,1.0609610538879801,11.921762731449904,F,95.74632100581695,53.737403387899974,96.16832299466648,54.21604884802822,v3-2026-07-30-trip-suppression-fix
l_911,,peripheral,arterial,West,0.6384110657918071,7.458772387162986,F,31.017252115828647,54.712693693058014,31.220265366614058,53.925228020327886,v3-2026-07-30-trip-suppression-fix
l_705,,boundary,arterial,West,1.0778443113772456,6.046170763811017,F,50.30450507132741,64.30546332118806,50.95607117321234,64.2664848685918,v3-2026-07-30-trip-suppression-fix
l_832,,peripheral,arterial,West,0.2729630135116692,1.222982068138268,F,33.37412857840073,19.562551042555498,34.12039286685029,19.954308666811688,v3-2026-07-30-trip-suppression-fix
l_1834,,peripheral,motorway,MWY,0.26666666666666666,3.398948589319709,F,84.08931759086086,43.007705641182994,84.55624162921892,43.566620758211755,v3-2026-07-30-trip-suppression-fix
l_689,,inner,arterial,CBD,1.9577453299616607,5.75650388581918,F,91.21750506930572,65.09151821134026,92.70736870500535,63.3612164894368,v3-2026-07-30-trip-suppression-fix
l_566,,peripheral,arterial,East,0.7751437245655965,7.368775408139502,F,104.31439149020592,51.497118173635656,104.58686244580402,50.95151444630391,v3-2026-07-30-trip-suppression-fix
l_844,,peripheral,arterial,East,0.6467608062951385,5.548742339380697,F,72.63653273477681,20.922492786809368,72.7072231246955,21.218479863717985,v3-2026-07-30-trip-suppression-fix
l_1743,,inner,arterial,CBD,0.5923390812162695,2.89351699292746,F,95.99167030038294,70.43530732536722,96.91275782413499,69.68849071544473,v3-2026-07-30-trip-suppression-fix
l_858,,peripheral,arterial,West,0.2729630135116692,1.3835099488069418,F,24.35348389889819,16.024582852657694,24.66017545711453,16.154123118891604,v3-2026-07-30-trip-suppression-fix
l_237,,boundary,arterial,East,0.7062701090794946,8.358624917387973,F,65.35616662209551,37.515893266219976,65.79131874330855,37.53490327907167,v3-2026-07-30-trip-suppression-fix
l_1862,,peripheral,arterial,East,3.723239218119764,1.301566885582118,F,71.68178620758258,75.26593663860208,72.79557261648976,77.72925969396898,v3-2026-07-30-trip-suppression-fix
l_741,,peripheral,arterial,East,0.9701412094427078,5.927742229072785,F,77.49053491244558,29.481333655634618,77.93568061832971,30.040664160078066,v3-2026-07-30-trip-suppression-fix
l_1385,,peripheral,arterial,East,1,7.661407110680463,F,104.77878406151197,18.1104530851749,104.98192100158795,18.512073020220274,v3-2026-07-30-trip-suppression-fix
l_1082,,boundary,arterial,East,0.7733619763694952,7.237940459191521,F,66.01824350958259,69.85435293678233,66.26880810419661,70.4713459349989,v3-2026-07-30-trip-suppression-fix
l_1922,,inner,arterial,CBD,3.7520519033846638,6.847372502101327,F,68.14211873833149,41.221235801942,68.32163841459146,41.946773873519945,v3-2026-07-30-trip-suppression-fix
l_307,,peripheral,arterial,West,2.2095378383354816,6.5789738138446685,F,44.95709574338472,64.37645100693896,44.99560781838119,64.10548271931862,v3-2026-07-30-trip-suppression-fix
l_1441,SH1N,peripheral,motorway,MWY,0.3333333333333333,1.9209151489306444,F,49.46543214955634,61.239851465623666,50.157972579024026,58.55544635747299,v3-2026-07-30-trip-suppression-fix
l_2220,,peripheral,arterial,West,1.2105926860025222,8.257301171939174,F,43.80164882948441,64.20842743249491,44.525203955014334,64.03438930089531,v3-2026-07-30-trip-suppression-fix
l_607,,peripheral,arterial,West,0.4163486225799736,4.333620348569519,F,37.1450881745734,3.5210531146608828,37.458209591611435,4.001798971551008,v3-2026-07-30-trip-suppression-fix
l_2151,,peripheral,motorway,MWY,0.2,2.0226088671543336,F,49.65627609578162,60.48860823595705,49.79450913135496,59.94446400638409,v3-2026-07-30-trip-suppression-fix
l_660,,peripheral,arterial,East,0.7544322897019992,6.5080041976367395,F,86.45239586908485,16.883257353917134,86.56957610829535,17.340539282249114,v3-2026-07-30-trip-suppression-fix
l_160,,boundary,arterial,East,0.3090632807067247,0.43141657557235774,C,124.31030574758968,63.907819662821275,125.15647675845219,63.810915565916524,v3-2026-07-30-trip-suppression-fix
l_1433,,peripheral,arterial,East,1.2464942349641632,9.757591080004628,F,122.82818490837029,40.50326529216379,123.03438018628611,39.904819178716544,v3-2026-07-30-trip-suppression-fix
l_1001,,peripheral,arterial,East,0.5,0.2384034217666266,A,65.26011095717408,17.004557053778175,65.64228032759982,16.51103773392799,v3-2026-07-30-trip-suppression-fix
l_388,,peripheral,arterial,East,6.169031462060456,21.684297067270105,F,102.5472068574894,16.179030222583442,103.18948378490988,16.815721678574068,v3-2026-07-30-trip-suppression-fix
l_151,,peripheral,arterial,West,0.8326972451599473,4.402691580036974,F,40.054532155523674,6.900156083874466,41.986055435263715,7.918815309245112,v3-2026-07-30-trip-suppression-fix
l_2597,,inner,arterial,CBD,0.5923390812162695,3.0602164156602703,F,104.14149649928248,66.71636251607733,105.39462072232304,66.28764968796823,v3-2026-07-30-trip-suppression-fix
l_1284,,peripheral,motorway,MWY,0,0,A,54.71696039624606,37.06297351264424,54.84337716773664,36.84443996626127,v3-2026-07-30-trip-suppression-fix
l_1885,SH1N,peripheral,motorway,MWY,0.4,1.7247876917236098,F,25.292236175241566,90.0591968779582,27.578237516808805,87.82842725419826,v3-2026-07-30-trip-suppression-fix
l_2106,,peripheral,arterial,East,0.6467608062951385,6.784226053032433,F,87.16541261073924,45.92367104709976,87.32271143390261,46.45025432071065,v3-2026-07-30-trip-suppression-fix
l_1742,,inner,arterial,CBD,0.39489272081084636,0.10290210995903232,A,94.01955939567458,71.95836419580954,94.75760518399456,71.37811824789006,v3-2026-07-30-trip-suppression-fix
l_1452,,inner,arterial,CBD,9.788726649808304,6.197999609446304,F,89.77142609073935,68.0101659520379,90.45208248829778,66.02461078086631,v3-2026-07-30-trip-suppression-fix
l_244,,inner,arterial,CBD,1.4268727705112962,9.983190663788758,F,82.6434266360946,71.7366612555506,83.50686915978318,71.39637099102198,v3-2026-07-30-trip-suppression-fix
l_2678,SH1N,boundary,motorway,MWY,0.4,1.832965726587668,F,52.461123624879754,53.88777790301099,54.3168178838527,51.184848414248954,v3-2026-07-30-trip-suppression-fix
l_371,,inner,arterial,CBD,0.4660556159701724,3.1402702007656993,F,89.69161946448213,56.687503918493874,90.26675970772055,57.217375824468164,v3-2026-07-30-trip-suppression-fix
l_2146,SH16,peripheral,motorway,MWY,0.2823529411764706,2.340632607527627,F,41.72647698632038,17.463874582806305,42.07703134939467,17.925744322197218,v3-2026-07-30-trip-suppression-fix
l_1453,,inner,arterial,CBD,1.1906533710373568,7.8035410308677555,F,95.50635967892894,57.20126775137313,95.97547989031678,56.7060801811761,v3-2026-07-30-trip-suppression-fix
l_1769,SH1N,peripheral,motorway,MWY,0.3333333333333333,2.7246872868764833,F,62.370841689415734,31.246673889014883,64.02685857431082,31.180652193133124,v3-2026-07-30-trip-suppression-fix
l_2074,SH16,peripheral,motorway,MWY,0.35294117647058826,1.1918289894434961,F,22.271976491346617,9.170827394449766,24.505677855443885,8.886879360120584,v3-2026-07-30-trip-suppression-fix
l_178,,peripheral,arterial,West,1.54182191956829,12.220020182939438,F,19.947982144973768,84.3728949178436,20.00482212866559,83.91241743811356,v3-2026-07-30-trip-suppression-fix
l_625,,inner,arterial,CBD,0.7365126127784938,6.9126397497987835,F,51.73275430312918,80.49505218483208,51.984776202617375,81.19311260890247,v3-2026-07-30-trip-suppression-fix
l_2141,SH1S,peripheral,motorway,MWY,0.3157894736842105,2.259897343061851,F,75.80802843546739,21.972011158945016,77.36887730735127,20.564812472397445,v3-2026-07-30-trip-suppression-fix
l_929,,peripheral,arterial,West,0.2586541363107298,0.5186511579698441,C,34.56995437969109,0,34.62883258515349,0.24283073432664268,v3-2026-07-30-trip-suppression-fix
l_1904,,boundary,arterial,West,1.2768221315836141,4.12233462590741,F,46.4627385408681,33.89019902651251,47.59617876818396,32.86944332563377,v3-2026-07-30-trip-suppression-fix
l_269,,peripheral,arterial,West,2.0198619760983,7.886867678036002,F,23.242681989488776,71.88091929891863,23.543043514611877,71.65924041003223,v3-2026-07-30-trip-suppression-fix
l_977,,peripheral,arterial,West,1.0756543564001435,7.811862215017495,F,34.320858529040066,4.788884331062761,34.54057727193056,3.730841017458006,v3-2026-07-30-trip-suppression-fix
l_2216,,peripheral,arterial,West,0.7365126127784938,6.506151977349213,F,44.95709574338472,64.37645100693896,44.96453376525631,64.78170908055317,v3-2026-07-30-trip-suppression-fix
l_1371,,boundary,arterial,East,0.9380129758461659,8.888249629725573,F,69.90742739754064,46.16156154953552,69.92317004128877,45.83695339836799,v3-2026-07-30-trip-suppression-fix
l_880,,boundary,arterial,West,1.260107109104274,2.763507985395925,F,57.70866742258504,62.57496723655643,58.61557679123506,62.23398134375334,v3-2026-07-30-trip-suppression-fix
l_139,,peripheral,arterial,East,1.5,8.7204470187478,F,103.42418459583601,13.081660248598487,103.75158598639847,14.318798401960558,v3-2026-07-30-trip-suppression-fix
l_335,,peripheral,arterial,West,0.6662225183211192,2.1765458317524655,F,16.412330261336795,20.4123017194454,18.153196678252467,21.70491167062366,v3-2026-07-30-trip-suppression-fix
l_1988,,boundary,arterial,East,1.9577453299616607,1.075342588586499,F,90.35462429295049,66.30890785708459,90.45208248829778,66.02461078086631,v3-2026-07-30-trip-suppression-fix
l_818,,peripheral,arterial,West,0.4163486225799736,4.326179505310519,F,37.458209591611435,4.001798971551008,37.703173131629995,4.321633367633035,v3-2026-07-30-trip-suppression-fix
l_358,,boundary,arterial,East,9.906828635452294,6.239442885596304,F,65.84798720220324,53.560550321934564,67.59393633821429,55.0959178438143,v3-2026-07-30-trip-suppression-fix
l_95,,boundary,arterial,East,2.874251497005988,5.254547897100655,F,66.79143678056333,64.62401159445204,67.69934011712195,64.33702041749164,v3-2026-07-30-trip-suppression-fix
l_2215,SH1N,boundary,motorway,MWY,0.13333333333333333,0.9071089346530973,E,49.25662904563713,62.8922861108631,49.497206459126,62.96895336227439,v3-2026-07-30-trip-suppression-fix
l_271,,peripheral,arterial,West,1.03971119133574,4.706932420818636,F,60.26552505066133,23.177481659503353,60.80631266333057,23.0323980143972,v3-2026-07-30-trip-suppression-fix
l_1722,,inner,arterial,CBD,6.566090830923161,9.227284137986723,F,68.65618163480687,43.15766605149279,69.02088481341899,44.06984268875535,v3-2026-07-30-trip-suppression-fix
l_1561,,peripheral,arterial,West,30,17.27217059048208,F,47.765118335675915,72.83828332406051,48.84250379985112,72.305034748848,v3-2026-07-30-trip-suppression-fix
l_1843,,peripheral,arterial,East,1.3981668479105174,5.45057742101269,F,65.5419863242516,21.674948605585637,65.89837991321727,22.459408351024813,v3-2026-07-30-trip-suppression-fix
l_919,,peripheral,arterial,East,1.4125402181589892,6.925937262122601,F,66.5307284376244,37.54830611452319,66.81325321532405,37.54309989421768,v3-2026-07-30-trip-suppression-fix
l_96,,peripheral,arterial,West,1.3465746507322,8.146757605773914,F,26.2650441370088,69.50161069839838,28.130890312861954,68.08926229466695,v3-2026-07-30-trip-suppression-fix
l_2472,,inner,arterial,CBD,2.520214218208548,2.331901513411916,F,59.89578389608564,61.716984700024234,60.98902377665546,61.24441366475997,v3-2026-07-30-trip-suppression-fix
l_73,,peripheral,arterial,West,0.5459260270233384,1.4983474472826832,F,47.17582294646184,32.47175549958748,47.59617876818396,32.86944332563377,v3-2026-07-30-trip-suppression-fix
l_305,,peripheral,arterial,East,1.162715586848395,7.083799694008365,F,108.33206225929015,43.09809350593113,109.10643985620608,41.48908945611932,v3-2026-07-30-trip-suppression-fix
l_1886,SH1N,peripheral,motorway,MWY,0.2,1.6408086229052696,F,24.975534360902035,90.57846158438335,25.292236175241566,90.0591968779582,v3-2026-07-30-trip-suppression-fix
l_1313,,inner,arterial,CBD,0.39489272081084636,0.2768980716244966,B,81.08005577299889,76.54926355530483,82.13865149724165,76.17834579272612,v3-2026-07-30-trip-suppression-fix
l_983,,peripheral,arterial,West,0.7365126127784938,6.492056019591441,F,45.418087921472434,65.80040013292222,45.5524687978586,66.0141487790403,v3-2026-07-30-trip-suppression-fix
l_971,,inner,arterial,CBD,0.9380129758461659,10.03440916343758,F,66.73779684919414,38.16609945018584,66.89691065895856,38.541538023179406,v3-2026-07-30-trip-suppression-fix
l_34,,peripheral,arterial,West,1.3324450366422385,2.2339370909922702,F,14.363812522100684,18.936088409652413,15.26658007706328,19.568302020942355,v3-2026-07-30-trip-suppression-fix
l_528,,inner,arterial,CBD,1.6844469399213926,4.956057259833902,F,61.4001317421166,45.80476742262413,61.71436455584005,46.33951391972756,v3-2026-07-30-trip-suppression-fix
l_495,,peripheral,arterial,West,0.6732873253661,0.913092715888436,E,5.1665294951604706,69.07428324444726,6.229478036781848,70.136056771095,v3-2026-07-30-trip-suppression-fix
l_974,,peripheral,arterial,East,0.6587615283267457,4.253149530805565,F,87.0030007275946,14.92713592971127,88.17041892584936,14.58117929111355,v3-2026-07-30-trip-suppression-fix
l_444,,peripheral,arterial,East,1.8697413524462447,8.397995197312637,F,120.08090534935732,57.50042770533528,120.10163903852856,58.608139274735734,v3-2026-07-30-trip-suppression-fix
l_637,,inner,arterial,CBD,1.4683089974712455,4.974074449829318,F,92.70736870500535,63.3612164894368,93.29637699962102,62.29625381690608,v3-2026-07-30-trip-suppression-fix
l_793,,peripheral,arterial,West,0.7365126127784938,6.489093708356427,F,45.237260838842545,65.42534446586146,45.418087921472434,65.80040013292222,v3-2026-07-30-trip-suppression-fix
l_2,,peripheral,arterial,East,28.772378516624045,9.725717420371879,F,62.61075366145854,54.863368946849434,63.668765861908625,54.46552494747484,v3-2026-07-30-trip-suppression-fix
l_678,,peripheral,arterial,West,1.54182191956829,12.559157101116636,F,21.014033014049886,76.05648641136715,21.052086662157677,75.75850669401079,v3-2026-07-30-trip-suppression-fix
l_1870,SH16,peripheral,motorway,MWY,0.21176470588235297,2.077549361630463,F,46.71461786604591,22.750719440385005,46.92062178451132,23.314496123849654,v3-2026-07-30-trip-suppression-fix
l_523,,peripheral,arterial,West,0.8512147543890761,7.967278612786502,F,36.07400585958431,41.16126095151418,37.08307946971042,40.46715633657881,v3-2026-07-30-trip-suppression-fix
l_2086,SH16,peripheral,motorway,MWY,0,0,A,87.10723249870696,46.303121187806425,87.56965794537385,46.61887411575979,v3-2026-07-30-trip-suppression-fix
l_2269,,inner,arterial,CBD,4.69006487923083,5.2536428579900845,F,67.5595949665603,40.2860462028036,68.14211873833149,41.221235801942,v3-2026-07-30-trip-suppression-fix
l_188,,peripheral,arterial,West,0.9364026531408505,2.1893057808637018,F,36.278057499793505,42.80613344039605,36.847573293286096,43.038958409692896,v3-2026-07-30-trip-suppression-fix
l_649,,inner,arterial,CBD,2.029541098207239,5.505971572227839,F,74.18950563897673,69.6226280580766,74.64771262574864,70.88441532044997,v3-2026-07-30-trip-suppression-fix
l_2398,,peripheral,motorway,MWY,0.26666666666666666,1.806276654320386,F,79.90368016202991,15.40991759887411,80.17215321679737,14.648206455008307,v3-2026-07-30-trip-suppression-fix
l_496,,peripheral,arterial,West,0.6732873253661,1.3634977223458429,F,14.297729047333547,72.61116249408158,15.3217889430515,72.72768638765986,v3-2026-07-30-trip-suppression-fix
l_773,,inner,arterial,CBD,1.1047689191677408,8.727981869157075,F,49.4389192227232,73.99675673960067,49.91971022613255,75.31222940789276,v3-2026-07-30-trip-suppression-fix
l_233,,inner,arterial,CBD,0.9321112319403448,2.256257454187297,F,80.05201178107251,45.703972737526854,81.01008786227239,46.95650418119253,v3-2026-07-30-trip-suppression-fix
l_2171,,peripheral,arterial,West,1.54182191956829,11.66681069145455,F,19.91921230880739,86.37334853398386,19.926106752739194,86.75158827521348,v3-2026-07-30-trip-suppression-fix
l_248,,peripheral,arterial,East,3.100574898262386,5.358879621698534,F,111.16442414012288,25.964389511923958,111.54850085396642,26.741005480237508,v3-2026-07-30-trip-suppression-fix
l_1079,,boundary,arterial,East,0.8929900282780175,8.002877868178219,F,96.4658299357641,56.18347061928901,96.91823777215785,55.95885743573806,v3-2026-07-30-trip-suppression-fix
l_2180,SH1S,peripheral,motorway,MWY,0.25263157894736843,3.095940499102022,F,70.98572173256585,26.8717716188427,71.30370240226385,26.433479853153397,v3-2026-07-30-trip-suppression-fix
l_2311,,peripheral,arterial,East,0.6990834239552587,5.387338490127638,F,65.89089981224126,22.911738372471945,66.03076556977601,23.422664512182614,v3-2026-07-30-trip-suppression-fix
l_2322,,peripheral,motorway,MWY,0.4,2.386311990167012,F,55.13420368523813,36.10938411357112,55.26012197672294,35.86383299864734,v3-2026-07-30-trip-suppression-fix
l_1096,,peripheral,arterial,East,1.3175230566534915,4.506301942549127,F,66.1409750809709,21.15040717403214,67.10689087911975,20.48396774984945,v3-2026-07-30-trip-suppression-fix
l_1867,,inner,arterial,CBD,0.658713313327966,3.369982253250387,F,66.12130419645351,60.122941141567935,66.46478413796704,61.06253952553714,v3-2026-07-30-trip-suppression-fix
l_54,,boundary,arterial,West,0.7062701090794946,4.243563267081416,F,55.7186490833935,37.152675638354886,56.484763047102184,37.4358875262841,v3-2026-07-30-trip-suppression-fix
l_991,,peripheral,arterial,East,0.9701412094427078,5.912202809240315,F,77.22274817919336,29.10791067568746,77.49053491244558,29.481333655634618,v3-2026-07-30-trip-suppression-fix
l_2461,,peripheral,motorway,MWY,0.2,1.8174816154693647,F,79.80053627693036,15.709118076540907,79.90368016202991,15.40991759887411,v3-2026-07-30-trip-suppression-fix
l_107,,boundary,arterial,East,11.069381300652303,7.201228365707575,F,66.18877609814999,36.6897596250006,66.5307284376244,37.54830611452319,v3-2026-07-30-trip-suppression-fix
l_431,,peripheral,arterial,East,0.7544322897019992,2.6697178298271744,F,82.67843979627918,29.061069090508706,83.65086001678152,28.74577789752999,v3-2026-07-30-trip-suppression-fix
l_3,,peripheral,arterial,West,0.6931407942238267,4.139727433745603,F,55.91896071120116,24.419550473893427,57.627765842110215,23.955714238105273,v3-2026-07-30-trip-suppression-fix
l_1756,,inner,arterial,CBD,2.4979184013322233,1.1428903847707368,F,78.76087524176054,60.51135513019895,79.24505232266196,60.82672526593426,v3-2026-07-30-trip-suppression-fix
l_2227,SH1N,peripheral,motorway,MWY,0.4666666666666667,1.758981435713779,F,33.058111487828576,81.89081997784211,35.90168045373832,79.24437655458021,v3-2026-07-30-trip-suppression-fix
l_714,,peripheral,arterial,West,0.2729630135116692,1.3154263507848905,F,21.944412559906883,15.041487566721257,22.338514977887286,15.196464898997053,v3-2026-07-30-trip-suppression-fix
l_81,,peripheral,arterial,West,0.4094445202675038,1.2301370361947772,F,44.67545346620091,30.0852133826215,45.427731500137845,30.801139189057874,v3-2026-07-30-trip-suppression-fix
l_1013,,boundary,arterial,East,10,27.149252873109276,F,92.79408265927084,69.19735448919624,93.11445522620902,70.05626400761284,v3-2026-07-30-trip-suppression-fix
l_2205,,peripheral,arterial,West,2,6.992429573413845,F,19.969935188443806,89.1561121549009,20.49151013134539,91.52491898071625,v3-2026-07-30-trip-suppression-fix
l_179,,peripheral,arterial,West,3.08364383913658,12.193975722107426,F,20.00482212866559,83.91241743811356,20.177310226202337,82.63905330380759,v3-2026-07-30-trip-suppression-fix
l_471,,peripheral,arterial,West,0.9552619009711829,2.5401141276423385,F,31.82965529481993,40.88746036142578,32.22183634060601,40.93435165342156,v3-2026-07-30-trip-suppression-fix
l_360,,peripheral,arterial,West,0.42560737719453806,7.435891491727482,F,29.643531754368812,60.44028981709939,29.74430385045938,60.006032223592356,v3-2026-07-30-trip-suppression-fix
l_828,,inner,arterial,CBD,0.48007681228996646,5.952666068703449,F,95.55698359193237,61.09216345475117,95.59140926814194,60.605045122035285,v3-2026-07-30-trip-suppression-fix
l_207,,inner,arterial,CBD,0.47084673938632976,8.423689917295652,F,52.063959822595145,35.84145225925304,52.45812608059369,35.996374270369245,v3-2026-07-30-trip-suppression-fix
l_691,,peripheral,arterial,West,0.5459260270233384,0.5052905285752918,C,14.18841608295176,20.047349898517552,14.219989880572841,20.587299202805738,v3-2026-07-30-trip-suppression-fix
l_1803,,boundary,arterial,East,0,0,A,77.6714793558012,53.34243027959692,78.03295957510909,52.903326630060036,v3-2026-07-30-trip-suppression-fix
l_806,,inner,arterial,CBD,1.3057671381936886,5.664800701710539,F,57.91131055695978,74.76013394499716,58.39315275569288,76.12962319019151,v3-2026-07-30-trip-suppression-fix
l_2363,,inner,arterial,CBD,1.184678162432539,1.2827245269668575,F,91.75179527385082,72.7841909472288,92.93525087472551,72.11360880310504,v3-2026-07-30-trip-suppression-fix
l_483,,peripheral,arterial,East,0.43917435221783047,5.178691016087498,F,82.6132830183785,16.17058010033916,83.0893491253572,16.053661287411398,v3-2026-07-30-trip-suppression-fix
l_1210,,peripheral,arterial,East,0.8204567209079722,8.949945822869582,F,97.15401521163456,56.32709926417492,97.45545643449223,56.78670764641128,v3-2026-07-30-trip-suppression-fix
l_2537,SH1N,boundary,motorway,MWY,0.3333333333333333,1.7733281798627079,F,48.518423693547746,71.58405479685005,49.268580488300465,69.45946102201226,v3-2026-07-30-trip-suppression-fix
l_397,,peripheral,arterial,East,0.6467608062951385,1.7536867547941697,F,82.74300274340413,36.059762791077446,83.20020090504401,37.26749840509649,v3-2026-07-30-trip-suppression-fix
l_420,,inner,arterial,CBD,0.832523935063133,4.503306870360195,F,92.08294553938917,56.670197145613685,92.61275717842703,55.930652377295964,v3-2026-07-30-trip-suppression-fix
l_63,,peripheral,arterial,East,4.985976939856653,8.448672135970378,F,114.10574223197162,61.20651364290733,115.12932246928952,61.295528587848004,v3-2026-07-30-trip-suppression-fix
l_365,,peripheral,arterial,East,0.48007681228996646,6.011193269786139,F,92.5425828519474,67.36420983457765,92.73268306237138,67.06339181590333,v3-2026-07-30-trip-suppression-fix
l_236,,peripheral,arterial,East,1.550287449131193,5.9582606072101445,F,108.46982879201212,22.528156201237426,109.33551067936077,23.484989208777264,v3-2026-07-30-trip-suppression-fix
l_2166,,boundary,arterial,East,5.707491082045185,6.215576278154035,F,77.83340157369706,73.34168527816092,78.691192060888,73.188074916488,v3-2026-07-30-trip-suppression-fix
l_530,,peripheral,arterial,East,2.263296869105998,3.0129466549909782,F,78.74426645536876,30.268956217343014,79.13293886946906,30.126637432378583,v3-2026-07-30-trip-suppression-fix
l_2449,,peripheral,arterial,West,0.5904736911166514,2.348247805209667,F,51.05021157094027,16.18484242311799,51.23987720628342,16.987227355129107,v3-2026-07-30-trip-suppression-fix
l_800,,peripheral,arterial,West,5.785920925747348,5.819613793862205,F,26.537383242184763,84.41507822347306,27.363925558451466,83.2378907499631,v3-2026-07-30-trip-suppression-fix
l_1637,,peripheral,motorway,MWY,0.3333333333333333,1.7220217143356669,F,80.3784383385374,14.049804955866923,80.94211381015269,12.79615210939323,v3-2026-07-30-trip-suppression-fix
l_290,,peripheral,arterial,West,2.520214218208548,3.1154041381762116,F,59.436040302780505,61.921607193387665,59.673136359685195,61.809142099580896,v3-2026-07-30-trip-suppression-fix
l_2565,,inner,arterial,CBD,1.317426626655932,3.2256833511236427,F,67.17348788102349,62.941334292967575,67.69934011712195,64.33702041749164,v3-2026-07-30-trip-suppression-fix
l_502,,inner,arterial,CBD,1.437125748502994,5.886367271714339,F,50.95607117321234,64.2664848685918,52.45581542182968,64.23896625102539,v3-2026-07-30-trip-suppression-fix
l_28,,peripheral,arterial,West,0.4163486225799736,4.435779207012283,F,44.39118388122156,8.685540657988398,44.95962645086957,8.864306542158666,v3-2026-07-30-trip-suppression-fix
l_342,,peripheral,arterial,West,1.4125402181589892,4.244599275153769,F,54.84337716773664,36.84443996626127,55.171355121145496,36.94652013262038,v3-2026-07-30-trip-suppression-fix
l_2394,,inner,arterial,CBD,7.5041038067693275,5.304272394478384,F,67.12521488214176,39.13191321982314,67.5595949665603,40.2860462028036,v3-2026-07-30-trip-suppression-fix
l_153,,peripheral,arterial,West,0.2729630135116692,1.2215823145054314,F,41.88717799682188,27.406626014369678,42.57225880891554,28.015686351077534,v3-2026-07-30-trip-suppression-fix
l_162,,peripheral,arterial,West,0.9552619009711829,1.5480257370333044,F,17.160594082469917,47.15458765334217,17.801273166943393,46.521333492608164,v3-2026-07-30-trip-suppression-fix
l_345,,peripheral,arterial,West,1.0756543564001435,4.008508008577046,F,31.432065402365108,13.21982340178153,31.868615064405507,12.130798071536567,v3-2026-07-30-trip-suppression-fix
l_172,,inner,arterial,CBD,1.415261233636042,10.696247914077007,F,66.70966745550835,51.95011603128202,66.7451551400661,51.51703891544061,v3-2026-07-30-trip-suppression-fix
l_1552,SH16,peripheral,motorway,MWY,0.35294117647058826,3.6097571071483516,F,76.86036877778082,31.84428993706855,77.26155269766701,32.37740772031611,v3-2026-07-30-trip-suppression-fix
l_1117,,peripheral,arterial,East,0.5469711472719815,0.3771412569175405,B,100.85303286281456,58.26410443771736,101.1613482400527,58.474587001941416,v3-2026-07-30-trip-suppression-fix
l_1641,,peripheral,arterial,East,4.935225169648365,15.08537157720173,F,103.69986891686158,17.373785672682526,103.92326940394825,17.506958587856996,v3-2026-07-30-trip-suppression-fix
l_2507,,peripheral,arterial,West,0.6931407942238267,0.8069321810079245,D,50.09635975384353,28.14801859227475,50.7546373797436,27.29811996730244,v3-2026-07-30-trip-suppression-fix
l_577,,inner,arterial,CBD,0.7062701090794946,8.313828661636451,F,50.07190218762322,35.09424726549475,50.51002692927981,35.27539264319926,v3-2026-07-30-trip-suppression-fix
l_602,,peripheral,arterial,East,1.2828736369467608,10.625238350542098,F,116.16471022858158,35.276436523052126,116.60441641335288,35.538496593822366,v3-2026-07-30-trip-suppression-fix
l_2354,,peripheral,arterial,West,4.339440694310511,5.7619111818162,F,25.603129811711074,85.64827640784264,26.197476662346165,84.85369005084536,v3-2026-07-30-trip-suppression-fix
l_382,,inner,arterial,CBD,3.746877601998335,9.889119067731466,F,83.92693597319536,62.38876064322207,84.8898050292072,62.722286394498205,v3-2026-07-30-trip-suppression-fix
l_108,,peripheral,arterial,West,21.47617872130338,8.549668176577763,F,60.80485960601981,45.35627036157406,60.930097372138135,43.89453909560911,v3-2026-07-30-trip-suppression-fix
l_1678,,peripheral,motorway,MWY,0.3333333333333333,1.7218672059013338,F,80.94211381015269,12.79615210939323,81.77925355649629,11.050957234452639,v3-2026-07-30-trip-suppression-fix
l_1588,,inner,arterial,CBD,2.155688622754491,5.58162651995952,F,78.08508553972821,60.4157365320192,78.64845635725169,60.22310997772073,v3-2026-07-30-trip-suppression-fix
l_998,,peripheral,arterial,East,1.3681450233724775,16.75313433093409,F,65.71386312353862,29.806756660727483,66.38106518465302,29.443118125179492,v3-2026-07-30-trip-suppression-fix
l_960,,peripheral,arterial,East,1.3175230566534915,3.933170005324456,F,101.81528772792824,10.733241270101217,102.55007734153769,10.503356300710722,v3-2026-07-30-trip-suppression-fix
l_2495,,inner,arterial,CBD,0.8900316455696203,6.713012985252498,F,60.973984625025764,69.86610930404476,61.911622799451074,70.01102042117412,v3-2026-07-30-trip-suppression-fix
l_1890,,inner,arterial,CBD,0.8782844177706213,4.746161548922361,F,64.18510637025192,55.347891346380386,64.95548773532586,57.036371765893044,v3-2026-07-30-trip-suppression-fix
l_32,,peripheral,arterial,West,0.9841228185277523,7.674763196616064,F,60.696295012661274,30.034275918203534,62.28571152631732,30.167182431766516,v3-2026-07-30-trip-suppression-fix
l_428,,boundary,arterial,East,0.4660556159701724,2.6119194541982944,F,71.73458238436463,36.80371415019356,71.86897455166532,37.01744642841837,v3-2026-07-30-trip-suppression-fix
l_215,,peripheral,arterial,West,0.6732873253661,1.3078060478328077,F,11.357448835104252,72.34024476797593,12.163651983158868,72.43371258845286,v3-2026-07-30-trip-suppression-fix
l_1817,SH16,peripheral,motorway,MWY,0.35294117647058826,2.3345364931778807,F,40.331190514351384,16.057024717318072,41.72647698632038,17.463874582806305,v3-2026-07-30-trip-suppression-fix
l_1775,SH1S,peripheral,motorway,MWY,0.25263157894736843,2.2231174817996875,F,78.26055509412377,19.413212758880512,78.6381945270524,18.6765126787987,v3-2026-07-30-trip-suppression-fix
l_1872,SH16,peripheral,motorway,MWY,0.21176470588235297,2.41893318421779,F,49.511344857629844,25.888536433079363,49.68867320585987,26.07446749641536,v3-2026-07-30-trip-suppression-fix
l_285,,peripheral,arterial,West,0.6732873253661,0.9325898634581021,E,6.518425233524618,70.48215665190318,7.360099979498667,71.33172830966363,v3-2026-07-30-trip-suppression-fix
l_620,,peripheral,arterial,West,0.6662225183211192,2.2249514662805434,F,15.509063138464636,19.753075667460394,15.72932362367471,19.911227030447844,v3-2026-07-30-trip-suppression-fix
l_329,,inner,arterial,CBD,0.4660556159701724,1.53029972645296,F,75.97152524439069,41.37405555633217,76.21559039315031,41.639812585475795,v3-2026-07-30-trip-suppression-fix
l_810,,boundary,arterial,West,0.718562874251497,6.02001643559169,F,52.759614488936556,64.20636422149931,53.21605837197431,64.19798616995762,v3-2026-07-30-trip-suppression-fix
l_1489,,peripheral,arterial,West,5.748502994011976,9.446358311479433,F,44.99560781838119,64.10548271931862,45.75882620164784,64.22663319610409,v3-2026-07-30-trip-suppression-fix
l_312,,inner,arterial,CBD,0.8204567209079722,5.972246139675883,F,112.94925838259698,59.8226876909733,113.21563314092414,60.11501533830143,v3-2026-07-30-trip-suppression-fix
l_283,,peripheral,arterial,West,0.4670351054720947,0.6553292974666445,D,48.71377297810913,52.28089430355936,50.35464268102764,51.6562188762923,v3-2026-07-30-trip-suppression-fix
l_262,,peripheral,arterial,West,2.868411617067049,7.7277727393256495,F,34.691642072889,2.4848681150931027,34.82097578557332,1.239292220401202,v3-2026-07-30-trip-suppression-fix
l_250,,peripheral,arterial,West,1.5132408575031526,8.17261664249962,F,32.014169215528966,66.42387062720746,34.756290988467164,65.37382884878303,v3-2026-07-30-trip-suppression-fix
l_1541,,peripheral,motorway,MWY,0.3333333333333333,2.3822095081422123,F,74.40343805368384,23.117167045711216,75.80802843546739,21.972011158945016,v3-2026-07-30-trip-suppression-fix
l_2357,,peripheral,motorway,MWY,1.446480231436837,8.77748438503198,F,24.858954648088062,90.14816718611766,24.975534360902035,90.57846158438335,v3-2026-07-30-trip-suppression-fix
l_1773,,boundary,arterial,East,0.9321112319403448,2.3811512120515523,F,81.6301493086544,47.56664669256718,81.80594585524118,48.0205643556404,v3-2026-07-30-trip-suppression-fix
l_416,,peripheral,arterial,West,0.718562874251497,9.4153922557971,F,47.58856967562438,64.40931418225067,47.87113021863731,64.40413492993997,v3-2026-07-30-trip-suppression-fix
l_1469,,peripheral,arterial,East,0.8783487044356609,0.6192398900297007,C,65.28320945797132,21.78782265927026,65.47130617214107,21.378959428424118,v3-2026-07-30-trip-suppression-fix
l_1053,,inner,arterial,CBD,0.43914220888531064,1.4888519981189445,F,68.04283296939884,65.27661641542423,68.49949739909397,66.45736428321915,v3-2026-07-30-trip-suppression-fix
l_2048,,boundary,arterial,East,1.6409134418159443,8.40788331202066,F,100.61596088067445,58.37661739014762,101.1613482400527,58.474587001941416,v3-2026-07-30-trip-suppression-fix
l_503,,boundary,arterial,West,1.437125748502994,6.045008706947764,F,53.21605837197431,64.19798616995762,54.30282958036696,64.17803438940116,v3-2026-07-30-trip-suppression-fix
l_2203,,peripheral,motorway,MWY,0.2,0.7231409767477135,D,20.805202855204747,92.032707531006,22.399919872862714,93.62525329203619,v3-2026-07-30-trip-suppression-fix
l_180,,peripheral,arterial,West,1.7410228509249184,4.667788513588471,F,56.17207625134482,64.14370402021895,56.256678707080965,65.1961779462342,v3-2026-07-30-trip-suppression-fix
l_1370,,peripheral,arterial,East,0.7751437245655965,5.945650057310359,F,104.98192100158795,18.512073020220274,105.29572910928577,19.019739429552253,v3-2026-07-30-trip-suppression-fix
l_769,,peripheral,arterial,East,1.7548990933021351,1.9125543863954455,F,71.3993559895461,16.323788369085356,71.70183893190438,17.39926773257083,v3-2026-07-30-trip-suppression-fix
l_1125,,boundary,arterial,West,0.8705114254624592,4.487626535011232,F,56.573209821659226,68.21731524158356,56.715064517853946,68.8363153752497,v3-2026-07-30-trip-suppression-fix
l_154,,peripheral,arterial,East,43.78064074791928,18.605423057530313,F,63.79169292857984,30.49079872968815,65.71386312353862,29.806756660727483,v3-2026-07-30-trip-suppression-fix
l_1425,,peripheral,arterial,West,1.7024295087781522,7.462180792018746,F,29.063093303299656,63.180523259673606,29.301693173350262,61.95999256988419,v3-2026-07-30-trip-suppression-fix
l_1059,,peripheral,arterial,West,1.1108368304122438,14.405497097420108,F,60.887990465952456,46.32769233043403,60.924484608854556,45.94865095390427,v3-2026-07-30-trip-suppression-fix
l_517,,inner,arterial,CBD,1.8760259516923319,7.845079921688991,F,76.26212498286664,64.1250148207832,76.66162801034746,65.73922665077025,v3-2026-07-30-trip-suppression-fix
l_2128,SH16,peripheral,motorway,MWY,0.35294117647058826,1.1008052082530309,F,16.634116357492584,9.922105711149262,22.271976491346617,9.170827394449766,v3-2026-07-30-trip-suppression-fix
l_940,,peripheral,arterial,West,0.2729630135116692,1.257132084760222,F,21.090033019984215,14.678683603041085,21.440673770187722,14.834454166452952,v3-2026-07-30-trip-suppression-fix
l_92,,peripheral,arterial,West,1.040871556449934,4.411633670460069,F,38.127914939335575,4.9624941669907185,39.569548285590436,6.530665093655181,v3-2026-07-30-trip-suppression-fix
l_1323,,boundary,arterial,East,0.5155746509129968,7.610998009144716,F,63.366814280569855,62.84927358523913,63.4819686469117,63.198497471386425,v3-2026-07-30-trip-suppression-fix
l_1568,,peripheral,arterial,East,4,13.613975531374148,F,79.55429144422294,16.497444047093744,79.80053627693036,15.709118076540907,v3-2026-07-30-trip-suppression-fix
l_2443,,inner,arterial,CBD,0.5155746509129968,0.7951757889784122,D,58.56648394417951,50.12705980932227,58.908920125698145,51.012635085298065,v3-2026-07-30-trip-suppression-fix
l_688,,inner,arterial,CBD,0.4660556159701724,3.2702112876750844,F,87.58820297558253,54.64542969440714,88.1860699810941,55.22893905573418,v3-2026-07-30-trip-suppression-fix
l_2295,,peripheral,arterial,West,1.437125748502994,9.460414041675826,F,46.10449399598235,64.26860438115683,47.306009138218975,64.41449305000864,v3-2026-07-30-trip-suppression-fix
l_1871,SH16,peripheral,motorway,MWY,0.49411764705882355,2.39623172581966,F,46.92062178451132,23.314496123849654,49.511344857629844,25.888536433079363,v3-2026-07-30-trip-suppression-fix
l_1549,SH1N,peripheral,motorway,MWY,0.26666666666666666,3.3251094165684614,F,64.02685857431082,31.180652193133124,64.82007502293318,30.850228876456175,v3-2026-07-30-trip-suppression-fix
l_568,,peripheral,arterial,West,0.9079445145018916,8.21905305374361,F,42.18728377616061,63.91366633105836,42.775625154199204,63.983975809775,v3-2026-07-30-trip-suppression-fix
l_2671,,peripheral,motorway,MWY,0.13333333333333333,0.0550489507916743,A,57.00066621402222,46.561331295919516,57.07606649067734,45.82230530453909,v3-2026-07-30-trip-suppression-fix
l_674,,peripheral,arterial,East,0.7544322897019992,2.597137873450706,F,85.91481718027444,26.56875306139931,86.16105288487769,25.780419632823588,v3-2026-07-30-trip-suppression-fix
l_2468,SH1S,peripheral,motorway,MWY,0.25263157894736843,3.1287143586163886,F,70.30629292231427,27.749155313058328,70.85932826884891,27.09031587164849,v3-2026-07-30-trip-suppression-fix
l_111,,peripheral,arterial,East,0.34657039711191334,4.710196482918791,F,63.20600543557695,22.31256086351536,63.552206767970176,22.225105963372908,v3-2026-07-30-trip-suppression-fix
l_1186,SH1S,peripheral,motorway,MWY,0.1894736842105263,0.7706005628774177,D,86.39065294600516,6.533190951974246,87.62888317510843,5.3210689163522655,v3-2026-07-30-trip-suppression-fix
l_314,,boundary,arterial,West,2.520214218208548,3.705617158750512,F,60.49309885783969,61.46974642163667,60.98902377665546,61.24441366475997,v3-2026-07-30-trip-suppression-fix
l_132,,peripheral,arterial,West,4.168596572487263,5.65498063572308,F,45.63040736722147,51.31041244544373,45.88089157914587,51.92742800306539,v3-2026-07-30-trip-suppression-fix
l_1827,,peripheral,arterial,East,0.6467608062951385,5.57151824939973,F,72.96375709370993,22.159673228405143,73.31923648138135,22.763618500378467,v3-2026-07-30-trip-suppression-fix
l_891,,inner,arterial,CBD,1.260107109104274,3.353368845334349,F,80.69117831584225,49.69208389607326,81.05114349628595,49.17192259123796,v3-2026-07-30-trip-suppression-fix
l_72,,peripheral,arterial,West,0.9552619009711829,1.8671909487581335,F,24.863778630243967,40.392930819995776,27.32353851346011,40.56429539010927,v3-2026-07-30-trip-suppression-fix
l_2084,SH16,peripheral,motorway,MWY,0.2823529411764706,3.2441137552626933,F,87.67331088998445,46.346687792152274,88.40055500107961,46.87374551919048,v3-2026-07-30-trip-suppression-fix
l_2466,,inner,arterial,CBD,0.5923390812162695,3.0208602650577676,F,103.2993358126966,67.02931881658287,104.14149649928248,66.71636251607733,v3-2026-07-30-trip-suppression-fix
l_692,,peripheral,arterial,West,0.5459260270233384,0.7791986303029518,D,14.16267206992958,21.02075980134098,14.18841608295176,20.047349898517552,v3-2026-07-30-trip-suppression-fix
l_2560,,boundary,arterial,East,1.260107109104274,3.8924385336642153,F,83.04003216242377,46.21626127244332,83.33328127670732,45.61625007323707,v3-2026-07-30-trip-suppression-fix
l_1288,,peripheral,arterial,West,0.48000000000000004,3.1900318514137735,F,52.384790658116664,21.37643744779161,52.68419619251515,22.289837472597156,v3-2026-07-30-trip-suppression-fix
l_1410,,peripheral,arterial,West,0.3936491274111009,2.50046417901019,F,52.314129578362284,21.08044440557598,52.384790658116664,21.37643744779161,v3-2026-07-30-trip-suppression-fix
l_147,,peripheral,arterial,East,0.9321112319403448,5.638161185669369,F,64.39010580932049,18.15569880527333,64.61339702017465,18.47590338906229,v3-2026-07-30-trip-suppression-fix
l_964,,boundary,arterial,East,0.9321112319403448,2.66028628864842,F,71.35164153001558,36.081063964939304,71.55422769052936,36.45569729161111,v3-2026-07-30-trip-suppression-fix
l_1544,SH16,peripheral,motorway,MWY,0.2823529411764706,2.4222206933919206,F,49.68867320585987,26.07446749641536,50.39600241867397,26.710121222629585,v3-2026-07-30-trip-suppression-fix
l_1428,,peripheral,arterial,West,1.7024295087781522,7.4342409226608535,F,29.48889096285736,66.2537412667525,29.673640407118377,66.84494709908721,v3-2026-07-30-trip-suppression-fix
l_515,,boundary,arterial,West,1.438618925831202,8.593328538169004,F,62.070878876013246,55.062488842189836,62.61075366145854,54.863368946849434,v3-2026-07-30-trip-suppression-fix
l_684,,inner,arterial,CBD,2.1228918504540633,5.250108303789956,F,68.53899968943219,55.646056144061916,69.11457928555151,56.203002006373694,v3-2026-07-30-trip-suppression-fix
l_1415,,peripheral,arterial,West,0.3936491274111009,2.6152513320223543,F,52.43634905089815,22.997075504779254,52.68419619251515,22.289837472597156,v3-2026-07-30-trip-suppression-fix
l_168,,boundary,arterial,East,2.520214218208548,9.712724283545626,F,63.17032167099063,60.447539196208346,64.27183221174457,60.04889308379106,v3-2026-07-30-trip-suppression-fix
l_605,,peripheral,arterial,West,0.4163486225799736,4.970918169919829,F,57.035679730518716,14.237078372263523,57.47824904838939,14.661363814040484,v3-2026-07-30-trip-suppression-fix
l_926,,inner,arterial,CBD,0.9601536245799329,6.091995839672211,F,95.58852214064525,59.28079368324104,95.62030721267492,59.82073639361597,v3-2026-07-30-trip-suppression-fix
l_651,,peripheral,arterial,East,1.2808197246237591,1.5648704999591114,F,85.80030734827638,14.54401975755038,85.91648209546244,14.947267311056983,v3-2026-07-30-trip-suppression-fix
l_1434,,peripheral,arterial,East,2.4929884699283265,1.3082161924232303,F,122.60582264572177,41.399308708747704,122.69221806781324,40.20851205380504,v3-2026-07-30-trip-suppression-fix
l_245,,peripheral,arterial,East,1.6634322151372332,9.825665391847128,F,101.01138621981251,16.585973676240414,101.68150962704725,16.38432238909062,v3-2026-07-30-trip-suppression-fix
l_2402,,inner,arterial,CBD,0.4660556159701724,2.3245463958690706,F,81.01008786227239,46.95650418119253,81.34710947838948,47.54485531979951,v3-2026-07-30-trip-suppression-fix
l_928,,peripheral,arterial,East,0.6990834239552587,6.532484070439662,F,68.46256018406585,30.32365092800221,68.89144154314862,31.180591059344565,v3-2026-07-30-trip-suppression-fix
l_1090,,inner,arterial,CBD,1.1108368304122438,14.430063852126283,F,60.774522595022184,47.24867825432507,60.851496141565626,46.70673368750483,v3-2026-07-30-trip-suppression-fix
l_787,,boundary,arterial,West,0.718562874251497,2.9662894601115224,F,57.25884768353421,64.12373676683629,57.75975764664811,64.16858437867349,v3-2026-07-30-trip-suppression-fix
l_1105,,peripheral,arterial,East,1.3175230566534915,5.098849420971629,F,65.28320945797132,21.78782265927026,65.5419863242516,21.674948605585637,v3-2026-07-30-trip-suppression-fix
l_227,,peripheral,arterial,East,0.8783487044356609,4.258819022999673,F,85.98618713567022,15.189215814380727,86.5916285183731,15.015838603926118,v3-2026-07-30-trip-suppression-fix
l_165,,peripheral,arterial,East,1.9243104554201411,10.676346379911438,F,121.55093622211334,38.473101832300074,122.3702396828615,39.26859188617043,v3-2026-07-30-trip-suppression-fix
l_1683,,peripheral,arterial,East,9.87045033929673,15.034110121957625,F,103.92326940394825,17.506958587856996,104.31538306862423,17.740704362018587,v3-2026-07-30-trip-suppression-fix
l_2045,,peripheral,arterial,West,0.9590792838874681,2.1118702314120243,F,51.231695100153715,59.15345114010011,51.81505949057667,58.95356243891223,v3-2026-07-30-trip-suppression-fix
l_850,,boundary,arterial,West,1.4730252255569876,6.4118799089436616,F,46.520830725619874,67.83419521457432,47.50995239258099,69.59980472525197,v3-2026-07-30-trip-suppression-fix
l_722,,boundary,arterial,West,0.8705114254624592,6.14759921252947,F,56.80777605478416,71.51022130093365,56.99111601630003,72.02035369645378,v3-2026-07-30-trip-suppression-fix
l_1766,SH1S,peripheral,motorway,MWY,0.1894736842105263,0.899718064428563,D,85.51529158202642,7.387236144932141,86.39065294600516,6.533190951974246,v3-2026-07-30-trip-suppression-fix
l_1377,,peripheral,arterial,East,2.32543117369679,6.234610735218025,F,103.2508411483498,52.76013109582854,103.9397946473381,52.39596848608203,v3-2026-07-30-trip-suppression-fix
l_1836,SH1N,peripheral,motorway,MWY,0.6,1.7667410946933981,F,27.578237516808805,87.82842725419826,32.51270910962398,82.98182240782904,v3-2026-07-30-trip-suppression-fix
l_459,,peripheral,arterial,East,1.293521612590277,0.36181848385622106,B,87.02028595681482,49.81818938328988,87.15738012577293,49.00485215917143,v3-2026-07-30-trip-suppression-fix
l_22,,inner,arterial,CBD,2.3781212841854935,10.113226055816227,F,83.50686915978318,71.39637099102198,84.65187825992689,70.9968135233585,v3-2026-07-30-trip-suppression-fix
l_624,,inner,arterial,CBD,0.8204567209079722,5.94191178834217,F,113.21563314092414,60.11501533830143,113.43853816851465,60.40815325388406,v3-2026-07-30-trip-suppression-fix
l_952,,inner,arterial,CBD,1.093942294543963,8.252924910444776,F,103.91347280868749,60.3152799633728,104.81217107922636,60.703961739510994,v3-2026-07-30-trip-suppression-fix
l_297,,peripheral,arterial,West,0.2729630135116692,0.38054600396751137,B,7.032410215232541,22.20427560395299,8.013247061251363,22.348633492839774,v3-2026-07-30-trip-suppression-fix
l_731,,peripheral,arterial,West,7.70910959784145,12.667666361016416,F,21.202821748040968,74.4855362290312,21.311067390560833,73.26739101638535,v3-2026-07-30-trip-suppression-fix
l_84,,boundary,arterial,West,1.9181585677749362,2.0150509532667997,F,60.365306313722996,55.715473433865334,60.64586369269479,55.60220742294849,v3-2026-07-30-trip-suppression-fix
l_505,,inner,arterial,CBD,2.830522467272084,5.301745935606291,F,69.11457928555151,56.203002006373694,69.71112581881982,57.89467136604405,v3-2026-07-30-trip-suppression-fix
l_457,,peripheral,arterial,West,0.47763095048559145,0.663417139709885,D,3.5933442076091624,48.29274966595289,4.01069811661876,48.52842067021391,v3-2026-07-30-trip-suppression-fix
l_177,,peripheral,arterial,East,16,17.015655014878007,F,90.31308370006009,58.540820628572924,90.9308499919602,57.85370365364385,v3-2026-07-30-trip-suppression-fix
l_145,,boundary,arterial,East,2.155688622754491,2.852478625048989,F,63.49660795418148,65.17115603487052,64.30431240757132,65.34547326977417,v3-2026-07-30-trip-suppression-fix
l_37,,peripheral,arterial,East,1.550287449131193,7.100426237968456,F,109.10643985620608,41.48908945611932,109.69226962005915,40.261969896212356,v3-2026-07-30-trip-suppression-fix
l_206,,peripheral,arterial,West,0.9552619009711829,1.2448224065026066,F,9.593175763770375,49.45416407566636,11.877776270513573,48.358668440892096,v3-2026-07-30-trip-suppression-fix
l_205,,inner,arterial,CBD,0.718562874251497,5.661358094754675,F,77.24241717509129,60.70156966704804,77.5234735835914,60.61529810113833,v3-2026-07-30-trip-suppression-fix
l_2486,,inner,arterial,CBD,0.7897854416216927,1.3818216691591287,F,82.50457703730733,75.84115997283072,82.88992485657327,75.65094779001757,v3-2026-07-30-trip-suppression-fix
l_1520,,peripheral,arterial,West,1.03971119133574,3.808757682838959,F,47.59617876818396,32.86944332563377,48.31868560840039,31.964323441884268,v3-2026-07-30-trip-suppression-fix
l_278,,peripheral,arterial,West,0.6245229338699604,4.488174599564603,F,41.986055435263715,7.918815309245112,42.33620669458588,8.047533513322234,v3-2026-07-30-trip-suppression-fix
l_2185,SH1S,peripheral,motorway,MWY,0.12631578947368421,0.29183798656454,A,88.58763038987404,4.276280946767307,89.32106543867857,3.6450025409067117,v3-2026-07-30-trip-suppression-fix
l_78,,inner,arterial,CBD,3.9154906599233215,6.5248775221773725,F,89.3955632419964,70.01709731542171,89.39873928521041,69.01705521567712,v3-2026-07-30-trip-suppression-fix
l_208,,inner,arterial,CBD,0.7062701090794946,4.194891625616454,F,57.578859904655694,37.82117309781113,58.14789152607042,38.02692282139855,v3-2026-07-30-trip-suppression-fix
l_247,,boundary,arterial,East,1.260107109104274,3.9014585706178093,F,82.82720406952839,46.46343850540144,83.04003216242377,46.21626127244332,v3-2026-07-30-trip-suppression-fix
l_240,,peripheral,arterial,West,1.0346165452429192,0.5206736347214829,C,34.62883258515349,0.24283073432664268,34.82097578557332,1.239292220401202,v3-2026-07-30-trip-suppression-fix
l_17,,inner,arterial,CBD,0.9788726649808304,6.460936682175906,F,89.39873928521041,69.01705521567712,89.52263422621802,68.66341403448585,v3-2026-07-30-trip-suppression-fix
l_217,,peripheral,arterial,West,0.9993337774816788,2.1686222263617374,F,18.153196678252467,21.70491167062366,20.09311420521459,23.183067412831576,v3-2026-07-30-trip-suppression-fix
l_2154,,peripheral,motorway,MWY,0.26666666666666666,0.3259865526046108,B,56.50542690938186,48.00283151305364,57.00066621402222,46.561331295919516,v3-2026-07-30-trip-suppression-fix
l_910,,peripheral,arterial,East,1.2828736369467608,10.672598015289097,F,114.8461036642214,34.51726830601215,115.3515094006383,34.8051317165802,v3-2026-07-30-trip-suppression-fix
l_378,,peripheral,arterial,East,3.57196011311207,5.8611826639711975,F,101.74352698554671,53.54490845556619,103.2508411483498,52.76013109582854,v3-2026-07-30-trip-suppression-fix
l_808,,peripheral,arterial,East,0.6467608062951385,5.5382863625871055,F,72.51738312095013,20.357134741317427,72.63653273477681,20.922492786809368,v3-2026-07-30-trip-suppression-fix
l_1208,SH16,peripheral,motorway,MWY,0.5647058823529412,3.1471398037192895,F,73.73092243212142,29.55078306457039,76.86036877778082,31.84428993706855,v3-2026-07-30-trip-suppression-fix
l_638,,peripheral,arterial,East,0.48007681228996646,5.814793267769436,F,90.51781523375381,69.56387505859115,90.96825170061823,69.23120704338076,v3-2026-07-30-trip-suppression-fix
l_512,,peripheral,arterial,East,0.5629574028898481,1.0512842395990012,F,121.14212573432141,20.12950421223557,121.53125983628613,20.014121861290874,v3-2026-07-30-trip-suppression-fix
l_943,,peripheral,arterial,West,0.42560737719453806,7.480370210378856,F,32.41904627356739,49.33591086365503,32.605257529280145,48.819012167605855,v3-2026-07-30-trip-suppression-fix
l_75,,peripheral,arterial,East,1.6634322151372332,9.972045278495347,F,99.9091660664164,16.930790692269245,101.01138621981251,16.585973676240414,v3-2026-07-30-trip-suppression-fix
l_246,,peripheral,arterial,West,0.8326972451599473,5.011113638662142,F,62.15842817136065,16.196837157858926,63.01787963772989,16.829647840958994,v3-2026-07-30-trip-suppression-fix
l_896,,boundary,arterial,West,2.520214218208548,3.661730689534981,F,60.98902377665546,61.24441366475997,61.484449617654434,60.9920624452506,v3-2026-07-30-trip-suppression-fix
l_2497,SH1N,boundary,motorway,MWY,0.26666666666666666,1.7889673704176348,F,49.268580488300465,69.45946102201226,49.36474344224883,67.59288241770346,v3-2026-07-30-trip-suppression-fix
l_2452,SH1S,peripheral,motorway,MWY,0.3157894736842105,3.1392909060704515,F,66.29036569802851,30.41774322411505,67.19612068495205,30.02267956789145,v3-2026-07-30-trip-suppression-fix
l_202,,boundary,arterial,West,1.1047689191677408,9.083370992308742,F,48.93391582845936,72.54659555733755,49.18592036398048,73.24465908987568,v3-2026-07-30-trip-suppression-fix
l_680,,inner,arterial,CBD,46.03580562659847,33.82278637747819,F,55.71851796387649,84.39476511545743,60.53463260160553,82.60360952623184,v3-2026-07-30-trip-suppression-fix
l_591,,peripheral,arterial,East,0.7751437245655965,5.890556538982857,F,109.33551067936077,23.484989208777264,109.64630901000582,23.830545156038095,v3-2026-07-30-trip-suppression-fix
l_1404,,inner,arterial,CBD,1.293521612590277,2.9117692644563613,F,86.39147628717548,53.424371483755564,86.68372484468301,52.77032123279098,v3-2026-07-30-trip-suppression-fix
l_539,,peripheral,arterial,East,1,8.762697836321097,F,102.6430421755195,10.825947730733448,102.80421995499638,11.309430453865668,v3-2026-07-30-trip-suppression-fix
l_295,,boundary,arterial,East,0.7201152184349496,6.064814791883929,F,95.59140926814194,60.605045122035285,95.62734219700089,60.19897868217845,v3-2026-07-30-trip-suppression-fix
l_612,,peripheral,arterial,West,0.6662225183211192,2.222059035351606,F,15.72932362367471,19.911227030447844,16.17033802430047,20.25454630502344,v3-2026-07-30-trip-suppression-fix
l_720,,peripheral,arterial,East,3.7394827048924895,8.289194074802387,F,122.52951825010169,41.968299058293844,122.60582264572177,41.399308708747704,v3-2026-07-30-trip-suppression-fix
l_525,,peripheral,arterial,East,1.9203072491598658,5.79904600553515,F,91.60778624894593,68.54368656404685,92.03296894979158,68.02229805492169,v3-2026-07-30-trip-suppression-fix
l_2473,,peripheral,motorway,MWY,0.5333333333333333,2.1166317640840786,F,54.83373062356441,38.68241247093793,54.85581067271784,37.51987161663921,v3-2026-07-30-trip-suppression-fix
l_746,,inner,arterial,CBD,6,14.647132343985637,F,87.4987260507792,61.53886562834153,87.90317081015102,61.07192236987932,v3-2026-07-30-trip-suppression-fix
l_747,,peripheral,arterial,East,2.4929884699283265,8.03127385599383,F,122.20863463755362,44.56887467562283,122.52951825010169,41.968299058293844,v3-2026-07-30-trip-suppression-fix
l_1837,,peripheral,arterial,West,0.34657039711191334,4.143581846569757,F,54.573612108611755,24.55237793946717,55.0507051747397,24.48955916017937,v3-2026-07-30-trip-suppression-fix
l_332,,inner,arterial,CBD,1.415261233636042,8.281221729456716,F,74.22918563108018,49.43310691861998,74.49349172307936,49.61741299843831,v3-2026-07-30-trip-suppression-fix
l_702,,peripheral,arterial,East,0.8774495466510676,1.4460010234075535,F,71.3291682956456,16.054818204487734,71.3993559895461,16.323788369085356,v3-2026-07-30-trip-suppression-fix
l_2639,,boundary,arterial,East,0.5155746509129968,7.595881190697776,F,63.20769144477789,62.473832463053,63.366814280569855,62.84927358523913,v3-2026-07-30-trip-suppression-fix
l_2590,,inner,arterial,CBD,0.39489272081084636,1.360648290159274,F,85.37493950857717,75.0064425633978,86.13030614591256,74.69414848581485,v3-2026-07-30-trip-suppression-fix
l_88,,peripheral,arterial,West,1.4328928514567743,1.0726054710374,F,5.2622748758372415,49.20841166111988,8.148804108213302,50.12899996174968,v3-2026-07-30-trip-suppression-fix
l_2514,,peripheral,arterial,West,2.892960462873674,4.465676084514766,F,27.39870104203018,82.94845957163265,27.458301659133134,82.45241249870897,v3-2026-07-30-trip-suppression-fix
l_2176,,peripheral,arterial,East,0,0,A,87.18797964508035,47.13945006673204,87.56965794537385,46.61887411575979,v3-2026-07-30-trip-suppression-fix
l_2212,,peripheral,arterial,West,0.6384110657918071,7.41067408814057,F,29.089758684259447,64.6394507985258,29.27796259617457,65.4197771837638,v3-2026-07-30-trip-suppression-fix
l_399,,boundary,arterial,East,14,16.603390091216916,F,88.82022876021257,60.109002418329815,90.31308370006009,58.540820628572924,v3-2026-07-30-trip-suppression-fix
l_2163,,boundary,arterial,East,0.9788726649808304,4.75364592931764,F,93.37341533518043,60.59214800095314,93.5320904956124,60.94055051244841,v3-2026-07-30-trip-suppression-fix
l_199,,inner,arterial,CBD,1.4268727705112962,9.93668166825245,F,81.5413821854528,72.10838629623474,82.16773103888916,71.8805917096322,v3-2026-07-30-trip-suppression-fix
l_1297,,boundary,arterial,East,0.7733619763694952,7.225914392456129,F,65.79091193583423,69.31801109504654,66.01824350958259,69.85435293678233,v3-2026-07-30-trip-suppression-fix
l_1366,,peripheral,arterial,West,0.4163486225799736,0.7042007669137241,D,53.61726759322485,11.570233857453232,53.90323809115761,11.75416517278411,v3-2026-07-30-trip-suppression-fix
l_675,,boundary,arterial,East,1.4125402181589892,6.932837132903363,F,68.85113321180147,37.235270555268315,70.51056461021132,36.4479250457801,v3-2026-07-30-trip-suppression-fix
l_1238,,inner,arterial,CBD,0.6181265614134493,0.9015402699868762,E,115.22481130650839,64.07750355878663,116.83375292982441,64.07451012846087,v3-2026-07-30-trip-suppression-fix
l_2093,,peripheral,arterial,West,2.312732879352435,12.20481370828407,F,19.89606651006187,85.10354362914642,19.910347990489626,85.88704028332418,v3-2026-07-30-trip-suppression-fix
l_2049,,boundary,arterial,East,1.093942294543963,2.9255806902356305,F,101.1613482400527,58.474587001941416,101.16638054128681,58.744760190886595,v3-2026-07-30-trip-suppression-fix
l_31,,peripheral,arterial,West,2.520214218208548,2.7360754713415965,F,56.114680226208456,63.388020240501945,56.17207625134482,64.14370402021895,v3-2026-07-30-trip-suppression-fix
l_2503,,peripheral,arterial,West,1.2490458677399208,4.8151716532130555,F,53.61726759322485,11.570233857453232,54.407503476894796,11.988138001938534,v3-2026-07-30-trip-suppression-fix
l_868,,peripheral,arterial,East,0.43917435221783047,4.265886958033141,F,88.17041892584936,14.58117929111355,88.75462858954545,14.435215825466882,v3-2026-07-30-trip-suppression-fix
l_1283,,peripheral,arterial,West,1.260107109104274,2.733636176792271,F,56.114680226208456,63.388020240501945,56.32606541401806,63.05982054201619,v3-2026-07-30-trip-suppression-fix
l_474,,peripheral,arterial,West,0.47763095048559145,1.0153661937606693,F,4.01069811661876,48.52842067021391,4.405337978853362,48.7104504788504,v3-2026-07-30-trip-suppression-fix
l_877,,peripheral,arterial,West,2.1697203471552555,8.755847649550557,F,25.103465392982685,76.14418209199061,25.445297927192893,77.00279068981494,v3-2026-07-30-trip-suppression-fix
l_740,,peripheral,arterial,West,2.151308712800287,8.142371640875746,F,32.69477780582291,9.764417161929732,33.39549101061578,7.670587376565519,v3-2026-07-30-trip-suppression-fix
l_1826,SH1N,inner,motorway,MWY,0.5333333333333333,2.714981922214338,F,55.91392852760065,34.77076307673768,57.25071742781802,32.989475821849105,v3-2026-07-30-trip-suppression-fix
l_587,,peripheral,arterial,East,0.6467608062951385,1.7534336059153133,F,82.54089711622093,35.71215703421988,82.74300274340413,36.059762791077446,v3-2026-07-30-trip-suppression-fix
l_734,,boundary,arterial,West,0.8512147543890761,8.01885301896862,F,43.75820054058184,35.777549300027054,44.466442142345834,35.27810071114708,v3-2026-07-30-trip-suppression-fix
l_2218,,inner,arterial,CBD,0.5923390812162695,2.989953165447347,F,97.40615461190092,69.32798405926783,98.5036345663708,68.71301775527895,v3-2026-07-30-trip-suppression-fix
l_2228,,inner,arterial,CBD,0.8782844177706213,2.924974965905089,F,60.54359895708543,48.874511597902,60.98773892815765,49.37984309580079,v3-2026-07-30-trip-suppression-fix
l_799,,peripheral,arterial,West,0.2729630135116692,1.1826265949902637,F,17.49372580376037,14.149578258261334,18.13872945476368,13.759473594685016,v3-2026-07-30-trip-suppression-fix
l_2689,,peripheral,arterial,East,0,0,A,66.91059619687547,20.61940244846136,67.10689087911975,20.48396774984945,v3-2026-07-30-trip-suppression-fix
l_2382,,boundary,arterial,East,0.8900316455696203,9.154157920179967,F,75.14637704604353,74.37686654868502,75.53466297520778,74.16527256262826,v3-2026-07-30-trip-suppression-fix
l_655,,peripheral,arterial,West,2.8092079594225514,2.192737810866338,F,34.91972039992311,42.2363815577569,36.278057499793505,42.80613344039605,v3-2026-07-30-trip-suppression-fix
l_1472,,inner,arterial,CBD,0.39489272081084636,2.883624893027714,F,96.91275782413499,69.68849071544473,97.40615461190092,69.32798405926783,v3-2026-07-30-trip-suppression-fix
l_951,,peripheral,arterial,West,0.2729630135116692,1.2200896985040817,F,34.12039286685029,19.954308666811688,34.80641616675846,20.61742786010533,v3-2026-07-30-trip-suppression-fix
l_572,,peripheral,arterial,West,0.4163486225799736,4.9858270641242575,F,59.346238922922744,15.762116970461204,59.782838745666176,15.862190012256894,v3-2026-07-30-trip-suppression-fix
l_1132,,boundary,arterial,West,3.5601265822784813,6.5075224670792595,F,56.68502148924751,69.56657895168362,58.181820089244304,69.37691690467969,v3-2026-07-30-trip-suppression-fix
l_1662,SH1N,peripheral,motorway,MWY,0.4,1.0262883718037425,F,24.217517569694923,94.32186840915018,25.298401125229688,96.8105361307028,v3-2026-07-30-trip-suppression-fix
l_639,,peripheral,arterial,East,0.7201152184349496,5.827683328395441,F,90.96825170061823,69.23120704338076,91.16086530039657,69.0654770496398,v3-2026-07-30-trip-suppression-fix
l_126,,inner,arterial,CBD,1.1108368304122438,8.190764338048702,F,61.263014156469026,40.72632073934408,61.33998282410627,40.18437565633962,v3-2026-07-30-trip-suppression-fix
l_690,,peripheral,arterial,West,0.8188890405350076,0.8259916697770767,E,14.18841608295176,20.047349898517552,14.363812522100684,18.936088409652413,v3-2026-07-30-trip-suppression-fix
l_79,,peripheral,arterial,West,1.00993098804915,1.1247189186104267,F,9.963388789742353,72.20338992364428,11.357448835104252,72.34024476797593,v3-2026-07-30-trip-suppression-fix
l_4,,peripheral,arterial,West,0.9993337774816788,2.4101908469959654,F,27.96122702398703,29.066517362682376,29.923016089908046,30.544188691556855,v3-2026-07-30-trip-suppression-fix
l_781,,inner,arterial,CBD,0.6990834239552587,2.5104188947407895,F,71.86897455166532,37.01744642841837,72.95436136552796,38.10550277253727,v3-2026-07-30-trip-suppression-fix
l_315,,peripheral,arterial,West,0.9590792838874681,1.5047267469791563,F,58.206780092184864,56.56595492603359,58.52981355934729,56.39785830666861,v3-2026-07-30-trip-suppression-fix
l_1177,,peripheral,arterial,West,0.6931407942238267,0.7974496693123618,D,49.88699146194675,28.584282569702506,50.09635975384353,28.14801859227475,v3-2026-07-30-trip-suppression-fix
l_58,,peripheral,arterial,West,0.5459260270233384,1.4451001161402774,F,29.192934738117824,17.963277779906274,29.520868804521943,18.065397171571686,v3-2026-07-30-trip-suppression-fix
l_99,,inner,arterial,CBD,0.9590792838874681,1.7711629942417284,F,59.717252360908624,55.94360305475917,60.365306313722996,55.715473433865334,v3-2026-07-30-trip-suppression-fix
l_2457,SH16,peripheral,motorway,MWY,0.07058823529411765,0.1725752073570232,A,50.9991503225979,27.590922516974874,51.48271164106916,27.87933678997897,v3-2026-07-30-trip-suppression-fix
l_672,,peripheral,arterial,East,1.1089548100914888,10.50510479152991,F,93.44236204648575,18.699552901642477,93.72385727497958,18.640274484382697,v3-2026-07-30-trip-suppression-fix
l_1107,,inner,arterial,CBD,0.5155746509129968,0.8557754322568673,E,58.47407308250859,49.83146835872688,58.56648394417951,50.12705980932227,v3-2026-07-30-trip-suppression-fix
l_462,,peripheral,arterial,West,5.89210090222795,6.390584299848022,F,47.66855459712167,69.94823975047932,48.32123071800632,71.1524598947514,v3-2026-07-30-trip-suppression-fix
l_768,,peripheral,arterial,West,0.6732873253661,7.878119550032456,F,24.293451413394337,71.07802402876578,24.658032379214724,70.80112132705622,v3-2026-07-30-trip-suppression-fix
l_1797,,inner,arterial,CBD,0.5923390812162695,3.0489571859946087,F,108.11669978191439,65.34510178786458,110.2771595696091,64.60216806600864,v3-2026-07-30-trip-suppression-fix
l_2252,SH16,peripheral,motorway,MWY,0.07058823529411765,0.1026403908998643,A,77.26155269766701,32.37740772031611,77.55545157062653,32.855574573707166,v3-2026-07-30-trip-suppression-fix
l_2379,,boundary,arterial,East,0.7897854416216927,0.7713303054229377,D,74.20233702682296,78.62352733780773,74.59298837555528,78.50688881137079,v3-2026-07-30-trip-suppression-fix
l_950,,inner,arterial,CBD,1.3057671381936886,5.860532495042397,F,57.45071310501181,73.36322707340747,57.75020030647787,74.27662008917515,v3-2026-07-30-trip-suppression-fix
l_2423,SH1S,peripheral,motorway,MWY,0.1894736842105263,3.1363330168231878,F,68.10340088513385,29.560612238759166,68.42285851212542,29.351428721122858,v3-2026-07-30-trip-suppression-fix
l_1493,,peripheral,arterial,West,0.4670351054720947,0.7690327670461192,D,48.45445229467726,52.366728414543815,48.71377297810913,52.28089430355936,v3-2026-07-30-trip-suppression-fix
l_2144,,boundary,arterial,East,0.3090632807067247,0.8247141620095061,E,117.83308662414882,64.0288311646477,118.5761417371321,64.23117343997042,v3-2026-07-30-trip-suppression-fix
l_82,,peripheral,arterial,West,0.6732873253661,1.0069380573653008,F,7.980001471802172,71.94208491837833,9.222887421368313,72.13574772039667,v3-2026-07-30-trip-suppression-fix
l_23,,inner,arterial,CBD,11.041766682669229,5.0687929333843424,F,87.21124072397012,70.6521428678054,89.3955632419964,70.01709731542171,v3-2026-07-30-trip-suppression-fix
l_1733,,inner,arterial,CBD,0.7733619763694952,7.231498379972255,F,65.26556100225024,67.9493378093099,65.37972383761091,68.24452625850793,v3-2026-07-30-trip-suppression-fix
l_292,,peripheral,arterial,West,0.2729630135116692,1.216340680188161,F,20.12700620431193,14.317854676588565,21.090033019984215,14.678683603041085,v3-2026-07-30-trip-suppression-fix
l_759,,peripheral,arterial,East,0.7751437245655965,5.435113098034517,F,111.75216333083571,27.169636685945253,111.88861187286386,27.49141390484622,v3-2026-07-30-trip-suppression-fix
l_2381,,boundary,arterial,East,5.584858827179646,4.299437957143502,F,72.57823768025631,77.20970538197737,72.79557261648976,77.72925969396898,v3-2026-07-30-trip-suppression-fix
l_664,,peripheral,arterial,East,2.330278079850862,6.576695255493197,F,70.81008333656156,35.00999473977138,71.35164153001558,36.081063964939304,v3-2026-07-30-trip-suppression-fix
l_401,,inner,arterial,CBD,3.746877601998335,9.81519741203871,F,84.8898050292072,62.722286394498205,85.50290607461442,62.95417671462451,v3-2026-07-30-trip-suppression-fix
l_260,,inner,arterial,CBD,1.293521612590277,1.3947918938160755,F,86.68372484468301,52.77032123279098,86.88301736275469,51.793673046567044,v3-2026-07-30-trip-suppression-fix
l_732,,peripheral,arterial,East,0.7544322897019992,6.498053480779037,F,86.33621924600413,16.480010077644096,86.45239586908485,16.883257353917134,v3-2026-07-30-trip-suppression-fix
l_265,,peripheral,arterial,West,2.0198619760983,6.727364198046467,F,22.685429373062288,72.32348419454668,23.242681989488776,71.88091929891863,v3-2026-07-30-trip-suppression-fix
l_80,,boundary,arterial,East,1.5813401858074718,3.7713376457876024,F,65.5765602186425,35.32268875330685,65.77564147931554,35.76447704707274,v3-2026-07-30-trip-suppression-fix
l_103,,peripheral,arterial,West,0.9552619009711829,1.54266994677575,F,18.215256762926387,45.37870460126316,18.379765234502536,44.86221493952579,v3-2026-07-30-trip-suppression-fix
l_1758,SH1N,peripheral,motorway,MWY,0.3333333333333333,0.5042852539637523,C,25.298401125229688,96.8105361307028,26.11703655265897,98.31416060340739,v3-2026-07-30-trip-suppression-fix
l_865,,peripheral,arterial,West,0.4163486225799736,4.389393049842929,F,37.703173131629995,4.321633367633035,38.127914939335575,4.9624941669907185,v3-2026-07-30-trip-suppression-fix
l_1152,,peripheral,arterial,West,1.7410228509249184,6.262113820229367,F,56.66875643419824,69.86416767783882,56.68502148924751,69.56657895168362,v3-2026-07-30-trip-suppression-fix
l_2068,,inner,arterial,CBD,0.9380129758461659,9.494866092220223,F,78.0885341738367,71.17222198928589,78.18298137855709,71.57587458350308,v3-2026-07-30-trip-suppression-fix
l_293,,peripheral,arterial,West,0.6662225183211192,2.3026707972019222,F,22.07602875395507,24.633396869178227,24.037733355692705,26.111121451821912,v3-2026-07-30-trip-suppression-fix
l_1760,,peripheral,arterial,West,0.6931407942238267,4.154343896271579,F,53.553734176604436,24.65219235935953,54.573612108611755,24.55237793946717,v3-2026-07-30-trip-suppression-fix
l_2103,,peripheral,motorway,MWY,0.26666666666666666,1.7665193846154963,F,80.29652541903556,14.32158640620621,80.3784383385374,14.049804955866923,v3-2026-07-30-trip-suppression-fix
l_337,,peripheral,arterial,West,3.08364383913658,12.514130332351735,F,20.536626673350835,79.68667156086065,20.69081771812107,78.60282193635975,v3-2026-07-30-trip-suppression-fix
l_1277,,boundary,arterial,East,1.317426626655932,3.445791335546104,F,65.84702091206691,59.39827931212193,66.12130419645351,60.122941141567935,v3-2026-07-30-trip-suppression-fix
l_2662,,peripheral,arterial,West,0.6384110657918071,7.360508871718818,F,28.948483104308647,64.0474516095016,29.089758684259447,64.6394507985258,v3-2026-07-30-trip-suppression-fix
l_537,,boundary,arterial,East,1.4070194637692488,8.855466552614194,F,70.2286731667003,47.07453781757526,70.3428338035905,47.36972377019705,v3-2026-07-30-trip-suppression-fix
l_2598,,inner,arterial,CBD,0.8900316455696203,5.8218428616011915,F,51.69331233459002,71.2527771810869,52.622502093879426,70.9384375872627,v3-2026-07-30-trip-suppression-fix
l_277,,peripheral,arterial,West,1.7024295087781522,7.920828648664366,F,34.91972039992311,42.2363815577569,35.36572445464771,41.66067944916726,v3-2026-07-30-trip-suppression-fix
l_1000,,peripheral,arterial,West,0.2729630135116692,0.6173379174867065,C,12.51802123151237,21.429017231942197,12.994130866692274,21.312260769453108,v3-2026-07-30-trip-suppression-fix
l_1274,,inner,arterial,CBD,0.5923390812162695,1.3785507061503297,F,82.88992485657327,75.65094779001757,84.7260242626595,74.99536883348628,v3-2026-07-30-trip-suppression-fix
l_2148,SH16,peripheral,motorway,MWY,0.1411764705882353,0.3836942597421814,B,5.55042624669366,11.231531264238088,6.354425405604306,11.21694535711378,v3-2026-07-30-trip-suppression-fix
l_376,,peripheral,arterial,East,1.1906533710373568,5.907922897058409,F,100.15026983076909,54.38532482947949,100.58093550442095,54.161107311431834,v3-2026-07-30-trip-suppression-fix
l_2077,,peripheral,arterial,West,2.4980917354798415,2.1170234571313062,F,49.898340408449265,10.287200357257893,52.28329132929725,11.135286795681793,v3-2026-07-30-trip-suppression-fix
l_903,,peripheral,arterial,East,0.43917435221783047,4.492304460094346,F,70.74069647453153,19.49804875099083,71.21677563603794,19.381157638876196,v3-2026-07-30-trip-suppression-fix
l_571,,peripheral,arterial,West,0.4163486225799736,4.920022340146083,F,55.047622773339015,12.516903946996234,55.37854866737368,12.781086522748506,v3-2026-07-30-trip-suppression-fix
l_504,,peripheral,arterial,East,0.3090632807067247,0.4032597670030826,B,133.130838192187,62.3643331192384,134.76395624930927,61.33372528134379,v3-2026-07-30-trip-suppression-fix
l_70,,peripheral,arterial,East,1.8697413524462447,8.382236183250361,F,120.93405216628898,51.97101970489595,121.27267649330526,50.31605609538714,v3-2026-07-30-trip-suppression-fix
l_2173,,boundary,arterial,West,6,8.633871932228693,F,50.204807783746894,60.06415870171038,50.71651428987713,59.51424531615079,v3-2026-07-30-trip-suppression-fix
l_59,,peripheral,arterial,West,0.42560737719453806,7.551443437975522,F,33.45084826199009,46.31715503374983,33.55506511881598,46.0720152319914,v3-2026-07-30-trip-suppression-fix
l_412,,peripheral,arterial,West,0.4670351054720947,0.9385400598312815,E,46.53102693386683,52.99656676705129,47.13611166467332,52.7962923874362,v3-2026-07-30-trip-suppression-fix
l_610,,inner,arterial,CBD,0.8204567209079722,8.335922857096241,F,102.44312015874735,59.58587777845526,102.94906915652737,59.90078968461936,v3-2026-07-30-trip-suppression-fix
l_993,,peripheral,arterial,East,0.8783487044356609,4.17883585627571,F,91.37144208454141,13.711017694944955,92.97144198432113,13.248900677184562,v3-2026-07-30-trip-suppression-fix
l_2342,SH1S,peripheral,motorway,MWY,0.1894736842105263,2.2188418794832376,F,78.6381945270524,18.6765126787987,78.88845077178134,18.10432682237426,v3-2026-07-30-trip-suppression-fix
l_760,,boundary,arterial,East,1.415261233636042,10.5114935338497,F,68.59537829962275,48.10463258034977,68.94062341036035,47.96313561986152,v3-2026-07-30-trip-suppression-fix
l_74,,peripheral,arterial,West,1.2490458677399208,4.919329406125699,F,54.407503476894796,11.988138001938534,55.047622773339015,12.516903946996234,v3-2026-07-30-trip-suppression-fix
l_621,,inner,arterial,CBD,1.1047689191677408,6.760416324433103,F,51.984776202617375,81.19311260890247,52.39790150800914,82.37469043157401,v3-2026-07-30-trip-suppression-fix
l_972,,peripheral,arterial,East,1,1.3094909645611112,F,102.23988409544138,9.022655521785314,102.26866583295596,9.400494792507832,v3-2026-07-30-trip-suppression-fix
l_433,,inner,arterial,CBD,0.6990834239552587,1.549570775725518,F,76.50412275029483,41.95880096187605,77.05795624886015,42.51612623415185,v3-2026-07-30-trip-suppression-fix
l_819,,inner,arterial,CBD,1.093942294543963,8.157814157792314,F,104.81217107922636,60.703961739510994,105.55620697930154,60.96038443195367,v3-2026-07-30-trip-suppression-fix
l_1024,,peripheral,arterial,East,8,27.239281257868335,F,93.11445522620902,70.05626400761284,93.36711076095095,70.78129612834279,v3-2026-07-30-trip-suppression-fix
l_497,,peripheral,arterial,West,0.6732873253661,1.3012177073363995,F,13.513751713595749,72.54432523635822,14.297729047333547,72.61116249408158,v3-2026-07-30-trip-suppression-fix
l_243,,boundary,arterial,West,0.51985559566787,6.767519174285918,F,49.13742967191647,30.381775844844405,49.32606309764747,29.999946005263766,v3-2026-07-30-trip-suppression-fix
l_2276,,inner,arterial,CBD,1.317426626655932,3.2880660497904852,F,60.98773892815765,49.37984309580079,61.57523606058552,50.5852230433357,v3-2026-07-30-trip-suppression-fix
l_552,,peripheral,arterial,West,0.2729630135116692,1.39961339303207,F,25.97287965167287,16.616660135229253,26.45440358769502,16.797061905222392,v3-2026-07-30-trip-suppression-fix
l_385,,peripheral,arterial,East,1.131648434552999,2.5546005443638995,F,86.5711067584788,24.44851815304411,87.26030879637909,21.760110740260423,v3-2026-07-30-trip-suppression-fix
l_1419,,peripheral,arterial,East,1.785980056556035,8.034171342797064,F,96.91823777215785,55.95885743573806,97.17704338533345,55.8459450532657,v3-2026-07-30-trip-suppression-fix
l_1203,,boundary,arterial,East,1.0311493018259936,7.224866969753941,F,65.37972383761091,68.24452625850793,65.79091193583423,69.31801109504654,v3-2026-07-30-trip-suppression-fix
l_1241,,peripheral,arterial,West,4.339440694310511,6.888698091230267,F,25.198499420748078,86.11509160886894,25.603129811711074,85.64827640784264,v3-2026-07-30-trip-suppression-fix
l_980,,boundary,arterial,West,3.7803213273128216,2.744144165188441,F,56.694073547401054,62.971980289645025,57.70866742258504,62.57496723655643,v3-2026-07-30-trip-suppression-fix
l_2150,SH1N,peripheral,motorway,MWY,0,0,A,44.04655926448033,75.14211483178401,44.47664374027952,74.92549784782389,v3-2026-07-30-trip-suppression-fix
l_438,,peripheral,arterial,East,2.263296869105998,6.448356017802809,F,87.19894577134318,19.626142623559943,87.41007622561573,20.460056285102223,v3-2026-07-30-trip-suppression-fix
l_863,,peripheral,arterial,East,10.54987212276215,8.076302366939565,F,63.668765861908625,54.46552494747484,64.51092567825773,54.15272925848402,v3-2026-07-30-trip-suppression-fix
l_135,,inner,arterial,CBD,1.093942294543963,6.233668574439147,F,112.28206302975441,59.02432381747972,112.94925838259698,59.8226876909733,v3-2026-07-30-trip-suppression-fix
l_1320,,inner,arterial,CBD,1.4070194637692488,8.888731879874173,F,69.28468027012974,44.22713779521617,69.48926630462122,44.70984221584518,v3-2026-07-30-trip-suppression-fix
l_187,,inner,arterial,CBD,0.39489272081084636,1.4210932958682811,F,76.47510937163709,77.98566841891113,77.12271813832574,77.73047126542916,v3-2026-07-30-trip-suppression-fix
l_432,,peripheral,arterial,West,0.9552619009711829,2.712312936182851,F,32.22183634060601,40.93435165342156,32.484114490381536,41.010640804606915,v3-2026-07-30-trip-suppression-fix
l_478,,peripheral,arterial,West,0.2729630135116692,1.2243065982591925,F,44.143969963197385,29.554424425276366,44.67545346620091,30.0852133826215,v3-2026-07-30-trip-suppression-fix
l_1145,,boundary,arterial,East,28,27.526979767090726,F,92.03296894979158,68.02229805492169,92.79408265927084,69.19735448919624,v3-2026-07-30-trip-suppression-fix
l_2059,SH16,peripheral,motorway,MWY,0.2823529411764706,1.0430983609025108,F,13.446754249690338,10.358436791437382,16.634116357492584,9.922105711149262,v3-2026-07-30-trip-suppression-fix
l_1445,,peripheral,arterial,West,4,1.5960574475307723,F,56.54245474560589,44.110349820587466,57.11796585125734,45.94233082022464,v3-2026-07-30-trip-suppression-fix
l_962,,inner,arterial,CBD,2.520214218208548,1.0475586641582975,F,56.06474431481618,63.03759484662711,56.694073547401054,62.971980289645025,v3-2026-07-30-trip-suppression-fix
l_898,,peripheral,arterial,East,1.6888722086695442,1.9708786690841429,F,113.56351492893005,24.05479541409066,116.80502461872207,21.859174218520465,v3-2026-07-30-trip-suppression-fix
l_619,,peripheral,arterial,West,0.6662225183211192,2.2277817980739893,F,15.26658007706328,19.568302020942355,15.509063138464636,19.753075667460394,v3-2026-07-30-trip-suppression-fix
l_2508,,boundary,arterial,East,0.7897854416216927,0.8335365628573896,E,73.33873570061782,78.88137666158906,74.20233702682296,78.62352733780773,v3-2026-07-30-trip-suppression-fix
l_2543,,peripheral,arterial,West,0.3936491274111009,2.087831564551135,F,49.793166406555756,11.623539450099324,49.90940397851023,12.070740806355541,v3-2026-07-30-trip-suppression-fix
l_2085,SH16,peripheral,motorway,MWY,0.35294117647058826,3.2438399587900943,F,87.16541261073924,45.92367104709976,87.67331088998445,46.346687792152274,v3-2026-07-30-trip-suppression-fix
l_1831,,peripheral,arterial,East,1.8642224638806897,5.4165612226412,F,66.9975920537754,27.512874366468814,67.60879996164446,28.82590664672896,v3-2026-07-30-trip-suppression-fix
l_427,,peripheral,arterial,East,1.2808197246237591,1.3641085549041894,F,84.4901524895696,9.541330509440055,85.14371865496503,11.961624011839437,v3-2026-07-30-trip-suppression-fix
l_446,,peripheral,arterial,West,0.2729630135116692,0.4480220789152246,C,8.013247061251363,22.348633492839774,8.620728905020284,22.28355522679413,v3-2026-07-30-trip-suppression-fix
l_257,,peripheral,arterial,West,0.4163486225799736,4.404365079290178,F,39.569548285590436,6.530665093655181,40.054532155523674,6.900156083874466,v3-2026-07-30-trip-suppression-fix
l_973,,peripheral,arterial,East,0.6467608062951385,1.960575451550585,F,79.26963011395762,31.637598349774255,79.60262002906941,32.009813320113814,v3-2026-07-30-trip-suppression-fix
l_706,,boundary,arterial,East,0.48007681228996646,6.076178287264075,F,95.62030721267492,59.82073639361597,95.62734219700089,60.19897868217845,v3-2026-07-30-trip-suppression-fix
l_1328,,boundary,arterial,East,1.0311493018259936,7.240180068559382,F,64.78468473017887,66.6338974288172,65.26556100225024,67.9493378093099,v3-2026-07-30-trip-suppression-fix
l_458,,peripheral,arterial,West,1.4125402181589892,4.299005818275378,F,47.59617876818396,32.86944332563377,47.79573943349853,33.0819948251006,v3-2026-07-30-trip-suppression-fix
l_526,,boundary,arterial,East,0.9788726649808304,4.262655170593767,F,91.75010104614312,58.64931212548191,92.03767611801433,58.91424556394204,v3-2026-07-30-trip-suppression-fix
l_737,,inner,arterial,CBD,0.8204567209079722,8.277031407911409,F,103.40953531118548,60.108439614280215,103.91347280868749,60.3152799633728,v3-2026-07-30-trip-suppression-fix
l_1903,,peripheral,arterial,East,18.03633791609566,12.137752361644202,F,89.91925227233742,47.87261040785828,92.16623138336581,49.4525443304887,v3-2026-07-30-trip-suppression-fix
l_586,,peripheral,arterial,East,0.7751437245655965,7.161346343135309,F,106.97282358137726,45.98824119423296,107.14013993361219,45.633778238800495,v3-2026-07-30-trip-suppression-fix
l_907,,peripheral,arterial,West,0.6732873253661,1.366061982882256,F,15.3217889430515,72.72768638765986,15.604851378302122,72.74956852759031,v3-2026-07-30-trip-suppression-fix
l_1271,,peripheral,arterial,West,0.8782844177706213,2.526245290968557,F,60.005554820942166,47.992536583867455,60.183906457535066,48.2324938814453,v3-2026-07-30-trip-suppression-fix
l_829,,peripheral,arterial,East,2.4929884699283265,8.298990029122537,F,120.13699641765682,55.850744881256276,120.53325260381972,53.789304780519,v3-2026-07-30-trip-suppression-fix
l_1503,,peripheral,arterial,East,0.9701412094427078,5.9780751362455025,F,73.74610467426228,24.49653852502229,74.1048044898563,25.084499075963524,v3-2026-07-30-trip-suppression-fix
l_632,,inner,arterial,CBD,1.093942294543963,6.399483216110185,F,108.85548333009355,59.493573287192135,110.2298857455269,58.57608831545748,v3-2026-07-30-trip-suppression-fix
l_66,,peripheral,arterial,East,1.883386957545319,8.35740353943296,F,65.79131874330855,37.53490327907167,66.5307284376244,37.54830611452319,v3-2026-07-30-trip-suppression-fix
l_1813,,peripheral,arterial,West,1.2490458677399208,4.6758507332180335,F,52.28329132929725,11.135286795681793,53.13224760755773,11.200773498730635,v3-2026-07-30-trip-suppression-fix
l_2266,,peripheral,motorway,MWY,1.446480231436837,8.137942418877591,F,24.78930286728638,89.90620079474266,24.858954648088062,90.14816718611766,v3-2026-07-30-trip-suppression-fix
