link_id,sh,position,class,group,vc_peak,vcf_peak,los_peak,x1,y1,x2,y2
l_2171,,peripheral,arterial,West,2.312732879352435,3.340702113609165,F,19.91921230880739,86.37334853398386,19.926106752739194,86.75158827521348
l_980,,boundary,arterial,West,5.040428436417096,2.8665191309622746,F,56.694073547401054,62.971980289645025,57.70866742258504,62.57496723655643
l_226,,peripheral,arterial,East,0.43917435221783047,1.3370926285940574,F,86.5916285183731,15.015838603926118,87.0030007275946,14.92713592971127
l_554,,peripheral,arterial,West,0.2729630135116692,0.5284539878571282,C,29.827072700036368,18.167912745491606,30.133771162970287,18.29744512717027
l_715,,inner,arterial,CBD,3.7803213273128216,5.134058266880676,F,81.80594585524118,48.0205643556404,82.0243621759627,47.72151396091775
l_865,,peripheral,arterial,West,0.4163486225799736,0.43825502218982165,C,37.703173131629995,4.321633367633035,38.127914939335575,4.9624941669907185
l_2203,,peripheral,motorway,MWY,0.2,0.37644476142458155,B,20.805202855204747,92.032707531006,22.399919872862714,93.62525329203619
l_2227,SH1N,peripheral,motorway,MWY,0.4666666666666667,1.4990084480641366,F,33.058111487828576,81.89081997784211,35.90168045373832,79.24437655458021
l_2413,,inner,arterial,CBD,0.7897854416216927,0.8395795050962764,E,91.25286046529216,72.84749345694918,91.75179527385082,72.7841909472288
l_621,,inner,arterial,CBD,1.1047689191677408,3.1834461885429155,F,51.984776202617375,81.19311260890247,52.39790150800914,82.37469043157401
l_2508,,boundary,arterial,East,0.7897854416216927,0.5213547927648667,C,73.33873570061782,78.88137666158906,74.20233702682296,78.62352733780773
l_693,,peripheral,arterial,West,0.8188890405350076,0.6213618315179718,D,12.994130866692274,21.312260769453108,14.16267206992958,21.02075980134098
l_953,,peripheral,arterial,East,0.43917435221783047,1.1111271893468766,F,94.74427131458471,12.729508385691016,95.54527076006492,12.552472957554883
l_391,,inner,arterial,CBD,8,11.84929058733622,F,88.13824604143318,60.851355100114134,88.82022876021257,60.109002418329815
l_797,,peripheral,arterial,West,0.47084673938632976,0.7365525715119489,D,55.171355121145496,36.94652013262038,55.47809825859257,37.07601636840812
l_604,,peripheral,arterial,West,0.4163486225799736,1.979894179860947,F,57.47824904838939,14.661363814040484,57.831907494897834,14.97917767826356
l_1236,,boundary,arterial,East,0.39489272081084636,1.4120058597259275,F,110.70935067585489,64.45898202738962,111.07633431675083,64.31701017505766
l_478,,peripheral,arterial,West,0.2729630135116692,0.9283344172462574,E,44.143969963197385,29.554424425276366,44.67545346620091,30.0852133826215
l_88,,peripheral,arterial,West,0.9552619009711829,1.1373629900581979,F,5.2622748758372415,49.20841166111988,8.148804108213302,50.12899996174968
l_874,,peripheral,arterial,West,0.718562874251497,1.6734810665356064,F,54.30282958036696,64.17803438940116,54.73753808677626,64.17005208437376
l_115,,peripheral,arterial,West,0.4163486225799736,2.030428660172288,F,58.47005292411039,15.399864333918952,58.90864353705988,15.608008409911491
l_1637,,peripheral,motorway,MWY,0.26666666666666666,1.7118325265657606,F,80.3784383385374,14.049804955866923,80.94211381015269,12.79615210939323
l_561,,peripheral,arterial,West,0.7171029042667623,2.3564905412833266,F,31.058229188577965,14.172570820586582,31.182676867441586,13.845982687981149
l_649,,inner,arterial,CBD,1.3530273988048258,1.7530043387952492,F,74.18950563897673,69.6226280580766,74.64771262574864,70.88441532044997
l_1796,,boundary,arterial,East,0.39489272081084636,1.4221401202691062,F,110.2771595696091,64.60216806600864,110.70935067585489,64.45898202738962
l_949,,inner,arterial,CBD,0.9512485136741975,6.873564328754125,F,80.52577913799671,72.4514808872032,80.78511428794562,72.36560725696413
l_1559,,peripheral,arterial,West,0,0,A,59.36133610429514,47.24764500246948,59.58384565892624,47.50492640356332
l_1678,,peripheral,motorway,MWY,0.3333333333333333,1.7139841207713056,F,80.94211381015269,12.79615210939323,81.77925355649629,11.050957234452639
l_113,,peripheral,arterial,West,1.3324450366422385,1.208031851506173,F,39.70916501073208,37.85162503008587,40.19570474869588,38.302169088866755
l_782,,boundary,arterial,East,0.39489272081084636,0.8363908108328864,E,77.12271813832574,77.73047126542916,77.62016723642606,77.58615147631306
l_736,,inner,arterial,CBD,1.3981668479105174,0.86275277023123,E,82.65695102383421,49.00708608487663,84.61363647954586,51.349213948500825
l_665,,peripheral,arterial,East,0.6990834239552587,1.758049827541742,F,69.1167495055837,31.60886044265956,69.77094647788392,32.89406806263051
l_630,,boundary,arterial,East,0.5469711472719815,2.878534092885005,F,113.43853816851465,60.40815325388406,113.90558048528936,60.9670057373324
l_613,,peripheral,arterial,West,0.6732873253661,1.2225032693848303,F,12.838455797859599,72.47551143596816,13.513751713595749,72.54432523635822
l_1843,,peripheral,arterial,East,0.9321112319403448,2.3850945604396894,F,65.5419863242516,21.674948605585637,65.89837991321727,22.459408351024813
l_2503,,peripheral,arterial,West,0.8326972451599473,1.1091420945575832,F,53.61726759322485,11.570233857453232,54.407503476894796,11.988138001938534
l_2248,SH1N,boundary,arterial,West,0.13333333333333333,0.1084048823856278,A,49.15553793480003,70.40745441678304,49.268580488300465,69.45946102201226
l_896,,boundary,arterial,West,2.520214218208548,3.585224510242099,F,60.98902377665546,61.24441366475997,61.484449617654434,60.9920624452506
l_364,,boundary,arterial,East,0.8204567209079722,5.09420877767077,F,106.59899582020059,60.91395011494743,107.11610624288761,60.661083712013856
l_166,,boundary,arterial,East,0.48007681228996646,2.599673204581412,F,94.25698014732225,64.84596163196238,94.42584210066914,64.57256242888025
l_637,,inner,arterial,CBD,0.9788726649808304,1.9958464854143785,F,92.70736870500535,63.3612164894368,93.29637699962102,62.29625381690608
l_38,,peripheral,arterial,West,0.34657039711191334,0.8609196489606524,E,61.7574991780462,22.74462655540338,62.96845920756803,22.398014489575356
l_510,,inner,arterial,CBD,0.7062701090794946,1.5944739617467723,F,63.55634310055877,37.76525197287794,64.29276165623449,37.616559086629074
l_1017,,peripheral,arterial,East,1.5914415808319702,7.875275122665466,F,97.0638454446813,55.60480721914638,97.17704338533345,55.8459450532657
l_69,,peripheral,arterial,East,1.7566974088713219,3.566956744686408,F,79.3914622053205,17.0950407249489,80.32136976918541,16.834601662397436
l_891,,inner,arterial,CBD,1.260107109104274,4.509057622916274,F,80.69117831584225,49.69208389607326,81.05114349628595,49.17192259123796
l_948,,peripheral,arterial,West,0.6732873253661,0.8139068105660042,D,2.8836122255490593,66.68330547376482,4.656304385650536,68.51598354152654
l_486,,peripheral,arterial,East,0.8783487044356609,0.82256022995861,E,78.63389556618147,17.271209191065452,79.3914622053205,17.0950407249489
l_422,,inner,arterial,CBD,2.4979184013322233,5.398916776431713,F,83.48972467328285,62.26171774976253,83.92693597319536,62.38876064322207
l_889,,peripheral,arterial,West,0.6732873253661,1.536219568118754,F,18.959119157718842,73.06694931361326,20.06963750384834,73.15485135126279
l_687,,inner,arterial,CBD,0.4660556159701724,0.6228966476489048,D,88.1860699810941,55.22893905573418,89.27113355970832,56.28989760791533
l_1668,,boundary,arterial,East,1.260107109104274,0.7201218610288548,D,78.03295957510909,52.903326630060036,78.65124687623067,52.24326399052595
l_1497,,peripheral,arterial,West,0.4670351054720947,0.3152511337469961,B,51.28573149316999,51.449951048757505,51.58802133868618,51.33629838655588
l_2415,,boundary,motorway,MWY,0.5333333333333333,2.750691782710126,F,54.84204280116746,38.244766432071046,54.85581067271784,37.51987161663921
l_1993,,inner,arterial,CBD,0.43914220888531064,1.3580910467244587,F,69.4820407369622,69.03379323205994,69.9619536507304,70.29518922611199
l_382,,inner,arterial,CBD,3.746877601998335,5.891495338727601,F,83.92693597319536,62.38876064322207,84.8898050292072,62.722286394498205
l_2031,,boundary,arterial,East,0.5933544303797469,4.95519256004336,F,72.26968731133745,73.98228369520415,72.55326080360602,74.03110578680466
l_1347,,peripheral,arterial,West,0.3936491274111009,2.210386825740226,F,50.69692379383854,14.70487484598382,50.837244456030206,15.242827359576108
l_2099,SH1N,peripheral,motorway,MWY,0.4666666666666667,0.9598438192611367,E,24.217517569694923,94.32186840915018,24.975534360902035,90.57846158438335
l_668,,peripheral,arterial,East,1.1089548100914888,6.0557095162990064,F,93.03148677723222,18.81528551705726,93.44236204648575,18.699552901642477
l_1639,,peripheral,arterial,West,2.312732879352435,3.4242236440653504,F,19.926106752739194,86.75158827521348,19.969935188443806,89.1561121549009
l_84,,boundary,arterial,West,0.9590792838874681,1.9353546248759168,F,60.365306313722996,55.715473433865334,60.64586369269479,55.60220742294849
l_396,,boundary,arterial,East,4.995143610378799,3.180836167830051,F,90.9308499919602,57.85370365364385,92.08294553938917,56.670197145613685
l_2532,,boundary,arterial,East,0.7897854416216927,1.4742353194356783,F,114.44030911357665,63.98402954582265,115.22481130650839,64.07750355878663
l_336,,peripheral,arterial,West,0.3331112591605596,0.7573185811667804,D,16.17033802430047,20.25454630502344,16.412330261336795,20.4123017194454
l_186,,inner,arterial,CBD,7.07630616818021,6.000155640217921,F,70.50245947328503,47.77217709600998,71.42027172486131,48.025512440539416
l_209,,peripheral,arterial,West,0.34657039711191334,0.841851549282284,E,58.86046993158634,23.60872701684149,59.5953458922492,23.378997225514432
l_2056,SH16,boundary,motorway,MWY,0.07058823529411765,0.05416201257959344,A,78.93065187686287,35.09299452909122,79.44723806816282,35.933468638822205
l_729,,inner,arterial,CBD,0.7405578869414959,2.858627759915687,F,61.114056564192886,42.08038342879247,61.17028956170788,41.59287290640271
l_1795,,boundary,arterial,East,0.5469711472719815,3.2412097325406464,F,111.9019693746437,58.46384737328874,111.9302646176877,58.8146676413356
l_0,,peripheral,arterial,West,6.947660954145438,7.518019654536104,F,43.99316223748298,47.39456392132523,44.857725097972114,49.4867794975422
l_549,,peripheral,arterial,West,0.2729630135116692,0.552927996461468,C,32.914322210954026,19.381767932668083,33.37412857840073,19.562551042555498
l_1926,,boundary,arterial,West,0.5155746509129968,1.1805193142875219,F,61.583799926753976,58.12543558418083,61.74391316991776,58.55491233454933
l_753,,inner,arterial,CBD,0.5469711472719815,4.5752385930623,F,108.46929287016145,59.77103292301137,108.85548333009355,59.493573287192135
l_1025,,inner,arterial,CBD,1.9181585677749362,1.246511650152969,F,54.601457003357595,57.956488700539424,56.177153289115644,57.332965838616346
l_7,,peripheral,arterial,West,0,0,A,14.16267206992958,21.02075980134098,14.219989880572841,20.587299202805738
l_1367,,inner,arterial,CBD,0.47084673938632976,0.6938991623645553,D,58.14789152607042,38.02692282139855,58.6932002835808,38.125001577171155
l_488,,peripheral,arterial,West,0.2729630135116692,1.0013469074228551,F,46.578138382687364,31.888133285511604,47.17582294646184,32.47175549958748
l_21,,peripheral,arterial,West,0.6662225183211192,1.14488992228192,F,31.906070901338584,31.994428180032507,33.845689427382226,33.44544363196656
l_2688,,inner,arterial,CBD,0.658713313327966,1.5003990560199434,F,66.46478413796704,61.06253952553714,67.17348788102349,62.941334292967575
l_2172,,boundary,arterial,West,6,6.191092280703471,F,49.65627609578162,60.48860823595705,50.204807783746894,60.06415870171038
l_236,,peripheral,arterial,East,1.162715586848395,3.5646148676620872,F,108.46982879201212,22.528156201237426,109.33551067936077,23.484989208777264
l_559,,peripheral,arterial,West,0.7171029042667623,2.1827827751327202,F,30.933286710960843,14.472141602147115,31.058229188577965,14.172570820586582
l_287,,peripheral,arterial,West,0.9552619009711829,2.0100228565007203,F,27.99873854125966,40.633059065700095,29.63117375053188,40.738407169336135
l_374,,peripheral,arterial,East,1.2464942349641632,1.7668422498023288,F,122.05703166725341,45.760889409575576,122.20863463755362,44.56887467562283
l_463,,peripheral,arterial,West,1.4730252255569876,0.6040335334493943,C,48.32123071800632,71.1524598947514,48.84250379985112,72.305034748848
l_2626,SH16,peripheral,motorway,MWY,0.07058823529411765,0.06928846258927485,A,77.55545157062653,32.855574573707166,78.93065187686287,35.09299452909122
l_1837,,peripheral,arterial,West,0.34657039711191334,0.8234653847995345,E,54.573612108611755,24.55237793946717,55.0507051747397,24.48955916017937
l_265,,peripheral,arterial,West,1.3465746507322,2.852545054823542,F,22.685429373062288,72.32348419454668,23.242681989488776,71.88091929891863
l_1181,,peripheral,motorway,MWY,0.26666666666666666,0.11141124552253759,A,54.790414310606764,39.87236972272349,56.54245474560589,44.110349820587466
l_771,,inner,arterial,CBD,0.4660556159701724,1.5577477363366217,F,75.1054356537735,40.39006990359467,75.32726555570973,40.62921196747983
l_1227,,boundary,arterial,East,0,0,A,73.0664042965219,78.26479248703758,73.33873570061782,78.88137666158906
l_43,,boundary,arterial,East,0.7906700929037359,0.28551987794882727,B,65.37049502225159,34.75892893840695,65.5765602186425,35.32268875330685
l_1010,,inner,arterial,CBD,1.317426626655932,2.477944335804759,F,61.57523606058552,50.5852230433357,62.092555281063845,51.52162875875946
l_1773,,boundary,arterial,East,0.9321112319403448,1.5061430622020302,F,81.6301493086544,47.56664669256718,81.80594585524118,48.0205643556404
l_679,,inner,arterial,CBD,1.3057671381936886,2.451604609538121,F,59.67908891499268,79.83562392620523,60.53463260160553,82.60360952623184
l_1074,,inner,arterial,CBD,1.3674278681799537,5.81550826272092,F,98.55879211378273,57.658094585658226,100.09029669993842,58.17017319126349
l_1413,,peripheral,arterial,West,0.3936491274111009,2.488313832982985,F,52.66608875196017,23.668517093456877,52.70507672282904,23.424563417703144
l_894,,inner,arterial,CBD,0.9512485136741975,6.8315149449009285,F,82.16773103888916,71.8805917096322,82.4058292623274,71.82213525310672
l_1203,,boundary,arterial,East,0.5155746509129968,0.9924114289148992,E,65.37972383761091,68.24452625850793,65.79091193583423,69.31801109504654
l_299,,peripheral,arterial,West,1.446480231436837,2.502357369122482,F,25.855796386435493,78.0493306162986,26.037583622950738,78.47843636966675
l_48,,peripheral,arterial,East,1.162715586848395,3.17628779216101,F,111.16009224621511,37.369775279737574,112.25637496368564,35.5385411198825
l_1866,,peripheral,arterial,East,0.4660556159701724,2.311504755587189,F,66.31199565899901,24.525568450433795,66.47509144954758,25.117145745831465
l_1903,,peripheral,arterial,East,2.3871623712479555,8.492437921947106,F,89.91925227233742,47.87261040785828,92.16623138336581,49.4525443304887
l_798,,peripheral,arterial,East,0.7751437245655965,3.035463525873184,F,111.88861187286386,27.49141390484622,112.29493053495209,28.29464074874688
l_751,,peripheral,arterial,East,0.43917435221783047,0.881629136459918,E,98.50670295029522,11.659621214841225,99.17731541250967,11.484994891160891
l_30,,peripheral,arterial,West,0.42560737719453806,2.0314333124590824,F,34.33790463427737,43.70643040416842,34.58782066203479,43.10728654037618
l_270,,peripheral,arterial,East,1.5745965096444037,6.000128158069237,F,62.983624140222425,30.2894662897823,63.79169292857984,30.49079872968815
l_73,,peripheral,arterial,West,0.5459260270233384,1.0043261516973314,F,47.17582294646184,32.47175549958748,47.59617876818396,32.86944332563377
l_780,,peripheral,arterial,West,0.42560737719453806,1.9892798736975494,F,31.887082961168694,51.15638090157586,32.13059058682008,50.20601713188289
l_505,,inner,arterial,CBD,2.1228918504540633,3.6321859592520753,F,69.11457928555151,56.203002006373694,69.71112581881982,57.89467136604405
l_1787,,peripheral,arterial,West,0.9340702109441894,0.250919713829388,A,52.3921818020214,51.32153814891499,53.25856253837734,51.1434765442078
l_895,,peripheral,arterial,West,0.6384110657918071,2.009719722323618,F,31.300284191441023,53.54540039863491,31.502800738853786,52.730917123186046
l_2038,,peripheral,arterial,West,5.785920925747348,2.8736060075074445,F,26.197476662346165,84.85369005084536,27.363925558451466,83.2378907499631
l_600,,peripheral,arterial,West,0.4163486225799736,1.8354354629963137,F,55.709475407824385,13.045268594518097,56.19549972464025,13.468757795687031
l_322,,peripheral,arterial,East,0.7751437245655965,3.539783856161208,F,106.51764890136762,20.429405462124972,107.31610278619196,21.279390959790696
l_2185,SH1S,peripheral,motorway,MWY,0.12631578947368421,0.25805390548120316,A,88.58763038987404,4.276280946767307,89.32106543867857,3.6450025409067117
l_743,,boundary,arterial,West,0.7365126127784938,4.855805511929476,F,49.18592036398048,73.24465908987568,49.324280536344816,73.67454307841179
l_511,,peripheral,arterial,East,1.1259148057796962,1.2778727090194604,F,118.61375585870096,20.93350617850465,121.14212573432141,20.12950421223557
l_401,,inner,arterial,CBD,2.4979184013322233,5.957665901747245,F,84.8898050292072,62.722286394498205,85.50290607461442,62.95417671462451
l_264,,boundary,arterial,East,0.9321112319403448,0.6912473744798903,D,86.14738469613144,53.15862571255355,86.39147628717548,53.424371483755564
l_714,,peripheral,arterial,West,0.2729630135116692,0.8838637950962378,E,21.944412559906883,15.041487566721257,22.338514977887286,15.196464898997053
l_758,,peripheral,arterial,East,0.8774495466510676,0.3693740255765507,B,70.79589712499272,14.253880412658324,70.95700150242646,14.737385387322133
l_536,,inner,arterial,CBD,1.8760259516923319,4.270707325577569,F,70.3428338035905,47.36972377019705,70.50245947328503,47.77217709600998
l_2141,SH1S,peripheral,motorway,MWY,0.3157894736842105,2.1879678965302247,F,75.80802843546739,21.972011158945016,77.36887730735127,20.564812472397445
l_810,,boundary,arterial,West,0.718562874251497,1.69286360317453,F,52.759614488936556,64.20636422149931,53.21605837197431,64.19798616995762
l_425,,peripheral,arterial,West,0.33664366268305,0.8148182001861431,D,2.6623343474204164,66.47110541149962,2.8836122255490593,66.68330547376482
l_763,,peripheral,arterial,West,0.5904736911166514,6.005478566499953,F,57.80877329498813,29.0603833529227,58.20392753524212,29.269328819141265
l_49,,peripheral,arterial,West,0.2729630135116692,0.7166545656633114,D,40.13917123397722,25.735967467360865,41.88717799682188,27.406626014369678
l_52,,peripheral,arterial,East,0.48007681228996646,3.603394489665423,F,91.16086530039657,69.0654770496398,91.37421086995198,68.84530934288631
l_1383,,peripheral,arterial,West,0.4163486225799736,0.7874509550344327,D,54.22918699067504,11.748176452690043,54.407503476894796,11.988138001938534
l_2140,,peripheral,arterial,West,0.8326972451599473,0.5416625800934151,C,49.443104704879936,9.72922673643824,49.52057764410846,10.606463518772738
l_2458,SH1N,boundary,motorway,MWY,0.3333333333333333,2.313167074386076,F,55.196227636265796,50.10791671258873,56.236816790672194,48.764506272463414
l_65,,peripheral,arterial,East,1.2464942349641632,2.109099738978257,F,120.61412128457954,53.46347217081694,120.93405216628898,51.97101970489595
l_1481,,inner,arterial,CBD,0.5469711472719815,3.15823116363512,F,111.9302646176877,58.8146676413356,112.28206302975441,59.02432381747972
l_557,,peripheral,arterial,West,0.2729630135116692,0.9991291185874421,E,23.411681397626165,15.636355432577187,23.69614807299709,15.739275869355476
l_1283,,peripheral,arterial,West,1.260107109104274,3.185206775099158,F,56.114680226208456,63.388020240501945,56.32606541401806,63.05982054201619
l_1901,,boundary,motorway,MWY,0.5333333333333333,2.186055988409573,F,82.73102461739431,41.276115467168836,84.08931759086086,43.007705641182994
l_607,,peripheral,arterial,West,0.4163486225799736,0.4651072851830449,C,37.1450881745734,3.5210531146608828,37.458209591611435,4.001798971551008
l_157,,inner,arterial,CBD,2.1228918504540633,5.896450749523202,F,71.42027172486131,48.025512440539416,72.51495436720664,48.43773914186577
l_2689,,peripheral,arterial,East,0,0,A,66.91059619687547,20.61940244846136,67.10689087911975,20.48396774984945
l_212,,inner,arterial,CBD,0.9416934787726595,0.6827149451096632,D,60.0476004068279,38.478461263363045,61.5204454732506,38.18109805684745
l_1211,,boundary,arterial,West,0.5155746509129968,0.7492290638571968,D,58.177596542623355,49.080179599865495,58.359430838136134,49.5092591856192
l_1,,peripheral,arterial,West,0.42560737719453806,2.011155392648608,F,33.55506511881598,46.0720152319914,33.84449708141225,45.25594081754156
l_1542,,peripheral,arterial,East,1.293521612590277,2.579731816811726,F,73.74610467426228,24.49653852502229,73.76033762530636,24.090877441188407
l_373,,boundary,arterial,East,0.48007681228996646,2.6821009358359467,F,95.11297254975042,62.938214680546714,95.31776585544671,62.25874835829025
l_275,,peripheral,arterial,West,1.8158890290037832,3.061833613751899,F,29.673640407118377,66.84494709908721,30.45118311183978,66.56049963894581
l_1831,,peripheral,arterial,East,1.8642224638806897,2.313127261979315,F,66.9975920537754,27.512874366468814,67.60879996164446,28.82590664672896
l_246,,peripheral,arterial,West,0.6245229338699604,2.2732350283843643,F,62.15842817136065,16.196837157858926,63.01787963772989,16.829647840958994
l_804,,peripheral,arterial,West,0.718562874251497,1.685592788429965,F,49.674674255373986,64.34404111685214,50.30450507132741,64.30546332118806
l_309,,boundary,arterial,East,1.415261233636042,3.926575851400667,F,67.3005478766954,49.80413837125006,67.82793053989006,48.92957243619345
l_695,,boundary,arterial,East,0.48007681228996646,2.8738857740186616,F,95.58249214144531,58.95658599146769,95.58852214064525,59.28079368324104
l_2252,SH16,peripheral,motorway,MWY,0.07058823529411765,0.08937842880036324,A,77.26155269766701,32.37740772031611,77.55545157062653,32.855574573707166
l_571,,peripheral,arterial,West,0.4163486225799736,1.8396832120149837,F,55.047622773339015,12.516903946996234,55.37854866737368,12.781086522748506
l_1410,,peripheral,arterial,West,0.3936491274111009,2.3884194013910895,F,52.314129578362284,21.08044440557598,52.384790658116664,21.37643744779161
l_122,,boundary,arterial,West,1.1108368304122438,2.8754692991313577,F,60.930097372138135,43.89453909560911,61.042565463147625,42.919518279823976
l_690,,peripheral,arterial,West,0.5459260270233384,0.8126397869794637,D,14.18841608295176,20.047349898517552,14.363812522100684,18.936088409652413
l_2152,,peripheral,motorway,MWY,0.13333333333333333,0.2611749100455146,A,56.236816790672194,48.764506272463414,56.402727847693974,48.329035398305
l_47,,peripheral,arterial,East,1.2464942349641632,1.7630936339354557,F,121.88622266419952,47.088396993059845,122.05703166725341,45.760889409575576
l_2209,,inner,arterial,CBD,2.3720102787112074,4.212826893028883,F,65.37049502225159,34.75892893840695,65.77564147931554,35.76447704707274
l_233,,inner,arterial,CBD,0.6990834239552587,1.2323529438849448,F,80.05201178107251,45.703972737526854,81.01008786227239,46.95650418119253
l_1549,SH1N,peripheral,motorway,MWY,0.26666666666666666,2.1690803287920786,F,64.02685857431082,31.180652193133124,64.82007502293318,30.850228876456175
l_566,,peripheral,arterial,East,0.7751437245655965,3.3872289999806684,F,104.31439149020592,51.497118173635656,104.58686244580402,50.95151444630391
l_2564,,peripheral,motorway,MWY,0.5333333333333333,2.768961376975003,F,54.84337716773664,36.84443996626127,54.85581067271784,37.51987161663921
l_1786,,peripheral,arterial,West,0.42560737719453806,0.17464233241494043,A,28.828449705395226,63.42803872377259,29.063093303299656,63.180523259673606
l_2048,,boundary,arterial,East,2.187884589087926,5.757308010115686,F,100.61596088067445,58.37661739014762,101.1613482400527,58.474587001941416
l_400,,peripheral,arterial,West,5.5581287633163505,5.799155105599735,F,45.88089157914587,51.92742800306539,46.53102693386683,52.99656676705129
l_147,,peripheral,arterial,East,0.9321112319403448,2.5950341606241496,F,64.39010580932049,18.15569880527333,64.61339702017465,18.47590338906229
l_898,,peripheral,arterial,East,1.6888722086695442,1.88093600026544,F,113.56351492893005,24.05479541409066,116.80502461872207,21.859174218520465
l_528,,inner,arterial,CBD,1.6844469399213926,3.616216790488247,F,61.4001317421166,45.80476742262413,61.71436455584005,46.33951391972756
l_103,,peripheral,arterial,West,0.9552619009711829,1.5090632935354034,F,18.215256762926387,45.37870460126316,18.379765234502536,44.86221493952579
l_596,,boundary,arterial,West,0.51985559566787,3.614113965758219,F,48.613002687591845,31.418397879223342,48.738428674370375,31.14583354077801
l_231,,peripheral,arterial,West,0.2729630135116692,0.5456959623981587,C,31.49095255807371,18.81318911534808,32.45451668578015,19.200983829058003
l_640,,boundary,arterial,East,0.5469711472719815,5.03723706112987,F,107.11610624288761,60.661083712013856,107.4598377742499,60.438470714385474
l_2138,,peripheral,motorway,MWY,0.13333333333333333,0.2652396429149666,A,57.404808572559816,47.256589734658704,57.584649395813265,47.577600920728216
l_526,,boundary,arterial,East,0.9788726649808304,2.2166603227923627,F,91.75010104614312,58.64931212548191,92.03767611801433,58.91424556394204
l_1496,,peripheral,arterial,West,0.23351755273604735,0.3851224940446,B,50.97996415226851,51.37448260392888,51.28573149316999,51.449951048757505
l_659,,peripheral,arterial,East,0.6587615283267457,3.423078625374466,F,83.0893491253572,16.053661287411398,83.47849287792684,15.938350631801763
l_436,,peripheral,arterial,West,0.6732873253661,0.8160216314079289,D,0,64.73559430462322,1.4221081112594016,65.22334325588477
l_245,,peripheral,arterial,East,1.1089548100914888,5.4088116958693355,F,101.01138621981251,16.585973676240414,101.68150962704725,16.38432238909062
l_1598,,peripheral,motorway,MWY,0.26666666666666666,1.4773116402797917,F,46.1774620258294,74.0024792413105,47.765118335675915,72.83828332406051
l_986,,inner,arterial,CBD,1.260107109104274,2.752230552282353,F,64.27183221174457,60.04889308379106,64.59536532672976,59.90780433945354
l_696,,boundary,arterial,West,2.520214218208548,3.0481260818345786,F,59.154975830174145,62.007853992161465,59.436040302780505,61.921607193387665
l_1280,,boundary,arterial,West,1.317426626655932,1.871261878683579,F,60.3128151638892,48.1490434873391,60.98773892815765,49.37984309580079
l_646,,inner,arterial,CBD,1.3530273988048258,1.9515271495061453,F,73.91568303029801,68.92499321134198,74.18950563897673,69.6226280580766
l_1797,,inner,arterial,CBD,0.5923390812162695,1.3540941646809859,F,108.11669978191439,65.34510178786458,110.2771595696091,64.60216806600864
l_107,,boundary,arterial,East,3.1626803716149436,4.001361192898975,F,66.18877609814999,36.6897596250006,66.5307284376244,37.54830611452319
l_2057,,boundary,arterial,East,0.9321112319403448,1.0480743039667015,F,82.25720365208501,48.63876155247826,82.65695102383421,49.00708608487663
l_335,,peripheral,arterial,West,0.6662225183211192,0.7607611043442406,D,16.412330261336795,20.4123017194454,18.153196678252467,21.70491167062366
l_1061,,boundary,arterial,East,1.317426626655932,1.7340656470188884,F,65.43534998947828,58.297777320738305,65.84702091206691,59.39827931212193
l_716,,peripheral,arterial,East,1.902497027348395,7.940876890417169,F,75.53466297520778,74.16527256262826,75.85871184117023,74.05118412738653
l_1451,,inner,arterial,CBD,2.936617994942491,1.8533627675390556,F,90.45208248829778,66.02461078086631,91.21750506930572,65.09151821134026
l_223,,peripheral,arterial,West,0.7171029042667623,1.5689933798125864,F,34.67486260057886,2.7554381936193932,34.691642072889,2.4848681150931027
l_1988,,boundary,arterial,East,0.9788726649808304,0.9888236225709329,E,90.35462429295049,66.30890785708459,90.45208248829778,66.02461078086631
l_1758,SH1N,peripheral,motorway,MWY,0.3333333333333333,0.3446640928564193,B,25.298401125229688,96.8105361307028,26.11703655265897,98.31416060340739
l_208,,inner,arterial,CBD,0.47084673938632976,0.6952106000229048,D,57.578859904655694,37.82117309781113,58.14789152607042,38.02692282139855
l_1461,,boundary,arterial,East,0.48007681228996646,2.8480166719170543,F,95.48349228329441,58.30978429396677,95.48914733627757,57.44482697016596
l_228,,peripheral,arterial,West,1.9105238019423658,2.3384992086235528,F,34.59075653131519,42.08023507148212,34.91972039992311,42.2363815577569
l_1862,,peripheral,arterial,East,3.723239218119764,1.0807437840342387,F,71.68178620758258,75.26593663860208,72.79557261648976,77.72925969396898
l_869,,boundary,arterial,West,0.718562874251497,0.39676316222312735,B,58.065048907854084,64.21702625636892,60.44267633854319,64.6327617430153
l_1769,SH1N,peripheral,motorway,MWY,0.4,2.512926375521592,F,62.370841689415734,31.246673889014883,64.02685857431082,31.180652193133124
l_214,,peripheral,arterial,West,2.1697203471552555,2.603192593245747,F,24.238027297717988,73.99785629994628,24.944404743697714,75.76871391045684
l_1740,,boundary,arterial,East,1.184678162432539,0.8306959546938315,E,80.05942625532296,76.62218255060786,81.08005577299889,76.54926355530483
l_1544,SH16,peripheral,motorway,MWY,0.21176470588235297,1.741705769739496,F,49.68867320585987,26.07446749641536,50.39600241867397,26.710121222629585
l_581,,inner,arterial,CBD,1.438618925831202,2.8701992799813274,F,61.293417623683446,55.34705758430491,62.070878876013246,55.062488842189836
l_258,,peripheral,arterial,West,0.2729630135116692,0.8163471782092344,D,16.058494501113277,15.310789384286009,16.358777119211265,15.089117718826287
l_355,,boundary,arterial,East,1.293521612590277,0.4913736188337474,C,86.88301736275469,51.793673046567044,86.93016873018497,50.81984247240323
l_467,,peripheral,arterial,West,0.2729630135116692,0.6036138378482837,C,10.396269420581742,21.89997852901745,10.677786995109543,21.840813566101534
l_1378,,peripheral,arterial,East,2.32543117369679,3.3835176667500764,F,103.9397946473381,52.39596848608203,104.31439149020592,51.497118173635656
l_1053,,inner,arterial,CBD,0.658713313327966,1.3805327988319005,F,68.04283296939884,65.27661641542423,68.49949739909397,66.45736428321915
l_111,,peripheral,arterial,East,0.34657039711191334,0.7970649213368035,D,63.20600543557695,22.31256086351536,63.552206767970176,22.225105963372908
l_1029,,inner,arterial,CBD,1.415261233636042,4.990447135541189,F,76.47558903030958,53.337496176667955,76.64823232438683,54.4423944689352
l_902,,peripheral,arterial,West,0.7232401157184185,2.215007270747795,F,25.445297927192893,77.00279068981494,25.67302331002008,77.56619041915954
l_585,,peripheral,arterial,East,0.7751437245655965,3.3909035907117615,F,106.78377288492112,46.34310863502439,106.97282358137726,45.98824119423296
l_1335,,inner,arterial,CBD,0.39489272081084636,0.729286152531118,D,84.7260242626595,74.99536883348628,85.37493950857717,75.0064425633978
l_53,,peripheral,arterial,West,0.6732873253661,0.985864276700646,E,9.222887421368313,72.13574772039667,9.963388789742353,72.20338992364428
l_738,,inner,arterial,CBD,1.5280135823429541,15.834742364763434,F,56.50199752388697,40.732792805068556,57.16493430962281,41.31518949805512
l_370,,inner,arterial,CBD,1.4730252255569876,3.9803882177666763,F,51.09034813211472,78.66904767131466,51.73275430312918,80.49505218483208
l_179,,peripheral,arterial,West,1.54182191956829,2.7279175096884813,F,20.00482212866559,83.91241743811356,20.177310226202337,82.63905330380759
l_814,,peripheral,arterial,East,0.9701412094427078,2.5817734516664164,F,76.10914760698414,27.66905318193299,77.22274817919336,29.10791067568746
l_1265,,boundary,arterial,West,17.032831399654405,14.08766769965546,F,60.3128151638892,48.1490434873391,60.774522595022184,47.24867825432507
l_2485,SH1N,peripheral,arterial,West,0.13333333333333333,0.09461417486921232,A,48.64972265462467,71.87142792509727,49.15553793480003,70.40745441678304
l_534,,peripheral,arterial,East,1,0.963548767177198,E,103.16852643092771,12.194534604577695,103.42418459583601,13.081660248598487
l_654,,peripheral,arterial,West,0.42560737719453806,1.9888310863603285,F,29.74430385045938,60.006032223592356,29.946834492384088,59.19155118606064
l_338,,peripheral,arterial,East,0.7751437245655965,3.1840221916672022,F,112.25637496368564,35.5385411198825,112.40345479646213,35.26553051157771
l_234,,inner,arterial,CBD,0.4660556159701724,1.5624214358464266,F,75.32726555570973,40.62921196747983,75.63802827473823,40.974817400909345
l_288,,peripheral,arterial,West,0.9552619009711829,1.6784363610167774,F,19.935796056810617,41.96912676686193,20.192649460808386,41.74824217341271
l_26,,peripheral,arterial,West,0.34657039711191334,0.819022121829722,D,57.627765842110215,23.955714238105273,58.86046993158634,23.60872701684149
l_777,,peripheral,arterial,West,0.718562874251497,1.6218857431447329,F,54.73753808677626,64.17005208437376,54.99836319691501,64.16526226450581
l_861,,peripheral,arterial,East,1.1089548100914888,5.630984656647813,F,96.96888977573524,17.796238769374977,97.27060470190436,17.655499622232853
l_719,,peripheral,arterial,East,0.43917435221783047,3.2956163393019344,F,83.47849287792684,15.938350631801763,83.8236740573931,15.796826580917708
l_1278,,peripheral,arterial,West,6.665020982473463,13.87838491660177,F,60.80485960601981,45.35627036157406,60.924484608854556,45.94865095390427
l_2049,,boundary,arterial,East,0.5469711472719815,0.2124863195028065,A,101.1613482400527,58.474587001941416,101.16638054128681,58.744760190886595
l_531,,boundary,arterial,East,4.059082196414478,1.9043057850588327,F,75.42472702495618,72.9240842775568,75.85871184117023,74.05118412738653
l_945,,inner,arterial,CBD,0.6931407942238267,3.5906164952019886,F,48.48658325403197,31.63692760098967,48.613002687591845,31.418397879223342
l_2590,,inner,arterial,CBD,0.39489272081084636,0.7151641889763368,D,85.37493950857717,75.0064425633978,86.13030614591256,74.69414848581485
l_278,,peripheral,arterial,West,0.4163486225799736,0.5278400594223159,C,41.986055435263715,7.918815309245112,42.33620669458588,8.047533513322234
l_1172,,boundary,arterial,East,12,17.25376250614847,F,93.73447562361224,71.82851945246047,94.01955939567458,71.95836419580954
l_851,,inner,arterial,CBD,0.9416934787726595,4.6161886636821885,F,48.901713511579864,34.115739221453836,49.45544964230435,34.67313521230625
l_509,,inner,arterial,CBD,0.7062701090794946,1.4500450286005093,F,64.29276165623449,37.616559086629074,65.35616662209551,37.515893266219976
l_56,,peripheral,arterial,West,0.6384110657918071,1.998122447979498,F,32.83295756051913,48.193250629268356,33.45084826199009,46.31715503374983
l_2177,,boundary,arterial,East,0.9321112319403448,1.0419360735008278,F,81.80594585524118,48.0205643556404,82.09757664711329,48.15258459901358
l_850,,boundary,arterial,West,0.3682563063892469,0.2853739847705643,B,46.520830725619874,67.83419521457432,47.50995239258099,69.59980472525197
l_655,,peripheral,arterial,West,3.745610612563402,2.4053080732047696,F,34.91972039992311,42.2363815577569,36.278057499793505,42.80613344039605
l_2219,,peripheral,arterial,East,0.6467608062951385,0.8363606222023284,E,87.32271143390261,46.45025432071065,87.38651955673964,46.86865892342196
l_1400,,boundary,arterial,East,1.293521612590277,0.38024859328245986,B,86.14738469613144,53.15862571255355,86.68372484468301,52.77032123279098
l_2665,,peripheral,arterial,West,2,1.8555535920796231,F,47.842940348252505,70.26999019862859,47.99921464374544,70.55832410367694
l_447,,peripheral,arterial,West,0.9079445145018916,3.032992711604824,F,36.047557714434184,64.64755526746256,37.769562947338876,63.69718897123378
l_397,,peripheral,arterial,East,0.6467608062951385,0.7070812853454762,D,82.74300274340413,36.059762791077446,83.20020090504401,37.26749840509649
l_589,,peripheral,arterial,East,0.6467608062951385,0.970470675283429,E,80.33730487909686,32.94215722915171,80.58236816714985,33.26194376468249
l_289,,peripheral,arterial,West,1.4328928514567743,1.7352313557920445,F,20.192649460808386,41.74824217341271,22.447982986685012,40.2477627870245
l_133,,peripheral,arterial,East,1.6409134418159443,2.5587221058208547,F,114.10574223197162,61.20651364290733,114.75172089097913,62.0322947864568
l_50,,inner,arterial,CBD,0.4660556159701724,1.661646352922813,F,73.88413068294506,39.00724131093205,74.17215607017293,39.29921543933476
l_724,,boundary,arterial,East,1.4125402181589892,2.0693531413552795,F,66.81325321532405,37.54309989421768,67.55166520542518,37.50246451841118
l_1407,,peripheral,arterial,East,0,0,A,99.54522357902769,54.58575504633616,100.15026983076909,54.38532482947949
l_832,,peripheral,arterial,West,0.2729630135116692,0.5685848541578127,C,33.37412857840073,19.562551042555498,34.12039286685029,19.954308666811688
l_1872,SH16,peripheral,motorway,MWY,0.21176470588235297,1.7645274926876793,F,49.511344857629844,25.888536433079363,49.68867320585987,26.07446749641536
l_876,,peripheral,arterial,East,0.43917435221783047,1.2215678958465677,F,90.52797910869336,13.942877608033063,91.37144208454141,13.711017694944955
l_2342,SH1S,peripheral,motorway,MWY,0.1894736842105263,2.174021652941679,F,78.6381945270524,18.6765126787987,78.88845077178134,18.10432682237426
l_844,,peripheral,arterial,East,0.6467608062951385,0.8253711076382482,E,72.63653273477681,20.922492786809368,72.7072231246955,21.218479863717985
l_352,,inner,arterial,CBD,1.415261233636042,5.5187887220516885,F,72.51495436720664,48.43773914186577,72.82172612412494,48.56721059511827
l_573,,peripheral,arterial,West,0.4163486225799736,2.0282239549164287,F,58.90864353705988,15.608008409911491,59.346238922922744,15.762116970461204
l_137,,inner,arterial,CBD,1.1771168484658243,4.619493692141312,F,52.45812608059369,35.996374270369245,53.87968625178682,36.456745482464065
l_1836,SH1N,peripheral,motorway,MWY,0.5333333333333333,1.4947407774363266,F,27.578237516808805,87.82842725419826,32.51270910962398,82.98182240782904
l_1348,,peripheral,arterial,West,0.5904736911166514,2.2122066144979553,F,50.372327238151584,13.6027499728096,50.69692379383854,14.70487484598382
l_618,,peripheral,arterial,West,0.6732873253661,3.819729618666867,F,26.07238139930309,69.66727884791707,26.2650441370088,69.50161069839838
l_2472,,inner,arterial,CBD,3.7803213273128216,3.3290229616693434,F,59.89578389608564,61.716984700024234,60.98902377665546,61.24441366475997
l_976,,peripheral,arterial,East,0.43917435221783047,1.0811408910711964,F,95.78329677286504,12.493998602727025,96.28007275745321,12.322610633864773
l_829,,peripheral,arterial,East,1.2464942349641632,2.2981093572643694,F,120.13699641765682,55.850744881256276,120.53325260381972,53.789304780519
l_1826,SH1N,inner,motorway,MWY,0.4666666666666667,2.5075682020058636,F,55.91392852760065,34.77076307673768,57.25071742781802,32.989475821849105
l_138,,peripheral,arterial,West,0.42560737719453806,2.006530622364388,F,32.605257529280145,48.819012167605855,32.83295756051913,48.193250629268356
l_323,,peripheral,arterial,East,0.7751437245655965,3.5475439997541143,F,107.31610278619196,21.279390959790696,108.02612519860295,22.04994085333653
l_342,,peripheral,arterial,West,0.9416934787726595,0.7648805326834262,D,54.84337716773664,36.84443996626127,55.171355121145496,36.94652013262038
l_2546,,boundary,arterial,East,1.317426626655932,1.6809908172383645,F,63.668765861908625,54.46552494747484,64.18510637025192,55.347891346380386
l_68,,peripheral,arterial,East,1.162715586848395,3.3820272695758535,F,104.8375977296964,50.40631472515976,105.61152915050488,48.77030886430576
l_717,,peripheral,arterial,East,0.8774495466510676,1.0318069754997572,F,70.95700150242646,14.737385387322133,71.3291682956456,16.054818204487734
l_1479,,boundary,arterial,East,0,0,A,82.08185256660941,48.47719424489277,82.65695102383421,49.00708608487663
l_2292,,inner,arterial,CBD,0.39489272081084636,1.530288559801379,F,95.79905897691668,70.60104186626934,95.99167030038294,70.43530732536722
l_404,,boundary,arterial,East,0.3090632807067247,0.3909842497962073,B,125.15647675845219,63.810915565916524,127.95733350439917,63.59635308837599
l_468,,peripheral,arterial,West,0.2729630135116692,0.5194085951720823,C,9.096842275087386,22.166807835789175,10.396269420581742,21.89997852901745
l_257,,peripheral,arterial,West,0.4163486225799736,0.4926852456941032,C,39.569548285590436,6.530665093655181,40.054532155523674,6.900156083874466
l_767,,boundary,arterial,East,3.7520519033846638,5.7571109589822855,F,66.5307284376244,37.54830611452319,66.73779684919414,38.16609945018584
l_568,,peripheral,arterial,West,0.6052963430012611,3.270942410433115,F,42.18728377616061,63.91366633105836,42.775625154199204,63.983975809775
l_608,,peripheral,arterial,West,0.2081743112899868,0.4636210016923749,C,36.899631159976956,3.174200817466635,37.1450881745734,3.5210531146608828
l_169,,boundary,arterial,East,0.48007681228996646,2.8784676406783114,F,95.53198715975178,58.57915053254723,95.58249214144531,58.95658599146769
l_491,,peripheral,arterial,West,0.2729630135116692,0.6028232272119634,C,10.677786995109543,21.840813566101534,12.106611667987261,21.517570915137576
l_535,,boundary,arterial,East,0.9380129758461659,5.795228176399383,F,66.89691065895856,38.541538023179406,66.96610027265491,38.756474806697
l_905,,inner,arterial,CBD,0.8705114254624592,4.394935280887589,F,56.57648856515048,70.75773242738443,56.71536035006015,71.2146292231835
l_8,,inner,arterial,CBD,1.415261233636042,4.9939891526819356,F,74.49349172307936,49.61741299843831,74.82449982857337,49.881566748454176
l_1655,,inner,arterial,CBD,3.7803213273128216,4.502478636363018,F,79.22255887109388,51.39488182530737,80.43487564907198,49.94006221877742
l_2346,SH16,peripheral,motorway,MWY,0.2823529411764706,2.2642299806489365,F,88.88572095283965,47.24312752398298,89.91925227233742,47.87261040785828
l_2422,SH1N,boundary,motorway,MWY,0.06666666666666667,0.03443585156384048,A,49.19699130200595,64.37982714894805,49.497206459126,62.96895336227439
l_2311,,peripheral,arterial,East,0.4660556159701724,2.32074385605013,F,65.89089981224126,22.911738372471945,66.03076556977601,23.422664512182614
l_320,,boundary,arterial,West,2.2216736608244876,2.775035866614566,F,61.485947554636255,38.66820890128607,61.5204454732506,38.18109805684745
l_1370,,peripheral,arterial,East,0.7751437245655965,3.6822849215970743,F,104.98192100158795,18.512073020220274,105.29572910928577,19.019739429552253
l_784,,peripheral,arterial,East,0.8783487044356609,0.7921264405685619,D,72.14670202358586,19.120755876282022,72.96847240440836,18.88937323681051
l_706,,boundary,arterial,East,0.48007681228996646,2.862520772526538,F,95.62030721267492,59.82073639361597,95.62734219700089,60.19897868217845
l_558,,peripheral,arterial,West,0.2729630135116692,0.35353107864465777,B,6.703500289561166,22.048086483923136,7.032410215232541,22.20427560395299
l_200,,inner,arterial,CBD,0.7201152184349496,2.635319719998705,F,94.42584210066914,64.57256242888025,94.86370199219547,63.56445281109681
l_2260,,inner,arterial,CBD,0,0,A,60.98773892815765,49.37984309580079,61.21304726287594,49.80812068796445
l_70,,peripheral,arterial,East,1.2464942349641632,2.0960966131200904,F,120.93405216628898,51.97101970489595,121.27267649330526,50.31605609538714
l_210,,peripheral,arterial,West,0.6662225183211192,1.089154960077407,F,29.923016089908046,30.544188691556855,31.906070901338584,31.994428180032507
l_2042,,inner,arterial,CBD,1.438618925831202,1.1046014133554127,F,52.48486533973297,58.72505916772683,54.10453983321792,58.12777182907482
l_999,,peripheral,arterial,West,0.2729630135116692,0.8428371117251363,E,18.13872945476368,13.759473594685016,18.59505976300408,13.751167999895477
l_66,,peripheral,arterial,East,1.4125402181589892,1.585385462146573,F,65.79131874330855,37.53490327907167,66.5307284376244,37.54830611452319
l_831,,peripheral,arterial,West,3.7803213273128216,3.5518672165932235,F,61.484449617654434,60.9920624452506,62.56522719797414,60.64785993785288
l_1090,,inner,arterial,CBD,1.1108368304122438,13.810514876578006,F,60.774522595022184,47.24867825432507,60.851496141565626,46.70673368750483
l_2146,SH16,peripheral,motorway,MWY,0.21176470588235297,1.5934627977737128,F,41.72647698632038,17.463874582806305,42.07703134939467,17.925744322197218
l_181,,peripheral,arterial,East,1.7800632911392407,5.507738575147841,F,71.09092346605954,73.73375866135535,71.33102328162099,73.78338402757181
l_2416,,peripheral,motorway,MWY,0.6666666666666666,2.4545430210978254,F,54.84337716773664,36.84443996626127,55.13420368523813,36.10938411357112
l_684,,inner,arterial,CBD,1.415261233636042,3.6980771581513765,F,68.53899968943219,55.646056144061916,69.11457928555151,56.203002006373694
l_1865,,peripheral,arterial,East,0.4660556159701724,2.3287452372415816,F,66.47509144954758,25.117145745831465,66.75532766474298,26.166014510986074
l_303,,peripheral,arterial,East,0.832523935063133,3.616060210236454,F,93.38708122474172,51.97040110126382,93.68684043099444,51.721599902505545
l_90,,peripheral,arterial,West,0.6662225183211192,0.761084013181935,D,20.09311420521459,23.183067412831576,22.07602875395507,24.633396869178227
l_61,,peripheral,arterial,East,0.8783487044356609,0.7860772442320363,D,67.10689087911975,20.48396774984945,68.05855738158797,20.223184049712202
l_1552,SH16,peripheral,motorway,MWY,0.2823529411764706,2.311722724746659,F,76.86036877778082,31.84428993706855,77.26155269766701,32.37740772031611
l_978,,peripheral,arterial,East,0.43917435221783047,0.7869338039751753,D,72.96847240440836,18.88937323681051,73.29293391250317,18.80230296617082
l_601,,peripheral,arterial,West,0.34657039711191334,0.826986485522991,E,59.5953458922492,23.378997225514432,59.91981909132407,23.29194827770564
l_452,,peripheral,arterial,East,0.7544322897019992,1.2232757871097457,F,86.30464763124547,25.31830684031228,86.5711067584788,24.44851815304411
l_958,,peripheral,arterial,East,0.9590792838874681,3.3161508810737073,F,64.51092567825773,54.15272925848402,64.87791796969692,54.01083932229761
l_967,,boundary,arterial,East,1.3981668479105174,0.7900500906144947,D,84.61363647954586,51.349213948500825,86.14738469613144,53.15862571255355
l_146,,peripheral,arterial,East,0.4660556159701724,2.619455652087637,F,64.61339702017465,18.47590338906229,64.70680343127532,18.82552712761103
l_1570,SH1N,peripheral,motorway,MWY,0.06666666666666667,0.04767960853110131,A,49.46543214955634,61.239851465623666,49.547716870025845,61.49984412727382
l_1349,SH16,peripheral,motorway,MWY,0.2823529411764706,0.837572018060866,D,9.847500602525066,10.856251210852385,13.446754249690338,10.358436791437382
l_369,,inner,arterial,CBD,0.7365126127784938,4.287182458199041,F,50.86106171817643,78.02462195985804,51.09034813211472,78.66904767131466
l_394,,peripheral,arterial,West,1.0778443113772456,4.448584332084139,F,48.69658009671544,64.361976160048,49.19699130200595,64.37982714894805
l_2102,,peripheral,motorway,MWY,0.2,1.7291316494480689,F,80.17215321679737,14.648206455008307,80.29652541903556,14.32158640620621
l_319,,boundary,arterial,West,1.1108368304122438,2.7867666165985288,F,61.37497975915521,39.724282174557786,61.485947554636255,38.66820890128607
l_484,,peripheral,arterial,East,0.6404098623118796,1.2004969085809976,F,84.35024758592708,9.030415185966078,84.4901524895696,9.541330509440055
l_27,,boundary,arterial,East,0.7201152184349496,2.638462159858898,F,92.73268306237138,67.06339181590333,93.26201946653492,66.29682936347034
l_2654,,boundary,arterial,East,0.658713313327966,1.3762361057385117,F,70.51057471752485,71.74450261872121,71.14964306506519,73.38133209010323
l_36,,peripheral,arterial,East,0.6587615283267457,1.0306275325729197,F,97.53388054729031,11.947968259590294,98.50670295029522,11.659621214841225
l_2381,,boundary,arterial,East,3.723239218119764,3.934606851939081,F,72.57823768025631,77.20970538197737,72.79557261648976,77.72925969396898
l_475,,peripheral,arterial,East,0.463594921060087,0.3834113160836259,B,127.95733350439917,63.59635308837599,133.130838192187,62.3643331192384
l_788,,boundary,arterial,West,0.6384110657918071,3.333164753127141,F,45.6256012022961,34.47309629286863,46.16245726440973,34.11191410925687
l_4,,peripheral,arterial,West,0.9993337774816788,0.9734200322092224,E,27.96122702398703,29.066517362682376,29.923016089908046,30.544188691556855
l_363,,boundary,arterial,East,3.746877601998335,6.0246546098367055,F,79.63778643398231,60.900545877044244,80.40402295935954,61.183673115387506
l_2179,SH1S,peripheral,motorway,MWY,0.3789473684210526,2.014688776736208,F,71.30370240226385,26.433479853153397,72.91381695536822,24.160559754214546
l_126,,inner,arterial,CBD,0.7405578869414959,3.031562578884842,F,61.263014156469026,40.72632073934408,61.33998282410627,40.18437565633962
l_939,,peripheral,arterial,East,6.414368184733804,5.721451067845333,F,113.33141003675074,33.73472308894424,114.8461036642214,34.51726830601215
l_2436,,inner,arterial,CBD,0.5155746509129968,0.5652716998928963,C,58.908920125698145,51.012635085298065,59.389231387559114,52.301070655641134
l_313,,peripheral,arterial,East,1.6634322151372332,5.607933767003054,F,97.27060470190436,17.655499622232853,99.15211684177766,17.134051952703206
l_155,,peripheral,arterial,East,0.6587615283267457,3.5257896921535496,F,80.77570790697433,16.718090226526215,81.35942688770864,16.54513059672494
l_187,,inner,arterial,CBD,0.39489272081084636,0.8321373677048294,E,76.47510937163709,77.98566841891113,77.12271813832574,77.73047126542916
l_2372,,inner,arterial,CBD,0.7897854416216927,0.7050246485767414,D,81.33539754539818,76.45979521838711,82.50457703730733,75.84115997283072
l_805,,peripheral,arterial,East,0.43917435221783047,0.8014897438486503,D,99.89088353938105,11.28254088547251,100.99357657658535,10.96474025228029
l_623,,peripheral,arterial,West,1.00993098804915,3.8240764837237986,F,25.751276152965755,69.94339200780163,26.07238139930309,69.66727884791707
l_101,,peripheral,arterial,West,0.4163486225799736,2.126572393602313,F,59.782838745666176,15.862190012256894,60.32709458729514,15.906228114512503
l_1288,,peripheral,arterial,West,0.7200000000000001,3.0133415332565945,F,52.384790658116664,21.37643744779161,52.68419619251515,22.289837472597156
l_29,,peripheral,arterial,East,0.34657039711191334,0.7953739981727199,D,62.96845920756803,22.398014489575356,63.20600543557695,22.31256086351536
l_1998,,inner,arterial,CBD,0.658713313327966,2.368888287759864,F,62.092555281063845,51.52162875875946,62.633107918613945,52.538685052270054
l_474,,peripheral,arterial,West,0.47763095048559145,0.9429599743345661,E,4.01069811661876,48.52842067021391,4.405337978853362,48.7104504788504
l_598,,peripheral,arterial,West,0.6384110657918071,3.028107217479961,F,35.79494132994891,41.35554576370837,36.07400585958431,41.16126095151418
l_1152,,peripheral,arterial,West,1.7410228509249184,4.532431103144941,F,56.66875643419824,69.86416767783882,56.68502148924751,69.56657895168362
l_592,,peripheral,arterial,East,0.3233804031475693,0.49897894713228996,C,83.70137069900036,38.50144590706852,83.81554702213414,38.79662508554348
l_2679,SH1N,peripheral,arterial,West,0.13333333333333333,0.1083547294997036,A,49.3131947337573,68.59347269075934,49.36474344224883,67.59288241770346
l_324,,boundary,arterial,West,0.8512147543890761,3.4583793913495784,F,46.16245726440973,34.11191410925687,46.4627385408681,33.89019902651251
l_912,,peripheral,arterial,East,3.3268644302744663,6.100589093723969,F,87.41007622561573,20.460056285102223,87.92860856955708,20.28828651638382
l_942,,boundary,arterial,West,0.718562874251497,1.665418878235125,F,52.45581542182968,64.23896625102539,52.759614488936556,64.20636422149931
l_377,,peripheral,arterial,East,1.2464942349641632,2.117253421440875,F,120.53325260381972,53.789304780519,120.61412128457954,53.46347217081694
l_167,,boundary,arterial,East,0.7201152184349496,2.6041955928200466,F,93.94048829746725,65.36533903997785,94.25698014732225,64.84596163196238
l_742,,peripheral,arterial,East,0.43917435221783047,0.7811638001744874,D,77.14149020026282,17.67717073729872,77.59583164338271,17.56066638097576
l_941,,boundary,arterial,East,0.7897854416216927,0.78339004381654,D,87.4285688494408,74.16157052757397,88.09839164167468,73.93295303960706
l_1792,,boundary,arterial,East,0.5469711472719815,3.220798550754649,F,110.2298857455269,58.57608831545748,110.57159276244305,58.24540056785427
l_2468,SH1S,peripheral,motorway,MWY,0.25263157894736843,2.009813158685218,F,70.30629292231427,27.749155313058328,70.85932826884891,27.09031587164849
l_219,,peripheral,arterial,East,0,0,A,78.60074489497762,73.00056057133216,78.691192060888,73.188074916488
l_2357,,peripheral,motorway,MWY,1.446480231436837,6.975748465980911,F,24.858954648088062,90.14816718611766,24.975534360902035,90.57846158438335
l_2135,,peripheral,arterial,West,0.8512147543890761,1.232744270005249,F,47.410021244273395,33.38635763115281,47.79573943349853,33.0819948251006
l_1893,,peripheral,motorway,MWY,0,0,A,54.84337716773664,36.84443996626127,55.03101232778879,36.40857041089075
l_2515,,peripheral,motorway,MWY,0.13333333333333333,0.0803881445532078,A,54.84337716773664,36.84443996626127,55.26012197672294,35.86383299864734
l_2645,,boundary,arterial,East,0.5953266855186784,3.4861177936219363,F,95.97547989031678,56.7060801811761,96.21204954230274,56.566555217327355
l_117,,peripheral,arterial,West,0.4163486225799736,2.1634196128864867,F,60.32709458729514,15.906228114512503,60.762200527057644,15.925247188892047
l_950,,inner,arterial,CBD,1.3057671381936886,3.98185824680035,F,57.45071310501181,73.36322707340747,57.75020030647787,74.27662008917515
l_2604,,peripheral,arterial,West,2,3.9934318692958275,F,57.92558486350771,48.382125914992905,58.06295510020387,48.75797027711882
l_595,,peripheral,arterial,East,0.7544322897019992,1.2546957638511194,F,87.3422163589314,21.48832646376716,87.4023926488643,21.216944849091888
l_118,,peripheral,arterial,East,0.8326972451599473,2.3234575157333257,F,63.725721108876655,17.49227415964829,64.39010580932049,18.15569880527333
l_2122,SH1S,peripheral,motorway,MWY,0.12631578947368421,0.13847547062672255,A,50.7546373797436,27.29811996730244,50.9991503225979,27.590922516974874
l_46,,inner,arterial,CBD,0.7201152184349496,2.5448580178219427,F,93.26201946653492,66.29682936347034,93.94048829746725,65.36533903997785
l_1838,SH16,peripheral,motorway,MWY,0.07058823529411765,0.023018373869044928,A,44.31904864262321,20.146045198764536,46.71461786604591,22.750719440385005
l_2621,SH16,peripheral,motorway,MWY,0.21176470588235297,1.9965801635339826,F,68.30444702151331,30.00224808447742,68.6708940097613,29.83333245658449
l_875,,peripheral,arterial,East,0.34657039711191334,0.7968225574891916,D,63.89790921486616,22.11063317007872,64.37349883939923,21.966740772064515
l_915,,peripheral,arterial,West,0.7872982548222018,5.992576658732937,F,58.20392753524212,29.269328819141265,59.649679336806614,29.86434648592241
l_857,,peripheral,arterial,East,15.049595257097252,20.120594767252864,F,66.74751254471882,29.274205902650944,67.60879996164446,28.82590664672896
l_480,,peripheral,arterial,East,0.832523935063133,3.6235913282464773,F,93.13279881840661,52.326464706958575,93.38708122474172,51.97040110126382
l_2213,,peripheral,motorway,MWY,2.1697203471552555,3.9272450625052038,F,24.363999786618674,88.0491450436684,24.62481038678189,89.23354394905859
l_153,,peripheral,arterial,West,0.2729630135116692,0.7848765550123996,D,41.88717799682188,27.406626014369678,42.57225880891554,28.015686351077534
l_2424,SH1N,boundary,motorway,MWY,0.26666666666666666,2.464956787837742,F,55.13420368523813,36.10938411357112,55.91392852760065,34.77076307673768
l_726,,peripheral,arterial,West,0.6732873253661,2.812496642387852,F,22.21413355053663,72.71043040111572,22.42853837069074,72.54437032089976
l_1002,,boundary,arterial,East,0.39489272081084636,0.972646059894741,E,75.02672894130816,78.4448305625403,75.28657339780666,78.38598138298839
l_2173,,boundary,arterial,West,8,5.366949806632975,F,50.204807783746894,60.06415870171038,50.71651428987713,59.51424531615079
l_2549,SH1S,peripheral,motorway,MWY,0.3157894736842105,2.011158459964642,F,68.42285851212542,29.351428721122858,69.79372136260199,28.245087626118437
l_1365,,peripheral,arterial,East,2,4.362250970594473,F,104.31538306862423,17.740704362018587,104.75050162513983,17.759631560391824
l_381,,peripheral,arterial,East,0.7751437245655965,3.3871900376979935,F,106.49109268072078,46.970172440998155,106.78377288492112,46.34310863502439
l_218,,peripheral,arterial,West,0.6662225183211192,1.132473323166642,F,35.80756246244468,34.923061707502754,37.76946365038845,36.400662033468386
l_350,,peripheral,arterial,West,0.9552619009711829,1.3408511854710112,F,11.877776270513573,48.358668440892096,12.265539437257972,48.162443142701186
l_493,,peripheral,arterial,East,1.5088645794039983,4.036803310930881,F,85.98618713567022,15.189215814380727,86.08013052600171,15.565848500853555
l_1276,,boundary,arterial,West,0.8782844177706213,1.1159110296180483,F,60.183906457535066,48.2324938814453,60.54359895708543,48.874511597902
l_2124,,inner,arterial,CBD,0.47084673938632976,1.7962396453009188,F,68.44120752595799,37.40498733491289,68.85113321180147,37.235270555268315
l_828,,inner,arterial,CBD,0.48007681228996646,2.8382576332585137,F,95.55698359193237,61.09216345475117,95.59140926814194,60.605045122035285
l_1603,SH1N,peripheral,motorway,MWY,0.06666666666666667,0.04897137053583254,A,25.556797822209617,97.40547858849013,26.11703655265897,98.31416060340739
l_1581,,inner,arterial,CBD,2.1228918504540633,5.0764061919161625,F,74.82449982857337,49.881566748454176,75.59518885069956,50.40786592647034
l_686,,inner,arterial,CBD,0.4660556159701724,0.8148166038985377,D,86.8129537423639,53.876017915405704,87.58820297558253,54.64542969440714
l_2245,,boundary,arterial,West,0.5933544303797469,4.753760902730129,F,58.94506781249516,69.49801981198192,59.6653422868612,69.64693644363454
l_413,,peripheral,arterial,East,0.48007681228996646,2.6889080512604377,F,95.31776585544671,62.25874835829025,95.43963619956364,61.797033827149114
l_1425,,peripheral,arterial,West,1.2768221315836141,1.9736069963580862,F,29.063093303299656,63.180523259673606,29.301693173350262,61.95999256988419
l_402,,peripheral,arterial,East,0.6467608062951385,0.7722108947425546,D,81.78295799544435,34.69917053726858,82.0724922145895,35.07218592182414
l_1098,,peripheral,arterial,East,0.8783487044356609,0.8644116311252932,E,65.5419863242516,21.674948605585637,66.1409750809709,21.15040717403214
l_458,,peripheral,arterial,West,0.9416934787726595,1.320692719485769,F,47.59617876818396,32.86944332563377,47.79573943349853,33.0819948251006
l_904,,peripheral,arterial,West,1.0186757215619695,15.848986122612903,F,58.42761061428287,42.58924470487888,58.78181302058914,42.934075279293715
l_1325,,boundary,arterial,East,1.902497027348395,1.2542794702144888,F,79.13482182060346,72.98213546199597,79.6613271912913,72.7377239308592
l_796,,peripheral,arterial,West,0.6384110657918071,1.981240283749373,F,32.13059058682008,50.20601713188289,32.41904627356739,49.33591086365503
l_641,,inner,arterial,CBD,0.8204567209079722,4.917671005462152,F,107.4598377742499,60.438470714385474,107.99666478625203,60.07712804819163
l_1780,,peripheral,arterial,West,1.3862815884476534,3.7215396695756153,F,50.00012073382462,28.825444210029534,50.377877344433436,28.088799766079482
l_2643,,peripheral,arterial,West,0.2081743112899868,0.45240897316499523,C,53.90323809115761,11.75416517278411,54.22918699067504,11.748176452690043
l_824,,peripheral,arterial,West,1.54182191956829,2.811612828559576,F,20.69081771812107,78.60282193635975,20.747160974250612,78.11532684880811
l_1686,,peripheral,arterial,West,0.4163486225799736,0.512396742301662,C,51.82497587753683,11.035597422664797,52.28329132929725,11.135286795681793
l_2334,,peripheral,arterial,East,1.8901606636564108,5.040450683696864,F,83.33328127670732,45.61625007323707,83.8635930104917,44.9037445183392
l_2212,,peripheral,arterial,West,0.6384110657918071,2.003880256267869,F,29.089758684259447,64.6394507985258,29.27796259617457,65.4197771837638
l_823,,peripheral,arterial,East,0.7544322897019992,1.698825148444027,F,79.13293886946906,30.126637432378583,79.39222039520915,30.040763602356257
l_131,,peripheral,arterial,West,1.4046039797112757,2.425782670210388,F,36.847573293286096,43.038958409692896,38.20542630021428,43.58168078036334
l_774,,inner,arterial,CBD,0.3090632807067247,0.7060028141400239,D,118.5761417371321,64.23117343997042,119.27269376676925,64.27222082409003
l_2525,SH16,peripheral,motorway,MWY,0.2823529411764706,1.20509435557132,F,24.505677855443885,8.886879360120584,25.89488625289297,8.780468454057408
l_1914,,inner,arterial,CBD,0.19744636040542318,0.4910605514084811,C,92.63746775162757,72.4704767357421,92.84472003305395,72.22210237377735
l_957,,peripheral,arterial,West,0.6732873253661,1.4910903105715863,F,16.8462750820757,72.86213469997472,17.151074176141904,72.88361960033481
l_398,,inner,arterial,CBD,1.665047870126266,3.335275163776061,F,92.86029647311842,52.87205231936362,92.94960485219059,54.167673759808544
l_2322,,peripheral,motorway,MWY,0,0,A,55.13420368523813,36.10938411357112,55.26012197672294,35.86383299864734
l_176,,peripheral,arterial,West,0.4163486225799736,0.4246132487642695,B,35.78496267608044,1.6540867439188676,36.31982331112578,2.374015974173621
l_730,,inner,arterial,CBD,1.3530273988048258,2.473697230720676,F,71.4923297427907,62.51037667129816,71.60699851117133,62.8325792472721
l_85,,peripheral,arterial,West,0.7906700929037359,0.8636689959008879,E,61.644942170756366,26.070954320036822,62.344034931930025,27.436435581392367
l_1486,,peripheral,arterial,West,0.6052963430012611,3.273987358145541,F,42.775625154199204,63.983975809775,43.21330632464109,64.13812082671996
l_1563,SH1N,peripheral,motorway,MWY,1.3333333333333333,0.31183608909477484,B,26.11703655265897,98.31416060340739,27.039409729875562,100
l_331,,boundary,arterial,East,0,0,A,86.98484093866688,50.25127140086294,87.02028595681482,49.81818938328988
l_838,,peripheral,arterial,West,0.6732873253661,1.4934420983007164,F,16.56321227752726,72.84025424133975,16.8462750820757,72.86213469997472
l_663,,boundary,arterial,East,1.093942294543963,2.569314635889178,F,115.11652217168017,63.624565329399076,115.22481130650839,64.07750355878663
l_923,,boundary,arterial,West,0.3592814371257485,0.6796627912677344,D,56.975789666826095,64.10191157207261,57.25884768353421,64.12373676683629
l_735,,boundary,arterial,East,0.4660556159701724,1.8749372948769403,F,71.55422769052936,36.45569729161111,71.73458238436463,36.80371415019356
l_1909,,peripheral,arterial,East,2.4929884699283265,2.4346070370738433,F,122.60582264572177,41.399308708747704,122.69567547108049,41.037232735666066
l_316,,inner,arterial,CBD,0.7405578869414959,2.9097033125113723,F,61.05782322301702,42.56789391289932,61.114056564192886,42.08038342879247
l_351,,peripheral,arterial,West,0.9552619009711829,0.9418012005837811,E,4.405337978853362,48.7104504788504,5.2622748758372415,49.20841166111988
l_2142,SH1S,peripheral,motorway,MWY,0.3157894736842105,2.18102688030304,F,77.36887730735127,20.564812472397445,78.26055509412377,19.413212758880512
l_1419,,peripheral,arterial,East,1.1906533710373568,3.660852928060324,F,96.91823777215785,55.95885743573806,97.17704338533345,55.8459450532657
l_42,,peripheral,arterial,East,0.9701412094427078,0.8231196741909651,E,72.7072231246955,21.218479863717985,72.96375709370993,22.159673228405143
l_572,,peripheral,arterial,West,0.4163486225799736,2.089271518321465,F,59.346238922922744,15.762116970461204,59.782838745666176,15.862190012256894
l_71,,peripheral,arterial,West,0.6662225183211192,1.13955735967971,F,33.845689427382226,33.44544363196656,35.80756246244468,34.923061707502754
l_499,,peripheral,arterial,West,2.6931493014644,3.784392191452426,F,29.051701669472546,67.31573675116461,29.673640407118377,66.84494709908721
l_213,,peripheral,arterial,West,0.42560737719453806,1.9960141140814176,F,30.87647586311128,55.33686591613959,31.017252115828647,54.712693693058014
l_183,,inner,arterial,CBD,0.6765136994024129,1.74373504541081,F,73.09222729638593,66.7240176771746,73.22913578602629,67.07283563777267
l_330,,peripheral,arterial,East,0.43917435221783047,1.0849885506221377,F,96.75562082743154,12.178642547299837,97.53388054729031,11.947968259590294
l_1388,,boundary,arterial,East,2.8537455410225925,6.04599189467948,F,77.52242411359285,73.47993121316404,77.83340157369706,73.34168527816092
l_417,,boundary,arterial,West,0.7365126127784938,0.48085240283241065,C,47.50995239258099,69.59980472525197,47.66855459712167,69.94823975047932
l_745,,peripheral,arterial,East,0.5953266855186784,2.5890119560617864,F,100.58093550442095,54.161107311431834,101.07579731435075,53.881642159883825
l_853,,boundary,arterial,East,6.300535545521369,4.519292200968654,F,81.45257167434652,48.542887427232586,81.80594585524118,48.0205643556404
l_1902,,boundary,motorway,MWY,0.8666666666666667,2.1950582830255825,F,77.26155269766701,32.37740772031611,82.73102461739431,41.276115467168836
l_1519,,peripheral,arterial,West,1.03971119133574,1.6599440802689167,F,47.79573943349853,33.0819948251006,48.31868560840039,31.964323441884268
l_864,,inner,arterial,CBD,4,11.054050714128719,F,86.38854363352799,62.640487868716285,86.8804357530255,62.198954227882396
l_1765,SH1S,peripheral,motorway,MWY,0.1894736842105263,1.2300616334704808,F,84.96035184208625,7.938049165044866,85.51529158202642,7.387236144932141
l_80,,boundary,arterial,East,0.7906700929037359,0.19338660435993485,A,65.5765602186425,35.32268875330685,65.77564147931554,35.76447704707274
l_817,,peripheral,arterial,East,0.43917435221783047,0.7922184554439584,D,75.26042816471967,18.225434394067733,75.71477167447594,18.108934229496324
l_74,,peripheral,arterial,West,0.8326972451599473,1.8275596195890251,F,54.407503476894796,11.988138001938534,55.047622773339015,12.516903946996234
l_410,,inner,arterial,CBD,6,9.851476733336035,F,85.50290607461442,62.95417671462451,86.0452887326778,62.89008241051103
l_191,,peripheral,arterial,West,0.8326972451599473,0.5080278564097489,C,34.82097578557332,1.239292220401202,35.52025654373531,1.4427167203535378
l_527,,peripheral,arterial,East,1.9577453299616607,2.2061585705261013,F,90.9308499919602,57.85370365364385,91.75010104614312,58.64931212548191
l_346,,peripheral,arterial,West,0.2729630135116692,0.8460607935721013,E,16.358777119211265,15.089117718826287,17.49372580376037,14.149578258261334
l_2358,,boundary,arterial,East,1.5813401858074718,0.6610323594282341,D,65.77564147931554,35.76447704707274,66.20121844227644,36.720998864018114
l_2427,,peripheral,arterial,West,1.0311493018259936,1.1847482986879685,F,60.64586369269479,55.60220742294849,60.96558566151634,56.43414488612076
l_1184,SH1N,boundary,motorway,MWY,0.06666666666666667,0.08413090984817306,A,46.78371105963359,74.12198714827707,47.765118335675915,72.83828332406051
l_930,,peripheral,arterial,West,0.6732873253661,0.8132634529520641,D,4.656304385650536,68.51598354152654,5.1665294951604706,69.07428324444726
l_1241,,peripheral,arterial,West,4.339440694310511,3.1029752758511937,F,25.198499420748078,86.11509160886894,25.603129811711074,85.64827640784264
l_1272,,peripheral,arterial,West,1.317426626655932,6.978875222222958,F,60.005554820942166,47.992536583867455,60.3128151638892,48.1490434873391
l_2514,,peripheral,arterial,West,2.892960462873674,1.486192327348125,F,27.39870104203018,82.94845957163265,27.458301659133134,82.45241249870897
l_768,,peripheral,arterial,West,0.6732873253661,3.5704621588465133,F,24.293451413394337,71.07802402876578,24.658032379214724,70.80112132705622
l_272,,peripheral,arterial,East,1.5813401858074718,0.8586468859016435,E,63.36084039531813,29.525779596949793,63.79169292857984,30.49079872968815
l_1520,,peripheral,arterial,West,1.03971119133574,2.219467923346695,F,47.59617876818396,32.86944332563377,48.31868560840039,31.964323441884268
l_2151,,peripheral,motorway,MWY,0.2,2.2442067588564396,F,49.65627609578162,60.48860823595705,49.79450913135496,59.94446400638409
l_77,,peripheral,arterial,East,1.2464942349641632,1.7574153308398774,F,121.63151064679622,48.5796332799868,121.88622266419952,47.088396993059845
l_960,,peripheral,arterial,East,0.8783487044356609,0.7833624365917312,D,101.81528772792824,10.733241270101217,102.55007734153769,10.503356300710722
l_583,,peripheral,arterial,East,1.2828736369467608,5.426696314812302,F,116.91170598033048,35.69492072497664,117.52679206590972,36.034785050545715
l_749,,peripheral,arterial,West,1.0756543564001435,2.6155547330660833,F,32.15849146822054,11.341740268758956,32.69477780582291,9.764417161929732
l_494,,peripheral,arterial,West,0.33664366268305,0.8500759116361122,E,6.229478036781848,70.136056771095,6.518425233524618,70.48215665190318
l_1753,,peripheral,arterial,East,0.6467608062951385,0.7707222404047216,D,84.72395627478791,40.887883293181325,84.74751293230132,42.15769708901985
l_2313,,inner,arterial,CBD,5.584858827179646,3.987671053764133,F,71.9765944393281,75.77143528366535,72.57823768025631,77.20970538197737
l_1821,,peripheral,arterial,East,1.8901606636564108,5.1772179770325595,F,83.8635930104917,44.9037445183392,84.15884212581382,44.41180120728222
l_1820,,peripheral,arterial,East,1.260107109104274,5.166457017887271,F,84.15884212581382,44.41180120728222,84.55624162921892,43.566620758211755
l_455,,peripheral,arterial,East,1.1259148057796962,1.575574158271001,F,118.07553492299452,21.21382886352289,118.61375585870096,20.93350617850465
l_1472,,inner,arterial,CBD,0.39489272081084636,1.435904438188822,F,96.91275782413499,69.68849071544473,97.40615461190092,69.32798405926783
l_2306,SH16,peripheral,motorway,MWY,0.7764705882352941,1.5848613181252804,F,32.69477780582291,9.764417161929732,39.6214504225471,15.286252137861545
l_1683,,peripheral,arterial,East,7.402837754472547,6.553002998021957,F,103.92326940394825,17.506958587856996,104.31538306862423,17.740704362018587
l_296,,peripheral,arterial,East,1.665047870126266,3.609004485991717,F,93.68684043099444,51.721599902505545,93.87893242817293,51.528849290813326
l_848,,peripheral,arterial,West,1.446480231436837,2.4966941771822495,F,25.67302331002008,77.56619041915954,25.855796386435493,78.0493306162986
l_946,,boundary,arterial,West,0.9590792838874681,1.79737254563696,F,58.832107374041705,56.28419524845777,59.717252360908624,55.94360305475917
l_1142,,inner,arterial,CBD,0.8782844177706213,1.476685249345072,F,67.69934011712195,64.33702041749164,68.04283296939884,65.27661641542423
l_1075,,peripheral,arterial,West,1.7410228509249184,1.2641867688016089,F,56.68502148924751,69.56657895168362,56.715064517853946,68.8363153752497
l_2157,SH16,peripheral,motorway,MWY,0.2823529411764706,1.287001741688566,F,84.28773435652593,43.245213502604585,84.55624162921892,43.566620758211755
l_514,,inner,arterial,CBD,6.244796003330558,6.1631388044846,F,80.88570138323726,61.363953161543286,83.48972467328285,62.26171774976253
l_464,,peripheral,arterial,West,0.7171029042667623,1.587050957321042,F,34.01323055681095,5.794481414044781,34.320858529040066,4.788884331062761
l_1060,,peripheral,arterial,East,1.5467239527389904,0.9969957013720709,E,64.30431240757132,65.34547326977417,64.78468473017887,66.6338974288172
l_1395,,peripheral,arterial,East,0.2976633427593392,0.15848941365833757,A,99.18617879163148,55.060876857510834,99.54522357902769,54.58575504633616
l_1439,,peripheral,arterial,East,0.9321112319403448,0.5788373447735954,C,65.17583481005899,20.681714477473342,65.28320945797132,21.78782265927026
l_294,,peripheral,arterial,East,1.6634322151372332,5.192186219003961,F,101.68150962704725,16.38432238909062,102.5472068574894,16.179030222583442
l_100,,boundary,arterial,West,5.053340819764178,3.6778116386720114,F,60.80485960601981,45.35627036157406,61.4001317421166,45.80476742262413
l_632,,inner,arterial,CBD,0.8204567209079722,3.2103976848370306,F,108.85548333009355,59.493573287192135,110.2298857455269,58.57608831545748
l_292,,peripheral,arterial,West,0.2729630135116692,0.8391434170641429,E,20.12700620431193,14.317854676588565,21.090033019984215,14.678683603041085
l_1798,,peripheral,arterial,West,1.7328519855595668,4.713251440496095,F,51.59755880312841,25.85024856752464,53.1215946168522,24.79526131589832
l_1923,,inner,arterial,CBD,0.46900648792308297,0.6577526650574629,D,68.32163841459146,41.946773873519945,68.5415262542454,42.835461968696364
l_353,,inner,arterial,CBD,2.1228918504540633,5.494616262229801,F,72.82172612412494,48.56721059511827,73.54693843134346,48.98625010753081
l_570,,peripheral,arterial,West,0.4163486225799736,1.8376622964021787,F,55.37854866737368,12.781086522748506,55.709475407824385,13.045268594518097
l_860,,inner,arterial,CBD,0.8705114254624592,3.2752083161813443,F,58.57699752959342,76.66677151620668,58.66941781072258,76.96236283428607
l_2685,SH1N,peripheral,motorway,MWY,0.2,2.2639918227712297,F,54.52904381431009,51.00214845155103,54.70977198784677,50.84656411511451
l_852,,peripheral,arterial,East,0.7544322897019992,4.049355006740016,F,86.26651346405072,16.238061683068302,86.33621924600413,16.480010077644096
l_321,,inner,arterial,CBD,0.7405578869414959,2.9708369351306434,F,61.33998282410627,40.18437565633962,61.37497975915521,39.724282174557786
l_1885,SH1N,peripheral,motorway,MWY,0.4,1.4847788558708357,F,25.292236175241566,90.0591968779582,27.578237516808805,87.82842725419826
l_893,,peripheral,arterial,East,1.6634322151372332,6.041659273436173,F,88.42591102021917,20.143935595076872,90.45857619154758,19.56571370973003
l_870,,inner,arterial,CBD,0.8705114254624592,3.792933898091612,F,57.75020030647787,74.27662008917515,57.91131055695978,74.76013394499716
l_642,,peripheral,arterial,East,0.3233804031475693,0.7715318410557366,D,84.56480800990667,40.512457308664516,84.72395627478791,40.887883293181325
l_1303,,inner,arterial,CBD,16.99475994901572,5.089558392531359,F,76.64823232438683,54.4423944689352,78.64845635725169,60.22310997772073
l_2285,,boundary,arterial,East,0.8900316455696203,4.952257207551796,F,64.57339037924574,70.50256418466411,64.83522069645699,70.55179674303301
l_109,,peripheral,arterial,West,0.6384110657918071,3.207554184868318,F,42.92154396938171,36.38745235419842,43.75820054058184,35.777549300027054
l_2093,,peripheral,arterial,West,1.54182191956829,2.8581275394774948,F,19.89606651006187,85.10354362914642,19.910347990489626,85.88704028332418
l_489,,peripheral,arterial,West,0.4094445202675038,0.7301193020536327,D,14.461144623337136,18.312716966288814,14.754121158406688,16.496636556935503
l_1189,,peripheral,arterial,West,4,1.7910137686029861,F,51.58802133868618,51.33629838655588,52.97900184052111,51.31076716025642
l_2455,SH1N,peripheral,motorway,MWY,0.26666666666666666,1.5029771279374726,F,32.51270910962398,82.98182240782904,33.058111487828576,81.89081997784211
l_1832,,peripheral,arterial,East,0.4660556159701724,2.318397354825735,F,66.96388474240788,26.864859614113108,66.9975920537754,27.512874366468814
l_1433,,peripheral,arterial,East,1.2464942349641632,3.7667478648930057,F,122.82818490837029,40.50326529216379,123.03438018628611,39.904819178716544
l_304,,peripheral,arterial,West,0.2729630135116692,0.7439619250683355,D,14.754121158406688,16.496636556935503,15.330500061785118,15.918605820140177
l_1779,,peripheral,arterial,West,0.6052963430012611,3.2860793511760784,F,43.21330632464109,64.13812082671996,43.80164882948441,64.20842743249491
l_406,,peripheral,arterial,West,0.9552619009711829,1.3960723072685102,F,15.445123067090424,47.26685798344814,16.664169368383536,47.352798394816936
l_190,,inner,arterial,CBD,0.718562874251497,0.5665024641813284,C,62.42807853430937,65.00163514493862,63.49660795418148,65.17115603487052
l_1558,,peripheral,arterial,West,1.317426626655932,7.817770426705984,F,59.470430093001035,47.37378724526861,59.58384565892624,47.50492640356332
l_808,,peripheral,arterial,East,0.6467608062951385,0.8267009013281376,E,72.51738312095013,20.357134741317427,72.63653273477681,20.922492786809368
l_2199,,inner,arterial,CBD,0.7897854416216927,0.4399083040663595,C,91.75179527385082,72.7841909472288,92.63746775162757,72.4704767357421
l_347,,peripheral,arterial,West,0.6662225183211192,0.7713706954460403,D,24.037733355692705,26.111121451821912,25.823146071098005,27.456912121633646
l_120,,peripheral,arterial,West,0.4163486225799736,0.5293243317820847,C,42.33620669458588,8.047533513322234,43.95411189193078,8.558418666871638
l_2370,,boundary,motorway,MWY,0.6666666666666666,2.7468652539658778,F,54.84204280116746,38.244766432071046,55.07493113486969,39.97524862667511
l_638,,peripheral,arterial,East,0.7201152184349496,3.590617058965373,F,90.51781523375381,69.56387505859115,90.96825170061823,69.23120704338076
l_2320,,peripheral,motorway,MWY,0.13333333333333333,0.3206102211670322,B,20.64860256927363,91.79232186953674,20.805202855204747,92.032707531006
l_593,,peripheral,arterial,East,0.6467608062951385,0.5251881303443715,C,83.20020090504401,37.26749840509649,83.70137069900036,38.50144590706852
l_1741,,inner,arterial,CBD,0.7897854416216927,0.5564198974809532,C,92.84472003305395,72.22210237377735,94.01955939567458,71.95836419580954
l_884,,peripheral,arterial,West,1.2768221315836141,3.108351348904375,F,39.35853243396495,38.885039799948636,40.19570474869588,38.302169088866755
l_873,,inner,arterial,CBD,0.8204567209079722,5.12007902291743,F,105.55620697930154,60.96038443195367,106.59899582020059,60.91395011494743
l_476,,inner,arterial,CBD,0.8705114254624592,1.159628260305632,F,56.425885077043226,67.30112557727618,56.573209821659226,68.21731524158356
l_17,,inner,arterial,CBD,0.9788726649808304,2.00824939822844,F,89.39873928521041,69.01705521567712,89.52263422621802,68.66341403448585
l_1422,,inner,arterial,CBD,1.4070194637692488,4.517316539422065,F,69.48926630462122,44.70984221584518,69.92317004128877,45.83695339836799
l_1268,,boundary,arterial,East,5.584858827179646,3.262244914136818,F,71.4152041612677,74.80883656913852,71.9765944393281,75.77143528366535
l_2338,,peripheral,arterial,West,1.446480231436837,1.6930221085445003,F,27.363925558451466,83.2378907499631,27.39870104203018,82.94845957163265
l_64,,peripheral,arterial,East,1.1089548100914888,5.507308949831927,F,99.15211684177766,17.134051952703206,99.9091660664164,16.930790692269245
l_1106,,inner,arterial,CBD,0.5155746509129968,0.61181273655546,C,59.389231387559114,52.301070655641134,59.98369665385385,53.88469637087916
l_1385,,peripheral,arterial,East,1,4.760857537138103,F,104.77878406151197,18.1104530851749,104.98192100158795,18.512073020220274
l_970,,boundary,arterial,West,0.718562874251497,4.435140877260741,F,47.87113021863731,64.40413492993997,48.13145905757613,64.37233652928282
l_792,,peripheral,arterial,East,1.3681450233724775,19.87312871720249,F,66.38106518465302,29.443118125179492,66.74751254471882,29.274205902650944
l_2388,,inner,arterial,CBD,0.39489272081084636,1.3851729788675093,F,99.25936730513611,68.42871382215652,99.71280601003023,68.25813010841078
l_1817,SH16,peripheral,motorway,MWY,0.35294117647058826,1.5926389808904706,F,40.331190514351384,16.057024717318072,41.72647698632038,17.463874582806305
l_551,,peripheral,arterial,West,0.4094445202675038,1.0827381450243596,F,26.45440358769502,16.797061905222392,26.958152628980134,17.004083438764674
l_943,,peripheral,arterial,West,0.42560737719453806,2.008008287164519,F,32.41904627356739,49.33591086365503,32.605257529280145,48.819012167605855
l_283,,peripheral,arterial,West,0.4670351054720947,0.5980428179274118,C,48.71377297810913,52.28089430355936,50.35464268102764,51.6562188762923
l_99,,inner,arterial,CBD,0.9590792838874681,1.9051282064257382,F,59.717252360908624,55.94360305475917,60.365306313722996,55.715473433865334
l_840,,peripheral,arterial,West,0.718562874251497,0.6591359582691901,D,57.75975764664811,64.16858437867349,58.065048907854084,64.21702625636892
l_2452,SH1S,peripheral,motorway,MWY,0.25263157894736843,2.0204064823960133,F,66.29036569802851,30.41774322411505,67.19612068495205,30.02267956789145
l_72,,peripheral,arterial,West,0.9552619009711829,1.747117010893303,F,24.863778630243967,40.392930819995776,27.32353851346011,40.56429539010927
l_462,,peripheral,arterial,West,1.4730252255569876,0.6083115705864743,C,47.66855459712167,69.94823975047932,48.32123071800632,71.1524598947514
l_1877,,boundary,arterial,West,1.5467239527389904,1.2036809538276716,F,62.04091213904489,59.333213682293284,62.56522719797414,60.64785993785288
l_1287,,peripheral,arterial,East,0.5155746509129968,0.9993308016677485,E,63.4819686469117,63.198497471386425,63.73301721953026,63.842510507436664
l_2079,,peripheral,arterial,West,0.3936491274111009,1.536590209206467,F,49.51565075152286,10.7536727531297,49.74686058908109,11.506169211820113
l_666,,peripheral,arterial,East,0.6990834239552587,1.7499739864074146,F,69.77094647788392,32.89406806263051,70.81008333656156,35.00999473977138
l_935,,peripheral,arterial,East,0.4660556159701724,1.8076502133530383,F,68.89144154314862,31.180591059344565,69.1167495055837,31.60886044265956
l_386,,peripheral,arterial,East,1.5088645794039983,4.025572106456209,F,86.66201641600574,17.63611965574881,87.19894577134318,19.626142623559943
l_812,,peripheral,arterial,East,0.8783487044356609,0.7948263081689398,D,71.21677563603794,19.381157638876196,72.14670202358586,19.120755876282022
l_1267,,boundary,arterial,East,0.7897854416216927,0.1721843191868265,A,84.81747981672191,75.23691522614796,87.4285688494408,74.16157052757397
l_879,,peripheral,arterial,East,0.43917435221783047,1.0829497419744765,F,96.28007275745321,12.322610633864773,96.75562082743154,12.178642547299837
l_2163,,boundary,arterial,East,0.9788726649808304,2.2012083106301588,F,93.37341533518043,60.59214800095314,93.5320904956124,60.94055051244841
l_203,,inner,arterial,CBD,1.4268727705112962,7.682859015739084,F,85.82062402986284,70.70491631388921,86.3635282718418,70.66783914606896
l_198,,inner,arterial,CBD,0.3592814371257485,0.21402316609849312,A,65.300161097137,65.11092672578283,66.14286173603182,64.82514320490282
l_139,,peripheral,arterial,East,1,0.96202618108617,E,103.42418459583601,13.081660248598487,103.75158598639847,14.318798401960558
l_940,,peripheral,arterial,West,0.2729630135116692,0.8671943260121011,E,21.090033019984215,14.678683603041085,21.440673770187722,14.834454166452952
l_1858,,inner,arterial,CBD,0.7897854416216927,0.8458293576464343,E,73.33873570061782,78.88137666158906,74.59298837555528,78.50688881137079
l_9,,peripheral,arterial,West,0.9079445145018916,3.053214133835727,F,39.07219675464859,63.59229142641285,41.33762332584963,63.821111010822186
l_997,,peripheral,arterial,East,1.1860051393556037,4.408515361852045,F,64.67813325597666,32.582538001381316,64.8377383559979,32.98499530804961
l_2629,SH1N,peripheral,motorway,MWY,0.3333333333333333,2.2747866032383546,F,49.19699130200595,64.37982714894805,49.25662904563713,62.8922861108631
l_917,,boundary,arterial,East,0.39489272081084636,0.807649941211547,D,77.62016723642606,77.58615147631306,78.29001050926517,77.35756635441233
l_2399,,inner,arterial,CBD,1.4833860759493673,4.746304316869137,F,53.65937578832898,70.56806433224813,55.73360997152649,69.85431913751114
l_670,,peripheral,arterial,East,1.6409134418159443,2.5503207524400313,F,114.75172089097913,62.0322947864568,114.96349959780188,62.89320071657305
l_1338,,peripheral,arterial,East,1.902497027348395,1.2583414368412735,F,78.60074489497762,73.00056057133216,79.13482182060346,72.98213546199597
l_750,,peripheral,arterial,East,0.6467608062951385,0.7298095729554083,D,82.36202744827492,35.445200928721555,82.54089711622093,35.71215703421988
l_1493,,peripheral,arterial,West,0.4670351054720947,0.6944412800618512,D,48.45445229467726,52.366728414543815,48.71377297810913,52.28089430355936
l_201,,boundary,arterial,East,0.718562874251497,0.29446039734687113,B,64.30431240757132,65.34547326977417,65.300161097137,65.11092672578283
l_1589,,boundary,arterial,East,7.49375520399667,6.2688692661626355,F,78.64845635725169,60.22310997772073,79.06516699450094,60.50573161007969
l_1781,,inner,arterial,CBD,0.5933544303797469,4.938646815292773,F,63.67921974404496,70.35686484399797,64.33329631977993,70.45293118139321
l_419,,peripheral,arterial,West,0.718562874251497,4.365061719000887,F,47.306009138218975,64.41449305000864,47.58856967562438,64.40931418225067
l_1662,SH1N,peripheral,motorway,MWY,0.4666666666666667,0.7513207187740867,D,24.217517569694923,94.32186840915018,25.298401125229688,96.8105361307028
l_1869,SH1N,peripheral,motorway,MWY,0.4,1.6100079988935212,F,44.31904864262321,20.146045198764536,46.92062178451132,23.314496123849654
l_2607,,boundary,arterial,West,3.7803213273128216,3.1664868416360568,F,59.436040302780505,61.921607193387665,59.89578389608564,61.716984700024234
l_910,,peripheral,arterial,East,1.2828736369467608,5.504197619397742,F,114.8461036642214,34.51726830601215,115.3515094006383,34.8051317165802
l_31,,peripheral,arterial,West,3.7803213273128216,3.1672260862382027,F,56.114680226208456,63.388020240501945,56.17207625134482,64.14370402021895
l_33,,inner,arterial,CBD,0.7062701090794946,4.523635586970744,F,49.65451723037659,34.85866776126015,50.07190218762322,35.09424726549475
l_900,,peripheral,arterial,East,0.43917435221783047,0.792702876482725,D,75.71477167447594,18.108934229496324,76.47134277618923,17.878741926400867
l_807,,peripheral,arterial,East,0.5,0.9645568924942594,E,102.94165319043678,11.68524784634116,103.16852643092771,12.194534604577695
l_1421,,peripheral,arterial,West,0.8512147543890761,1.9854877683717005,F,28.948483104308647,64.0474516095016,29.063093303299656,63.180523259673606
l_263,,peripheral,arterial,East,2,1.3955043539513001,F,102.26866583295596,9.400494792507832,102.55007734153769,10.503356300710722
l_18,,boundary,arterial,East,2.8537455410225925,6.8309502089009175,F,79.6613271912913,72.7377239308592,80.0505810352026,72.62242364508671
l_836,,boundary,arterial,West,0.9416934787726595,4.455864201468374,F,47.994307555970565,33.24051162456414,48.260058538961395,33.50590159417702
l_2690,,boundary,arterial,East,0.5933544303797469,4.9762940404971845,F,74.6899357895852,74.34302419512628,75.14637704604353,74.37686654868502
l_392,,inner,arterial,CBD,19.18158567774936,21.784676294142713,F,53.38477405596671,85.19434360848355,54.98391466874296,84.65149034680701
l_2144,,boundary,arterial,East,0.3090632807067247,0.8262443395397654,E,117.83308662414882,64.0288311646477,118.5761417371321,64.23117343997042
l_479,,peripheral,arterial,West,0.2729630135116692,0.8504958905953192,E,43.67867613875167,29.07647440180393,44.143969963197385,29.554424425276366
l_793,,peripheral,arterial,West,0.3682563063892469,0.5279668262944528,C,45.237260838842545,65.42534446586146,45.418087921472434,65.80040013292222
l_41,,inner,arterial,CBD,2.029541098207239,1.8268865232264173,F,72.40769120143241,64.97992663724726,73.09222729638593,66.7240176771746
l_982,,peripheral,arterial,East,0.43917435221783047,0.7910361542548809,D,70.17819305561731,19.643559722879967,70.74069647453153,19.49804875099083
l_819,,inner,arterial,CBD,0.8204567209079722,5.171250261390592,F,104.81217107922636,60.703961739510994,105.55620697930154,60.96038443195367
l_914,,peripheral,arterial,West,0.7872982548222018,6.013746056000156,F,59.649679336806614,29.86434648592241,60.696295012661274,30.034275918203534
l_979,,peripheral,arterial,West,0.7872982548222018,5.95982375408152,F,54.638118647539876,26.875465062378005,55.589488874204086,27.77688257094954
l_765,,peripheral,arterial,West,2.151308712800287,2.1614703076482473,F,29.520868804521943,18.065397171571686,29.998429859075458,16.84049715637769
l_1489,,peripheral,arterial,West,2.155688622754491,4.21285643942972,F,44.99560781838119,64.10548271931862,45.75882620164784,64.22663319610409
l_2091,,peripheral,arterial,East,0.5953266855186784,2.717955244647496,F,97.50004725077318,55.67778679127608,98.04341434136168,55.6676950421336
l_58,,peripheral,arterial,West,0.5459260270233384,1.1294187649760543,F,29.192934738117824,17.963277779906274,29.520868804521943,18.065397171571686
l_746,,inner,arterial,CBD,6,11.496620792631418,F,87.4987260507792,61.53886562834153,87.90317081015102,61.07192236987932
l_1190,,peripheral,arterial,East,3,8.428325971670983,F,79.3914622053205,17.0950407249489,79.55429144422294,16.497444047093744
l_888,,inner,arterial,CBD,0.47953964194373405,1.3219709793923105,F,56.909666401894945,56.968163807931695,57.407573841442634,56.85090827522146
l_472,,peripheral,arterial,East,0.9380129758461659,4.2637353328791665,F,70.11451282827578,46.77935180755179,70.2286731667003,47.07453781757526
l_1806,,boundary,arterial,East,7.49375520399667,6.3325733134425155,F,79.06516699450094,60.50573161007969,79.24505232266196,60.82672526593426
l_1743,,inner,arterial,CBD,0.5923390812162695,1.502124651999184,F,95.99167030038294,70.43530732536722,96.91275782413499,69.68849071544473
l_617,,peripheral,arterial,East,1.2464942349641632,2.729511743199138,F,119.94698244307746,60.800198697541475,120.09103860604743,60.365079213116616
l_341,,peripheral,arterial,West,1.4125402181589892,4.8634811996722025,F,54.514902260431754,36.71534202606699,54.84337716773664,36.84443996626127
l_2106,,peripheral,arterial,East,0.6467608062951385,0.8349983413090578,E,87.16541261073924,45.92367104709976,87.32271143390261,46.45025432071065
l_722,,boundary,arterial,West,0.8705114254624592,4.239565643774198,F,56.80777605478416,71.51022130093365,56.99111601630003,72.02035369645378
l_1328,,boundary,arterial,East,0.5155746509129968,0.9922151222701009,E,64.78468473017887,66.6338974288172,65.26556100225024,67.9493378093099
l_301,,peripheral,arterial,West,0.6662225183211192,1.1271078719931102,F,37.76946365038845,36.400662033468386,38.78302360652124,37.138859200928174
l_555,,peripheral,arterial,West,0.5459260270233384,0.5289319228757856,C,29.520868804521943,18.065397171571686,29.827072700036368,18.167912745491606
l_707,,peripheral,arterial,West,0.2729630135116692,0.8411223764935782,E,18.59505976300408,13.751167999895477,20.12700620431193,14.317854676588565
l_5,,peripheral,arterial,West,0.2729630135116692,0.6900683953067142,D,38.612466567512,24.27745724437945,39.89566721333704,25.49718718738144
l_624,,inner,arterial,CBD,0.5469711472719815,3.028232956966829,F,113.21563314092414,60.11501533830143,113.43853816851465,60.40815325388406
l_801,,peripheral,arterial,West,0.9552619009711829,2.350453347554573,F,33.47000840118514,41.425054020888716,33.84392002194041,41.66145983359839
l_95,,boundary,arterial,East,0.718562874251497,0.30003224639286213,B,66.79143678056333,64.62401159445204,67.69934011712195,64.33702041749164
l_728,,peripheral,arterial,West,0.6732873253661,1.5410141238072241,F,20.06963750384834,73.15485135126279,20.832376903800007,73.24907673454601
l_1755,,boundary,arterial,East,0.7957207904159851,7.871001532190763,F,95.74632100581695,53.737403387899974,96.16832299466648,54.21604884802822
l_449,,boundary,arterial,East,0.832523935063133,3.6243972204574724,F,92.86029647311842,52.87205231936362,93.13279881840661,52.326464706958575
l_880,,boundary,arterial,West,1.260107109104274,2.8567818578304496,F,57.70866742258504,62.57496723655643,58.61557679123506,62.23398134375334
l_261,,inner,arterial,CBD,0.9321112319403448,0.8751435306377682,E,86.39147628717548,53.424371483755564,86.8129537423639,53.876017915405704
l_842,,peripheral,arterial,West,15.745965096444037,6.01694483525994,F,53.1215946168522,24.79526131589832,54.638118647539876,26.875465062378005
l_1212,,inner,arterial,CBD,1.5795708832433855,1.6343631633715354,F,94.01955939567458,71.95836419580954,95.00536727110902,71.18332959199535
l_1380,,peripheral,arterial,East,1.1906533710373568,1.2012138192255037,F,103.2508411483498,52.76013109582854,103.48067669638154,52.63864609996078
l_2269,,inner,arterial,CBD,1.8760259516923319,0.44187282713907106,C,67.5595949665603,40.2860462028036,68.14211873833149,41.221235801942
l_926,,inner,arterial,CBD,0.48007681228996646,2.868546628887633,F,95.58852214064525,59.28079368324104,95.62030721267492,59.82073639361597
l_866,,peripheral,arterial,West,1.00993098804915,3.576097781471284,F,23.543043514611877,71.65924041003223,24.293451413394337,71.07802402876578
l_290,,peripheral,arterial,West,1.260107109104274,0.5649751902755945,C,59.436040302780505,61.921607193387665,59.673136359685195,61.809142099580896
l_1788,,inner,arterial,CBD,0.8204567209079722,5.834019641781658,F,100.09029669993842,58.17017319126349,100.61596088067445,58.37661739014762
l_326,,peripheral,arterial,East,1.293521612590277,0.7540696488211778,D,72.14670202358586,19.120755876282022,72.37850218358771,19.900247069732195
l_432,,peripheral,arterial,West,0.9552619009711829,2.2320945386272917,F,32.22183634060601,40.93435165342156,32.484114490381536,41.010640804606915
l_1000,,peripheral,arterial,West,0.2729630135116692,0.6219858865998892,D,12.51802123151237,21.429017231942197,12.994130866692274,21.312260769453108
l_770,,boundary,arterial,West,2.520214218208548,3.054113629317827,F,56.32606541401806,63.05982054201619,56.694073547401054,62.971980289645025
l_134,,inner,arterial,CBD,1.8760259516923319,3.844503211930315,F,77.3632048413974,68.40189168926318,77.78445854772983,70.0157000072251
l_2266,,peripheral,motorway,MWY,1.446480231436837,5.873155222292938,F,24.78930286728638,89.90620079474266,24.858954648088062,90.14816718611766
l_207,,inner,arterial,CBD,0.47084673938632976,4.533846689322454,F,52.063959822595145,35.84145225925304,52.45812608059369,35.996374270369245
l_565,,boundary,arterial,West,0.8664259927797834,3.6539259629502396,F,48.886082829988325,30.899887737200082,49.13742967191647,30.381775844844405
l_108,,peripheral,arterial,West,2.9622315477659837,2.8539543706778425,F,60.80485960601981,45.35627036157406,60.930097372138135,43.89453909560911
l_820,,inner,arterial,CBD,2.076740506329114,5.143612052491261,F,68.0786063807393,71.92445988238603,70.54401738169513,73.5546576808655
l_2312,,peripheral,motorway,MWY,0.26666666666666666,2.243905852325172,F,50.045302908123446,58.957232655495595,50.157972579024026,58.55544635747299
l_988,,boundary,arterial,East,1.8901606636564108,4.50249010587236,F,81.05114349628595,49.17192259123796,81.45257167434652,48.542887427232586
l_1756,,inner,arterial,CBD,2.4979184013322233,1.440660553099335,F,78.76087524176054,60.51135513019895,79.24505232266196,60.82672526593426
l_906,,peripheral,arterial,West,0.42560737719453806,1.9912147748027114,F,30.22988037189786,58.024260059792724,30.431418608881398,57.15574394736645
l_376,,peripheral,arterial,East,1.1906533710373568,2.5872935647024597,F,100.15026983076909,54.38532482947949,100.58093550442095,54.161107311431834
l_451,,peripheral,arterial,East,0.7544322897019992,1.4349061229097009,F,84.45092700293155,28.514753090660168,85.58516259676898,27.54781745614378
l_148,,peripheral,arterial,West,0.9552619009711829,1.51714324495796,F,17.801273166943393,46.521333492608164,18.215256762926387,45.37870460126316
l_2136,SH16,peripheral,motorway,MWY,0.21176470588235297,0.5253180190059755,C,6.354425405604306,11.21694535711378,8.30764198059244,11.046367011593231
l_459,,peripheral,arterial,East,0,0,A,87.02028595681482,49.81818938328988,87.15738012577293,49.00485215917143
l_709,,peripheral,arterial,East,0.43917435221783047,0.7895189090129534,D,68.98849085362416,19.9627966904722,70.17819305561731,19.643559722879967
l_2295,,peripheral,arterial,West,1.437125748502994,4.339119232844408,F,46.10449399598235,64.26860438115683,47.306009138218975,64.41449305000864
l_1067,,peripheral,arterial,East,1.785980056556035,2.6191977459024973,F,98.62522161572872,55.3866211660318,99.44258708063082,54.91198217464187
l_2613,SH16,peripheral,motorway,MWY,0.49411764705882355,1.1969603276081984,F,25.89488625289297,8.780468454057408,32.69477780582291,9.764417161929732
l_1754,,boundary,arterial,East,1.3262013173599752,7.876433501748877,F,96.16832299466648,54.21604884802822,97.0638454446813,55.60480721914638
l_253,,inner,arterial,CBD,0.4660556159701724,1.7042319217647897,F,72.95436136552796,38.10550277253727,73.4414775800455,38.58298865095823
l_682,,peripheral,arterial,West,0.7171029042667623,1.5828057350630724,F,33.39549101061578,7.670587376565519,33.68337516347586,6.773457741455944
l_206,,peripheral,arterial,West,0.9552619009711829,1.1317287895340815,F,9.593175763770375,49.45416407566636,11.877776270513573,48.358668440892096
l_1886,SH1N,peripheral,motorway,MWY,0.2,1.4323345294311896,F,24.975534360902035,90.57846158438335,25.292236175241566,90.0591968779582
l_739,,boundary,arterial,East,0.39489272081084636,0.7803519575801595,D,88.09839164167468,73.93295303960706,88.94110232390135,73.64707740138871
l_184,,peripheral,arterial,West,0.8705114254624592,1.6909102332796013,F,56.256678707080965,65.1961779462342,56.28338762277463,65.46595089865612
l_357,,boundary,arterial,East,5.661044934544168,4.115261737551979,F,65.84798720220324,53.560550321934564,66.63071109769622,52.38399397535276
l_951,,peripheral,arterial,West,0.2729630135116692,0.5675537682091399,C,34.12039286685029,19.954308666811688,34.80641616675846,20.61742786010533
l_1776,SH1S,peripheral,motorway,MWY,0.25263157894736843,2.146136535857985,F,79.11547301443176,17.45149042505728,79.55429144422294,16.497444047093744
l_469,,peripheral,arterial,West,0.6662225183211192,0.7666453944344195,D,25.823146071098005,27.456912121633646,26.726973822938472,28.14311239205135
l_546,,peripheral,arterial,West,0.2729630135116692,0.6315504877700227,D,36.9968786670178,22.712457060927342,37.66069386972683,23.34894747500183
l_105,,peripheral,arterial,East,0.43917435221783047,3.53337910927561,F,80.32136976918541,16.834601662397436,80.77570790697433,16.718090226526215
l_908,,peripheral,arterial,West,0.42560737719453806,1.9942749367627641,F,31.806077940362346,51.48217446681754,31.887082961168694,51.15638090157586
l_34,,peripheral,arterial,West,1.3324450366422385,0.8660334576422497,E,14.363812522100684,18.936088409652413,15.26658007706328,19.568302020942355
l_1808,,peripheral,arterial,East,1.260107109104274,1.6529558038268282,F,84.55624162921892,43.566620758211755,84.69935380385046,43.07749278340039
l_1568,,peripheral,arterial,East,2,13.071092272217633,F,79.55429144422294,16.497444047093744,79.80053627693036,15.709118076540907
l_779,,peripheral,arterial,West,0.34657039711191334,0.8102059092697869,D,55.48533050156489,24.481572560118224,55.91896071120116,24.419550473893427
l_44,,peripheral,arterial,East,0.7751437245655965,3.468136719118258,F,110.4225522918125,24.653907024420178,110.7788359997536,25.106720724862917
l_194,,boundary,arterial,East,0.3592814371257485,0.30106014906557393,B,66.14286173603182,64.82514320490282,66.79143678056333,64.62401159445204
l_705,,boundary,arterial,West,0.718562874251497,1.6824247050413015,F,50.30450507132741,64.30546332118806,50.95607117321234,64.2664848685918
l_1861,,peripheral,arterial,East,3.723239218119764,3.9202386540385907,F,71.4152041612677,74.80883656913852,71.58622123568017,75.10207430842227
l_1279,,inner,arterial,CBD,0.7405578869414959,0.3700196361457973,B,60.80340898776484,48.81567933866933,60.98773892815765,49.37984309580079
l_311,,peripheral,arterial,West,5.5581287633163505,7.151841707243438,F,43.22001107412681,45.54390816345848,43.99316223748298,47.39456392132523
l_711,,inner,arterial,CBD,1.3057671381936886,3.2099812514404817,F,58.66941781072258,76.96236283428607,59.08157987052399,78.08989422446795
l_2240,,peripheral,arterial,West,0.4670351054720947,0.2843047893591289,B,51.58802133868618,51.33629838655588,51.84883066470468,51.33151127277691
l_2353,SH1N,peripheral,motorway,MWY,0.26666666666666666,2.0325209101746244,F,47.765118335675915,72.83828332406051,48.518423693547746,71.58405479685005
l_931,,inner,arterial,CBD,6,9.757436531626153,F,86.0452887326778,62.89008241051103,86.38854363352799,62.640487868716285
l_697,,peripheral,arterial,West,0.6732873253661,3.7971065078670394,F,28.130890312861954,68.08926229466695,28.666384370596415,67.64707834467366
l_1344,,inner,arterial,CBD,0.7897854416216927,0.9969395892970402,E,74.59298837555528,78.50688881137079,75.02672894130816,78.4448305625403
l_1742,,inner,arterial,CBD,0.39489272081084636,0.10495458636246925,A,94.01955939567458,71.95836419580954,94.75760518399456,71.37811824789006
l_512,,peripheral,arterial,East,0.5629574028898481,0.8783375322126941,E,121.14212573432141,20.12950421223557,121.53125983628613,20.014121861290874
l_862,,peripheral,arterial,West,0.3682563063892469,0.5072964351459397,C,45.080153375260146,65.15795934813434,45.237260838842545,65.42534446586146
l_854,,inner,arterial,CBD,0.3090632807067247,0.6739634233484595,D,119.27269376676925,64.27222082409003,119.90353355959333,64.28746641469652
l_929,,peripheral,arterial,West,0.2586541363107298,0.6975030640950103,D,34.56995437969109,0,34.62883258515349,0.24283073432664268
l_150,,peripheral,arterial,East,0.6467608062951385,2.467852732597789,F,77.93568061832971,30.040664160078066,78.20246890873756,30.36005164161466
l_399,,boundary,arterial,East,12,11.503652079365336,F,88.82022876021257,60.109002418329815,90.31308370006009,58.540820628572924
l_677,,peripheral,arterial,East,0.15453164035336234,0.38584980903641813,B,134.76395624930927,61.33372528134379,135,61.16713814510359
l_1890,,inner,arterial,CBD,0.658713313327966,1.6719745942970132,F,64.18510637025192,55.347891346380386,64.95548773532586,57.036371765893044
l_230,,peripheral,arterial,West,2.7790643816581753,7.2689639189218855,F,43.083661446464575,45.22208932636541,43.22001107412681,45.54390816345848
l_390,,peripheral,arterial,East,0.6467608062951385,0.8243613406528046,E,80.58236816714985,33.26194376468249,81.78295799544435,34.69917053726858
l_2302,,peripheral,arterial,East,1.5813401858074718,0.6317378042124039,D,66.20121844227644,36.720998864018114,66.81325321532405,37.54309989421768
l_639,,peripheral,arterial,East,0.48007681228996646,3.5981949407481646,F,90.96825170061823,69.23120704338076,91.16086530039657,69.0654770496398
l_996,,inner,arterial,CBD,0.7062701090794946,4.527298149330187,F,48.72437953409372,33.92980737647068,48.901713511579864,34.115739221453836
l_732,,peripheral,arterial,East,0.7544322897019992,4.055073934047804,F,86.33621924600413,16.480010077644096,86.45239586908485,16.883257353917134
l_470,,peripheral,arterial,West,0.42560737719453806,3.1568570883291995,F,42.01968492798666,36.998545569161564,42.27750110402087,36.831667139459704
l_2363,,inner,arterial,CBD,0.7897854416216927,0.5849518208287585,C,91.75179527385082,72.7841909472288,92.93525087472551,72.11360880310504
l_329,,inner,arterial,CBD,0.4660556159701724,1.1708790686888728,F,75.97152524439069,41.37405555633217,76.21559039315031,41.639812585475795
l_681,,inner,arterial,CBD,15.34526854219949,18.813890762130402,F,54.98391466874296,84.65149034680701,55.71851796387649,84.39476511545743
l_217,,peripheral,arterial,West,0.6662225183211192,0.7664088093482255,D,18.153196678252467,21.70491167062366,20.09311420521459,23.183067412831576
l_2170,,peripheral,arterial,West,1.54182191956829,3.126401889552898,F,19.910347990489626,85.88704028332418,19.91921230880739,86.37334853398386
l_354,,boundary,arterial,East,1.293521612590277,0.654458792943336,D,86.93016873018497,50.81984247240323,86.98484093866688,50.25127140086294
l_173,,boundary,arterial,East,0.9321112319403448,0.6161410303452344,C,90.26675970772055,57.217375824468164,90.9308499919602,57.85370365364385
l_1171,,peripheral,arterial,East,2,4.851039157908608,F,104.75050162513983,17.759631560391824,104.77878406151197,18.1104530851749
l_1208,SH16,peripheral,motorway,MWY,0.42352941176470593,1.9708162831384222,F,73.73092243212142,29.55078306457039,76.86036877778082,31.84428993706855
l_1117,,peripheral,arterial,East,0.5469711472719815,0.28505184664844796,B,100.85303286281456,58.26410443771736,101.1613482400527,58.474587001941416
l_87,,peripheral,arterial,East,1.162715586848395,3.397637154207525,F,107.14013993361219,45.633778238800495,107.5996265655099,44.62523258906839
l_502,,inner,arterial,CBD,1.0778443113772456,1.5943415338857023,F,50.95607117321234,64.2664848685918,52.45581542182968,64.23896625102539
l_877,,peripheral,arterial,West,1.446480231436837,2.513886679848748,F,25.103465392982685,76.14418209199061,25.445297927192893,77.00279068981494
l_556,,peripheral,arterial,West,0.2729630135116692,1.0713192649022765,F,23.69614807299709,15.739275869355476,24.002838762026663,15.868817081390382
l_1055,,peripheral,arterial,East,0.9321112319403448,2.4964947821267236,F,65.17583481005899,20.681714477473342,65.47130617214107,21.378959428424118
l_19,,peripheral,arterial,West,0.6052963430012611,3.1505495027361476,F,41.33762332584963,63.821111010822186,41.62117366432506,63.869974634024665
l_328,,inner,arterial,CBD,0.4660556159701724,1.3989558371758337,F,75.63802827473823,40.974817400909345,75.97152524439069,41.37405555633217
l_83,,inner,arterial,CBD,1.4070194637692488,2.8333388110561795,F,76.66162801034746,65.73922665077025,76.96419264418996,66.81469838221345
l_343,,peripheral,arterial,West,1.0186757215619695,0.8484671607922669,E,54.790414310606764,39.87236972272349,55.07493113486969,39.97524862667511
l_2562,SH1N,peripheral,motorway,MWY,0.26666666666666666,2.2632677097348006,F,53.807866416867896,51.92616661461143,54.52904381431009,51.00214845155103
l_1801,,boundary,arterial,East,0.8900316455696203,5.185434672405939,F,66.86615578697338,71.0278983461379,67.67887400167436,71.47237562974169
l_712,,inner,arterial,CBD,0.47084673938632976,0.7280284342348616,D,56.988096828092516,37.61582131624459,57.578859904655694,37.82117309781113
l_578,,peripheral,arterial,East,0.4163486225799736,2.3042855107357716,F,63.37204910383103,17.174469943216778,63.725721108876655,17.49227415964829
l_1588,,inner,arterial,CBD,2.155688622754491,2.717284595928716,F,78.08508553972821,60.4157365320192,78.64845635725169,60.22310997772073
l_273,,inner,arterial,CBD,0.47084673938632976,1.8501944063332487,F,68.1814136812295,37.46382972117653,68.44120752595799,37.40498733491289
l_545,,peripheral,arterial,West,0.2729630135116692,0.6649966402761089,D,37.66069386972683,23.34894747500183,38.32500839245553,24.012453131749073
l_992,,peripheral,arterial,East,1.6634322151372332,5.765486806181674,F,94.95698250858808,18.320087338639414,96.96888977573524,17.796238769374977
l_185,,inner,arterial,CBD,1.3530273988048258,2.478046429661353,F,71.60699851117133,62.8325792472721,71.88080660841018,63.530216875278064
l_883,,peripheral,arterial,West,2.0198619760983,2.4517882751209163,F,21.311067390560833,73.26739101638535,21.956748753009197,72.90429875875918
l_523,,peripheral,arterial,West,0.8512147543890761,3.1215384642513584,F,36.07400585958431,41.16126095151418,37.08307946971042,40.46715633657881
l_2253,,inner,arterial,CBD,0,0,A,61.21304726287594,49.80812068796445,61.57523606058552,50.5852230433357
l_2182,,boundary,motorway,MWY,0.13333333333333333,0.05716422330206298,A,55.26012197672294,35.86383299864734,55.63837242127506,35.15419638640701
l_648,,boundary,arterial,East,1.3530273988048258,1.7201403273787566,F,74.64771262574864,70.88441532044997,75.05845412024367,71.93086614417015
l_1551,SH1N,peripheral,motorway,MWY,0.26666666666666666,2.5022553936342953,F,59.65982002533505,31.593852493517105,60.41795046645113,31.444772892617085
l_112,,peripheral,arterial,West,0.4094445202675038,1.0810462807299352,F,26.958152628980134,17.004083438764674,27.68118253603015,17.31520820833251
l_1414,,peripheral,arterial,West,0.5904736911166514,2.485795822673939,F,52.43634905089815,22.997075504779254,52.70507672282904,23.424563417703144
l_698,,peripheral,arterial,West,0.42560737719453806,2.047472566060915,F,31.220265366614058,53.925228020327886,31.300284191441023,53.54540039863491
l_293,,peripheral,arterial,West,0.6662225183211192,0.7766897807518655,D,22.07602875395507,24.633396869178227,24.037733355692705,26.111121451821912
l_516,,inner,arterial,CBD,0.8705114254624592,3.3029772746849986,F,58.39315275569288,76.12962319019151,58.57699752959342,76.66677151620668
l_903,,peripheral,arterial,East,0.43917435221783047,0.7933447585334513,D,70.74069647453153,19.49804875099083,71.21677563603794,19.381157638876196
l_1168,,peripheral,arterial,East,24,20.734255248338066,F,93.36711076095095,70.78129612834279,93.73447562361224,71.82851945246047
l_1120,,inner,arterial,CBD,1.7800632911392407,4.926786679347112,F,65.72989176090466,70.72450839770681,66.40670416572556,70.87420248505744
l_918,,boundary,arterial,West,0.7365126127784938,4.848853139610959,F,49.324280536344816,73.67454307841179,49.4389192227232,73.99675673960067
l_1775,SH1S,peripheral,motorway,MWY,0.25263157894736843,2.1835687218559494,F,78.26055509412377,19.413212758880512,78.6381945270524,18.6765126787987
l_308,,inner,arterial,CBD,2.1228918504540633,3.9340840742907437,F,67.82793053989006,48.92957243619345,68.59537829962275,48.10463258034977
l_594,,peripheral,arterial,East,0.7544322897019992,1.257427965006962,F,87.26030879637909,21.760110740260423,87.3422163589314,21.48832646376716
l_372,,peripheral,arterial,East,2.263296869105998,3.5845634540561297,F,78.38032821591237,30.572976450546324,78.74426645536876,30.268956217343014
l_839,,peripheral,arterial,East,1.1259148057796962,1.8899090717122353,F,116.80502461872207,21.859174218520465,117.19264731088153,21.662747971149678
l_933,,peripheral,arterial,East,3.100574898262386,3.0059302510889436,F,112.40345479646213,35.26553051157771,113.33141003675074,33.73472308894424
l_430,,peripheral,arterial,East,0.7544322897019992,1.4399557170603097,F,83.65086001678152,28.74577789752999,84.45092700293155,28.514753090660168
l_871,,peripheral,arterial,West,0.9079445145018916,3.1112909079136064,F,31.34086020845276,66.46318605069304,31.66639987561787,66.43021838241287
l_1770,SH1N,peripheral,motorway,MWY,0.4,2.4816883632366085,F,61.19880836747479,31.349325136469357,62.370841689415734,31.246673889014883
l_1263,,peripheral,arterial,East,0.8782844177706213,1.3711511023053515,F,71.14964306506519,73.38133209010323,71.33102328162099,73.78338402757181
l_438,,peripheral,arterial,East,2.263296869105998,4.031879676249733,F,87.19894577134318,19.626142623559943,87.41007622561573,20.460056285102223
l_1381,,peripheral,arterial,East,2,1.0841016960975933,F,104.52009164720675,17.061224643942403,104.75050162513983,17.759631560391824
l_2180,SH1S,peripheral,motorway,MWY,0.25263157894736843,2.0141489303694504,F,70.98572173256585,26.8717716188427,71.30370240226385,26.433479853153397
l_315,,peripheral,arterial,West,0.9590792838874681,1.5384707195500156,F,58.206780092184864,56.56595492603359,58.52981355934729,56.39785830666861
l_538,,peripheral,arterial,East,0.6765136994024129,1.726790334260357,F,75.05845412024367,71.93086614417015,75.17263294825382,72.22604967163326
l_702,,peripheral,arterial,East,0.8774495466510676,1.1585664396785647,F,71.3291682956456,16.054818204487734,71.3993559895461,16.323788369085356
l_215,,peripheral,arterial,West,0.6732873253661,1.228142250815624,F,11.357448835104252,72.34024476797593,12.163651983158868,72.43371258845286
l_841,,peripheral,arterial,East,0.7751437245655965,2.9323079431464443,F,112.74875557728336,29.31319530064335,112.90643392091758,29.607549191535874
l_672,,peripheral,arterial,East,1.1089548100914888,6.064717923615823,F,93.44236204648575,18.699552901642477,93.72385727497958,18.640274484382697
l_983,,peripheral,arterial,West,0.3682563063892469,0.5266657038672846,C,45.418087921472434,65.80040013292222,45.5524687978586,66.0141487790403
l_121,,peripheral,arterial,East,1.162715586848395,3.3740695034667922,F,105.61152915050488,48.77030886430576,106.49109268072078,46.970172440998155
l_518,,peripheral,arterial,East,1,4.557962212867798,F,106.02948398163464,19.897960726244897,106.51764890136762,20.429405462124972
l_238,,inner,arterial,CBD,1.4125402181589892,1.6559011724464223,F,61.5204454732506,38.18109805684745,62.473197068878214,37.974377665838496
l_2397,SH1S,peripheral,motorway,MWY,0.3157894736842105,2.0214256959018897,F,64.82007502293318,30.850228876456175,66.29036569802851,30.41774322411505
l_229,,inner,arterial,CBD,0.9590792838874681,1.2356601774091296,F,56.177153289115644,57.332965838616346,56.909666401894945,56.968163807931695
l_16,,peripheral,arterial,West,0.6384110657918071,2.0235821495712365,F,30.61418472273863,56.4497273285268,30.87647586311128,55.33686591613959
l_1356,,peripheral,arterial,West,0.3936491274111009,2.2774651643190165,F,50.95285355465365,15.61907493991491,51.05021157094027,16.18484242311799
l_2228,,inner,arterial,CBD,0.8782844177706213,1.0023607101391891,F,60.54359895708543,48.874511597902,60.98773892815765,49.37984309580079
l_2094,,peripheral,arterial,West,1.446480231436837,3.1033098781039086,F,24.753350363940463,86.74480060182267,25.198499420748078,86.11509160886894
l_2336,,inner,arterial,CBD,0.39489272081084636,1.5828756432805344,F,95.00536727110902,71.18332959199535,95.43506928202694,70.9050897170522
l_141,,inner,arterial,CBD,1.415261233636042,4.021993366273515,F,66.63071109769622,52.38399397535276,66.70966745550835,51.95011603128202
l_587,,peripheral,arterial,East,0.3233804031475693,0.7088378276733908,D,82.54089711622093,35.71215703421988,82.74300274340413,36.059762791077446
l_868,,peripheral,arterial,East,0.43917435221783047,1.3477524446014408,F,88.17041892584936,14.58117929111355,88.75462858954545,14.435215825466882
l_688,,inner,arterial,CBD,0.4660556159701724,0.6264073578203372,D,87.58820297558253,54.64542969440714,88.1860699810941,55.22893905573418
l_81,,peripheral,arterial,West,0.2729630135116692,0.925899747109806,E,44.67545346620091,30.0852133826215,45.427731500137845,30.801139189057874
l_1415,,peripheral,arterial,West,0.5904736911166514,2.478598859780388,F,52.43634905089815,22.997075504779254,52.68419619251515,22.289837472597156
l_332,,inner,arterial,CBD,1.415261233636042,5.313172693615141,F,74.22918563108018,49.43310691861998,74.49349172307936,49.61741299843831
l_2522,,inner,arterial,CBD,0.39489272081084636,0.10001506631058954,A,82.13865149724165,76.17834579272612,82.50457703730733,75.84115997283072
l_741,,peripheral,arterial,East,0.6467608062951385,2.46087099223284,F,77.49053491244558,29.481333655634618,77.93568061832971,30.040664160078066
l_837,,boundary,arterial,West,0.7062701090794946,4.523180823607779,F,48.260058538961395,33.50590159417702,48.72437953409372,33.92980737647068
l_1825,,inner,arterial,CBD,1.1867088607594938,5.236976878400176,F,67.67887400167436,71.47237562974169,67.75056696475887,71.8223982887934
l_1867,,inner,arterial,CBD,0.43914220888531064,1.546247762312537,F,66.12130419645351,60.122941141567935,66.46478413796704,61.06253952553714
l_2296,,peripheral,arterial,East,1.317426626655932,2.393127300085337,F,63.33128764447713,53.850129409293416,63.668765861908625,54.46552494747484
l_692,,peripheral,arterial,West,0.8188890405350076,0.6209850463978823,D,14.16267206992958,21.02075980134098,14.18841608295176,20.047349898517552
l_2559,SH1S,boundary,motorway,MWY,0.12631578947368421,0.13043309509968024,A,51.48271164106916,27.87933678997897,53.3222333571636,29.79146229844561
l_1762,,peripheral,arterial,West,0.34657039711191334,0.046209386281588445,A,50.09635975384353,28.14801859227475,50.377877344433436,28.088799766079482
l_60,,peripheral,arterial,West,0.8512147543890761,3.109123467905149,F,38.11387922865658,39.772649092279735,39.35853243396495,38.885039799948636
l_776,,peripheral,arterial,East,0.8774495466510676,2.0304752380418623,F,71.70183893190438,17.39926773257083,71.91290464729968,18.23319513559029
l_658,,boundary,arterial,East,1.260107109104274,5.069415264421041,F,82.61537724786608,46.76465010547394,82.82720406952839,46.46343850540144
l_279,,peripheral,arterial,West,0.4163486225799736,0.5309762373787038,C,43.95411189193078,8.558418666871638,44.39118388122156,8.685540657988398
l_1987,,boundary,arterial,East,0.4894363324904152,0.986597687016212,E,90.25782546500915,66.5912814806598,90.35462429295049,66.30890785708459
l_252,,peripheral,arterial,East,0.3233804031475693,0.4767203606648121,C,83.81554702213414,38.79662508554348,84.04239717389197,39.30593131977815
l_815,,peripheral,arterial,East,0.43917435221783047,0.7821295334973557,D,101.51257874172897,10.819952722490436,101.81528772792824,10.733241270101217
l_830,,peripheral,arterial,East,0.43917435221783047,0.883940182738132,E,99.17731541250967,11.484994891160891,99.89088353938105,11.28254088547251
l_2471,,peripheral,arterial,West,0.8664259927797834,4.647592198301243,F,50.7546373797436,27.29811996730244,51.25780759579831,26.288907762397006
l_802,,peripheral,arterial,West,0.6732873253661,2.7677109125405965,F,21.956748753009197,72.90429875875918,22.21413355053663,72.71043040111572
l_359,,inner,arterial,CBD,2.830522467272084,4.017126333100711,F,67.59393633821429,55.0959178438143,68.2312228555955,55.46254364541425
l_2181,,peripheral,motorway,MWY,0.06666666666666667,0.035525925925925926,A,55.03101232778879,36.40857041089075,55.13420368523813,36.10938411357112
l_766,,peripheral,arterial,West,0.718562874251497,1.6195827531668148,F,54.99836319691501,64.16526226450581,55.41133629772163,64.15767771289701
l_51,,inner,arterial,CBD,1.9577453299616607,1.8424906634848994,F,89.52263422621802,68.66341403448585,89.77142609073935,68.0101659520379
l_1449,,peripheral,arterial,West,0.23351755273604735,0.5160106840991547,C,50.35464268102764,51.6562188762923,50.81056204175561,51.620827967298034
l_569,,peripheral,arterial,West,0.6052963430012611,3.1465719711340343,F,41.62117366432506,63.869974634024665,42.18728377616061,63.91366633105836
l_1739,,inner,arterial,CBD,0.7897854416216927,0.7165293558044605,D,81.08005577299889,76.54926355530483,81.33539754539818,76.45979521838711
l_2131,,peripheral,arterial,East,0,0,A,115.01464367696506,63.14610977823178,115.11652217168017,63.624565329399076
l_575,,peripheral,arterial,West,4.168596572487263,6.177608382281833,F,45.33546455065397,50.64015856246235,45.63040736722147,51.31041244544373
l_247,,boundary,arterial,East,1.260107109104274,5.061282300614755,F,82.82720406952839,46.46343850540144,83.04003216242377,46.21626127244332
l_1228,,boundary,arterial,East,0.5923390812162695,1.481578644384805,F,112.63524396539997,63.96363399899092,114.44030911357665,63.98402954582265
l_867,,peripheral,arterial,East,1,1.1945853806729927,F,101.95243156289935,7.595584818932813,102.23988409544138,9.022655521785314
l_524,,peripheral,arterial,East,0.48007681228996646,3.6072924525841854,F,91.37421086995198,68.84530934288631,91.60778624894593,68.54368656404685
l_1438,,peripheral,arterial,East,0.6931407942238267,0.826963132587731,E,64.63327380845004,21.907902492300373,65.28320945797132,21.78782265927026
l_2423,SH1S,peripheral,motorway,MWY,0.1894736842105263,2.0249003923046054,F,68.10340088513385,29.560612238759166,68.42285851212542,29.351428721122858
l_32,,peripheral,arterial,West,0.9841228185277523,6.0171164331128475,F,60.696295012661274,30.034275918203534,62.28571152631732,30.167182431766516
l_576,,inner,arterial,CBD,1.0778443113772456,2.6118950049161476,F,77.5234735835914,60.61529810113833,78.08508553972821,60.4157365320192
l_383,,peripheral,arterial,East,0.6587615283267457,3.5183875256264554,F,81.35942688770864,16.54513059672494,82.35402035513721,16.256458635031414
l_619,,peripheral,arterial,West,0.6662225183211192,0.8677308591029764,E,15.26658007706328,19.568302020942355,15.509063138464636,19.753075667460394
l_522,,peripheral,arterial,West,0.6384110657918071,3.1063089596736324,F,37.08307946971042,40.46715633657881,38.11387922865658,39.772649092279735
l_2012,,boundary,arterial,West,0.8900316455696203,4.761201842234937,F,59.6653422868612,69.64693644363454,60.385120072702094,69.7688333866943
l_1284,,peripheral,motorway,MWY,0,0,A,54.71696039624606,37.06297351264424,54.84337716773664,36.84443996626127
l_634,,inner,arterial,CBD,0.4660556159701724,0.6624085061753283,D,89.27113355970832,56.28989760791533,89.69161946448213,56.687503918493874
l_2354,,peripheral,arterial,West,2.892960462873674,1.5618825967840728,F,25.603129811711074,85.64827640784264,26.197476662346165,84.85369005084536
l_1306,,boundary,arterial,East,0.9380129758461659,4.343328209807341,F,78.18298137855709,71.57587458350308,78.27642858065535,71.92549262647148
l_818,,peripheral,arterial,West,0.4163486225799736,0.46591494334527156,C,37.458209591611435,4.001798971551008,37.703173131629995,4.321633367633035
l_998,,peripheral,arterial,East,2.052217535058716,19.979280971784245,F,65.71386312353862,29.806756660727483,66.38106518465302,29.443118125179492
l_2557,,peripheral,arterial,West,4,1.843739102291729,F,47.66855459712167,69.94823975047932,47.842940348252505,70.26999019862859
l_1408,,peripheral,arterial,East,1.3981668479105174,6.471475874542982,F,67.60879996164446,28.82590664672896,67.98722386930352,29.30540746056039
l_2327,SH1S,peripheral,motorway,MWY,0.25263157894736843,2.1684622714775146,F,78.88845077178134,18.10432682237426,79.11547301443176,17.45149042505728
l_2092,,peripheral,arterial,East,1.1906533710373568,2.715868498524535,F,97.17704338533345,55.8459450532657,97.50004725077318,55.67778679127608
l_2605,,boundary,arterial,West,0.8512147543890761,1.2357086435340392,F,46.4627385408681,33.89019902651251,46.89819113940197,33.4980383181697
l_405,,boundary,arterial,East,0.9380129758461659,4.27028867372227,F,69.90742739754064,46.16156154953552,69.99935428428324,46.4301311809854
l_1868,,inner,arterial,CBD,0.5923390812162695,1.3568602291511627,F,105.39462072232304,66.28764968796823,108.11669978191439,65.34510178786458
l_577,,inner,arterial,CBD,0.47084673938632976,4.512856918019917,F,50.07190218762322,35.09424726549475,50.51002692927981,35.27539264319926
l_1148,,peripheral,arterial,East,0.4660556159701724,2.324002001711752,F,66.75532766474298,26.166014510986074,66.96388474240788,26.864859614113108
l_1446,,peripheral,motorway,MWY,0.13333333333333333,0.035525925925925926,A,56.54245474560589,44.110349820587466,56.56621132675223,44.35999698407521
l_2008,,peripheral,arterial,East,0.43914220888531064,1.364428013314104,F,69.29917065222463,68.55068808734492,69.39060559698635,68.79224067805009
l_188,,peripheral,arterial,West,0.9364026531408505,2.416965198546591,F,36.278057499793505,42.80613344039605,36.847573293286096,43.038958409692896
l_2103,,peripheral,motorway,MWY,0.2,1.7277384340082373,F,80.29652541903556,14.32158640620621,80.3784383385374,14.049804955866923
l_340,,peripheral,arterial,East,0.7906700929037359,4.414099812636758,F,64.56348885504276,32.26033191009303,64.67813325597666,32.582538001381316
l_1768,SH1S,peripheral,motorway,MWY,0.12631578947368421,0.4322400502265323,B,88.37485515037113,4.523466121909161,88.58763038987404,4.276280946767307
l_403,,peripheral,arterial,East,0.5,0.9655920580429872,E,102.80421995499638,11.309430453865668,102.94165319043678,11.68524784634116
l_2461,,peripheral,motorway,MWY,0.2,1.7444088206274744,F,79.80053627693036,15.709118076540907,79.90368016202991,15.40991759887411
l_1536,SH1S,peripheral,motorway,MWY,0.06315789473684211,0.040471160771691,A,73.66841364931753,23.822309274082407,74.5014329682545,23.023156082247098
l_2462,,inner,arterial,CBD,0.43914220888531064,1.6898161753055396,F,65.18380297971082,57.62674891718764,65.43534998947828,58.297777320738305
l_291,,peripheral,arterial,East,1,0.9733456656471672,E,103.82181585288141,14.587758999822961,104.1709519148382,15.824492092970116
l_285,,peripheral,arterial,West,0.6732873253661,0.9908646868551697,E,6.518425233524618,70.48215665190318,7.360099979498667,71.33172830966363
l_423,,boundary,arterial,East,0.48007681228996646,2.6562899879488584,F,95.43963619956364,61.797033827149114,95.5003199063937,61.55266787133714
l_1565,SH16,peripheral,motorway,MWY,0.35294117647058826,2.0098094887101925,F,72.0723061509492,29.203028756402478,73.73092243212142,29.55078306457039
l_102,,peripheral,arterial,West,0.9552619009711829,1.142366379893971,F,8.148804108213302,50.12899996174968,9.593175763770375,49.45416407566636
l_1013,,boundary,arterial,East,10,21.119238502492156,F,92.79408265927084,69.19735448919624,93.11445522620902,70.05626400761284
l_1374,,peripheral,arterial,West,0.8326972451599473,1.176383182582458,F,53.13224760755773,11.200773498730635,53.61726759322485,11.570233857453232
l_813,,peripheral,arterial,West,0.47084673938632976,0.7360415539068751,D,55.47809825859257,37.07601636840812,55.7186490833935,37.152675638354886
l_1393,,peripheral,arterial,East,7.402837754472547,5.528545579658337,F,103.69986891686158,17.373785672682526,104.31538306862423,17.740704362018587
l_221,,inner,arterial,CBD,1.3530273988048258,2.1120312653916624,F,71.88080660841018,63.530216875278064,72.40769120143241,64.97992663724726
l_416,,peripheral,arterial,West,0.718562874251497,4.367653900689896,F,47.58856967562438,64.40931418225067,47.87113021863731,64.40413492993997
l_428,,boundary,arterial,East,0.4660556159701724,1.7723141274839722,F,71.73458238436463,36.80371415019356,71.86897455166532,37.01744642841837
l_2059,SH16,peripheral,motorway,MWY,0.2823529411764706,0.9235527056725669,E,13.446754249690338,10.358436791437382,16.634116357492584,9.922105711149262
l_159,,peripheral,arterial,East,1,0.9750492284609558,E,103.75158598639847,14.318798401960558,103.82181585288141,14.587758999822961
l_2115,,peripheral,motorway,MWY,0.6666666666666666,1.4877818323642744,F,35.90168045373832,79.24437655458021,46.1774620258294,74.0024792413105
l_1270,,peripheral,arterial,West,1.7565688355412425,7.8287473681655815,F,59.58384565892624,47.50492640356332,60.005554820942166,47.992536583867455
l_302,,peripheral,arterial,East,1.1259148057796962,1.7762329831194004,F,117.19264731088153,21.662747971149678,117.49435585240464,21.521979219141418
l_1839,SH1S,peripheral,motorway,MWY,0.1894736842105263,2.023682690116535,F,72.91381695536822,24.160559754214546,73.49056468457023,23.609380692674144
l_2563,SH1S,peripheral,motorway,MWY,0.25263157894736843,2.008126607391529,F,69.79372136260199,28.245087626118437,70.30629292231427,27.749155313058328
l_647,,inner,arterial,CBD,2.029541098207239,1.737383918326349,F,73.22913578602629,67.07283563777267,73.91568303029801,68.92499321134198
l_89,,peripheral,arterial,East,1.162715586848395,2.9447161016798584,F,113.17528008776863,31.197116002251,113.40268484984902,32.89556275122602
l_2511,SH16,peripheral,motorway,MWY,0.1411764705882353,0.6850396505916967,C,8.980279509982317,10.980103187164117,9.847500602525066,10.856251210852385
l_2145,,peripheral,arterial,East,0.3090632807067247,0.876958199319146,E,117.15978739784869,64.06842534598398,117.83308662414882,64.0288311646477
l_222,,peripheral,arterial,West,0.7906700929037359,0.8609616295102054,E,62.344034931930025,27.436435581392367,62.909256777284135,28.615194350702243
l_1096,,peripheral,arterial,East,1.3175230566534915,0.8657828204705739,E,66.1409750809709,21.15040717403214,67.10689087911975,20.48396774984945
l_961,,peripheral,arterial,East,1.1259148057796962,1.8708146863050348,F,112.58002785651028,24.937999502131394,113.56351492893005,24.05479541409066
l_2329,,peripheral,arterial,West,0.4670351054720947,0.24976419962842494,A,53.25856253837734,51.1434765442078,54.3168178838527,51.184848414248954
l_1271,,peripheral,arterial,West,0.8782844177706213,1.156705155291041,F,60.005554820942166,47.992536583867455,60.183906457535066,48.2324938814453
l_2220,,peripheral,arterial,West,0.9079445145018916,3.334349380998063,F,43.80164882948441,64.20842743249491,44.525203955014334,64.03438930089531
l_407,,peripheral,arterial,West,0.9552619009711829,1.3830647732898063,F,14.552572749401495,47.20200301305013,15.445123067090424,47.26685798344814
l_1913,,inner,arterial,CBD,1.9577453299616607,0.8492900280339322,E,89.77142609073935,68.0101659520379,90.25782546500915,66.5912814806598
l_2149,SH16,peripheral,motorway,MWY,0.1411764705882353,0.1859877024219103,A,5.2022599061072095,11.210820503273808,5.55042624669366,11.231531264238088
l_1540,,peripheral,motorway,MWY,0.6666666666666666,2.315345279007353,F,73.76033762530636,24.090877441188407,74.40343805368384,23.117167045711216
l_995,,boundary,arterial,East,3.7803213273128216,2.92214375168143,F,64.59536532672976,59.90780433945354,65.84702091206691,59.39827931212193
l_925,,peripheral,arterial,East,0.7544322897019992,1.6698114052645248,F,79.8243558262689,29.897639816665812,80.6244308433964,29.66663004599746
l_785,,peripheral,arterial,East,1.1860051393556037,4.9381180690567,F,64.02685857431082,31.180652193133124,64.3589247678989,31.77762305157244
l_882,,peripheral,arterial,East,0.43917435221783047,1.2276766982431262,F,88.75462858954545,14.435215825466882,89.55463460235399,14.204169163434171
l_954,,peripheral,arterial,West,0.42560737719453806,1.998883380792128,F,30.431418608881398,57.15574394736645,30.61418472273863,56.4497273285268
l_75,,peripheral,arterial,East,1.6634322151372332,5.397942222568811,F,99.9091660664164,16.930790692269245,101.01138621981251,16.585973676240414
l_1508,,peripheral,arterial,East,0,0,A,82.08185256660941,48.47719424489277,82.09757664711329,48.15258459901358
l_175,,peripheral,arterial,West,0.2081743112899868,0.4239011845214685,B,35.52025654373531,1.4427167203535378,35.78496267608044,1.6540867439188676
l_192,,inner,arterial,CBD,0.47084673938632976,2.0765021926774634,F,67.55166520542518,37.50246451841118,68.1814136812295,37.46382972117653
l_418,,peripheral,arterial,West,0.3682563063892469,0.2772528471261766,B,45.73280094593361,66.36218699020907,46.20561754174378,67.24539225542652
l_975,,peripheral,arterial,East,0.5,0.4471769936637594,C,64.70808524166334,17.717416921314094,65.26011095717408,17.004557053778175
l_216,,inner,arterial,CBD,0.718562874251497,2.518072400580576,F,75.5585735574088,61.354277245852195,76.33554109683999,61.042638078226716
l_1561,,peripheral,arterial,West,32,23.671480020988152,F,47.765118335675915,72.83828332406051,48.84250379985112,72.305034748848
l_2297,,peripheral,arterial,West,0.7872982548222018,2.318641558950732,F,51.23987720628342,16.987227355129107,51.85167599897967,19.575456539565796
l_972,,peripheral,arterial,East,0.5,1.362957042580279,F,102.23988409544138,9.022655521785314,102.26866583295596,9.400494792507832
l_1730,,peripheral,arterial,West,1.54182191956829,2.7390748484681913,F,19.89606651006187,85.10354362914642,19.947982144973768,84.3728949178436
l_2197,SH1N,boundary,motorway,MWY,0.26666666666666666,2.0639929921968476,F,49.18071646946679,64.67741504605605,49.19699130200595,64.37982714894805
l_239,,peripheral,arterial,East,0.7751437245655965,3.164815182226694,F,111.54850085396642,26.741005480237508,111.75216333083571,27.169636685945253
l_974,,peripheral,arterial,East,0.6587615283267457,1.3428624046170998,F,87.0030007275946,14.92713592971127,88.17041892584936,14.58117929111355
l_1428,,peripheral,arterial,West,0.8512147543890761,2.164330092951326,F,29.48889096285736,66.2537412667525,29.673640407118377,66.84494709908721
l_2024,,boundary,arterial,East,0.8900316455696203,4.974741182305152,F,72.85907041349095,74.10654373911623,73.7102919387007,74.28002372688447
l_1823,,inner,arterial,CBD,1.1867088607594938,5.223148549302565,F,67.75056696475887,71.8223982887934,68.0786063807393,71.92445988238603
l_1614,,peripheral,arterial,East,1.785980056556035,2.5838136629906194,F,99.44258708063082,54.91198217464187,100.15026983076909,54.38532482947949
l_395,,boundary,arterial,East,1.4683089974712455,2.2113836872661,F,92.59159550062452,59.4715317246036,93.37341533518043,60.59214800095314
l_878,,peripheral,arterial,West,0.3682563063892469,0.3678300526180231,B,45.5524687978586,66.0141487790403,45.73280094593361,66.36218699020907
l_1567,SH1S,peripheral,motorway,MWY,0.3789473684210526,1.367217701590681,F,81.77925355649629,11.050957234452639,84.96035184208625,7.938049165044866
l_1534,SH1S,peripheral,motorway,MWY,0,0,A,79.3244536884013,15.05447860768151,79.34295535045088,15.065832046098118
l_2394,,inner,arterial,CBD,1.8760259516923319,0.8320378604673112,E,67.12521488214176,39.13191321982314,67.5595949665603,40.2860462028036
l_650,,peripheral,arterial,East,2.5616394492475183,1.6318467910753103,F,85.91648209546244,14.947267311056983,85.98618713567022,15.189215814380727
l_411,,peripheral,arterial,West,0.9552619009711829,1.6420188707926886,F,18.751260629148295,43.77440983898291,19.041731192325393,43.012392092370746
l_825,,inner,arterial,CBD,0.39489272081084636,0.8420069940220224,E,90.17255953019585,73.21886161028831,91.25286046529216,72.84749345694918
l_678,,peripheral,arterial,West,1.54182191956829,2.9728746348358652,F,21.014033014049886,76.05648641136715,21.052086662157677,75.75850669401079
l_1445,,peripheral,arterial,West,4,1.5846618614148746,F,56.54245474560589,44.110349820587466,57.11796585125734,45.94233082022464
l_327,,peripheral,arterial,East,0.6467608062951385,0.8281648863653971,E,72.37850218358771,19.900247069732195,72.51738312095013,20.357134741317427
l_2084,SH16,peripheral,motorway,MWY,0.2823529411764706,2.2535189773994313,F,87.67331088998445,46.346687792152274,88.40055500107961,46.87374551919048
l_835,,peripheral,arterial,East,0.4660556159701724,1.835214377689109,F,68.30444702151331,30.00224808447742,68.46256018406585,30.32365092800221
l_498,,peripheral,arterial,West,1.3465746507322,1.548447225610522,F,20.832376903800007,73.24907673454601,21.311067390560833,73.26739101638535
l_620,,peripheral,arterial,West,0.6662225183211192,0.8693706304689589,E,15.509063138464636,19.753075667460394,15.72932362367471,19.911227030447844
l_811,,inner,arterial,CBD,1.1108368304122438,2.9718663364165288,F,61.17028956170788,41.59287290640271,61.263014156469026,40.72632073934408
l_94,,peripheral,arterial,West,0.7906700929037359,0.8163263828379856,D,60.81895765673793,24.896991468599357,61.644942170756366,26.070954320036822
l_553,,peripheral,arterial,West,0.2729630135116692,0.5275028878856685,C,30.57134760327681,18.451613763308206,30.987688520843637,18.63319555844396
l_2100,,peripheral,motorway,MWY,2.1697203471552555,5.277664692194603,F,24.62481038678189,89.23354394905859,24.78930286728638,89.90620079474266
l_560,,peripheral,arterial,West,0.2729630135116692,0.5279776446276038,C,30.133771162970287,18.29744512717027,30.57134760327681,18.451613763308206
l_1860,,boundary,arterial,East,5.584858827179646,3.9231419573651323,F,71.58622123568017,75.10207430842227,71.9765944393281,75.77143528366535
l_525,,peripheral,arterial,East,1.4402304368698993,3.6188364203281136,F,91.60778624894593,68.54368656404685,92.03296894979158,68.02229805492169
l_2069,,inner,arterial,CBD,1.4070194637692488,4.178039073333096,F,77.78445854772983,70.0157000072251,78.0885341738367,71.17222198928589
l_703,,inner,arterial,CBD,3.368893879842785,3.468124291353992,F,61.71436455584005,46.33951391972756,62.86214392946015,48.45347848858139
l_959,,peripheral,arterial,East,0.39489272081084636,0.9714022656761897,E,75.28657339780666,78.38598138298839,75.58989168565117,78.3263293368011
l_337,,peripheral,arterial,West,1.54182191956829,2.514591717707604,F,20.536626673350835,79.68667156086065,20.69081771812107,78.60282193635975
l_136,,peripheral,arterial,East,0.6467608062951385,0.47583994773297417,C,84.04239717389197,39.30593131977815,84.26974952002529,39.842254643745136
l_445,,peripheral,arterial,East,1,1.0874309978404046,F,104.1709519148382,15.824492092970116,104.52009164720675,17.061224643942403
l_563,,peripheral,arterial,West,0.34657039711191334,0.9135208905452863,E,60.80631266333057,23.0323980143972,61.28190622607549,22.88851284067149
l_1566,,peripheral,arterial,East,1.6409134418159443,6.218755933209873,F,97.15401521163456,56.32709926417492,97.17704338533345,55.8459450532657
l_645,,inner,arterial,CBD,1.4268727705112962,7.753079786915014,F,84.95418154754421,70.88311280576647,85.82062402986284,70.70491631388921
l_1802,,boundary,arterial,East,1.7800632911392407,5.1637119681420325,F,66.40670416572556,70.87420248505744,66.86615578697338,71.0278983461379
l_791,,peripheral,arterial,West,0.7872982548222018,6.051077786231785,F,62.28571152631732,30.167182431766516,62.983624140222425,30.2894662897823
l_1274,,inner,arterial,CBD,0.5923390812162695,0.7465051881598799,D,82.88992485657327,75.65094779001757,84.7260242626595,74.99536883348628
l_110,,peripheral,arterial,West,0.4163486225799736,0.6343890095083581,D,44.95962645086957,8.864306542158666,45.35373687262401,9.019240444154503
l_2326,,peripheral,arterial,East,0.6467608062951385,0.8377274554095332,E,87.18797964508035,47.13945006673204,87.38651955673964,46.86865892342196
l_334,,peripheral,arterial,East,1.2828736369467608,5.470124455468394,F,115.90088706272924,35.11920004960792,116.16471022858158,35.276436523052126
l_2206,SH1N,boundary,motorway,MWY,0.06666666666666667,0.04174732027677086,A,49.36474344224883,67.59288241770346,49.39420746996334,65.64644759848852
l_274,,peripheral,arterial,East,0.43917435221783047,0.7875233207339907,D,68.05855738158797,20.223184049712202,68.51290857770731,20.106699925429442
l_1767,SH1S,peripheral,motorway,MWY,0.1894736842105263,0.5892230264013102,C,87.62888317510843,5.3210689163522655,88.37485515037113,4.523466121909161
l_1038,,inner,arterial,CBD,0.5155746509129968,0.6998533547671459,D,58.359430838136134,49.5092591856192,58.47407308250859,49.83146835872688
l_2021,,inner,arterial,CBD,0.8900316455696203,4.924004904126229,F,62.80628848604008,70.18374450760972,63.67921974404496,70.35686484399797
l_1379,,peripheral,arterial,East,1.550287449131193,1.5661588151825445,F,103.48067669638154,52.63864609996078,103.9397946473381,52.39596848608203
l_305,,peripheral,arterial,East,0.7751437245655965,3.2679622471301295,F,108.33206225929015,43.09809350593113,109.10643985620608,41.48908945611932
l_1835,,peripheral,motorway,MWY,0.26666666666666666,0.2647787625664417,A,57.00066621402222,46.561331295919516,57.404808572559816,47.256589734658704
l_636,,boundary,arterial,East,6,11.41198821670278,F,87.05030744901372,61.97959579665861,87.28538463256781,61.759029567199676
l_172,,inner,arterial,CBD,1.415261233636042,3.993770682654104,F,66.70966745550835,51.95011603128202,66.7451551400661,51.51703891544061
l_1364,,inner,arterial,CBD,0.47084673938632976,0.6547085562914461,D,58.6932002835808,38.125001577171155,60.0476004068279,38.478461263363045
l_614,,peripheral,arterial,West,0.6732873253661,1.2251206744729148,F,12.163651983158868,72.43371258845286,12.838455797859599,72.47551143596816
l_454,,boundary,arterial,West,1.3057671381936886,4.124337308079142,F,56.99111601630003,72.02035369645378,57.29010222009102,72.90673010474494
l_2560,,boundary,arterial,East,1.8901606636564108,5.050741209906817,F,83.04003216242377,46.21626127244332,83.33328127670732,45.61625007323707
l_2043,,inner,arterial,CBD,1.9181585677749362,1.163081051122499,F,54.10453983321792,58.12777182907482,54.601457003357595,57.956488700539424
l_675,,boundary,arterial,East,0.7062701090794946,1.7115306522871636,F,68.85113321180147,37.235270555268315,70.51056461021132,36.4479250457801
l_55,,inner,arterial,CBD,1.0778443113772456,2.5509417151085483,F,76.33554109683999,61.042638078226716,77.24241717509129,60.70156966704804
l_2258,,peripheral,motorway,MWY,0.13333333333333333,0.050817398553203115,A,54.83373062356441,38.68241247093793,55.07493113486969,39.97524862667511
l_542,,boundary,arterial,East,1.3530273988048258,1.7271293894098116,F,75.17263294825382,72.22604967163326,75.33328344094578,72.6825341116701
l_483,,peripheral,arterial,East,0.6587615283267457,3.472655596818263,F,82.6132830183785,16.17058010033916,83.0893491253572,16.053661287411398
l_846,,peripheral,arterial,East,0.6467608062951385,2.581687967788773,F,75.35226787411736,26.710079365169303,76.10914760698414,27.66905318193299
l_644,,inner,arterial,CBD,0.9512485136741975,7.529100694765062,F,84.65187825992689,70.9968135233585,84.95418154754421,70.88311280576647
l_764,,inner,arterial,CBD,1.260107109104274,3.1182519023837156,F,58.61557679123506,62.23398134375334,59.154975830174145,62.007853992161465
l_1748,,boundary,arterial,East,1.5914415808319702,7.838150851968968,F,94.36864059133393,52.14137492951401,95.74632100581695,53.737403387899974
l_2616,SH1N,peripheral,motorway,MWY,0,0,A,50.55688604635839,27.713126788183125,50.600526465959064,27.62154170761143
l_1745,SH16,peripheral,motorway,MWY,0.42352941176470593,2.3444792591948476,F,85.19503056774066,44.01424656159616,87.16541261073924,45.92367104709976
l_737,,inner,arterial,CBD,0.8204567209079722,5.328867309468167,F,103.40953531118548,60.108439614280215,103.91347280868749,60.3152799633728
l_2114,SH1N,peripheral,motorway,MWY,0.26666666666666666,2.277213068109059,F,49.25662904563713,62.8922861108631,49.58751287920056,61.96732334357944
l_79,,peripheral,arterial,West,0.6732873253661,1.1054300923387885,F,9.963388789742353,72.20338992364428,11.357448835104252,72.34024476797593
l_901,,peripheral,arterial,West,0.6732873253661,3.7903537382714036,F,28.666384370596415,67.64707834467366,29.051701669472546,67.31573675116461
l_2547,,peripheral,arterial,West,2.892960462873674,1.9176905573953054,F,25.71027241241555,85.50503673443971,26.197476662346165,84.85369005084536
l_297,,peripheral,arterial,West,0.2729630135116692,0.3530227226644176,B,7.032410215232541,22.20427560395299,8.013247061251363,22.348633492839774
l_521,,peripheral,arterial,East,1.293521612590277,1.0462682419370564,F,78.38032821591237,30.572976450546324,78.58042036377357,30.812516689642433
l_756,,peripheral,arterial,West,0.2729630135116692,0.9693184787192443,E,46.22397489122295,31.543282954395114,46.578138382687364,31.888133285511604
l_415,,inner,arterial,CBD,0.7365126127784938,2.8006768111091547,F,53.20093694328608,84.65719116161277,53.38477405596671,85.19434360848355
l_1733,,inner,arterial,CBD,0.5155746509129968,0.9892142852742791,E,65.26556100225024,67.9493378093099,65.37972383761091,68.24452625850793
l_1834,,peripheral,motorway,MWY,0.26666666666666666,1.0528635862547553,F,84.08931759086086,43.007705641182994,84.55624162921892,43.566620758211755
l_92,,peripheral,arterial,West,0.4163486225799736,0.4305598712045114,C,38.127914939335575,4.9624941669907185,39.569548285590436,6.530665093655181
l_1803,,boundary,arterial,East,0,0,A,77.6714793558012,53.34243027959692,78.03295957510909,52.903326630060036
l_182,,peripheral,arterial,West,1.437125748502994,0.6959657559756023,D,56.17207625134482,64.14370402021895,56.975789666826095,64.10191157207261
l_1210,,peripheral,arterial,East,0.8204567209079722,6.208101810352077,F,97.15401521163456,56.32709926417492,97.45545643449223,56.78670764641128
l_457,,peripheral,arterial,West,0.47763095048559145,0.7577986563096791,D,3.5933442076091624,48.29274966595289,4.01069811661876,48.52842067021391
l_564,,peripheral,arterial,West,0.34657039711191334,0.915504121402016,E,61.28190622607549,22.88851284067149,61.7574991780462,22.74462655540338
l_12,,inner,arterial,CBD,0.39489272081084636,0.8748405018104825,E,76.0433693550094,78.15579870266906,76.47510937163709,77.98566841891113
l_718,,boundary,arterial,West,171.13752122241087,21.867462085139255,F,55.07493113486969,39.97524862667511,56.50199752388697,40.732792805068556
l_1001,,peripheral,arterial,East,0.5,0.30383469009395353,B,65.26011095717408,17.004557053778175,65.64228032759982,16.51103773392799
l_2639,,boundary,arterial,East,0.5155746509129968,1.028281854409758,F,63.20769144477789,62.473832463053,63.366814280569855,62.84927358523913
l_676,,inner,arterial,CBD,0.4660556159701724,1.1102538136525109,F,76.21559039315031,41.639812585475795,76.50412275029483,41.95880096187605
l_98,,peripheral,arterial,East,1.1259148057796962,1.8671082748218988,F,111.72439784720393,25.683680295481814,112.58002785651028,24.937999502131394
l_1749,,boundary,arterial,East,1.5914415808319702,7.865022728009635,F,93.87893242817293,51.528849290813326,94.36864059133393,52.14137492951401
l_446,,peripheral,arterial,West,0.2729630135116692,0.45724737937094556,C,8.013247061251363,22.348633492839774,8.620728905020284,22.28355522679413
l_2109,,peripheral,arterial,East,0.8204567209079722,6.105293356916412,F,97.45545643449223,56.78670764641128,98.00838018092028,57.28994510341797
l_1132,,boundary,arterial,West,3.5601265822784813,4.70273759004985,F,56.68502148924751,69.56657895168362,58.181820089244304,69.37691690467969
l_22,,inner,arterial,CBD,1.4268727705112962,7.440157789429837,F,83.50686915978318,71.39637099102198,84.65187825992689,70.9968135233585
l_740,,peripheral,arterial,West,1.0756543564001435,1.632576687209964,F,32.69477780582291,9.764417161929732,33.39549101061578,7.670587376565519
l_2449,,peripheral,arterial,West,0.5904736911166514,2.3106618962835155,F,51.05021157094027,16.18484242311799,51.23987720628342,16.987227355129107
l_2204,,boundary,arterial,West,0.8900316455696203,4.731803383551087,F,55.73360997152649,69.85431913751114,56.36047347925608,69.65362019796031
l_964,,boundary,arterial,East,0.9321112319403448,1.8673636419882402,F,71.35164153001558,36.081063964939304,71.55422769052936,36.45569729161111
l_759,,peripheral,arterial,East,0.7751437245655965,3.0428580069081947,F,111.75216333083571,27.169636685945253,111.88861187286386,27.49141390484622
l_582,,boundary,arterial,West,2.877237851662404,2.6662718018243785,F,60.64586369269479,55.60220742294849,61.293417623683446,55.34705758430491
l_1186,SH1S,peripheral,motorway,MWY,0.25263157894736843,0.8026701918676818,D,86.39065294600516,6.533190951974246,87.62888317510843,5.3210689163522655
l_1289,,inner,arterial,CBD,1.415261233636042,5.025746579452172,F,76.30744747190126,52.47575326682963,76.47558903030958,53.337496176667955
l_367,,inner,arterial,CBD,0.39489272081084636,0.7473609620567288,D,78.29001050926517,77.35756635441233,79.30564125700317,77.01448369671138
l_1418,,peripheral,arterial,East,0.5953266855186784,0.23160856837478963,A,98.62522161572872,55.3866211660318,99.18617879163148,55.060876857510834
l_482,,boundary,arterial,West,1.5280135823429541,15.898309149474638,F,57.16493430962281,41.31518949805512,57.58532703937749,41.71285811020964
l_2400,,peripheral,arterial,West,0.3936491274111009,1.7889914853688014,F,49.74686058908109,11.506169211820113,49.793166406555756,11.623539450099324
l_897,,inner,arterial,CBD,0.718562874251497,0.48067388416837686,C,60.44267633854319,64.6327617430153,61.62087538525587,64.85432794689004
l_93,,peripheral,arterial,West,0.4094445202675038,1.0868758147267157,F,24.66017545711453,16.154123118891604,25.97287965167287,16.616660135229253
l_178,,peripheral,arterial,West,1.54182191956829,2.7332394767785746,F,19.947982144973768,84.3728949178436,20.00482212866559,83.91241743811356
l_6,,peripheral,arterial,West,1.4328928514567743,1.7537793082781195,F,22.447982986685012,40.2477627870245,24.863778630243967,40.392930819995776
l_1353,,peripheral,arterial,West,0.2081743112899868,0.6388600093736069,D,45.35373687262401,9.019240444154503,45.59524419773252,9.149944970729628
l_584,,peripheral,arterial,West,0.6245229338699604,2.006726763672608,F,57.831907494897834,14.97917767826356,58.47005292411039,15.399864333918952
l_2150,SH1N,peripheral,motorway,MWY,0,0,A,44.04655926448033,75.14211483178401,44.47664374027952,74.92549784782389
l_2623,,peripheral,arterial,West,4.153481012658228,4.821589740948612,F,48.84250379985112,72.305034748848,50.93701624165682,71.50988846607248
l_1904,,boundary,arterial,West,1.7024295087781522,2.3776289002434474,F,46.4627385408681,33.89019902651251,47.59617876818396,32.86944332563377
l_1295,,boundary,arterial,East,1.0311493018259936,0.9927373400877061,E,63.89363691121102,64.29900298311922,64.30431240757132,65.34547326977417
l_661,,peripheral,arterial,East,0.5,0.44638289601921144,C,64.53823039270927,17.93675809277535,64.70808524166334,17.717416921314094
l_628,,peripheral,arterial,West,2.1697203471552555,2.4908142486062768,F,26.037583622950738,78.47843636966675,26.76621972872008,80.27590936570861
l_371,,inner,arterial,CBD,0.4660556159701724,0.6645369385788163,D,89.69161946448213,56.687503918493874,90.26675970772055,57.217375824468164
l_890,,peripheral,arterial,East,0.34657039711191334,0.8103259060703938,D,63.552206767970176,22.225105963372908,63.89790921486616,22.11063317007872
l_909,,inner,arterial,CBD,0.463594921060087,0.5367314091913553,C,119.90353355959333,64.28746641469652,123.11686983154266,64.03823861374093
l_45,,peripheral,arterial,East,1.2464942349641632,1.8805335959280565,F,121.27267649330526,50.31605609538714,121.63151064679622,48.5796332799868
l_1727,,inner,arterial,CBD,2.830522467272084,4.959845266255629,F,75.59518885069956,50.40786592647034,76.30744747190126,52.47575326682963
l_1957,,inner,arterial,CBD,0.43914220888531064,1.4731837783273647,F,69.9619536507304,70.29518922611199,70.12209217912265,70.72466007959736
l_1169,,boundary,arterial,West,1.7328519855595668,3.674502363590478,F,49.61938103076388,29.39998423668424,50.00012073382462,28.825444210029534
l_2687,,peripheral,arterial,West,2,3.988645518127949,F,57.78871273177006,48.03329872426798,57.92558486350771,48.382125914992905
l_683,,peripheral,arterial,West,0.7171029042667623,2.5106385087349787,F,32.076023128003456,11.586483453407137,32.15849146822054,11.341740268758956
l_437,,peripheral,arterial,West,0.6732873253661,0.8150703513888197,D,1.4221081112594016,65.22334325588477,2.6623343474204164,66.47110541149962
l_487,,peripheral,arterial,East,0.7751437245655965,3.4757101663354733,F,109.97883978269351,24.175695609362258,110.4225522918125,24.653907024420178
l_130,,inner,arterial,CBD,1.4730252255569876,4.689333295786415,F,49.91971022613255,75.31222940789276,50.51713452805537,77.05798295833904
l_2386,,boundary,motorway,MWY,0.13333333333333333,0.04559027575443036,A,54.76549527446719,38.92465357789234,54.83373062356441,38.68241247093793
l_453,,peripheral,arterial,East,0.7544322897019992,1.3692853520011536,F,86.16105288487769,25.780419632823588,86.30464763124547,25.31830684031228
l_2081,SH16,peripheral,motorway,MWY,0.35294117647058826,1.9932184176898033,F,68.6708940097613,29.83333245658449,70.63850562067732,29.256511888412117
l_211,,peripheral,arterial,West,0.6384110657918071,2.021083505785105,F,33.84449708141225,45.25594081754156,34.33790463427737,43.70643040416842
l_1282,,peripheral,arterial,East,0.8900316455696203,4.994043848387324,F,73.7102919387007,74.28002372688447,74.27694113805138,74.35064640065049
l_965,,inner,arterial,CBD,0.718562874251497,0.4768048840761041,C,61.62087538525587,64.85432794689004,62.42807853430937,65.00163514493862
l_284,,peripheral,arterial,West,0.6732873253661,0.9881847423876438,E,7.360099979498667,71.33172830966363,7.780939910423752,71.75651292746136
l_2537,SH1N,boundary,motorway,MWY,0.3333333333333333,2.027959156157776,F,48.518423693547746,71.58405479685005,49.268580488300465,69.45946102201226
l_856,,boundary,arterial,West,0.8705114254624592,4.234972883413777,F,56.71536035006015,71.2146292231835,56.80777605478416,71.51022130093365
l_1774,,peripheral,arterial,East,1.5914415808319702,8.546795589790968,F,93.65606475862629,51.2356914705003,93.87893242817293,51.528849290813326
l_517,,inner,arterial,CBD,1.8760259516923319,3.005254846290902,F,76.26212498286664,64.1250148207832,76.66162801034746,65.73922665077025
l_616,,peripheral,arterial,East,1.2464942349641632,2.3908753375437826,F,120.09103860604743,60.365079213116616,120.10163903852856,58.608139274735734
l_1722,,inner,arterial,CBD,4.69006487923083,4.732423512595801,F,68.65618163480687,43.15766605149279,69.02088481341899,44.06984268875535
l_610,,inner,arterial,CBD,0.8204567209079722,5.417475930584468,F,102.44312015874735,59.58587777845526,102.94906915652737,59.90078968461936
l_24,,peripheral,arterial,East,0.6467608062951385,0.8414218305640117,E,87.17978592279842,47.86932002840633,87.21874019539901,47.625359058670156
l_1746,SH16,peripheral,motorway,MWY,0.2823529411764706,2.331618196232547,F,84.55624162921892,43.566620758211755,85.19503056774066,44.01424656159616
l_67,,peripheral,arterial,East,1.162715586848395,2.9307531325576983,F,112.90643392091758,29.607549191535874,113.17528008776863,31.197116002251
l_1560,SH1N,peripheral,motorway,MWY,0.3333333333333333,2.2675540386676607,F,49.58751287920056,61.96732334357944,49.65627609578162,60.48860823595705
l_443,,peripheral,arterial,West,0.4670351054720947,0.731478733968715,D,47.13611166467332,52.7962923874362,48.45445229467726,52.366728414543815
l_1009,,peripheral,arterial,East,0,0,A,66.9818543931158,71.13984560692596,67.44177040921444,71.58484956953085
l_855,,boundary,arterial,East,1.7800632911392407,5.153010681108219,F,70.54401738169513,73.5546576808655,71.09092346605954,73.73375866135535
l_781,,inner,arterial,CBD,0.6990834239552587,1.76244004998841,F,71.86897455166532,37.01744642841837,72.95436136552796,38.10550277253727
l_116,,peripheral,arterial,West,0.6245229338699604,2.1913310934345596,F,60.762200527057644,15.925247188892047,62.15842817136065,16.196837157858926
l_1503,,peripheral,arterial,East,0.9701412094427078,2.5896134659509267,F,73.74610467426228,24.49653852502229,74.1048044898563,25.084499075963524
l_237,,boundary,arterial,East,0.47084673938632976,1.581610228341159,F,65.35616662209551,37.515893266219976,65.79131874330855,37.53490327907167
l_590,,peripheral,arterial,East,0.7751437245655965,3.5488138452471247,F,109.64630901000582,23.830545156038095,109.97883978269351,24.175695609362258
l_420,,inner,arterial,CBD,0.832523935063133,3.202603920584989,F,92.08294553938917,56.670197145613685,92.61275717842703,55.930652377295964
l_927,,boundary,arterial,East,1.1860051393556037,4.406987788178773,F,64.8377383559979,32.98499530804961,65.04529673321747,33.62980747862805
l_490,,peripheral,arterial,West,0.5459260270233384,0.7317849994044641,D,14.363812522100684,18.936088409652413,14.461144623337136,18.312716966288814
l_1285,,boundary,arterial,East,0.5155746509129968,0.9961584795263471,E,63.73301721953026,63.842510507436664,63.89363691121102,64.29900298311922
l_981,,peripheral,arterial,West,1.00993098804915,3.712835502410384,F,24.658032379214724,70.80112132705622,25.751276152965755,69.94339200780163
l_471,,peripheral,arterial,West,0.9552619009711829,2.1414974882948092,F,31.82965529481993,40.88746036142578,32.22183634060601,40.93435165342156
l_508,,inner,arterial,CBD,0.7062701090794946,1.6055271961197508,F,62.473197068878214,37.974377665838496,63.55634310055877,37.76525197287794
l_426,,peripheral,arterial,East,1.2464942349641632,2.874300169312358,F,115.73841693499564,61.31119197639963,117.30487725860446,61.36303994193312
l_1840,,peripheral,arterial,East,9.30809804529941,6.870363427375608,F,71.09092346605954,73.73375866135535,71.4152041612677,74.80883656913852
l_625,,inner,arterial,CBD,0.7365126127784938,3.5761154921213287,F,51.73275430312918,80.49505218483208,51.984776202617375,81.19311260890247
l_409,,peripheral,arterial,West,0.42560737719453806,3.2189568690143897,F,42.27750110402087,36.831667139459704,42.92154396938171,36.38745235419842
l_2457,SH16,peripheral,motorway,MWY,0.1411764705882353,0.14647812820019,A,50.9991503225979,27.590922516974874,51.48271164106916,27.87933678997897
l_2143,,boundary,arterial,East,0.3090632807067247,0.8760419193841318,E,116.83375292982441,64.07451012846087,117.15978739784869,64.06842534598398
l_349,,peripheral,arterial,West,1.4328928514567743,2.0962937397315593,F,29.63117375053188,40.738407169336135,31.82965529481993,40.88746036142578
l_710,,inner,arterial,CBD,1.3057671381936886,3.081019499064294,F,59.08157987052399,78.08989422446795,59.67908891499268,79.83562392620523
l_673,,peripheral,arterial,East,0.43917435221783047,0.799824394818072,D,100.99357657658535,10.96474025228029,101.51257874172897,10.819952722490436
l_1910,,peripheral,arterial,East,1.2464942349641632,3.340678306159282,F,122.69567547108049,41.037232735666066,122.82818490837029,40.50326529216379
l_667,,boundary,arterial,West,1.883386957545319,4.447083173791,F,47.79573943349853,33.0819948251006,47.994307555970565,33.24051162456414
l_249,,peripheral,arterial,East,2.2518296115593923,1.8623664067343555,F,111.16442414012288,25.964389511923958,111.72439784720393,25.683680295481814
l_1895,,peripheral,arterial,East,7.446478436239528,6.439554046232742,F,72.79557261648976,77.72925969396898,73.09627738553586,78.33242799896371
l_196,,peripheral,arterial,West,0.2729630135116692,0.6084708375565182,C,34.80641616675846,20.61742786010533,35.35958411076192,21.14784221539322
l_440,,peripheral,arterial,West,0.4094445202675038,0.45643477967321056,C,8.620728905020284,22.28355522679413,9.096842275087386,22.166807835789175
l_10,,peripheral,arterial,West,0.6052963430012611,3.0621927605824752,F,38.74567202353611,63.57123649077299,39.07219675464859,63.59229142641285
l_268,,peripheral,arterial,West,4.339440694310511,2.4555400023347786,F,23.242681989488776,71.88091929891863,23.75937672001479,72.79039814014064
l_366,,peripheral,arterial,East,1.4402304368698993,2.658457657753123,F,92.03296894979158,68.02229805492169,92.5425828519474,67.36420983457765
l_778,,peripheral,arterial,West,0.2729630135116692,0.9708800736333829,E,45.427731500137845,30.801139189057874,46.22397489122295,31.543282954395114
l_671,,peripheral,arterial,East,1.6409134418159443,2.57319399227587,F,114.96349959780188,62.89320071657305,115.11652217168017,63.624565329399076
l_2147,SH16,peripheral,motorway,MWY,0.35294117647058826,1.595528123199034,F,42.07703134939467,17.925744322197218,44.31904864262321,20.146045198764536
l_1145,,boundary,arterial,East,32,21.58708356425022,F,92.03296894979158,68.02229805492169,92.79408265927084,69.19735448919624
l_872,,peripheral,arterial,East,0.43917435221783047,1.225205897423802,F,89.55463460235399,14.204169163434171,90.52797910869336,13.942877608033063
l_1738,,inner,arterial,CBD,7.5041038067693275,4.3142339544867925,F,68.14211873833149,41.221235801942,68.65618163480687,43.15766605149279
l_799,,peripheral,arterial,West,0.2729630135116692,0.8442925283882124,E,17.49372580376037,14.149578258261334,18.13872945476368,13.759473594685016
l_500,,inner,arterial,CBD,1.4070194637692488,3.1687088828994976,F,75.81715706695309,62.40353590998845,76.07424304646568,63.3717424778537
l_199,,inner,arterial,CBD,1.4268727705112962,6.877462101593513,F,81.5413821854528,72.10838629623474,82.16773103888916,71.8805917096322
l_145,,boundary,arterial,East,0.718562874251497,0.5570858074362904,C,63.49660795418148,65.17115603487052,64.30431240757132,65.34547326977417
l_63,,peripheral,arterial,East,3.7394827048924895,3.3450174820781005,F,114.10574223197162,61.20651364290733,115.12932246928952,61.295528587848004
l_2497,SH1N,boundary,motorway,MWY,0.26666666666666666,2.035886336065708,F,49.268580488300465,69.45946102201226,49.36474344224883,67.59288241770346
l_849,,peripheral,arterial,East,1.6634322151372332,6.0691184058734144,F,90.45857619154758,19.56571370973003,92.27492744700248,19.04553860649214
l_2507,,peripheral,arterial,West,0.34657039711191334,0.21449059610261137,A,50.09635975384353,28.14801859227475,50.7546373797436,27.29811996730244
l_127,,boundary,arterial,West,2.5466893039049237,15.88164209294263,F,58.78181302058914,42.934075279293715,60.08996751302897,44.315390712289016
l_1842,,peripheral,arterial,East,0.4660556159701724,2.323664469966106,F,65.89089981224126,22.911738372471945,65.89837991321727,22.459408351024813
l_165,,peripheral,arterial,East,1.9243104554201411,5.28973385321012,F,121.55093622211334,38.473101832300074,122.3702396828615,39.26859188617043
l_256,,peripheral,arterial,West,0.7232401157184185,2.5210210642407263,F,24.944404743697714,75.76871391045684,25.103465392982685,76.14418209199061
l_220,,inner,arterial,CBD,0.7201152184349496,3.900233932499868,F,86.3635282718418,70.66783914606896,87.21124072397012,70.6521428678054
l_2030,,boundary,arterial,East,0.5933544303797469,4.963744363742068,F,72.55326080360602,74.03110578680466,72.85907041349095,74.10654373911623
l_567,,peripheral,arterial,East,0.7751437245655965,3.3907469418536613,F,104.58686244580402,50.95151444630391,104.8375977296964,50.40631472515976
l_1833,,peripheral,arterial,East,1.861619609059882,0.6752532933463725,D,72.79557261648976,77.72925969396898,73.0664042965219,78.26479248703758
l_224,,peripheral,arterial,East,0.7751437245655965,3.5536061127811176,F,110.7788359997536,25.106720724862917,110.96076391356546,25.53575777807992
l_789,,boundary,arterial,East,0.39489272081084636,0.8405601302735086,E,88.94110232390135,73.64707740138871,89.39456004025752,73.47651690232533
l_388,,peripheral,arterial,East,4.935225169648365,11.511770186357626,F,102.5472068574894,16.179030222583442,103.18948378490988,16.815721678574068
l_1789,,peripheral,arterial,East,1.6409134418159443,5.629789470750185,F,101.1613482400527,58.474587001941416,101.60510718434668,58.95281800135987
l_37,,peripheral,arterial,East,0.7751437245655965,3.2674988130796043,F,109.10643985620608,41.48908945611932,109.69226962005915,40.261969896212356
l_1182,,peripheral,arterial,West,0,0,A,59.36133610429514,47.24764500246948,60.005554820942166,47.992536583867455
l_78,,inner,arterial,CBD,2.936617994942491,2.0146234627469157,F,89.3955632419964,70.01709731542171,89.39873928521041,69.01705521567712
l_362,,peripheral,arterial,West,0.6384110657918071,1.9739838401557188,F,29.301693173350262,61.95999256988419,29.643531754368812,60.44028981709939
l_1254,,peripheral,arterial,West,2.892960462873674,2.5258796401162527,F,27.44892572674896,81.93908674258003,27.458301659133134,82.45241249870897
l_1927,,boundary,arterial,West,0.5155746509129968,1.1767565141876553,F,61.74391316991776,58.55491233454933,62.04091213904489,59.333213682293284
l_477,,inner,arterial,CBD,0.47084673938632976,4.530553976950425,F,49.45544964230435,34.67313521230625,49.65451723037659,34.85866776126015
l_775,,peripheral,arterial,East,0.6467608062951385,1.0215959567335138,F,78.78051296407524,31.05205674766584,79.26963011395762,31.637598349774255
l_1024,,peripheral,arterial,East,8,21.0440290997632,F,93.11445522620902,70.05626400761284,93.36711076095095,70.78129612834279
l_969,,boundary,arterial,West,0.9590792838874681,1.4335045064040357,F,57.407573841442634,56.85090827522146,58.206780092184864,56.56595492603359
l_496,,peripheral,arterial,West,0.6732873253661,1.3328215961245375,F,14.297729047333547,72.61116249408158,15.3217889430515,72.72768638765986
l_97,,peripheral,arterial,East,1.9378593114139915,3.2756451771895656,F,109.69226962005915,40.261969896212356,111.16009224621511,37.369775279737574
l_2655,,peripheral,arterial,West,0.8396011894350184,0.567873973350047,C,48.71623593101443,7.471119365315164,49.443104704879936,9.72922673643824
l_694,,peripheral,arterial,East,1.6634322151372332,5.755312565040344,F,93.72385727497958,18.640274484382697,94.95698250858808,18.320087338639414
l_2504,,boundary,arterial,East,0.43914220888531064,2.3868564499477225,F,63.15193123457362,53.55614010630278,63.33128764447713,53.850129409293416
l_720,,peripheral,arterial,East,2.4929884699283265,2.064481765978253,F,122.52951825010169,41.968299058293844,122.60582264572177,41.399308708747704
l_990,,peripheral,arterial,West,0.9590792838874681,1.788728221330854,F,58.52981355934729,56.39785830666861,58.832107374041705,56.28419524845777
l_1105,,peripheral,arterial,East,0.8783487044356609,0.7278180951395796,D,65.28320945797132,21.78782265927026,65.5419863242516,21.674948605585637
l_971,,inner,arterial,CBD,0.9380129758461659,5.7801956145993225,F,66.73779684919414,38.16609945018584,66.89691065895856,38.541538023179406
l_1377,,peripheral,arterial,East,2.32543117369679,2.153904515085202,F,103.2508411483498,52.76013109582854,103.9397946473381,52.39596848608203
l_803,,peripheral,arterial,West,0,0,A,59.673136359685195,61.809142099580896,60.49309885783969,61.46974642163667
l_2101,,peripheral,arterial,West,2.1697203471552555,3.2101977471387273,F,24.363999786618674,88.0491450436684,24.753350363940463,86.74480060182267
l_2518,,boundary,arterial,East,0.5953266855186784,3.479437394705538,F,96.21204954230274,56.566555217327355,96.4658299357641,56.18347061928901
l_588,,peripheral,arterial,West,0.6384110657918071,3.1729353837916516,F,40.56070078706607,38.05225262882678,40.92520043647218,37.77531825608538
l_984,,inner,arterial,CBD,1.4268727705112962,6.896870977004431,F,80.78511428794562,72.36560725696413,81.5413821854528,72.10838629623474
l_591,,peripheral,arterial,East,1.162715586848395,3.5568450391606543,F,109.33551067936077,23.484989208777264,109.64630901000582,23.830545156038095
l_358,,boundary,arterial,East,8.491567401816253,4.202939979147099,F,65.84798720220324,53.560550321934564,67.59393633821429,55.0959178438143
l_1176,,peripheral,arterial,West,0.34657039711191334,0.09658809889706127,A,49.88699146194675,28.584282569702506,50.00012073382462,28.825444210029534
l_934,,peripheral,arterial,East,1.8697413524462447,2.312658825239966,F,120.08090534935732,57.50042770533528,120.13699641765682,55.850744881256276
l_599,,peripheral,arterial,West,0.42560737719453806,2.993011961333646,F,35.36572445464771,41.66067944916726,35.79494132994891,41.35554576370837
l_652,,peripheral,arterial,West,0.6052963430012611,3.058259593825465,F,30.45118311183978,66.56049963894581,30.711516231192693,66.52872323261263
l_1277,,boundary,arterial,East,1.317426626655932,1.673444955231985,F,65.84702091206691,59.39827931212193,66.12130419645351,60.122941141567935
l_2453,,inner,arterial,CBD,0.8900316455696203,4.755708266277689,F,52.622502093879426,70.9384375872627,53.65937578832898,70.56806433224813
l_271,,peripheral,arterial,West,0.6931407942238267,0.9298211064158116,E,60.26552505066133,23.177481659503353,60.80631266333057,23.0323980143972
l_1434,,peripheral,arterial,East,2.4929884699283265,1.3840789863275837,F,122.60582264572177,41.399308708747704,122.69221806781324,40.20851205380504
l_154,,peripheral,arterial,East,60.19838102838901,20.92942134035969,F,63.79169292857984,30.49079872968815,65.71386312353862,29.806756660727483
l_40,,peripheral,arterial,West,0.4094445202675038,0.6335597567695753,D,35.35958411076192,21.14784221539322,36.57656347597873,22.314748875087535
l_2491,,inner,arterial,CBD,0.8900316455696203,4.940652629460207,F,64.83522069645699,70.55179674303301,65.72989176090466,70.72450839770681
l_579,,peripheral,arterial,East,0.4163486225799736,2.270460497630046,F,63.01787963772989,16.829647840958994,63.37204910383103,17.174469943216778
l_911,,peripheral,arterial,West,0.42560737719453806,2.0517264444968575,F,31.017252115828647,54.712693693058014,31.220265366614058,53.925228020327886
l_242,,peripheral,arterial,East,2.5657472738935216,5.318583079393342,F,119.59191969872163,37.18539433148002,121.55093622211334,38.473101832300074
l_1160,,boundary,arterial,West,1.3057671381936886,4.550940820874766,F,56.57648856515048,70.75773242738443,56.66875643419824,69.86416767783882
l_1726,,inner,arterial,CBD,1.8901606636564108,4.3139782592172935,F,78.82161839585643,52.05092945751798,79.22255887109388,51.39488182530737
l_281,,peripheral,arterial,West,0.2729630135116692,1.1309682731119686,F,28.5578100243917,17.70460642082063,29.192934738117824,17.963277779906274
l_2398,,peripheral,motorway,MWY,0.2,1.7449362888665618,F,79.90368016202991,15.40991759887411,80.17215321679737,14.648206455008307
l_1804,,peripheral,arterial,East,22.68192796387693,4.370836171723013,F,65.84702091206691,59.39827931212193,78.65124687623067,52.24326399052595
l_13,,peripheral,arterial,West,0.7906700929037359,0.8160139003396412,D,60.474555799126385,23.90334988829351,60.81895765673793,24.896991468599357
l_300,,peripheral,arterial,West,0.6662225183211192,1.1244463457763056,F,38.78302360652124,37.138859200928174,39.28980631483006,37.50795600611312
l_2466,,inner,arterial,CBD,0.5923390812162695,1.4190823751967436,F,103.2993358126966,67.02931881658287,104.14149649928248,66.71636251607733
l_2045,,peripheral,arterial,West,0.9590792838874681,1.2429079956618738,F,51.231695100153715,59.15345114010011,51.81505949057667,58.95356243891223
l_2154,,peripheral,motorway,MWY,0.26666666666666666,0.2608102665048074,A,56.50542690938186,48.00283151305364,57.00066621402222,46.561331295919516
l_251,,peripheral,arterial,West,0.6052963430012611,3.083280855081972,F,31.66639987561787,66.43021838241287,32.014169215528966,66.42387062720746
l_1550,SH1N,peripheral,motorway,MWY,0.26666666666666666,2.487682476146839,F,60.41795046645113,31.444772892617085,61.19880836747479,31.349325136469357
l_361,,inner,arterial,CBD,0.8204567209079722,4.873122881295234,F,107.99666478625203,60.07712804819163,108.46929287016145,59.77103292301137
l_1440,,peripheral,arterial,East,0.9321112319403448,2.494110162138677,F,65.47130617214107,21.378959428424118,65.5419863242516,21.674948605585637
l_171,,inner,arterial,CBD,0.48007681228996646,2.882357076282092,F,95.48349228329441,58.30978429396677,95.53198715975178,58.57915053254723
l_795,,inner,arterial,CBD,0.47084673938632976,0.7287790735137176,D,56.484763047102184,37.4358875262841,56.988096828092516,37.61582131624459
l_1891,,boundary,arterial,West,0.5155746509129968,1.1832156724163898,F,61.44641818363301,57.74959335229004,61.583799926753976,58.12543558418083
l_461,,peripheral,arterial,West,0.718562874251497,4.439773378552261,F,48.392284149825215,64.36755501154411,48.69658009671544,64.361976160048
l_1690,,peripheral,motorway,MWY,0.26666666666666666,0.4551660582465528,B,22.399919872862714,93.62525329203619,25.298401125229688,96.8105361307028
l_562,,peripheral,arterial,West,0.2729630135116692,0.7856880416038947,D,42.57225880891554,28.015686351077534,43.12596193946024,28.573098333344394
l_2609,,boundary,motorway,MWY,0,0,A,55.13420368523813,36.10938411357112,55.472969690872716,35.61668455953831
l_298,,peripheral,arterial,West,0.6052963430012611,3.020614179899418,F,37.769562947338876,63.69718897123378,38.74567202353611,63.57123649077299
l_444,,peripheral,arterial,East,1.2464942349641632,2.3276386567639435,F,120.08090534935732,57.50042770533528,120.10163903852856,58.608139274735734
l_629,,peripheral,arterial,West,1.446480231436837,2.5344335584789786,F,26.76621972872008,80.27590936570861,27.44892572674896,81.93908674258003
l_913,,inner,arterial,CBD,2.520214218208548,5.1124056148484405,F,82.0243621759627,47.72151396091775,82.61537724786608,46.76465010547394
l_503,,boundary,arterial,West,1.0778443113772456,1.6794095535513527,F,53.21605837197431,64.19798616995762,54.30282958036696,64.17803438940116
l_86,,inner,arterial,CBD,0.6990834239552587,0.9535528987107711,E,77.47989218787542,42.99480779658112,80.05201178107251,45.703972737526854
l_2153,,peripheral,motorway,MWY,0.13333333333333333,0.2607412349093305,A,56.402727847693974,48.329035398305,56.50542690938186,48.00283151305364
l_603,,peripheral,arterial,East,1.2828736369467608,5.4434809656619585,F,116.60441641335288,35.538496593822366,116.91170598033048,35.69492072497664
l_259,,peripheral,arterial,West,0.4094445202675038,0.8863423083064267,E,22.338514977887286,15.196464898997053,23.411681397626165,15.636355432577187
l_1078,,boundary,arterial,West,1.1108368304122438,13.80304677098866,F,60.851496141565626,46.70673368750483,60.887990465952456,46.32769233043403
l_2596,,peripheral,arterial,West,0.23351755273604735,0.1877513958265709,A,53.624561860442874,50.94757204378403,54.3168178838527,51.184848414248954
l_1822,,boundary,arterial,East,0,0,A,67.44177040921444,71.58484956953085,67.75056696475887,71.8223982887934
l_427,,peripheral,arterial,East,1.2808197246237591,1.1986596149374784,F,84.4901524895696,9.541330509440055,85.14371865496503,11.961624011839437
l_2570,,peripheral,arterial,West,0.42560737719453806,1.2344075068475937,F,46.89819113940197,33.4980383181697,47.410021244273395,33.38635763115281
l_822,,inner,arterial,CBD,0.6990834239552587,1.5831189556332006,F,74.37225085683323,39.53875972036199,75.1054356537735,40.39006990359467
l_892,,peripheral,arterial,West,0.3682563063892469,0.2781420835055187,B,46.20561754174378,67.24539225542652,46.520830725619874,67.83419521457432
l_656,,peripheral,arterial,East,0.6404098623118796,1.6335225609027477,F,85.58868628691421,13.683087211401649,85.68262845715589,14.059720065951861
l_725,,peripheral,arterial,East,0.43917435221783047,0.8114498915645081,D,77.59583164338271,17.56066638097576,78.63389556618147,17.271209191065452
l_2512,SH1N,peripheral,motorway,MWY,0.06666666666666667,0.08879275940576961,A,54.3168178838527,51.184848414248954,54.70977198784677,50.84656411511451
l_360,,peripheral,arterial,West,0.42560737719453806,1.9843609123644395,F,29.643531754368812,60.44028981709939,29.74430385045938,60.006032223592356
l_826,,peripheral,arterial,East,0.6467608062951385,0.7733335217082845,D,82.0724922145895,35.07218592182414,82.36202744827492,35.445200928721555
l_701,,inner,arterial,CBD,0.8705114254624592,1.2713798303567676,F,56.393207797005694,66.70714598946688,56.425885077043226,67.30112557727618
l_227,,peripheral,arterial,East,0.8783487044356609,1.4126294170910103,F,85.98618713567022,15.189215814380727,86.5916285183731,15.015838603926118
l_2602,SH1S,peripheral,motorway,MWY,0.1894736842105263,2.012191368794763,F,70.85932826884891,27.09031587164849,70.98572173256585,26.8717716188427
l_1081,,boundary,arterial,East,1.0311493018259936,0.9656187131534727,E,66.26880810419661,70.4713459349989,66.40670416572556,70.87420248505744
l_2158,SH16,peripheral,motorway,MWY,0.21176470588235297,1.2902882854639717,F,84.08931759086086,43.007705641182994,84.28773435652593,43.245213502604585
l_1771,,peripheral,arterial,East,1.1906533710373568,2.7188179202630605,F,98.04341434136168,55.6676950421336,98.62522161572872,55.3866211660318
l_250,,peripheral,arterial,West,1.2105926860025222,3.0732461888277003,F,32.014169215528966,66.42387062720746,34.756290988467164,65.37382884878303
l_547,,peripheral,arterial,West,0.2729630135116692,1.132716317150239,F,28.119742845655235,17.523416388508874,28.5578100243917,17.70460642082063
l_2083,SH1N,inner,motorway,MWY,0.3333333333333333,2.528566152620874,F,57.25071742781802,32.989475821849105,58.387587219020276,32.15778029444889
l_128,,boundary,arterial,West,49.9151103565365,17.742929972685506,F,60.08996751302897,44.315390712289016,60.80485960601981,45.35627036157406
l_442,,peripheral,arterial,East,1.2464942349641632,2.8055597136681536,F,119.1538986518475,61.409599787911716,119.94698244307746,60.800198697541475
l_1323,,boundary,arterial,East,0.5155746509129968,1.00167205273597,F,63.366814280569855,62.84927358523913,63.4819686469117,63.198497471386425
l_448,,peripheral,arterial,West,0.9079445145018916,3.0480434045133107,F,34.756290988467164,65.37382884878303,36.047557714434184,64.64755526746256
l_550,,peripheral,arterial,West,0.2729630135116692,0.5451580577265882,C,32.45451668578015,19.200983829058003,32.914322210954026,19.381767932668083
l_660,,peripheral,arterial,East,1.131648434552999,4.054043952256786,F,86.45239586908485,16.883257353917134,86.56957610829535,17.340539282249114
l_140,,boundary,arterial,East,2.187884589087926,5.536107416340097,F,101.60510718434668,58.95281800135987,102.44312015874735,59.58587777845526
l_1469,,peripheral,arterial,East,0.43917435221783047,0.05855658029571073,A,65.28320945797132,21.78782265927026,65.47130617214107,21.378959428424118
l_202,,boundary,arterial,West,1.1047689191677408,4.974273729895705,F,48.93391582845936,72.54659555733755,49.18592036398048,73.24465908987568
l_465,,peripheral,arterial,West,0.7171029042667623,1.584428175920964,F,33.68337516347586,6.773457741455944,34.01323055681095,5.794481414044781
l_2495,,inner,arterial,CBD,0.8900316455696203,4.774354264092894,F,60.973984625025764,69.86610930404476,61.911622799451074,70.01102042117412
l_1454,,boundary,arterial,East,0.48007681228996646,2.7860255065517,F,95.48914733627757,57.44482697016596,95.50635967892894,57.20126775137313
l_1894,,boundary,arterial,East,5.584858827179646,5.9539203863906165,F,73.09627738553586,78.33242799896371,73.33873570061782,78.88137666158906
l_754,,peripheral,arterial,West,1.1809473822333028,2.485821494145846,F,52.66608875196017,23.668517093456877,53.1215946168522,24.79526131589832
l_1541,,peripheral,motorway,MWY,0.4,2.3172370638885336,F,74.40343805368384,23.117167045711216,75.80802843546739,21.972011158945016
l_160,,boundary,arterial,East,0.3090632807067247,0.46300292188921716,C,124.31030574758968,63.907819662821275,125.15647675845219,63.810915565916524
l_149,,peripheral,arterial,East,1,0.4458557009653851,C,64.39010580932049,18.15569880527333,64.53823039270927,17.93675809277535
l_1034,,peripheral,arterial,West,1.7800632911392407,4.790364906987826,F,56.36047347925608,69.65362019796031,56.68502148924751,69.56657895168362
l_669,,peripheral,arterial,East,1.1089548100914888,6.091896815034837,F,92.27492744700248,19.04553860649214,93.03148677723222,18.81528551705726
l_1672,,boundary,arterial,East,2.520214218208548,4.279935320176546,F,78.65124687623067,52.24326399052595,78.82161839585643,52.05092945751798
l_2488,,inner,arterial,CBD,0.7897854416216927,0.7207975146525901,D,86.13030614591256,74.69414848581485,87.4285688494408,74.16157052757397
l_2360,,boundary,arterial,West,0.5155746509129968,1.043257546779408,F,62.932419541628214,61.69513263818928,63.0238444745693,61.936687788587605
l_2683,SH1N,boundary,arterial,West,0.06666666666666667,0.04785703875610202,A,49.268580488300465,69.45946102201226,49.3131947337573,68.59347269075934
l_2210,,peripheral,arterial,East,0.6990834239552587,2.3157448685256434,F,66.03076556977601,23.422664512182614,66.31199565899901,24.525568450433795
l_254,,peripheral,arterial,West,0.7171029042667623,1.5677386405694627,F,34.579581000249796,3.4868910197890117,34.67486260057886,2.7554381936193932
l_956,,peripheral,arterial,East,1.293521612590277,0.8439349488039672,E,87.15738012577293,49.00485215917143,87.17978592279842,47.86932002840633
l_2378,,peripheral,arterial,West,0.6384110657918071,2.0645565154257195,F,29.27796259617457,65.4197771837638,29.48889096285736,66.2537412667525
l_104,,peripheral,arterial,West,0.9552619009711829,1.9899107692512,F,27.32353851346011,40.56429539010927,27.99873854125966,40.633059065700095
l_858,,peripheral,arterial,West,0.2729630135116692,1.0842014394870274,F,24.35348389889819,16.024582852657694,24.66017545711453,16.154123118891604
l_1597,,inner,arterial,CBD,0.5923390812162695,1.3521121961777274,F,99.71280601003023,68.25813010841078,103.2993358126966,67.02931881658287
l_887,,inner,arterial,CBD,4,11.673993989738086,F,87.90317081015102,61.07192236987932,88.13824604143318,60.851355100114134
l_541,,inner,arterial,CBD,1.3530273988048258,1.8077771398606086,F,75.33328344094578,72.6825341116701,75.42472702495618,72.9240842775568
l_393,,peripheral,arterial,East,0.6467608062951385,1.024516933024691,F,79.60262002906941,32.009813320113814,80.33730487909686,32.94215722915171
l_82,,peripheral,arterial,West,0.6732873253661,0.9841758874745193,E,7.980001471802172,71.94208491837833,9.222887421368313,72.13574772039667
l_232,,peripheral,arterial,East,6.658739595719382,8.0301575969276,F,75.85871184117023,74.05118412738653,76.6362277816103,73.76656287144189
l_680,,inner,arterial,CBD,23.017902813299234,13.615315255624113,F,55.71851796387649,84.39476511545743,60.53463260160553,82.60360952623184
l_653,,peripheral,arterial,West,0.6384110657918071,1.9819331846526305,F,29.946834492384088,59.19155118606064,30.22988037189786,58.024260059792724
l_1922,,inner,arterial,CBD,1.8760259516923319,1.2210312431285733,F,68.14211873833149,41.221235801942,68.32163841459146,41.946773873519945
l_1351,,peripheral,motorway,MWY,0.06666666666666667,0.053763252508446255,A,84.55624162921892,43.566620758211755,84.77758488400379,43.77873584501003
l_2440,,peripheral,motorway,MWY,0.26666666666666666,2.2445804015567825,F,49.79450913135496,59.94446400638409,50.045302908123446,58.957232655495595
l_3,,peripheral,arterial,West,0.34657039711191334,0.813467836076484,D,55.91896071120116,24.419550473893427,57.627765842110215,23.955714238105273
l_1641,,peripheral,arterial,East,4.935225169648365,6.955592073446862,F,103.69986891686158,17.373785672682526,103.92326940394825,17.506958587856996
l_356,,peripheral,arterial,East,5.053340819764178,3.2407726052370993,F,65.19974202741982,52.5995377645506,65.84798720220324,53.560550321934564
l_2593,SH16,peripheral,motorway,MWY,0.07058823529411765,0.08469811387146367,A,63.53878238084864,31.200110701265054,64.02685857431082,31.180652193133124
l_597,,boundary,arterial,West,0.51985559566787,3.6195688967133033,F,48.738428674370375,31.14583354077801,48.886082829988325,30.899887737200082
l_114,,boundary,arterial,East,1.9203072491598658,3.573277662997041,F,89.3955632419964,70.01709731542171,90.51781523375381,69.56387505859115
l_994,,peripheral,arterial,West,0.8512147543890761,2.0372060818483777,F,34.58782066203479,43.10728654037618,34.91972039992311,42.2363815577569
l_1569,SH1N,peripheral,motorway,MWY,0.06666666666666667,0.04759101560942777,A,49.25662904563713,62.8922861108631,49.547716870025845,61.49984412727382
l_809,,peripheral,arterial,West,5.5581287633163505,6.678347453822514,F,44.857725097972114,49.4867794975422,45.33546455065397,50.64015856246235
l_408,,peripheral,arterial,West,0.47763095048559145,1.3909861072994165,F,16.664169368383536,47.352798394816936,17.160594082469917,47.15458765334217
l_161,,boundary,arterial,East,0.3090632807067247,0.47433546476602556,C,123.11686983154266,64.03823861374093,124.31030574758968,63.907819662821275
l_543,,peripheral,arterial,West,0.7171029042667623,2.352831507590797,F,31.182676867441586,13.845982687981149,31.432065402365108,13.21982340178153
l_306,,peripheral,arterial,East,1.162715586848395,3.2909592446927927,F,107.8508495037269,44.107045863993605,108.33206225929015,43.09809350593113
l_586,,peripheral,arterial,East,0.7751437245655965,3.3939392797349233,F,106.97282358137726,45.98824119423296,107.14013993361219,45.633778238800495
l_156,,inner,arterial,CBD,0.8512147543890761,3.277422678341112,F,44.466442142345834,35.27810071114708,45.6256012022961,34.47309629286863
l_2597,,inner,arterial,CBD,0.39489272081084636,1.3346967875308915,F,104.14149649928248,66.71636251607733,105.39462072232304,66.28764968796823
l_2085,SH16,peripheral,motorway,MWY,0.2823529411764706,2.250644315593656,F,87.16541261073924,45.92367104709976,87.67331088998445,46.346687792152274
l_1452,,inner,arterial,CBD,2.936617994942491,1.4417652696050878,F,89.77142609073935,68.0101659520379,90.45208248829778,66.02461078086631
l_806,,inner,arterial,CBD,1.7410228509249184,3.752055557108521,F,57.91131055695978,74.76013394499716,58.39315275569288,76.12962319019151
l_787,,boundary,arterial,West,0.3592814371257485,0.6800955484732136,D,57.25884768353421,64.12373676683629,57.75975764664811,64.16858437867349
l_35,,peripheral,arterial,West,0.2729630135116692,0.6324269503142417,D,36.57656347597873,22.314748875087535,36.9968786670178,22.712457060927342
l_920,,boundary,arterial,East,8.491567401816253,3.9789013978986807,F,68.94062341036035,47.96313561986152,70.50245947328503,47.77217709600998
l_1721,,inner,arterial,CBD,0.9380129758461659,0.4634290975503112,C,68.5415262542454,42.835461968696364,68.65618163480687,43.15766605149279
l_552,,peripheral,arterial,West,0.4094445202675038,1.084389798971424,F,25.97287965167287,16.616660135229253,26.45440358769502,16.797061905222392
l_205,,inner,arterial,CBD,0.718562874251497,2.5902739744793295,F,77.24241717509129,60.70156966704804,77.5234735835914,60.61529810113833
l_2205,,peripheral,arterial,West,1,2.0631471796909078,F,19.969935188443806,89.1561121549009,20.49151013134539,91.52491898071625
l_2565,,inner,arterial,CBD,1.317426626655932,1.477982498184613,F,67.17348788102349,62.941334292967575,67.69934011712195,64.33702041749164
l_2176,,peripheral,arterial,East,0,0,A,87.18797964508035,47.13945006673204,87.56965794537385,46.61887411575979
l_881,,peripheral,arterial,East,0.7751437245655965,2.937848417565175,F,112.29493053495209,28.29464074874688,112.74875557728336,29.31319530064335
l_529,,peripheral,arterial,East,1.5088645794039983,1.2509180411838896,F,87.4023926488643,21.216944849091888,87.41007622561573,20.460056285102223
l_921,,boundary,arterial,West,0.718562874251497,4.430200498898102,F,48.13145905757613,64.37233652928282,48.392284149825215,64.36755501154411
l_380,,peripheral,arterial,East,0.7544322897019992,1.5163735329313868,F,80.6244308433964,29.66663004599746,82.2458068459828,29.17718161179631
l_952,,inner,arterial,CBD,0.8204567209079722,5.192995071265376,F,103.91347280868749,60.3152799633728,104.81217107922636,60.703961739510994
l_919,,peripheral,arterial,East,0.9416934787726595,1.7664104804142247,F,66.5307284376244,37.54830611452319,66.81325321532405,37.54309989421768
l_1059,,peripheral,arterial,West,1.1108368304122438,13.772029989370369,F,60.887990465952456,46.32769233043403,60.924484608854556,45.94865095390427
l_2426,,inner,arterial,CBD,0.39489272081084636,1.5607255964229603,F,95.43506928202694,70.9050897170522,95.79905897691668,70.60104186626934
l_106,,peripheral,arterial,East,1.293521612590277,2.473633252134613,F,78.20246890873756,30.36005164161466,78.38032821591237,30.572976450546324
l_2137,SH1N,peripheral,motorway,MWY,0,0,A,26.88875060989319,98.89467486649406,27.337437624908134,99.71829779924256
l_800,,peripheral,arterial,West,1.446480231436837,0.19286403085824494,A,26.537383242184763,84.41507822347306,27.363925558451466,83.2378907499631
l_481,,boundary,arterial,West,0.7062701090794946,4.852440145293064,F,53.87968625178682,36.456745482464065,54.514902260431754,36.71534202606699
l_2340,SH1N,boundary,motorway,MWY,0.3333333333333333,2.241930809946482,F,52.461123624879754,53.88777790301099,53.807866416867896,51.92616661461143
l_2672,,peripheral,arterial,West,0.5155746509129968,1.045253362944698,F,62.81776498788476,61.37292571624356,62.932419541628214,61.69513263818928
l_955,,boundary,arterial,East,0.39489272081084636,0.8370387080960774,E,89.39456004025752,73.47651690232533,90.17255953019585,73.21886161028831
l_1444,,peripheral,arterial,West,2,1.539185172354909,F,47.93007718697632,72.34878665922488,48.07578010024718,71.99477423500666
l_286,,peripheral,arterial,West,0.6732873253661,0.9867066298441436,E,7.780939910423752,71.75651292746136,7.980001471802172,71.94208491837833
l_2627,,boundary,arterial,East,1.293521612590277,0.5275875983074177,C,86.68372484468301,52.77032123279098,86.93016873018497,50.81984247240323
l_456,,peripheral,arterial,East,0.5629574028898481,1.7822601590190923,F,117.49435585240464,21.521979219141418,118.07553492299452,21.21382886352289
l_520,,peripheral,arterial,East,0.6467608062951385,1.0190948260652064,F,78.58042036377357,30.812516689642433,78.78051296407524,31.05205674766584
l_1859,,boundary,arterial,East,2.3734177215189876,5.137772675821708,F,71.33102328162099,73.78338402757181,72.26968731133745,73.98228369520415
l_733,,peripheral,arterial,West,1.446480231436837,0.6561730822695749,D,26.197476662346165,84.85369005084536,26.537383242184763,84.41507822347306
l_28,,peripheral,arterial,West,0.4163486225799736,0.5432626602433747,C,44.39118388122156,8.685540657988398,44.95962645086957,8.864306542158666
l_643,,peripheral,arterial,East,0.6467608062951385,0.6464437025297329,D,84.26974952002529,39.842254643745136,84.56480800990667,40.512457308664516
l_721,,peripheral,arterial,East,1.3981668479105174,2.8153669236536887,F,64.7997113597878,19.148133514434484,65.17583481005899,20.681714477473342
l_14,,peripheral,arterial,East,0.6587615283267457,1.1072783176940189,F,92.97144198432113,13.248900677184562,94.74427131458471,12.729508385691016
l_859,,peripheral,arterial,West,0.7872982548222018,6.006358932896425,F,56.53439827646412,28.327071268331206,57.80877329498813,29.0603833529227
l_626,,inner,arterial,CBD,0.7365126127784938,3.0916026107933274,F,52.78830011437159,83.50263199099263,52.902451861081026,83.79782671239595
l_344,,peripheral,arterial,West,0.7171029042667623,1.5918959151669974,F,34.54057727193056,3.730841017458006,34.579581000249796,3.4868910197890117
l_1082,,boundary,arterial,East,0.5155746509129968,0.9637655590239673,E,66.01824350958259,69.85435293678233,66.26880810419661,70.4713459349989
l_1188,SH1N,peripheral,motorway,MWY,0.2,0.16768850082126327,A,24.217517569694923,94.32186840915018,25.556797822209617,97.40547858849013
l_691,,peripheral,arterial,West,0.5459260270233384,0.312418082279619,B,14.18841608295176,20.047349898517552,14.219989880572841,20.587299202805738
l_368,,inner,arterial,CBD,1.1047689191677408,4.490780044650636,F,50.51713452805537,77.05798295833904,50.86106171817643,78.02462195985804
l_772,,peripheral,arterial,West,0.2729630135116692,0.8847886794764755,E,21.440673770187722,14.834454166452952,21.944412559906883,15.041487566721257
l_2077,,peripheral,arterial,West,1.2490458677399208,0.7970444753750202,D,49.898340408449265,10.287200357257893,52.28329132929725,11.135286795681793
l_2046,,boundary,arterial,West,0.47953964194373405,1.2485636976150167,F,51.81505949057667,58.95356243891223,52.48486533973297,58.72505916772683
l_325,,peripheral,arterial,East,0.7751437245655965,3.553898047606916,F,108.02612519860295,22.04994085333653,108.46982879201212,22.528156201237426
l_1225,,peripheral,motorway,MWY,1.0978555222132766,7.810065213911924,F,57.215330916065604,46.20341241236343,59.470430093001035,47.37378724526861
l_1297,,boundary,arterial,East,0.5155746509129968,0.9945702134983518,E,65.79091193583423,69.31801109504654,66.01824350958259,69.85435293678233
l_519,,peripheral,arterial,East,1,4.5787412391928095,F,105.29572910928577,19.019739429552253,106.02948398163464,19.897960726244897
l_20,,peripheral,arterial,East,0.5,0.30527716656350395,B,65.64228032759982,16.51103773392799,66.6903781839224,14.410678935586013
l_704,,peripheral,arterial,West,0.6384110657918071,3.164544530274255,F,40.92520043647218,37.77531825608538,42.01968492798666,36.998545569161564
l_54,,boundary,arterial,West,0.47084673938632976,0.7392988167231106,D,55.7186490833935,37.152675638354886,56.484763047102184,37.4358875262841
l_1818,SH16,peripheral,motorway,MWY,0.21176470588235297,1.5882046197075246,F,39.6214504225471,15.286252137861545,40.331190514351384,16.057024717318072
l_189,,peripheral,arterial,West,0.2729630135116692,0.526964829873131,C,30.987688520843637,18.63319555844396,31.49095255807371,18.81318911534808
l_132,,peripheral,arterial,West,2.7790643816581753,5.7951501919065525,F,45.63040736722147,51.31041244544373,45.88089157914587,51.92742800306539
l_540,,peripheral,arterial,East,2,1.0841027771964418,F,102.55007734153769,10.503356300710722,102.6430421755195,10.825947730733448
l_532,,inner,arterial,CBD,0.9380129758461659,3.49189624606389,F,77.1995521797882,67.78330510375392,77.3632048413974,68.40189168926318
l_143,,boundary,arterial,East,0.9512485136741975,6.8105568336528854,F,80.0505810352026,72.62242364508671,80.52577913799671,72.4514808872032
l_2283,SH1N,boundary,motorway,MWY,0.4666666666666667,2.065889434448651,F,49.18071646946679,64.67741504605605,49.36474344224883,67.59288241770346
l_317,,inner,arterial,CBD,0.7405578869414959,2.8843706760031913,F,61.042565463147625,42.919518279823976,61.05782322301702,42.56789391289932
l_537,,boundary,arterial,East,0.9380129758461659,4.259884611307961,F,70.2286731667003,47.07453781757526,70.3428338035905,47.36972377019705
l_434,,peripheral,arterial,East,2.635046113306983,3.278602581932411,F,83.8236740573931,15.796826580917708,85.98618713567022,15.189215814380727
l_622,,inner,arterial,CBD,0.7365126127784938,3.0723052403781246,F,52.99486639803911,84.09342026471842,53.20093694328608,84.65719116161277
l_414,,peripheral,arterial,West,1.54182191956829,2.722676161987473,F,20.177310226202337,82.63905330380759,20.33101384723842,81.52818713871184
l_991,,peripheral,arterial,East,0.6467608062951385,2.4511848144384043,F,77.22274817919336,29.10791067568746,77.49053491244558,29.481333655634618
l_989,,peripheral,arterial,West,0.5904736911166514,6.020489383260644,F,55.589488874204086,27.77688257094954,56.53439827646412,28.327071268331206
l_314,,boundary,arterial,West,1.260107109104274,0.5654902481697966,C,60.49309885783969,61.46974642163667,60.98902377665546,61.24441366475997
l_2086,SH16,peripheral,motorway,MWY,0,0,A,87.10723249870696,46.303121187806425,87.56965794537385,46.61887411575979
l_1108,,peripheral,arterial,West,0.6067040800849385,0.269935744294648,B,60.183906457535066,48.2324938814453,60.3128151638892,48.1490434873391
l_333,,inner,arterial,CBD,1.415261233636042,5.325085794939579,F,73.54693843134346,48.98625010753081,74.22918563108018,49.43310691861998
l_225,,peripheral,arterial,East,0.43917435221783047,0.7943911441841404,D,76.47134277618923,17.878741926400867,77.14149020026282,17.67717073729872
l_2622,,peripheral,arterial,West,1.446480231436837,2.0490755135421237,F,25.603129811711074,85.64827640784264,25.71027241241555,85.50503673443971
l_262,,peripheral,arterial,West,1.4342058085335245,1.39296573129309,F,34.691642072889,2.4848681150931027,34.82097578557332,1.239292220401202
l_885,,peripheral,arterial,West,0.3682563063892469,0.5113320381939624,C,44.96453376525631,64.78170908055317,45.080153375260146,65.15795934813434
l_2375,SH1N,boundary,motorway,MWY,0.06666666666666667,0.07308374762868103,A,49.19699130200595,64.37982714894805,49.39420746996334,65.64644759848852
l_922,,peripheral,arterial,East,0.9512485136741975,7.942399859342196,F,76.6362277816103,73.76656287144189,77.02548498231938,73.65126837530141
l_2678,SH1N,boundary,motorway,MWY,0.06666666666666667,0.05151692334145188,A,52.461123624879754,53.88777790301099,54.3168178838527,51.184848414248954
l_760,,boundary,arterial,East,1.415261233636042,3.971990890335976,F,68.59537829962275,48.10463258034977,68.94062341036035,47.96313561986152
l_631,,peripheral,arterial,East,1.093942294543963,2.9068805747914954,F,113.90558048528936,60.9670057373324,114.10574223197162,61.20651364290733
l_1665,,boundary,arterial,East,0.39489272081084636,0.8247848619630647,E,79.30564125700317,77.01448369671138,80.05942625532296,76.62218255060786
l_1791,,peripheral,arterial,East,0.8204567209079722,3.228004474958993,F,110.57159276244305,58.24540056785427,111.65884730143536,58.25216504933287
l_375,,peripheral,arterial,West,0.9552619009711829,1.6848805711435688,F,19.041731192325393,43.012392092370746,19.935796056810617,41.96912676686193
l_513,,inner,arterial,CBD,3.746877601998335,5.988840056325255,F,80.40402295935954,61.183673115387506,80.88570138323726,61.363953161543286
l_1273,,peripheral,arterial,West,0.5155746509129968,0.7489958542190597,D,58.06295510020387,48.75797027711882,58.177596542623355,49.080179599865495
l_424,,inner,arterial,CBD,0.4660556159701724,1.051441338539776,F,77.05795624886015,42.51612623415185,77.47989218787542,42.99480779658112
l_2155,,inner,motorway,MWY,0.13333333333333333,0.04523389037826229,A,55.472969690872716,35.61668455953831,55.63837242127506,35.15419638640701
l_689,,inner,arterial,CBD,1.4683089974712455,1.9001218176857038,F,91.21750506930572,65.09151821134026,92.70736870500535,63.3612164894368
l_1783,SH1N,inner,motorway,MWY,0.26666666666666666,2.255181868718552,F,51.96220025911047,54.663882885503156,52.461123624879754,53.88777790301099
l_1453,,inner,arterial,CBD,1.1906533710373568,3.496057755660367,F,95.50635967892894,57.20126775137313,95.97547989031678,56.7060801811761
l_152,,boundary,arterial,East,2.1228918504540633,3.9654712470060973,F,66.7451551400661,51.51703891544061,67.3005478766954,49.80413837125006
l_1207,,boundary,arterial,East,0.5469711472719815,0.07292948630293085,A,101.16638054128681,58.744760190886595,101.60510718434668,58.95281800135987
l_1606,,peripheral,arterial,West,0.4163486225799736,0.6469267628296296,D,45.59524419773252,9.149944970729628,46.885732413122895,9.585731174776488
l_657,,peripheral,arterial,East,1.2808197246237591,1.1963572649629879,F,85.14371865496503,11.961624011839437,85.58868628691421,13.683087211401649
l_276,,peripheral,arterial,West,1.5813401858074718,0.8177642227380338,D,60.26552505066133,23.177481659503353,60.474555799126385,23.90334988829351
l_277,,peripheral,arterial,West,1.2768221315836141,3.024934036020015,F,34.91972039992311,42.2363815577569,35.36572445464771,41.66067944916726
l_244,,inner,arterial,CBD,1.4268727705112962,6.836385373269468,F,82.6434266360946,71.7366612555506,83.50686915978318,71.39637099102198
l_389,,inner,arterial,CBD,0.4660556159701724,1.6536760346280173,F,74.17215607017293,39.29921543933476,74.37225085683323,39.53875972036199
l_515,,boundary,arterial,West,0.9590792838874681,2.855762564300892,F,62.070878876013246,55.062488842189836,62.61075366145854,54.863368946849434
l_757,,peripheral,arterial,West,0.2729630135116692,0.6224203912628984,D,12.106611667987261,21.517570915137576,12.51802123151237,21.429017231942197
l_295,,boundary,arterial,East,0.7201152184349496,2.857994020458617,F,95.59140926814194,60.605045122035285,95.62734219700089,60.19897868217845
l_886,,peripheral,arterial,East,1.2828736369467608,5.4829109021694755,F,115.3515094006383,34.8051317165802,115.90088706272924,35.11920004960792
l_928,,peripheral,arterial,East,0.4660556159701724,1.832671543807172,F,68.46256018406585,30.32365092800221,68.89144154314862,31.180591059344565
l_1807,,peripheral,arterial,East,1.260107109104274,1.655417578155961,F,84.69935380385046,43.07749278340039,84.74751293230132,42.15769708901985
l_1554,,inner,motorway,MWY,0.26666666666666666,0.08667056173542624,A,55.63837242127506,35.15419638640701,55.91392852760065,34.77076307673768
l_761,,peripheral,arterial,East,0.9701412094427078,2.588455731686341,F,74.1048044898563,25.084499075963524,75.35226787411736,26.710079365169303
l_936,,inner,arterial,CBD,2.7060547976096516,3.0281797387868674,F,69.71112581881982,57.89467136604405,71.4923297427907,62.51037667129816
l_193,,inner,arterial,CBD,3.1626803716149436,3.9709618525961115,F,65.77564147931554,35.76447704707274,66.18877609814999,36.6897596250006
l_769,,peripheral,arterial,East,1.7548990933021351,2.020376928344555,F,71.3993559895461,16.323788369085356,71.70183893190438,17.39926773257083
l_23,,inner,arterial,CBD,3.360537686029765,3.8875937361833524,F,87.21124072397012,70.6521428678054,89.3955632419964,70.01709731542171
l_429,,peripheral,arterial,East,0.7544322897019992,1.5216203390912457,F,82.2458068459828,29.17718161179631,82.67843979627918,29.061069090508706
l_124,,peripheral,arterial,West,1.54182191956829,2.992438444741127,F,21.052086662157677,75.75850669401079,21.202821748040968,74.4855362290312
l_2365,,peripheral,arterial,East,0.5933544303797469,4.986564014441492,F,74.27694113805138,74.35064640065049,74.6899357895852,74.34302419512628
l_240,,peripheral,arterial,West,1.0346165452429192,0.6971706180647377,D,34.62883258515349,0.24283073432664268,34.82097578557332,1.239292220401202
l_2080,,peripheral,arterial,West,1.1809473822333028,1.1984936569264475,F,49.443104704879936,9.72922673643824,49.51565075152286,10.7536727531297
l_506,,inner,arterial,CBD,0.51985559566787,3.7126839868881207,F,49.32606309764747,29.999946005263766,49.45148718222469,29.727381154535077
l_944,,peripheral,arterial,West,0.9552619009711829,2.344433212278562,F,33.84392002194041,41.66145983359839,34.59075653131519,42.08023507148212
l_504,,peripheral,arterial,East,0.3090632807067247,0.38516717703914966,B,133.130838192187,62.3643331192384,134.76395624930927,61.33372528134379
l_125,,inner,arterial,CBD,0.9788726649808304,2.196696333780935,F,92.03767611801433,58.91424556394204,92.59159550062452,59.4715317246036
l_91,,peripheral,arterial,East,0.7544322897019992,4.046270208414857,F,86.56957610829535,17.340539282249114,86.66201641600574,17.63611965574881
l_2007,,boundary,arterial,East,0.43914220888531064,1.3623727709173306,F,69.39060559698635,68.79224067805009,69.4820407369622,69.03379323205994
l_843,,peripheral,arterial,West,2.155688622754491,1.6165034379675283,F,55.41133629772163,64.15767771289701,56.17207625134482,64.14370402021895
l_312,,inner,arterial,CBD,0.5469711472719815,3.0134050035531503,F,112.94925838259698,59.8226876909733,113.21563314092414,60.11501533830143
l_2074,SH16,peripheral,motorway,MWY,0.2823529411764706,1.0586505755025175,F,22.271976491346617,9.170827394449766,24.505677855443885,8.886879360120584
l_1744,SH16,peripheral,motorway,MWY,0.2823529411764706,2.258291457673044,F,88.40055500107961,46.87374551919048,88.88572095283965,47.24312752398298
l_195,,peripheral,arterial,East,2.32543117369679,2.944857255406266,F,113.33141003675074,33.73472308894424,113.40268484984902,32.89556275122602
l_11,,peripheral,arterial,East,2.5657472738935216,5.385375839528884,F,117.52679206590972,36.034785050545715,119.59191969872163,37.18539433148002
l_821,,peripheral,arterial,East,0.5953266855186784,2.5901828782037737,F,101.07579731435075,53.881642159883825,101.74352698554671,53.54490845556619
l_177,,peripheral,arterial,East,16,11.537762571003299,F,90.31308370006009,58.540820628572924,90.9308499919602,57.85370365364385
l_2581,,peripheral,arterial,West,0.718562874251497,4.25889115213819,F,45.75882620164784,64.22663319610409,46.10449399598235,64.26860438115683
l_533,,inner,arterial,CBD,1.4070194637692488,3.241396893405321,F,76.96419264418996,66.81469838221345,77.1995521797882,67.78330510375392
l_2402,,inner,arterial,CBD,0.4660556159701724,1.4854224841075248,F,81.01008786227239,46.95650418119253,81.34710947838948,47.54485531979951
l_57,,peripheral,arterial,West,0.2729630135116692,0.7177696998170016,D,39.89566721333704,25.49718718738144,40.13917123397722,25.735967467360865
l_2634,,inner,arterial,CBD,0.43914220888531064,1.4681772668973376,F,70.25949686328485,71.1004970760738,70.51057471752485,71.74450261872121
l_1760,,peripheral,arterial,West,0.34657039711191334,0.81225567497018,D,53.553734176604436,24.65219235935953,54.573612108611755,24.55237793946717
l_977,,peripheral,arterial,West,0.7171029042667623,1.5896622296659473,F,34.320858529040066,4.788884331062761,34.54057727193056,3.730841017458006
l_633,,peripheral,arterial,West,1.54182191956829,2.8004076606228776,F,20.881583126375002,77.13994100829224,21.014033014049886,76.05648641136715
l_1813,,peripheral,arterial,West,0.8326972451599473,1.1770325779636137,F,52.28329132929725,11.135286795681793,53.13224760755773,11.200773498730635
l_544,,peripheral,arterial,West,0.2729630135116692,0.8526067675661309,E,43.12596193946024,28.573098333344394,43.67867613875167,29.07647440180393
l_282,,peripheral,arterial,West,0.6662225183211192,1.2099902333013182,F,39.28980631483006,37.50795600611312,39.70916501073208,37.85162503008587
l_1313,,inner,arterial,CBD,0.39489272081084636,0.1222782375824597,A,81.08005577299889,76.54926355530483,82.13865149724165,76.17834579272612
l_2047,,peripheral,arterial,East,0.8204567209079722,6.013673802014541,F,98.00838018092028,57.28994510341797,98.22924871404055,57.47502930571006
l_2640,,inner,arterial,CBD,0.43914220888531064,1.69059938438129,F,64.95548773532586,57.036371765893044,65.18380297971082,57.62674891718764
l_2060,SH1S,peripheral,motorway,MWY,0.3157894736842105,2.0220109976552756,F,67.19612068495205,30.02267956789145,68.10340088513385,29.560612238759166
l_1316,,peripheral,arterial,East,2.8537455410225925,3.270928141852619,F,77.52242411359285,73.47993121316404,78.60074489497762,73.00056057133216
l_25,,inner,arterial,CBD,1.1771168484658243,4.5326563699671,F,50.51002692927981,35.27539264319926,52.063959822595145,35.84145225925304
l_762,,boundary,arterial,East,2.8140389275384976,5.805112109288045,F,66.96610027265491,38.756474806697,67.12521488214176,39.13191321982314
l_307,,peripheral,arterial,West,0.7365126127784938,0.5824632333570334,C,44.95709574338472,64.37645100693896,44.99560781838119,64.10548271931862
l_2216,,peripheral,arterial,West,0.7365126127784938,0.5116372937683146,C,44.95709574338472,64.37645100693896,44.96453376525631,64.78170908055317
l_1547,SH1S,peripheral,motorway,MWY,0.1894736842105263,1.561158817760296,F,50.66224571336918,27.002525327591194,50.7546373797436,27.29811996730244
l_993,,peripheral,arterial,East,0.6587615283267457,1.1627376455299796,F,91.37144208454141,13.711017694944955,92.97144198432113,13.248900677184562
l_144,,peripheral,arterial,West,1.4730252255569876,5.106355621397051,F,48.84250379985112,72.305034748848,48.93391582845936,72.54659555733755
l_2601,,inner,arterial,CBD,0.5923390812162695,1.3873440534788597,F,111.07633431675083,64.31701017505766,112.63524396539997,63.96363399899092
l_1827,,peripheral,arterial,East,0.6467608062951385,0.8942470290398774,E,72.96375709370993,22.159673228405143,73.31923648138135,22.763618500378467
l_2127,,peripheral,arterial,East,1.6634322151372332,6.071027775023798,F,87.92860856955708,20.28828651638382,88.42591102021917,20.143935595076872
l_435,,peripheral,arterial,East,1.2808197246237591,1.6328779680924497,F,85.68262845715589,14.059720065951861,85.80030734827638,14.54401975755038
l_985,,peripheral,arterial,West,1.5280135823429541,15.854293849718449,F,57.76267550723545,41.89878278073104,58.42761061428287,42.58924470487888
l_609,,inner,arterial,CBD,4,11.444504957379191,F,87.28538463256781,61.759029567199676,87.4987260507792,61.53886562834153
l_1543,SH16,peripheral,motorway,MWY,0.21176470588235297,1.7396022838153633,F,50.39600241867397,26.710121222629585,50.66224571336918,27.002525327591194
l_727,,boundary,arterial,West,0.8705114254624592,1.4848409651033248,F,56.28338762277463,65.46595089865612,56.393207797005694,66.70714598946688
l_833,,peripheral,arterial,East,0.43917435221783047,1.1139440905986875,F,95.54527076006492,12.552472957554883,95.78329677286504,12.493998602727025
l_492,,peripheral,arterial,East,0.7544322897019992,4.0424802944222415,F,86.08013052600171,15.565848500853555,86.26651346405072,16.238061683068302
l_2291,SH1N,boundary,motorway,MWY,0.26666666666666666,2.288149222300529,F,54.70977198784677,50.84656411511451,55.196227636265796,50.10791671258873
l_1466,,inner,arterial,CBD,4,3.1242900020725384,F,54.601457003357595,57.956488700539424,55.00893571652691,57.795244242644074
l_1997,,inner,arterial,CBD,0.658713313327966,2.372888727876823,F,62.633107918613945,52.538685052270054,63.15193123457362,53.55614010630278
l_2082,SH1N,boundary,motorway,MWY,0.3333333333333333,2.4993026385056196,F,58.387587219020276,32.15778029444889,59.65982002533505,31.593852493517105
l_345,,peripheral,arterial,West,0.7171029042667623,2.3502859953479036,F,31.432065402365108,13.21982340178153,31.868615064405507,12.130798071536567
l_1841,,inner,arterial,CBD,0.9380129758461659,4.826088291322839,F,69.02088481341899,44.06984268875535,69.28468027012974,44.22713779521617
l_731,,peripheral,arterial,West,6.16728767827316,3.2246875027244886,F,21.202821748040968,74.4855362290312,21.311067390560833,73.26739101638535
l_387,,peripheral,arterial,East,9.87045033929673,11.391036528409117,F,103.18948378490988,16.815721678574068,103.69986891686158,17.373785672682526
l_1793,,peripheral,arterial,East,0.8204567209079722,3.2362152438218232,F,111.65884730143536,58.25216504933287,111.9019693746437,58.46384737328874
l_907,,peripheral,arterial,West,0.6732873253661,1.5002076056487017,F,15.3217889430515,72.72768638765986,15.604851378302122,72.74956852759031
l_2098,,boundary,arterial,East,0.4660556159701724,1.502312471291939,F,81.34710947838948,47.54485531979951,81.6301493086544,47.56664669256718
l_1109,,boundary,arterial,West,1.0311493018259936,0.596758888331419,C,59.98369665385385,53.88469637087916,60.64586369269479,55.60220742294849
l_241,,peripheral,arterial,East,1.2828736369467608,4.745373954860071,F,122.3702396828615,39.26859188617043,123.03438018628611,39.904819178716544
l_266,,peripheral,arterial,East,0.43917435221783047,0.7901160426151204,D,73.29293391250317,18.80230296617082,75.26042816471967,18.225434394067733
l_2268,,boundary,arterial,West,0.8900316455696203,4.778618185696694,F,60.385120072702094,69.7688333866943,60.973984625025764,69.86610930404476
l_318,,peripheral,arterial,West,1.0186757215619695,15.846900952447728,F,57.58532703937749,41.71285811020964,57.76267550723545,41.89878278073104
l_1319,,boundary,arterial,East,4.756242568370987,6.08544251756452,F,78.691192060888,73.188074916488,79.6613271912913,72.7377239308592
l_962,,inner,arterial,CBD,1.260107109104274,0.8002107759546317,D,56.06474431481618,63.03759484662711,56.694073547401054,62.971980289645025
l_752,,boundary,arterial,West,1.3057671381936886,3.9957987379263984,F,57.29010222009102,72.90673010474494,57.45071310501181,73.36322707340747
l_2287,SH1S,boundary,motorway,MWY,0.12631578947368421,0.08264136395470667,A,56.01580535552358,32.03922279882344,57.85573411285551,32.54686605699819
l_168,,boundary,arterial,East,1.260107109104274,2.5686168775916243,F,63.17032167099063,60.447539196208346,64.27183221174457,60.04889308379106
l_2068,,inner,arterial,CBD,0.9380129758461659,4.345872538350171,F,78.0885341738367,71.17222198928589,78.18298137855709,71.57587458350308
l_255,,peripheral,arterial,West,1.0756543564001435,2.1502739834722497,F,29.998429859075458,16.84049715637769,30.933286710960843,14.472141602147115
l_1175,,peripheral,arterial,West,0.5904736911166514,2.331997630724555,F,51.85167599897967,19.575456539565796,52.058685768613564,20.193263164454763
l_450,,peripheral,arterial,East,0.7544322897019992,1.438271149337731,F,85.58516259676898,27.54781745614378,85.91481718027444,26.56875306139931
l_2543,,peripheral,arterial,West,0.3936491274111009,1.9740524154919405,F,49.793166406555756,11.623539450099324,49.90940397851023,12.070740806355541
l_1763,,peripheral,arterial,West,1.03971119133574,3.7055864393835685,F,50.377877344433436,28.088799766079482,50.7546373797436,27.29811996730244
l_379,,peripheral,arterial,West,0.6732873253661,1.5303094248420146,F,17.151074176141904,72.88361960033481,18.959119157718842,73.06694931361326
l_2382,,boundary,arterial,East,0.5933544303797469,4.9622383896140105,F,75.14637704604353,74.37686654868502,75.53466297520778,74.16527256262826
l_1258,,boundary,arterial,East,7.49375520399667,6.037026772671098,F,79.24505232266196,60.82672526593426,79.63778643398231,60.900545877044244
l_1548,SH16,peripheral,motorway,MWY,0.2823529411764706,1.9986508957448703,F,70.63850562067732,29.256511888412117,72.0723061509492,29.203028756402478
l_1177,,peripheral,arterial,West,0.34657039711191334,0.096571414566167,A,49.88699146194675,28.584282569702506,50.09635975384353,28.14801859227475
l_539,,peripheral,arterial,East,1,1.0683860991025529,F,102.6430421755195,10.825947730733448,102.80421995499638,11.309430453865668
l_1366,,peripheral,arterial,West,0.4163486225799736,0.14550106415865782,A,53.61726759322485,11.570233857453232,53.90323809115761,11.75416517278411
l_2130,,peripheral,arterial,East,0,0,A,114.96349959780188,62.89320071657305,115.01464367696506,63.14610977823178
l_937,,peripheral,arterial,West,0.6384110657918071,2.0039342089188117,F,31.502800738853786,52.730917123186046,31.684075645716092,51.943847527863355
l_747,,peripheral,arterial,East,1.8697413524462447,1.773688496530038,F,122.20863463755362,44.56887467562283,122.52951825010169,41.968299058293844
l_530,,peripheral,arterial,East,1.5088645794039983,1.7034242629700342,F,78.74426645536876,30.268956217343014,79.13293886946906,30.126637432378583
l_2309,,peripheral,arterial,West,1,2.285790799575093,F,20.49151013134539,91.52491898071625,20.64860256927363,91.79232186953674
l_384,,boundary,arterial,East,0.9380129758461659,4.266442920237393,F,69.99935428428324,46.4301311809854,70.11451282827578,46.77935180755179
l_267,,peripheral,arterial,East,0.43917435221783047,0.788491399798554,D,68.51290857770731,20.106699925429442,68.98849085362416,19.9627966904722
l_1605,,peripheral,arterial,East,4.526593738211996,4.399078610494788,F,76.86036877778082,31.84428993706855,78.74426645536876,30.268956217343014
l_2429,SH1N,peripheral,motorway,MWY,0.3333333333333333,2.3915265783017188,F,56.236816790672194,48.764506272463414,57.215330916065604,46.20341241236343
l_2058,,peripheral,arterial,East,0.9321112319403448,1.0448705489420533,F,82.09757664711329,48.15258459901358,82.25720365208501,48.63876155247826
l_162,,peripheral,arterial,West,0.9552619009711829,1.522481130425011,F,17.160594082469917,47.15458765334217,17.801273166943393,46.521333492608164
l_2635,,inner,arterial,CBD,0.39489272081084636,1.4048971718779353,F,98.5036345663708,68.71301775527895,99.25936730513611,68.42871382215652
l_1199,SH1N,boundary,motorway,MWY,0.6,2.2441240518144956,F,50.157972579024026,58.55544635747299,51.96220025911047,54.663882885503156
l_1194,,inner,arterial,CBD,1.260107109104274,4.664085869062175,F,80.43487564907198,49.94006221877742,80.69117831584225,49.69208389607326
l_947,,peripheral,arterial,West,0.9552619009711829,2.356380067776962,F,32.484114490381536,41.010640804606915,33.47000840118514,41.425054020888716
l_2473,,peripheral,motorway,MWY,0.13333333333333333,0.025747346926783737,A,54.83373062356441,38.68241247093793,54.85581067271784,37.51987161663921
l_987,,peripheral,arterial,East,2.8537455410225925,7.946983492136621,F,77.02548498231938,73.65126837530141,77.52242411359285,73.47993121316404
l_174,,peripheral,arterial,West,3.7803213273128216,2.5801231707409653,F,62.56522719797414,60.64785993785288,63.17032167099063,60.447539196208346
l_548,,peripheral,arterial,West,0.2729630135116692,1.1344420318640942,F,27.68118253603015,17.31520820833251,28.119742845655235,17.523416388508874
l_1501,,peripheral,arterial,West,0.9364026531408505,2.453361009269277,F,42.38918401944172,45.28885810050366,43.083661446464575,45.22208932636541
l_1404,,inner,arterial,CBD,1.293521612590277,0.5314175349110745,C,86.39147628717548,53.424371483755564,86.68372484468301,52.77032123279098
l_635,,boundary,arterial,East,4,11.366912726119102,F,86.8804357530255,62.198954227882396,87.05030744901372,61.97959579665861
l_1125,,boundary,arterial,West,0.8705114254624592,1.0127222516536118,F,56.573209821659226,68.21731524158356,56.715064517853946,68.8363153752497
l_2379,,boundary,arterial,East,0.7897854416216927,0.46774052806844313,C,74.20233702682296,78.62352733780773,74.59298837555528,78.50688881137079
l_2255,,peripheral,arterial,West,0.51985559566787,4.633671015075703,F,51.25780759579831,26.288907762397006,51.59755880312841,25.85024856752464
l_651,,peripheral,arterial,East,0.6404098623118796,1.6324870973314884,F,85.80030734827638,14.54401975755038,85.91648209546244,14.947267311056983
l_1193,,inner,arterial,CBD,0.43914220888531064,1.37633712197049,F,68.49949739909397,66.45736428321915,68.68236408484094,66.9404700714408
l_685,,inner,arterial,CBD,2.1228918504540633,4.005548457046077,F,68.2312228555955,55.46254364541425,68.53899968943219,55.646056144061916
l_260,,inner,arterial,CBD,0.6467608062951385,0.19270283670085758,A,86.68372484468301,52.77032123279098,86.88301736275469,51.793673046567044
l_827,,peripheral,arterial,West,0.6052963430012611,3.0640750201781004,F,30.711516231192693,66.52872323261263,31.34086020845276,66.46318605069304
l_783,,peripheral,arterial,West,0.2729630135116692,1.0858609363487368,F,24.002838762026663,15.868817081390382,24.35348389889819,16.024582852657694
l_164,,boundary,arterial,East,0.39489272081084636,0.9695943028153071,E,75.58989168565117,78.3263293368011,76.0433693550094,78.15579870266906
l_129,,peripheral,arterial,West,2.1697203471552555,2.4669112774298654,F,23.75937672001479,72.79039814014064,24.238027297717988,73.99785629994628
l_385,,peripheral,arterial,East,1.131648434552999,1.2275867691274656,F,86.5711067584788,24.44851815304411,87.26030879637909,21.760110740260423
l_151,,peripheral,arterial,West,0.4163486225799736,0.4960976030915948,C,40.054532155523674,6.900156083874466,41.986055435263715,7.918815309245112
l_339,,peripheral,arterial,East,0.6467608062951385,0.8924965724121278,E,73.31923648138135,22.763618500378467,73.49056468457023,23.609380692674144
l_1494,,peripheral,arterial,West,0.4670351054720947,0.38593418106317257,B,50.81056204175561,51.620827967298034,50.97996415226851,51.37448260392888
l_1141,,peripheral,arterial,West,6,5.448092548562564,F,50.71651428987713,59.51424531615079,51.231695100153715,59.15345114010011
l_2001,,inner,arterial,CBD,0.9788726649808304,2.134639406971815,F,93.5320904956124,60.94055051244841,93.60583402800728,61.398634990402456
l_2443,,inner,arterial,CBD,0.5155746509129968,0.6348803134617893,D,58.56648394417951,50.12705980932227,58.908920125698145,51.012635085298065
l_1115,,peripheral,arterial,East,4.69006487923083,4.312668679968642,F,78.27642858065535,71.92549262647148,78.60074489497762,73.00056057133216
l_734,,boundary,arterial,West,0.6384110657918071,3.2598243246344447,F,43.75820054058184,35.777549300027054,44.466442142345834,35.27810071114708
l_96,,peripheral,arterial,West,1.3465746507322,3.807196669727287,F,26.2650441370088,69.50161069839838,28.130890312861954,68.08926229466695
l_412,,peripheral,arterial,West,0.4670351054720947,0.8215800183505751,E,46.53102693386683,52.99656676705129,47.13611166467332,52.7962923874362
l_1782,,boundary,arterial,East,0.5933544303797469,4.951261040675695,F,64.33329631977993,70.45293118139321,64.57339037924574,70.50256418466411
l_365,,peripheral,arterial,East,0.48007681228996646,2.6481185239238103,F,92.5425828519474,67.36420983457765,92.73268306237138,67.06339181590333
l_605,,peripheral,arterial,West,0.4163486225799736,1.8501712658717164,F,57.035679730518716,14.237078372263523,57.47824904838939,14.661363814040484
l_1191,,peripheral,arterial,West,0.5904736911166514,2.3822235746239215,F,52.058685768613564,20.193263164454763,52.314129578362284,21.08044440557598
l_473,,peripheral,arterial,West,0.9552619009711829,1.3908584892700202,F,12.265539437257972,48.162443142701186,14.552572749401495,47.20200301305013
l_755,,peripheral,arterial,East,1.1860051393556037,4.542586554064922,F,64.3589247678989,31.77762305157244,64.56348885504276,32.26033191009303
l_723,,boundary,arterial,East,4.211117349803481,3.278033444825215,F,62.86214392946015,48.45347848858139,65.19974202741982,52.5995377645506
l_1870,SH16,peripheral,motorway,MWY,0.07058823529411765,0.0230747269541144,A,46.71461786604591,22.750719440385005,46.92062178451132,23.314496123849654
l_2538,,boundary,arterial,East,0.8204567209079722,5.865213904469317,F,98.22924871404055,57.47502930571006,98.55879211378273,57.658094585658226
l_2527,,boundary,arterial,East,1.293521612590277,0.8502102003506372,E,86.98484093866688,50.25127140086294,87.15738012577293,49.00485215917143
l_744,,peripheral,arterial,West,0.34657039711191334,0.8251144273916825,E,55.0507051747397,24.48955916017937,55.48533050156489,24.481572560118224
l_611,,inner,arterial,CBD,0.8204567209079722,5.345181303068634,F,102.94906915652737,59.90078968461936,103.40953531118548,60.108439614280215
l_460,,peripheral,arterial,West,1.54182191956829,2.2559495325350136,F,20.33101384723842,81.52818713871184,20.536626673350835,79.68667156086065
l_1490,,peripheral,arterial,East,1.0609610538879801,8.545281955952914,F,93.38872481780083,50.88930525441124,93.65606475862629,51.2356914705003
l_439,,peripheral,arterial,East,0.6587615283267457,3.5251220494675644,F,82.35402035513721,16.256458635031414,82.6132830183785,16.17058010033916
l_968,,inner,arterial,CBD,0.48007681228996646,2.6776058061334087,F,94.98858867076105,63.2648424423794,95.11297254975042,62.938214680546714
l_615,,inner,arterial,CBD,1.1047689191677408,3.1949666511208363,F,52.39790150800914,82.37469043157401,52.78830011437159,83.50263199099263
l_2215,SH1N,boundary,motorway,MWY,0.06666666666666667,0.05667193417403712,A,49.25662904563713,62.8922861108631,49.497206459126,62.96895336227439
l_2618,,peripheral,motorway,MWY,0.13333333333333333,0.26564387182637883,A,57.584649395813265,47.577600920728216,57.78871273177006,48.03329872426798
l_15,,peripheral,arterial,East,0.7906700929037359,0.8579081695084412,E,62.909256777284135,28.615194350702243,63.36084039531813,29.525779596949793
l_2174,,peripheral,arterial,East,0.6467608062951385,0.8400435499064782,E,87.18797964508035,47.13945006673204,87.21874019539901,47.625359058670156
l_1371,,boundary,arterial,East,0.9380129758461659,4.273574723746354,F,69.90742739754064,46.16156154953552,69.92317004128877,45.83695339836799
l_1196,,boundary,arterial,East,7.446478436239528,3.5965562204505033,F,71.9765944393281,75.77143528366535,72.79557261648976,77.72925969396898
l_2,,peripheral,arterial,East,2.877237851662404,2.835200362616655,F,62.61075366145854,54.863368946849434,63.668765861908625,54.46552494747484
l_2647,SH16,peripheral,motorway,MWY,0.1411764705882353,0.6195350073042674,C,8.30764198059244,11.046367011593231,8.980279509982317,10.980103187164117
l_485,,peripheral,arterial,East,0.6404098623118796,1.1092255353249114,F,84.18651369894678,8.360950736719449,84.35024758592708,9.030415185966078
l_1956,,inner,arterial,CBD,0.43914220888531064,1.4710638121403343,F,70.12209217912265,70.72466007959736,70.25949686328485,71.1004970760738
l_1079,,boundary,arterial,East,0.5953266855186784,3.6173354485827334,F,96.4658299357641,56.18347061928901,96.91823777215785,55.95885743573806
l_495,,peripheral,arterial,West,0.6732873253661,0.8374568434879632,E,5.1665294951604706,69.07428324444726,6.229478036781848,70.136056771095
l_197,,inner,arterial,CBD,0.9380129758461659,3.11434390109385,F,76.07424304646568,63.3717424778537,76.26212498286664,64.1250148207832
l_606,,peripheral,arterial,West,0.8512147543890761,3.1769348923280565,F,40.19570474869588,38.302169088866755,40.56070078706607,38.05225262882678
l_269,,peripheral,arterial,West,1.3465746507322,3.5816911390680746,F,23.242681989488776,71.88091929891863,23.543043514611877,71.65924041003223
l_2470,SH1S,inner,motorway,MWY,0.12631578947368421,0.10423799237415214,A,53.3222333571636,29.79146229844561,56.01580535552358,32.03922279882344
l_574,,peripheral,arterial,West,0.4163486225799736,0.45480625234519323,C,36.74356671280493,2.9608448381299683,36.899631159976956,3.174200817466635
l_1299,,boundary,arterial,East,1.1047689191677408,0.6819277827137321,D,70.97498111678571,74.51966342506424,71.4152041612677,74.80883656913852
l_834,,inner,arterial,CBD,0.48007681228996646,2.642904184024631,F,94.86370199219547,63.56445281109681,94.98858867076105,63.2648424423794
l_1537,SH1S,peripheral,motorway,MWY,0.12631578947368421,0.06707815730421486,A,74.5014329682545,23.023156082247098,75.80802843546739,21.972011158945016
l_2110,,peripheral,arterial,West,0.4163486225799736,0.11162099234875766,A,49.898340408449265,10.287200357257893,51.82497587753683,11.035597422664797
l_310,,peripheral,arterial,West,1.4046039797112757,2.44895748538769,F,38.20542630021428,43.58168078036334,42.38918401944172,45.28885810050366
l_507,,inner,arterial,CBD,0.51985559566787,3.7152645690862767,F,49.45148718222469,29.727381154535077,49.61938103076388,29.39998423668424
l_602,,peripheral,arterial,East,1.2828736369467608,5.456780489154607,F,116.16471022858158,35.276436523052126,116.60441641335288,35.538496593822366
l_501,,inner,arterial,CBD,0.9380129758461659,3.2572290463092592,F,75.5585735574088,61.354277245852195,75.81715706695309,62.40353590998845
l_433,,inner,arterial,CBD,0.4660556159701724,1.1238926461013397,F,76.50412275029483,41.95880096187605,77.05795624886015,42.51612623415185
l_466,,peripheral,arterial,West,0.7171029042667623,2.472000623495925,F,31.868615064405507,12.130798071536567,32.076023128003456,11.586483453407137
l_1680,,peripheral,arterial,West,0.3936491274111009,2.2093686142217455,F,50.837244456030206,15.242827359576108,50.95285355465365,15.61907493991491
l_2078,,peripheral,arterial,West,1.2490458677399208,0.717831482795086,D,46.885732413122895,9.585731174776488,49.898340408449265,10.287200357257893
l_431,,peripheral,arterial,East,0.7544322897019992,1.4441987839452421,F,82.67843979627918,29.061069090508706,83.65086001678152,28.74577789752999
l_2128,SH16,peripheral,motorway,MWY,0.35294117647058826,0.9745179426998141,E,16.634116357492584,9.922105711149262,22.271976491346617,9.170827394449766
l_662,,peripheral,arterial,East,0.9416934787726595,1.7150791878856406,F,70.51056461021132,36.4479250457801,71.35164153001558,36.081063964939304
l_2486,,inner,arterial,CBD,0.7897854416216927,0.7238152467445891,D,82.50457703730733,75.84115997283072,82.88992485657327,75.65094779001757
l_1766,SH1S,peripheral,motorway,MWY,0.1894736842105263,1.0161355406440726,F,85.51529158202642,7.387236144932141,86.39065294600516,6.533190951974246
l_123,,peripheral,arterial,West,0.9552619009711829,1.5314564634618157,F,18.379765234502536,44.86221493952579,18.751260629148295,43.77440983898291
l_2247,,boundary,arterial,East,0.5155746509129968,1.0267041754559343,F,63.0238444745693,61.936687788587605,63.20769144477789,62.473832463053
l_612,,peripheral,arterial,West,0.6662225183211192,0.7323285746987265,D,15.72932362367471,19.911227030447844,16.17033802430047,20.25454630502344
l_1871,SH16,peripheral,motorway,MWY,0.42352941176470593,1.7373075986206845,F,46.92062178451132,23.314496123849654,49.511344857629844,25.888536433079363
l_1812,,peripheral,arterial,West,0.5904736911166514,2.0923880375042367,F,49.90940397851023,12.070740806355541,50.372327238151584,13.6027499728096
l_348,,peripheral,arterial,West,0.6662225183211192,0.7644021752287375,D,26.726973822938472,28.14311239205135,27.96122702398703,29.066517362682376
l_2671,,peripheral,motorway,MWY,0.13333333333333333,0.052656894064394694,A,57.00066621402222,46.561331295919516,57.07606649067734,45.82230530453909
l_674,,peripheral,arterial,East,0.7544322897019992,1.366354658478067,F,85.91481718027444,26.56875306139931,86.16105288487769,25.780419632823588
l_790,,peripheral,arterial,West,0.1364815067558346,0.3538713986631022,B,6.483736152637758,21.91694292182404,6.703500289561166,22.048086483923136
l_142,,peripheral,arterial,West,0.4163486225799736,1.8526819054200052,F,56.19549972464025,13.468757795687031,57.035679730518716,14.237078372263523
l_1249,,peripheral,arterial,West,4.339440694310511,2.0483608528722166,F,27.363925558451466,83.2378907499631,27.458301659133134,82.45241249870897
l_1205,,boundary,arterial,East,0.7897854416216927,0.6080539699868136,C,92.93525087472551,72.11360880310504,93.73447562361224,71.82851945246047
l_2648,,inner,arterial,CBD,5.628077855076995,5.411264196400033,F,67.70773375932492,40.06710393206882,68.14211873833149,41.221235801942
l_280,,peripheral,arterial,East,0.34657039711191334,0.8252140696721636,E,64.37349883939923,21.966740772064515,64.63327380845004,21.907902492300373
l_786,,peripheral,arterial,East,2.877237851662404,3.3430527023498287,F,64.87791796969692,54.01083932229761,65.84798720220324,53.560550321934564
l_2112,,peripheral,arterial,West,0,0,A,53.25856253837734,51.1434765442078,53.624561860442874,50.94757204378403
l_248,,peripheral,arterial,East,2.32543117369679,3.1439864145690692,F,111.16442414012288,25.964389511923958,111.54850085396642,26.741005480237508
l_497,,peripheral,arterial,West,0.6732873253661,1.335915574315592,F,13.513751713595749,72.54432523635822,14.297729047333547,72.61116249408158
l_580,,peripheral,arterial,West,0.6931407942238267,0.8410829693523537,E,59.91981909132407,23.29194827770564,60.26552505066133,23.177481659503353
l_235,,peripheral,arterial,East,1.550287449131193,3.5577170643598253,F,110.96076391356546,25.53575777807992,111.16442414012288,25.964389511923958
l_441,,peripheral,arterial,East,1.2464942349641632,2.8909900519332776,F,117.30487725860446,61.36303994193312,119.1538986518475,61.409599787911716
l_963,,peripheral,arterial,West,0.718562874251497,1.6875104804106178,F,49.19699130200595,64.37982714894805,49.674674255373986,64.34404111685214
l_845,,peripheral,arterial,East,0.9321112319403448,6.495053092155735,F,67.98722386930352,29.30540746056039,68.30444702151331,30.00224808447742
l_62,,peripheral,arterial,East,1.2464942349641632,3.092901910591548,F,115.12932246928952,61.295528587848004,115.73841693499564,61.31119197639963
l_163,,peripheral,arterial,West,0.2729630135116692,0.7592681909968503,D,15.330500061785118,15.918605820140177,16.058494501113277,15.310789384286009
l_1441,SH1N,peripheral,motorway,MWY,0.06666666666666667,0.05151819016391551,A,49.46543214955634,61.239851465623666,50.157972579024026,58.55544635747299
l_748,,peripheral,arterial,West,0.42560737719453806,2.018489536815298,F,31.684075645716092,51.943847527863355,31.806077940362346,51.48217446681754
l_170,,inner,arterial,CBD,0.48007681228996646,2.7476292972271836,F,95.5003199063937,61.55266787133714,95.55698359193237,61.09216345475117
l_2361,,inner,arterial,CBD,5.628077855076995,5.292038407959301,F,67.12521488214176,39.13191321982314,67.70773375932492,40.06710393206882
l_708,,peripheral,arterial,East,7.906700929037359,12.104772645669792,F,63.79169292857984,30.49079872968815,64.02685857431082,31.180652193133124
l_863,,peripheral,arterial,East,2.877237851662404,3.3044814954576904,F,63.668765861908625,54.46552494747484,64.51092567825773,54.15272925848402
l_180,,peripheral,arterial,West,1.7410228509249184,1.6976983539214747,F,56.17207625134482,64.14370402021895,56.256678707080965,65.1961779462342
l_773,,inner,arterial,CBD,1.1047689191677408,4.792485604794395,F,49.4389192227232,73.99675673960067,49.91971022613255,75.31222940789276
l_1238,,inner,arterial,CBD,0.927189842120174,0.90957963601277,E,115.22481130650839,64.07750355878663,116.83375292982441,64.07451012846087
l_2425,,peripheral,arterial,West,0.7733619763694952,1.189667740885437,F,60.96558566151634,56.43414488612076,61.44641818363301,57.74959335229004
l_932,,boundary,arterial,West,0.6931407942238267,3.61590491478999,F,48.31868560840039,31.964323441884268,48.48658325403197,31.63692760098967
l_243,,boundary,arterial,West,0.51985559566787,3.693281253701944,F,49.13742967191647,30.381775844844405,49.32606309764747,29.999946005263766
l_2288,,peripheral,arterial,West,1.2105926860025222,3.2995178968096086,F,44.525203955014334,64.03438930089531,44.99560781838119,64.10548271931862
l_1232,,boundary,arterial,West,0.8900316455696203,4.788159128116808,F,58.181820089244304,69.37691690467969,58.94506781249516,69.49801981198192
l_794,,peripheral,arterial,West,1.54182191956829,2.806789948070564,F,20.747160974250612,78.11532684880811,20.881583126375002,77.13994100829224
l_2022,,inner,arterial,CBD,0.8900316455696203,4.799480223692372,F,61.911622799451074,70.01102042117412,62.80628848604008,70.18374450760972
l_2276,,inner,arterial,CBD,1.317426626655932,2.5006814749859787,F,60.98773892815765,49.37984309580079,61.57523606058552,50.5852230433357
l_1320,,inner,arterial,CBD,0.9380129758461659,4.661393363373501,F,69.28468027012974,44.22713779521617,69.48926630462122,44.70984221584518
l_1819,,peripheral,arterial,West,0.6931407942238267,0.91265854893115,E,53.1215946168522,24.79526131589832,53.553734176604436,24.65219235935953
l_421,,inner,arterial,CBD,1.665047870126266,3.25597237546172,F,92.61275717842703,55.930652377295964,92.94960485219059,54.167673759808544
l_1318,,boundary,arterial,East,0.658713313327966,1.371522182919635,F,68.68236408484094,66.9404700714408,69.29917065222463,68.55068808734492
l_158,,inner,arterial,CBD,0.4660556159701724,1.6896761988112627,F,73.4414775800455,38.58298865095823,73.88413068294506,39.00724131093205
l_378,,peripheral,arterial,East,1.785980056556035,2.5877746700152877,F,101.74352698554671,53.54490845556619,103.2508411483498,52.76013109582854
l_1750,,peripheral,arterial,East,1.5914415808319702,8.562598496322058,F,92.16623138336581,49.4525443304887,93.38872481780083,50.88930525441124
l_699,,peripheral,arterial,West,0.6732873253661,1.4969845235997101,F,15.604851378302122,72.74956852759031,16.56321227752726,72.84025424133975
l_847,,peripheral,arterial,West,1.00993098804915,2.8092625599331207,F,22.42853837069074,72.54437032089976,22.685429373062288,72.32348419454668
l_938,,peripheral,arterial,East,3.5097981866042702,2.019380786134186,F,71.91290464729968,18.23319513559029,72.14670202358586,19.120755876282022
l_2166,,boundary,arterial,East,3.80499405469679,6.098295677134875,F,77.83340157369706,73.34168527816092,78.691192060888,73.188074916488
l_1538,,peripheral,arterial,East,3.233804031475693,9.970853931288918,F,73.49056468457023,23.609380692674144,73.76033762530636,24.090877441188407
l_713,,inner,arterial,CBD,0.9512485136741975,6.854446323470873,F,82.4058292623274,71.82213525310672,82.6434266360946,71.7366612555506
l_2148,SH16,peripheral,motorway,MWY,0.1411764705882353,0.3874330786022302,B,5.55042624669366,11.231531264238088,6.354425405604306,11.21694535711378
l_973,,peripheral,arterial,East,0.6467608062951385,1.0229514740443393,F,79.26963011395762,31.637598349774255,79.60262002906941,32.009813320113814
l_899,,inner,arterial,CBD,3.9533504645186794,4.195352598722308,F,65.04529673321747,33.62980747862805,65.37049502225159,34.75892893840695
l_204,,peripheral,arterial,West,0.2729630135116692,0.6635286232912002,D,38.32500839245553,24.012453131749073,38.612466567512,24.27745724437945
l_1443,,peripheral,arterial,West,4,2.644583346683065,F,47.765118335675915,72.83828332406051,47.93007718697632,72.34878665922488
l_119,,peripheral,arterial,West,0.4163486225799736,0.42504350471281904,B,36.31982331112578,2.374015974173621,36.74356671280493,2.9608448381299683
l_2598,,inner,arterial,CBD,0.8900316455696203,4.813237639566261,F,51.69331233459002,71.2527771810869,52.622502093879426,70.9384375872627
l_1732,,peripheral,arterial,West,1.0311493018259936,1.048263431204085,F,62.56522719797414,60.64785993785288,62.81776498788476,61.37292571624356
l_135,,inner,arterial,CBD,0.8204567209079722,3.1536694222505597,F,112.28206302975441,59.02432381747972,112.94925838259698,59.8226876909733
l_39,,peripheral,arterial,East,0.7751437245655965,3.3747021908256722,F,107.5996265655099,44.62523258906839,107.8508495037269,44.107045863993605
l_700,,peripheral,arterial,East,0.4660556159701724,2.8229932015778227,F,64.70680343127532,18.82552712761103,64.7997113597878,19.148133514434484
l_2218,,inner,arterial,CBD,0.5923390812162695,1.409883521404294,F,97.40615461190092,69.32798405926783,98.5036345663708,68.71301775527895
l_664,,peripheral,arterial,East,1.3981668479105174,1.7056531543625642,F,70.81008333656156,35.00999473977138,71.35164153001558,36.081063964939304
l_627,,inner,arterial,CBD,0.7365126127784938,3.0972847150995695,F,52.902451861081026,83.79782671239595,52.99486639803911,84.09342026471842
l_816,,peripheral,arterial,East,0.7544322897019992,1.6890345867667786,F,79.39222039520915,30.040763602356257,79.8243558262689,29.897639816665812
l_59,,peripheral,arterial,West,0.42560737719453806,1.9910526088449596,F,33.45084826199009,46.31715503374983,33.55506511881598,46.0720152319914
l_1107,,inner,arterial,CBD,0.5155746509129968,0.5944048127379026,C,58.47407308250859,49.83146835872688,58.56648394417951,50.12705980932227
l_2662,,peripheral,arterial,West,0.42560737719453806,1.9901561314307823,F,28.948483104308647,64.0474516095016,29.089758684259447,64.6394507985258
l_2384,,boundary,arterial,West,0.8900316455696203,4.797993924609033,F,50.93701624165682,71.50988846607248,51.69331233459002,71.2527771810869
l_1450,,inner,arterial,CBD,0.9788726649808304,2.151129118528452,F,93.29637699962102,62.29625381690608,93.60583402800728,61.398634990402456
