link_id,sh,position,class,group,vc_peak,vcf_peak,los_peak,x1,y1,x2,y2
l_2313,,inner,arterial,CBD,5.584858827179646,2.7672904147861273,F,71.9765944393281,75.77143528366535,72.57823768025631,77.20970538197737
l_1901,,boundary,motorway,MWY,0.26666666666666666,1.2934205046986145,F,82.73102461739431,41.276115467168836,84.08931759086086,43.007705641182994
l_2334,,peripheral,arterial,East,1.260107109104274,2.9164115955548016,F,83.33328127670732,45.61625007323707,83.8635930104917,44.9037445183392
l_663,,boundary,arterial,East,1.093942294543963,1.7124523568755123,F,115.11652217168017,63.624565329399076,115.22481130650839,64.07750355878663
l_2174,,peripheral,arterial,East,0.6467608062951385,0.5329132202525775,C,87.18797964508035,47.13945006673204,87.21874019539901,47.625359058670156
l_898,,peripheral,arterial,East,1.1259148057796962,1.3824742468110391,F,113.56351492893005,24.05479541409066,116.80502461872207,21.859174218520465
l_330,,peripheral,arterial,East,0.43917435221783047,0.9668834176327392,E,96.75562082743154,12.178642547299837,97.53388054729031,11.947968259590294
l_1570,SH1N,peripheral,motorway,MWY,0.06666666666666667,0.03964267239980901,A,49.46543214955634,61.239851465623666,49.547716870025845,61.49984412727382
l_2042,,inner,arterial,CBD,0.9590792838874681,0.8455878995100821,E,52.48486533973297,58.72505916772683,54.10453983321792,58.12777182907482
l_2560,,boundary,arterial,East,1.260107109104274,2.9091638536342543,F,83.04003216242377,46.21626127244332,83.33328127670732,45.61625007323707
l_672,,peripheral,arterial,East,1.1089548100914888,4.422910741932394,F,93.44236204648575,18.699552901642477,93.72385727497958,18.640274484382697
l_533,,inner,arterial,CBD,0.9380129758461659,1.8627637483375548,F,76.96419264418996,66.81469838221345,77.1995521797882,67.78330510375392
l_592,,peripheral,arterial,East,0.3233804031475693,0.46919207885321096,C,83.70137069900036,38.50144590706852,83.81554702213414,38.79662508554348
l_2057,,boundary,arterial,East,0.9321112319403448,0.45804502848098916,C,82.25720365208501,48.63876155247826,82.65695102383421,49.00708608487663
l_151,,peripheral,arterial,West,0.4163486225799736,0.3860486666511482,B,40.054532155523674,6.900156083874466,41.986055435263715,7.918815309245112
l_368,,inner,arterial,CBD,1.1047689191677408,2.491711602113438,F,50.51713452805537,77.05798295833904,50.86106171817643,78.02462195985804
l_2047,,peripheral,arterial,East,0.8204567209079722,3.8817346160787642,F,98.00838018092028,57.28994510341797,98.22924871404055,57.47502930571006
l_2227,SH1N,peripheral,motorway,MWY,0.3333333333333333,1.1756236406959204,F,33.058111487828576,81.89081997784211,35.90168045373832,79.24437655458021
l_2170,,peripheral,arterial,West,1.54182191956829,2.6084566349169798,F,19.910347990489626,85.88704028332418,19.91921230880739,86.37334853398386
l_223,,peripheral,arterial,West,0.7171029042667623,1.1330692823544437,F,34.67486260057886,2.7554381936193932,34.691642072889,2.4848681150931027
l_1606,,peripheral,arterial,West,0.2081743112899868,0.45170167107025266,C,45.59524419773252,9.149944970729628,46.885732413122895,9.585731174776488
l_201,,boundary,arterial,East,0.718562874251497,0.28458574765844163,B,64.30431240757132,65.34547326977417,65.300161097137,65.11092672578283
l_477,,inner,arterial,CBD,0.47084673938632976,2.963266750212416,F,49.45544964230435,34.67313521230625,49.65451723037659,34.85866776126015
l_251,,peripheral,arterial,West,0.6052963430012611,1.9381163468105338,F,31.66639987561787,66.43021838241287,32.014169215528966,66.42387062720746
l_1722,,inner,arterial,CBD,2.8140389275384976,2.5510646505676604,F,68.65618163480687,43.15766605149279,69.02088481341899,44.06984268875535
l_530,,peripheral,arterial,East,1.5088645794039983,1.4062657413070112,F,78.74426645536876,30.268956217343014,79.13293886946906,30.126637432378583
l_396,,boundary,arterial,East,2.4975718051893994,1.8345161197058755,F,90.9308499919602,57.85370365364385,92.08294553938917,56.670197145613685
l_1323,,boundary,arterial,East,0.5155746509129968,0.6522883458659244,D,63.366814280569855,62.84927358523913,63.4819686469117,63.198497471386425
l_2655,,peripheral,arterial,West,0.8396011894350184,0.41302557792358496,B,48.71623593101443,7.471119365315164,49.443104704879936,9.72922673643824
l_2172,,boundary,arterial,West,4,4.619388693170258,F,49.65627609578162,60.48860823595705,50.204807783746894,60.06415870171038
l_483,,peripheral,arterial,East,0.43917435221783047,2.7327611149860624,F,82.6132830183785,16.17058010033916,83.0893491253572,16.053661287411398
l_602,,peripheral,arterial,East,1.9243104554201411,4.219112040303751,F,116.16471022858158,35.276436523052126,116.60441641335288,35.538496593822366
l_560,,peripheral,arterial,West,0.2729630135116692,0.43470167423269435,C,30.133771162970287,18.29744512717027,30.57134760327681,18.451613763308206
l_404,,boundary,arterial,East,0.3090632807067247,0.43794715958233554,C,125.15647675845219,63.810915565916524,127.95733350439917,63.59635308837599
l_932,,boundary,arterial,West,0.6931407942238267,2.710117175907488,F,48.31868560840039,31.964323441884268,48.48658325403197,31.63692760098967
l_580,,peripheral,arterial,West,0.6931407942238267,0.6991231028329236,D,59.91981909132407,23.29194827770564,60.26552505066133,23.177481659503353
l_2163,,boundary,arterial,East,0.4894363324904152,1.0983997247806438,F,93.37341533518043,60.59214800095314,93.5320904956124,60.94055051244841
l_374,,peripheral,arterial,East,1.2464942349641632,0.9195713730846347,E,122.05703166725341,45.760889409575576,122.20863463755362,44.56887467562283
l_834,,inner,arterial,CBD,0.48007681228996646,1.3416289497441707,F,94.86370199219547,63.56445281109681,94.98858867076105,63.2648424423794
l_1750,,peripheral,arterial,East,1.3262013173599752,5.153937508387711,F,92.16623138336581,49.4525443304887,93.38872481780083,50.88930525441124
l_387,,peripheral,arterial,East,7.402837754472547,8.556774751728245,F,103.18948378490988,16.815721678574068,103.69986891686158,17.373785672682526
l_154,,peripheral,arterial,East,15.049595257097252,12.905462055290773,F,63.79169292857984,30.49079872968815,65.71386312353862,29.806756660727483
l_4,,peripheral,arterial,West,0.6662225183211192,0.9914076097786456,E,27.96122702398703,29.066517362682376,29.923016089908046,30.544188691556855
l_1788,,inner,arterial,CBD,0.8204567209079722,3.786932416187178,F,100.09029669993842,58.17017319126349,100.61596088067445,58.37661739014762
l_1276,,boundary,arterial,West,0.8782844177706213,0.7138548331731529,D,60.183906457535066,48.2324938814453,60.54359895708543,48.874511597902
l_412,,peripheral,arterial,West,0.4670351054720947,0.6174234362235045,C,46.53102693386683,52.99656676705129,47.13611166467332,52.7962923874362
l_49,,peripheral,arterial,West,0.4094445202675038,0.47757153513712286,C,40.13917123397722,25.735967467360865,41.88717799682188,27.406626014369678
l_659,,peripheral,arterial,East,0.43917435221783047,2.7277837337878155,F,83.0893491253572,16.053661287411398,83.47849287792684,15.938350631801763
l_1443,,peripheral,arterial,West,4,2.1926974071665803,F,47.765118335675915,72.83828332406051,47.93007718697632,72.34878665922488
l_1840,,peripheral,arterial,East,7.446478436239528,5.30563832247951,F,71.09092346605954,73.73375866135535,71.4152041612677,74.80883656913852
l_764,,inner,arterial,CBD,1.260107109104274,1.7365479001300708,F,58.61557679123506,62.23398134375334,59.154975830174145,62.007853992161465
l_430,,peripheral,arterial,East,0.3772161448509996,1.2133919143128782,F,83.65086001678152,28.74577789752999,84.45092700293155,28.514753090660168
l_547,,peripheral,arterial,West,0.2729630135116692,0.877279116237272,E,28.119742845655235,17.523416388508874,28.5578100243917,17.70460642082063
l_2043,,inner,arterial,CBD,0.9590792838874681,0.841093010548023,E,54.10453983321792,58.12777182907482,54.601457003357595,57.956488700539424
l_2457,SH16,peripheral,motorway,MWY,0.07058823529411765,0.13411887112316676,A,50.9991503225979,27.590922516974874,51.48271164106916,27.87933678997897
l_379,,peripheral,arterial,West,0.6732873253661,1.1995556545670376,F,17.151074176141904,72.88361960033481,18.959119157718842,73.06694931361326
l_688,,inner,arterial,CBD,0.4660556159701724,0.41315838022718965,B,87.58820297558253,54.64542969440714,88.1860699810941,55.22893905573418
l_1803,,boundary,arterial,East,0,0,A,77.6714793558012,53.34243027959692,78.03295957510909,52.903326630060036
l_851,,inner,arterial,CBD,0.7062701090794946,2.9546787470588423,F,48.901713511579864,34.115739221453836,49.45544964230435,34.67313521230625
l_2320,,peripheral,motorway,MWY,0.13333333333333333,0.28602366105723154,A,20.64860256927363,91.79232186953674,20.805202855204747,92.032707531006
l_2604,,peripheral,arterial,West,1,2.6866960071567885,F,57.92558486350771,48.382125914992905,58.06295510020387,48.75797027711882
l_1866,,peripheral,arterial,East,0.4660556159701724,1.6595797602960223,F,66.31199565899901,24.525568450433795,66.47509144954758,25.117145745831465
l_933,,peripheral,arterial,East,1.550287449131193,1.843517776190442,F,112.40345479646213,35.26553051157771,113.33141003675074,33.73472308894424
l_238,,inner,arterial,CBD,0.9416934787726595,1.0747671366618659,F,61.5204454732506,38.18109805684745,62.473197068878214,37.974377665838496
l_1827,,peripheral,arterial,East,0.6467608062951385,0.641867702427803,D,72.96375709370993,22.159673228405143,73.31923648138135,22.763618500378467
l_467,,peripheral,arterial,West,0.2729630135116692,0.3637669663625819,B,10.396269420581742,21.89997852901745,10.677786995109543,21.840813566101534
l_885,,peripheral,arterial,West,0.3682563063892469,0.3613321874725519,B,44.96453376525631,64.78170908055317,45.080153375260146,65.15795934813434
l_2204,,boundary,arterial,West,0.8900316455696203,2.7203482965551666,F,55.73360997152649,69.85431913751114,56.36047347925608,69.65362019796031
l_528,,inner,arterial,CBD,1.6844469399213926,2.478963322502912,F,61.4001317421166,45.80476742262413,61.71436455584005,46.33951391972756
l_2370,,boundary,motorway,MWY,0.6666666666666666,2.046999074941484,F,54.84204280116746,38.244766432071046,55.07493113486969,39.97524862667511
l_1806,,boundary,arterial,East,4.995836802664447,3.885224092152466,F,79.06516699450094,60.50573161007969,79.24505232266196,60.82672526593426
l_944,,peripheral,arterial,West,0.9552619009711829,2.4384672372002116,F,33.84392002194041,41.66145983359839,34.59075653131519,42.08023507148212
l_245,,peripheral,arterial,East,1.1089548100914888,3.804356134279206,F,101.01138621981251,16.585973676240414,101.68150962704725,16.38432238909062
l_1802,,boundary,arterial,East,1.1867088607594938,2.824226694836667,F,66.40670416572556,70.87420248505744,66.86615578697338,71.0278983461379
l_116,,peripheral,arterial,West,0.6245229338699604,1.4813573626906082,F,60.762200527057644,15.925247188892047,62.15842817136065,16.196837157858926
l_681,,inner,arterial,CBD,7.672634271099745,12.992416708044855,F,54.98391466874296,84.65149034680701,55.71851796387649,84.39476511545743
l_312,,inner,arterial,CBD,0.5469711472719815,1.9802051484285532,F,112.94925838259698,59.8226876909733,113.21563314092414,60.11501533830143
l_519,,peripheral,arterial,East,1,3.562568782139865,F,105.29572910928577,19.019739429552253,106.02948398163464,19.897960726244897
l_1886,SH1N,peripheral,motorway,MWY,0.2,1.1405657413884644,F,24.975534360902035,90.57846158438335,25.292236175241566,90.0591968779582
l_970,,boundary,arterial,West,0.718562874251497,3.021897070989309,F,47.87113021863731,64.40413492993997,48.13145905757613,64.37233652928282
l_888,,inner,arterial,CBD,0.9590792838874681,0.8484111973446344,E,56.909666401894945,56.968163807931695,57.407573841442634,56.85090827522146
l_445,,peripheral,arterial,East,0.5,0.9448983208060415,E,104.1709519148382,15.824492092970116,104.52009164720675,17.061224643942403
l_735,,boundary,arterial,East,0.4660556159701724,1.269135173831024,F,71.55422769052936,36.45569729161111,71.73458238436463,36.80371415019356
l_2099,SH1N,peripheral,motorway,MWY,0.3333333333333333,0.832155975388783,D,24.217517569694923,94.32186840915018,24.975534360902035,90.57846158438335
l_1789,,peripheral,arterial,East,1.6409134418159443,3.572398407963217,F,101.1613482400527,58.474587001941416,101.60510718434668,58.95281800135987
l_244,,inner,arterial,CBD,1.4268727705112962,3.2471192156326483,F,82.6434266360946,71.7366612555506,83.50686915978318,71.39637099102198
l_2215,SH1N,boundary,motorway,MWY,0.06666666666666667,0.054156579119700406,A,49.25662904563713,62.8922861108631,49.497206459126,62.96895336227439
l_96,,peripheral,arterial,West,1.00993098804915,3.003417782391244,F,26.2650441370088,69.50161069839838,28.130890312861954,68.08926229466695
l_636,,boundary,arterial,East,4,5.995861954645906,F,87.05030744901372,61.97959579665861,87.28538463256781,61.759029567199676
l_704,,peripheral,arterial,West,0.6384110657918071,2.550814452179923,F,40.92520043647218,37.77531825608538,42.01968492798666,36.998545569161564
l_942,,boundary,arterial,West,0.718562874251497,1.197359595366274,F,52.45581542182968,64.23896625102539,52.759614488936556,64.20636422149931
l_198,,inner,arterial,CBD,0.3592814371257485,0.18831877574571984,A,65.300161097137,65.11092672578283,66.14286173603182,64.82514320490282
l_807,,peripheral,arterial,East,0.5,0.8172922588809339,D,102.94165319043678,11.68524784634116,103.16852643092771,12.194534604577695
l_1152,,peripheral,arterial,West,1.7410228509249184,2.618456012453276,F,56.66875643419824,69.86416767783882,56.68502148924751,69.56657895168362
l_1461,,boundary,arterial,East,0.7201152184349496,1.7252326222366807,F,95.48349228329441,58.30978429396677,95.48914733627757,57.44482697016596
l_138,,peripheral,arterial,West,0.42560737719453806,1.6752874164082727,F,32.605257529280145,48.819012167605855,32.83295756051913,48.193250629268356
l_752,,boundary,arterial,West,0.8705114254624592,2.4665105343400677,F,57.29010222009102,72.90673010474494,57.45071310501181,73.36322707340747
l_1860,,boundary,arterial,East,5.584858827179646,2.7293167210874936,F,71.58622123568017,75.10207430842227,71.9765944393281,75.77143528366535
l_290,,peripheral,arterial,West,1.260107109104274,0.49688994177259244,C,59.436040302780505,61.921607193387665,59.673136359685195,61.809142099580896
l_2102,,peripheral,motorway,MWY,0.2,1.4000745607186635,F,80.17215321679737,14.648206455008307,80.29652541903556,14.32158640620621
l_1997,,inner,arterial,CBD,0.658713313327966,1.643903405771328,F,62.633107918613945,52.538685052270054,63.15193123457362,53.55614010630278
l_919,,peripheral,arterial,East,0.9416934787726595,1.1626776328346995,F,66.5307284376244,37.54830611452319,66.81325321532405,37.54309989421768
l_870,,inner,arterial,CBD,0.8705114254624592,2.440347001920267,F,57.75020030647787,74.27662008917515,57.91131055695978,74.76013394499716
l_797,,peripheral,arterial,West,0.23542336969316488,0.5555709987335335,C,55.171355121145496,36.94652013262038,55.47809825859257,37.07601636840812
l_1877,,boundary,arterial,West,1.0311493018259936,0.7703593190481601,D,62.04091213904489,59.333213682293284,62.56522719797414,60.64785993785288
l_240,,peripheral,arterial,West,1.0346165452429192,0.46878806241141896,C,34.62883258515349,0.24283073432664268,34.82097578557332,1.239292220401202
l_711,,inner,arterial,CBD,0.8705114254624592,2.0272690784380485,F,58.66941781072258,76.96236283428607,59.08157987052399,78.08989422446795
l_2144,,boundary,arterial,East,0.3090632807067247,0.5776164705663331,C,117.83308662414882,64.0288311646477,118.5761417371321,64.23117343997042
l_2360,,boundary,arterial,West,0.5155746509129968,0.6960073020683936,D,62.932419541628214,61.69513263818928,63.0238444745693,61.936687788587605
l_1108,,peripheral,arterial,West,0.6067040800849385,0.23477429156824314,A,60.183906457535066,48.2324938814453,60.3128151638892,48.1490434873391
l_995,,boundary,arterial,East,2.520214218208548,1.9718471419997003,F,64.59536532672976,59.90780433945354,65.84702091206691,59.39827931212193
l_694,,peripheral,arterial,East,1.1089548100914888,4.32687200858374,F,93.72385727497958,18.640274484382697,94.95698250858808,18.320087338639414
l_706,,boundary,arterial,East,0.48007681228996646,1.6560983492325831,F,95.62030721267492,59.82073639361597,95.62734219700089,60.19897868217845
l_2045,,peripheral,arterial,West,0.9590792838874681,0.9974476075686284,E,51.231695100153715,59.15345114010011,51.81505949057667,58.95356243891223
l_1861,,peripheral,arterial,East,3.723239218119764,2.700785999997611,F,71.4152041612677,74.80883656913852,71.58622123568017,75.10207430842227
l_1225,,peripheral,motorway,MWY,0.8782844177706213,5.9597321260636,F,57.215330916065604,46.20341241236343,59.470430093001035,47.37378724526861
l_19,,peripheral,arterial,West,0.6052963430012611,2.0266714822286467,F,41.33762332584963,63.821111010822186,41.62117366432506,63.869974634024665
l_319,,boundary,arterial,West,1.1108368304122438,1.9254167274219585,F,61.37497975915521,39.724282174557786,61.485947554636255,38.66820890128607
l_2152,,peripheral,motorway,MWY,0.13333333333333333,0.18074308531244945,A,56.236816790672194,48.764506272463414,56.402727847693974,48.329035398305
l_522,,peripheral,arterial,West,0.6384110657918071,2.6660024881581768,F,37.08307946971042,40.46715633657881,38.11387922865658,39.772649092279735
l_343,,peripheral,arterial,West,2.037351443123939,0.5990042937029645,C,54.790414310606764,39.87236972272349,55.07493113486969,39.97524862667511
l_42,,peripheral,arterial,East,0.6467608062951385,0.6439863768699042,D,72.7072231246955,21.218479863717985,72.96375709370993,22.159673228405143
l_620,,peripheral,arterial,West,0.6662225183211192,0.6290393180338493,D,15.509063138464636,19.753075667460394,15.72932362367471,19.911227030447844
l_2413,,inner,arterial,CBD,0.7897854416216927,0.523342417865439,C,91.25286046529216,72.84749345694918,91.75179527385082,72.7841909472288
l_737,,inner,arterial,CBD,0.8204567209079722,3.4617071504048322,F,103.40953531118548,60.108439614280215,103.91347280868749,60.3152799633728
l_454,,boundary,arterial,West,1.3057671381936886,2.4781269845487004,F,56.99111601630003,72.02035369645378,57.29010222009102,72.90673010474494
l_105,,peripheral,arterial,East,0.6587615283267457,2.854210979082472,F,80.32136976918541,16.834601662397436,80.77570790697433,16.718090226526215
l_279,,peripheral,arterial,West,0.2081743112899868,0.39306949508556255,B,43.95411189193078,8.558418666871638,44.39118388122156,8.685540657988398
l_90,,peripheral,arterial,West,0.6662225183211192,0.7035691025874464,D,20.09311420521459,23.183067412831576,22.07602875395507,24.633396869178227
l_569,,peripheral,arterial,West,0.6052963430012611,2.023144533476115,F,41.62117366432506,63.869974634024665,42.18728377616061,63.91366633105836
l_559,,peripheral,arterial,West,0.7171029042667623,1.8673089198808728,F,30.933286710960843,14.472141602147115,31.058229188577965,14.172570820586582
l_1454,,boundary,arterial,East,0.48007681228996646,1.7193392197759878,F,95.48914733627757,57.44482697016596,95.50635967892894,57.20126775137313
l_2311,,peripheral,arterial,East,0.4660556159701724,1.5388581469837097,F,65.89089981224126,22.911738372471945,66.03076556977601,23.422664512182614
l_1067,,peripheral,arterial,East,1.1906533710373568,1.6246181891550837,F,98.62522161572872,55.3866211660318,99.44258708063082,54.91198217464187
l_597,,boundary,arterial,West,0.51985559566787,2.691661019344078,F,48.738428674370375,31.14583354077801,48.886082829988325,30.899887737200082
l_443,,peripheral,arterial,West,0.700552658208142,0.5777012616819104,C,47.13611166467332,52.7962923874362,48.45445229467726,52.366728414543815
l_1313,,inner,arterial,CBD,0.39489272081084636,0.1016183799977159,A,81.08005577299889,76.54926355530483,82.13865149724165,76.17834579272612
l_822,,inner,arterial,CBD,0.4660556159701724,0.8969147696877636,E,74.37225085683323,39.53875972036199,75.1054356537735,40.39006990359467
l_283,,peripheral,arterial,West,0.4670351054720947,0.4508629859336608,C,48.71377297810913,52.28089430355936,50.35464268102764,51.6562188762923
l_1765,SH1S,peripheral,motorway,MWY,0.1894736842105263,0.9092459872701938,E,84.96035184208625,7.938049165044866,85.51529158202642,7.387236144932141
l_2570,,peripheral,arterial,West,0.42560737719453806,0.9751986544582544,E,46.89819113940197,33.4980383181697,47.410021244273395,33.38635763115281
l_692,,peripheral,arterial,West,0.5459260270233384,0.3811912309172013,B,14.16267206992958,21.02075980134098,14.18841608295176,20.047349898517552
l_310,,peripheral,arterial,West,1.872805306281701,1.584417617115843,F,38.20542630021428,43.58168078036334,42.38918401944172,45.28885810050366
l_2452,SH1S,peripheral,motorway,MWY,0.25263157894736843,1.4695150305969291,F,66.29036569802851,30.41774322411505,67.19612068495205,30.02267956789145
l_660,,peripheral,arterial,East,0.7544322897019992,2.9590981869376214,F,86.45239586908485,16.883257353917134,86.56957610829535,17.340539282249114
l_713,,inner,arterial,CBD,0.9512485136741975,3.196482325724808,F,82.4058292623274,71.82213525310672,82.6434266360946,71.7366612555506
l_1551,SH1N,peripheral,motorway,MWY,0.26666666666666666,1.7485923523701712,F,59.65982002533505,31.593852493517105,60.41795046645113,31.444772892617085
l_1404,,inner,arterial,CBD,0.6467608062951385,0.4129240741872235,B,86.39147628717548,53.424371483755564,86.68372484468301,52.77032123279098
l_821,,peripheral,arterial,East,0.5953266855186784,1.632202033317719,F,101.07579731435075,53.881642159883825,101.74352698554671,53.54490845556619
l_610,,inner,arterial,CBD,0.5469711472719815,3.4500034086155664,F,102.44312015874735,59.58587777845526,102.94906915652737,59.90078968461936
l_616,,peripheral,arterial,East,1.2464942349641632,1.2248336182807178,F,120.09103860604743,60.365079213116616,120.10163903852856,58.608139274735734
l_783,,peripheral,arterial,West,0.2729630135116692,0.7995494231530913,D,24.002838762026663,15.868817081390382,24.35348389889819,16.024582852657694
l_2329,,peripheral,arterial,West,0.4670351054720947,0.19128100445246987,A,53.25856253837734,51.1434765442078,54.3168178838527,51.184848414248954
l_136,,peripheral,arterial,East,0.3233804031475693,0.4689100300025635,C,84.04239717389197,39.30593131977815,84.26974952002529,39.842254643745136
l_1274,,inner,arterial,CBD,0.39489272081084636,0.4362784405863486,C,82.88992485657327,75.65094779001757,84.7260242626595,74.99536883348628
l_210,,peripheral,arterial,West,0.6662225183211192,0.9864843246257692,E,29.923016089908046,30.544188691556855,31.906070901338584,31.994428180032507
l_1598,,peripheral,motorway,MWY,0.26666666666666666,1.1570886012221377,F,46.1774620258294,74.0024792413105,47.765118335675915,72.83828332406051
l_209,,peripheral,arterial,West,0.34657039711191334,0.6539060951226439,D,58.86046993158634,23.60872701684149,59.5953458922492,23.378997225514432
l_1288,,peripheral,arterial,West,0.48000000000000004,2.391473216165923,F,52.384790658116664,21.37643744779161,52.68419619251515,22.289837472597156
l_990,,peripheral,arterial,West,0.47953964194373405,0.9895929301780791,E,58.52981355934729,56.39785830666861,58.832107374041705,56.28419524845777
l_2114,SH1N,peripheral,motorway,MWY,0.26666666666666666,1.7334311419993658,F,49.25662904563713,62.8922861108631,49.58751287920056,61.96732334357944
l_270,,peripheral,arterial,East,1.5745965096444037,4.2663250454262,F,62.983624140222425,30.2894662897823,63.79169292857984,30.49079872968815
l_232,,peripheral,arterial,East,3.80499405469679,4.2830545950733905,F,75.85871184117023,74.05118412738653,76.6362277816103,73.76656287144189
l_309,,boundary,arterial,East,1.415261233636042,2.150685590768823,F,67.3005478766954,49.80413837125006,67.82793053989006,48.92957243619345
l_550,,peripheral,arterial,West,0.2729630135116692,0.42680331629499585,B,32.45451668578015,19.200983829058003,32.914322210954026,19.381767932668083
l_272,,peripheral,arterial,East,1.5813401858074718,0.7513435182451645,D,63.36084039531813,29.525779596949793,63.79169292857984,30.49079872968815
l_345,,peripheral,arterial,West,0.7171029042667623,1.8547178791295529,F,31.432065402365108,13.21982340178153,31.868615064405507,12.130798071536567
l_758,,peripheral,arterial,East,0.8774495466510676,0.3671344160184837,B,70.79589712499272,14.253880412658324,70.95700150242646,14.737385387322133
l_289,,peripheral,arterial,West,1.4328928514567743,2.030461551677479,F,20.192649460808386,41.74824217341271,22.447982986685012,40.2477627870245
l_491,,peripheral,arterial,West,0.2729630135116692,0.362342274077245,B,10.677786995109543,21.840813566101534,12.106611667987261,21.517570915137576
l_302,,peripheral,arterial,East,0.5629574028898481,1.3656484978462893,F,117.19264731088153,21.662747971149678,117.49435585240464,21.521979219141418
l_2683,SH1N,boundary,arterial,West,0.06666666666666667,0.03649508422344472,A,49.268580488300465,69.45946102201226,49.3131947337573,68.59347269075934
l_551,,peripheral,arterial,West,0.2729630135116692,0.8418314433818033,E,26.45440358769502,16.797061905222392,26.958152628980134,17.004083438764674
l_1569,SH1N,peripheral,motorway,MWY,0.06666666666666667,0.03954036842529607,A,49.25662904563713,62.8922861108631,49.547716870025845,61.49984412727382
l_904,,peripheral,arterial,West,1.5280135823429541,14.249917677765405,F,58.42761061428287,42.58924470487888,58.78181302058914,42.934075279293715
l_1445,,peripheral,arterial,West,4,1.1998926023299774,F,56.54245474560589,44.110349820587466,57.11796585125734,45.94233082022464
l_77,,peripheral,arterial,East,1.2464942349641632,0.9265972974636392,E,121.63151064679622,48.5796332799868,121.88622266419952,47.088396993059845
l_896,,boundary,arterial,West,2.520214218208548,2.394498323729512,F,60.98902377665546,61.24441366475997,61.484449617654434,60.9920624452506
l_494,,peripheral,arterial,West,0.33664366268305,0.8097301148666102,D,6.229478036781848,70.136056771095,6.518425233524618,70.48215665190318
l_651,,peripheral,arterial,East,1.2808197246237591,1.399988011621278,F,85.80030734827638,14.54401975755038,85.91648209546244,14.947267311056983
l_324,,boundary,arterial,West,1.2768221315836141,2.4878593006393226,F,46.16245726440973,34.11191410925687,46.4627385408681,33.89019902651251
l_625,,inner,arterial,CBD,0.7365126127784938,2.1891054757049258,F,51.73275430312918,80.49505218483208,51.984776202617375,81.19311260890247
l_2248,SH1N,boundary,arterial,West,0.06666666666666667,0.1030100608007043,A,49.15553793480003,70.40745441678304,49.268580488300465,69.45946102201226
l_2462,,inner,arterial,CBD,0.43914220888531064,1.2875416139541938,F,65.18380297971082,57.62674891718764,65.43534998947828,58.297777320738305
l_1367,,inner,arterial,CBD,0.47084673938632976,0.5013223896179244,C,58.14789152607042,38.02692282139855,58.6932002835808,38.125001577171155
l_2081,SH16,peripheral,motorway,MWY,0.2823529411764706,1.3641776537407424,F,68.6708940097613,29.83333245658449,70.63850562067732,29.256511888412117
l_2094,,peripheral,arterial,West,1.446480231436837,2.4287482236005453,F,24.753350363940463,86.74480060182267,25.198499420748078,86.11509160886894
l_1449,,peripheral,arterial,West,0.23351755273604735,0.34028992838213157,B,50.35464268102764,51.6562188762923,50.81056204175561,51.620827967298034
l_2327,SH1S,peripheral,motorway,MWY,0.25263157894736843,1.5589614092127821,F,78.88845077178134,18.10432682237426,79.11547301443176,17.45149042505728
l_328,,inner,arterial,CBD,0.4660556159701724,0.864968920662932,E,75.63802827473823,40.974817400909345,75.97152524439069,41.37405555633217
l_25,,inner,arterial,CBD,0.9416934787726595,2.983762910536709,F,50.51002692927981,35.27539264319926,52.063959822595145,35.84145225925304
l_819,,inner,arterial,CBD,0.8204567209079722,3.3481736809573786,F,104.81217107922636,60.703961739510994,105.55620697930154,60.96038443195367
l_277,,peripheral,arterial,West,0.8512147543890761,2.6770667903818803,F,34.91972039992311,42.2363815577569,35.36572445464771,41.66067944916726
l_2621,SH16,peripheral,motorway,MWY,0.1411764705882353,1.3617114629715619,F,68.30444702151331,30.00224808447742,68.6708940097613,29.83333245658449
l_2353,SH1N,peripheral,motorway,MWY,0.3333333333333333,1.495347194082425,F,47.765118335675915,72.83828332406051,48.518423693547746,71.58405479685005
l_2203,,peripheral,motorway,MWY,0.2,0.3058444422368207,B,20.805202855204747,92.032707531006,22.399919872862714,93.62525329203619
l_2158,SH16,peripheral,motorway,MWY,0.1411764705882353,0.789835021283341,D,84.08931759086086,43.007705641182994,84.28773435652593,43.245213502604585
l_949,,inner,arterial,CBD,0.9512485136741975,3.254050178859253,F,80.52577913799671,72.4514808872032,80.78511428794562,72.36560725696413
l_2253,,inner,arterial,CBD,0,0,A,61.21304726287594,49.80812068796445,61.57523606058552,50.5852230433357
l_172,,inner,arterial,CBD,1.415261233636042,2.399662685413512,F,66.70966745550835,51.95011603128202,66.7451551400661,51.51703891544061
l_823,,peripheral,arterial,East,0.3772161448509996,1.4081282987047044,F,79.13293886946906,30.126637432378583,79.39222039520915,30.040763602356257
l_205,,inner,arterial,CBD,0.718562874251497,1.594534431116442,F,77.24241717509129,60.70156966704804,77.5234735835914,60.61529810113833
l_2679,SH1N,peripheral,arterial,West,0.06666666666666667,0.08295816923444824,A,49.3131947337573,68.59347269075934,49.36474344224883,67.59288241770346
l_1120,,inner,arterial,CBD,1.1867088607594938,2.5572877557583227,F,65.72989176090466,70.72450839770681,66.40670416572556,70.87420248505744
l_1566,,peripheral,arterial,East,1.093942294543963,3.9069737056162777,F,97.15401521163456,56.32709926417492,97.17704338533345,55.8459450532657
l_2148,SH16,peripheral,motorway,MWY,0.1411764705882353,0.31898211513552427,B,5.55042624669366,11.231531264238088,6.354425405604306,11.21694535711378
l_207,,inner,arterial,CBD,0.47084673938632976,3.0186306389889306,F,52.063959822595145,35.84145225925304,52.45812608059369,35.996374270369245
l_440,,peripheral,arterial,West,0.1364815067558346,0.32690882559610623,B,8.620728905020284,22.28355522679413,9.096842275087386,22.166807835789175
l_631,,peripheral,arterial,East,1.6409134418159443,1.9325502627824351,F,113.90558048528936,60.9670057373324,114.10574223197162,61.20651364290733
l_2255,,peripheral,arterial,West,0.51985559566787,3.335830752762112,F,51.25780759579831,26.288907762397006,51.59755880312841,25.85024856752464
l_23,,inner,arterial,CBD,1.9203072491598658,1.8451101423226768,F,87.21124072397012,70.6521428678054,89.3955632419964,70.01709731542171
l_525,,peripheral,arterial,East,1.4402304368698993,1.7057752174751433,F,91.60778624894593,68.54368656404685,92.03296894979158,68.02229805492169
l_905,,inner,arterial,CBD,0.8705114254624592,2.491153709465717,F,56.57648856515048,70.75773242738443,56.71536035006015,71.2146292231835
l_679,,inner,arterial,CBD,1.3057671381936886,1.5099280233896464,F,59.67908891499268,79.83562392620523,60.53463260160553,82.60360952623184
l_605,,peripheral,arterial,West,0.4163486225799736,1.2731382162721658,F,57.035679730518716,14.237078372263523,57.47824904838939,14.661363814040484
l_796,,peripheral,arterial,West,0.42560737719453806,1.677236932555607,F,32.13059058682008,50.20601713188289,32.41904627356739,49.33591086365503
l_1773,,boundary,arterial,East,0.9321112319403448,1.0965444695256599,F,81.6301493086544,47.56664669256718,81.80594585524118,48.0205643556404
l_2473,,peripheral,motorway,MWY,0.13333333333333333,0.029357535652625662,A,54.83373062356441,38.68241247093793,54.85581067271784,37.51987161663921
l_703,,inner,arterial,CBD,2.526670409882089,2.387099454381421,F,61.71436455584005,46.33951391972756,62.86214392946015,48.45347848858139
l_269,,peripheral,arterial,West,1.3465746507322,2.81334694569373,F,23.242681989488776,71.88091929891863,23.543043514611877,71.65924041003223
l_263,,peripheral,arterial,East,2,1.1730387932911328,F,102.26866583295596,9.400494792507832,102.55007734153769,10.503356300710722
l_911,,peripheral,arterial,West,0.42560737719453806,1.6777484331714891,F,31.017252115828647,54.712693693058014,31.220265366614058,53.925228020327886
l_409,,peripheral,arterial,West,0.42560737719453806,2.5519201656322146,F,42.27750110402087,36.831667139459704,42.92154396938171,36.38745235419842
l_540,,peripheral,arterial,East,2,0.8395548816388557,E,102.55007734153769,10.503356300710722,102.6430421755195,10.825947730733448
l_250,,peripheral,arterial,West,1.2105926860025222,1.9562633352154901,F,32.014169215528966,66.42387062720746,34.756290988467164,65.37382884878303
l_1227,,boundary,arterial,East,0,0,A,73.0664042965219,78.26479248703758,73.33873570061782,78.88137666158906
l_1891,,boundary,arterial,West,0.5155746509129968,0.7659675170246482,D,61.44641818363301,57.74959335229004,61.583799926753976,58.12543558418083
l_146,,peripheral,arterial,East,0.4660556159701724,1.786481410778847,F,64.61339702017465,18.47590338906229,64.70680343127532,18.82552712761103
l_2598,,inner,arterial,CBD,0.5933544303797469,2.758570206970087,F,51.69331233459002,71.2527771810869,52.622502093879426,70.9384375872627
l_78,,inner,arterial,CBD,1.9577453299616607,0.9174264867851832,E,89.3955632419964,70.01709731542171,89.39873928521041,69.01705521567712
l_395,,boundary,arterial,East,0.9788726649808304,1.1048448032614806,F,92.59159550062452,59.4715317246036,93.37341533518043,60.59214800095314
l_413,,peripheral,arterial,East,0.48007681228996646,1.3877304514969,F,95.31776585544671,62.25874835829025,95.43963619956364,61.797033827149114
l_8,,inner,arterial,CBD,1.415261233636042,2.7946599632420885,F,74.49349172307936,49.61741299843831,74.82449982857337,49.881566748454176
l_2252,SH16,peripheral,motorway,MWY,0.07058823529411765,0.07016782511780649,A,77.26155269766701,32.37740772031611,77.55545157062653,32.855574573707166
l_2627,,boundary,arterial,East,1.293521612590277,0.41334351997823177,B,86.68372484468301,52.77032123279098,86.93016873018497,50.81984247240323
l_314,,boundary,arterial,West,1.260107109104274,0.47610307358737913,C,60.49309885783969,61.46974642163667,60.98902377665546,61.24441366475997
l_1826,SH1N,inner,motorway,MWY,0.3333333333333333,1.7534668251965535,F,55.91392852760065,34.77076307673768,57.25071742781802,32.989475821849105
l_2103,,peripheral,motorway,MWY,0.2,1.4012644888725347,F,80.29652541903556,14.32158640620621,80.3784383385374,14.049804955866923
l_1271,,peripheral,arterial,West,0.8782844177706213,0.6589135857913796,D,60.005554820942166,47.992536583867455,60.183906457535066,48.2324938814453
l_890,,peripheral,arterial,East,0.34657039711191334,0.6729480646207471,D,63.552206767970176,22.225105963372908,63.89790921486616,22.11063317007872
l_414,,peripheral,arterial,West,1.54182191956829,2.5373623923699142,F,20.177310226202337,82.63905330380759,20.33101384723842,81.52818713871184
l_613,,peripheral,arterial,West,0.6732873253661,0.9937641415398243,E,12.838455797859599,72.47551143596816,13.513751713595749,72.54432523635822
l_2182,,boundary,motorway,MWY,0.13333333333333333,0.037130954202369545,A,55.26012197672294,35.86383299864734,55.63837242127506,35.15419638640701
l_1353,,peripheral,arterial,West,0.4163486225799736,0.41142973858835724,B,45.35373687262401,9.019240444154503,45.59524419773252,9.149944970729628
l_1236,,boundary,arterial,East,0.39489272081084636,0.7918089161763424,D,110.70935067585489,64.45898202738962,111.07633431675083,64.31701017505766
l_418,,peripheral,arterial,West,0.3682563063892469,0.21982260449126031,A,45.73280094593361,66.36218699020907,46.20561754174378,67.24539225542652
l_187,,inner,arterial,CBD,0.39489272081084636,0.6297013302764678,D,76.47510937163709,77.98566841891113,77.12271813832574,77.73047126542916
l_549,,peripheral,arterial,West,0.2729630135116692,0.4275755032260923,B,32.914322210954026,19.381767932668083,33.37412857840073,19.562551042555498
l_1665,,boundary,arterial,East,0.39489272081084636,0.5039401906263905,C,79.30564125700317,77.01448369671138,80.05942625532296,76.62218255060786
l_433,,inner,arterial,CBD,0.4660556159701724,0.7778344249825935,D,76.50412275029483,41.95880096187605,77.05795624886015,42.51612623415185
l_1196,,boundary,arterial,East,7.446478436239528,3.0045267460297542,F,71.9765944393281,75.77143528366535,72.79557261648976,77.72925969396898
l_301,,peripheral,arterial,West,0.6662225183211192,0.9742473468013418,E,37.76946365038845,36.400662033468386,38.78302360652124,37.138859200928174
l_1169,,boundary,arterial,West,1.03971119133574,2.770199857725381,F,49.61938103076388,29.39998423668424,50.00012073382462,28.825444210029534
l_874,,peripheral,arterial,West,0.718562874251497,1.2004855409948008,F,54.30282958036696,64.17803438940116,54.73753808677626,64.17005208437376
l_731,,peripheral,arterial,West,4.62546575870487,2.8383812720077213,F,21.202821748040968,74.4855362290312,21.311067390560833,73.26739101638535
l_734,,boundary,arterial,West,0.6384110657918071,2.5580094980688286,F,43.75820054058184,35.777549300027054,44.466442142345834,35.27810071114708
l_2564,,peripheral,motorway,MWY,0.5333333333333333,2.0514527221011436,F,54.84337716773664,36.84443996626127,54.85581067271784,37.51987161663921
l_297,,peripheral,arterial,West,0.2729630135116692,0.292831392088701,B,7.032410215232541,22.20427560395299,8.013247061251363,22.348633492839774
l_429,,peripheral,arterial,East,0.3772161448509996,1.2148963504006225,F,82.2458068459828,29.17718161179631,82.67843979627918,29.061069090508706
l_1603,SH1N,peripheral,motorway,MWY,0.13333333333333333,0.048662709413080964,A,25.556797822209617,97.40547858849013,26.11703655265897,98.31416060340739
l_21,,peripheral,arterial,West,0.6662225183211192,0.9815711255175311,E,31.906070901338584,31.994428180032507,33.845689427382226,33.44544363196656
l_2472,,inner,arterial,CBD,2.520214218208548,2.072092088341789,F,59.89578389608564,61.716984700024234,60.98902377665546,61.24441366475997
l_2602,SH1S,peripheral,motorway,MWY,0.1894736842105263,1.471489884333482,F,70.85932826884891,27.09031587164849,70.98572173256585,26.8717716188427
l_17,,inner,arterial,CBD,0.9788726649808304,0.9209810240741132,E,89.39873928521041,69.01705521567712,89.52263422621802,68.66341403448585
l_360,,peripheral,arterial,West,0.42560737719453806,1.6942853790450785,F,29.643531754368812,60.44028981709939,29.74430385045938,60.006032223592356
l_1754,,boundary,arterial,East,0.7957207904159851,4.916283609691705,F,96.16832299466648,54.21604884802822,97.0638454446813,55.60480721914638
l_1205,,boundary,arterial,East,0.39489272081084636,0.4196951161217595,B,92.93525087472551,72.11360880310504,93.73447562361224,71.82851945246047
l_402,,peripheral,arterial,East,0.3233804031475693,0.6413246033458482,D,81.78295799544435,34.69917053726858,82.0724922145895,35.07218592182414
l_524,,peripheral,arterial,East,0.48007681228996646,1.700042842389488,F,91.37421086995198,68.84530934288631,91.60778624894593,68.54368656404685
l_488,,peripheral,arterial,West,0.4094445202675038,0.6889184568891176,D,46.578138382687364,31.888133285511604,47.17582294646184,32.47175549958748
l_1486,,peripheral,arterial,West,0.6052963430012611,2.0393312138850423,F,42.775625154199204,63.983975809775,43.21330632464109,64.13812082671996
l_642,,peripheral,arterial,East,0.3233804031475693,0.5542523206983068,C,84.56480800990667,40.512457308664516,84.72395627478791,40.887883293181325
l_2378,,peripheral,arterial,West,0.6384110657918071,1.7267978528365322,F,29.27796259617457,65.4197771837638,29.48889096285736,66.2537412667525
l_359,,inner,arterial,CBD,1.415261233636042,2.8588758994365016,F,67.59393633821429,55.0959178438143,68.2312228555955,55.46254364541425
l_1440,,peripheral,arterial,East,0.9321112319403448,1.5674671825996487,F,65.47130617214107,21.378959428424118,65.5419863242516,21.674948605585637
l_759,,peripheral,arterial,East,0.7751437245655965,2.455970189997581,F,111.75216333083571,27.169636685945253,111.88861187286386,27.49141390484622
l_425,,peripheral,arterial,West,0.33664366268305,0.6587173939455234,D,2.6623343474204164,66.47110541149962,2.8836122255490593,66.68330547376482
l_1328,,boundary,arterial,East,0.5155746509129968,0.6492237211607977,D,64.78468473017887,66.6338974288172,65.26556100225024,67.9493378093099
l_708,,peripheral,arterial,East,3.9533504645186794,8.786193747943692,F,63.79169292857984,30.49079872968815,64.02685857431082,31.180652193133124
l_922,,peripheral,arterial,East,0.9512485136741975,4.270550781751699,F,76.6362277816103,73.76656287144189,77.02548498231938,73.65126837530141
l_2288,,peripheral,arterial,West,1.2105926860025222,2.184829835569102,F,44.525203955014334,64.03438930089531,44.99560781838119,64.10548271931862
l_65,,peripheral,arterial,East,1.2464942349641632,1.144254724777154,F,120.61412128457954,53.46347217081694,120.93405216628898,51.97101970489595
l_398,,inner,arterial,CBD,1.2487859025946997,1.9248654227388615,F,92.86029647311842,52.87205231936362,92.94960485219059,54.167673759808544
l_1263,,peripheral,arterial,East,0.8782844177706213,1.0561179500188937,F,71.14964306506519,73.38133209010323,71.33102328162099,73.78338402757181
l_2514,,peripheral,arterial,West,2.892960462873674,1.3190180274370258,F,27.39870104203018,82.94845957163265,27.458301659133134,82.45241249870897
l_2678,SH1N,boundary,motorway,MWY,0.13333333333333333,0.05414549191347526,A,52.461123624879754,53.88777790301099,54.3168178838527,51.184848414248954
l_608,,peripheral,arterial,West,0.2081743112899868,0.31068526328119206,B,36.899631159976956,3.174200817466635,37.1450881745734,3.5210531146608828
l_2142,SH1S,peripheral,motorway,MWY,0.25263157894736843,1.5525088981861364,F,77.36887730735127,20.564812472397445,78.26055509412377,19.413212758880512
l_1079,,boundary,arterial,East,0.5953266855186784,2.1215355919289265,F,96.4658299357641,56.18347061928901,96.91823777215785,55.95885743573806
l_432,,peripheral,arterial,West,0.9552619009711829,2.186764246507714,F,32.22183634060601,40.93435165342156,32.484114490381536,41.010640804606915
l_2306,SH16,peripheral,motorway,MWY,0.5647058823529412,1.3559622622284244,F,32.69477780582291,9.764417161929732,39.6214504225471,15.286252137861545
l_1177,,peripheral,arterial,West,0.34657039711191334,0.08678123682890733,A,49.88699146194675,28.584282569702506,50.09635975384353,28.14801859227475
l_327,,peripheral,arterial,East,0.6467608062951385,0.6470154119633039,D,72.37850218358771,19.900247069732195,72.51738312095013,20.357134741317427
l_667,,boundary,arterial,West,1.4125402181589892,2.9275434387407673,F,47.79573943349853,33.0819948251006,47.994307555970565,33.24051162456414
l_32,,peripheral,arterial,West,0.7872982548222018,4.265990814504942,F,60.696295012661274,30.034275918203534,62.28571152631732,30.167182431766516
l_2507,,peripheral,arterial,West,0.34657039711191334,0.13175362138112076,A,50.09635975384353,28.14801859227475,50.7546373797436,27.29811996730244
l_804,,peripheral,arterial,West,0.718562874251497,1.0273581415369162,F,49.674674255373986,64.34404111685214,50.30450507132741,64.30546332118806
l_963,,peripheral,arterial,West,0.718562874251497,1.0943781772057124,F,49.19699130200595,64.37982714894805,49.674674255373986,64.34404111685214
l_94,,peripheral,arterial,West,0.39533504645186796,0.869027109826881,E,60.81895765673793,24.896991468599357,61.644942170756366,26.070954320036822
l_1762,,peripheral,arterial,West,0.34657039711191334,0.046209386281588445,A,50.09635975384353,28.14801859227475,50.377877344433436,28.088799766079482
l_180,,peripheral,arterial,West,0.8705114254624592,0.9155555444313841,E,56.17207625134482,64.14370402021895,56.256678707080965,65.1961779462342
l_2425,,peripheral,arterial,West,0.5155746509129968,0.763722366353011,D,60.96558566151634,56.43414488612076,61.44641818363301,57.74959335229004
l_1820,,peripheral,arterial,East,1.260107109104274,2.8931337436544475,F,84.15884212581382,44.41180120728222,84.55624162921892,43.566620758211755
l_401,,inner,arterial,CBD,2.4979184013322233,3.1165977525273636,F,84.8898050292072,62.722286394498205,85.50290607461442,62.95417671462451
l_462,,peripheral,arterial,West,1.4730252255569876,0.5096323267503426,C,47.66855459712167,69.94823975047932,48.32123071800632,71.1524598947514
l_742,,peripheral,arterial,East,0.43917435221783047,0.8233210687316351,E,77.14149020026282,17.67717073729872,77.59583164338271,17.56066638097576
l_1550,SH1N,peripheral,motorway,MWY,0.26666666666666666,1.7535521728533177,F,60.41795046645113,31.444772892617085,61.19880836747479,31.349325136469357
l_354,,boundary,arterial,East,0.6467608062951385,0.5405179285161927,C,86.93016873018497,50.81984247240323,86.98484093866688,50.25127140086294
l_2171,,peripheral,arterial,West,1.54182191956829,2.6619475302951416,F,19.91921230880739,86.37334853398386,19.926106752739194,86.75158827521348
l_534,,peripheral,arterial,East,0.5,0.8154573845557719,D,103.16852643092771,12.194534604577695,103.42418459583601,13.081660248598487
l_1798,,peripheral,arterial,West,1.7328519855595668,3.3436396378860667,F,51.59755880312841,25.85024856752464,53.1215946168522,24.79526131589832
l_1542,,peripheral,arterial,East,1.293521612590277,1.933117671830537,F,73.74610467426228,24.49653852502229,73.76033762530636,24.090877441188407
l_943,,peripheral,arterial,West,0.42560737719453806,1.6770937945394377,F,32.41904627356739,49.33591086365503,32.605257529280145,48.819012167605855
l_606,,peripheral,arterial,West,1.2768221315836141,2.5372631028994492,F,40.19570474869588,38.302169088866755,40.56070078706607,38.05225262882678
l_164,,boundary,arterial,East,0.39489272081084636,0.6698021657146548,D,75.58989168565117,78.3263293368011,76.0433693550094,78.15579870266906
l_1098,,peripheral,arterial,East,0.8783487044356609,0.9624589255540713,E,65.5419863242516,21.674948605585637,66.1409750809709,21.15040717403214
l_109,,peripheral,arterial,West,0.6384110657918071,2.563003094523481,F,42.92154396938171,36.38745235419842,43.75820054058184,35.777549300027054
l_849,,peripheral,arterial,East,2.2179096201829775,4.426228312999334,F,90.45857619154758,19.56571370973003,92.27492744700248,19.04553860649214
l_1565,SH16,peripheral,motorway,MWY,0.35294117647058826,1.35261686797624,F,72.0723061509492,29.203028756402478,73.73092243212142,29.55078306457039
l_84,,boundary,arterial,West,0.9590792838874681,1.0569161642526885,F,60.365306313722996,55.715473433865334,60.64586369269479,55.60220742294849
l_641,,inner,arterial,CBD,0.5469711472719815,3.049956357900698,F,107.4598377742499,60.438470714385474,107.99666478625203,60.07712804819163
l_22,,inner,arterial,CBD,1.4268727705112962,3.245053877327946,F,83.50686915978318,71.39637099102198,84.65187825992689,70.9968135233585
l_26,,peripheral,arterial,West,0.34657039711191334,0.6022527526874231,C,57.627765842110215,23.955714238105273,58.86046993158634,23.60872701684149
l_1910,,peripheral,arterial,East,1.2464942349641632,2.3382578482435954,F,122.69567547108049,41.037232735666066,122.82818490837029,40.50326529216379
l_110,,peripheral,arterial,West,0.2081743112899868,0.3988559885129029,B,44.95962645086957,8.864306542158666,45.35373687262401,9.019240444154503
l_2287,SH1S,boundary,motorway,MWY,0.06315789473684211,0.0788354713505945,A,56.01580535552358,32.03922279882344,57.85573411285551,32.54686605699819
l_60,,peripheral,arterial,West,0.6384110657918071,2.6769644269451836,F,38.11387922865658,39.772649092279735,39.35853243396495,38.885039799948636
l_716,,peripheral,arterial,East,1.902497027348395,4.285001193936495,F,75.53466297520778,74.16527256262826,75.85871184117023,74.05118412738653
l_363,,boundary,arterial,East,2.4979184013322233,3.551764935885828,F,79.63778643398231,60.900545877044244,80.40402295935954,61.183673115387506
l_1767,SH1S,peripheral,motorway,MWY,0.12631578947368421,0.4435653975537723,B,87.62888317510843,5.3210689163522655,88.37485515037113,4.523466121909161
l_978,,peripheral,arterial,East,0.43917435221783047,0.9308274375436861,E,72.96847240440836,18.88937323681051,73.29293391250317,18.80230296617082
l_2688,,inner,arterial,CBD,0.43914220888531064,1.1752793311007932,F,66.46478413796704,61.06253952553714,67.17348788102349,62.941334292967575
l_722,,boundary,arterial,West,0.8705114254624592,2.4834825262580367,F,56.80777605478416,71.51022130093365,56.99111601630003,72.02035369645378
l_623,,peripheral,arterial,West,0.6732873253661,2.9780546172837083,F,25.751276152965755,69.94339200780163,26.07238139930309,69.66727884791707
l_1320,,inner,arterial,CBD,0.9380129758461659,2.4051104036607343,F,69.28468027012974,44.22713779521617,69.48926630462122,44.70984221584518
l_1306,,boundary,arterial,East,0.9380129758461659,2.2148877562267035,F,78.18298137855709,71.57587458350308,78.27642858065535,71.92549262647148
l_889,,peripheral,arterial,West,0.6732873253661,1.1957324530658477,F,18.959119157718842,73.06694931361326,20.06963750384834,73.15485135126279
l_1356,,peripheral,arterial,West,0.3936491274111009,1.8543213171282489,F,50.95285355465365,15.61907493991491,51.05021157094027,16.18484242311799
l_140,,boundary,arterial,East,1.6409134418159443,3.451774110983876,F,101.60510718434668,58.95281800135987,102.44312015874735,59.58587777845526
l_1895,,peripheral,arterial,East,3.723239218119764,4.303761599670523,F,72.79557261648976,77.72925969396898,73.09627738553586,78.33242799896371
l_44,,peripheral,arterial,East,0.7751437245655965,2.574209670619084,F,110.4225522918125,24.653907024420178,110.7788359997536,25.106720724862917
l_912,,peripheral,arterial,East,2.2179096201829775,4.49158400556456,F,87.41007622561573,20.460056285102223,87.92860856955708,20.28828651638382
l_298,,peripheral,arterial,West,0.6052963430012611,1.8940133704704927,F,37.769562947338876,63.69718897123378,38.74567202353611,63.57123649077299
l_981,,peripheral,arterial,West,1.00993098804915,2.963206070779655,F,24.658032379214724,70.80112132705622,25.751276152965755,69.94339200780163
l_682,,peripheral,arterial,West,0.7171029042667623,1.3818506545797036,F,33.39549101061578,7.670587376565519,33.68337516347586,6.773457741455944
l_2618,,peripheral,motorway,MWY,0.06666666666666667,0.17514665277132346,A,57.584649395813265,47.577600920728216,57.78871273177006,48.03329872426798
l_1351,,peripheral,motorway,MWY,0.06666666666666667,0.05272072798620166,A,84.55624162921892,43.566620758211755,84.77758488400379,43.77873584501003
l_523,,peripheral,arterial,West,0.6384110657918071,2.6111517950461822,F,36.07400585958431,41.16126095151418,37.08307946971042,40.46715633657881
l_633,,peripheral,arterial,West,2.312732879352435,2.7784124445351526,F,20.881583126375002,77.13994100829224,21.014033014049886,76.05648641136715
l_313,,peripheral,arterial,East,1.6634322151372332,4.031906520168142,F,97.27060470190436,17.655499622232853,99.15211684177766,17.134051952703206
l_748,,peripheral,arterial,West,0.42560737719453806,1.6841989283154686,F,31.684075645716092,51.943847527863355,31.806077940362346,51.48217446681754
l_529,,peripheral,arterial,East,1.5088645794039983,0.8299027080069198,E,87.4023926488643,21.216944849091888,87.41007622561573,20.460056285102223
l_1,,peripheral,arterial,West,0.42560737719453806,1.7320768527568513,F,33.55506511881598,46.0720152319914,33.84449708141225,45.25594081754156
l_119,,peripheral,arterial,West,0.2081743112899868,0.34638047354946977,B,36.31982331112578,2.374015974173621,36.74356671280493,2.9608448381299683
l_2654,,boundary,arterial,East,0.658713313327966,1.0490998830720084,F,70.51057471752485,71.74450261872121,71.14964306506519,73.38133209010323
l_352,,inner,arterial,CBD,1.415261233636042,3.2053864721989616,F,72.51495436720664,48.43773914186577,72.82172612412494,48.56721059511827
l_393,,peripheral,arterial,East,0.6467608062951385,0.7224992827830697,D,79.60262002906941,32.009813320113814,80.33730487909686,32.94215722915171
l_1270,,peripheral,arterial,West,1.317426626655932,5.944256783790989,F,59.58384565892624,47.50492640356332,60.005554820942166,47.992536583867455
l_810,,boundary,arterial,West,0.718562874251497,1.2911692221077309,F,52.759614488936556,64.20636422149931,53.21605837197431,64.19798616995762
l_323,,peripheral,arterial,East,0.7751437245655965,2.7352292676988386,F,107.31610278619196,21.279390959790696,108.02612519860295,22.04994085333653
l_493,,peripheral,arterial,East,1.5088645794039983,2.980608312080224,F,85.98618713567022,15.189215814380727,86.08013052600171,15.565848500853555
l_1548,SH16,peripheral,motorway,MWY,0.21176470588235297,1.3550321424519343,F,70.63850562067732,29.256511888412117,72.0723061509492,29.203028756402478
l_621,,inner,arterial,CBD,0.7365126127784938,2.170389027970852,F,51.984776202617375,81.19311260890247,52.39790150800914,82.37469043157401
l_1641,,peripheral,arterial,East,4.935225169648365,5.569450958304534,F,103.69986891686158,17.373785672682526,103.92326940394825,17.506958587856996
l_2247,,boundary,arterial,East,0.2577873254564984,0.6501396416736575,D,63.0238444745693,61.936687788587605,63.20769144477789,62.473832463053
l_746,,inner,arterial,CBD,4,6.033480288245133,F,87.4987260507792,61.53886562834153,87.90317081015102,61.07192236987932
l_787,,boundary,arterial,West,0.3592814371257485,0.5356902918179697,C,57.25884768353421,64.12373676683629,57.75975764664811,64.16858437867349
l_601,,peripheral,arterial,West,0.34657039711191334,0.6850979983280885,D,59.5953458922492,23.378997225514432,59.91981909132407,23.29194827770564
l_1538,,peripheral,arterial,East,2.587043225180554,7.519203652533957,F,73.49056468457023,23.609380692674144,73.76033762530636,24.090877441188407
l_710,,inner,arterial,CBD,1.3057671381936886,1.751800004061625,F,59.08157987052399,78.08989422446795,59.67908891499268,79.83562392620523
l_1637,,peripheral,motorway,MWY,0.26666666666666666,1.3933030981788959,F,80.3784383385374,14.049804955866923,80.94211381015269,12.79615210939323
l_0,,peripheral,arterial,West,5.5581287633163505,4.891104235290149,F,43.99316223748298,47.39456392132523,44.857725097972114,49.4867794975422
l_1287,,peripheral,arterial,East,0.5155746509129968,0.6510778169111365,D,63.4819686469117,63.198497471386425,63.73301721953026,63.842510507436664
l_632,,inner,arterial,CBD,0.8204567209079722,2.113800648256827,F,108.85548333009355,59.493573287192135,110.2298857455269,58.57608831545748
l_1493,,peripheral,arterial,West,0.23351755273604735,0.5224921550491933,C,48.45445229467726,52.366728414543815,48.71377297810913,52.28089430355936
l_1503,,peripheral,arterial,East,0.6467608062951385,1.930775423225448,F,73.74610467426228,24.49653852502229,74.1048044898563,25.084499075963524
l_723,,boundary,arterial,East,3.368893879842785,2.399591313930045,F,62.86214392946015,48.45347848858139,65.19974202741982,52.5995377645506
l_34,,peripheral,arterial,West,1.3324450366422385,0.6257341714620906,D,14.363812522100684,18.936088409652413,15.26658007706328,19.568302020942355
l_1926,,boundary,arterial,West,0.5155746509129968,0.7668982172493165,D,61.583799926753976,58.12543558418083,61.74391316991776,58.55491233454933
l_1786,,peripheral,arterial,West,0.42560737719453806,0.13224009525376698,A,28.828449705395226,63.42803872377259,29.063093303299656,63.180523259673606
l_941,,boundary,arterial,East,0.7897854416216927,0.44025689501771575,C,87.4285688494408,74.16157052757397,88.09839164167468,73.93295303960706
l_159,,peripheral,arterial,East,0.5,0.8097382876914229,D,103.75158598639847,14.318798401960558,103.82181585288141,14.587758999822961
l_815,,peripheral,arterial,East,0.43917435221783047,0.7169879241457343,D,101.51257874172897,10.819952722490436,101.81528772792824,10.733241270101217
l_202,,boundary,arterial,West,0.7365126127784938,2.859927670744365,F,48.93391582845936,72.54659555733755,49.18592036398048,73.24465908987568
l_231,,peripheral,arterial,West,0.2729630135116692,0.4261333138187959,B,31.49095255807371,18.81318911534808,32.45451668578015,19.200983829058003
l_701,,inner,arterial,CBD,0.8705114254624592,0.918564245408362,E,56.393207797005694,66.70714598946688,56.425885077043226,67.30112557727618
l_1370,,peripheral,arterial,East,0.7751437245655965,2.8945752566920677,F,104.98192100158795,18.512073020220274,105.29572910928577,19.019739429552253
l_2082,SH1N,boundary,motorway,MWY,0.26666666666666666,1.7510458265629814,F,58.387587219020276,32.15778029444889,59.65982002533505,31.593852493517105
l_54,,boundary,arterial,West,0.47084673938632976,0.5599352376136758,C,55.7186490833935,37.152675638354886,56.484763047102184,37.4358875262841
l_1348,,peripheral,arterial,West,0.3936491274111009,1.7616619989206368,F,50.372327238151584,13.6027499728096,50.69692379383854,14.70487484598382
l_215,,peripheral,arterial,West,0.6732873253661,0.997950979522795,E,11.357448835104252,72.34024476797593,12.163651983158868,72.43371258845286
l_341,,peripheral,arterial,West,1.4125402181589892,3.089560212970655,F,54.514902260431754,36.71534202606699,54.84337716773664,36.84443996626127
l_861,,peripheral,arterial,East,1.1089548100914888,4.131867367519381,F,96.96888977573524,17.796238769374977,97.27060470190436,17.655499622232853
l_1821,,peripheral,arterial,East,1.260107109104274,2.9002049880788436,F,83.8635930104917,44.9037445183392,84.15884212581382,44.41180120728222
l_2647,SH16,peripheral,motorway,MWY,0.1411764705882353,0.457738830813896,B,8.30764198059244,11.046367011593231,8.980279509982317,10.980103187164117
l_336,,peripheral,arterial,West,0.3331112591605596,0.6854565221439054,D,16.17033802430047,20.25454630502344,16.412330261336795,20.4123017194454
l_2497,SH1N,boundary,motorway,MWY,0.26666666666666666,1.4970285748869674,F,49.268580488300465,69.45946102201226,49.36474344224883,67.59288241770346
l_452,,peripheral,arterial,East,0.7544322897019992,0.8032736874065008,D,86.30464763124547,25.31830684031228,86.5711067584788,24.44851815304411
l_918,,boundary,arterial,West,0.7365126127784938,2.60160755491828,F,49.324280536344816,73.67454307841179,49.4389192227232,73.99675673960067
l_216,,inner,arterial,CBD,0.718562874251497,1.4797147149235375,F,75.5585735574088,61.354277245852195,76.33554109683999,61.042638078226716
l_1868,,inner,arterial,CBD,0.5923390812162695,0.7724076280128145,D,105.39462072232304,66.28764968796823,108.11669978191439,65.34510178786458
l_500,,inner,arterial,CBD,0.9380129758461659,1.8646690124754701,F,75.81715706695309,62.40353590998845,76.07424304646568,63.3717424778537
l_1746,SH16,peripheral,motorway,MWY,0.2823529411764706,1.4086026774258713,F,84.55624162921892,43.566620758211755,85.19503056774066,44.01424656159616
l_1211,,boundary,arterial,West,0.5155746509129968,0.6037841406341139,C,58.177596542623355,49.080179599865495,58.359430838136134,49.5092591856192
l_657,,peripheral,arterial,East,1.2808197246237591,1.1955961694776058,F,85.14371865496503,11.961624011839437,85.58868628691421,13.683087211401649
l_53,,peripheral,arterial,West,0.6732873253661,0.8582620117862318,E,9.222887421368313,72.13574772039667,9.963388789742353,72.20338992364428
l_273,,inner,arterial,CBD,0.47084673938632976,1.1185962108900132,F,68.1814136812295,37.46382972117653,68.44120752595799,37.40498733491289
l_1817,SH16,peripheral,motorway,MWY,0.2823529411764706,1.378548971081642,F,40.331190514351384,16.057024717318072,41.72647698632038,17.463874582806305
l_2358,,boundary,arterial,East,1.5813401858074718,0.5433829072343647,C,65.77564147931554,35.76447704707274,66.20121844227644,36.720998864018114
l_1212,,inner,arterial,CBD,1.184678162432539,1.0798490256134747,F,94.01955939567458,71.95836419580954,95.00536727110902,71.18332959199535
l_254,,peripheral,arterial,West,0.7171029042667623,1.1318845826300583,F,34.579581000249796,3.4868910197890117,34.67486260057886,2.7554381936193932
l_2458,SH1N,boundary,motorway,MWY,0.26666666666666666,1.7613615002825214,F,55.196227636265796,50.10791671258873,56.236816790672194,48.764506272463414
l_86,,inner,arterial,CBD,0.6990834239552587,0.7770718872316439,D,77.47989218787542,42.99480779658112,80.05201178107251,45.703972737526854
l_166,,boundary,arterial,East,0.48007681228996646,1.3233507613758122,F,94.25698014732225,64.84596163196238,94.42584210066914,64.57256242888025
l_397,,peripheral,arterial,East,0.6467608062951385,0.5073535133214052,C,82.74300274340413,36.059762791077446,83.20020090504401,37.26749840509649
l_544,,peripheral,arterial,West,0.2729630135116692,0.5155339292814178,C,43.12596193946024,28.573098333344394,43.67867613875167,29.07647440180393
l_2127,,peripheral,arterial,East,1.1089548100914888,4.492874726839552,F,87.92860856955708,20.28828651638382,88.42591102021917,20.143935595076872
l_2538,,boundary,arterial,East,0.5469711472719815,3.8211245551461,F,98.22924871404055,57.47502930571006,98.55879211378273,57.658094585658226
l_1188,SH1N,peripheral,motorway,MWY,0.2,0.13514301286594033,A,24.217517569694923,94.32186840915018,25.556797822209617,97.40547858849013
l_1822,,boundary,arterial,East,0,0,A,67.44177040921444,71.58484956953085,67.75056696475887,71.8223982887934
l_380,,peripheral,arterial,East,0.7544322897019992,1.3037049262566418,F,80.6244308433964,29.66663004599746,82.2458068459828,29.17718161179631
l_729,,inner,arterial,CBD,0.7405578869414959,1.695132580522875,F,61.114056564192886,42.08038342879247,61.17028956170788,41.59287290640271
l_824,,peripheral,arterial,West,0.770910959784145,2.798207506569778,F,20.69081771812107,78.60282193635975,20.747160974250612,78.11532684880811
l_2106,,peripheral,arterial,East,0.3233804031475693,0.5309698921979169,C,87.16541261073924,45.92367104709976,87.32271143390261,46.45025432071065
l_938,,peripheral,arterial,East,3.5097981866042702,1.4583113773407015,F,71.91290464729968,18.23319513559029,72.14670202358586,19.120755876282022
l_98,,peripheral,arterial,East,1.1259148057796962,1.3657743171138212,F,111.72439784720393,25.683680295481814,112.58002785651028,24.937999502131394
l_1318,,boundary,arterial,East,0.43914220888531064,1.0395146107822384,F,68.68236408484094,66.9404700714408,69.29917065222463,68.55068808734492
l_139,,peripheral,arterial,East,1,0.8128738494329311,D,103.42418459583601,13.081660248598487,103.75158598639847,14.318798401960558
l_818,,peripheral,arterial,West,0.2081743112899868,0.3119437833114618,B,37.458209591611435,4.001798971551008,37.703173131629995,4.321633367633035
l_367,,inner,arterial,CBD,0.39489272081084636,0.47766564957894087,C,78.29001050926517,77.35756635441233,79.30564125700317,77.01448369671138
l_1519,,peripheral,arterial,West,1.03971119133574,1.3366772660420307,F,47.79573943349853,33.0819948251006,48.31868560840039,31.964323441884268
l_2024,,boundary,arterial,East,0.5933544303797469,2.697887803100889,F,72.85907041349095,74.10654373911623,73.7102919387007,74.28002372688447
l_661,,peripheral,arterial,East,0.5,0.3312115063645013,B,64.53823039270927,17.93675809277535,64.70808524166334,17.717416921314094
l_2112,,peripheral,arterial,West,0,0,A,53.25856253837734,51.1434765442078,53.624561860442874,50.94757204378403
l_486,,peripheral,arterial,East,0.8783487044356609,0.8223334441462763,E,78.63389556618147,17.271209191065452,79.3914622053205,17.0950407249489
l_2543,,peripheral,arterial,West,0.3936491274111009,1.620886355075125,F,49.793166406555756,11.623539450099324,49.90940397851023,12.070740806355541
l_446,,peripheral,arterial,West,0.1364815067558346,0.32703842652907517,B,8.013247061251363,22.348633492839774,8.620728905020284,22.28355522679413
l_384,,boundary,arterial,East,0.9380129758461659,2.5120938901037526,F,69.99935428428324,46.4301311809854,70.11451282827578,46.77935180755179
l_553,,peripheral,arterial,West,0.2729630135116692,0.43521803302840306,C,30.57134760327681,18.451613763308206,30.987688520843637,18.63319555844396
l_128,,boundary,arterial,West,10.186757215619695,14.564776509136024,F,60.08996751302897,44.315390712289016,60.80485960601981,45.35627036157406
l_1395,,peripheral,arterial,East,0.2976633427593392,0.15848941365833757,A,99.18617879163148,55.060876857510834,99.54522357902769,54.58575504633616
l_261,,inner,arterial,CBD,0.9321112319403448,0.48926643293410865,C,86.39147628717548,53.424371483755564,86.8129537423639,53.876017915405704
l_750,,peripheral,arterial,East,0.3233804031475693,0.517896334749038,C,82.36202744827492,35.445200928721555,82.54089711622093,35.71215703421988
l_1105,,peripheral,arterial,East,0.8783487044356609,0.731864782246463,D,65.28320945797132,21.78782265927026,65.5419863242516,21.674948605585637
l_892,,peripheral,arterial,West,0.3682563063892469,0.22080773295040443,A,46.20561754174378,67.24539225542652,46.520830725619874,67.83419521457432
l_689,,inner,arterial,CBD,0.9788726649808304,0.7760576409177763,D,91.21750506930572,65.09151821134026,92.70736870500535,63.3612164894368
l_817,,peripheral,arterial,East,0.43917435221783047,0.851004466382941,E,75.26042816471967,18.225434394067733,75.71477167447594,18.108934229496324
l_2109,,peripheral,arterial,East,0.5469711472719815,3.8941970767286054,F,97.45545643449223,56.78670764641128,98.00838018092028,57.28994510341797
l_622,,inner,arterial,CBD,0.7365126127784938,2.043649331393742,F,52.99486639803911,84.09342026471842,53.20093694328608,84.65719116161277
l_2177,,boundary,arterial,East,0.9321112319403448,0.4556976780573775,C,81.80594585524118,48.0205643556404,82.09757664711329,48.15258459901358
l_871,,peripheral,arterial,West,0.6052963430012611,1.9340468077212256,F,31.34086020845276,66.46318605069304,31.66639987561787,66.43021838241287
l_82,,peripheral,arterial,West,0.6732873253661,0.8543728666541734,E,7.980001471802172,71.94208491837833,9.222887421368313,72.13574772039667
l_950,,inner,arterial,CBD,1.3057671381936886,2.4315444465112033,F,57.45071310501181,73.36322707340747,57.75020030647787,74.27662008917515
l_875,,peripheral,arterial,East,0.34657039711191334,0.6710714808545429,D,63.89790921486616,22.11063317007872,64.37349883939923,21.966740772064515
l_174,,peripheral,arterial,West,2.520214218208548,1.6714749844881824,F,62.56522719797414,60.64785993785288,63.17032167099063,60.447539196208346
l_2220,,peripheral,arterial,West,0.9079445145018916,2.1464732616308906,F,43.80164882948441,64.20842743249491,44.525203955014334,64.03438930089531
l_1325,,boundary,arterial,East,0.9512485136741975,0.7989674335517001,D,79.13482182060346,72.98213546199597,79.6613271912913,72.7377239308592
l_798,,peripheral,arterial,East,0.7751437245655965,2.449720385173232,F,111.88861187286386,27.49141390484622,112.29493053495209,28.29464074874688
l_2030,,boundary,arterial,East,0.5933544303797469,2.704666222763823,F,72.55326080360602,74.03110578680466,72.85907041349095,74.10654373911623
l_980,,boundary,arterial,West,2.520214218208548,1.7122470075290308,F,56.694073547401054,62.971980289645025,57.70866742258504,62.57496723655643
l_177,,peripheral,arterial,East,12,6.8445824943051505,F,90.31308370006009,58.540820628572924,90.9308499919602,57.85370365364385
l_350,,peripheral,arterial,West,0.47763095048559145,1.0681616379454542,F,11.877776270513573,48.358668440892096,12.265539437257972,48.162443142701186
l_2021,,inner,arterial,CBD,0.5933544303797469,2.586645785197281,F,62.80628848604008,70.18374450760972,63.67921974404496,70.35686484399797
l_1787,,peripheral,arterial,West,0.4670351054720947,0.19210220796421923,A,52.3921818020214,51.32153814891499,53.25856253837734,51.1434765442078
l_1686,,peripheral,arterial,West,0.4163486225799736,0.3115027147687267,B,51.82497587753683,11.035597422664797,52.28329132929725,11.135286795681793
l_2415,,boundary,motorway,MWY,0.5333333333333333,2.055089289227526,F,54.84204280116746,38.244766432071046,54.85581067271784,37.51987161663921
l_256,,peripheral,arterial,West,1.446480231436837,2.264026572105262,F,24.944404743697714,75.76871391045684,25.103465392982685,76.14418209199061
l_1540,,peripheral,motorway,MWY,0.5333333333333333,1.6639445445465595,F,73.76033762530636,24.090877441188407,74.40343805368384,23.117167045711216
l_176,,peripheral,arterial,West,0.2081743112899868,0.34619007548863845,B,35.78496267608044,1.6540867439188676,36.31982331112578,2.374015974173621
l_852,,peripheral,arterial,East,0.7544322897019992,2.9677449960417515,F,86.26651346405072,16.238061683068302,86.33621924600413,16.480010077644096
l_1690,,peripheral,motorway,MWY,0.2,0.35055917846229157,B,22.399919872862714,93.62525329203619,25.298401125229688,96.8105361307028
l_709,,peripheral,arterial,East,0.43917435221783047,0.9258975537348965,E,68.98849085362416,19.9627966904722,70.17819305561731,19.643559722879967
l_171,,inner,arterial,CBD,0.48007681228996646,1.662781654761501,F,95.48349228329441,58.30978429396677,95.53198715975178,58.57915053254723
l_1191,,peripheral,arterial,West,0.3936491274111009,1.9467609264632815,F,52.058685768613564,20.193263164454763,52.314129578362284,21.08044440557598
l_58,,peripheral,arterial,West,0.5459260270233384,0.8795091186490392,E,29.192934738117824,17.963277779906274,29.520868804521943,18.065397171571686
l_427,,peripheral,arterial,East,1.2808197246237591,1.1987274891982926,F,84.4901524895696,9.541330509440055,85.14371865496503,11.961624011839437
l_869,,boundary,arterial,West,0.3592814371257485,0.29872694183328136,B,58.065048907854084,64.21702625636892,60.44267633854319,64.6327617430153
l_1589,,boundary,arterial,East,4.995836802664447,3.919906614186559,F,78.64845635725169,60.22310997772073,79.06516699450094,60.50573161007969
l_2384,,boundary,arterial,West,0.5933544303797469,2.7615076467550375,F,50.93701624165682,71.50988846607248,51.69331233459002,71.2527771810869
l_1132,,boundary,arterial,West,1.7800632911392407,2.6622897030965813,F,56.68502148924751,69.56657895168362,58.181820089244304,69.37691690467969
l_1497,,peripheral,arterial,West,0.4670351054720947,0.3063844211006892,B,51.28573149316999,51.449951048757505,51.58802133868618,51.33629838655588
l_228,,peripheral,arterial,West,1.9105238019423658,2.4437628083391023,F,34.59075653131519,42.08023507148212,34.91972039992311,42.2363815577569
l_2086,SH16,peripheral,motorway,MWY,0,0,A,87.10723249870696,46.303121187806425,87.56965794537385,46.61887411575979
l_182,,peripheral,arterial,West,1.437125748502994,0.6841891614900326,D,56.17207625134482,64.14370402021895,56.975789666826095,64.10191157207261
l_866,,peripheral,arterial,West,0.6732873253661,2.80872454184754,F,23.543043514611877,71.65924041003223,24.293451413394337,71.07802402876578
l_1508,,peripheral,arterial,East,0,0,A,82.08185256660941,48.47719424489277,82.09757664711329,48.15258459901358
l_2527,,boundary,arterial,East,1.293521612590277,0.5385783452331259,C,86.98484093866688,50.25127140086294,87.15738012577293,49.00485215917143
l_886,,peripheral,arterial,East,1.2828736369467608,4.211395138617806,F,115.3515094006383,34.8051317165802,115.90088706272924,35.11920004960792
l_1780,,peripheral,arterial,West,1.03971119133574,2.8353193211773466,F,50.00012073382462,28.825444210029534,50.377877344433436,28.088799766079482
l_160,,boundary,arterial,East,0.3090632807067247,0.4386947650597187,C,124.31030574758968,63.907819662821275,125.15647675845219,63.810915565916524
l_479,,peripheral,arterial,West,0.2729630135116692,0.5134502900861628,C,43.67867613875167,29.07647440180393,44.143969963197385,29.554424425276366
l_872,,peripheral,arterial,East,0.43917435221783047,1.0318250740910555,F,89.55463460235399,14.204169163434171,90.52797910869336,13.942877608033063
l_542,,boundary,arterial,East,1.3530273988048258,1.3112470369602103,F,75.17263294825382,72.22604967163326,75.33328344094578,72.6825341116701
l_512,,peripheral,arterial,East,0.5629574028898481,0.8403021874173545,E,121.14212573432141,20.12950421223557,121.53125983628613,20.014121861290874
l_765,,peripheral,arterial,West,2.151308712800287,1.7532931155034035,F,29.520868804521943,18.065397171571686,29.998429859075458,16.84049715637769
l_2128,SH16,peripheral,motorway,MWY,0.35294117647058826,0.795674184863772,D,16.634116357492584,9.922105711149262,22.271976491346617,9.170827394449766
l_1125,,boundary,arterial,West,0.4352557127312296,0.6373021258407315,D,56.573209821659226,68.21731524158356,56.715064517853946,68.8363153752497
l_428,,boundary,arterial,East,0.4660556159701724,1.2718478650783316,F,71.73458238436463,36.80371415019356,71.86897455166532,37.01744642841837
l_280,,peripheral,arterial,East,0.34657039711191334,0.697543162713869,D,64.37349883939923,21.966740772064515,64.63327380845004,21.907902492300373
l_71,,peripheral,arterial,West,0.6662225183211192,0.9768132206455264,E,33.845689427382226,33.44544363196656,35.80756246244468,34.923061707502754
l_2635,,inner,arterial,CBD,0.39489272081084636,0.8567031770302964,E,98.5036345663708,68.71301775527895,99.25936730513611,68.42871382215652
l_57,,peripheral,arterial,West,0.2729630135116692,0.48050519220103327,C,39.89566721333704,25.49718718738144,40.13917123397722,25.735967467360865
l_416,,peripheral,arterial,West,0.718562874251497,3.024884152332551,F,47.58856967562438,64.40931418225067,47.87113021863731,64.40413492993997
l_998,,peripheral,arterial,East,2.052217535058716,12.871054420858508,F,65.71386312353862,29.806756660727483,66.38106518465302,29.443118125179492
l_2436,,inner,arterial,CBD,0.5155746509129968,0.4656403394409601,C,58.908920125698145,51.012635085298065,59.389231387559114,52.301070655641134
l_337,,peripheral,arterial,West,1.54182191956829,2.800990649610722,F,20.536626673350835,79.68667156086065,20.69081771812107,78.60282193635975
l_340,,peripheral,arterial,East,0.7906700929037359,2.5343953488472977,F,64.56348885504276,32.26033191009303,64.67813325597666,32.582538001381316
l_733,,peripheral,arterial,West,1.446480231436837,0.5663544262780124,C,26.197476662346165,84.85369005084536,26.537383242184763,84.41507822347306
l_1520,,peripheral,arterial,West,1.03971119133574,1.6390563711814103,F,47.59617876818396,32.86944332563377,48.31868560840039,31.964323441884268
l_856,,boundary,arterial,West,0.8705114254624592,2.488562053344902,F,56.71536035006015,71.2146292231835,56.80777605478416,71.51022130093365
l_2363,,inner,arterial,CBD,0.7897854416216927,0.417897938011993,B,91.75179527385082,72.7841909472288,92.93525087472551,72.11360880310504
l_1552,SH16,peripheral,motorway,MWY,0.21176470588235297,1.3467806380386733,F,76.86036877778082,31.84428993706855,77.26155269766701,32.37740772031611
l_492,,peripheral,arterial,East,0.7544322897019992,2.976241426234182,F,86.08013052600171,15.565848500853555,86.26651346405072,16.238061683068302
l_1481,,inner,arterial,CBD,0.8204567209079722,2.1198491500632155,F,111.9302646176877,58.8146676413356,112.28206302975441,59.02432381747972
l_557,,peripheral,arterial,West,0.4094445202675038,0.801120653648958,D,23.411681397626165,15.636355432577187,23.69614807299709,15.739275869355476
l_1377,,peripheral,arterial,East,1.550287449131193,1.5500852850721454,F,103.2508411483498,52.76013109582854,103.9397946473381,52.39596848608203
l_1554,,inner,motorway,MWY,0.13333333333333333,0.05856623268616531,A,55.63837242127506,35.15419638640701,55.91392852760065,34.77076307673768
l_383,,peripheral,arterial,East,0.6587615283267457,2.7669622744685975,F,81.35942688770864,16.54513059672494,82.35402035513721,16.256458635031414
l_2512,SH1N,peripheral,motorway,MWY,0.06666666666666667,0.08835470420916391,A,54.3168178838527,51.184848414248954,54.70977198784677,50.84656411511451
l_469,,peripheral,arterial,West,0.6662225183211192,0.7246726860313977,D,25.823146071098005,27.456912121633646,26.726973822938472,28.14311239205135
l_503,,boundary,arterial,West,0.718562874251497,1.1939016276732781,F,53.21605837197431,64.19798616995762,54.30282958036696,64.17803438940116
l_1833,,peripheral,arterial,East,1.861619609059882,0.5717551595075966,C,72.79557261648976,77.72925969396898,73.0664042965219,78.26479248703758
l_775,,peripheral,arterial,East,0.3233804031475693,0.7889436192007252,D,78.78051296407524,31.05205674766584,79.26963011395762,31.637598349774255
l_1385,,peripheral,arterial,East,1,3.739984188029295,F,104.77878406151197,18.1104530851749,104.98192100158795,18.512073020220274
l_103,,peripheral,arterial,West,0.47763095048559145,1.3542390543196328,F,18.215256762926387,45.37870460126316,18.379765234502536,44.86221493952579
l_69,,peripheral,arterial,East,1.3175230566534915,2.8477024224992897,F,79.3914622053205,17.0950407249489,80.32136976918541,16.834601662397436
l_2515,,peripheral,motorway,MWY,0.26666666666666666,0.06101257919922202,A,54.84337716773664,36.84443996626127,55.26012197672294,35.86383299864734
l_305,,peripheral,arterial,East,0.7751437245655965,1.9452920614375966,F,108.33206225929015,43.09809350593113,109.10643985620608,41.48908945611932
l_953,,peripheral,arterial,East,0.43917435221783047,0.938753228614478,E,94.74427131458471,12.729508385691016,95.54527076006492,12.552472957554883
l_1870,SH16,peripheral,motorway,MWY,0.07058823529411765,0.018823529411764704,A,46.71461786604591,22.750719440385005,46.92062178451132,23.314496123849654
l_1549,SH1N,peripheral,motorway,MWY,0.2,1.5799443556693193,F,64.02685857431082,31.180652193133124,64.82007502293318,30.850228876456175
l_1316,,peripheral,arterial,East,3.80499405469679,1.5899956099617798,F,77.52242411359285,73.47993121316404,78.60074489497762,73.00056057133216
l_147,,peripheral,arterial,East,0.9321112319403448,1.7887619206084593,F,64.39010580932049,18.15569880527333,64.61339702017465,18.47590338906229
l_1770,SH1N,peripheral,motorway,MWY,0.26666666666666666,1.7567777892144316,F,61.19880836747479,31.349325136469357,62.370841689415734,31.246673889014883
l_720,,peripheral,arterial,East,1.2464942349641632,1.0478414313381754,F,122.52951825010169,41.968299058293844,122.60582264572177,41.399308708747704
l_982,,peripheral,arterial,East,0.43917435221783047,0.9377065277898176,E,70.17819305561731,19.643559722879967,70.74069647453153,19.49804875099083
l_276,,peripheral,arterial,West,1.5813401858074718,0.873746145953229,E,60.26552505066133,23.177481659503353,60.474555799126385,23.90334988829351
l_1117,,peripheral,arterial,East,0.5469711472719815,0.3041929647602982,B,100.85303286281456,58.26410443771736,101.1613482400527,58.474587001941416
l_97,,peripheral,arterial,East,1.162715586848395,1.96183591831362,F,109.69226962005915,40.261969896212356,111.16009224621511,37.369775279737574
l_1241,,peripheral,arterial,West,2.892960462873674,2.4230746875998674,F,25.198499420748078,86.11509160886894,25.603129811711074,85.64827640784264
l_1885,SH1N,peripheral,motorway,MWY,0.4,1.1733721543320954,F,25.292236175241566,90.0591968779582,27.578237516808805,87.82842725419826
l_358,,boundary,arterial,East,7.07630616818021,2.9633207846816725,F,65.84798720220324,53.560550321934564,67.59393633821429,55.0959178438143
l_882,,peripheral,arterial,East,0.43917435221783047,1.028615919231311,F,88.75462858954545,14.435215825466882,89.55463460235399,14.204169163434171
l_827,,peripheral,arterial,West,0.6052963430012611,1.9296747314630063,F,30.711516231192693,66.52872323261263,31.34086020845276,66.46318605069304
l_741,,peripheral,arterial,East,0.6467608062951385,1.6638383799906953,F,77.49053491244558,29.481333655634618,77.93568061832971,30.040664160078066
l_1867,,inner,arterial,CBD,0.658713313327966,1.2315334380733076,F,66.12130419645351,60.122941141567935,66.46478413796704,61.06253952553714
l_543,,peripheral,arterial,West,1.0756543564001435,1.8600296369989298,F,31.182676867441586,13.845982687981149,31.432065402365108,13.21982340178153
l_801,,peripheral,arterial,West,0.9552619009711829,2.4331980998117757,F,33.47000840118514,41.425054020888716,33.84392002194041,41.66145983359839
l_879,,peripheral,arterial,East,0.43917435221783047,0.9690173889924139,E,96.28007275745321,12.322610633864773,96.75562082743154,12.178642547299837
l_917,,boundary,arterial,East,0.39489272081084636,0.5844961648045235,C,77.62016723642606,77.58615147631306,78.29001050926517,77.35756635441233
l_915,,peripheral,arterial,West,0.7872982548222018,4.260782661436695,F,58.20392753524212,29.269328819141265,59.649679336806614,29.86434648592241
l_2601,,inner,arterial,CBD,0.5923390812162695,0.7879941437281885,D,111.07633431675083,64.31701017505766,112.63524396539997,63.96363399899092
l_545,,peripheral,arterial,West,0.2729630135116692,0.48337819666257914,C,37.66069386972683,23.34894747500183,38.32500839245553,24.012453131749073
l_259,,peripheral,arterial,West,0.2729630135116692,0.763403378694824,D,22.338514977887286,15.196464898997053,23.411681397626165,15.636355432577187
l_590,,peripheral,arterial,East,0.7751437245655965,2.722747553322202,F,109.64630901000582,23.830545156038095,109.97883978269351,24.175695609362258
l_1142,,inner,arterial,CBD,0.8782844177706213,1.2249274607442329,F,67.69934011712195,64.33702041749164,68.04283296939884,65.27661641542423
l_687,,inner,arterial,CBD,0.4660556159701724,0.40980187155607495,B,88.1860699810941,55.22893905573418,89.27113355970832,56.28989760791533
l_971,,inner,arterial,CBD,0.9380129758461659,3.6775502029753877,F,66.73779684919414,38.16609945018584,66.89691065895856,38.541538023179406
l_411,,peripheral,arterial,West,0.9552619009711829,1.5417744631762034,F,18.751260629148295,43.77440983898291,19.041731192325393,43.012392092370746
l_1541,,peripheral,motorway,MWY,0.26666666666666666,1.6692764418834152,F,74.40343805368384,23.117167045711216,75.80802843546739,21.972011158945016
l_600,,peripheral,arterial,West,0.4163486225799736,1.2685709133925782,F,55.709475407824385,13.045268594518097,56.19549972464025,13.468757795687031
l_1865,,peripheral,arterial,East,0.4660556159701724,1.664322669256154,F,66.47509144954758,25.117145745831465,66.75532766474298,26.166014510986074
l_2593,SH16,peripheral,motorway,MWY,0.07058823529411765,0.04893217865860321,A,63.53878238084864,31.200110701265054,64.02685857431082,31.180652193133124
l_954,,peripheral,arterial,West,0.42560737719453806,1.683874882612947,F,30.431418608881398,57.15574394736645,30.61418472273863,56.4497273285268
l_884,,peripheral,arterial,West,1.2768221315836141,2.69272148233986,F,39.35853243396495,38.885039799948636,40.19570474869588,38.302169088866755
l_1804,,peripheral,arterial,East,15.121285309251286,2.7273555362481376,F,65.84702091206691,59.39827931212193,78.65124687623067,52.24326399052595
l_1081,,boundary,arterial,East,1.0311493018259936,0.6478744374778865,D,66.26880810419661,70.4713459349989,66.40670416572556,70.87420248505744
l_2449,,peripheral,arterial,West,0.5904736911166514,1.8969663050407857,F,51.05021157094027,16.18484242311799,51.23987720628342,16.987227355129107
l_538,,peripheral,arterial,East,0.6765136994024129,1.3145020064037178,F,75.05845412024367,71.93086614417015,75.17263294825382,72.22604967163326
l_655,,peripheral,arterial,West,2.8092079594225514,1.5781576544856752,F,34.91972039992311,42.2363815577569,36.278057499793505,42.80613344039605
l_224,,peripheral,arterial,East,0.7751437245655965,2.4718603774646346,F,110.7788359997536,25.106720724862917,110.96076391356546,25.53575777807992
l_419,,peripheral,arterial,West,0.718562874251497,3.0288180273973415,F,47.306009138218975,64.41449305000864,47.58856967562438,64.40931418225067
l_1184,SH1N,boundary,motorway,MWY,0.13333333333333333,0.09061553600720719,A,46.78371105963359,74.12198714827707,47.765118335675915,72.83828332406051
l_662,,peripheral,arterial,East,0.9416934787726595,1.1730386969356588,F,70.51056461021132,36.4479250457801,71.35164153001558,36.081063964939304
l_595,,peripheral,arterial,East,0.7544322897019992,0.8286842683368109,E,87.3422163589314,21.48832646376716,87.4023926488643,21.216944849091888
l_1034,,peripheral,arterial,West,1.7800632911392407,2.7280146970182533,F,56.36047347925608,69.65362019796031,56.68502148924751,69.56657895168362
l_127,,boundary,arterial,West,2.037351443123939,14.210403790314837,F,58.78181302058914,42.934075279293715,60.08996751302897,44.315390712289016
l_2537,SH1N,boundary,motorway,MWY,0.26666666666666666,1.501458286240321,F,48.518423693547746,71.58405479685005,49.268580488300465,69.45946102201226
l_165,,peripheral,arterial,East,1.9243104554201411,3.5431834454521893,F,121.55093622211334,38.473101832300074,122.3702396828615,39.26859188617043
l_1839,SH1S,peripheral,motorway,MWY,0.1894736842105263,1.4794941749036776,F,72.91381695536822,24.160559754214546,73.49056468457023,23.609380692674144
l_124,,peripheral,arterial,West,1.54182191956829,2.7688806686975314,F,21.052086662157677,75.75850669401079,21.202821748040968,74.4855362290312
l_929,,peripheral,arterial,West,0.5173082726214596,0.4692968209926219,C,34.56995437969109,0,34.62883258515349,0.24283073432664268
l_838,,peripheral,arterial,West,0.6732873253661,1.1321150210208828,F,16.56321227752726,72.84025424133975,16.8462750820757,72.86213469997472
l_497,,peripheral,arterial,West,0.6732873253661,1.0921591396002344,F,13.513751713595749,72.54432523635822,14.297729047333547,72.61116249408158
l_1869,SH1N,peripheral,motorway,MWY,0.4,1.34265339315658,F,44.31904864262321,20.146045198764536,46.92062178451132,23.314496123849654
l_2297,,peripheral,arterial,West,0.5904736911166514,1.8925910977107252,F,51.23987720628342,16.987227355129107,51.85167599897967,19.575456539565796
l_959,,peripheral,arterial,East,0.39489272081084636,0.7413409373878922,D,75.28657339780666,78.38598138298839,75.58989168565117,78.3263293368011
l_2046,,boundary,arterial,West,0.9590792838874681,0.8797316684074126,E,51.81505949057667,58.95356243891223,52.48486533973297,58.72505916772683
l_2285,,boundary,arterial,East,0.5933544303797469,2.5708333777524714,F,64.57339037924574,70.50256418466411,64.83522069645699,70.55179674303301
l_181,,peripheral,arterial,East,1.1867088607594938,3.190367820418636,F,71.09092346605954,73.73375866135535,71.33102328162099,73.78338402757181
l_2648,,inner,arterial,CBD,2.8140389275384976,3.297797615925375,F,67.70773375932492,40.06710393206882,68.14211873833149,41.221235801942
l_1796,,boundary,arterial,East,0.39489272081084636,0.766255578377812,D,110.2771595696091,64.60216806600864,110.70935067585489,64.45898202738962
l_521,,peripheral,arterial,East,1.293521612590277,0.7850823033661632,D,78.38032821591237,30.572976450546324,78.58042036377357,30.812516689642433
l_2179,SH1S,peripheral,motorway,MWY,0.3157894736842105,1.4853088562513868,F,71.30370240226385,26.433479853153397,72.91381695536822,24.160559754214546
l_1547,SH1S,peripheral,motorway,MWY,0.1894736842105263,1.3286111341458813,F,50.66224571336918,27.002525327591194,50.7546373797436,27.29811996730244
l_1425,,peripheral,arterial,West,1.2768221315836141,1.7046043465523484,F,29.063093303299656,63.180523259673606,29.301693173350262,61.95999256988419
l_2398,,peripheral,motorway,MWY,0.2,1.3987426312594269,F,79.90368016202991,15.40991759887411,80.17215321679737,14.648206455008307
l_2338,,peripheral,arterial,West,1.446480231436837,1.2827849024183051,F,27.363925558451466,83.2378907499631,27.39870104203018,82.94845957163265
l_344,,peripheral,arterial,West,0.7171029042667623,1.3607230372282493,F,34.54057727193056,3.730841017458006,34.579581000249796,3.4868910197890117
l_1434,,peripheral,arterial,East,2.4929884699283265,0.9903186534759312,E,122.60582264572177,41.399308708747704,122.69221806781324,40.20851205380504
l_1106,,inner,arterial,CBD,0.5155746509129968,0.456607385554412,C,59.389231387559114,52.301070655641134,59.98369665385385,53.88469637087916
l_2470,SH1S,inner,motorway,MWY,0.12631578947368421,0.08998448966624559,A,53.3222333571636,29.79146229844561,56.01580535552358,32.03922279882344
l_854,,inner,arterial,CBD,0.3090632807067247,0.4340550382361525,C,119.27269376676925,64.27222082409003,119.90353355959333,64.28746641469652
l_451,,peripheral,arterial,East,0.7544322897019992,1.2086840680486006,F,84.45092700293155,28.514753090660168,85.58516259676898,27.54781745614378
l_627,,inner,arterial,CBD,1.1047689191677408,2.0750168881181206,F,52.902451861081026,83.79782671239595,52.99486639803911,84.09342026471842
l_945,,inner,arterial,CBD,0.51985559566787,2.7506577101359833,F,48.48658325403197,31.63692760098967,48.613002687591845,31.418397879223342
l_2038,,peripheral,arterial,West,4.339440694310511,2.333204621981824,F,26.197476662346165,84.85369005084536,27.363925558451466,83.2378907499631
l_2056,SH16,boundary,motorway,MWY,0.07058823529411765,0.05321638167956935,A,78.93065187686287,35.09299452909122,79.44723806816282,35.933468638822205
l_2058,,peripheral,arterial,East,0.4660556159701724,0.45684811855435736,C,82.09757664711329,48.15258459901358,82.25720365208501,48.63876155247826
l_2581,,peripheral,arterial,West,0.718562874251497,2.7511295433837764,F,45.75882620164784,64.22663319610409,46.10449399598235,64.26860438115683
l_476,,inner,arterial,CBD,0.4352557127312296,0.829429248211157,E,56.425885077043226,67.30112557727618,56.573209821659226,68.21731524158356
l_604,,peripheral,arterial,West,0.4163486225799736,1.3223075057210274,F,57.47824904838939,14.661363814040484,57.831907494897834,14.97917767826356
l_190,,inner,arterial,CBD,0.3592814371257485,0.3673705625715503,B,62.42807853430937,65.00163514493862,63.49660795418148,65.17115603487052
l_1444,,peripheral,arterial,West,2,1.191152396622691,F,47.93007718697632,72.34878665922488,48.07578010024718,71.99477423500666
l_2562,SH1N,peripheral,motorway,MWY,0.26666666666666666,1.7156776633039756,F,53.807866416867896,51.92616661461143,54.52904381431009,51.00214845155103
l_1479,,boundary,arterial,East,0,0,A,82.08185256660941,48.47719424489277,82.65695102383421,49.00708608487663
l_615,,inner,arterial,CBD,1.1047689191677408,2.150066330882468,F,52.39790150800914,82.37469043157401,52.78830011437159,83.50263199099263
l_2124,,inner,arterial,CBD,0.47084673938632976,1.1657390017315077,F,68.44120752595799,37.40498733491289,68.85113321180147,37.235270555268315
l_2084,SH16,peripheral,motorway,MWY,0.21176470588235297,1.3659107464485807,F,87.67331088998445,46.346687792152274,88.40055500107961,46.87374551919048
l_1776,SH1S,peripheral,motorway,MWY,0.25263157894736843,1.5616664454465785,F,79.11547301443176,17.45149042505728,79.55429144422294,16.497444047093744
l_41,,inner,arterial,CBD,1.3530273988048258,1.1816170764208964,F,72.40769120143241,64.97992663724726,73.09222729638593,66.7240176771746
l_1001,,peripheral,arterial,East,0.5,0.23341098858261092,A,65.26011095717408,17.004557053778175,65.64228032759982,16.51103773392799
l_2219,,peripheral,arterial,East,0.3233804031475693,0.5317282743492632,C,87.32271143390261,46.45025432071065,87.38651955673964,46.86865892342196
l_594,,peripheral,arterial,East,0.3772161448509996,0.8272148068648193,E,87.26030879637909,21.760110740260423,87.3422163589314,21.48832646376716
l_693,,peripheral,arterial,West,0.5459260270233384,0.3830515771216301,B,12.994130866692274,21.312260769453108,14.16267206992958,21.02075980134098
l_964,,boundary,arterial,East,0.9321112319403448,1.3034511192761944,F,71.35164153001558,36.081063964939304,71.55422769052936,36.45569729161111
l_526,,boundary,arterial,East,0.9788726649808304,1.3143599554500298,F,91.75010104614312,58.64931212548191,92.03767611801433,58.91424556394204
l_63,,peripheral,arterial,East,2.4929884699283265,2.1932492861691064,F,114.10574223197162,61.20651364290733,115.12932246928952,61.295528587848004
l_405,,boundary,arterial,East,0.9380129758461659,2.507487301031106,F,69.90742739754064,46.16156154953552,69.99935428428324,46.4301311809854
l_1558,,peripheral,arterial,West,1.317426626655932,5.957130282266787,F,59.470430093001035,47.37378724526861,59.58384565892624,47.50492640356332
l_803,,peripheral,arterial,West,0,0,A,59.673136359685195,61.809142099580896,60.49309885783969,61.46974642163667
l_361,,inner,arterial,CBD,0.5469711472719815,2.8245243862832585,F,107.99666478625203,60.07712804819163,108.46929287016145,59.77103292301137
l_531,,boundary,arterial,East,4.059082196414478,1.2905527871286067,F,75.42472702495618,72.9240842775568,75.85871184117023,74.05118412738653
l_448,,peripheral,arterial,West,0.6052963430012611,1.8901241770074015,F,34.756290988467164,65.37382884878303,36.047557714434184,64.64755526746256
l_1267,,boundary,arterial,East,0.39489272081084636,0.10157920558671307,A,84.81747981672191,75.23691522614796,87.4285688494408,74.16157052757397
l_745,,peripheral,arterial,East,0.5953266855186784,1.6318842694829994,F,100.58093550442095,54.161107311431834,101.07579731435075,53.881642159883825
l_212,,inner,arterial,CBD,0.9416934787726595,0.43690533036729345,C,60.0476004068279,38.478461263363045,61.5204454732506,38.18109805684745
l_1053,,inner,arterial,CBD,0.43914220888531064,1.1557214134394285,F,68.04283296939884,65.27661641542423,68.49949739909397,66.45736428321915
l_947,,peripheral,arterial,West,0.9552619009711829,2.4279178720783077,F,32.484114490381536,41.010640804606915,33.47000840118514,41.425054020888716
l_490,,peripheral,arterial,West,0.5459260270233384,0.6408619667950334,D,14.363812522100684,18.936088409652413,14.461144623337136,18.312716966288814
l_28,,peripheral,arterial,West,0.2081743112899868,0.39824786046569627,B,44.39118388122156,8.685540657988398,44.95962645086957,8.864306542158666
l_2613,SH16,peripheral,motorway,MWY,0.42352941176470593,1.1072826686094206,F,25.89488625289297,8.780468454057408,32.69477780582291,9.764417161929732
l_867,,peripheral,arterial,East,1,1.094049429887771,F,101.95243156289935,7.595584818932813,102.23988409544138,9.022655521785314
l_2022,,inner,arterial,CBD,0.5933544303797469,2.6612965703989877,F,61.911622799451074,70.01102042117412,62.80628848604008,70.18374450760972
l_809,,peripheral,arterial,West,4.168596572487263,4.691993455751634,F,44.857725097972114,49.4867794975422,45.33546455065397,50.64015856246235
l_179,,peripheral,arterial,West,1.54182191956829,2.5920168954038973,F,20.00482212866559,83.91241743811356,20.177310226202337,82.63905330380759
l_456,,peripheral,arterial,East,1.1259148057796962,1.3674509308269533,F,117.49435585240464,21.521979219141418,118.07553492299452,21.21382886352289
l_894,,inner,arterial,CBD,0.9512485136741975,3.1910323413558475,F,82.16773103888916,71.8805917096322,82.4058292623274,71.82213525310672
l_975,,peripheral,arterial,East,0.5,0.3310382970175367,B,64.70808524166334,17.717416921314094,65.26011095717408,17.004557053778175
l_1446,,peripheral,motorway,MWY,0.13333333333333333,0.035525925925925926,A,56.54245474560589,44.110349820587466,56.56621132675223,44.35999698407521
l_2145,,peripheral,arterial,East,0.3090632807067247,0.5965965276607131,C,117.15978739784869,64.06842534598398,117.83308662414882,64.0288311646477
l_2685,SH1N,peripheral,motorway,MWY,0.2,1.7296831442848184,F,54.52904381431009,51.00214845155103,54.70977198784677,50.84656411511451
l_372,,peripheral,arterial,East,1.5088645794039983,2.195705589663866,F,78.38032821591237,30.572976450546324,78.74426645536876,30.268956217343014
l_2283,SH1N,boundary,motorway,MWY,0.3333333333333333,1.5222056433597329,F,49.18071646946679,64.67741504605605,49.36474344224883,67.59288241770346
l_169,,boundary,arterial,East,0.48007681228996646,1.6655299928291252,F,95.53198715975178,58.57915053254723,95.58249214144531,58.95658599146769
l_285,,peripheral,arterial,West,0.6732873253661,0.8452753908646907,E,6.518425233524618,70.48215665190318,7.360099979498667,71.33172830966363
l_2206,SH1N,boundary,motorway,MWY,0.06666666666666667,0.04633920542328458,A,49.36474344224883,67.59288241770346,49.39420746996334,65.64644759848852
l_2069,,inner,arterial,CBD,0.9380129758461659,2.2320454695894107,F,77.78445854772983,70.0157000072251,78.0885341738367,71.17222198928589
l_2199,,inner,arterial,CBD,0.7897854416216927,0.21702248533997182,A,91.75179527385082,72.7841909472288,92.63746775162757,72.4704767357421
l_308,,inner,arterial,CBD,1.415261233636042,2.1606101535058846,F,67.82793053989006,48.92957243619345,68.59537829962275,48.10463258034977
l_5,,peripheral,arterial,West,0.2729630135116692,0.4822852867942884,C,38.612466567512,24.27745724437945,39.89566721333704,25.49718718738144
l_241,,peripheral,arterial,East,1.9243104554201411,3.3366034182601343,F,122.3702396828615,39.26859188617043,123.03438018628611,39.904819178716544
l_928,,peripheral,arterial,East,0.4660556159701724,1.352597103479544,F,68.46256018406585,30.32365092800221,68.89144154314862,31.180591059344565
l_637,,inner,arterial,CBD,0.9788726649808304,0.8825916156441682,E,92.70736870500535,63.3612164894368,93.29637699962102,62.29625381690608
l_10,,peripheral,arterial,West,0.6052963430012611,1.987279667845171,F,38.74567202353611,63.57123649077299,39.07219675464859,63.59229142641285
l_698,,peripheral,arterial,West,0.42560737719453806,1.6750246694223123,F,31.220265366614058,53.925228020327886,31.300284191441023,53.54540039863491
l_2402,,inner,arterial,CBD,0.4660556159701724,1.1021081038398557,F,81.01008786227239,46.95650418119253,81.34710947838948,47.54485531979951
l_489,,peripheral,arterial,West,0.4094445202675038,0.6396547064976864,D,14.461144623337136,18.312716966288814,14.754121158406688,16.496636556935503
l_1371,,boundary,arterial,East,0.9380129758461659,2.5026122211689827,F,69.90742739754064,46.16156154953552,69.92317004128877,45.83695339836799
l_1727,,inner,arterial,CBD,2.1228918504540633,2.8690904627490252,F,75.59518885069956,50.40786592647034,76.30744747190126,52.47575326682963
l_893,,peripheral,arterial,East,1.6634322151372332,4.4577391186419515,F,88.42591102021917,20.143935595076872,90.45857619154758,19.56571370973003
l_934,,peripheral,arterial,East,1.2464942349641632,1.183615216672166,F,120.08090534935732,57.50042770533528,120.13699641765682,55.850744881256276
l_2295,,peripheral,arterial,West,1.0778443113772456,2.9532602973728257,F,46.10449399598235,64.26860438115683,47.306009138218975,64.41449305000864
l_705,,boundary,arterial,West,0.718562874251497,1.0307913363841321,F,50.30450507132741,64.30546332118806,50.95607117321234,64.2664848685918
l_458,,peripheral,arterial,West,0.9416934787726595,0.8028375868233418,D,47.59617876818396,32.86944332563377,47.79573943349853,33.0819948251006
l_940,,peripheral,arterial,West,0.2729630135116692,0.6834766850644979,D,21.090033019984215,14.678683603041085,21.440673770187722,14.834454166452952
l_902,,peripheral,arterial,West,0.7232401157184185,1.955966835305891,F,25.445297927192893,77.00279068981494,25.67302331002008,77.56619041915954
l_588,,peripheral,arterial,West,0.42560737719453806,2.541803003784901,F,40.56070078706607,38.05225262882678,40.92520043647218,37.77531825608538
l_1265,,boundary,arterial,West,7.405578869414959,11.163415874346551,F,60.3128151638892,48.1490434873391,60.774522595022184,47.24867825432507
l_546,,peripheral,arterial,West,0.2729630135116692,0.4489283345647991,C,36.9968786670178,22.712457060927342,37.66069386972683,23.34894747500183
l_423,,boundary,arterial,East,0.48007681228996646,1.3902381694956645,F,95.43963619956364,61.797033827149114,95.5003199063937,61.55266787133714
l_2209,,inner,arterial,CBD,2.3720102787112074,2.3739654554284093,F,65.37049502225159,34.75892893840695,65.77564147931554,35.76447704707274
l_14,,peripheral,arterial,East,0.6587615283267457,0.9347143824883488,E,92.97144198432113,13.248900677184562,94.74427131458471,12.729508385691016
l_697,,peripheral,arterial,West,1.00993098804915,3.0187026395318055,F,28.130890312861954,68.08926229466695,28.666384370596415,67.64707834467366
l_1927,,boundary,arterial,West,0.5155746509129968,0.7683513409767949,D,61.74391316991776,58.55491233454933,62.04091213904489,59.333213682293284
l_468,,peripheral,arterial,West,0.2729630135116692,0.34696479579078476,B,9.096842275087386,22.166807835789175,10.396269420581742,21.89997852901745
l_447,,peripheral,arterial,West,1.2105926860025222,1.899610055900576,F,36.047557714434184,64.64755526746256,37.769562947338876,63.69718897123378
l_806,,inner,arterial,CBD,1.3057671381936886,2.208041128519141,F,57.91131055695978,74.76013394499716,58.39315275569288,76.12962319019151
l_199,,inner,arterial,CBD,1.4268727705112962,3.2797812070652346,F,81.5413821854528,72.10838629623474,82.16773103888916,71.8805917096322
l_481,,boundary,arterial,West,0.7062701090794946,3.0968079690890398,F,53.87968625178682,36.456745482464065,54.514902260431754,36.71534202606699
l_685,,inner,arterial,CBD,1.415261233636042,2.8630545244795282,F,68.2312228555955,55.46254364541425,68.53899968943219,55.646056144061916
l_648,,boundary,arterial,East,1.3530273988048258,1.3195542521477697,F,74.64771262574864,70.88441532044997,75.05845412024367,71.93086614417015
l_2091,,peripheral,arterial,East,0.5953266855186784,1.7395676664483022,F,97.50004725077318,55.67778679127608,98.04341434136168,55.6676950421336
l_695,,boundary,arterial,East,0.48007681228996646,1.6587043754713517,F,95.58249214144531,58.95658599146769,95.58852214064525,59.28079368324104
l_1769,SH1N,peripheral,motorway,MWY,0.26666666666666666,1.7795804963371347,F,62.370841689415734,31.246673889014883,64.02685857431082,31.180652193133124
l_2455,SH1N,peripheral,motorway,MWY,0.2,1.1724643895595017,F,32.51270910962398,82.98182240782904,33.058111487828576,81.89081997784211
l_717,,peripheral,arterial,East,0.8774495466510676,0.9184327808985349,E,70.95700150242646,14.737385387322133,71.3291682956456,16.054818204487734
l_2080,,peripheral,arterial,West,0.7872982548222018,0.8747286454758548,E,49.443104704879936,9.72922673643824,49.51565075152286,10.7536727531297
l_214,,peripheral,arterial,West,1.446480231436837,2.257492869598194,F,24.238027297717988,73.99785629994628,24.944404743697714,75.76871391045684
l_1082,,boundary,arterial,East,0.5155746509129968,0.6499016363895234,D,66.01824350958259,69.85435293678233,66.26880810419661,70.4713459349989
l_2426,,inner,arterial,CBD,0.39489272081084636,0.9248242356757156,E,95.43506928202694,70.9050897170522,95.79905897691668,70.60104186626934
l_837,,boundary,arterial,West,0.7062701090794946,2.9692416372174955,F,48.260058538961395,33.50590159417702,48.72437953409372,33.92980737647068
l_721,,peripheral,arterial,East,1.3981668479105174,1.7845259744586126,F,64.7997113597878,19.148133514434484,65.17583481005899,20.681714477473342
l_1559,,peripheral,arterial,West,0,0,A,59.36133610429514,47.24764500246948,59.58384565892624,47.50492640356332
l_997,,peripheral,arterial,East,0.7906700929037359,2.538919980253604,F,64.67813325597666,32.582538001381316,64.8377383559979,32.98499530804961
l_296,,peripheral,arterial,East,1.665047870126266,2.1545413879718236,F,93.68684043099444,51.721599902505545,93.87893242817293,51.528849290813326
l_1029,,inner,arterial,CBD,1.415261233636042,2.923143175843896,F,76.47558903030958,53.337496176667955,76.64823232438683,54.4423944689352
l_1000,,peripheral,arterial,West,0.2729630135116692,0.3841479988884344,B,12.51802123151237,21.429017231942197,12.994130866692274,21.312260769453108
l_833,,peripheral,arterial,East,0.43917435221783047,0.94139197057389,E,95.54527076006492,12.552472957554883,95.78329677286504,12.493998602727025
l_195,,peripheral,arterial,East,1.550287449131193,2.233851244667053,F,113.33141003675074,33.73472308894424,113.40268484984902,32.89556275122602
l_106,,peripheral,arterial,East,1.293521612590277,1.6585117718485933,F,78.20246890873756,30.36005164161466,78.38032821591237,30.572976450546324
l_589,,peripheral,arterial,East,0.6467608062951385,0.6880973259183436,D,80.33730487909686,32.94215722915171,80.58236816714985,33.26194376468249
l_967,,boundary,arterial,East,0.9321112319403448,0.44391693663653353,C,84.61363647954586,51.349213948500825,86.14738469613144,53.15862571255355
l_1061,,boundary,arterial,East,0.8782844177706213,1.2833055393164454,F,65.43534998947828,58.297777320738305,65.84702091206691,59.39827931212193
l_218,,peripheral,arterial,West,0.6662225183211192,0.9720993754375397,E,35.80756246244468,34.923061707502754,37.76946365038845,36.400662033468386
l_1408,,peripheral,arterial,East,1.3981668479105174,4.335331626377693,F,67.60879996164446,28.82590664672896,67.98722386930352,29.30540746056039
l_185,,inner,arterial,CBD,1.3530273988048258,1.4033642201156058,F,71.60699851117133,62.8325792472721,71.88080660841018,63.530216875278064
l_956,,peripheral,arterial,East,1.293521612590277,0.5358899624313784,C,87.15738012577293,49.00485215917143,87.17978592279842,47.86932002840633
l_191,,peripheral,arterial,West,0.8326972451599473,0.3702501512935188,B,34.82097578557332,1.239292220401202,35.52025654373531,1.4427167203535378
l_782,,boundary,arterial,East,0.39489272081084636,0.6057222195996513,C,77.12271813832574,77.73047126542916,77.62016723642606,77.58615147631306
l_640,,boundary,arterial,East,0.5469711472719815,3.109760556908906,F,107.11610624288761,60.661083712013856,107.4598377742499,60.438470714385474
l_1893,,peripheral,motorway,MWY,0.13333333333333333,0.017777777777777778,A,54.84337716773664,36.84443996626127,55.03101232778879,36.40857041089075
l_1672,,boundary,arterial,East,2.520214218208548,2.5933536534806456,F,78.65124687623067,52.24326399052595,78.82161839585643,52.05092945751798
l_125,,inner,arterial,CBD,0.4894363324904152,1.2385365538158446,F,92.03767611801433,58.91424556394204,92.59159550062452,59.4715317246036
l_2185,SH1S,peripheral,motorway,MWY,0.12631578947368421,0.22253779029771695,A,88.58763038987404,4.276280946767307,89.32106543867857,3.6450025409067117
l_257,,peripheral,arterial,West,0.4163486225799736,0.34321878643020653,B,39.569548285590436,6.530665093655181,40.054532155523674,6.900156083874466
l_1797,,inner,arterial,CBD,0.39489272081084636,0.7680857434956812,D,108.11669978191439,65.34510178786458,110.2771595696091,64.60216806600864
l_2291,SH1N,boundary,motorway,MWY,0.26666666666666666,1.751926773576342,F,54.70977198784677,50.84656411511451,55.196227636265796,50.10791671258873
l_480,,peripheral,arterial,East,0.832523935063133,2.1486137260552054,F,93.13279881840661,52.326464706958575,93.38708122474172,51.97040110126382
l_1115,,peripheral,arterial,East,2.8140389275384976,2.2042874716996743,F,78.27642858065535,71.92549262647148,78.60074489497762,73.00056057133216
l_926,,inner,arterial,CBD,0.48007681228996646,1.660218383143403,F,95.58852214064525,59.28079368324104,95.62030721267492,59.82073639361597
l_36,,peripheral,arterial,East,0.6587615283267457,0.9348775264360729,E,97.53388054729031,11.947968259590294,98.50670295029522,11.659621214841225
l_332,,inner,arterial,CBD,1.415261233636042,2.9703313425458067,F,74.22918563108018,49.43310691861998,74.49349172307936,49.61741299843831
l_2596,,peripheral,arterial,West,0.23351755273604735,0.18799775588718892,A,53.624561860442874,50.94757204378403,54.3168178838527,51.184848414248954
l_157,,inner,arterial,CBD,1.415261233636042,3.271310119976876,F,71.42027172486131,48.025512440539416,72.51495436720664,48.43773914186577
l_714,,peripheral,arterial,West,0.2729630135116692,0.7644969980365676,D,21.944412559906883,15.041487566721257,22.338514977887286,15.196464898997053
l_1987,,boundary,arterial,East,0.4894363324904152,0.5242000783986559,C,90.25782546500915,66.5912814806598,90.35462429295049,66.30890785708459
l_792,,peripheral,arterial,East,1.3681450233724775,12.887326917241737,F,66.38106518465302,29.443118125179492,66.74751254471882,29.274205902650944
l_39,,peripheral,arterial,East,0.7751437245655965,1.937258278518266,F,107.5996265655099,44.62523258906839,107.8508495037269,44.107045863993605
l_753,,inner,arterial,CBD,0.8204567209079722,2.5622506643966734,F,108.46929287016145,59.77103292301137,108.85548333009355,59.493573287192135
l_1193,,inner,arterial,CBD,0.43914220888531064,1.0329417792475233,F,68.49949739909397,66.45736428321915,68.68236408484094,66.9404700714408
l_461,,peripheral,arterial,West,0.718562874251497,3.0189643765343934,F,48.392284149825215,64.36755501154411,48.69658009671544,64.361976160048
l_351,,peripheral,arterial,West,0.9552619009711829,0.6955497917618287,D,4.405337978853362,48.7104504788504,5.2622748758372415,49.20841166111988
l_644,,inner,arterial,CBD,0.9512485136741975,3.233839550607835,F,84.65187825992689,70.9968135233585,84.95418154754421,70.88311280576647
l_346,,peripheral,arterial,West,0.4094445202675038,0.7180870581291776,D,16.358777119211265,15.089117718826287,17.49372580376037,14.149578258261334
l_35,,peripheral,arterial,West,0.2729630135116692,0.4481599255479325,C,36.57656347597873,22.314748875087535,36.9968786670178,22.712457060927342
l_502,,inner,arterial,CBD,0.718562874251497,1.0375514697775123,F,50.95607117321234,64.2664848685918,52.45581542182968,64.23896625102539
l_1289,,inner,arterial,CBD,1.415261233636042,2.9015887213152105,F,76.30744747190126,52.47575326682963,76.47558903030958,53.337496176667955
l_2092,,peripheral,arterial,East,1.1906533710373568,1.763224842187836,F,97.17704338533345,55.8459450532657,97.50004725077318,55.67778679127608
l_208,,inner,arterial,CBD,0.23542336969316488,0.5690392104892501,C,57.578859904655694,37.82117309781113,58.14789152607042,38.02692282139855
l_757,,peripheral,arterial,West,0.1364815067558346,0.3802746979904324,B,12.106611667987261,21.517570915137576,12.51802123151237,21.429017231942197
l_843,,peripheral,arterial,West,1.437125748502994,1.209193549662117,F,55.41133629772163,64.15767771289701,56.17207625134482,64.14370402021895
l_1228,,boundary,arterial,East,0.5923390812162695,0.8208219988230099,E,112.63524396539997,63.96363399899092,114.44030911357665,63.98402954582265
l_771,,inner,arterial,CBD,0.4660556159701724,0.9517829234051306,E,75.1054356537735,40.39006990359467,75.32726555570973,40.62921196747983
l_9,,peripheral,arterial,West,0.9079445145018916,1.9973425563712939,F,39.07219675464859,63.59229142641285,41.33762332584963,63.821111010822186
l_855,,boundary,arterial,East,1.1867088607594938,2.7443213352963953,F,70.54401738169513,73.5546576808655,71.09092346605954,73.73375866135535
l_2136,SH16,peripheral,motorway,MWY,0.21176470588235297,0.3930414297493979,B,6.354425405604306,11.21694535711378,8.30764198059244,11.046367011593231
l_2245,,boundary,arterial,West,0.5933544303797469,2.6856970200689543,F,58.94506781249516,69.49801981198192,59.6653422868612,69.64693644363454
l_31,,peripheral,arterial,West,2.520214218208548,1.7696188715817476,F,56.114680226208456,63.388020240501945,56.17207625134482,64.14370402021895
l_234,,inner,arterial,CBD,0.4660556159701724,0.9551260247817714,E,75.32726555570973,40.62921196747983,75.63802827473823,40.974817400909345
l_1730,,peripheral,arterial,West,1.54182191956829,2.6014211088873287,F,19.89606651006187,85.10354362914642,19.947982144973768,84.3728949178436
l_347,,peripheral,arterial,West,0.6662225183211192,0.7195637603284284,D,24.037733355692705,26.111121451821912,25.823146071098005,27.456912121633646
l_1181,,peripheral,motorway,MWY,0.26666666666666666,0.07869468085905783,A,54.790414310606764,39.87236972272349,56.54245474560589,44.110349820587466
l_1742,,inner,arterial,CBD,0.39489272081084636,0.10298599935332992,A,94.01955939567458,71.95836419580954,94.75760518399456,71.37811824789006
l_281,,peripheral,arterial,West,0.2729630135116692,0.8805584185522649,E,28.5578100243917,17.70460642082063,29.192934738117824,17.963277779906274
l_1831,,peripheral,arterial,East,1.3981668479105174,1.6466694402304274,F,66.9975920537754,27.512874366468814,67.60879996164446,28.82590664672896
l_264,,boundary,arterial,East,0.4660556159701724,0.4053164581446058,B,86.14738469613144,53.15862571255355,86.39147628717548,53.424371483755564
l_812,,peripheral,arterial,East,0.8783487044356609,0.9353193455451471,E,71.21677563603794,19.381157638876196,72.14670202358586,19.120755876282022
l_575,,peripheral,arterial,West,4.168596572487263,4.077756238941875,F,45.33546455065397,50.64015856246235,45.63040736722147,51.31041244544373
l_389,,inner,arterial,CBD,0.4660556159701724,0.9896030627218155,E,74.17215607017293,39.29921543933476,74.37225085683323,39.53875972036199
l_1841,,inner,arterial,CBD,0.9380129758461659,2.5615130772201042,F,69.02088481341899,44.06984268875535,69.28468027012974,44.22713779521617
l_2205,,peripheral,arterial,West,1.5,2.0589576105075027,F,19.969935188443806,89.1561121549009,20.49151013134539,91.52491898071625
l_1024,,peripheral,arterial,East,8,13.434193468709958,F,93.11445522620902,70.05626400761284,93.36711076095095,70.78129612834279
l_7,,peripheral,arterial,West,0,0,A,14.16267206992958,21.02075980134098,14.219989880572841,20.587299202805738
l_784,,peripheral,arterial,East,0.8783487044356609,0.9311427667955194,E,72.14670202358586,19.120755876282022,72.96847240440836,18.88937323681051
l_562,,peripheral,arterial,West,0.2729630135116692,0.5071635796922541,C,42.57225880891554,28.015686351077534,43.12596193946024,28.573098333344394
l_1956,,inner,arterial,CBD,0.43914220888531064,1.0805456955457322,F,70.12209217912265,70.72466007959736,70.25949686328485,71.1004970760738
l_235,,peripheral,arterial,East,1.550287449131193,2.4755410455944857,F,110.96076391356546,25.53575777807992,111.16442414012288,25.964389511923958
l_80,,boundary,arterial,East,0.7906700929037359,0.2573024561090595,A,65.5765602186425,35.32268875330685,65.77564147931554,35.76447704707274
l_1075,,peripheral,arterial,West,1.7410228509249184,0.8401202031125555,E,56.68502148924751,69.56657895168362,56.715064517853946,68.8363153752497
l_677,,peripheral,arterial,East,0.15453164035336234,0.44647367847323727,C,134.76395624930927,61.33372528134379,135,61.16713814510359
l_738,,inner,arterial,CBD,2.037351443123939,14.40603485080242,F,56.50199752388697,40.732792805068556,57.16493430962281,41.31518949805512
l_532,,inner,arterial,CBD,0.9380129758461659,1.9151807519143105,F,77.1995521797882,67.78330510375392,77.3632048413974,68.40189168926318
l_113,,peripheral,arterial,West,1.3324450366422385,0.9839672916257034,E,39.70916501073208,37.85162503008587,40.19570474869588,38.302169088866755
l_1813,,peripheral,arterial,West,0.8326972451599473,0.8448848052428859,E,52.28329132929725,11.135286795681793,53.13224760755773,11.200773498730635
l_2060,SH1S,peripheral,motorway,MWY,0.25263157894736843,1.4714255154884845,F,67.19612068495205,30.02267956789145,68.10340088513385,29.560612238759166
l_630,,boundary,arterial,East,0.8204567209079722,1.929726306648388,F,113.43853816851465,60.40815325388406,113.90558048528936,60.9670057373324
l_193,,inner,arterial,CBD,2.3720102787112074,2.1953698538727027,F,65.77564147931554,35.76447704707274,66.18877609814999,36.6897596250006
l_1858,,inner,arterial,CBD,0.7897854416216927,0.5751133099909327,C,73.33873570061782,78.88137666158906,74.59298837555528,78.50688881137079
l_466,,peripheral,arterial,West,0.7171029042667623,1.8467501740339973,F,31.868615064405507,12.130798071536567,32.076023128003456,11.586483453407137
l_2213,,peripheral,motorway,MWY,2.1697203471552555,3.3422149169011153,F,24.363999786618674,88.0491450436684,24.62481038678189,89.23354394905859
l_99,,inner,arterial,CBD,0.9590792838874681,1.0598648033669715,F,59.717252360908624,55.94360305475917,60.365306313722996,55.715473433865334
l_188,,peripheral,arterial,West,0.9364026531408505,1.5712485842235735,F,36.278057499793505,42.80613344039605,36.847573293286096,43.038958409692896
l_2399,,inner,arterial,CBD,1.1867088607594938,2.698486118954783,F,53.65937578832898,70.56806433224813,55.73360997152649,69.85431913751114
l_511,,peripheral,arterial,East,1.1259148057796962,1.0528114377319602,F,118.61375585870096,20.93350617850465,121.14212573432141,20.12950421223557
l_2622,,peripheral,arterial,West,1.446480231436837,1.5764970129341245,F,25.603129811711074,85.64827640784264,25.71027241241555,85.50503673443971
l_2078,,peripheral,arterial,West,0.8326972451599473,0.44866330555535955,C,46.885732413122895,9.585731174776488,49.898340408449265,10.287200357257893
l_669,,peripheral,arterial,East,1.1089548100914888,4.4078606276172865,F,92.27492744700248,19.04553860649214,93.03148677723222,18.81528551705726
l_292,,peripheral,arterial,West,0.2729630135116692,0.6843764668781936,D,20.12700620431193,14.317854676588565,21.090033019984215,14.678683603041085
l_946,,boundary,arterial,West,0.9590792838874681,1.1409530033289341,F,58.832107374041705,56.28419524845777,59.717252360908624,55.94360305475917
l_101,,peripheral,arterial,West,0.4163486225799736,1.4718782348430115,F,59.782838745666176,15.862190012256894,60.32709458729514,15.906228114512503
l_2623,,peripheral,arterial,West,2.3734177215189876,2.7386192952777466,F,48.84250379985112,72.305034748848,50.93701624165682,71.50988846607248
l_618,,peripheral,arterial,West,0.6732873253661,2.9842436763484668,F,26.07238139930309,69.66727884791707,26.2650441370088,69.50161069839838
l_859,,peripheral,arterial,West,0.7872982548222018,4.276541780810578,F,56.53439827646412,28.327071268331206,57.80877329498813,29.0603833529227
l_643,,peripheral,arterial,East,0.3233804031475693,0.5310415422748179,C,84.26974952002529,39.842254643745136,84.56480800990667,40.512457308664516
l_1347,,peripheral,arterial,West,0.3936491274111009,1.7684629429325747,F,50.69692379383854,14.70487484598382,50.837244456030206,15.242827359576108
l_474,,peripheral,arterial,West,0.47763095048559145,0.6965813345725,D,4.01069811661876,48.52842067021391,4.405337978853362,48.7104504788504
l_2346,SH16,peripheral,motorway,MWY,0.21176470588235297,1.362276201461037,F,88.88572095283965,47.24312752398298,89.91925227233742,47.87261040785828
l_1639,,peripheral,arterial,West,2.312732879352435,2.871446721956385,F,19.926106752739194,86.75158827521348,19.969935188443806,89.1561121549009
l_2153,,peripheral,motorway,MWY,0.13333333333333333,0.18049480379842586,A,56.402727847693974,48.329035398305,56.50542690938186,48.00283151305364
l_150,,peripheral,arterial,East,0.6467608062951385,1.660285596254093,F,77.93568061832971,30.040664160078066,78.20246890873756,30.36005164161466
l_1740,,boundary,arterial,East,0.7897854416216927,0.501450463144176,C,80.05942625532296,76.62218255060786,81.08005577299889,76.54926355530483
l_472,,peripheral,arterial,East,0.9380129758461659,2.516840072444235,F,70.11451282827578,46.77935180755179,70.2286731667003,47.07453781757526
l_48,,peripheral,arterial,East,0.7751437245655965,1.8326177394561114,F,111.16009224621511,37.369775279737574,112.25637496368564,35.5385411198825
l_936,,inner,arterial,CBD,2.7060547976096516,2.0457555358870283,F,69.71112581881982,57.89467136604405,71.4923297427907,62.51037667129816
l_1175,,peripheral,arterial,West,0.3936491274111009,1.8866661651612844,F,51.85167599897967,19.575456539565796,52.058685768613564,20.193263164454763
l_120,,peripheral,arterial,West,0.4163486225799736,0.39509741833914347,B,42.33620669458588,8.047533513322234,43.95411189193078,8.558418666871638
l_770,,boundary,arterial,West,2.520214218208548,1.705100397908019,F,56.32606541401806,63.05982054201619,56.694073547401054,62.971980289645025
l_2466,,inner,arterial,CBD,0.39489272081084636,0.7723511427998122,D,103.2993358126966,67.02931881658287,104.14149649928248,66.71636251607733
l_1145,,boundary,arterial,East,20,14.193415248147172,F,92.03296894979158,68.02229805492169,92.79408265927084,69.19735448919624
l_2440,,peripheral,motorway,MWY,0.26666666666666666,1.7385343538470144,F,49.79450913135496,59.94446400638409,50.045302908123446,58.957232655495595
l_1419,,peripheral,arterial,East,1.1906533710373568,2.1179991199068513,F,96.91823777215785,55.95885743573806,97.17704338533345,55.8459450532657
l_2361,,inner,arterial,CBD,2.8140389275384976,3.280937089383603,F,67.12521488214176,39.13191321982314,67.70773375932492,40.06710393206882
l_776,,peripheral,arterial,East,0.8774495466510676,1.4643008654809484,F,71.70183893190438,17.39926773257083,71.91290464729968,18.23319513559029
l_1544,SH16,peripheral,motorway,MWY,0.2823529411764706,1.4794699419264026,F,49.68867320585987,26.07446749641536,50.39600241867397,26.710121222629585
l_696,,boundary,arterial,West,2.520214218208548,1.6225138278666438,F,59.154975830174145,62.007853992161465,59.436040302780505,61.921607193387665
l_304,,peripheral,arterial,West,0.2729630135116692,0.6435364136531504,D,14.754121158406688,16.496636556935503,15.330500061785118,15.918605820140177
l_1842,,peripheral,arterial,East,0.4660556159701724,1.5357251872534787,F,65.89089981224126,22.911738372471945,65.89837991321727,22.459408351024813
l_1835,,peripheral,motorway,MWY,0.26666666666666666,0.1757852710791283,A,57.00066621402222,46.561331295919516,57.404808572559816,47.256589734658704
l_1466,,inner,arterial,CBD,4,1.9812351788851488,F,54.601457003357595,57.956488700539424,55.00893571652691,57.795244242644074
l_1335,,inner,arterial,CBD,0.39489272081084636,0.43350133213232894,C,84.7260242626595,74.99536883348628,85.37493950857717,75.0064425633978
l_1568,,peripheral,arterial,East,1.5,10.453606550974046,F,79.55429144422294,16.497444047093744,79.80053627693036,15.709118076540907
l_727,,boundary,arterial,West,0.8705114254624592,0.9229678637363805,E,56.28338762277463,65.46595089865612,56.393207797005694,66.70714598946688
l_2609,,boundary,motorway,MWY,0,0,A,55.13420368523813,36.10938411357112,55.472969690872716,35.61668455953831
l_1808,,peripheral,arterial,East,1.260107109104274,1.2862808765423792,F,84.55624162921892,43.566620758211755,84.69935380385046,43.07749278340039
l_985,,peripheral,arterial,West,1.5280135823429541,14.274409813150307,F,57.76267550723545,41.89878278073104,58.42761061428287,42.58924470487888
l_865,,peripheral,arterial,West,0.2081743112899868,0.3220951448829655,B,37.703173131629995,4.321633367633035,38.127914939335575,4.9624941669907185
l_1872,SH16,peripheral,motorway,MWY,0.21176470588235297,1.4605051278888463,F,49.511344857629844,25.888536433079363,49.68867320585987,26.07446749641536
l_1859,,boundary,arterial,East,1.7800632911392407,2.7145154238683236,F,71.33102328162099,73.78338402757181,72.26968731133745,73.98228369520415
l_2149,SH16,peripheral,motorway,MWY,0.07058823529411765,0.18179603803767064,A,5.2022599061072095,11.210820503273808,5.55042624669366,11.231531264238088
l_1297,,boundary,arterial,East,0.5155746509129968,0.6527128191834426,D,65.79091193583423,69.31801109504654,66.01824350958259,69.85435293678233
l_587,,peripheral,arterial,East,0.3233804031475693,0.5059440708201343,C,82.54089711622093,35.71215703421988,82.74300274340413,36.059762791077446
l_33,,inner,arterial,CBD,0.7062701090794946,2.9579309368932796,F,49.65451723037659,34.85866776126015,50.07190218762322,35.09424726549475
l_2181,,peripheral,motorway,MWY,0.06666666666666667,0.03131298231867209,A,55.03101232778879,36.40857041089075,55.13420368523813,36.10938411357112
l_2292,,inner,arterial,CBD,0.39489272081084636,0.9229486546181747,E,95.79905897691668,70.60104186626934,95.99167030038294,70.43530732536722
l_831,,peripheral,arterial,West,3.7803213273128216,2.3759620345730963,F,61.484449617654434,60.9920624452506,62.56522719797414,60.64785993785288
l_1537,SH1S,peripheral,motorway,MWY,0.06315789473684211,0.04648885248888692,A,74.5014329682545,23.023156082247098,75.80802843546739,21.972011158945016
l_991,,peripheral,arterial,East,0.6467608062951385,1.6659585733485016,F,77.22274817919336,29.10791067568746,77.49053491244558,29.481333655634618
l_222,,peripheral,arterial,West,0.7906700929037359,0.7562787857373017,D,62.344034931930025,27.436435581392367,62.909256777284135,28.615194350702243
l_121,,peripheral,arterial,East,1.162715586848395,2.0064013972384966,F,105.61152915050488,48.77030886430576,106.49109268072078,46.970172440998155
l_408,,peripheral,arterial,West,0.9552619009711829,1.1632214063296935,F,16.664169368383536,47.352798394816936,17.160594082469917,47.15458765334217
l_299,,peripheral,arterial,West,1.446480231436837,2.3056059850039268,F,25.855796386435493,78.0493306162986,26.037583622950738,78.47843636966675
l_131,,peripheral,arterial,West,0.9364026531408505,1.5670699050746522,F,36.847573293286096,43.038958409692896,38.20542630021428,43.58168078036334
l_1338,,peripheral,arterial,East,0.9512485136741975,0.7956200248683996,D,78.60074489497762,73.00056057133216,79.13482182060346,72.98213546199597
l_242,,peripheral,arterial,East,1.9243104554201411,3.6584887601556195,F,119.59191969872163,37.18539433148002,121.55093622211334,38.473101832300074
l_260,,inner,arterial,CBD,0.6467608062951385,0.1146616645980211,A,86.68372484468301,52.77032123279098,86.88301736275469,51.793673046567044
l_724,,boundary,arterial,East,0.9416934787726595,1.1836508908305683,F,66.81325321532405,37.54309989421768,67.55166520542518,37.50246451841118
l_1319,,boundary,arterial,East,4.756242568370987,3.0783607139477356,F,78.691192060888,73.188074916488,79.6613271912913,72.7377239308592
l_986,,inner,arterial,CBD,1.260107109104274,1.768504839435925,F,64.27183221174457,60.04889308379106,64.59536532672976,59.90780433945354
l_192,,inner,arterial,CBD,0.47084673938632976,1.1742514200552736,F,67.55166520542518,37.50246451841118,68.1814136812295,37.46382972117653
l_680,,inner,arterial,CBD,11.508951406649617,7.755799241842347,F,55.71851796387649,84.39476511545743,60.53463260160553,82.60360952623184
l_558,,peripheral,arterial,West,0.2729630135116692,0.2929741978221165,B,6.703500289561166,22.048086483923136,7.032410215232541,22.20427560395299
l_143,,boundary,arterial,East,0.9512485136741975,3.360092592746132,F,80.0505810352026,72.62242364508671,80.52577913799671,72.4514808872032
l_40,,peripheral,arterial,West,0.2729630135116692,0.44716255888937606,C,35.35958411076192,21.14784221539322,36.57656347597873,22.314748875087535
l_939,,peripheral,arterial,East,5.131494547787043,4.211419404835509,F,113.33141003675074,33.73472308894424,114.8461036642214,34.51726830601215
l_907,,peripheral,arterial,West,0.6732873253661,1.0881350800814125,F,15.3217889430515,72.72768638765986,15.604851378302122,72.74956852759031
l_566,,peripheral,arterial,East,0.7751437245655965,2.148553958742525,F,104.31439149020592,51.497118173635656,104.58686244580402,50.95151444630391
l_654,,peripheral,arterial,West,0.42560737719453806,1.6898687400719894,F,29.74430385045938,60.006032223592356,29.946834492384088,59.19155118606064
l_629,,peripheral,arterial,West,1.446480231436837,2.2238579731326116,F,26.76621972872008,80.27590936570861,27.44892572674896,81.93908674258003
l_484,,peripheral,arterial,East,0.6404098623118796,1.202497982857629,F,84.35024758592708,9.030415185966078,84.4901524895696,9.541330509440055
l_52,,peripheral,arterial,East,0.48007681228996646,1.698183527122164,F,91.16086530039657,69.0654770496398,91.37421086995198,68.84530934288631
l_1812,,peripheral,arterial,West,0.5904736911166514,1.701116502834384,F,49.90940397851023,12.070740806355541,50.372327238151584,13.6027499728096
l_2486,,inner,arterial,CBD,0.7897854416216927,0.4383868334697595,C,82.50457703730733,75.84115997283072,82.88992485657327,75.65094779001757
l_876,,peripheral,arterial,East,0.43917435221783047,1.0358666960634648,F,90.52797910869336,13.942877608033063,91.37144208454141,13.711017694944955
l_1743,,inner,arterial,CBD,0.5923390812162695,0.9198841574469017,E,95.99167030038294,70.43530732536722,96.91275782413499,69.68849071544473
l_805,,peripheral,arterial,East,0.43917435221783047,0.719120637428992,D,99.89088353938105,11.28254088547251,100.99357657658535,10.96474025228029
l_118,,peripheral,arterial,East,1.2490458677399208,1.5897958800256855,F,63.725721108876655,17.49227415964829,64.39010580932049,18.15569880527333
l_435,,peripheral,arterial,East,0.6404098623118796,1.401323806975056,F,85.68262845715589,14.059720065951861,85.80030734827638,14.54401975755038
l_2626,SH16,peripheral,motorway,MWY,0.07058823529411765,0.06412225451247647,A,77.55545157062653,32.855574573707166,78.93065187686287,35.09299452909122
l_2155,,inner,motorway,MWY,0.13333333333333333,0.034491517602869046,A,55.472969690872716,35.61668455953831,55.63837242127506,35.15419638640701
l_339,,peripheral,arterial,East,0.6467608062951385,0.6411669310189217,D,73.31923648138135,22.763618500378467,73.49056468457023,23.609380692674144
l_2508,,boundary,arterial,East,0.7897854416216927,0.38517513493498395,B,73.33873570061782,78.88137666158906,74.20233702682296,78.62352733780773
l_1141,,peripheral,arterial,West,4,4.137079598315987,F,50.71651428987713,59.51424531615079,51.231695100153715,59.15345114010011
l_2336,,inner,arterial,CBD,0.39489272081084636,1.074889329252239,F,95.00536727110902,71.18332959199535,95.43506928202694,70.9050897170522
l_410,,inner,arterial,CBD,4,5.0078845068815,F,85.50290607461442,62.95417671462451,86.0452887326778,62.89008241051103
l_291,,peripheral,arterial,East,1,0.8071953353867511,D,103.82181585288141,14.587758999822961,104.1709519148382,15.824492092970116
l_1413,,peripheral,arterial,West,0.5904736911166514,1.9567087828750278,F,52.66608875196017,23.668517093456877,52.70507672282904,23.424563417703144
l_2495,,inner,arterial,CBD,0.5933544303797469,2.6698359561894627,F,60.973984625025764,69.86610930404476,61.911622799451074,70.01102042117412
l_2068,,inner,arterial,CBD,0.9380129758461659,2.222431720612367,F,78.0885341738367,71.17222198928589,78.18298137855709,71.57587458350308
l_123,,peripheral,arterial,West,0.9552619009711829,1.5428401040843198,F,18.379765234502536,44.86221493952579,18.751260629148295,43.77440983898291
l_2,,peripheral,arterial,East,2.877237851662404,1.5741038877151374,F,62.61075366145854,54.863368946849434,63.668765861908625,54.46552494747484
l_1381,,peripheral,arterial,East,1,0.9415420395984565,E,104.52009164720675,17.061224643942403,104.75050162513983,17.759631560391824
l_331,,boundary,arterial,East,0,0,A,86.98484093866688,50.25127140086294,87.02028595681482,49.81818938328988
l_841,,peripheral,arterial,East,0.7751437245655965,2.26640493713347,F,112.74875557728336,29.31319530064335,112.90643392091758,29.607549191535874
l_535,,boundary,arterial,East,0.9380129758461659,3.6866491739563054,F,66.89691065895856,38.541538023179406,66.96610027265491,38.756474806697
l_578,,peripheral,arterial,East,0.4163486225799736,1.501016436865921,F,63.37204910383103,17.174469943216778,63.725721108876655,17.49227415964829
l_860,,inner,arterial,CBD,0.8705114254624592,2.0351004260521877,F,58.57699752959342,76.66677151620668,58.66941781072258,76.96236283428607
l_1913,,inner,arterial,CBD,0.9788726649808304,0.47496392599914555,C,89.77142609073935,68.0101659520379,90.25782546500915,66.5912814806598
l_571,,peripheral,arterial,West,0.4163486225799736,1.2986950071781236,F,55.047622773339015,12.516903946996234,55.37854866737368,12.781086522748506
l_391,,inner,arterial,CBD,6,6.4685287723835785,F,88.13824604143318,60.851355100114134,88.82022876021257,60.109002418329815
l_1739,,inner,arterial,CBD,0.39489272081084636,0.4742462839059103,C,81.08005577299889,76.54926355530483,81.33539754539818,76.45979521838711
l_322,,peripheral,arterial,East,0.7751437245655965,2.746128974175924,F,106.51764890136762,20.429405462124972,107.31610278619196,21.279390959790696
l_800,,peripheral,arterial,West,1.446480231436837,0.19286403085824494,A,26.537383242184763,84.41507822347306,27.363925558451466,83.2378907499631
l_253,,inner,arterial,CBD,0.4660556159701724,1.0313646764252518,F,72.95436136552796,38.10550277253727,73.4414775800455,38.58298865095823
l_355,,boundary,arterial,East,0.6467608062951385,0.29115583139229523,B,86.88301736275469,51.793673046567044,86.93016873018497,50.81984247240323
l_808,,peripheral,arterial,East,0.3233804031475693,0.6460950105207686,D,72.51738312095013,20.357134741317427,72.63653273477681,20.922492786809368
l_2518,,boundary,arterial,East,0.5953266855186784,2.1177087705126394,F,96.21204954230274,56.566555217327355,96.4658299357641,56.18347061928901
l_170,,inner,arterial,CBD,0.48007681228996646,1.5584190879449067,F,95.5003199063937,61.55266787133714,95.55698359193237,61.09216345475117
l_317,,inner,arterial,CBD,0.7405578869414959,1.646984579397616,F,61.042565463147625,42.919518279823976,61.05782322301702,42.56789391289932
l_567,,peripheral,arterial,East,0.7751437245655965,2.140210000646711,F,104.58686244580402,50.95151444630391,104.8375977296964,50.40631472515976
l_725,,peripheral,arterial,East,0.43917435221783047,0.8239498807139909,E,77.59583164338271,17.56066638097576,78.63389556618147,17.271209191065452
l_1285,,boundary,arterial,East,0.5155746509129968,0.6490102727554171,D,63.73301721953026,63.842510507436664,63.89363691121102,64.29900298311922
l_470,,peripheral,arterial,West,0.42560737719453806,2.545316031417236,F,42.01968492798666,36.998545569161564,42.27750110402087,36.831667139459704
l_652,,peripheral,arterial,West,0.6052963430012611,1.9066781498542316,F,30.45118311183978,66.56049963894581,30.711516231192693,66.52872323261263
l_229,,inner,arterial,CBD,0.9590792838874681,0.7964193392108313,D,56.177153289115644,57.332965838616346,56.909666401894945,56.968163807931695
l_960,,peripheral,arterial,East,0.8783487044356609,0.6843004934121552,D,101.81528772792824,10.733241270101217,102.55007734153769,10.503356300710722
l_878,,peripheral,arterial,West,0.3682563063892469,0.2797893316116071,B,45.5524687978586,66.0141487790403,45.73280094593361,66.36218699020907
l_802,,peripheral,arterial,West,0.6732873253661,2.1634230182997674,F,21.956748753009197,72.90429875875918,22.21413355053663,72.71043040111572
l_883,,peripheral,arterial,West,2.0198619760983,1.9558502715170865,F,21.311067390560833,73.26739101638535,21.956748753009197,72.90429875875918
l_699,,peripheral,arterial,West,0.6732873253661,1.1343244981997804,F,15.604851378302122,72.74956852759031,16.56321227752726,72.84025424133975
l_599,,peripheral,arterial,West,0.42560737719453806,2.62850269067643,F,35.36572445464771,41.66067944916726,35.79494132994891,41.35554576370837
l_2381,,boundary,arterial,East,3.723239218119764,2.5075355842053777,F,72.57823768025631,77.20970538197737,72.79557261648976,77.72925969396898
l_496,,peripheral,arterial,West,0.6732873253661,1.0902959363929712,F,14.297729047333547,72.61116249408158,15.3217889430515,72.72768638765986
l_2400,,peripheral,arterial,West,0.3936491274111009,1.3614839359690962,F,49.74686058908109,11.506169211820113,49.793166406555756,11.623539450099324
l_421,,inner,arterial,CBD,1.2487859025946997,1.8573190585057693,F,92.61275717842703,55.930652377295964,92.94960485219059,54.167673759808544
l_265,,peripheral,arterial,West,1.3465746507322,2.2836699205610405,F,22.685429373062288,72.32348419454668,23.242681989488776,71.88091929891863
l_1469,,peripheral,arterial,East,0.43917435221783047,0.05855658029571073,A,65.28320945797132,21.78782265927026,65.47130617214107,21.378959428424118
l_568,,peripheral,arterial,West,0.6052963430012611,2.020493249134814,F,42.18728377616061,63.91366633105836,42.775625154199204,63.983975809775
l_1421,,peripheral,arterial,West,0.8512147543890761,1.7177765295927157,F,28.948483104308647,64.0474516095016,29.063093303299656,63.180523259673606
l_255,,peripheral,arterial,West,1.0756543564001435,1.7395009802807886,F,29.998429859075458,16.84049715637769,30.933286710960843,14.472141602147115
l_1825,,inner,arterial,CBD,1.1867088607594938,2.8104229653846997,F,67.67887400167436,71.47237562974169,67.75056696475887,71.8223982887934
l_2100,,peripheral,motorway,MWY,1.446480231436837,4.23674640407734,F,24.62481038678189,89.23354394905859,24.78930286728638,89.90620079474266
l_349,,peripheral,arterial,West,1.4328928514567743,2.158702512144765,F,29.63117375053188,40.738407169336135,31.82965529481993,40.88746036142578
l_520,,peripheral,arterial,East,0.3233804031475693,0.7865597449395545,D,78.58042036377357,30.812516689642433,78.78051296407524,31.05205674766584
l_2525,SH16,peripheral,motorway,MWY,0.2823529411764706,1.0666301308053479,F,24.505677855443885,8.886879360120584,25.89488625289297,8.780468454057408
l_1374,,peripheral,arterial,West,0.8326972451599473,0.842728841967552,E,53.13224760755773,11.200773498730635,53.61726759322485,11.570233857453232
l_676,,inner,arterial,CBD,0.4660556159701724,0.77565884110641,D,76.21559039315031,41.639812585475795,76.50412275029483,41.95880096187605
l_87,,peripheral,arterial,East,0.7751437245655965,1.946059551364923,F,107.14013993361219,45.633778238800495,107.5996265655099,44.62523258906839
l_1284,,peripheral,motorway,MWY,0,0,A,54.71696039624606,37.06297351264424,54.84337716773664,36.84443996626127
l_211,,peripheral,arterial,West,0.6384110657918071,1.7387579098225947,F,33.84449708141225,45.25594081754156,34.33790463427737,43.70643040416842
l_2388,,inner,arterial,CBD,0.39489272081084636,0.7656468411846605,D,99.25936730513611,68.42871382215652,99.71280601003023,68.25813010841078
l_16,,peripheral,arterial,West,0.6384110657918071,1.6902742717903645,F,30.61418472273863,56.4497273285268,30.87647586311128,55.33686591613959
l_561,,peripheral,arterial,West,0.7171029042667623,1.8638734691236338,F,31.058229188577965,14.172570820586582,31.182676867441586,13.845982687981149
l_1002,,boundary,arterial,East,0.39489272081084636,0.7401017077368346,D,75.02672894130816,78.4448305625403,75.28657339780666,78.38598138298839
l_2012,,boundary,arterial,West,0.5933544303797469,2.688184385074113,F,59.6653422868612,69.64693644363454,60.385120072702094,69.7688333866943
l_2049,,boundary,arterial,East,0.5469711472719815,0.16570331904591182,A,101.1613482400527,58.474587001941416,101.16638054128681,58.744760190886595
l_2468,SH1S,peripheral,motorway,MWY,0.1894736842105263,1.469374584708857,F,70.30629292231427,27.749155313058328,70.85932826884891,27.09031587164849
l_2639,,boundary,arterial,East,0.5155746509129968,0.6512122016908107,D,63.20769144477789,62.473832463053,63.366814280569855,62.84927358523913
l_24,,peripheral,arterial,East,0.3233804031475693,0.5336692497361812,C,87.17978592279842,47.86932002840633,87.21874019539901,47.625359058670156
l_2312,,peripheral,motorway,MWY,0.26666666666666666,1.7419536644984697,F,50.045302908123446,58.957232655495595,50.157972579024026,58.55544635747299
l_442,,peripheral,arterial,East,1.2464942349641632,1.7175019415843324,F,119.1538986518475,61.409599787911716,119.94698244307746,60.800198697541475
l_38,,peripheral,arterial,West,0.34657039711191334,0.677679451224669,D,61.7574991780462,22.74462655540338,62.96845920756803,22.398014489575356
l_1563,SH1N,peripheral,motorway,MWY,1.2,0.17439725308623993,A,26.11703655265897,98.31416060340739,27.039409729875562,100
l_539,,peripheral,arterial,East,0.5,0.8656130572933148,E,102.6430421755195,10.825947730733448,102.80421995499638,11.309430453865668
l_1168,,peripheral,arterial,East,16,13.666011807599677,F,93.36711076095095,70.78129612834279,93.73447562361224,71.82851945246047
l_353,,inner,arterial,CBD,1.415261233636042,3.204601824011027,F,72.82172612412494,48.56721059511827,73.54693843134346,48.98625010753081
l_184,,peripheral,arterial,West,0.4352557127312296,0.9187816933639311,E,56.256678707080965,65.1961779462342,56.28338762277463,65.46595089865612
l_891,,inner,arterial,CBD,1.260107109104274,2.87753388454315,F,80.69117831584225,49.69208389607326,81.05114349628595,49.17192259123796
l_577,,inner,arterial,CBD,0.47084673938632976,2.950285635573197,F,50.07190218762322,35.09424726549475,50.51002692927981,35.27539264319926
l_1668,,boundary,arterial,East,1.260107109104274,0.6267640830523421,D,78.03295957510909,52.903326630060036,78.65124687623067,52.24326399052595
l_403,,peripheral,arterial,East,1,0.8192374687696354,D,102.80421995499638,11.309430453865668,102.94165319043678,11.68524784634116
l_406,,peripheral,arterial,West,0.9552619009711829,1.1666772563531256,F,15.445123067090424,47.26685798344814,16.664169368383536,47.352798394816936
l_666,,peripheral,arterial,East,0.6990834239552587,1.2949848177077996,F,69.77094647788392,32.89406806263051,70.81008333656156,35.00999473977138
l_1614,,peripheral,arterial,East,1.1906533710373568,1.6255293785635128,F,99.44258708063082,54.91198217464187,100.15026983076909,54.38532482947949
l_378,,peripheral,arterial,East,1.785980056556035,1.6348666516523316,F,101.74352698554671,53.54490845556619,103.2508411483498,52.76013109582854
l_877,,peripheral,arterial,West,1.446480231436837,2.267508942994336,F,25.103465392982685,76.14418209199061,25.445297927192893,77.00279068981494
l_1836,SH1N,peripheral,motorway,MWY,0.4,1.178481423489556,F,27.578237516808805,87.82842725419826,32.51270910962398,82.98182240782904
l_626,,inner,arterial,CBD,0.7365126127784938,2.1078124248180057,F,52.78830011437159,83.50263199099263,52.902451861081026,83.79782671239595
l_744,,peripheral,arterial,West,0.34657039711191334,0.6778667826979703,D,55.0507051747397,24.48955916017937,55.48533050156489,24.481572560118224
l_141,,inner,arterial,CBD,1.415261233636042,2.426274891182389,F,66.63071109769622,52.38399397535276,66.70966745550835,51.95011603128202
l_760,,boundary,arterial,East,1.415261233636042,2.3872527249825675,F,68.59537829962275,48.10463258034977,68.94062341036035,47.96313561986152
l_226,,peripheral,arterial,East,0.43917435221783047,1.0699227968817355,F,86.5916285183731,15.015838603926118,87.0030007275946,14.92713592971127
l_1207,,boundary,arterial,East,0.5469711472719815,0.07292948630293085,A,101.16638054128681,58.744760190886595,101.60510718434668,58.95281800135987
l_612,,peripheral,arterial,West,0.6662225183211192,0.6303295137090604,D,15.72932362367471,19.911227030447844,16.17033802430047,20.25454630502344
l_2197,SH1N,boundary,motorway,MWY,0.26666666666666666,1.5111076449963157,F,49.18071646946679,64.67741504605605,49.19699130200595,64.37982714894805
l_2357,,peripheral,motorway,MWY,2.1697203471552555,5.523964305674961,F,24.858954648088062,90.14816718611766,24.975534360902035,90.57846158438335
l_628,,peripheral,arterial,West,1.446480231436837,2.146484708690468,F,26.037583622950738,78.47843636966675,26.76621972872008,80.27590936570861
l_111,,peripheral,arterial,East,0.34657039711191334,0.6740196548756647,D,63.20600543557695,22.31256086351536,63.552206767970176,22.225105963372908
l_2546,,boundary,arterial,East,1.317426626655932,1.284168608041784,F,63.668765861908625,54.46552494747484,64.18510637025192,55.347891346380386
l_2176,,peripheral,arterial,East,0,0,A,87.18797964508035,47.13945006673204,87.56965794537385,46.61887411575979
l_88,,peripheral,arterial,West,0.9552619009711829,0.7224311257495157,D,5.2622748758372415,49.20841166111988,8.148804108213302,50.12899996174968
l_2503,,peripheral,arterial,West,0.8326972451599473,0.8014190605682544,D,53.61726759322485,11.570233857453232,54.407503476894796,11.988138001938534
l_973,,peripheral,arterial,East,0.3233804031475693,0.7205951689360656,D,79.26963011395762,31.637598349774255,79.60262002906941,32.009813320113814
l_1494,,peripheral,arterial,West,0.23351755273604735,0.34098015360304634,B,50.81056204175561,51.620827967298034,50.97996415226851,51.37448260392888
l_650,,peripheral,arterial,East,1.2808197246237591,1.3986566652081367,F,85.91648209546244,14.947267311056983,85.98618713567022,15.189215814380727
l_2141,SH1S,peripheral,motorway,MWY,0.3157894736842105,1.5721013616599617,F,75.80802843546739,21.972011158945016,77.36887730735127,20.564812472397445
l_43,,boundary,arterial,East,0.7906700929037359,0.30282420151628925,B,65.37049502225159,34.75892893840695,65.5765602186425,35.32268875330685
l_239,,peripheral,arterial,East,0.7751437245655965,2.3092775810587733,F,111.54850085396642,26.741005480237508,111.75216333083571,27.169636685945253
l_614,,peripheral,arterial,West,0.6732873253661,0.9957312460307446,E,12.163651983158868,72.43371258845286,12.838455797859599,72.47551143596816
l_1078,,boundary,arterial,West,1.1108368304122438,11.300574271838205,F,60.851496141565626,46.70673368750483,60.887990465952456,46.32769233043403
l_2491,,inner,arterial,CBD,0.5933544303797469,2.5648341559650825,F,64.83522069645699,70.55179674303301,65.72989176090466,70.72450839770681
l_957,,peripheral,arterial,West,0.6732873253661,1.1306481668521864,F,16.8462750820757,72.86213469997472,17.151074176141904,72.88361960033481
l_518,,peripheral,arterial,East,1,3.550057015171116,F,106.02948398163464,19.897960726244897,106.51764890136762,20.429405462124972
l_189,,peripheral,arterial,West,0.2729630135116692,0.43573311913065915,C,30.987688520843637,18.63319555844396,31.49095255807371,18.81318911534808
l_2326,,peripheral,arterial,East,0.6467608062951385,0.5324792762228067,C,87.18797964508035,47.13945006673204,87.38651955673964,46.86865892342196
l_156,,inner,arterial,CBD,0.8512147543890761,2.5468589334665084,F,44.466442142345834,35.27810071114708,45.6256012022961,34.47309629286863
l_342,,peripheral,arterial,West,0.9416934787726595,0.6106995390419642,C,54.84337716773664,36.84443996626127,55.171355121145496,36.94652013262038
l_145,,boundary,arterial,East,1.437125748502994,0.36590262591580813,B,63.49660795418148,65.17115603487052,64.30431240757132,65.34547326977417
l_1380,,peripheral,arterial,East,1.1906533710373568,0.8962386661516922,E,103.2508411483498,52.76013109582854,103.48067669638154,52.63864609996078
l_1738,,inner,arterial,CBD,3.7520519033846638,2.4571415576014073,F,68.14211873833149,41.221235801942,68.65618163480687,43.15766605149279
l_286,,peripheral,arterial,West,0.6732873253661,0.8505348119644227,E,7.780939910423752,71.75651292746136,7.980001471802172,71.94208491837833
l_1176,,peripheral,arterial,West,0.34657039711191334,0.08691681518238527,A,49.88699146194675,28.584282569702506,50.00012073382462,28.825444210029534
l_1414,,peripheral,arterial,West,0.5904736911166514,1.9585684999816753,F,52.43634905089815,22.997075504779254,52.70507672282904,23.424563417703144
l_1208,SH16,peripheral,motorway,MWY,0.42352941176470593,1.3505800748876091,F,73.73092243212142,29.55078306457039,76.86036877778082,31.84428993706855
l_1364,,inner,arterial,CBD,0.47084673938632976,0.42845530918871005,B,58.6932002835808,38.125001577171155,60.0476004068279,38.478461263363045
l_994,,peripheral,arterial,West,1.2768221315836141,1.7453217473692149,F,34.58782066203479,43.10728654037618,34.91972039992311,42.2363815577569
l_2386,,boundary,motorway,MWY,0.13333333333333333,0.037304888621135415,A,54.76549527446719,38.92465357789234,54.83373062356441,38.68241247093793
l_495,,peripheral,arterial,West,0.6732873253661,0.7712418891033388,D,5.1665294951604706,69.07428324444726,6.229478036781848,70.136056771095
l_2522,,inner,arterial,CBD,0.39489272081084636,0.07998727370836488,A,82.13865149724165,76.17834579272612,82.50457703730733,75.84115997283072
l_591,,peripheral,arterial,East,0.7751437245655965,2.7275990918964372,F,109.33551067936077,23.484989208777264,109.64630901000582,23.830545156038095
l_1823,,inner,arterial,CBD,1.1867088607594938,2.8549026201572976,F,67.75056696475887,71.8223982887934,68.0786063807393,71.92445988238603
l_719,,peripheral,arterial,East,0.43917435221783047,2.683980755743813,F,83.47849287792684,15.938350631801763,83.8236740573931,15.796826580917708
l_437,,peripheral,arterial,West,0.6732873253661,0.6602294499617801,D,1.4221081112594016,65.22334325588477,2.6623343474204164,66.47110541149962
l_848,,peripheral,arterial,West,1.446480231436837,2.2535158725619273,F,25.67302331002008,77.56619041915954,25.855796386435493,78.0493306162986
l_1749,,boundary,arterial,East,1.5914415808319702,4.916255064819189,F,93.87893242817293,51.528849290813326,94.36864059133393,52.14137492951401
l_552,,peripheral,arterial,West,0.2729630135116692,0.8426942386927689,E,25.97287965167287,16.616660135229253,26.45440358769502,16.797061905222392
l_449,,boundary,arterial,East,0.832523935063133,2.1445095326179002,F,92.86029647311842,52.87205231936362,93.13279881840661,52.326464706958575
l_1096,,peripheral,arterial,East,0.8783487044356609,0.9325083845429215,E,66.1409750809709,21.15040717403214,67.10689087911975,20.48396774984945
l_1182,,peripheral,arterial,West,0,0,A,59.36133610429514,47.24764500246948,60.005554820942166,47.992536583867455
l_517,,inner,arterial,CBD,1.4070194637692488,1.6986691855503482,F,76.26212498286664,64.1250148207832,76.66162801034746,65.73922665077025
l_2471,,peripheral,arterial,West,0.6931407942238267,3.346903848508707,F,50.7546373797436,27.29811996730244,51.25780759579831,26.288907762397006
l_1771,,peripheral,arterial,East,1.1906533710373568,1.7348597987474088,F,98.04341434136168,55.6676950421336,98.62522161572872,55.3866211660318
l_979,,peripheral,arterial,West,0.5904736911166514,4.258631941350142,F,54.638118647539876,26.875465062378005,55.589488874204086,27.77688257094954
l_2453,,inner,arterial,CBD,0.8900316455696203,2.703651550973647,F,52.622502093879426,70.9384375872627,53.65937578832898,70.56806433224813
l_376,,peripheral,arterial,East,1.1906533710373568,1.6279367591955571,F,100.15026983076909,54.38532482947949,100.58093550442095,54.161107311431834
l_463,,peripheral,arterial,West,0.7365126127784938,0.5045422849236986,C,48.32123071800632,71.1524598947514,48.84250379985112,72.305034748848
l_634,,inner,arterial,CBD,0.4660556159701724,0.41136949963845754,B,89.27113355970832,56.28989760791533,89.69161946448213,56.687503918493874
l_2461,,peripheral,motorway,MWY,0.2,1.3956659407893814,F,79.80053627693036,15.709118076540907,79.90368016202991,15.40991759887411
l_863,,peripheral,arterial,East,2.877237851662404,2.105914063815114,F,63.668765861908625,54.46552494747484,64.51092567825773,54.15272925848402
l_781,,inner,arterial,CBD,0.6990834239552587,1.2793564639652388,F,71.86897455166532,37.01744642841837,72.95436136552796,38.10550277253727
l_1543,SH16,peripheral,motorway,MWY,0.21176470588235297,1.4823256362255715,F,50.39600241867397,26.710121222629585,50.66224571336918,27.002525327591194
l_73,,peripheral,arterial,West,0.5459260270233384,0.6935521311927002,D,47.17582294646184,32.47175549958748,47.59617876818396,32.86944332563377
l_756,,peripheral,arterial,West,0.2729630135116692,0.686271611814646,D,46.22397489122295,31.543282954395114,46.578138382687364,31.888133285511604
l_499,,peripheral,arterial,West,2.0198619760983,3.2135765281788347,F,29.051701669472546,67.31573675116461,29.673640407118377,66.84494709908721
l_844,,peripheral,arterial,East,0.3233804031475693,0.6454308464301527,D,72.63653273477681,20.922492786809368,72.7072231246955,21.218479863717985
l_2340,SH1N,boundary,motorway,MWY,0.3333333333333333,1.7183769184452213,F,52.461123624879754,53.88777790301099,53.807866416867896,51.92616661461143
l_1249,,peripheral,arterial,West,2.892960462873674,1.31193630501829,F,27.363925558451466,83.2378907499631,27.458301659133134,82.45241249870897
l_129,,peripheral,arterial,West,1.446480231436837,2.1901583158073925,F,23.75937672001479,72.79039814014064,24.238027297717988,73.99785629994628
l_671,,peripheral,arterial,East,1.093942294543963,1.709944442706508,F,114.96349959780188,62.89320071657305,115.11652217168017,63.624565329399076
l_2687,,peripheral,arterial,West,1,2.690564404230171,F,57.78871273177006,48.03329872426798,57.92558486350771,48.382125914992905
l_767,,boundary,arterial,East,3.7520519033846638,3.694616025446053,F,66.5307284376244,37.54830611452319,66.73779684919414,38.16609945018584
l_2590,,inner,arterial,CBD,0.39489272081084636,0.4266743708680449,B,85.37493950857717,75.0064425633978,86.13030614591256,74.69414848581485
l_617,,peripheral,arterial,East,0.6232471174820816,1.720016645290663,F,119.94698244307746,60.800198697541475,120.09103860604743,60.365079213116616
l_1501,,peripheral,arterial,West,0.9364026531408505,1.6011607558125471,F,42.38918401944172,45.28885810050366,43.083661446464575,45.22208932636541
l_1295,,boundary,arterial,East,1.0311493018259936,0.6472329728314133,D,63.89363691121102,64.29900298311922,64.30431240757132,65.34547326977417
l_1581,,inner,arterial,CBD,1.415261233636042,2.836673619848963,F,74.82449982857337,49.881566748454176,75.59518885069956,50.40786592647034
l_1818,SH16,peripheral,motorway,MWY,0.2823529411764706,1.3752668850677454,F,39.6214504225471,15.286252137861545,40.331190514351384,16.057024717318072
l_2342,SH1S,peripheral,motorway,MWY,0.25263157894736843,1.557280259161059,F,78.6381945270524,18.6765126787987,78.88845077178134,18.10432682237426
l_825,,inner,arterial,CBD,0.39489272081084636,0.5253479320590829,C,90.17255953019585,73.21886161028831,91.25286046529216,72.84749345694918
l_972,,peripheral,arterial,East,1,1.1650507629659996,F,102.23988409544138,9.022655521785314,102.26866583295596,9.400494792507832
l_377,,peripheral,arterial,East,0.6232471174820816,1.1406724964497998,F,120.53325260381972,53.789304780519,120.61412128457954,53.46347217081694
l_2672,,peripheral,arterial,West,0.2577873254564984,0.6950732402892187,D,62.81776498788476,61.37292571624356,62.932419541628214,61.69513263818928
l_2375,SH1N,boundary,motorway,MWY,0.06666666666666667,0.06583720570616974,A,49.19699130200595,64.37982714894805,49.39420746996334,65.64644759848852
l_2150,SH1N,peripheral,motorway,MWY,0,0,A,44.04655926448033,75.14211483178401,44.47664374027952,74.92549784782389
l_3,,peripheral,arterial,West,0.34657039711191334,0.6042357364020238,C,55.91896071120116,24.419550473893427,57.627765842110215,23.955714238105273
l_2135,,peripheral,arterial,West,0.8512147543890761,0.976929801061236,E,47.410021244273395,33.38635763115281,47.79573943349853,33.0819948251006
l_1410,,peripheral,arterial,West,0.3936491274111009,1.951082197430782,F,52.314129578362284,21.08044440557598,52.384790658116664,21.37643744779161
l_2143,,boundary,arterial,East,0.3090632807067247,0.5960276753963816,C,116.83375292982441,64.07451012846087,117.15978739784869,64.06842534598398
l_2354,,peripheral,arterial,West,2.892960462873674,1.447876370103012,F,25.603129811711074,85.64827640784264,26.197476662346165,84.85369005084536
l_51,,inner,arterial,CBD,1.9577453299616607,0.9253478714351051,E,89.52263422621802,68.66341403448585,89.77142609073935,68.0101659520379
l_508,,inner,arterial,CBD,0.47084673938632976,1.1112939563166686,F,62.473197068878214,37.974377665838496,63.55634310055877,37.76525197287794
l_554,,peripheral,arterial,West,0.2729630135116692,0.43418703519864243,C,29.827072700036368,18.167912745491606,30.133771162970287,18.29744512717027
l_183,,inner,arterial,CBD,0.6765136994024129,1.1765353782245416,F,73.09222729638593,66.7240176771746,73.22913578602629,67.07283563777267
l_114,,boundary,arterial,East,1.4402304368698993,1.6841839062434605,F,89.3955632419964,70.01709731542171,90.51781523375381,69.56387505859115
l_15,,peripheral,arterial,East,0.7906700929037359,0.7533324145638204,D,62.909256777284135,28.615194350702243,63.36084039531813,29.525779596949793
l_516,,inner,arterial,CBD,0.8705114254624592,2.1514215855760583,F,58.39315275569288,76.12962319019151,58.57699752959342,76.66677151620668
l_11,,peripheral,arterial,East,1.9243104554201411,3.685904436049397,F,117.52679206590972,36.034785050545715,119.59191969872163,37.18539433148002
l_55,,inner,arterial,CBD,0.718562874251497,1.5887043495152366,F,76.33554109683999,61.042638078226716,77.24241717509129,60.70156966704804
l_274,,peripheral,arterial,East,0.21958717610891523,0.9288797648824799,E,68.05855738158797,20.223184049712202,68.51290857770731,20.106699925429442
l_122,,boundary,arterial,West,0.7405578869414959,1.78591413809573,F,60.930097372138135,43.89453909560911,61.042565463147625,42.919518279823976
l_1605,,peripheral,arterial,East,3.0177291588079966,2.8628777742841454,F,76.86036877778082,31.84428993706855,78.74426645536876,30.268956217343014
l_392,,inner,arterial,CBD,11.508951406649617,15.58135932657724,F,53.38477405596671,85.19434360848355,54.98391466874296,84.65149034680701
l_638,,peripheral,arterial,East,0.7201152184349496,1.6922014786804753,F,90.51781523375381,69.56387505859115,90.96825170061823,69.23120704338076
l_1902,,boundary,motorway,MWY,0.5333333333333333,1.291554033344919,F,77.26155269766701,32.37740772031611,82.73102461739431,41.276115467168836
l_772,,peripheral,arterial,West,0.2729630135116692,0.7651603099854085,D,21.440673770187722,14.834454166452952,21.944412559906883,15.041487566721257
l_999,,peripheral,arterial,West,0.2729630135116692,0.6870095756140178,D,18.13872945476368,13.759473594685016,18.59505976300408,13.751167999895477
l_369,,inner,arterial,CBD,0.7365126127784938,2.5056333630697876,F,50.86106171817643,78.02462195985804,51.09034813211472,78.66904767131466
l_471,,peripheral,arterial,West,0.9552619009711829,2.1903735931381423,F,31.82965529481993,40.88746036142578,32.22183634060601,40.93435165342156
l_1107,,inner,arterial,CBD,0.2577873254564984,0.5211997256940938,C,58.47407308250859,49.83146835872688,58.56648394417951,50.12705980932227
l_2210,,peripheral,arterial,East,0.6990834239552587,1.5456910632263094,F,66.03076556977601,23.422664512182614,66.31199565899901,24.525568450433795
l_453,,peripheral,arterial,East,0.7544322897019992,1.0968860372166533,F,86.16105288487769,25.780419632823588,86.30464763124547,25.31830684031228
l_482,,boundary,arterial,West,1.0186757215619695,14.254818075207668,F,57.16493430962281,41.31518949805512,57.58532703937749,41.71285811020964
l_338,,peripheral,arterial,East,0.7751437245655965,1.838336439566616,F,112.25637496368564,35.5385411198825,112.40345479646213,35.26553051157771
l_700,,peripheral,arterial,East,0.4660556159701724,1.7842084963139138,F,64.70680343127532,18.82552712761103,64.7997113597878,19.148133514434484
l_935,,peripheral,arterial,East,0.4660556159701724,1.3145135915437167,F,68.89144154314862,31.180591059344565,69.1167495055837,31.60886044265956
l_1190,,peripheral,arterial,East,3,6.692141585798988,F,79.3914622053205,17.0950407249489,79.55429144422294,16.497444047093744
l_2549,SH1S,peripheral,motorway,MWY,0.3157894736842105,1.4707865303204153,F,68.42285851212542,29.351428721122858,69.79372136260199,28.245087626118437
l_501,,inner,arterial,CBD,0.9380129758461659,1.942791410764541,F,75.5585735574088,61.354277245852195,75.81715706695309,62.40353590998845
l_2416,,peripheral,motorway,MWY,0.5333333333333333,1.7388926608462296,F,54.84337716773664,36.84443996626127,55.13420368523813,36.10938411357112
l_930,,peripheral,arterial,West,0.6732873253661,0.6934971948101184,D,4.656304385650536,68.51598354152654,5.1665294951604706,69.07428324444726
l_2296,,peripheral,arterial,East,1.317426626655932,1.6376871999306528,F,63.33128764447713,53.850129409293416,63.668765861908625,54.46552494747484
l_457,,peripheral,arterial,West,0.47763095048559145,0.6163484189455457,C,3.5933442076091624,48.29274966595289,4.01069811661876,48.52842067021391
l_989,,peripheral,arterial,West,0.7872982548222018,4.285188297088359,F,55.589488874204086,27.77688257094954,56.53439827646412,28.327071268331206
l_1278,,peripheral,arterial,West,5.183905208590471,11.298438121316867,F,60.80485960601981,45.35627036157406,60.924484608854556,45.94865095390427
l_910,,peripheral,arterial,East,1.2828736369467608,4.206834461325152,F,114.8461036642214,34.51726830601215,115.3515094006383,34.8051317165802
l_931,,inner,arterial,CBD,4,4.991581162592376,F,86.0452887326778,62.89008241051103,86.38854363352799,62.640487868716285
l_206,,peripheral,arterial,West,0.9552619009711829,0.7940676391692585,D,9.593175763770375,49.45416407566636,11.877776270513573,48.358668440892096
l_12,,inner,arterial,CBD,0.39489272081084636,0.6749556206789973,D,76.0433693550094,78.15579870266906,76.47510937163709,77.98566841891113
l_639,,peripheral,arterial,East,0.48007681228996646,1.6957207294843617,F,90.96825170061823,69.23120704338076,91.16086530039657,69.0654770496398
l_736,,inner,arterial,CBD,0.9321112319403448,0.4615211319134624,C,82.65695102383421,49.00708608487663,84.61363647954586,51.349213948500825
l_1862,,peripheral,arterial,East,3.723239218119764,1.28672387125299,F,71.68178620758258,75.26593663860208,72.79557261648976,77.72925969396898
l_1238,,inner,arterial,CBD,0.927189842120174,0.7584055329325884,D,115.22481130650839,64.07750355878663,116.83375292982441,64.07451012846087
l_1903,,peripheral,arterial,East,1.3262013173599752,5.122563804433881,F,89.91925227233742,47.87261040785828,92.16623138336581,49.4525443304887
l_2302,,peripheral,arterial,East,1.5813401858074718,0.4164307696078787,B,66.20121844227644,36.720998864018114,66.81325321532405,37.54309989421768
l_766,,peripheral,arterial,West,0.718562874251497,1.2046262553123868,F,54.99836319691501,64.16526226450581,55.41133629772163,64.15767771289701
l_691,,peripheral,arterial,West,0.5459260270233384,0.30573363018631544,B,14.18841608295176,20.047349898517552,14.219989880572841,20.587299202805738
l_1349,SH16,peripheral,motorway,MWY,0.2823529411764706,0.6168616995715198,C,9.847500602525066,10.856251210852385,13.446754249690338,10.358436791437382
l_104,,peripheral,arterial,West,0.9552619009711829,2.087036594876806,F,27.32353851346011,40.56429539010927,27.99873854125966,40.633059065700095
l_510,,inner,arterial,CBD,0.47084673938632976,1.0269017852583482,F,63.55634310055877,37.76525197287794,64.29276165623449,37.616559086629074
l_112,,peripheral,arterial,West,0.2729630135116692,0.8408871529178107,E,26.958152628980134,17.004083438764674,27.68118253603015,17.31520820833251
l_1388,,boundary,arterial,East,1.902497027348395,3.074096116709918,F,77.52242411359285,73.47993121316404,77.83340157369706,73.34168527816092
l_983,,peripheral,arterial,West,0.3682563063892469,0.3609059193383556,B,45.418087921472434,65.80040013292222,45.5524687978586,66.0141487790403
l_2001,,inner,arterial,CBD,0.4894363324904152,1.0407712182688236,F,93.5320904956124,60.94055051244841,93.60583402800728,61.398634990402456
l_1303,,inner,arterial,CBD,13.595807959212577,3.3681127591019013,F,76.64823232438683,54.4423944689352,78.64845635725169,60.22310997772073
l_132,,peripheral,arterial,West,2.7790643816581753,3.6644988060235804,F,45.63040736722147,51.31041244544373,45.88089157914587,51.92742800306539
l_2276,,inner,arterial,CBD,1.317426626655932,1.7120397424139608,F,60.98773892815765,49.37984309580079,61.57523606058552,50.5852230433357
l_2077,,peripheral,arterial,West,0.8326972451599473,0.521136074153363,C,49.898340408449265,10.287200357257893,52.28329132929725,11.135286795681793
l_2007,,boundary,arterial,East,0.43914220888531064,1.0485785310600562,F,69.39060559698635,68.79224067805009,69.4820407369622,69.03379323205994
l_836,,boundary,arterial,West,0.7062701090794946,2.9289034984512687,F,47.994307555970565,33.24051162456414,48.260058538961395,33.50590159417702
l_107,,boundary,arterial,East,2.3720102787112074,2.1888099540509556,F,66.18877609814999,36.6897596250006,66.5307284376244,37.54830611452319
l_45,,peripheral,arterial,East,1.2464942349641632,1.0873591276598145,F,121.27267649330526,50.31605609538714,121.63151064679622,48.5796332799868
l_266,,peripheral,arterial,East,0.43917435221783047,0.853857188502679,E,73.29293391250317,18.80230296617082,75.26042816471967,18.225434394067733
l_2443,,inner,arterial,CBD,0.5155746509129968,0.4377064816021224,C,58.56648394417951,50.12705980932227,58.908920125698145,51.012635085298065
l_333,,inner,arterial,CBD,1.415261233636042,2.988087932584472,F,73.54693843134346,48.98625010753081,74.22918563108018,49.43310691861998
l_965,,inner,arterial,CBD,0.3592814371257485,0.33809703671678176,B,61.62087538525587,64.85432794689004,62.42807853430937,65.00163514493862
l_388,,peripheral,arterial,East,4.935225169648365,8.52398059732411,F,102.5472068574894,16.179030222583442,103.18948378490988,16.815721678574068
l_832,,peripheral,arterial,West,0.2729630135116692,0.4276473350872609,B,33.37412857840073,19.562551042555498,34.12039286685029,19.954308666811688
l_465,,peripheral,arterial,West,0.7171029042667623,1.3528192209570373,F,33.68337516347586,6.773457741455944,34.01323055681095,5.794481414044781
l_2260,,inner,arterial,CBD,0,0,A,60.98773892815765,49.37984309580079,61.21304726287594,49.80812068796445
l_1721,,inner,arterial,CBD,0.9380129758461659,0.34506054947607123,B,68.5415262542454,42.835461968696364,68.65618163480687,43.15766605149279
l_1733,,inner,arterial,CBD,0.2577873254564984,0.6510222723727269,D,65.26556100225024,67.9493378093099,65.37972383761091,68.24452625850793
l_811,,inner,arterial,CBD,0.7405578869414959,1.8098367754098956,F,61.17028956170788,41.59287290640271,61.263014156469026,40.72632073934408
l_908,,peripheral,arterial,West,0.42560737719453806,1.682587339458683,F,31.806077940362346,51.48217446681754,31.887082961168694,51.15638090157586
l_880,,boundary,arterial,West,1.260107109104274,1.7294741669458233,F,57.70866742258504,62.57496723655643,58.61557679123506,62.23398134375334
l_2240,,peripheral,arterial,West,0.4670351054720947,0.20954527660097116,A,51.58802133868618,51.33629838655588,51.84883066470468,51.33151127277691
l_1791,,peripheral,arterial,East,0.8204567209079722,2.1024771617802096,F,110.57159276244305,58.24540056785427,111.65884730143536,58.25216504933287
l_2532,,boundary,arterial,East,0.7897854416216927,0.825250683121329,E,114.44030911357665,63.98402954582265,115.22481130650839,64.07750355878663
l_1561,,peripheral,arterial,West,12,14.453879827232965,F,47.765118335675915,72.83828332406051,48.84250379985112,72.305034748848
l_464,,peripheral,arterial,West,0.7171029042667623,1.3555952108832892,F,34.01323055681095,5.794481414044781,34.320858529040066,4.788884331062761
l_574,,peripheral,arterial,West,0.4163486225799736,0.3102717704139676,B,36.74356671280493,2.9608448381299683,36.899631159976956,3.174200817466635
l_2147,SH16,peripheral,motorway,MWY,0.42352941176470593,1.383789961939727,F,42.07703134939467,17.925744322197218,44.31904864262321,20.146045198764536
l_137,,inner,arterial,CBD,0.9416934787726595,3.09272757127627,F,52.45812608059369,35.996374270369245,53.87968625178682,36.456745482464065
l_126,,inner,arterial,CBD,0.7405578869414959,1.8802833692890681,F,61.263014156469026,40.72632073934408,61.33998282410627,40.18437565633962
l_1843,,peripheral,arterial,East,0.9321112319403448,1.4407554025236293,F,65.5419863242516,21.674948605585637,65.89837991321727,22.459408351024813
l_1904,,boundary,arterial,West,1.2768221315836141,2.0401983711807414,F,46.4627385408681,33.89019902651251,47.59617876818396,32.86944332563377
l_1998,,inner,arterial,CBD,0.43914220888531064,1.6495927076728394,F,62.092555281063845,51.52162875875946,62.633107918613945,52.538685052270054
l_74,,peripheral,arterial,West,0.8326972451599473,1.3011775200658793,F,54.407503476894796,11.988138001938534,55.047622773339015,12.516903946996234
l_487,,peripheral,arterial,East,0.7751437245655965,2.565658336990348,F,109.97883978269351,24.175695609362258,110.4225522918125,24.653907024420178
l_1678,,peripheral,motorway,MWY,0.26666666666666666,1.3931592193943887,F,80.94211381015269,12.79615210939323,81.77925355649629,11.050957234452639
l_1282,,peripheral,arterial,East,0.5933544303797469,2.69101446970147,F,73.7102919387007,74.28002372688447,74.27694113805138,74.35064640065049
l_385,,peripheral,arterial,East,0.7544322897019992,0.8081513690578902,D,86.5711067584788,24.44851815304411,87.26030879637909,21.760110740260423
l_475,,peripheral,arterial,East,0.3090632807067247,0.44170567872653754,C,127.95733350439917,63.59635308837599,133.130838192187,62.3643331192384
l_847,,peripheral,arterial,West,0.6732873253661,2.2754698267399474,F,22.42853837069074,72.54437032089976,22.685429373062288,72.32348419454668
l_18,,boundary,arterial,East,2.8537455410225925,3.352738552002476,F,79.6613271912913,72.7377239308592,80.0505810352026,72.62242364508671
l_1783,SH1N,inner,motorway,MWY,0.2,1.7314468688289026,F,51.96220025911047,54.663882885503156,52.461123624879754,53.88777790301099
l_1277,,boundary,arterial,East,0.8782844177706213,1.2339487230250135,F,65.84702091206691,59.39827931212193,66.12130419645351,60.122941141567935
l_20,,peripheral,arterial,East,0.5,0.23208437777150787,A,65.64228032759982,16.51103773392799,66.6903781839224,14.410678935586013
l_2146,SH16,peripheral,motorway,MWY,0.21176470588235297,1.3834444035189568,F,41.72647698632038,17.463874582806305,42.07703134939467,17.925744322197218
l_1160,,boundary,arterial,West,0.8705114254624592,2.6283967920806806,F,56.57648856515048,70.75773242738443,56.66875643419824,69.86416767783882
l_316,,inner,arterial,CBD,0.7405578869414959,1.690260259276805,F,61.05782322301702,42.56789391289932,61.114056564192886,42.08038342879247
l_1766,SH1S,peripheral,motorway,MWY,0.1894736842105263,0.7660726498973215,D,85.51529158202642,7.387236144932141,86.39065294600516,6.533190951974246
l_1365,,peripheral,arterial,East,2,3.4545769201392544,F,104.31538306862423,17.740704362018587,104.75050162513983,17.759631560391824
l_100,,boundary,arterial,West,5.053340819764178,2.5390000321835196,F,60.80485960601981,45.35627036157406,61.4001317421166,45.80476742262413
l_1988,,boundary,arterial,East,0.9788726649808304,0.5259247305162511,C,90.35462429295049,66.30890785708459,90.45208248829778,66.02461078086631
l_923,,boundary,arterial,West,0.3592814371257485,0.5349282342065438,C,56.975789666826095,64.10191157207261,57.25884768353421,64.12373676683629
l_1801,,boundary,arterial,East,0.5933544303797469,2.8169342470754466,F,66.86615578697338,71.0278983461379,67.67887400167436,71.47237562974169
l_1914,,inner,arterial,CBD,0.19744636040542318,0.21041844891500516,A,92.63746775162757,72.4704767357421,92.84472003305395,72.22210237377735
l_948,,peripheral,arterial,West,0.6732873253661,0.696039770750007,D,2.8836122255490593,66.68330547376482,4.656304385650536,68.51598354152654
l_914,,peripheral,arterial,West,0.5904736911166514,4.277048867788211,F,59.649679336806614,29.86434648592241,60.696295012661274,30.034275918203534
l_2429,SH1N,peripheral,motorway,MWY,0.3333333333333333,1.8105340901071525,F,56.236816790672194,48.764506272463414,57.215330916065604,46.20341241236343
l_645,,inner,arterial,CBD,1.4268727705112962,3.465462139889631,F,84.95418154754421,70.88311280576647,85.82062402986284,70.70491631388921
l_370,,inner,arterial,CBD,1.1047689191677408,2.4053254969528823,F,51.09034813211472,78.66904767131466,51.73275430312918,80.49505218483208
l_740,,peripheral,arterial,West,1.0756543564001435,1.3775791750586441,F,32.69477780582291,9.764417161929732,33.39549101061578,7.670587376565519
l_683,,peripheral,arterial,West,0.7171029042667623,1.8439409161760185,F,32.076023128003456,11.586483453407137,32.15849146822054,11.341740268758956
l_424,,inner,arterial,CBD,0.4660556159701724,0.7183536812274393,D,77.05795624886015,42.51612623415185,77.47989218787542,42.99480779658112
l_826,,peripheral,arterial,East,0.6467608062951385,0.6427691482905858,D,82.0724922145895,35.07218592182414,82.36202744827492,35.445200928721555
l_1560,SH1N,peripheral,motorway,MWY,0.3333333333333333,1.7352010149400587,F,49.58751287920056,61.96732334357944,49.65627609578162,60.48860823595705
l_1472,,inner,arterial,CBD,0.39489272081084636,0.9162403394984386,E,96.91275782413499,69.68849071544473,97.40615461190092,69.32798405926783
l_1655,,inner,arterial,CBD,1.8901606636564108,2.6139298332533,F,79.22255887109388,51.39488182530737,80.43487564907198,49.94006221877742
l_1732,,peripheral,arterial,West,0.5155746509129968,0.6936779774024553,D,62.56522719797414,60.64785993785288,62.81776498788476,61.37292571624356
l_658,,boundary,arterial,East,1.260107109104274,2.8997785780234273,F,82.61537724786608,46.76465010547394,82.82720406952839,46.46343850540144
l_2083,SH1N,inner,motorway,MWY,0.3333333333333333,1.7578639904234559,F,57.25071742781802,32.989475821849105,58.387587219020276,32.15778029444889
l_664,,peripheral,arterial,East,0.9321112319403448,1.3441746567089976,F,70.81008333656156,35.00999473977138,71.35164153001558,36.081063964939304
l_665,,peripheral,arterial,East,0.6990834239552587,1.2981587317953873,F,69.1167495055837,31.60886044265956,69.77094647788392,32.89406806263051
l_779,,peripheral,arterial,West,0.34657039711191334,0.6059607630861613,C,55.48533050156489,24.481572560118224,55.91896071120116,24.419550473893427
l_438,,peripheral,arterial,East,1.5088645794039983,2.9310481549699117,F,87.19894577134318,19.626142623559943,87.41007622561573,20.460056285102223
l_2322,,peripheral,motorway,MWY,0,0,A,55.13420368523813,36.10938411357112,55.26012197672294,35.86383299864734
l_2074,SH16,peripheral,motorway,MWY,0.2823529411764706,0.9420041336897101,E,22.271976491346617,9.170827394449766,24.505677855443885,8.886879360120584
l_1781,,inner,arterial,CBD,0.5933544303797469,2.5768324839728356,F,63.67921974404496,70.35686484399797,64.33329631977993,70.45293118139321
l_1534,SH1S,peripheral,motorway,MWY,0,0,A,79.3244536884013,15.05447860768151,79.34295535045088,15.065832046098118
l_37,,peripheral,arterial,East,0.7751437245655965,1.9530671673640003,F,109.10643985620608,41.48908945611932,109.69226962005915,40.261969896212356
l_598,,peripheral,arterial,West,0.42560737719453806,2.6637625129879234,F,35.79494132994891,41.35554576370837,36.07400585958431,41.16126095151418
l_585,,peripheral,arterial,East,0.7751437245655965,1.9467379209487057,F,106.78377288492112,46.34310863502439,106.97282358137726,45.98824119423296
l_1748,,boundary,arterial,East,1.3262013173599752,4.945073655548015,F,94.36864059133393,52.14137492951401,95.74632100581695,53.737403387899974
l_70,,peripheral,arterial,East,1.2464942349641632,1.1512257580909633,F,120.93405216628898,51.97101970489595,121.27267649330526,50.31605609538714
l_335,,peripheral,arterial,West,0.6662225183211192,0.690063783757283,D,16.412330261336795,20.4123017194454,18.153196678252467,21.70491167062366
l_149,,peripheral,arterial,East,1,0.3313274617391701,B,64.39010580932049,18.15569880527333,64.53823039270927,17.93675809277535
l_1060,,peripheral,arterial,East,1.0311493018259936,0.6461001485097223,D,64.30431240757132,65.34547326977417,64.78468473017887,66.6338974288172
l_417,,boundary,arterial,West,0.7365126127784938,0.39817565369335134,B,47.50995239258099,69.59980472525197,47.66855459712167,69.94823975047932
l_230,,peripheral,arterial,West,2.7790643816581753,4.761710297898998,F,43.083661446464575,45.22208932636541,43.22001107412681,45.54390816345848
l_320,,boundary,arterial,West,1.4811157738829919,1.9334487729232088,F,61.485947554636255,38.66820890128607,61.5204454732506,38.18109805684745
l_2547,,peripheral,arterial,West,2.892960462873674,1.4253290302881358,F,25.71027241241555,85.50503673443971,26.197476662346165,84.85369005084536
l_6,,peripheral,arterial,West,1.4328928514567743,2.0152509785678125,F,22.447982986685012,40.2477627870245,24.863778630243967,40.392930819995776
l_444,,peripheral,arterial,East,1.2464942349641632,1.1785046473684193,F,120.08090534935732,57.50042770533528,120.10163903852856,58.608139274735734
l_619,,peripheral,arterial,West,0.6662225183211192,0.6277534194270117,D,15.26658007706328,19.568302020942355,15.509063138464636,19.753075667460394
l_2424,SH1N,boundary,motorway,MWY,0.26666666666666666,1.7343650653542988,F,55.13420368523813,36.10938411357112,55.91392852760065,34.77076307673768
l_115,,peripheral,arterial,West,0.4163486225799736,1.3281631202962318,F,58.47005292411039,15.399864333918952,58.90864353705988,15.608008409911491
l_1344,,inner,arterial,CBD,0.7897854416216927,0.7658635506469477,D,74.59298837555528,78.50688881137079,75.02672894130816,78.4448305625403
l_13,,peripheral,arterial,West,0.39533504645186796,0.8721642427209604,E,60.474555799126385,23.90334988829351,60.81895765673793,24.896991468599357
l_2634,,inner,arterial,CBD,0.43914220888531064,1.0791435169668884,F,70.25949686328485,71.1004970760738,70.51057471752485,71.74450261872121
l_1074,,inner,arterial,CBD,0.8204567209079722,3.7735153676398068,F,98.55879211378273,57.658094585658226,100.09029669993842,58.17017319126349
l_789,,boundary,arterial,East,0.39489272081084636,0.5185225229719054,C,88.94110232390135,73.64707740138871,89.39456004025752,73.47651690232533
l_974,,peripheral,arterial,East,0.6587615283267457,1.022517166954956,F,87.0030007275946,14.92713592971127,88.17041892584936,14.58117929111355
l_2671,,peripheral,motorway,MWY,0.13333333333333333,0.04532380333492629,A,57.00066621402222,46.561331295919516,57.07606649067734,45.82230530453909
l_275,,peripheral,arterial,West,1.2105926860025222,1.91151525495984,F,29.673640407118377,66.84494709908721,30.45118311183978,66.56049963894581
l_1662,SH1N,peripheral,motorway,MWY,0.2,0.6243970944160389,C,24.217517569694923,94.32186840915018,25.298401125229688,96.8105361307028
l_2485,SH1N,peripheral,arterial,West,0.06666666666666667,0.08811551526101014,A,48.64972265462467,71.87142792509727,49.15553793480003,70.40745441678304
l_85,,peripheral,arterial,West,0.7906700929037359,0.7589539576983104,D,61.644942170756366,26.070954320036822,62.344034931930025,27.436435581392367
l_773,,inner,arterial,CBD,1.1047689191677408,2.5935690734066457,F,49.4389192227232,73.99675673960067,49.91971022613255,75.31222940789276
l_2559,SH1S,boundary,motorway,MWY,0.12631578947368421,0.12042550239139845,A,51.48271164106916,27.87933678997897,53.3222333571636,29.79146229844561
l_899,,inner,arterial,CBD,3.1626803716149436,2.396216307581542,F,65.04529673321747,33.62980747862805,65.37049502225159,34.75892893840695
l_1597,,inner,arterial,CBD,0.5923390812162695,0.7651027670772208,D,99.71280601003023,68.25813010841078,103.2993358126966,67.02931881658287
l_56,,peripheral,arterial,West,0.6384110657918071,1.7176769241686076,F,32.83295756051913,48.193250629268356,33.45084826199009,46.31715503374983
l_828,,inner,arterial,CBD,0.48007681228996646,1.5842438193600152,F,95.55698359193237,61.09216345475117,95.59140926814194,60.605045122035285
l_1400,,boundary,arterial,East,0.6467608062951385,0.12717392202788322,A,86.14738469613144,53.15862571255355,86.68372484468301,52.77032123279098
l_820,,inner,arterial,CBD,1.1867088607594938,2.742911144330867,F,68.0786063807393,71.92445988238603,70.54401738169513,73.5546576808655
l_2079,,peripheral,arterial,West,0.3936491274111009,1.22385758504969,F,49.51565075152286,10.7536727531297,49.74686058908109,11.506169211820113
l_1010,,inner,arterial,CBD,1.317426626655932,1.7041149250453027,F,61.57523606058552,50.5852230433357,62.092555281063845,51.52162875875946
l_321,,inner,arterial,CBD,0.7405578869414959,1.882745724970239,F,61.33998282410627,40.18437565633962,61.37497975915521,39.724282174557786
l_747,,peripheral,arterial,East,1.2464942349641632,0.9175616144016849,E,122.20863463755362,44.56887467562283,122.52951825010169,41.968299058293844
l_921,,boundary,arterial,West,0.718562874251497,3.022685971390542,F,48.13145905757613,64.37233652928282,48.392284149825215,64.36755501154411
l_795,,inner,arterial,CBD,0.23542336969316488,0.5624111221559008,C,56.484763047102184,37.4358875262841,56.988096828092516,37.61582131624459
l_1768,SH1S,peripheral,motorway,MWY,0.12631578947368421,0.3146641409405702,B,88.37485515037113,4.523466121909161,88.58763038987404,4.276280946767307
l_1909,,peripheral,arterial,East,2.4929884699283265,1.511540291363533,F,122.60582264572177,41.399308708747704,122.69567547108049,41.037232735666066
l_267,,peripheral,arterial,East,0.43917435221783047,0.9277689715259064,E,68.51290857770731,20.106699925429442,68.98849085362416,19.9627966904722
l_168,,boundary,arterial,East,1.260107109104274,1.6812011043369919,F,63.17032167099063,60.447539196208346,64.27183221174457,60.04889308379106
l_1383,,peripheral,arterial,West,0.4163486225799736,0.5270516279363179,C,54.22918699067504,11.748176452690043,54.407503476894796,11.988138001938534
l_673,,peripheral,arterial,East,0.21958717610891523,0.7210145931199605,D,100.99357657658535,10.96474025228029,101.51257874172897,10.819952722490436
l_976,,peripheral,arterial,East,0.43917435221783047,0.9705955819032633,E,95.78329677286504,12.493998602727025,96.28007275745321,12.322610633864773
l_1189,,peripheral,arterial,West,4,1.4888751177436472,F,51.58802133868618,51.33629838655588,52.97900184052111,51.31076716025642
l_955,,boundary,arterial,East,0.39489272081084636,0.5175760301202392,C,89.39456004025752,73.47651690232533,90.17255953019585,73.21886161028831
l_135,,inner,arterial,CBD,0.8204567209079722,2.125104606360391,F,112.28206302975441,59.02432381747972,112.94925838259698,59.8226876909733
l_426,,peripheral,arterial,East,1.8697413524462447,1.7072279048630212,F,115.73841693499564,61.31119197639963,117.30487725860446,61.36303994193312
l_303,,peripheral,arterial,East,0.832523935063133,2.1514308226393615,F,93.38708122474172,51.97040110126382,93.68684043099444,51.721599902505545
l_162,,peripheral,arterial,West,0.9552619009711829,1.3612975778928562,F,17.160594082469917,47.15458765334217,17.801273166943393,46.521333492608164
l_2098,,boundary,arterial,East,0.4660556159701724,1.099436526104241,F,81.34710947838948,47.54485531979951,81.6301493086544,47.56664669256718
l_268,,peripheral,arterial,West,2.892960462873674,2.182305600218246,F,23.242681989488776,71.88091929891863,23.75937672001479,72.79039814014064
l_1755,,boundary,arterial,East,0.5304805269439901,4.935335994817282,F,95.74632100581695,53.737403387899974,96.16832299466648,54.21604884802822
l_749,,peripheral,arterial,West,1.0756543564001435,1.8365757220269143,F,32.15849146822054,11.341740268758956,32.69477780582291,9.764417161929732
l_2557,,peripheral,arterial,West,4,1.0569699643178243,F,47.66855459712167,69.94823975047932,47.842940348252505,70.26999019862859
l_2665,,peripheral,arterial,West,2,1.0648525213869915,F,47.842940348252505,70.26999019862859,47.99921464374544,70.55832410367694
l_2605,,boundary,arterial,West,0.8512147543890761,0.9733481037232401,E,46.4627385408681,33.89019902651251,46.89819113940197,33.4980383181697
l_718,,boundary,arterial,West,52.97113752122241,16.131425569552086,F,55.07493113486969,39.97524862667511,56.50199752388697,40.732792805068556
l_407,,peripheral,arterial,West,0.9552619009711829,1.1213264993514795,F,14.552572749401495,47.20200301305013,15.445123067090424,47.26685798344814
l_278,,peripheral,arterial,West,0.2081743112899868,0.3966594889906758,B,41.986055435263715,7.918815309245112,42.33620669458588,8.047533513322234
l_1203,,boundary,arterial,East,0.5155746509129968,0.6526193005192741,D,65.37972383761091,68.24452625850793,65.79091193583423,69.31801109504654
l_2379,,boundary,arterial,East,0.7897854416216927,0.3716689442426692,B,74.20233702682296,78.62352733780773,74.59298837555528,78.50688881137079
l_2427,,peripheral,arterial,West,1.0311493018259936,0.7605319323827747,D,60.64586369269479,55.60220742294849,60.96558566151634,56.43414488612076
l_579,,peripheral,arterial,East,0.4163486225799736,1.500958578883254,F,63.01787963772989,16.829647840958994,63.37204910383103,17.174469943216778
l_988,,boundary,arterial,East,1.260107109104274,2.864010812977869,F,81.05114349628595,49.17192259123796,81.45257167434652,48.542887427232586
l_674,,peripheral,arterial,East,0.7544322897019992,1.1000331815383806,F,85.91481718027444,26.56875306139931,86.16105288487769,25.780419632823588
l_315,,peripheral,arterial,West,0.9590792838874681,0.9914263162755118,E,58.206780092184864,56.56595492603359,58.52981355934729,56.39785830666861
l_506,,inner,arterial,CBD,0.51985559566787,2.791049144619682,F,49.32606309764747,29.999946005263766,49.45148718222469,29.727381154535077
l_565,,boundary,arterial,West,0.6931407942238267,2.7449673726732295,F,48.886082829988325,30.899887737200082,49.13742967191647,30.381775844844405
l_1055,,peripheral,arterial,East,0.9321112319403448,1.5687724154718463,F,65.17583481005899,20.681714477473342,65.47130617214107,21.378959428424118
l_221,,inner,arterial,CBD,1.3530273988048258,1.2109315935120353,F,71.88080660841018,63.530216875278064,72.40769120143241,64.97992663724726
l_1273,,peripheral,arterial,West,0.5155746509129968,0.6099707418175004,C,58.06295510020387,48.75797027711882,58.177596542623355,49.080179599865495
l_2640,,inner,arterial,CBD,0.43914220888531064,1.28907050392284,F,64.95548773532586,57.036371765893044,65.18380297971082,57.62674891718764
l_788,,boundary,arterial,West,0.42560737719453806,2.5365997081013925,F,45.6256012022961,34.47309629286863,46.16245726440973,34.11191410925687
l_1279,,inner,arterial,CBD,0.7405578869414959,0.3613935709664316,B,60.80340898776484,48.81567933866933,60.98773892815765,49.37984309580079
l_237,,boundary,arterial,East,0.47084673938632976,1.0675410029821795,F,65.35616662209551,37.515893266219976,65.79131874330855,37.53490327907167
l_93,,peripheral,arterial,West,0.4094445202675038,0.8438575715791126,E,24.66017545711453,16.154123118891604,25.97287965167287,16.616660135229253
l_83,,inner,arterial,CBD,0.9380129758461659,1.775917670318527,F,76.66162801034746,65.73922665077025,76.96419264418996,66.81469838221345
l_2216,,peripheral,arterial,West,0.3682563063892469,0.3620046880386115,B,44.95709574338472,64.37645100693896,44.96453376525631,64.78170908055317
l_47,,peripheral,arterial,East,1.2464942349641632,0.9250829766198361,E,121.88622266419952,47.088396993059845,122.05703166725341,45.760889409575576
l_89,,peripheral,arterial,East,1.162715586848395,2.2458966432062204,F,113.17528008776863,31.197116002251,113.40268484984902,32.89556275122602
l_1194,,inner,arterial,CBD,1.260107109104274,2.804156700725399,F,80.43487564907198,49.94006221877742,80.69117831584225,49.69208389607326
l_857,,peripheral,arterial,East,9.577015163607342,12.778519756873905,F,66.74751254471882,29.274205902650944,67.60879996164446,28.82590664672896
l_1807,,peripheral,arterial,East,1.260107109104274,1.2454327362067474,F,84.69935380385046,43.07749278340039,84.74751293230132,42.15769708901985
l_1795,,boundary,arterial,East,0.5469711472719815,2.1068526033775936,F,111.9019693746437,58.46384737328874,111.9302646176877,58.8146676413356
l_225,,peripheral,arterial,East,0.43917435221783047,0.8482587668618107,E,76.47134277618923,17.878741926400867,77.14149020026282,17.67717073729872
l_2218,,inner,arterial,CBD,0.39489272081084636,0.9073366318265693,E,97.40615461190092,69.32798405926783,98.5036345663708,68.71301775527895
l_1726,,inner,arterial,CBD,1.260107109104274,2.588633333403834,F,78.82161839585643,52.05092945751798,79.22255887109388,51.39488182530737
l_850,,boundary,arterial,West,0.3682563063892469,0.26532222304653696,B,46.520830725619874,67.83419521457432,47.50995239258099,69.59980472525197
l_186,,inner,arterial,CBD,4.2457837009081265,3.4576584136771062,F,70.50245947328503,47.77217709600998,71.42027172486131,48.025512440539416
l_2563,SH1S,peripheral,motorway,MWY,0.1894736842105263,1.4725006438410957,F,69.79372136260199,28.245087626118437,70.30629292231427,27.749155313058328
l_927,,boundary,arterial,East,1.1860051393556037,2.551769601392874,F,64.8377383559979,32.98499530804961,65.04529673321747,33.62980747862805
l_1453,,inner,arterial,CBD,0.5953266855186784,2.126629325608755,F,95.50635967892894,57.20126775137313,95.97547989031678,56.7060801811761
l_1109,,boundary,arterial,West,1.0311493018259936,0.3594975089808148,B,59.98369665385385,53.88469637087916,60.64586369269479,55.60220742294849
l_175,,peripheral,arterial,West,0.2081743112899868,0.34577564284040074,B,35.52025654373531,1.4427167203535378,35.78496267608044,1.6540867439188676
l_2166,,boundary,arterial,East,2.8537455410225925,3.092914463560212,F,77.83340157369706,73.34168527816092,78.691192060888,73.188074916488
l_1683,,peripheral,arterial,East,4.935225169648365,5.1986231728046866,F,103.92326940394825,17.506958587856996,104.31538306862423,17.740704362018587
l_357,,boundary,arterial,East,5.661044934544168,2.48309296014734,F,65.84798720220324,53.560550321934564,66.63071109769622,52.38399397535276
l_1009,,peripheral,arterial,East,0,0,A,66.9818543931158,71.13984560692596,67.44177040921444,71.58484956953085
l_1438,,peripheral,arterial,East,0.6931407942238267,0.7057051232967232,D,64.63327380845004,21.907902492300373,65.28320945797132,21.78782265927026
l_768,,peripheral,arterial,West,0.6732873253661,2.9147270418149493,F,24.293451413394337,71.07802402876578,24.658032379214724,70.80112132705622
l_373,,boundary,arterial,East,0.48007681228996646,1.3825627233247217,F,95.11297254975042,62.938214680546714,95.31776585544671,62.25874835829025
l_431,,peripheral,arterial,East,0.7544322897019992,1.2173416188761255,F,82.67843979627918,29.061069090508706,83.65086001678152,28.74577789752999
l_1782,,boundary,arterial,East,0.5933544303797469,2.574718766290937,F,64.33329631977993,70.45293118139321,64.57339037924574,70.50256418466411
l_897,,inner,arterial,CBD,0.3592814371257485,0.36207359658548016,B,60.44267633854319,64.6327617430153,61.62087538525587,64.85432794689004
l_2689,,peripheral,arterial,East,0,0,A,66.91059619687547,20.61940244846136,67.10689087911975,20.48396774984945
l_840,,peripheral,arterial,West,0.3592814371257485,0.537280719522589,C,57.75975764664811,64.16858437867349,58.065048907854084,64.21702625636892
l_2059,SH16,peripheral,motorway,MWY,0.21176470588235297,0.7533249149217266,D,13.446754249690338,10.358436791437382,16.634116357492584,9.922105711149262
l_582,,boundary,arterial,West,1.9181585677749362,1.5818595674435845,F,60.64586369269479,55.60220742294849,61.293417623683446,55.34705758430491
l_2228,,inner,arterial,CBD,0.8782844177706213,0.7097794172516674,D,60.54359895708543,48.874511597902,60.98773892815765,49.37984309580079
l_1923,,inner,arterial,CBD,0.9380129758461659,0.7220303286559094,D,68.32163841459146,41.946773873519945,68.5415262542454,42.835461968696364
l_441,,peripheral,arterial,East,1.8697413524462447,1.7131906112988315,F,117.30487725860446,61.36303994193312,119.1538986518475,61.409599787911716
l_204,,peripheral,arterial,West,0.2729630135116692,0.4843429031984224,C,38.32500839245553,24.012453131749073,38.612466567512,24.27745724437945
l_913,,inner,arterial,CBD,1.8901606636564108,3.0300774813217264,F,82.0243621759627,47.72151396091775,82.61537724786608,46.76465010547394
l_325,,peripheral,arterial,East,0.7751437245655965,2.7290355814203537,F,108.02612519860295,22.04994085333653,108.46982879201212,22.528156201237426
l_356,,peripheral,arterial,East,3.368893879842785,2.3577210558954658,F,65.19974202741982,52.5995377645506,65.84798720220324,53.560550321934564
l_777,,peripheral,arterial,West,0.718562874251497,1.2028591174256449,F,54.73753808677626,64.17005208437376,54.99836319691501,64.16526226450581
l_881,,peripheral,arterial,East,0.7751437245655965,2.270948557277018,F,112.29493053495209,28.29464074874688,112.74875557728336,29.31319530064335
l_862,,peripheral,arterial,West,0.3682563063892469,0.36121485837364936,B,45.080153375260146,65.15795934813434,45.237260838842545,65.42534446586146
l_2122,SH1S,peripheral,motorway,MWY,0.12631578947368421,0.12074953215574442,A,50.7546373797436,27.29811996730244,50.9991503225979,27.590922516974874
l_1756,,inner,arterial,CBD,2.4979184013322233,1.0511041983605036,F,78.76087524176054,60.51135513019895,79.24505232266196,60.82672526593426
l_2394,,inner,arterial,CBD,1.8760259516923319,0.6559879842939471,D,67.12521488214176,39.13191321982314,67.5595949665603,40.2860462028036
l_220,,inner,arterial,CBD,0.48007681228996646,1.8270858049120402,F,86.3635282718418,70.66783914606896,87.21124072397012,70.6521428678054
l_1758,SH1N,peripheral,motorway,MWY,0.13333333333333333,0.32507509626944786,B,25.298401125229688,96.8105361307028,26.11703655265897,98.31416060340739
l_513,,inner,arterial,CBD,2.4979184013322233,3.5011060238776066,F,80.40402295935954,61.183673115387506,80.88570138323726,61.363953161543286
l_584,,peripheral,arterial,West,0.6245229338699604,1.3245070887333954,F,57.831907494897834,14.97917767826356,58.47005292411039,15.399864333918952
l_790,,peripheral,arterial,West,0.1364815067558346,0.26607175162473684,B,6.483736152637758,21.91694292182404,6.703500289561166,22.048086483923136
l_29,,peripheral,arterial,East,0.34657039711191334,0.6750948260479022,D,62.96845920756803,22.398014489575356,63.20600543557695,22.31256086351536
l_845,,peripheral,arterial,East,0.6990834239552587,4.319697064900186,F,67.98722386930352,29.30540746056039,68.30444702151331,30.00224808447742
l_607,,peripheral,arterial,West,0.2081743112899868,0.3115268273742492,B,37.1450881745734,3.5210531146608828,37.458209591611435,4.001798971551008
l_30,,peripheral,arterial,West,0.42560737719453806,1.7315035439375743,F,34.33790463427737,43.70643040416842,34.58782066203479,43.10728654037618
l_2645,,boundary,arterial,East,0.5953266855186784,2.1212680670484065,F,95.97547989031678,56.7060801811761,96.21204954230274,56.566555217327355
l_961,,peripheral,arterial,East,1.1259148057796962,1.3719502385063367,F,112.58002785651028,24.937999502131394,113.56351492893005,24.05479541409066
l_609,,inner,arterial,CBD,4,5.9885180169601355,F,87.28538463256781,61.759029567199676,87.4987260507792,61.53886562834153
l_79,,peripheral,arterial,West,0.6732873253661,0.9855818876818437,E,9.963388789742353,72.20338992364428,11.357448835104252,72.34024476797593
l_1741,,inner,arterial,CBD,0.7897854416216927,0.31622073664620776,B,92.84472003305395,72.22210237377735,94.01955939567458,71.95836419580954
l_1059,,peripheral,arterial,West,1.1108368304122438,11.26475991377038,F,60.887990465952456,46.32769233043403,60.924484608854556,45.94865095390427
l_362,,peripheral,arterial,West,0.6384110657918071,1.6967710320024323,F,29.301693173350262,61.95999256988419,29.643531754368812,60.44028981709939
l_1038,,inner,arterial,CBD,0.5155746509129968,0.594832983928205,C,58.359430838136134,49.5092591856192,58.47407308250859,49.83146835872688
l_399,,boundary,arterial,East,10,7.047966059413707,F,88.82022876021257,60.109002418329815,90.31308370006009,58.540820628572924
l_252,,peripheral,arterial,East,0.3233804031475693,0.46977835379526195,C,83.81554702213414,38.79662508554348,84.04239717389197,39.30593131977815
l_903,,peripheral,arterial,East,0.21958717610891523,0.9368252281505528,E,70.74069647453153,19.49804875099083,71.21677563603794,19.381157638876196
l_1407,,peripheral,arterial,East,0,0,A,99.54522357902769,54.58575504633616,100.15026983076909,54.38532482947949
l_381,,peripheral,arterial,East,0.7751437245655965,1.9936743023591441,F,106.49109268072078,46.970172440998155,106.78377288492112,46.34310863502439
l_108,,peripheral,arterial,West,2.9622315477659837,1.7749369746935169,F,60.80485960601981,45.35627036157406,60.930097372138135,43.89453909560911
l_1489,,peripheral,arterial,West,2.155688622754491,2.7414362166088737,F,44.99560781838119,64.10548271931862,45.75882620164784,64.22663319610409
l_2365,,peripheral,arterial,East,0.5933544303797469,2.6904635673759763,F,74.27694113805138,74.35064640065049,74.6899357895852,74.34302419512628
l_1779,,peripheral,arterial,West,0.9079445145018916,2.0431947694027004,F,43.21330632464109,64.13812082671996,43.80164882948441,64.20842743249491
l_2690,,boundary,arterial,East,0.5933544303797469,2.685056340493914,F,74.6899357895852,74.34302419512628,75.14637704604353,74.37686654868502
l_570,,peripheral,arterial,West,0.4163486225799736,1.270014068945773,F,55.37854866737368,12.781086522748506,55.709475407824385,13.045268594518097
l_161,,boundary,arterial,East,0.3090632807067247,0.43763559775972605,C,123.11686983154266,64.03823861374093,124.31030574758968,63.907819662821275
l_937,,peripheral,arterial,West,0.42560737719453806,1.6686968167268124,F,31.502800738853786,52.730917123186046,31.684075645716092,51.943847527863355
l_300,,peripheral,arterial,West,0.6662225183211192,0.9792017386723981,E,38.78302360652124,37.138859200928174,39.28980631483006,37.50795600611312
l_2140,,peripheral,arterial,West,0.8326972451599473,0.3934645180723407,B,49.443104704879936,9.72922673643824,49.52057764410846,10.606463518772738
l_1819,,peripheral,arterial,West,0.6931407942238267,0.6692547772826758,D,53.1215946168522,24.79526131589832,53.553734176604436,24.65219235935953
l_653,,peripheral,arterial,West,0.6384110657918071,1.6880781259344628,F,29.946834492384088,59.19155118606064,30.22988037189786,58.024260059792724
l_81,,peripheral,arterial,West,0.2729630135116692,0.5824959499354173,C,44.67545346620091,30.0852133826215,45.427731500137845,30.801139189057874
l_288,,peripheral,arterial,West,0.9552619009711829,1.9032275374616818,F,19.935796056810617,41.96912676686193,20.192649460808386,41.74824217341271
l_365,,peripheral,arterial,East,0.48007681228996646,1.3298814805956756,F,92.5425828519474,67.36420983457765,92.73268306237138,67.06339181590333
l_153,,peripheral,arterial,West,0.2729630135116692,0.48262537594636656,C,41.88717799682188,27.406626014369678,42.57225880891554,28.015686351077534
l_2137,SH1N,peripheral,motorway,MWY,0,0,A,26.88875060989319,98.89467486649406,27.337437624908134,99.71829779924256
l_813,,peripheral,arterial,West,0.23542336969316488,0.5570317005178557,C,55.47809825859257,37.07601636840812,55.7186490833935,37.152675638354886
l_144,,peripheral,arterial,West,1.4730252255569876,3.2291030263747236,F,48.84250379985112,72.305034748848,48.93391582845936,72.54659555733755
l_1744,SH16,peripheral,motorway,MWY,0.21176470588235297,1.3643725685596406,F,88.40055500107961,46.87374551919048,88.88572095283965,47.24312752398298
l_751,,peripheral,arterial,East,0.43917435221783047,0.8118739634763695,D,98.50670295029522,11.659621214841225,99.17731541250967,11.484994891160891
l_2131,,peripheral,arterial,East,0,0,A,115.01464367696506,63.14610977823178,115.11652217168017,63.624565329399076
l_2397,SH1S,peripheral,motorway,MWY,0.25263157894736843,1.469075292278998,F,64.82007502293318,30.850228876456175,66.29036569802851,30.41774322411505
l_217,,peripheral,arterial,West,0.6662225183211192,0.6958451208229429,D,18.153196678252467,21.70491167062366,20.09311420521459,23.183067412831576
l_95,,boundary,arterial,East,0.718562874251497,0.1900318830558,A,66.79143678056333,64.62401159445204,67.69934011712195,64.33702041749164
l_702,,peripheral,arterial,East,0.8774495466510676,1.329077186445509,F,71.3291682956456,16.054818204487734,71.3993559895461,16.323788369085356
l_197,,inner,arterial,CBD,0.9380129758461659,1.8284662415893032,F,76.07424304646568,63.3717424778537,76.26212498286664,64.1250148207832
l_434,,peripheral,arterial,East,1.7566974088713219,2.6627482331219143,F,83.8236740573931,15.796826580917708,85.98618713567022,15.189215814380727
l_712,,inner,arterial,CBD,0.23542336969316488,0.5651175004978638,C,56.988096828092516,37.61582131624459,57.578859904655694,37.82117309781113
l_774,,inner,arterial,CBD,0.3090632807067247,0.48676726141156945,C,118.5761417371321,64.23117343997042,119.27269376676925,64.27222082409003
l_371,,inner,arterial,CBD,0.4660556159701724,0.40948069481576993,B,89.69161946448213,56.687503918493874,90.26675970772055,57.217375824468164
l_1378,,peripheral,arterial,East,1.550287449131193,2.145637690930041,F,103.9397946473381,52.39596848608203,104.31439149020592,51.497118173635656
l_2008,,peripheral,arterial,East,0.43914220888531064,1.0460183052136385,F,69.29917065222463,68.55068808734492,69.39060559698635,68.79224067805009
l_763,,peripheral,arterial,West,0.5904736911166514,4.261804101452656,F,57.80877329498813,29.0603833529227,58.20392753524212,29.269328819141265
l_649,,inner,arterial,CBD,1.3530273988048258,1.3283614061055542,F,74.18950563897673,69.6226280580766,74.64771262574864,70.88441532044997
l_794,,peripheral,arterial,West,1.54182191956829,2.7932309328327083,F,20.747160974250612,78.11532684880811,20.881583126375002,77.13994100829224
l_67,,peripheral,arterial,East,1.162715586848395,2.2586816706522517,F,112.90643392091758,29.607549191535874,113.17528008776863,31.197116002251
l_167,,boundary,arterial,East,0.48007681228996646,1.3232150831585066,F,93.94048829746725,65.36533903997785,94.25698014732225,64.84596163196238
l_2565,,inner,arterial,CBD,0.8782844177706213,1.1865900997196424,F,67.17348788102349,62.941334292967575,67.69934011712195,64.33702041749164
l_61,,peripheral,arterial,East,0.8783487044356609,0.9305529142690357,E,67.10689087911975,20.48396774984945,68.05855738158797,20.223184049712202
l_375,,peripheral,arterial,West,1.4328928514567743,1.9120230790892814,F,19.041731192325393,43.012392092370746,19.935796056810617,41.96912676686193
l_1680,,peripheral,arterial,West,0.3936491274111009,1.7797063246542444,F,50.837244456030206,15.242827359576108,50.95285355465365,15.61907493991491
l_814,,peripheral,arterial,East,0.9701412094427078,1.8782909379361443,F,76.10914760698414,27.66905318193299,77.22274817919336,29.10791067568746
l_2180,SH1S,peripheral,motorway,MWY,0.1894736842105263,1.483135749411229,F,70.98572173256585,26.8717716188427,71.30370240226385,26.433479853153397
l_485,,peripheral,arterial,East,0.6404098623118796,1.0810817178195102,F,84.18651369894678,8.360950736719449,84.35024758592708,9.030415185966078
l_366,,peripheral,arterial,East,0.9601536245799329,1.3324888621754436,F,92.03296894979158,68.02229805492169,92.5425828519474,67.36420983457765
l_2138,,peripheral,motorway,MWY,0.13333333333333333,0.17537559042171447,A,57.404808572559816,47.256589734658704,57.584649395813265,47.577600920728216
l_1588,,inner,arterial,CBD,1.437125748502994,1.7622585872548537,F,78.08508553972821,60.4157365320192,78.64845635725169,60.22310997772073
l_1025,,inner,arterial,CBD,1.9181585677749362,0.7988390442664678,D,54.601457003357595,57.956488700539424,56.177153289115644,57.332965838616346
l_509,,inner,arterial,CBD,0.47084673938632976,1.09356887780917,F,64.29276165623449,37.616559086629074,65.35616662209551,37.515893266219976
l_901,,peripheral,arterial,West,0.6732873253661,3.0128159469862856,F,28.666384370596415,67.64707834467366,29.051701669472546,67.31573675116461
l_556,,peripheral,arterial,West,0.2729630135116692,0.8003337279511479,D,23.69614807299709,15.739275869355476,24.002838762026663,15.868817081390382
l_460,,peripheral,arterial,West,1.54182191956829,2.274593941873743,F,20.33101384723842,81.52818713871184,20.536626673350835,79.68667156086065
l_258,,peripheral,arterial,West,0.2729630135116692,0.7109460397714743,D,16.058494501113277,15.310789384286009,16.358777119211265,15.089117718826287
l_1299,,boundary,arterial,East,1.1047689191677408,0.6688638391577584,D,70.97498111678571,74.51966342506424,71.4152041612677,74.80883656913852
l_868,,peripheral,arterial,East,0.43917435221783047,1.0259321142851223,F,88.17041892584936,14.58117929111355,88.75462858954545,14.435215825466882
l_158,,inner,arterial,CBD,0.4660556159701724,0.9939937787471395,E,73.4414775800455,38.58298865095823,73.88413068294506,39.00724131093205
l_1272,,peripheral,arterial,West,1.317426626655932,5.71358026494158,F,60.005554820942166,47.992536583867455,60.3128151638892,48.1490434873391
l_2662,,peripheral,arterial,West,0.42560737719453806,1.7204299576385298,F,28.948483104308647,64.0474516095016,29.089758684259447,64.6394507985258
l_415,,inner,arterial,CBD,0.7365126127784938,1.8802080329166346,F,53.20093694328608,84.65719116161277,53.38477405596671,85.19434360848355
l_1171,,peripheral,arterial,East,2,3.8959009474527555,F,104.75050162513983,17.759631560391824,104.77878406151197,18.1104530851749
l_909,,inner,arterial,CBD,0.3090632807067247,0.43586103290498784,C,119.90353355959333,64.28746641469652,123.11686983154266,64.03823861374093
l_762,,boundary,arterial,East,1.8760259516923319,3.6885899322086573,F,66.96610027265491,38.756474806697,67.12521488214176,39.13191321982314
l_536,,inner,arterial,CBD,1.8760259516923319,2.528912699433992,F,70.3428338035905,47.36972377019705,70.50245947328503,47.77217709600998
l_761,,peripheral,arterial,East,0.9701412094427078,1.9222003694453509,F,74.1048044898563,25.084499075963524,75.35226787411736,26.710079365169303
l_992,,peripheral,arterial,East,2.2179096201829775,4.255265962692684,F,94.95698250858808,18.320087338639414,96.96888977573524,17.796238769374977
l_213,,peripheral,arterial,West,0.42560737719453806,1.6827937463933422,F,30.87647586311128,55.33686591613959,31.017252115828647,54.712693693058014
l_2269,,inner,arterial,CBD,0.9380129758461659,0.3987417220480297,B,67.5595949665603,40.2860462028036,68.14211873833149,41.221235801942
l_59,,peripheral,arterial,West,0.42560737719453806,1.7274530112362771,F,33.45084826199009,46.31715503374983,33.55506511881598,46.0720152319914
l_675,,boundary,arterial,East,0.47084673938632976,1.1805069798680996,F,68.85113321180147,37.235270555268315,70.51056461021132,36.4479250457801
l_1957,,inner,arterial,CBD,0.43914220888531064,1.047999082499545,F,69.9619536507304,70.29518922611199,70.12209217912265,70.72466007959736
l_1283,,peripheral,arterial,West,1.260107109104274,1.7652376815688804,F,56.114680226208456,63.388020240501945,56.32606541401806,63.05982054201619
l_1017,,peripheral,arterial,East,1.5914415808319702,4.93484919463708,F,97.0638454446813,55.60480721914638,97.17704338533345,55.8459450532657
l_1993,,inner,arterial,CBD,0.43914220888531064,1.042154725491006,F,69.4820407369622,69.03379323205994,69.9619536507304,70.29518922611199
l_1922,,inner,arterial,CBD,1.8760259516923319,0.9448059388975779,E,68.14211873833149,41.221235801942,68.32163841459146,41.946773873519945
l_1490,,peripheral,arterial,East,0.7957207904159851,5.1771998303069,F,93.38872481780083,50.88930525441124,93.65606475862629,51.2356914705003
l_846,,peripheral,arterial,East,0.6467608062951385,1.8800811548021727,F,75.35226787411736,26.710079365169303,76.10914760698414,27.66905318193299
l_27,,boundary,arterial,East,0.48007681228996646,1.3232102398365664,F,92.73268306237138,67.06339181590333,93.26201946653492,66.29682936347034
l_1090,,inner,arterial,CBD,1.4811157738829919,11.309220247834064,F,60.774522595022184,47.24867825432507,60.851496141565626,46.70673368750483
l_668,,peripheral,arterial,East,1.1089548100914888,4.416383517756204,F,93.03148677723222,18.81528551705726,93.44236204648575,18.699552901642477
l_194,,boundary,arterial,East,0.3592814371257485,0.1911385225105345,A,66.14286173603182,64.82514320490282,66.79143678056333,64.62401159445204
l_102,,peripheral,arterial,West,0.9552619009711829,0.7960008180344285,D,8.148804108213302,50.12899996174968,9.593175763770375,49.45416407566636
l_835,,peripheral,arterial,East,0.4660556159701724,1.3489302419406595,F,68.30444702151331,30.00224808447742,68.46256018406585,30.32365092800221
l_1834,,peripheral,motorway,MWY,0.2,0.6670295957716171,C,84.08931759086086,43.007705641182994,84.55624162921892,43.566620758211755
l_755,,peripheral,arterial,East,0.7906700929037359,2.6100700846375946,F,64.3589247678989,31.77762305157244,64.56348885504276,32.26033191009303
l_64,,peripheral,arterial,East,1.1089548100914888,3.9366578828897523,F,99.15211684177766,17.134051952703206,99.9091660664164,16.930790692269245
l_1760,,peripheral,arterial,West,0.34657039711191334,0.6676553246864001,D,53.553734176604436,24.65219235935953,54.573612108611755,24.55237793946717
l_498,,peripheral,arterial,West,1.3465746507322,1.211247897845901,F,20.832376903800007,73.24907673454601,21.311067390560833,73.26739101638535
l_563,,peripheral,arterial,West,0.34657039711191334,0.7460108976170794,D,60.80631266333057,23.0323980143972,61.28190622607549,22.88851284067149
l_732,,peripheral,arterial,East,0.7544322897019992,2.9634143798107186,F,86.33621924600413,16.480010077644096,86.45239586908485,16.883257353917134
l_390,,peripheral,arterial,East,0.6467608062951385,0.6919216448908914,D,80.58236816714985,33.26194376468249,81.78295799544435,34.69917053726858
l_178,,peripheral,arterial,West,1.54182191956829,2.5963059395022965,F,19.947982144973768,84.3728949178436,20.00482212866559,83.91241743811356
l_962,,inner,arterial,CBD,1.260107109104274,0.688017246721339,D,56.06474431481618,63.03759484662711,56.694073547401054,62.971980289645025
l_573,,peripheral,arterial,West,0.4163486225799736,1.3310612836447353,F,58.90864353705988,15.608008409911491,59.346238922922744,15.762116970461204
l_2372,,inner,arterial,CBD,0.7897854416216927,0.4403366760311257,C,81.33539754539818,76.45979521838711,82.50457703730733,75.84115997283072
l_173,,boundary,arterial,East,0.9321112319403448,0.46034469418764423,C,90.26675970772055,57.217375824468164,90.9308499919602,57.85370365364385
l_555,,peripheral,arterial,West,0.5459260270233384,0.4336741101984832,C,29.520868804521943,18.065397171571686,29.827072700036368,18.167912745491606
l_318,,peripheral,arterial,West,1.0186757215619695,14.29203401510109,F,57.58532703937749,41.71285811020964,57.76267550723545,41.89878278073104
l_311,,peripheral,arterial,West,5.5581287633163505,4.872277417369107,F,43.22001107412681,45.54390816345848,43.99316223748298,47.39456392132523
l_1186,SH1S,peripheral,motorway,MWY,0.1894736842105263,0.6286264929562427,C,86.39065294600516,6.533190951974246,87.62888317510843,5.3210689163522655
l_249,,peripheral,arterial,East,1.1259148057796962,1.3633736677066937,F,111.16442414012288,25.964389511923958,111.72439784720393,25.683680295481814
l_142,,peripheral,arterial,West,0.6245229338699604,1.2667010655023563,F,56.19549972464025,13.468757795687031,57.035679730518716,14.237078372263523
l_2173,,boundary,arterial,West,4,4.099016772237568,F,50.204807783746894,60.06415870171038,50.71651428987713,59.51424531615079
l_455,,peripheral,arterial,East,0.5629574028898481,1.1089737708067968,F,118.07553492299452,21.21382886352289,118.61375585870096,20.93350617850465
l_684,,inner,arterial,CBD,1.415261233636042,2.731179450355207,F,68.53899968943219,55.646056144061916,69.11457928555151,56.203002006373694
l_459,,peripheral,arterial,East,0,0,A,87.02028595681482,49.81818938328988,87.15738012577293,49.00485215917143
l_1422,,inner,arterial,CBD,0.9380129758461659,2.4909140654024866,F,69.48926630462122,44.70984221584518,69.92317004128877,45.83695339836799
l_2382,,boundary,arterial,East,0.5933544303797469,2.6779127781254917,F,75.14637704604353,74.37686654868502,75.53466297520778,74.16527256262826
l_1441,SH1N,peripheral,motorway,MWY,0.06666666666666667,0.04634679237080219,A,49.46543214955634,61.239851465623666,50.157972579024026,58.55544635747299
l_1832,,peripheral,arterial,East,0.4660556159701724,1.6453379130514239,F,66.96388474240788,26.864859614113108,66.9975920537754,27.512874366468814
l_1379,,peripheral,arterial,East,1.550287449131193,1.1692455700702518,F,103.48067669638154,52.63864609996078,103.9397946473381,52.39596848608203
l_2629,SH1N,peripheral,motorway,MWY,0.26666666666666666,1.7118172159762008,F,49.19699130200595,64.37982714894805,49.25662904563713,62.8922861108631
l_780,,peripheral,arterial,West,0.42560737719453806,1.684046323277633,F,31.887082961168694,51.15638090157586,32.13059058682008,50.20601713188289
l_858,,peripheral,arterial,West,0.2729630135116692,0.8455521812163597,E,24.35348389889819,16.024582852657694,24.66017545711453,16.154123118891604
l_505,,inner,arterial,CBD,2.1228918504540633,2.674056603044859,F,69.11457928555151,56.203002006373694,69.71112581881982,57.89467136604405
l_952,,inner,arterial,CBD,0.8204567209079722,3.3589613763661257,F,103.91347280868749,60.3152799633728,104.81217107922636,60.703961739510994
l_996,,inner,arterial,CBD,0.7062701090794946,2.9599266879522594,F,48.72437953409372,33.92980737647068,48.901713511579864,34.115739221453836
l_155,,peripheral,arterial,East,0.43917435221783047,2.8583672536745954,F,80.77570790697433,16.718090226526215,81.35942688770864,16.54513059672494
l_2423,SH1S,peripheral,motorway,MWY,0.1894736842105263,1.4739547465509477,F,68.10340088513385,29.560612238759166,68.42285851212542,29.351428721122858
l_906,,peripheral,arterial,West,0.42560737719453806,1.684019457737106,F,30.22988037189786,58.024260059792724,30.431418608881398,57.15574394736645
l_1745,SH16,peripheral,motorway,MWY,0.35294117647058826,1.4082745182845648,F,85.19503056774066,44.01424656159616,87.16541261073924,45.92367104709976
l_728,,peripheral,arterial,West,0.6732873253661,1.192621366690127,F,20.06963750384834,73.15485135126279,20.832376903800007,73.24907673454601
l_1418,,peripheral,arterial,East,0.5953266855186784,0.16785092890376788,A,98.62522161572872,55.3866211660318,99.18617879163148,55.060876857510834
l_400,,peripheral,arterial,West,2.7790643816581753,3.7233985189979566,F,45.88089157914587,51.92742800306539,46.53102693386683,52.99656676705129
l_895,,peripheral,arterial,West,0.42560737719453806,1.6722298102464097,F,31.300284191441023,53.54540039863491,31.502800738853786,52.730917123186046
l_829,,peripheral,arterial,East,1.2464942349641632,1.1522265220010113,F,120.13699641765682,55.850744881256276,120.53325260381972,53.789304780519
l_1013,,boundary,arterial,East,8,13.683121476122087,F,92.79408265927084,69.19735448919624,93.11445522620902,70.05626400761284
l_958,,peripheral,arterial,East,0.9590792838874681,2.0755272361646946,F,64.51092567825773,54.15272925848402,64.87791796969692,54.01083932229761
l_386,,peripheral,arterial,East,1.131648434552999,2.9428441501364633,F,86.66201641600574,17.63611965574881,87.19894577134318,19.626142623559943
l_246,,peripheral,arterial,West,0.4163486225799736,1.5031556887711421,F,62.15842817136065,16.196837157858926,63.01787963772989,16.829647840958994
l_515,,boundary,arterial,West,0.9590792838874681,1.5844112296679609,F,62.070878876013246,55.062488842189836,62.61075366145854,54.863368946849434
l_984,,inner,arterial,CBD,0.9512485136741975,3.2666442176383166,F,80.78511428794562,72.36560725696413,81.5413821854528,72.10838629623474
l_1763,,peripheral,arterial,West,1.03971119133574,2.7909754717897313,F,50.377877344433436,28.088799766079482,50.7546373797436,27.29811996730244
l_1428,,peripheral,arterial,West,1.2768221315836141,1.780104146428591,F,29.48889096285736,66.2537412667525,29.673640407118377,66.84494709908721
l_294,,peripheral,arterial,East,1.1089548100914888,3.8150056083591393,F,101.68150962704725,16.38432238909062,102.5472068574894,16.179030222583442
l_504,,peripheral,arterial,East,0.3090632807067247,0.445245962892061,C,133.130838192187,62.3643331192384,134.76395624930927,61.33372528134379
l_1837,,peripheral,arterial,West,0.34657039711191334,0.6788931841289046,D,54.573612108611755,24.55237793946717,55.0507051747397,24.48955916017937
l_715,,inner,arterial,CBD,2.520214218208548,3.0223291809229056,F,81.80594585524118,48.0205643556404,82.0243621759627,47.72151396091775
l_2504,,boundary,arterial,East,0.43914220888531064,1.6401055021200548,F,63.15193123457362,53.55614010630278,63.33128764447713,53.850129409293416
l_91,,peripheral,arterial,East,0.7544322897019992,2.954796369384687,F,86.56957610829535,17.340539282249114,86.66201641600574,17.63611965574881
l_1567,SH1S,peripheral,motorway,MWY,0.3157894736842105,1.1525034263010996,F,81.77925355649629,11.050957234452639,84.96035184208625,7.938049165044866
l_219,,peripheral,arterial,East,0,0,A,78.60074489497762,73.00056057133216,78.691192060888,73.188074916488
l_581,,inner,arterial,CBD,0.9590792838874681,1.617047750459648,F,61.293417623683446,55.34705758430491,62.070878876013246,55.062488842189836
l_951,,peripheral,arterial,West,0.2729630135116692,0.42834823790622334,B,34.12039286685029,19.954308666811688,34.80641616675846,20.61742786010533
l_306,,peripheral,arterial,East,0.7751437245655965,1.9402713627577355,F,107.8508495037269,44.107045863993605,108.33206225929015,43.09809350593113
l_576,,inner,arterial,CBD,0.718562874251497,1.601610424929825,F,77.5234735835914,60.61529810113833,78.08508553972821,60.4157365320192
l_1451,,inner,arterial,CBD,1.9577453299616607,0.8051295856204913,D,90.45208248829778,66.02461078086631,91.21750506930572,65.09151821134026
l_2511,SH16,peripheral,motorway,MWY,0.21176470588235297,0.5481665807598914,C,8.980279509982317,10.980103187164117,9.847500602525066,10.856251210852385
l_2130,,peripheral,arterial,East,0,0,A,114.96349959780188,62.89320071657305,115.01464367696506,63.14610977823178
l_196,,peripheral,arterial,West,0.2729630135116692,0.42942252320422203,B,34.80641616675846,20.61742786010533,35.35958411076192,21.14784221539322
l_686,,inner,arterial,CBD,0.4660556159701724,0.4429117488778278,C,86.8129537423639,53.876017915405704,87.58820297558253,54.64542969440714
l_422,,inner,arterial,CBD,2.4979184013322233,2.835204646365117,F,83.48972467328285,62.26171774976253,83.92693597319536,62.38876064322207
l_1433,,peripheral,arterial,East,1.2464942349641632,2.8067203234234257,F,122.82818490837029,40.50326529216379,123.03438018628611,39.904819178716544
l_900,,peripheral,arterial,East,0.43917435221783047,0.8496448908263351,E,75.71477167447594,18.108934229496324,76.47134277618923,17.878741926400867
l_572,,peripheral,arterial,West,0.4163486225799736,1.371044399329655,F,59.346238922922744,15.762116970461204,59.782838745666176,15.862190012256894
l_596,,boundary,arterial,West,0.51985559566787,2.7226945900998683,F,48.613002687591845,31.418397879223342,48.738428674370375,31.14583354077801
l_262,,peripheral,arterial,West,1.4342058085335245,0.9179260755091933,E,34.691642072889,2.4848681150931027,34.82097578557332,1.239292220401202
l_2616,SH1N,peripheral,motorway,MWY,0,0,A,50.55688604635839,27.713126788183125,50.600526465959064,27.62154170761143
l_799,,peripheral,arterial,West,0.2729630135116692,0.7168251119418528,D,17.49372580376037,14.149578258261334,18.13872945476368,13.759473594685016
l_1258,,boundary,arterial,East,4.995836802664447,3.5089437962390835,F,79.24505232266196,60.82672526593426,79.63778643398231,60.900545877044244
l_1792,,boundary,arterial,East,0.5469711472719815,2.1073729751359385,F,110.2298857455269,58.57608831545748,110.57159276244305,58.24540056785427
l_287,,peripheral,arterial,West,1.4328928514567743,2.173856719603692,F,27.99873854125966,40.633059065700095,29.63117375053188,40.738407169336135
l_786,,peripheral,arterial,East,2.877237851662404,2.067610782468954,F,64.87791796969692,54.01083932229761,65.84798720220324,53.560550321934564
l_436,,peripheral,arterial,West,0.6732873253661,0.6616489148322473,D,0,64.73559430462322,1.4221081112594016,65.22334325588477
l_1496,,peripheral,arterial,West,0.4670351054720947,0.34155357110653284,B,50.97996415226851,51.37448260392888,51.28573149316999,51.449951048757505
l_853,,boundary,arterial,East,2.520214218208548,2.8453094713873335,F,81.45257167434652,48.542887427232586,81.80594585524118,48.0205643556404
l_439,,peripheral,arterial,East,0.6587615283267457,2.7594591924248766,F,82.35402035513721,16.256458635031414,82.6132830183785,16.17058010033916
l_987,,peripheral,arterial,East,1.902497027348395,4.297362497795183,F,77.02548498231938,73.65126837530141,77.52242411359285,73.47993121316404
l_754,,peripheral,arterial,West,1.1809473822333028,1.9538837041662414,F,52.66608875196017,23.668517093456877,53.1215946168522,24.79526131589832
l_1415,,peripheral,arterial,West,0.5904736911166514,1.9598455202527636,F,52.43634905089815,22.997075504779254,52.68419619251515,22.289837472597156
l_1232,,boundary,arterial,West,0.5933544303797469,2.6761957885205843,F,58.181820089244304,69.37691690467969,58.94506781249516,69.49801981198192
l_227,,peripheral,arterial,East,0.8783487044356609,1.0698674841152553,F,85.98618713567022,15.189215814380727,86.5916285183731,15.015838603926118
l_2110,,peripheral,arterial,West,0.4163486225799736,0.10401077550651668,A,49.898340408449265,10.287200357257893,51.82497587753683,11.035597422664797
l_769,,peripheral,arterial,East,1.7548990933021351,1.3317278820813931,F,71.3993559895461,16.323788369085356,71.70183893190438,17.39926773257083
l_348,,peripheral,arterial,West,0.6662225183211192,0.7226535590033552,D,26.726973822938472,28.14311239205135,27.96122702398703,29.066517362682376
l_873,,inner,arterial,CBD,0.5469711472719815,3.1432816210518517,F,105.55620697930154,60.96038443195367,106.59899582020059,60.91395011494743
l_2268,,boundary,arterial,West,0.5933544303797469,2.6796465746290163,F,60.385120072702094,69.7688333866943,60.973984625025764,69.86610930404476
l_326,,peripheral,arterial,East,0.6467608062951385,0.5685283879997743,C,72.14670202358586,19.120755876282022,72.37850218358771,19.900247069732195
l_282,,peripheral,arterial,West,0.6662225183211192,0.9820571444443204,E,39.28980631483006,37.50795600611312,39.70916501073208,37.85162503008587
l_1280,,boundary,arterial,West,0.8782844177706213,1.2292858455408782,F,60.3128151638892,48.1490434873391,60.98773892815765,49.37984309580079
l_1268,,boundary,arterial,East,5.584858827179646,3.3575180759671617,F,71.4152041612677,74.80883656913852,71.9765944393281,75.77143528366535
l_478,,peripheral,arterial,West,0.2729630135116692,0.5842157741512073,C,44.143969963197385,29.554424425276366,44.67545346620091,30.0852133826215
l_527,,peripheral,arterial,East,1.9577453299616607,1.3177540272233057,F,90.9308499919602,57.85370365364385,91.75010104614312,58.64931212548191
l_1793,,peripheral,arterial,East,0.5469711472719815,2.103413942179647,F,111.65884730143536,58.25216504933287,111.9019693746437,58.46384737328874
l_2085,SH16,peripheral,motorway,MWY,0.21176470588235297,1.367984837623539,F,87.16541261073924,45.92367104709976,87.67331088998445,46.346687792152274
l_2488,,inner,arterial,CBD,0.7897854416216927,0.4249631349764869,B,86.13030614591256,74.69414848581485,87.4285688494408,74.16157052757397
l_1393,,peripheral,arterial,East,7.402837754472547,4.7587710195081145,F,103.69986891686158,17.373785672682526,104.31538306862423,17.740704362018587
l_678,,peripheral,arterial,West,1.54182191956829,2.7747000798964474,F,21.014033014049886,76.05648641136715,21.052086662157677,75.75850669401079
l_394,,peripheral,arterial,West,1.0778443113772456,3.0146777850494333,F,48.69658009671544,64.361976160048,49.19699130200595,64.37982714894805
l_1199,SH1N,boundary,motorway,MWY,0.4666666666666667,1.7421270141068486,F,50.157972579024026,58.55544635747299,51.96220025911047,54.663882885503156
l_611,,inner,arterial,CBD,0.5469711472719815,3.451055051403212,F,102.94906915652737,59.90078968461936,103.40953531118548,60.108439614280215
l_647,,inner,arterial,CBD,1.3530273988048258,1.437026133215182,F,73.22913578602629,67.07283563777267,73.91568303029801,68.92499321134198
l_50,,inner,arterial,CBD,0.4660556159701724,0.9921709517974372,E,73.88413068294506,39.00724131093205,74.17215607017293,39.29921543933476
l_793,,peripheral,arterial,West,0.3682563063892469,0.3609871767727262,B,45.237260838842545,65.42534446586146,45.418087921472434,65.80040013292222
l_62,,peripheral,arterial,East,1.2464942349641632,1.8800657867791217,F,115.12932246928952,61.295528587848004,115.73841693499564,61.31119197639963
l_887,,inner,arterial,CBD,4,6.418971686753911,F,87.90317081015102,61.07192236987932,88.13824604143318,60.851355100114134
l_2115,,peripheral,motorway,MWY,0.6,1.1575267565324645,F,35.90168045373832,79.24437655458021,46.1774620258294,74.0024792413105
l_925,,peripheral,arterial,East,0.7544322897019992,1.3673571961082442,F,79.8243558262689,29.897639816665812,80.6244308433964,29.66663004599746
l_968,,inner,arterial,CBD,0.48007681228996646,1.3791411238646782,F,94.98858867076105,63.2648424423794,95.11297254975042,62.938214680546714
l_2157,SH16,peripheral,motorway,MWY,0.1411764705882353,0.7875463870830475,D,84.28773435652593,43.245213502604585,84.55624162921892,43.566620758211755
l_586,,peripheral,arterial,East,0.7751437245655965,1.9421198571922103,F,106.97282358137726,45.98824119423296,107.14013993361219,45.633778238800495
l_548,,peripheral,arterial,West,0.2729630135116692,0.8784193155287432,E,27.68118253603015,17.31520820833251,28.119742845655235,17.523416388508874
l_537,,boundary,arterial,East,0.9380129758461659,2.5257081542883424,F,70.2286731667003,47.07453781757526,70.3428338035905,47.36972377019705
l_864,,inner,arterial,CBD,4,6.084404432169768,F,86.38854363352799,62.640487868716285,86.8804357530255,62.198954227882396
l_969,,boundary,arterial,West,0.9590792838874681,0.9132456817404239,E,57.407573841442634,56.85090827522146,58.206780092184864,56.56595492603359
l_284,,peripheral,arterial,West,0.33664366268305,0.84873087466625,E,7.360099979498667,71.33172830966363,7.780939910423752,71.75651292746136
l_233,,inner,arterial,CBD,0.4660556159701724,1.078332899971608,F,80.05201178107251,45.703972737526854,81.01008786227239,46.95650418119253
l_243,,boundary,arterial,West,0.51985559566787,2.759257003070009,F,49.13742967191647,30.381775844844405,49.32606309764747,29.999946005263766
l_583,,peripheral,arterial,East,1.2828736369467608,3.680233620539685,F,116.91170598033048,35.69492072497664,117.52679206590972,36.034785050545715
l_473,,peripheral,arterial,West,0.9552619009711829,1.128234786331382,F,12.265539437257972,48.162443142701186,14.552572749401495,47.20200301305013
l_1452,,inner,arterial,CBD,1.9577453299616607,0.7689958422999879,D,89.77142609073935,68.0101659520379,90.45208248829778,66.02461078086631
l_334,,peripheral,arterial,East,1.2828736369467608,4.215437899846679,F,115.90088706272924,35.11920004960792,116.16471022858158,35.276436523052126
l_670,,peripheral,arterial,East,1.093942294543963,1.7042253240665044,F,114.75172089097913,62.0322947864568,114.96349959780188,62.89320071657305
l_2607,,boundary,arterial,West,2.520214218208548,1.8622063525022272,F,59.436040302780505,61.921607193387665,59.89578389608564,61.716984700024234
l_977,,peripheral,arterial,West,0.7171029042667623,1.3583719674924906,F,34.320858529040066,4.788884331062761,34.54057727193056,3.730841017458006
l_1894,,boundary,arterial,East,3.723239218119764,3.9311678163934385,F,73.09627738553586,78.33242799896371,73.33873570061782,78.88137666158906
l_2048,,boundary,arterial,East,1.093942294543963,3.7434608125191864,F,100.61596088067445,58.37661739014762,101.1613482400527,58.474587001941416
l_68,,peripheral,arterial,East,1.162715586848395,2.114448708764137,F,104.8375977296964,50.40631472515976,105.61152915050488,48.77030886430576
l_66,,peripheral,arterial,East,0.9416934787726595,1.0642157748545968,F,65.79131874330855,37.53490327907167,66.5307284376244,37.54830611452319
l_707,,peripheral,arterial,West,0.2729630135116692,0.6857573551609383,D,18.59505976300408,13.751167999895477,20.12700620431193,14.317854676588565
l_2309,,peripheral,arterial,West,1,2.0490942457166548,F,20.49151013134539,91.52491898071625,20.64860256927363,91.79232186953674
l_1254,,peripheral,arterial,West,2.892960462873674,2.2124076283410194,F,27.44892572674896,81.93908674258003,27.458301659133134,82.45241249870897
l_450,,peripheral,arterial,East,0.7544322897019992,1.2024736107612741,F,85.58516259676898,27.54781745614378,85.91481718027444,26.56875306139931
l_785,,peripheral,arterial,East,0.7906700929037359,2.811771002762728,F,64.02685857431082,31.180652193133124,64.3589247678989,31.77762305157244
l_382,,inner,arterial,CBD,2.4979184013322233,3.1100879297965194,F,83.92693597319536,62.38876064322207,84.8898050292072,62.722286394498205
l_541,,inner,arterial,CBD,1.3530273988048258,1.3078013858503619,F,75.33328344094578,72.6825341116701,75.42472702495618,72.9240842775568
l_635,,boundary,arterial,East,4,6.0411245564324005,F,86.8804357530255,62.198954227882396,87.05030744901372,61.97959579665861
l_730,,inner,arterial,CBD,0.6765136994024129,1.5132714310883675,F,71.4923297427907,62.51037667129816,71.60699851117133,62.8325792472721
l_248,,peripheral,arterial,East,1.550287449131193,2.23597798081603,F,111.16442414012288,25.964389511923958,111.54850085396642,26.741005480237508
l_2258,,peripheral,motorway,MWY,0.13333333333333333,0.039063915780465815,A,54.83373062356441,38.68241247093793,55.07493113486969,39.97524862667511
l_830,,peripheral,arterial,East,0.43917435221783047,0.8135144682914855,D,99.17731541250967,11.484994891160891,99.89088353938105,11.28254088547251
l_134,,inner,arterial,CBD,0.9380129758461659,2.1237349938359924,F,77.3632048413974,68.40189168926318,77.78445854772983,70.0157000072251
l_646,,inner,arterial,CBD,1.3530273988048258,1.4171019252868675,F,73.91568303029801,68.92499321134198,74.18950563897673,69.6226280580766
l_364,,boundary,arterial,East,0.5469711472719815,3.1515401521751496,F,106.59899582020059,60.91395011494743,107.11610624288761,60.661083712013856
l_1366,,peripheral,arterial,West,0.4163486225799736,0.146937210499561,A,53.61726759322485,11.570233857453232,53.90323809115761,11.75416517278411
l_791,,peripheral,arterial,West,0.7872982548222018,4.261417712011735,F,62.28571152631732,30.167182431766516,62.983624140222425,30.2894662897823
l_593,,peripheral,arterial,East,0.6467608062951385,0.5015265007558551,C,83.20020090504401,37.26749840509649,83.70137069900036,38.50144590706852
l_329,,inner,arterial,CBD,0.4660556159701724,0.8382065407910665,E,75.97152524439069,41.37405555633217,76.21559039315031,41.639812585475795
l_656,,peripheral,arterial,East,0.6404098623118796,1.4026640661364294,F,85.58868628691421,13.683087211401649,85.68262845715589,14.059720065951861
l_1775,SH1S,peripheral,motorway,MWY,0.1894736842105263,1.5551917235330712,F,78.26055509412377,19.413212758880512,78.6381945270524,18.6765126787987
l_2422,SH1N,boundary,motorway,MWY,0.06666666666666667,0.0302186228685868,A,49.19699130200595,64.37982714894805,49.497206459126,62.96895336227439
l_203,,inner,arterial,CBD,0.9512485136741975,3.4508649987538633,F,85.82062402986284,70.70491631388921,86.3635282718418,70.66783914606896
l_690,,peripheral,arterial,West,0.5459260270233384,0.6770052390678087,D,14.18841608295176,20.047349898517552,14.363812522100684,18.936088409652413
l_1871,SH16,peripheral,motorway,MWY,0.35294117647058826,1.4386985029422705,F,46.92062178451132,23.314496123849654,49.511344857629844,25.888536433079363
l_75,,peripheral,arterial,East,1.1089548100914888,3.9319734620590707,F,99.9091660664164,16.930790692269245,101.01138621981251,16.585973676240414
l_2597,,inner,arterial,CBD,0.39489272081084636,0.7585159034465437,D,104.14149649928248,66.71636251607733,105.39462072232304,66.28764968796823
l_1450,,inner,arterial,CBD,0.9788726649808304,1.03586465138102,F,93.29637699962102,62.29625381690608,93.60583402800728,61.398634990402456
l_148,,peripheral,arterial,West,0.9552619009711829,1.3569382511682295,F,17.801273166943393,46.521333492608164,18.215256762926387,45.37870460126316
l_133,,peripheral,arterial,East,1.6409134418159443,1.7019065219951166,F,114.10574223197162,61.20651364290733,114.75172089097913,62.0322947864568
l_2031,,boundary,arterial,East,0.5933544303797469,2.7086841320805393,F,72.26968731133745,73.98228369520415,72.55326080360602,74.03110578680466
l_271,,peripheral,arterial,West,0.6931407942238267,0.7463062179853622,D,60.26552505066133,23.177481659503353,60.80631266333057,23.0323980143972
l_2101,,peripheral,arterial,West,1.446480231436837,2.6170367602958344,F,24.363999786618674,88.0491450436684,24.753350363940463,86.74480060182267
l_72,,peripheral,arterial,West,1.4328928514567743,1.9958373112696655,F,24.863778630243967,40.392930819995776,27.32353851346011,40.56429539010927
l_564,,peripheral,arterial,West,0.17328519855595667,0.7452103945136261,D,61.28190622607549,22.88851284067149,61.7574991780462,22.74462655540338
l_163,,peripheral,arterial,West,0.2729630135116692,0.6460887277479839,D,15.330500061785118,15.918605820140177,16.058494501113277,15.310789384286009
l_200,,inner,arterial,CBD,0.7201152184349496,1.337994728149269,F,94.42584210066914,64.57256242888025,94.86370199219547,63.56445281109681
l_1148,,peripheral,arterial,East,0.4660556159701724,1.6496332680523442,F,66.75532766474298,26.166014510986074,66.96388474240788,26.864859614113108
l_739,,boundary,arterial,East,0.39489272081084636,0.4383469152811638,C,88.09839164167468,73.93295303960706,88.94110232390135,73.64707740138871
l_778,,peripheral,arterial,West,0.2729630135116692,0.6874078296338639,D,45.427731500137845,30.801139189057874,46.22397489122295,31.543282954395114
l_92,,peripheral,arterial,West,0.4163486225799736,0.3123293689183163,B,38.127914939335575,4.9624941669907185,39.569548285590436,6.530665093655181
l_1838,SH16,peripheral,motorway,MWY,0.07058823529411765,0.018823529411764704,A,44.31904864262321,20.146045198764536,46.71461786604591,22.750719440385005
l_839,,peripheral,arterial,East,1.1259148057796962,1.3920408166605338,F,116.80502461872207,21.859174218520465,117.19264731088153,21.662747971149678
l_1536,SH1S,peripheral,motorway,MWY,0.06315789473684211,0.03362811695906433,A,73.66841364931753,23.822309274082407,74.5014329682545,23.023156082247098
l_117,,peripheral,arterial,West,0.4163486225799736,1.475031819551653,F,60.32709458729514,15.906228114512503,60.762200527057644,15.925247188892047
l_46,,inner,arterial,CBD,0.7201152184349496,1.3173216314408505,F,93.26201946653492,66.29682936347034,93.94048829746725,65.36533903997785
l_1753,,peripheral,arterial,East,0.6467608062951385,0.5529762679106793,C,84.72395627478791,40.887883293181325,84.74751293230132,42.15769708901985
l_816,,peripheral,arterial,East,0.3772161448509996,1.4009504886707054,F,79.39222039520915,30.040763602356257,79.8243558262689,29.897639816665812
l_2266,,peripheral,motorway,MWY,1.446480231436837,5.271642473457712,F,24.78930286728638,89.90620079474266,24.858954648088062,90.14816718611766
l_624,,inner,arterial,CBD,0.5469711472719815,1.927330701727091,F,113.21563314092414,60.11501533830143,113.43853816851465,60.40815325388406
l_1890,,inner,arterial,CBD,0.658713313327966,1.2950093245293015,F,64.18510637025192,55.347891346380386,64.95548773532586,57.036371765893044
l_1172,,boundary,arterial,East,12,10.957124726824167,F,93.73447562361224,71.82851945246047,94.01955939567458,71.95836419580954
l_514,,inner,arterial,CBD,3.746877601998335,3.1617279619898113,F,80.88570138323726,61.363953161543286,83.48972467328285,62.26171774976253
l_293,,peripheral,arterial,West,0.6662225183211192,0.7114904853530557,D,22.07602875395507,24.633396869178227,24.037733355692705,26.111121451821912
l_743,,boundary,arterial,West,0.7365126127784938,2.7541945651571638,F,49.18592036398048,73.24465908987568,49.324280536344816,73.67454307841179
l_307,,peripheral,arterial,West,0.7365126127784938,0.5706658514512958,C,44.95709574338472,64.37645100693896,44.99560781838119,64.10548271931862
l_993,,peripheral,arterial,East,0.6587615283267457,0.9825774215074358,E,91.37144208454141,13.711017694944955,92.97144198432113,13.248900677184562
l_2212,,peripheral,arterial,West,0.6384110657918071,1.723664677285344,F,29.089758684259447,64.6394507985258,29.27796259617457,65.4197771837638
l_603,,peripheral,arterial,East,1.2828736369467608,4.222888339436618,F,116.60441641335288,35.538496593822366,116.91170598033048,35.69492072497664
l_507,,inner,arterial,CBD,0.51985559566787,2.795268942621925,F,49.45148718222469,29.727381154535077,49.61938103076388,29.39998423668424
l_920,,boundary,arterial,East,5.661044934544168,2.3679521525013403,F,68.94062341036035,47.96313561986152,70.50245947328503,47.77217709600998
l_152,,boundary,arterial,East,1.415261233636042,2.1402503818149547,F,66.7451551400661,51.51703891544061,67.3005478766954,49.80413837125006
l_420,,inner,arterial,CBD,0.832523935063133,1.8459332620592985,F,92.08294553938917,56.670197145613685,92.61275717842703,55.930652377295964
l_295,,boundary,arterial,East,0.48007681228996646,1.65250545114507,F,95.59140926814194,60.605045122035285,95.62734219700089,60.19897868217845
l_2093,,peripheral,arterial,West,1.54182191956829,2.606169438385071,F,19.89606651006187,85.10354362914642,19.910347990489626,85.88704028332418
l_842,,peripheral,arterial,West,3.5428421466999085,4.275384858242351,F,53.1215946168522,24.79526131589832,54.638118647539876,26.875465062378005
l_247,,boundary,arterial,East,1.260107109104274,2.90316751771685,F,82.82720406952839,46.46343850540144,83.04003216242377,46.21626127244332
l_1774,,peripheral,arterial,East,2.1219221077759602,5.178514030124072,F,93.65606475862629,51.2356914705003,93.87893242817293,51.528849290813326
l_1439,,peripheral,arterial,East,0.9321112319403448,0.47687517137511076,C,65.17583481005899,20.681714477473342,65.28320945797132,21.78782265927026
l_236,,peripheral,arterial,East,1.162715586848395,2.730330461595799,F,108.46982879201212,22.528156201237426,109.33551067936077,23.484989208777264
l_130,,inner,arterial,CBD,1.4730252255569876,2.382458648962917,F,49.91971022613255,75.31222940789276,50.51713452805537,77.05798295833904
l_2643,,peripheral,arterial,West,0.2081743112899868,0.37475554184558263,B,53.90323809115761,11.75416517278411,54.22918699067504,11.748176452690043
l_2154,,peripheral,motorway,MWY,0.26666666666666666,0.1801874713358191,A,56.50542690938186,48.00283151305364,57.00066621402222,46.561331295919516
l_1210,,peripheral,arterial,East,0.8204567209079722,3.9003737520262782,F,97.15401521163456,56.32709926417492,97.45545643449223,56.78670764641128
l_726,,peripheral,arterial,West,0.6732873253661,2.2511236409639506,F,22.21413355053663,72.71043040111572,22.42853837069074,72.54437032089976
l_2151,,peripheral,motorway,MWY,0.2,1.7333164648160475,F,49.65627609578162,60.48860823595705,49.79450913135496,59.94446400638409
