agent_id,day,option_id,mode,depart_min,decider,triggers,reason,factors,gc_of_choice,rank_of_choice_by_gc,start_used_min,early_shift
0,1,CAR_0730,CAR,450,rule,T1,"Chose to drive at 07:30 over drive at 07:15: lowest total cost (NZ$24.52 vs NZ$25.16), mainly arrival time.",arrival_time,24.5205,1,465,False
1,1,CAR_0900,CAR,540,rule,T1,"Chose to drive at 09:00 over drive at 08:45: lowest total cost (NZ$29.47 vs NZ$29.95), mainly arrival time.",arrival_time,29.4719,1,555,False
2,1,CAR_0915,CAR,555,rule,T1,"Chose to drive at 09:15 over drive at 09:45: lowest total cost (NZ$26.17 vs NZ$25.50), mainly overall cost.",other,26.1674,3,600,False
3,1,CAR_0845,CAR,525,rule,T1,"Chose to drive at 08:45 over drive at 09:00: lowest total cost (NZ$32.30 vs NZ$31.52), mainly overall cost.",other,32.3036,2,555,False
4,1,CAR_0700,CAR,420,rule,T1,"Chose to drive at 07:00 over drive at 06:45: lowest total cost (NZ$8.57 vs NZ$10.84), mainly arrival time.",arrival_time,8.5717,1,435,False
5,1,CAR_0815,CAR,495,rule,T1,"Chose to drive at 08:15 over drive at 08:00: lowest total cost (NZ$7.56 vs NZ$8.93), mainly arrival time.",arrival_time,7.559,1,510,False
6,1,CAR_0745,CAR,465,rule,T1,"Chose to drive at 07:45 over drive at 06:45 for the early start: lowest total cost (NZ$31.40 vs NZ$34.40), mainly arrival time.",arrival_time,31.3951,1,480,False
7,1,CAR_0830,CAR,510,rule,T1,"Chose to drive at 08:30 over drive at 08:15: lowest total cost (NZ$10.38 vs NZ$11.70), mainly arrival time.",arrival_time,10.3811,1,525,False
8,1,PT,PT,,rule,T1,"Chose to take PT over drive at 08:15: lowest total cost (NZ$32.50 vs NZ$33.74), mainly parking.",other;travel_time,32.5009,1,525,False
9,1,CAR_0700,CAR,420,rule,T1,"Chose to drive at 07:00 over drive at 07:15: lowest total cost (NZ$16.07 vs NZ$14.82), mainly overall cost.",other,16.0654,2,450,False
10,1,CAR_0700,CAR,420,rule,T1,"Chose to drive at 07:00 over drive at 06:45: lowest total cost (NZ$2.74 vs NZ$4.04), mainly arrival time.",arrival_time,2.7409,1,435,False
11,1,CAR_0845,CAR,525,rule,T1,"Chose to drive at 08:45 over drive at 08:30: lowest total cost (NZ$21.26 vs NZ$21.30), mainly arrival time.",arrival_time,21.2569,1,525,False
12,1,CAR_0730,CAR,450,rule,T1,"Chose to drive at 07:30 over drive at 07:45: lowest total cost (NZ$2.07 vs NZ$2.56), mainly arrival time.",arrival_time,2.0747,1,465,False
13,1,CAR_0800,CAR,480,rule,T1,"Chose to drive at 08:00 over drive at 07:45: lowest total cost (NZ$2.51 vs NZ$3.90), mainly arrival time.",arrival_time,2.505,1,495,False
14,1,CAR_0830,CAR,510,rule,T1,"Chose to drive at 08:30 over drive at 08:15: lowest total cost (NZ$32.30 vs NZ$34.24), mainly arrival time.",arrival_time,32.2978,1,525,False
15,1,CAR_0900,CAR,540,rule,T1,"Chose to drive at 09:00 over drive at 08:45: lowest total cost (NZ$28.90 vs NZ$26.23), mainly overall cost.",other,28.9049,3,540,False
16,1,CAR_0745,CAR,465,rule,T1,"Chose to drive at 07:45 over drive at 07:30: lowest total cost (NZ$5.34 vs NZ$6.37), mainly arrival time.",arrival_time,5.3393,1,480,False
17,1,CAR_0645,CAR,405,rule,T1,"Chose to drive at 06:45 over drive at 06:30: lowest total cost (NZ$7.14 vs NZ$7.97), mainly arrival time.",arrival_time,7.1406,1,420,False
18,1,CAR_0900,CAR,540,rule,T1,"Chose to drive at 09:00 over drive at 08:45: lowest total cost (NZ$26.07 vs NZ$27.44), mainly arrival time.",arrival_time,26.072,1,555,False
19,1,CAR_0745,CAR,465,rule,T1,"Chose to drive at 07:45 over drive at 08:15: lowest total cost (NZ$12.86 vs NZ$10.77), mainly overall cost.",other,12.864,3,510,False
20,1,CAR_0830,CAR,510,rule,T1,"Chose to drive at 08:30 over drive at 08:15: lowest total cost (NZ$32.13 vs NZ$32.97), mainly arrival time.",arrival_time,32.126,1,525,False
21,1,CAR_0830,CAR,510,rule,T1,"Chose to drive at 08:30 over drive at 08:15: lowest total cost (NZ$11.74 vs NZ$13.02), mainly arrival time.",arrival_time,11.7374,1,525,False
22,1,CAR_0815,CAR,495,rule,T1,"Chose to drive at 08:15 over drive at 08:00: lowest total cost (NZ$32.33 vs NZ$35.68), mainly arrival time.",arrival_time,32.3309,1,510,False
23,1,CAR_0815,CAR,495,rule,T1,"Chose to drive at 08:15 over drive at 08:00: lowest total cost (NZ$29.36 vs NZ$31.26), mainly arrival time.",arrival_time,29.3622,1,510,False
24,1,CAR_0815,CAR,495,rule,T1,"Chose to drive at 08:15 over drive at 08:30: lowest total cost (NZ$34.22 vs NZ$33.31), mainly overall cost.",other,34.2232,2,525,False
25,1,CAR_0715,CAR,435,rule,T1,"Chose to drive at 07:15 over drive at 07:00: lowest total cost (NZ$10.31 vs NZ$11.67), mainly arrival time.",arrival_time,10.3105,1,450,False
26,1,CAR_0745,CAR,465,rule,T1,"Chose to drive at 07:45 over drive at 08:00: lowest total cost (NZ$38.77 vs NZ$39.81), mainly arrival time.",arrival_time,38.7652,1,495,False
27,1,PT,PT,,rule,T1,"Chose to take PT over drive at 07:15: lowest total cost (NZ$37.06 vs NZ$41.31), mainly fuel.",other;travel_time,37.0599,1,465,False
28,1,CAR_0715,CAR,435,rule,T1,"Chose to drive at 07:15 over drive at 07:30: lowest total cost (NZ$7.28 vs NZ$7.23), mainly overall cost.",other,7.2766,2,465,False
29,1,CAR_0800,CAR,480,rule,T1,"Chose to drive at 08:00 over drive at 08:15: lowest total cost (NZ$15.50 vs NZ$15.11), mainly overall cost.",other,15.4975,3,510,False
30,1,CAR_0845,CAR,525,rule,T1,"Chose to drive at 08:45 over drive at 08:30: lowest total cost (NZ$24.51 vs NZ$25.03), mainly arrival time.",arrival_time,24.5146,1,540,False
31,1,CAR_0715,CAR,435,rule,T1,"Chose to drive at 07:15 over take PT: lowest total cost (NZ$35.43 vs NZ$36.86), mainly the PT trip.",pt;arrival_time,35.4264,1,450,False
32,1,CAR_0845,CAR,525,rule,T1,"Chose to drive at 08:45 over drive at 09:00: lowest total cost (NZ$11.18 vs NZ$10.15), mainly overall cost.",other,11.179,2,555,False
33,1,CAR_0745,CAR,465,rule,T1,"Chose to drive at 07:45 over drive at 07:30: lowest total cost (NZ$26.07 vs NZ$28.22), mainly arrival time.",arrival_time,26.072,1,480,False
34,1,CAR_0645,CAR,405,rule,T1,"Chose to drive at 06:45 over drive at 07:00: lowest total cost (NZ$11.11 vs NZ$9.36), mainly overall cost.",other,11.1111,2,435,False
35,1,CAR_0800,CAR,480,rule,T1,"Chose to drive at 08:00 over drive at 07:45: lowest total cost (NZ$27.08 vs NZ$28.25), mainly arrival time.",arrival_time,27.0834,1,495,False
36,1,CAR_0745,CAR,465,rule,T1,"Chose to drive at 07:45 over drive at 07:30: lowest total cost (NZ$3.25 vs NZ$4.73), mainly arrival time.",arrival_time,3.2479,1,480,False
37,1,CAR_0845,CAR,525,rule,T1,"Chose to drive at 08:45 over drive at 09:00: lowest total cost (NZ$3.88 vs NZ$3.36), mainly overall cost.",other,3.8808,3,555,False
38,1,CAR_0700,CAR,420,rule,T1,"Chose to drive at 07:00 over drive at 06:45: lowest total cost (NZ$16.90 vs NZ$17.55), mainly arrival time.",arrival_time,16.9017,1,435,False
39,1,CAR_0730,CAR,450,rule,T1,"Chose to drive at 07:30 over drive at 07:15: lowest total cost (NZ$16.48 vs NZ$17.72), mainly arrival time.",arrival_time,16.4781,1,465,False
40,1,CAR_0730,CAR,450,rule,T1,"Chose to drive at 07:30 over drive at 07:45: lowest total cost (NZ$17.30 vs NZ$17.84), mainly arrival time.",arrival_time,17.3001,1,480,False
41,1,CAR_0745,CAR,465,rule,T1,"Chose to drive at 07:45 over drive at 07:30: lowest total cost (NZ$2.31 vs NZ$3.41), mainly arrival time.",arrival_time,2.3104,1,480,False
42,1,CAR_0815,CAR,495,rule,T1,"Chose to drive at 08:15 over drive at 08:30: lowest total cost (NZ$6.38 vs NZ$7.55), mainly arrival time.",arrival_time,6.3805,1,510,False
43,1,CAR_0815,CAR,495,rule,T1,"Chose to drive at 08:15 over drive at 08:00: lowest total cost (NZ$8.11 vs NZ$8.59), mainly arrival time.",arrival_time,8.1074,1,510,False
44,1,CAR_0800,CAR,480,rule,T1,"Chose to drive at 08:00 over drive at 07:45: lowest total cost (NZ$27.03 vs NZ$28.55), mainly arrival time.",arrival_time,27.0314,1,495,False
45,1,CAR_0700,CAR,420,rule,T1,"Chose to drive at 07:00 over drive at 06:45: lowest total cost (NZ$1.32 vs NZ$2.03), mainly arrival time.",arrival_time,1.3243,1,435,False
46,1,CAR_0800,CAR,480,rule,T1,"Chose to drive at 08:00 over drive at 07:45: lowest total cost (NZ$9.63 vs NZ$11.03), mainly arrival time.",arrival_time,9.6251,1,495,False
47,1,CAR_0745,CAR,465,rule,T1,"Chose to drive at 07:45 over drive at 07:30: lowest total cost (NZ$30.38 vs NZ$31.21), mainly arrival time.",arrival_time,30.3838,1,480,False
48,1,CAR_0700,CAR,420,rule,T1,"Chose to drive at 07:00 over drive at 07:15: lowest total cost (NZ$19.68 vs NZ$20.45), mainly arrival time.",arrival_time,19.6828,1,450,False
49,1,CAR_0830,CAR,510,rule,T1,"Chose to drive at 08:30 over drive at 08:15: lowest total cost (NZ$7.86 vs NZ$8.37), mainly arrival time.",arrival_time,7.8578,1,525,False
50,1,CAR_0745,CAR,465,rule,T1,"Chose to drive at 07:45 over drive at 07:30: lowest total cost (NZ$10.37 vs NZ$11.86), mainly arrival time.",arrival_time,10.3743,1,480,False
51,1,CAR_0845,CAR,525,rule,T1,"Chose to drive at 08:45 over drive at 08:30: lowest total cost (NZ$5.22 vs NZ$6.19), mainly arrival time.",arrival_time,5.216,1,540,False
52,1,CAR_0815,CAR,495,rule,T1,"Chose to drive at 08:15 over drive at 08:00: lowest total cost (NZ$3.23 vs NZ$2.99), mainly overall cost.",other,3.2323,2,495,False
53,1,CAR_0830,CAR,510,rule,T1,"Chose to drive at 08:30 over drive at 08:15: lowest total cost (NZ$14.65 vs NZ$16.05), mainly arrival time.",arrival_time,14.6457,1,525,False
54,1,CAR_0745,CAR,465,rule,T1,"Chose to drive at 07:45 over drive at 08:00: lowest total cost (NZ$2.59 vs NZ$4.28), mainly arrival time.",arrival_time,2.5888,1,480,False
55,1,CAR_0700,CAR,420,rule,T1,"Chose to drive at 07:00 over drive at 06:45: lowest total cost (NZ$13.67 vs NZ$13.97), mainly arrival time.",arrival_time,13.6745,1,435,False
56,1,CAR_0815,CAR,495,rule,T1,"Chose to drive at 08:15 over drive at 08:00: lowest total cost (NZ$3.46 vs NZ$5.16), mainly arrival time.",arrival_time,3.456,1,510,False
57,1,CAR_0830,CAR,510,rule,T1,"Chose to drive at 08:30 over drive at 08:15: lowest total cost (NZ$9.95 vs NZ$11.25), mainly arrival time.",arrival_time,9.9525,1,525,False
58,1,CAR_0745,CAR,465,rule,T1,"Chose to drive at 07:45 over drive at 07:30: lowest total cost (NZ$17.79 vs NZ$19.08), mainly arrival time.",arrival_time,17.79,1,480,False
59,1,CAR_0830,CAR,510,rule,T1,"Chose to drive at 08:30 over drive at 08:15: lowest total cost (NZ$3.61 vs NZ$5.24), mainly arrival time.",arrival_time,3.6115,1,525,False
60,1,CAR_0800,CAR,480,rule,T1,"Chose to drive at 08:00 over drive at 07:45: lowest total cost (NZ$2.95 vs NZ$3.71), mainly arrival time.",arrival_time,2.9485,1,495,False
61,1,CAR_0830,CAR,510,rule,T1,"Chose to drive at 08:30 over drive at 08:45: lowest total cost (NZ$9.46 vs NZ$13.25), mainly arrival time.",arrival_time,9.4641,1,525,False
62,1,CAR_0830,CAR,510,rule,T1,"Chose to drive at 08:30 over drive at 08:15: lowest total cost (NZ$9.70 vs NZ$9.13), mainly overall cost.",other,9.6993,2,525,False
63,1,CAR_0830,CAR,510,rule,T1,"Chose to drive at 08:30 over drive at 08:15: lowest total cost (NZ$25.29 vs NZ$26.54), mainly arrival time.",arrival_time,25.2886,1,525,False
64,1,CAR_0745,CAR,465,rule,T1,"Chose to drive at 07:45 over drive at 08:15: lowest total cost (NZ$21.63 vs NZ$20.35), mainly overall cost.",other,21.6295,3,510,False
65,1,CAR_0815,CAR,495,rule,T1,"Chose to drive at 08:15 over drive at 08:00: lowest total cost (NZ$19.93 vs NZ$20.43), mainly arrival time.",arrival_time,19.9305,1,510,False
66,1,CAR_0745,CAR,465,rule,T1,"Chose to drive at 07:45 over drive at 07:30: lowest total cost (NZ$2.86 vs NZ$2.88), mainly arrival time.",arrival_time,2.8644,1,465,False
67,1,CAR_0830,CAR,510,rule,T1,"Chose to drive at 08:30 over drive at 08:15: lowest total cost (NZ$4.27 vs NZ$5.70), mainly arrival time.",arrival_time,4.2677,1,525,False
68,1,CAR_0815,CAR,495,rule,T1,"Chose to drive at 08:15 over drive at 08:30: lowest total cost (NZ$3.11 vs NZ$3.38), mainly arrival time.",arrival_time,3.1088,1,510,False
69,1,CAR_0900,CAR,540,rule,T1,"Chose to drive at 09:00 over drive at 08:45: lowest total cost (NZ$33.16 vs NZ$34.69), mainly arrival time.",arrival_time,33.1642,1,555,False
70,1,CAR_0730,CAR,450,rule,T1,"Chose to drive at 07:30 over drive at 07:45: lowest total cost (NZ$31.43 vs NZ$30.99), mainly overall cost.",other,31.4327,2,480,False
71,1,CAR_0815,CAR,495,rule,T1,"Chose to drive at 08:15 over drive at 08:30: lowest total cost (NZ$36.24 vs NZ$35.37), mainly overall cost.",other,36.2436,2,525,False
72,1,CAR_0815,CAR,495,rule,T1,"Chose to drive at 08:15 over drive at 08:00: lowest total cost (NZ$23.84 vs NZ$24.18), mainly arrival time.",arrival_time,23.8423,1,510,False
73,1,CAR_0815,CAR,495,rule,T1,"Chose to drive at 08:15 over drive at 08:00: lowest total cost (NZ$9.33 vs NZ$12.26), mainly arrival time.",arrival_time,9.3277,1,510,False
74,1,CAR_0845,CAR,525,rule,T1,"Chose to drive at 08:45 over drive at 08:30: lowest total cost (NZ$11.00 vs NZ$12.47), mainly arrival time.",arrival_time,11.0016,1,540,False
75,1,CAR_0800,CAR,480,rule,T1,"Chose to drive at 08:00 over drive at 08:15: lowest total cost (NZ$3.78 vs NZ$5.02), mainly arrival time.",arrival_time,3.7785,1,495,False
76,1,CAR_0800,CAR,480,rule,T1,"Chose to drive at 08:00 over drive at 07:45: lowest total cost (NZ$25.55 vs NZ$26.78), mainly arrival time.",arrival_time,25.547,1,495,False
77,1,CAR_0730,CAR,450,rule,T1,"Chose to drive at 07:30 over drive at 07:45: lowest total cost (NZ$26.81 vs NZ$33.09), mainly arrival time.",arrival_time,26.8074,1,465,False
78,1,CAR_0745,CAR,465,rule,T1,"Chose to drive at 07:45 over drive at 08:15: lowest total cost (NZ$1.62 vs NZ$0.98), mainly overall cost.",other,1.6205,3,510,False
79,1,CAR_0900,CAR,540,rule,T1,"Chose to drive at 09:00 over drive at 08:45: lowest total cost (NZ$16.70 vs NZ$16.72), mainly arrival time.",arrival_time,16.699,1,555,False
80,1,CAR_0730,CAR,450,rule,T1,"Chose to drive at 07:30 over drive at 07:15: lowest total cost (NZ$25.68 vs NZ$26.96), mainly arrival time.",arrival_time,25.6846,1,465,False
81,1,CAR_0715,CAR,435,rule,T1,"Chose to drive at 07:15 over drive at 07:00: lowest total cost (NZ$32.23 vs NZ$35.33), mainly arrival time.",arrival_time,32.2327,1,450,False
82,1,CAR_0830,CAR,510,rule,T1,"Chose to drive at 08:30 over drive at 09:00: lowest total cost (NZ$19.90 vs NZ$18.99), mainly overall cost.",other,19.9036,3,555,False
83,1,CAR_0815,CAR,495,rule,T1,"Chose to drive at 08:15 over drive at 08:00: lowest total cost (NZ$32.66 vs NZ$33.98), mainly arrival time.",arrival_time,32.6598,1,510,False
84,1,CAR_0930,CAR,570,rule,T1,"Chose to drive at 09:30 over drive at 09:15: lowest total cost (NZ$17.60 vs NZ$19.90), mainly arrival time.",arrival_time,17.5979,1,585,False
85,1,CAR_0845,CAR,525,rule,T1,"Chose to drive at 08:45 over drive at 08:30: lowest total cost (NZ$5.54 vs NZ$6.27), mainly arrival time.",arrival_time,5.5397,1,540,False
86,1,CAR_0830,CAR,510,rule,T1,"Chose to drive at 08:30 over drive at 08:15: lowest total cost (NZ$1.33 vs NZ$2.11), mainly arrival time.",arrival_time,1.334,1,525,False
87,1,CAR_0845,CAR,525,rule,T1,"Chose to drive at 08:45 over drive at 08:30: lowest total cost (NZ$5.05 vs NZ$5.11), mainly arrival time.",arrival_time,5.0495,1,525,False
88,1,CAR_0830,CAR,510,rule,T1,"Chose to drive at 08:30 over drive at 08:15: lowest total cost (NZ$12.49 vs NZ$13.01), mainly arrival time.",arrival_time,12.4869,1,525,False
89,1,CAR_0715,CAR,435,rule,T1,"Chose to drive at 07:15 over drive at 07:00: lowest total cost (NZ$12.74 vs NZ$14.02), mainly arrival time.",arrival_time,12.7369,1,450,False
90,1,CAR_0815,CAR,495,rule,T1,"Chose to drive at 08:15 over drive at 08:00: lowest total cost (NZ$26.86 vs NZ$27.14), mainly arrival time.",arrival_time,26.8612,1,510,False
91,1,CAR_0715,CAR,435,rule,T1,"Chose to drive at 07:15 over drive at 07:00: lowest total cost (NZ$6.33 vs NZ$6.84), mainly arrival time.",arrival_time,6.3337,1,450,False
92,1,CAR_0745,CAR,465,rule,T1,"Chose to drive at 07:45 over drive at 07:30: lowest total cost (NZ$2.56 vs NZ$4.05), mainly arrival time.",arrival_time,2.5579,1,480,False
93,1,CAR_0845,CAR,525,rule,T1,"Chose to drive at 08:45 over drive at 08:30: lowest total cost (NZ$31.98 vs NZ$33.61), mainly arrival time.",arrival_time,31.9847,1,540,False
94,1,CAR_0800,CAR,480,rule,T1,"Chose to drive at 08:00 over drive at 08:15: lowest total cost (NZ$28.15 vs NZ$37.49), mainly arrival time.",arrival_time,28.1528,1,510,False
95,1,CAR_0630,CAR,390,rule,T1,"Chose to drive at 06:30 over drive at 06:45: lowest total cost (NZ$2.99 vs NZ$1.89), mainly overall cost.",other,2.9909,2,420,False
96,1,CAR_0915,CAR,555,rule,T1,"Chose to drive at 09:15 over drive at 09:00: lowest total cost (NZ$10.21 vs NZ$12.17), mainly arrival time.",arrival_time,10.2115,1,570,False
97,1,CAR_0845,CAR,525,rule,T1,"Chose to drive at 08:45 over drive at 09:00: lowest total cost (NZ$31.97 vs NZ$32.99), mainly arrival time.",arrival_time,31.9737,1,555,False
98,1,CAR_0745,CAR,465,rule,T1,"Chose to drive at 07:45 over drive at 07:30: lowest total cost (NZ$2.99 vs NZ$4.82), mainly arrival time.",arrival_time,2.9888,1,480,False
99,1,CAR_0830,CAR,510,rule,T1,"Chose to drive at 08:30 over drive at 09:00: lowest total cost (NZ$20.08 vs NZ$19.02), mainly overall cost.",other,20.0798,4,555,False
100,1,CAR_0645,CAR,405,rule,T1,"Chose to drive at 06:45 over drive at 06:30: lowest total cost (NZ$10.30 vs NZ$11.04), mainly arrival time.",arrival_time,10.3006,1,420,False
101,1,CAR_0830,CAR,510,rule,T1,"Chose to drive at 08:30 over drive at 08:15: lowest total cost (NZ$13.35 vs NZ$14.28), mainly arrival time.",arrival_time,13.3517,1,525,False
102,1,CAR_0700,CAR,420,rule,T1,"Chose to drive at 07:00 over drive at 06:45: lowest total cost (NZ$14.35 vs NZ$16.23), mainly arrival time.",arrival_time,14.3545,1,435,False
103,1,CAR_0915,CAR,555,rule,T1,"Chose to drive at 09:15 over drive at 09:30: lowest total cost (NZ$6.27 vs NZ$7.16), mainly arrival time.",arrival_time,6.268,1,570,False
104,1,CAR_0830,CAR,510,rule,T1,"Chose to drive at 08:30 over drive at 08:15: lowest total cost (NZ$10.57 vs NZ$11.84), mainly arrival time.",arrival_time,10.5669,1,525,False
105,1,CAR_0815,CAR,495,rule,T1,"Chose to drive at 08:15 over drive at 08:45: lowest total cost (NZ$26.53 vs NZ$25.96), mainly overall cost.",other,26.5277,3,540,False
106,1,CAR_0830,CAR,510,rule,T1,"Chose to drive at 08:30 over drive at 08:15: lowest total cost (NZ$13.07 vs NZ$18.46), mainly arrival time.",arrival_time,13.0663,1,525,False
107,1,CAR_0700,CAR,420,rule,T1,"Chose to drive at 07:00 over drive at 06:45: lowest total cost (NZ$27.88 vs NZ$31.06), mainly arrival time.",arrival_time,27.8807,1,435,False
108,1,CAR_0830,CAR,510,rule,T1,"Chose to drive at 08:30 over drive at 08:15: lowest total cost (NZ$27.50 vs NZ$29.88), mainly arrival time.",arrival_time,27.4967,1,525,False
109,1,CAR_0745,CAR,465,rule,T1,"Chose to drive at 07:45 over drive at 08:00: lowest total cost (NZ$14.15 vs NZ$13.78), mainly overall cost.",other,14.1506,2,495,False
110,1,PT,PT,,rule,T1,"Chose to take PT over drive at 09:00: lowest total cost (NZ$32.52 vs NZ$33.12), mainly parking.",other;travel_time,32.515,1,555,False
111,1,CAR_0815,CAR,495,rule,T1,"Chose to drive at 08:15 over drive at 08:00: lowest total cost (NZ$9.79 vs NZ$11.36), mainly arrival time.",arrival_time,9.7888,1,510,False
112,1,CAR_0600,CAR,360,rule,T1,"Chose to drive at 06:00 over drive at 06:45: lowest total cost (NZ$4.13 vs NZ$2.60), mainly overall cost.",other,4.1264,5,420,False
113,1,CAR_0745,CAR,465,rule,T1,"Chose to drive at 07:45 over drive at 07:30: lowest total cost (NZ$7.65 vs NZ$11.58), mainly arrival time.",arrival_time,7.653,1,480,False
114,1,CAR_0845,CAR,525,rule,T1,"Chose to drive at 08:45 over drive at 08:30: lowest total cost (NZ$15.17 vs NZ$15.66), mainly arrival time.",arrival_time,15.171,1,540,False
115,1,CAR_0845,CAR,525,rule,T1,"Chose to drive at 08:45 over drive at 08:30: lowest total cost (NZ$8.25 vs NZ$9.48), mainly arrival time.",arrival_time,8.249,1,540,False
116,1,CAR_0815,CAR,495,rule,T1,"Chose to drive at 08:15 over drive at 08:00: lowest total cost (NZ$9.18 vs NZ$10.83), mainly arrival time.",arrival_time,9.1801,1,510,False
117,1,CAR_0800,CAR,480,rule,T1,"Chose to drive at 08:00 over drive at 07:45: lowest total cost (NZ$9.44 vs NZ$11.14), mainly arrival time.",arrival_time,9.4422,1,495,False
118,1,CAR_0845,CAR,525,rule,T1,"Chose to drive at 08:45 over drive at 09:00: lowest total cost (NZ$11.91 vs NZ$11.46), mainly overall cost.",other,11.9073,2,555,False
119,1,CAR_0830,CAR,510,rule,T1,"Chose to drive at 08:30 over drive at 08:15: lowest total cost (NZ$7.91 vs NZ$9.84), mainly arrival time.",arrival_time,7.9076,1,525,False
120,1,CAR_0845,CAR,525,rule,T1,"Chose to drive at 08:45 over drive at 09:00: lowest total cost (NZ$24.33 vs NZ$24.86), mainly arrival time.",arrival_time,24.3298,1,555,False
121,1,CAR_0730,CAR,450,rule,T1,"Chose to drive at 07:30 over drive at 07:15: lowest total cost (NZ$28.89 vs NZ$29.56), mainly arrival time.",arrival_time,28.8861,1,465,False
122,1,CAR_0900,CAR,540,rule,T1,"Chose to drive at 09:00 over drive at 09:15: lowest total cost (NZ$4.48 vs NZ$5.22), mainly arrival time.",arrival_time,4.4841,1,555,False
123,1,PT,PT,,rule,T1,"Chose to take PT over drive at 07:00: lowest total cost (NZ$33.44 vs NZ$33.24), mainly parking.",other;travel_time,33.4356,2,435,False
124,1,CAR_0730,CAR,450,rule,T1,"Chose to drive at 07:30 over drive at 07:15: lowest total cost (NZ$9.18 vs NZ$10.94), mainly arrival time.",arrival_time,9.1834,1,465,False
125,1,CAR_0815,CAR,495,rule,T1,"Chose to drive at 08:15 over drive at 08:30: lowest total cost (NZ$21.28 vs NZ$21.25), mainly overall cost.",other,21.2823,2,510,False
126,1,CAR_0900,CAR,540,rule,T1,"Chose to drive at 09:00 over drive at 08:45: lowest total cost (NZ$9.82 vs NZ$7.68), mainly overall cost.",other,9.8189,4,540,False
127,1,CAR_0900,CAR,540,rule,T1,"Chose to drive at 09:00 over drive at 08:45: lowest total cost (NZ$34.50 vs NZ$35.31), mainly arrival time.",arrival_time,34.5017,1,555,False
128,1,CAR_0815,CAR,495,rule,T1,"Chose to drive at 08:15 over drive at 08:00: lowest total cost (NZ$2.45 vs NZ$2.46), mainly arrival time.",arrival_time,2.446,1,495,False
129,1,CAR_0815,CAR,495,rule,T1,"Chose to drive at 08:15 over drive at 08:30: lowest total cost (NZ$26.39 vs NZ$26.28), mainly overall cost.",other,26.3895,2,525,False
130,1,CAR_0800,CAR,480,rule,T1,"Chose to drive at 08:00 over drive at 07:45: lowest total cost (NZ$15.80 vs NZ$16.38), mainly arrival time.",arrival_time,15.7991,1,495,False
131,1,CAR_0800,CAR,480,rule,T1,"Chose to drive at 08:00 over drive at 07:45: lowest total cost (NZ$6.67 vs NZ$8.90), mainly arrival time.",arrival_time,6.6678,1,495,False
132,1,CAR_0830,CAR,510,rule,T1,"Chose to drive at 08:30 over drive at 08:15: lowest total cost (NZ$8.65 vs NZ$9.41), mainly arrival time.",arrival_time,8.6484,1,525,False
133,1,CAR_0715,CAR,435,rule,T1,"Chose to drive at 07:15 over drive at 07:00: lowest total cost (NZ$30.69 vs NZ$33.33), mainly arrival time.",arrival_time,30.6877,1,450,False
134,1,CAR_0900,CAR,540,rule,T1,"Chose to drive at 09:00 over drive at 08:45: lowest total cost (NZ$28.77 vs NZ$29.27), mainly arrival time.",arrival_time,28.7684,1,555,False
135,1,CAR_0800,CAR,480,rule,T1,"Chose to drive at 08:00 over drive at 08:15: lowest total cost (NZ$2.87 vs NZ$3.14), mainly arrival time.",arrival_time,2.874,1,495,False
136,1,CAR_0845,CAR,525,rule,T1,"Chose to drive at 08:45 over drive at 08:30: lowest total cost (NZ$29.39 vs NZ$31.23), mainly arrival time.",arrival_time,29.3945,1,540,False
137,1,CAR_0730,CAR,450,rule,T1,"Chose to drive at 07:30 over drive at 07:15: lowest total cost (NZ$29.09 vs NZ$32.76), mainly arrival time.",arrival_time,29.0924,1,465,False
138,1,CAR_0800,CAR,480,rule,T1,"Chose to drive at 08:00 over drive at 08:15: lowest total cost (NZ$22.90 vs NZ$21.78), mainly overall cost.",other,22.9019,2,510,False
139,1,CAR_0845,CAR,525,rule,T1,"Chose to drive at 08:45 over drive at 08:30: lowest total cost (NZ$14.40 vs NZ$15.74), mainly arrival time.",arrival_time,14.4027,1,540,False
140,1,CAR_0845,CAR,525,rule,T1,"Chose to drive at 08:45 over drive at 08:30: lowest total cost (NZ$13.31 vs NZ$14.61), mainly arrival time.",arrival_time,13.3061,1,540,False
141,1,CAR_0830,CAR,510,rule,T1,"Chose to drive at 08:30 over drive at 08:15: lowest total cost (NZ$10.15 vs NZ$10.83), mainly arrival time.",arrival_time,10.15,1,525,False
142,1,CAR_0815,CAR,495,rule,T1,"Chose to drive at 08:15 over drive at 08:00: lowest total cost (NZ$11.87 vs NZ$12.22), mainly arrival time.",arrival_time,11.8703,1,510,False
143,1,CAR_0845,CAR,525,rule,T1,"Chose to drive at 08:45 over drive at 08:30: lowest total cost (NZ$25.45 vs NZ$27.28), mainly arrival time.",arrival_time,25.4511,1,540,False
144,1,CAR_0730,CAR,450,rule,T1,"Chose to drive at 07:30 over drive at 08:15: lowest total cost (NZ$13.85 vs NZ$12.54), mainly overall cost.",other,13.8463,4,510,False
145,1,CAR_0645,CAR,405,rule,T1,"Chose to drive at 06:45 over drive at 06:30: lowest total cost (NZ$26.63 vs NZ$28.15), mainly arrival time.",arrival_time,26.6274,1,420,False
146,1,CAR_0645,CAR,405,rule,T1,"Chose to drive at 06:45 over drive at 07:00: lowest total cost (NZ$6.14 vs NZ$7.58), mainly arrival time.",arrival_time,6.1441,1,420,False
147,1,CAR_0815,CAR,495,rule,T1,"Chose to drive at 08:15 over drive at 08:30: lowest total cost (NZ$25.34 vs NZ$24.14), mainly overall cost.",other,25.3365,2,525,False
148,1,CAR_0900,CAR,540,rule,T1,"Chose to drive at 09:00 over drive at 08:45: lowest total cost (NZ$25.93 vs NZ$26.40), mainly arrival time.",arrival_time,25.9283,1,555,False
149,1,CAR_0830,CAR,510,rule,T1,"Chose to drive at 08:30 over drive at 08:15: lowest total cost (NZ$34.90 vs NZ$35.71), mainly arrival time.",arrival_time,34.9031,1,525,False
150,1,CAR_0815,CAR,495,rule,T1,"Chose to drive at 08:15 over drive at 08:00: lowest total cost (NZ$26.96 vs NZ$29.29), mainly arrival time.",arrival_time,26.9629,1,510,False
151,1,CAR_0815,CAR,495,rule,T1,"Chose to drive at 08:15 over drive at 08:00: lowest total cost (NZ$36.89 vs NZ$38.02), mainly arrival time.",arrival_time,36.895,1,510,False
152,1,CAR_0715,CAR,435,rule,T1,"Chose to drive at 07:15 over drive at 07:00: lowest total cost (NZ$24.41 vs NZ$26.90), mainly arrival time.",arrival_time,24.4135,1,450,False
153,1,CAR_0715,CAR,435,rule,T1,"Chose to drive at 07:15 over drive at 07:00: lowest total cost (NZ$15.54 vs NZ$19.35), mainly arrival time.",arrival_time,15.5423,1,450,False
154,1,CAR_0845,CAR,525,rule,T1,"Chose to drive at 08:45 over drive at 08:30: lowest total cost (NZ$19.73 vs NZ$19.78), mainly arrival time.",arrival_time,19.7337,1,540,False
155,1,CAR_0830,CAR,510,rule,T1,"Chose to drive at 08:30 over drive at 08:45: lowest total cost (NZ$20.88 vs NZ$21.43), mainly arrival time.",arrival_time,20.8763,1,540,False
156,1,CAR_0815,CAR,495,rule,T1,"Chose to drive at 08:15 over drive at 08:00: lowest total cost (NZ$7.22 vs NZ$9.64), mainly arrival time.",arrival_time,7.2164,1,510,False
157,1,PT,PT,,rule,T1,"Chose to take PT over drive at 07:45: lowest total cost (NZ$31.28 vs NZ$33.33), mainly fuel.",other;travel_time,31.2766,1,495,False
158,1,CAR_0730,CAR,450,rule,T1,"Chose to drive at 07:30 over drive at 07:45: lowest total cost (NZ$1.04 vs NZ$1.52), mainly arrival time.",arrival_time,1.0421,1,465,False
159,1,CAR_0815,CAR,495,rule,T1,"Chose to drive at 08:15 over drive at 08:00: lowest total cost (NZ$7.25 vs NZ$8.72), mainly arrival time.",arrival_time,7.2494,1,510,False
160,1,CAR_0715,CAR,435,rule,T1,"Chose to drive at 07:15 over drive at 07:00: lowest total cost (NZ$13.18 vs NZ$14.59), mainly arrival time.",arrival_time,13.179,1,450,False
161,1,CAR_0900,CAR,540,rule,T1,"Chose to drive at 09:00 over drive at 08:45: lowest total cost (NZ$28.99 vs NZ$29.67), mainly arrival time.",arrival_time,28.9864,1,555,False
162,1,CAR_0800,CAR,480,rule,T1,"Chose to drive at 08:00 over drive at 07:45: lowest total cost (NZ$12.57 vs NZ$14.40), mainly arrival time.",arrival_time,12.5687,1,495,False
163,1,CAR_0745,CAR,465,rule,T1,"Chose to drive at 07:45 over drive at 07:30: lowest total cost (NZ$18.79 vs NZ$21.76), mainly arrival time.",arrival_time,18.7916,1,480,False
164,1,CAR_0800,CAR,480,rule,T1,"Chose to drive at 08:00 over drive at 07:45: lowest total cost (NZ$13.26 vs NZ$13.81), mainly arrival time.",arrival_time,13.2566,1,495,False
165,1,CAR_0815,CAR,495,rule,T1,"Chose to drive at 08:15 over drive at 08:00: lowest total cost (NZ$25.78 vs NZ$27.81), mainly arrival time.",arrival_time,25.778,1,510,False
166,1,CAR_0930,CAR,570,rule,T1,"Chose to drive at 09:30 over drive at 09:15: lowest total cost (NZ$11.71 vs NZ$11.79), mainly arrival time.",arrival_time,11.7111,1,585,False
167,1,CAR_0815,CAR,495,rule,T1,"Chose to drive at 08:15 over drive at 08:00: lowest total cost (NZ$5.84 vs NZ$6.32), mainly arrival time.",arrival_time,5.8409,1,510,False
168,1,CAR_0745,CAR,465,rule,T1,"Chose to drive at 07:45 over drive at 07:30: lowest total cost (NZ$14.10 vs NZ$15.07), mainly arrival time.",arrival_time,14.0994,1,480,False
169,1,CAR_0730,CAR,450,rule,T1,"Chose to drive at 07:30 over drive at 07:15: lowest total cost (NZ$1.69 vs NZ$2.72), mainly arrival time.",arrival_time,1.6855,1,465,False
170,1,CAR_0845,CAR,525,rule,T1,"Chose to drive at 08:45 over drive at 08:30: lowest total cost (NZ$5.87 vs NZ$7.09), mainly arrival time.",arrival_time,5.8747,1,540,False
171,1,CAR_0715,CAR,435,rule,T1,"Chose to drive at 07:15 over drive at 07:30: lowest total cost (NZ$2.85 vs NZ$2.55), mainly overall cost.",other,2.8466,2,465,False
172,1,CAR_0645,CAR,405,rule,T1,"Chose to drive at 06:45 over drive at 07:00: lowest total cost (NZ$4.21 vs NZ$4.96), mainly arrival time.",arrival_time,4.214,1,420,False
173,1,CAR_0800,CAR,480,rule,T1,"Chose to drive at 08:00 over drive at 07:45: lowest total cost (NZ$26.93 vs NZ$27.70), mainly arrival time.",arrival_time,26.9285,1,495,False
174,1,CAR_0900,CAR,540,rule,T1,"Chose to drive at 09:00 over drive at 09:15: lowest total cost (NZ$17.20 vs NZ$17.18), mainly overall cost.",other,17.1983,2,570,False
175,1,CAR_0900,CAR,540,rule,T1,"Chose to drive at 09:00 over drive at 08:45: lowest total cost (NZ$25.98 vs NZ$27.51), mainly arrival time.",arrival_time,25.9844,1,555,False
176,1,CAR_0915,CAR,555,rule,T1,"Chose to drive at 09:15 over drive at 09:30: lowest total cost (NZ$25.70 vs NZ$25.69), mainly overall cost.",other,25.697,2,585,False
177,1,CAR_0800,CAR,480,rule,T1,"Chose to drive at 08:00 over take PT: lowest total cost (NZ$33.83 vs NZ$33.91), mainly the PT trip.",pt;arrival_time,33.8331,1,495,False
178,1,CAR_0745,CAR,465,rule,T1,"Chose to drive at 07:45 over drive at 07:30: lowest total cost (NZ$3.63 vs NZ$5.50), mainly arrival time.",arrival_time,3.6316,1,480,False
179,1,CAR_0700,CAR,420,rule,T1,"Chose to drive at 07:00 over drive at 06:45: lowest total cost (NZ$11.09 vs NZ$14.57), mainly arrival time.",arrival_time,11.0863,1,435,False
180,1,CAR_0730,CAR,450,rule,T1,"Chose to drive at 07:30 over drive at 07:45: lowest total cost (NZ$29.66 vs NZ$29.10), mainly overall cost.",other,29.6622,2,480,False
181,1,PT,PT,,rule,T1,"Chose to take PT over drive at 07:15: lowest total cost (NZ$30.61 vs NZ$31.90), mainly parking.",other;travel_time,30.6124,1,450,False
182,1,CAR_0730,CAR,450,rule,T1,"Chose to drive at 07:30 over drive at 07:15: lowest total cost (NZ$1.05 vs NZ$1.59), mainly arrival time.",arrival_time,1.0536,1,465,False
183,1,CAR_0845,CAR,525,rule,T1,"Chose to drive at 08:45 over drive at 09:00: lowest total cost (NZ$17.25 vs NZ$16.98), mainly overall cost.",other,17.254,2,555,False
184,1,CAR_0815,CAR,495,rule,T1,"Chose to drive at 08:15 over drive at 08:00: lowest total cost (NZ$28.90 vs NZ$30.21), mainly arrival time.",arrival_time,28.902,1,510,False
185,1,CAR_0645,CAR,405,rule,T1,"Chose to drive at 06:45 over drive at 06:30: lowest total cost (NZ$3.59 vs NZ$2.85), mainly overall cost.",other,3.5949,2,420,False
186,1,CAR_0600,CAR,360,rule,T1,"Chose to drive at 06:00 over drive at 06:45: lowest total cost (NZ$3.14 vs NZ$1.54), mainly overall cost.",other,3.1357,4,420,False
187,1,CAR_0845,CAR,525,rule,T1,"Chose to drive at 08:45 over drive at 08:30: lowest total cost (NZ$7.13 vs NZ$8.20), mainly arrival time.",arrival_time,7.1346,1,540,False
188,1,CAR_0830,CAR,510,rule,T1,"Chose to drive at 08:30 over drive at 08:15: lowest total cost (NZ$28.96 vs NZ$29.83), mainly arrival time.",arrival_time,28.9601,1,525,False
189,1,PT,PT,,rule,T1,"Chose to take PT over drive at 08:00: lowest total cost (NZ$34.66 vs NZ$34.58), mainly parking.",other;travel_time,34.6608,2,495,False
190,1,CAR_0815,CAR,495,rule,T1,"Chose to drive at 08:15 over drive at 08:30: lowest total cost (NZ$17.01 vs NZ$15.99), mainly overall cost.",other,17.0102,2,525,False
191,1,CAR_0815,CAR,495,rule,T1,"Chose to drive at 08:15 over drive at 08:30: lowest total cost (NZ$20.06 vs NZ$20.23), mainly arrival time.",arrival_time,20.0587,1,510,False
192,1,CAR_0815,CAR,495,rule,T1,"Chose to drive at 08:15 over drive at 08:00: lowest total cost (NZ$15.41 vs NZ$16.15), mainly arrival time.",arrival_time,15.4102,1,510,False
193,1,CAR_0945,CAR,585,rule,T1,"Chose to drive at 09:45 over drive at 09:30: lowest total cost (NZ$25.19 vs NZ$25.55), mainly arrival time.",arrival_time,25.19,1,600,False
194,1,CAR_0800,CAR,480,rule,T1,"Chose to drive at 08:00 over drive at 07:45: lowest total cost (NZ$5.92 vs NZ$8.83), mainly arrival time.",arrival_time,5.9151,1,495,False
195,1,CAR_0745,CAR,465,rule,T1,"Chose to drive at 07:45 over drive at 07:30: lowest total cost (NZ$1.85 vs NZ$1.86), mainly arrival time.",arrival_time,1.8484,1,465,False
196,1,CAR_0715,CAR,435,rule,T1,"Chose to drive at 07:15 over drive at 07:00: lowest total cost (NZ$1.64 vs NZ$0.90), mainly overall cost.",other,1.6426,3,435,False
197,1,CAR_0900,CAR,540,rule,T1,"Chose to drive at 09:00 over drive at 08:45: lowest total cost (NZ$28.13 vs NZ$28.48), mainly arrival time.",arrival_time,28.1344,1,555,False
198,1,CAR_0830,CAR,510,rule,T1,"Chose to drive at 08:30 over drive at 08:15: lowest total cost (NZ$4.62 vs NZ$7.60), mainly arrival time.",arrival_time,4.6224,1,525,False
199,1,CAR_0745,CAR,465,rule,T1,"Chose to drive at 07:45 over drive at 07:30: lowest total cost (NZ$30.22 vs NZ$30.97), mainly arrival time.",arrival_time,30.2178,1,480,False
200,1,CAR_0845,CAR,525,rule,T1,"Chose to drive at 08:45 over drive at 08:30: lowest total cost (NZ$9.11 vs NZ$9.79), mainly arrival time.",arrival_time,9.1101,1,540,False
201,1,PT,PT,,rule,T1,"Chose to take PT over drive at 09:00: lowest total cost (NZ$30.62 vs NZ$30.46), mainly parking.",other;travel_time,30.6199,3,555,False
202,1,CAR_0930,CAR,570,rule,T1,"Chose to drive at 09:30 over drive at 09:15: lowest total cost (NZ$25.11 vs NZ$26.14), mainly arrival time.",arrival_time,25.1092,1,585,False
203,1,CAR_0715,CAR,435,rule,T1,"Chose to drive at 07:15 over drive at 07:00: lowest total cost (NZ$15.67 vs NZ$16.26), mainly arrival time.",arrival_time,15.6724,1,450,False
204,1,CAR_0845,CAR,525,rule,T1,"Chose to drive at 08:45 over drive at 06:45 for the early start: lowest total cost (NZ$14.11 vs NZ$17.11), mainly arrival time.",arrival_time,14.1096,1,540,False
205,1,CAR_0800,CAR,480,rule,T1,"Chose to drive at 08:00 over drive at 07:45: lowest total cost (NZ$6.39 vs NZ$7.45), mainly arrival time.",arrival_time,6.3859,1,495,False
206,1,CAR_0730,CAR,450,rule,T1,"Chose to drive at 07:30 over drive at 08:15: lowest total cost (NZ$24.98 vs NZ$22.95), mainly overall cost.",other,24.9785,4,510,False
207,1,CAR_0715,CAR,435,rule,T1,"Chose to drive at 07:15 over drive at 07:00: lowest total cost (NZ$0.34 vs NZ$0.54), mainly arrival time.",arrival_time,0.339,1,450,False
208,1,CAR_0845,CAR,525,rule,T1,"Chose to drive at 08:45 over drive at 08:30: lowest total cost (NZ$10.86 vs NZ$11.86), mainly arrival time.",arrival_time,10.8637,1,540,False
209,1,CAR_0715,CAR,435,rule,T1,"Chose to drive at 07:15 over drive at 07:00: lowest total cost (NZ$1.35 vs NZ$1.36), mainly arrival time.",arrival_time,1.352,1,450,False
210,1,CAR_0615,CAR,375,rule,T1,"Chose to drive at 06:15 over drive at 07:00: lowest total cost (NZ$2.39 vs NZ$0.98), mainly overall cost.",other,2.3875,4,435,False
211,1,CAR_0800,CAR,480,rule,T1,"Chose to drive at 08:00 over drive at 07:45: lowest total cost (NZ$27.83 vs NZ$29.52), mainly arrival time.",arrival_time,27.8304,1,495,False
212,1,CAR_0800,CAR,480,rule,T1,"Chose to drive at 08:00 over drive at 08:30: lowest total cost (NZ$19.79 vs NZ$19.24), mainly overall cost.",other,19.7903,3,525,False
213,1,CAR_0800,CAR,480,rule,T1,"Chose to drive at 08:00 over drive at 08:15: lowest total cost (NZ$30.33 vs NZ$30.25), mainly overall cost.",other,30.3293,2,510,False
214,1,CAR_0845,CAR,525,rule,T1,"Chose to drive at 08:45 over drive at 09:00: lowest total cost (NZ$27.81 vs NZ$27.71), mainly overall cost.",other,27.8129,2,555,False
215,1,CAR_0730,CAR,450,rule,T1,"Chose to drive at 07:30 over drive at 07:15: lowest total cost (NZ$4.98 vs NZ$6.67), mainly arrival time.",arrival_time,4.9751,1,465,False
216,1,CAR_0800,CAR,480,rule,T1,"Chose to drive at 08:00 over drive at 08:15: lowest total cost (NZ$21.13 vs NZ$21.82), mainly arrival time.",arrival_time,21.1281,1,495,False
217,1,CAR_0800,CAR,480,rule,T1,"Chose to drive at 08:00 over take PT: lowest total cost (NZ$33.32 vs NZ$32.39), mainly the PT trip.",pt,33.3211,2,510,False
218,1,CAR_0830,CAR,510,rule,T1,"Chose to drive at 08:30 over drive at 08:15: lowest total cost (NZ$15.30 vs NZ$18.03), mainly arrival time.",arrival_time,15.2965,1,525,False
219,1,PT,PT,,rule,T1,"Chose to take PT over drive at 08:30: lowest total cost (NZ$30.37 vs NZ$32.58), mainly parking.",other;travel_time,30.3743,1,525,False
220,1,CAR_0830,CAR,510,rule,T1,"Chose to drive at 08:30 over drive at 08:15: lowest total cost (NZ$26.10 vs NZ$27.36), mainly arrival time.",arrival_time,26.1021,1,525,False
221,1,CAR_0745,CAR,465,rule,T1,"Chose to drive at 07:45 over drive at 07:30: lowest total cost (NZ$21.64 vs NZ$22.02), mainly arrival time.",arrival_time,21.64,1,480,False
222,1,CAR_0745,CAR,465,rule,T1,"Chose to drive at 07:45 over drive at 08:45: lowest total cost (NZ$18.35 vs NZ$16.64), mainly overall cost.",other,18.3504,6,540,False
223,1,CAR_0915,CAR,555,rule,T1,"Chose to drive at 09:15 over drive at 09:00: lowest total cost (NZ$30.31 vs NZ$32.20), mainly arrival time.",arrival_time,30.3069,1,570,False
224,1,CAR_0730,CAR,450,rule,T1,"Chose to drive at 07:30 over drive at 07:45: lowest total cost (NZ$19.41 vs NZ$17.58), mainly overall cost.",other,19.4128,2,480,False
225,1,CAR_0845,CAR,525,rule,T1,"Chose to drive at 08:45 over drive at 08:30: lowest total cost (NZ$19.92 vs NZ$19.77), mainly overall cost.",other,19.9153,2,525,False
226,1,CAR_0745,CAR,465,rule,T1,"Chose to drive at 07:45 over drive at 07:30: lowest total cost (NZ$8.86 vs NZ$11.22), mainly arrival time.",arrival_time,8.8563,1,480,False
227,1,CAR_0845,CAR,525,rule,T1,"Chose to drive at 08:45 over drive at 08:30: lowest total cost (NZ$8.45 vs NZ$8.80), mainly arrival time.",arrival_time,8.4453,1,540,False
228,1,CAR_0700,CAR,420,rule,T1,"Chose to drive at 07:00 over drive at 07:15: lowest total cost (NZ$1.93 vs NZ$1.72), mainly overall cost.",other,1.9309,3,450,False
229,1,CAR_0900,CAR,540,rule,T1,"Chose to drive at 09:00 over drive at 08:45: lowest total cost (NZ$3.47 vs NZ$4.85), mainly arrival time.",arrival_time,3.4695,1,555,False
230,1,CAR_0815,CAR,495,rule,T1,"Chose to drive at 08:15 over drive at 08:00: lowest total cost (NZ$25.34 vs NZ$26.96), mainly arrival time.",arrival_time,25.338,1,510,False
231,1,CAR_0830,CAR,510,rule,T1,"Chose to drive at 08:30 over drive at 08:15: lowest total cost (NZ$10.16 vs NZ$11.58), mainly arrival time.",arrival_time,10.157,1,525,False
232,1,CAR_0830,CAR,510,rule,T1,"Chose to drive at 08:30 over drive at 06:45 for the early start: lowest total cost (NZ$9.10 vs NZ$12.10), mainly arrival time.",arrival_time,9.0984,1,525,False
233,1,CAR_0715,CAR,435,rule,T1,"Chose to drive at 07:15 over drive at 07:00: lowest total cost (NZ$6.94 vs NZ$8.43), mainly arrival time.",arrival_time,6.9429,1,450,False
234,1,CAR_0930,CAR,570,rule,T1,"Chose to drive at 09:30 over drive at 09:15: lowest total cost (NZ$23.26 vs NZ$23.75), mainly arrival time.",arrival_time,23.2601,1,585,False
235,1,CAR_0900,CAR,540,rule,T1,"Chose to drive at 09:00 over drive at 09:15: lowest total cost (NZ$28.78 vs NZ$28.78), mainly overall cost.",other,28.7848,2,570,False
236,1,CAR_0800,CAR,480,rule,T1,"Chose to drive at 08:00 over drive at 07:45: lowest total cost (NZ$10.69 vs NZ$12.73), mainly arrival time.",arrival_time,10.694,1,495,False
237,1,CAR_0845,CAR,525,rule,T1,"Chose to drive at 08:45 over drive at 09:00: lowest total cost (NZ$20.11 vs NZ$19.93), mainly overall cost.",other,20.1133,2,555,False
238,1,CAR_0900,CAR,540,rule,T1,"Chose to drive at 09:00 over drive at 08:45: lowest total cost (NZ$8.36 vs NZ$8.96), mainly arrival time.",arrival_time,8.3612,1,555,False
239,1,CAR_0730,CAR,450,rule,T1,"Chose to drive at 07:30 over drive at 07:45: lowest total cost (NZ$3.30 vs NZ$4.08), mainly arrival time.",arrival_time,3.3009,1,465,False
240,1,CAR_0915,CAR,555,rule,T1,"Chose to drive at 09:15 over drive at 09:00: lowest total cost (NZ$9.95 vs NZ$11.81), mainly arrival time.",arrival_time,9.9528,1,570,False
241,1,CAR_0800,CAR,480,rule,T1,"Chose to drive at 08:00 over drive at 07:45: lowest total cost (NZ$11.07 vs NZ$13.61), mainly arrival time.",arrival_time,11.0682,1,495,False
242,1,CAR_0800,CAR,480,rule,T1,"Chose to drive at 08:00 over drive at 07:45: lowest total cost (NZ$6.37 vs NZ$5.88), mainly overall cost.",other,6.3666,3,480,False
243,1,CAR_0830,CAR,510,rule,T1,"Chose to drive at 08:30 over drive at 08:45: lowest total cost (NZ$29.24 vs NZ$28.98), mainly overall cost.",other,29.2447,2,540,False
244,1,CAR_0715,CAR,435,rule,T1,"Chose to drive at 07:15 over drive at 07:00: lowest total cost (NZ$16.41 vs NZ$17.52), mainly arrival time.",arrival_time,16.4053,1,450,False
245,1,CAR_0900,CAR,540,rule,T1,"Chose to drive at 09:00 over drive at 09:15: lowest total cost (NZ$15.30 vs NZ$15.70), mainly arrival time.",arrival_time,15.3005,1,555,False
246,1,CAR_0700,CAR,420,rule,T1,"Chose to drive at 07:00 over drive at 06:45: lowest total cost (NZ$15.90 vs NZ$17.86), mainly arrival time.",arrival_time,15.8985,1,435,False
247,1,CAR_0845,CAR,525,rule,T1,"Chose to drive at 08:45 over drive at 09:15: lowest total cost (NZ$29.92 vs NZ$29.49), mainly overall cost.",other,29.9197,3,570,False
248,1,PT,PT,,rule,T1,"Chose to take PT over drive at 08:45: lowest total cost (NZ$31.70 vs NZ$32.52), mainly parking.",other;travel_time,31.6977,1,540,False
249,1,CAR_0815,CAR,495,rule,T1,"Chose to drive at 08:15 over drive at 08:00: lowest total cost (NZ$23.45 vs NZ$24.41), mainly arrival time.",arrival_time,23.4474,1,510,False
250,1,CAR_0830,CAR,510,rule,T1,"Chose to drive at 08:30 over drive at 08:15: lowest total cost (NZ$17.49 vs NZ$18.22), mainly arrival time.",arrival_time,17.485,1,525,False
251,1,CAR_0715,CAR,435,rule,T1,"Chose to drive at 07:15 over drive at 07:45: lowest total cost (NZ$15.78 vs NZ$14.92), mainly overall cost.",other,15.7764,3,480,False
252,1,CAR_0830,CAR,510,rule,T1,"Chose to drive at 08:30 over drive at 08:15: lowest total cost (NZ$27.13 vs NZ$28.37), mainly arrival time.",arrival_time,27.1314,1,525,False
253,1,CAR_0700,CAR,420,rule,T1,"Chose to drive at 07:00 over drive at 07:15: lowest total cost (NZ$3.39 vs NZ$4.02), mainly arrival time.",arrival_time,3.3899,1,435,False
254,1,CAR_0830,CAR,510,rule,T1,"Chose to drive at 08:30 over drive at 08:15: lowest total cost (NZ$24.71 vs NZ$26.05), mainly arrival time.",arrival_time,24.7121,1,525,False
255,1,CAR_0800,CAR,480,rule,T1,"Chose to drive at 08:00 over drive at 08:15: lowest total cost (NZ$21.17 vs NZ$22.07), mainly arrival time.",arrival_time,21.1664,1,495,False
256,1,CAR_0630,CAR,390,rule,T1,"Chose to drive at 06:30 over drive at 06:15: lowest total cost (NZ$28.42 vs NZ$31.41), mainly arrival time.",arrival_time,28.4246,1,420,False
257,1,CAR_0715,CAR,435,rule,T1,"Chose to drive at 07:15 over take PT: lowest total cost (NZ$29.70 vs NZ$29.45), mainly the PT trip.",pt;arrival_time,29.6996,2,450,False
258,1,CAR_0845,CAR,525,rule,T1,"Chose to drive at 08:45 over drive at 08:30: lowest total cost (NZ$25.13 vs NZ$23.84), mainly overall cost.",other,25.1269,5,525,False
259,1,CAR_0845,CAR,525,rule,T1,"Chose to drive at 08:45 over drive at 08:30: lowest total cost (NZ$12.83 vs NZ$13.95), mainly arrival time.",arrival_time,12.827,1,540,False
260,1,CAR_0845,CAR,525,rule,T1,"Chose to drive at 08:45 over drive at 08:30: lowest total cost (NZ$12.33 vs NZ$12.67), mainly arrival time.",arrival_time,12.3347,1,540,False
261,1,CAR_0800,CAR,480,rule,T1,"Chose to drive at 08:00 over drive at 07:45: lowest total cost (NZ$13.40 vs NZ$14.81), mainly arrival time.",arrival_time,13.4024,1,495,False
262,1,CAR_0900,CAR,540,rule,T1,"Chose to drive at 09:00 over drive at 09:15: lowest total cost (NZ$25.64 vs NZ$25.19), mainly overall cost.",other,25.6355,2,570,False
263,1,CAR_0645,CAR,405,rule,T1,"Chose to drive at 06:45 over drive at 06:30: lowest total cost (NZ$6.74 vs NZ$7.46), mainly arrival time.",arrival_time,6.7431,1,420,False
264,1,CAR_0715,CAR,435,rule,T1,"Chose to drive at 07:15 over drive at 07:30: lowest total cost (NZ$2.32 vs NZ$1.84), mainly overall cost.",other,2.3158,2,465,False
265,1,CAR_0830,CAR,510,rule,T1,"Chose to drive at 08:30 over drive at 08:15: lowest total cost (NZ$25.45 vs NZ$26.87), mainly arrival time.",arrival_time,25.4503,1,525,False
266,1,CAR_0815,CAR,495,rule,T1,"Chose to drive at 08:15 over drive at 08:00: lowest total cost (NZ$10.33 vs NZ$11.17), mainly arrival time.",arrival_time,10.325,1,510,False
267,1,CAR_0900,CAR,540,rule,T1,"Chose to drive at 09:00 over drive at 08:45: lowest total cost (NZ$25.81 vs NZ$26.25), mainly arrival time.",arrival_time,25.8079,1,555,False
268,1,CAR_0745,CAR,465,rule,T1,"Chose to drive at 07:45 over drive at 08:00: lowest total cost (NZ$27.34 vs NZ$27.33), mainly overall cost.",other,27.3378,2,495,False
269,1,CAR_0700,CAR,420,rule,T1,"Chose to drive at 07:00 over drive at 06:45: lowest total cost (NZ$3.52 vs NZ$5.58), mainly arrival time.",arrival_time,3.5195,1,435,False
270,1,CAR_0730,CAR,450,rule,T1,"Chose to drive at 07:30 over drive at 07:15: lowest total cost (NZ$24.52 vs NZ$25.16), mainly arrival time.",arrival_time,24.5205,1,465,False
271,1,CAR_0900,CAR,540,rule,T1,"Chose to drive at 09:00 over drive at 08:45: lowest total cost (NZ$29.47 vs NZ$29.95), mainly arrival time.",arrival_time,29.4719,1,555,False
272,1,CAR_0915,CAR,555,rule,T1,"Chose to drive at 09:15 over drive at 09:45: lowest total cost (NZ$26.17 vs NZ$25.50), mainly overall cost.",other,26.1674,3,600,False
273,1,CAR_0845,CAR,525,rule,T1,"Chose to drive at 08:45 over drive at 09:00: lowest total cost (NZ$32.30 vs NZ$31.52), mainly overall cost.",other,32.3036,2,555,False
274,1,CAR_0700,CAR,420,rule,T1,"Chose to drive at 07:00 over drive at 06:45: lowest total cost (NZ$8.57 vs NZ$10.84), mainly arrival time.",arrival_time,8.5717,1,435,False
275,1,CAR_0815,CAR,495,rule,T1,"Chose to drive at 08:15 over drive at 08:00: lowest total cost (NZ$7.56 vs NZ$8.93), mainly arrival time.",arrival_time,7.559,1,510,False
276,1,CAR_0745,CAR,465,rule,T1,"Chose to drive at 07:45 over drive at 06:45 for the early start: lowest total cost (NZ$31.40 vs NZ$34.40), mainly arrival time.",arrival_time,31.3951,1,480,False
277,1,CAR_0830,CAR,510,rule,T1,"Chose to drive at 08:30 over drive at 08:15: lowest total cost (NZ$10.38 vs NZ$11.70), mainly arrival time.",arrival_time,10.3811,1,525,False
278,1,PT,PT,,rule,T1,"Chose to take PT over drive at 08:15: lowest total cost (NZ$32.50 vs NZ$33.74), mainly parking.",other;travel_time,32.5009,1,525,False
279,1,CAR_0700,CAR,420,rule,T1,"Chose to drive at 07:00 over drive at 07:15: lowest total cost (NZ$16.07 vs NZ$14.82), mainly overall cost.",other,16.0654,2,450,False
280,1,CAR_0700,CAR,420,rule,T1,"Chose to drive at 07:00 over drive at 06:45: lowest total cost (NZ$2.74 vs NZ$4.04), mainly arrival time.",arrival_time,2.7409,1,435,False
281,1,CAR_0845,CAR,525,rule,T1,"Chose to drive at 08:45 over drive at 08:30: lowest total cost (NZ$21.26 vs NZ$21.30), mainly arrival time.",arrival_time,21.2569,1,525,False
282,1,CAR_0730,CAR,450,rule,T1,"Chose to drive at 07:30 over drive at 07:45: lowest total cost (NZ$2.07 vs NZ$2.56), mainly arrival time.",arrival_time,2.0747,1,465,False
283,1,CAR_0800,CAR,480,rule,T1,"Chose to drive at 08:00 over drive at 07:45: lowest total cost (NZ$2.51 vs NZ$3.90), mainly arrival time.",arrival_time,2.505,1,495,False
284,1,CAR_0830,CAR,510,rule,T1,"Chose to drive at 08:30 over drive at 08:15: lowest total cost (NZ$32.30 vs NZ$34.24), mainly arrival time.",arrival_time,32.2978,1,525,False
285,1,CAR_0900,CAR,540,rule,T1,"Chose to drive at 09:00 over drive at 08:45: lowest total cost (NZ$28.90 vs NZ$26.23), mainly overall cost.",other,28.9049,3,540,False
286,1,CAR_0745,CAR,465,rule,T1,"Chose to drive at 07:45 over drive at 07:30: lowest total cost (NZ$5.34 vs NZ$6.37), mainly arrival time.",arrival_time,5.3393,1,480,False
287,1,CAR_0645,CAR,405,rule,T1,"Chose to drive at 06:45 over drive at 06:30: lowest total cost (NZ$7.14 vs NZ$7.97), mainly arrival time.",arrival_time,7.1406,1,420,False
288,1,CAR_0900,CAR,540,rule,T1,"Chose to drive at 09:00 over drive at 08:45: lowest total cost (NZ$26.07 vs NZ$27.44), mainly arrival time.",arrival_time,26.072,1,555,False
289,1,CAR_0745,CAR,465,rule,T1,"Chose to drive at 07:45 over drive at 08:15: lowest total cost (NZ$12.86 vs NZ$10.77), mainly overall cost.",other,12.864,3,510,False
290,1,CAR_0830,CAR,510,rule,T1,"Chose to drive at 08:30 over drive at 08:15: lowest total cost (NZ$32.13 vs NZ$32.97), mainly arrival time.",arrival_time,32.126,1,525,False
291,1,CAR_0830,CAR,510,rule,T1,"Chose to drive at 08:30 over drive at 08:15: lowest total cost (NZ$11.74 vs NZ$13.02), mainly arrival time.",arrival_time,11.7374,1,525,False
292,1,CAR_0815,CAR,495,rule,T1,"Chose to drive at 08:15 over drive at 08:00: lowest total cost (NZ$32.33 vs NZ$35.68), mainly arrival time.",arrival_time,32.3309,1,510,False
293,1,CAR_0815,CAR,495,rule,T1,"Chose to drive at 08:15 over drive at 08:00: lowest total cost (NZ$29.36 vs NZ$31.26), mainly arrival time.",arrival_time,29.3622,1,510,False
294,1,CAR_0815,CAR,495,rule,T1,"Chose to drive at 08:15 over drive at 08:30: lowest total cost (NZ$34.22 vs NZ$33.31), mainly overall cost.",other,34.2232,2,525,False
295,1,CAR_0715,CAR,435,rule,T1,"Chose to drive at 07:15 over drive at 07:00: lowest total cost (NZ$10.31 vs NZ$11.67), mainly arrival time.",arrival_time,10.3105,1,450,False
296,1,CAR_0745,CAR,465,rule,T1,"Chose to drive at 07:45 over drive at 08:00: lowest total cost (NZ$38.77 vs NZ$39.81), mainly arrival time.",arrival_time,38.7652,1,495,False
297,1,PT,PT,,rule,T1,"Chose to take PT over drive at 07:15: lowest total cost (NZ$37.06 vs NZ$41.31), mainly fuel.",other;travel_time,37.0599,1,465,False
298,1,CAR_0715,CAR,435,rule,T1,"Chose to drive at 07:15 over drive at 07:30: lowest total cost (NZ$7.28 vs NZ$7.23), mainly overall cost.",other,7.2766,2,465,False
299,1,CAR_0800,CAR,480,rule,T1,"Chose to drive at 08:00 over drive at 08:15: lowest total cost (NZ$15.50 vs NZ$15.11), mainly overall cost.",other,15.4975,3,510,False
0,2,CAR_0730,CAR,450,standing,,,,24.5059,1,465,False
1,2,CAR_0900,CAR,540,standing,,,,30.8937,1,555,False
2,2,CAR_0915,CAR,555,standing,,,,26.1817,1,600,False
3,2,CAR_0845,CAR,525,standing,,,,32.7166,1,555,False
4,2,CAR_0700,CAR,420,standing,,,,8.5778,1,435,False
5,2,CAR_0815,CAR,495,standing,,,,16.4433,5,510,False
6,2,CAR_0745,CAR,465,standing,,,,37.9698,3,480,False
7,2,CAR_0830,CAR,510,standing,,,,15.7174,6,525,False
8,2,PT,PT,,standing,,,,32.5009,1,525,False
9,2,CAR_0700,CAR,420,standing,,,,16.0858,1,450,False
10,2,CAR_0700,CAR,420,standing,,,,3.8239,1,435,False
11,2,CAR_0700,CAR,420,rule,T3,"Chose to drive at 07:00 for the early start over drive at 08:45: lowest total cost (NZ$25.26 vs NZ$63.45), mainly arrival time.",arrival_time;travel_time,25.2569,1,420,True
12,2,CAR_0730,CAR,450,standing,,,,3.0889,1,465,False
13,2,CAR_0800,CAR,480,standing,,,,2.98,1,495,False
14,2,PT,PT,,rule,T3,"Chose to take PT over drive at 08:30: lowest total cost (NZ$35.36 vs NZ$52.42), mainly parking.",other;arrival_time,35.3552,1,525,False
15,2,CAR_0645,CAR,405,rule,T3,"Chose to drive at 06:45 for the early start over drive at 09:00: lowest total cost (NZ$30.23 vs NZ$51.83), mainly arrival time.",arrival_time;travel_time,30.2304,1,420,True
16,2,CAR_0745,CAR,465,standing,,,,5.6513,1,480,False
17,2,CAR_0645,CAR,405,standing,,,,8.2115,1,420,False
18,2,CAR_0900,CAR,540,standing,,,,35.9463,7,555,False
19,2,CAR_0745,CAR,465,standing,,,,13.2661,2,510,False
20,2,CAR_0830,CAR,510,standing,,,,33.9904,1,525,False
21,2,CAR_0830,CAR,510,standing,,,,25.0278,9,525,False
22,2,CAR_0815,CAR,495,standing,,,,49.7603,6,510,False
23,2,CAR_0815,CAR,495,standing,,,,29.5297,1,510,False
24,2,CAR_0815,CAR,495,standing,,,,34.7167,1,525,False
25,2,CAR_0715,CAR,435,standing,,,,11.2187,1,450,False
26,2,CAR_0745,CAR,465,standing,,,,38.9062,1,495,False
27,2,PT,PT,,standing,,,,37.0599,1,465,False
28,2,CAR_0715,CAR,435,standing,,,,8.2602,1,465,False
29,2,CAR_0800,CAR,480,standing,,,,15.7057,1,510,False
30,2,CAR_0800,CAR,480,rule,T3,"Chose to drive at 08:00 over drive at 08:45: lowest total cost (NZ$27.43 vs NZ$31.24), mainly travel time.",travel_time;arrival_time,27.4335,1,540,False
31,2,CAR_0715,CAR,435,standing,,,,37.8231,1,450,False
32,2,CAR_0845,CAR,525,standing,,,,11.8057,1,555,False
33,2,CAR_0745,CAR,465,standing,,,,26.072,1,480,False
34,2,CAR_0645,CAR,405,standing,,,,11.1111,2,435,False
35,2,CAR_0800,CAR,480,standing,,,,27.8342,1,495,False
36,2,CAR_0745,CAR,465,standing,,,,3.747,1,480,False
37,2,CAR_0845,CAR,525,standing,,,,5.8137,1,555,False
38,2,CAR_0700,CAR,420,standing,,,,18.7057,2,435,False
39,2,CAR_0730,CAR,450,standing,,,,17.1602,1,465,False
40,2,CAR_0730,CAR,450,standing,,,,17.3087,1,480,False
41,2,CAR_0745,CAR,465,standing,,,,2.4034,1,480,False
42,2,CAR_0815,CAR,495,standing,,,,15.376,8,510,False
43,2,CAR_0815,CAR,495,standing,,,,8.2749,1,510,False
44,2,CAR_0800,CAR,480,standing,,,,28.3976,1,495,False
45,2,CAR_0700,CAR,420,standing,,,,1.3321,1,435,False
46,2,CAR_0800,CAR,480,standing,,,,10.1743,1,495,False
47,2,CAR_0745,CAR,465,standing,,,,30.3969,1,480,False
48,2,CAR_0700,CAR,420,standing,,,,19.6828,1,450,False
49,2,CAR_0830,CAR,510,standing,,,,9.5668,1,525,False
50,2,CAR_0745,CAR,465,standing,,,,10.4823,1,480,False
51,2,CAR_0845,CAR,525,standing,,,,12.0235,5,540,False
52,2,CAR_0800,CAR,480,rule,T3,"Chose to drive at 08:00 over drive at 08:15: lowest total cost (NZ$4.14 vs NZ$8.17), mainly arrival time.",arrival_time;travel_time,4.1378,1,495,False
53,2,CAR_0800,CAR,480,rule,T3,"Chose to drive at 08:00 over drive at 08:30: lowest total cost (NZ$19.65 vs NZ$27.82), mainly travel time.",travel_time;arrival_time,19.6492,2,525,False
54,2,CAR_0745,CAR,465,standing,,,,2.7617,1,480,False
55,2,CAR_0700,CAR,420,standing,,,,13.6917,1,435,False
56,2,CAR_0815,CAR,495,standing,,,,10.5631,4,510,False
57,2,CAR_0830,CAR,510,standing,,,,20.1264,8,525,False
58,2,CAR_0745,CAR,465,standing,,,,25.212,7,480,False
59,2,CAR_0830,CAR,510,standing,,,,12.2544,5,525,False
60,2,CAR_0800,CAR,480,standing,,,,8.0694,4,495,False
61,2,CAR_0830,CAR,510,standing,,,,34.1726,4,525,False
62,2,CAR_0800,CAR,480,rule,T3,"Chose to drive at 08:00 over drive at 08:30: lowest total cost (NZ$13.32 vs NZ$31.22), mainly arrival time.",arrival_time;travel_time,13.3241,1,525,False
63,2,CAR_0830,CAR,510,standing,,,,33.3035,8,525,False
64,2,CAR_0745,CAR,465,standing,,,,21.6854,1,510,False
65,2,CAR_0630,CAR,390,rule,T3,"Chose to drive at 06:30 for the early start over drive at 08:15: lowest total cost (NZ$24.57 vs NZ$35.54), mainly travel time.",travel_time;arrival_time,24.5667,5,420,True
66,2,CAR_0745,CAR,465,standing,,,,2.9038,1,465,False
67,2,CAR_0645,CAR,405,rule,T3,"Chose to drive at 06:45 for the early start over drive at 08:30: lowest total cost (NZ$8.27 vs NZ$17.76), mainly travel time.",travel_time;arrival_time,8.2677,1,420,True
68,2,CAR_0815,CAR,495,standing,,,,3.7519,1,510,False
69,2,CAR_0900,CAR,540,standing,,,,45.9283,10,555,False
70,2,CAR_0730,CAR,450,standing,,,,31.4521,1,480,False
71,2,CAR_0815,CAR,495,standing,,,,37.0009,1,525,False
72,2,CAR_0815,CAR,495,standing,,,,26.1169,4,510,False
73,2,CAR_0815,CAR,495,standing,,,,26.2744,8,510,False
74,2,CAR_0845,CAR,525,standing,,,,21.1334,8,540,False
75,2,CAR_0800,CAR,480,standing,,,,4.0026,1,495,False
76,2,CAR_0800,CAR,480,standing,,,,26.6249,1,495,False
77,2,CAR_0730,CAR,450,standing,,,,26.9791,1,465,False
78,2,CAR_0745,CAR,465,standing,,,,1.8719,1,510,False
79,2,CAR_0630,CAR,390,rule,T3,"Chose to drive at 06:30 for the early start over drive at 09:00: lowest total cost (NZ$20.72 vs NZ$24.99), mainly travel time.",travel_time;arrival_time,20.7202,1,420,True
80,2,CAR_0730,CAR,450,standing,,,,27.3873,1,465,False
81,2,CAR_0715,CAR,435,standing,,,,35.3214,1,450,False
82,2,CAR_0830,CAR,510,standing,,,,19.9036,1,555,False
83,2,CAR_0815,CAR,495,standing,,,,37.091,4,510,False
84,2,CAR_0930,CAR,570,standing,,,,18.6999,1,585,False
85,2,CAR_0845,CAR,525,standing,,,,10.1543,6,540,False
86,2,CAR_0830,CAR,510,standing,,,,3.2943,1,525,False
87,2,CAR_0815,CAR,495,rule,T3,"Chose to drive at 08:15 over drive at 08:45: lowest total cost (NZ$11.03 vs NZ$45.67), mainly arrival time.",arrival_time;travel_time,11.0331,1,525,False
88,2,CAR_0830,CAR,510,standing,,,,17.9215,8,525,False
89,2,CAR_0715,CAR,435,standing,,,,14.0416,1,450,False
90,2,CAR_0815,CAR,495,standing,,,,27.317,1,510,False
91,2,CAR_0715,CAR,435,standing,,,,6.3711,1,450,False
92,2,CAR_0745,CAR,465,standing,,,,2.5579,1,480,False
93,2,CAR_0815,CAR,495,rule,T3,"Chose to drive at 08:15 over drive at 08:45: lowest total cost (NZ$37.51 vs NZ$48.18), mainly travel time.",travel_time;arrival_time,37.5122,1,540,False
94,2,CAR_0800,CAR,480,standing,,,,28.2059,1,510,False
95,2,CAR_0630,CAR,390,standing,,,,2.9909,2,420,False
96,2,CAR_0915,CAR,555,standing,,,,14.8082,3,570,False
97,2,CAR_0845,CAR,525,standing,,,,37.2505,3,555,False
98,2,CAR_0745,CAR,465,standing,,,,3.4479,1,480,False
99,2,CAR_0830,CAR,510,standing,,,,20.9411,1,555,False
100,2,CAR_0645,CAR,405,standing,,,,10.3006,1,420,False
101,2,CAR_0745,CAR,465,rule,T3,"Chose to drive at 07:45 over drive at 08:30: lowest total cost (NZ$17.13 vs NZ$24.18), mainly travel time.",travel_time;arrival_time,17.1261,1,525,False
102,2,CAR_0700,CAR,420,standing,,,,14.4248,1,435,False
103,2,CAR_0915,CAR,555,standing,,,,19.3886,3,570,False
104,2,CAR_0830,CAR,510,standing,,,,21.1111,8,525,False
105,2,CAR_0815,CAR,495,standing,,,,27.5259,1,540,False
106,2,CAR_0830,CAR,510,standing,,,,45.8388,5,525,False
107,2,CAR_0700,CAR,420,standing,,,,27.8807,1,435,False
108,2,CAR_0830,CAR,510,standing,,,,42.0139,9,525,False
109,2,CAR_0745,CAR,465,standing,,,,14.2395,1,495,False
110,2,PT,PT,,standing,,,,32.515,1,555,False
111,2,CAR_0815,CAR,495,standing,,,,9.8317,1,510,False
112,2,CAR_0600,CAR,360,standing,,,,4.1264,3,420,False
113,2,CAR_0745,CAR,465,standing,,,,8.4456,1,480,False
114,2,CAR_0845,CAR,525,standing,,,,17.5623,2,540,False
115,2,CAR_0845,CAR,525,standing,,,,13.9743,4,540,False
116,2,CAR_0815,CAR,495,standing,,,,9.4611,1,510,False
117,2,CAR_0800,CAR,480,standing,,,,9.7949,1,495,False
118,2,CAR_0845,CAR,525,standing,,,,15.692,6,555,False
119,2,CAR_0830,CAR,510,standing,,,,7.909,1,525,False
120,2,CAR_0845,CAR,525,standing,,,,27.1131,1,555,False
121,2,CAR_0730,CAR,450,standing,,,,30.5599,1,465,False
122,2,CAR_0900,CAR,540,standing,,,,6.551,1,555,False
123,2,PT,PT,,standing,,,,33.4356,1,435,False
124,2,CAR_0730,CAR,450,standing,,,,9.2709,1,465,False
125,2,CAR_0815,CAR,495,standing,,,,27.1078,3,510,False
126,2,CAR_0845,CAR,525,rule,T3,"Chose to drive at 08:45 over drive at 09:00: lowest total cost (NZ$9.26 vs NZ$14.25), mainly arrival time.",arrival_time;travel_time,9.2552,1,540,False
127,2,CAR_0900,CAR,540,standing,,,,37.4806,1,555,False
128,2,CAR_0800,CAR,480,rule,T3,"Chose to drive at 08:00 over drive at 08:15: lowest total cost (NZ$3.60 vs NZ$6.96), mainly arrival time.",arrival_time;travel_time,3.596,1,495,False
129,2,CAR_0815,CAR,495,standing,,,,26.4593,1,525,False
130,2,CAR_0800,CAR,480,standing,,,,16.1453,1,495,False
131,2,CAR_0800,CAR,480,standing,,,,20.2477,8,495,False
132,2,CAR_0800,CAR,480,rule,T3,"Chose to drive at 08:00 over drive at 08:30: lowest total cost (NZ$11.82 vs NZ$15.79), mainly travel time.",travel_time;arrival_time,11.8188,2,525,False
133,2,CAR_0715,CAR,435,standing,,,,35.0441,2,450,False
134,2,CAR_0900,CAR,540,standing,,,,33.454,8,555,False
135,2,CAR_0800,CAR,480,standing,,,,3.0369,1,495,False
136,2,CAR_0815,CAR,495,rule,T3,"Chose to drive at 08:15 over drive at 08:45: lowest total cost (NZ$35.21 vs NZ$48.34), mainly arrival time.",arrival_time;travel_time,35.2124,1,540,False
137,2,CAR_0730,CAR,450,standing,,,,29.0924,1,465,False
138,2,CAR_0800,CAR,480,standing,,,,23.8667,1,510,False
139,2,CAR_0845,CAR,525,standing,,,,19.4699,3,540,False
140,2,CAR_0845,CAR,525,standing,,,,15.8922,1,540,False
141,2,CAR_0830,CAR,510,standing,,,,10.3016,1,525,False
142,2,CAR_0815,CAR,495,standing,,,,12.8613,1,510,False
143,2,CAR_0845,CAR,525,standing,,,,33.9801,9,540,False
144,2,CAR_0730,CAR,450,standing,,,,13.8408,2,510,False
145,2,CAR_0645,CAR,405,standing,,,,26.633,1,420,False
146,2,CAR_0645,CAR,405,standing,,,,6.173,1,420,False
147,2,CAR_0815,CAR,495,standing,,,,25.8046,1,525,False
148,2,CAR_0900,CAR,540,rule,T3,"Chose to drive at 09:00 over drive at 08:00: lowest total cost (NZ$30.01 vs NZ$29.51), mainly changing routine.",habit,30.0055,3,555,False
149,2,PT,PT,,rule,T3,"Chose to take PT over drive at 08:30: lowest total cost (NZ$38.02 vs NZ$52.59), mainly parking.",other;travel_time,38.0227,1,525,False
150,2,CAR_0815,CAR,495,standing,,,,27.3589,1,510,False
151,2,CAR_0815,CAR,495,standing,,,,40.7448,2,510,False
152,2,CAR_0715,CAR,435,standing,,,,24.4135,1,450,False
153,2,CAR_0715,CAR,435,standing,,,,16.9463,1,450,False
154,2,CAR_0815,CAR,495,rule,T3,"Chose to drive at 08:15 over drive at 08:45: lowest total cost (NZ$23.96 vs NZ$44.92), mainly arrival time.",arrival_time;travel_time,23.9575,1,540,False
155,2,CAR_0830,CAR,510,standing,,,,21.4714,1,540,False
156,2,CAR_0815,CAR,495,standing,,,,9.2207,1,510,False
157,2,PT,PT,,standing,,,,31.2766,1,495,False
158,2,CAR_0730,CAR,450,standing,,,,1.5144,1,465,False
159,2,CAR_0815,CAR,495,standing,,,,8.7582,1,510,False
160,2,CAR_0715,CAR,435,standing,,,,15.5007,1,450,False
161,2,PT,PT,,rule,T3,"Chose to take PT over drive at 09:00: lowest total cost (NZ$32.79 vs NZ$38.41), mainly parking.",other;travel_time,32.7909,2,555,False
162,2,CAR_0800,CAR,480,standing,,,,14.2123,1,495,False
163,2,CAR_0745,CAR,465,standing,,,,30.4177,8,480,False
164,2,CAR_0800,CAR,480,standing,,,,13.969,1,495,False
165,2,CAR_0815,CAR,495,standing,,,,38.8823,6,510,False
166,2,CAR_0930,CAR,570,standing,,,,11.7804,1,585,False
167,2,CAR_0815,CAR,495,standing,,,,10.4687,5,510,False
168,2,CAR_0745,CAR,465,standing,,,,16.7098,2,480,False
169,2,CAR_0730,CAR,450,standing,,,,2.2628,1,465,False
170,2,CAR_0845,CAR,525,standing,,,,17.8356,9,540,False
171,2,CAR_0715,CAR,435,standing,,,,3.1682,1,465,False
172,2,CAR_0645,CAR,405,standing,,,,4.1672,1,420,False
173,2,CAR_0800,CAR,480,standing,,,,27.2312,1,495,False
174,2,CAR_0900,CAR,540,standing,,,,21.508,2,570,False
175,2,CAR_0900,CAR,540,standing,,,,36.0208,6,555,False
176,2,CAR_0915,CAR,555,standing,,,,25.7529,1,585,False
177,2,CAR_0800,CAR,480,standing,,,,41.0503,10,495,False
178,2,CAR_0745,CAR,465,standing,,,,4.0708,1,480,False
179,2,CAR_0700,CAR,420,standing,,,,11.1541,1,435,False
180,2,CAR_0730,CAR,450,standing,,,,29.8505,1,480,False
181,2,PT,PT,,standing,,,,30.6124,1,450,False
182,2,CAR_0730,CAR,450,standing,,,,1.8463,1,465,False
183,2,CAR_0845,CAR,525,standing,,,,24.1137,5,555,False
184,2,CAR_0645,CAR,405,rule,T3,"Chose to drive at 06:45 for the early start over drive at 08:15: lowest total cost (NZ$32.92 vs NZ$42.46), mainly travel time.",travel_time;arrival_time,32.9249,3,420,True
185,2,CAR_0645,CAR,405,standing,,,,3.5987,1,420,False
186,2,CAR_0600,CAR,360,standing,,,,3.1382,3,420,False
187,2,CAR_0845,CAR,525,standing,,,,11.7591,4,540,False
188,2,CAR_0745,CAR,465,rule,T3,"Chose to drive at 07:45 over drive at 08:30: lowest total cost (NZ$33.72 vs NZ$48.09), mainly travel time.",travel_time;arrival_time,33.7158,1,525,False
189,2,PT,PT,,standing,,,,34.6608,1,495,False
190,2,CAR_0815,CAR,495,standing,,,,18.0311,1,525,False
191,2,CAR_0815,CAR,495,standing,,,,22.5691,3,510,False
192,2,CAR_0800,CAR,480,rule,T3,"Chose to drive at 08:00 over drive at 08:15: lowest total cost (NZ$17.42 vs NZ$27.19), mainly arrival time.",arrival_time;travel_time,17.4214,1,510,False
193,2,CAR_0945,CAR,585,standing,,,,25.19,1,600,False
194,2,CAR_0800,CAR,480,standing,,,,12.0859,3,495,False
195,2,CAR_0745,CAR,465,standing,,,,1.8807,1,465,False
196,2,CAR_0715,CAR,435,standing,,,,1.6426,1,435,False
197,2,CAR_0645,CAR,405,rule,T3,"Chose to drive at 06:45 over drive at 09:00: lowest total cost (NZ$32.32 vs NZ$31.30), mainly travel time.",travel_time,32.3231,8,555,False
198,2,CAR_0830,CAR,510,standing,,,,20.3176,8,525,False
199,2,CAR_0745,CAR,465,standing,,,,30.2178,1,480,False
200,2,CAR_0845,CAR,525,standing,,,,9.1101,1,540,False
201,2,PT,PT,,standing,,,,30.6199,1,555,False
202,2,CAR_0930,CAR,570,standing,,,,25.1092,1,585,False
203,2,CAR_0715,CAR,435,standing,,,,16.7552,1,450,False
204,2,CAR_0645,CAR,405,rule,T3,"Chose to drive at 06:45 for the early start over drive at 08:45: lowest total cost (NZ$18.11 vs NZ$59.21), mainly arrival time.",arrival_time;travel_time,18.1096,1,420,True
205,2,CAR_0800,CAR,480,standing,,,,6.6017,1,495,False
206,2,CAR_0730,CAR,450,standing,,,,25.008,2,510,False
207,2,CAR_0715,CAR,435,standing,,,,0.3447,1,450,False
208,2,CAR_0645,CAR,405,rule,T3,"Chose to drive at 06:45 for the early start over drive at 08:45: lowest total cost (NZ$14.88 vs NZ$24.52), mainly travel time.",travel_time;arrival_time,14.8812,1,420,True
209,2,CAR_0715,CAR,435,standing,,,,1.352,1,450,False
210,2,CAR_0615,CAR,375,standing,,,,2.3875,2,435,False
211,2,CAR_0800,CAR,480,standing,,,,30.9148,2,495,False
212,2,CAR_0800,CAR,480,standing,,,,19.9328,1,525,False
213,2,CAR_0800,CAR,480,standing,,,,32.9113,1,510,False
214,2,CAR_0845,CAR,525,standing,,,,30.4045,4,555,False
215,2,CAR_0730,CAR,450,standing,,,,5.6436,1,465,False
216,2,CAR_0800,CAR,480,standing,,,,21.7067,1,495,False
217,2,CAR_0800,CAR,480,standing,,,,33.5815,2,510,False
218,2,CAR_0800,CAR,480,rule,T3,"Chose to drive at 08:00 over drive at 08:30: lowest total cost (NZ$22.95 vs NZ$43.55), mainly arrival time.",arrival_time;travel_time,22.9525,1,525,False
219,2,PT,PT,,standing,,,,30.3743,1,525,False
220,2,CAR_0830,CAR,510,standing,,,,30.2871,4,525,False
221,2,CAR_0745,CAR,465,standing,,,,21.6567,1,480,False
222,2,CAR_0745,CAR,465,standing,,,,18.5142,4,540,False
223,2,CAR_0915,CAR,555,standing,,,,37.946,4,570,False
224,2,CAR_0730,CAR,450,standing,,,,20.028,1,480,False
225,2,CAR_0845,CAR,525,standing,,,,21.1118,2,525,False
226,2,CAR_0745,CAR,465,standing,,,,8.8667,1,480,False
227,2,CAR_0845,CAR,525,standing,,,,8.6636,1,540,False
228,2,CAR_0700,CAR,420,standing,,,,1.9772,1,450,False
229,2,CAR_0645,CAR,405,rule,T3,"Chose to drive at 06:45 for the early start over drive at 09:00: lowest total cost (NZ$7.47 vs NZ$20.28), mainly travel time.",travel_time;arrival_time,7.4695,1,420,True
230,2,CAR_0815,CAR,495,standing,,,,27.5328,1,510,False
231,2,CAR_0830,CAR,510,standing,,,,10.234,1,525,False
232,2,CAR_0830,CAR,510,standing,,,,15.8959,3,525,False
233,2,CAR_0715,CAR,435,standing,,,,6.9429,1,450,False
234,2,CAR_0930,CAR,570,standing,,,,23.2601,1,585,False
235,2,CAR_0900,CAR,540,standing,,,,30.8771,2,570,False
236,2,CAR_0800,CAR,480,standing,,,,13.3821,1,495,False
237,2,CAR_0845,CAR,525,standing,,,,20.6048,1,555,False
238,2,CAR_0845,CAR,525,rule,T3,"Chose to drive at 08:45 over drive at 09:00: lowest total cost (NZ$11.56 vs NZ$15.73), mainly arrival time.",arrival_time;travel_time,11.5634,2,555,False
239,2,CAR_0730,CAR,450,standing,,,,3.3009,1,465,False
240,2,CAR_0915,CAR,555,standing,,,,9.9528,1,570,False
241,2,CAR_0800,CAR,480,standing,,,,14.4522,1,495,False
242,2,CAR_0745,CAR,465,rule,T3,"Chose to drive at 07:45 over drive at 08:00: lowest total cost (NZ$6.91 vs NZ$7.22), mainly arrival time.",arrival_time;travel_time,6.9064,1,480,False
243,2,CAR_0830,CAR,510,standing,,,,29.556,1,540,False
244,2,CAR_0715,CAR,435,standing,,,,19.0509,2,450,False
245,2,CAR_0900,CAR,540,standing,,,,21.4929,7,555,False
246,2,CAR_0700,CAR,420,standing,,,,16.9492,1,435,False
247,2,CAR_0845,CAR,525,standing,,,,30.5298,1,570,False
248,2,PT,PT,,standing,,,,31.6977,1,540,False
249,2,CAR_0815,CAR,495,standing,,,,23.4633,1,510,False
250,2,CAR_0830,CAR,510,standing,,,,20.1374,2,525,False
251,2,CAR_0715,CAR,435,standing,,,,16.025,2,480,False
252,2,CAR_0815,CAR,495,rule,T3,"Chose to drive at 08:15 over drive at 08:30: lowest total cost (NZ$29.67 vs NZ$35.86), mainly arrival time.",arrival_time;travel_time,29.6693,1,525,False
253,2,CAR_0700,CAR,420,standing,,,,3.3691,1,435,False
254,2,CAR_0800,CAR,480,rule,T3,"Chose to drive at 08:00 over drive at 08:30: lowest total cost (NZ$29.67 vs NZ$38.61), mainly arrival time.",arrival_time;travel_time,29.6683,1,525,False
255,2,CAR_0800,CAR,480,standing,,,,21.1664,1,495,False
256,2,CAR_0630,CAR,390,standing,,,,28.4246,1,420,False
257,2,CAR_0715,CAR,435,standing,,,,31.102,2,450,False
258,2,CAR_0815,CAR,495,rule,T3,"Chose to drive at 08:15 over drive at 08:45: lowest total cost (NZ$25.55 vs NZ$29.32), mainly arrival time.",arrival_time;travel_time,25.5496,1,525,False
259,2,CAR_0845,CAR,525,standing,,,,17.0747,4,540,False
260,2,CAR_0800,CAR,480,rule,T3,"Chose to drive at 08:00 over drive at 08:45: lowest total cost (NZ$15.80 vs NZ$22.07), mainly arrival time.",arrival_time;travel_time,15.7982,2,540,False
261,2,CAR_0800,CAR,480,standing,,,,15.4822,1,495,False
262,2,CAR_0900,CAR,540,standing,,,,30.0808,8,570,False
263,2,CAR_0645,CAR,405,standing,,,,6.7431,1,420,False
264,2,CAR_0715,CAR,435,standing,,,,2.3158,1,465,False
265,2,CAR_0830,CAR,510,standing,,,,28.4568,2,525,False
266,2,CAR_0815,CAR,495,standing,,,,11.0327,1,510,False
267,2,CAR_0900,CAR,540,standing,,,,27.4373,1,555,False
268,2,CAR_0745,CAR,465,standing,,,,27.4021,1,495,False
269,2,CAR_0700,CAR,420,standing,,,,4.0032,1,435,False
270,2,CAR_0730,CAR,450,standing,,,,24.5226,1,465,False
271,2,CAR_0900,CAR,540,standing,,,,31.2361,1,555,False
272,2,CAR_0915,CAR,555,standing,,,,26.1926,1,600,False
273,2,CAR_0845,CAR,525,standing,,,,32.9541,1,555,False
274,2,CAR_0700,CAR,420,standing,,,,8.6116,1,435,False
275,2,CAR_0815,CAR,495,standing,,,,16.4433,5,510,False
276,2,CAR_0745,CAR,465,standing,,,,39.399,4,480,False
277,2,CAR_0830,CAR,510,standing,,,,15.7174,6,525,False
278,2,PT,PT,,standing,,,,32.5009,1,525,False
279,2,CAR_0700,CAR,420,standing,,,,16.0488,1,450,False
280,2,CAR_0700,CAR,420,standing,,,,3.9376,1,435,False
281,2,CAR_0700,CAR,420,rule,T3,"Chose to drive at 07:00 for the early start over drive at 08:45: lowest total cost (NZ$25.26 vs NZ$63.45), mainly arrival time.",arrival_time;travel_time,25.2569,1,420,True
282,2,CAR_0730,CAR,450,standing,,,,3.0889,1,465,False
283,2,CAR_0800,CAR,480,standing,,,,2.98,1,495,False
284,2,PT,PT,,rule,T3,"Chose to take PT over drive at 08:30: lowest total cost (NZ$35.36 vs NZ$52.42), mainly parking.",other;arrival_time,35.3552,1,525,False
285,2,CAR_0645,CAR,405,rule,T3,"Chose to drive at 06:45 for the early start over drive at 09:00: lowest total cost (NZ$30.23 vs NZ$51.83), mainly arrival time.",arrival_time;travel_time,30.2304,1,420,True
286,2,CAR_0745,CAR,465,standing,,,,5.7551,1,480,False
287,2,CAR_0645,CAR,405,standing,,,,9.1019,2,420,False
288,2,CAR_0900,CAR,540,standing,,,,35.9463,7,555,False
289,2,CAR_0745,CAR,465,standing,,,,13.2661,2,510,False
290,2,CAR_0830,CAR,510,standing,,,,35.1742,2,525,False
291,2,CAR_0645,CAR,405,rule,T3,"Chose to drive at 06:45 for the early start over drive at 08:30: lowest total cost (NZ$15.76 vs NZ$25.03), mainly travel time.",travel_time;arrival_time,15.7598,1,420,True
292,2,CAR_0800,CAR,480,rule,T3,"Chose to drive at 08:00 over drive at 08:15: lowest total cost (NZ$37.27 vs NZ$49.76), mainly arrival time.",arrival_time;travel_time,37.271,1,510,False
293,2,CAR_0815,CAR,495,standing,,,,29.4913,1,510,False
294,2,CAR_0815,CAR,495,standing,,,,34.7167,1,525,False
295,2,CAR_0715,CAR,435,standing,,,,11.6926,1,450,False
296,2,CAR_0745,CAR,465,standing,,,,39.036,1,495,False
297,2,PT,PT,,standing,,,,37.0599,1,465,False
298,2,CAR_0715,CAR,435,standing,,,,8.2602,1,465,False
299,2,CAR_0800,CAR,480,standing,,,,15.7458,1,510,False
0,3,CAR_0730,CAR,450,standing,,,,24.5027,1,465,False
1,3,CAR_0900,CAR,540,standing,,,,30.7678,1,555,False
2,3,CAR_0915,CAR,555,standing,,,,26.2003,1,600,False
3,3,CAR_0845,CAR,525,standing,,,,32.7969,1,555,False
4,3,CAR_0700,CAR,420,standing,,,,8.5526,1,435,False
5,3,CAR_0800,CAR,480,rule,T3,"Chose to drive at 08:00 over drive at 08:15: lowest total cost (NZ$10.78 vs NZ$22.02), mainly arrival time.",arrival_time;travel_time,10.7825,1,510,False
6,3,CAR_0745,CAR,465,standing,,,,38.0619,3,480,False
7,3,CAR_0815,CAR,495,rule,T3;T5,"Chose to drive at 08:15 over drive at 08:30: lowest total cost (NZ$13.62 vs NZ$27.31), mainly travel time.",travel_time;arrival_time,13.6214,1,525,False
8,3,PT,PT,,standing,,,,32.5009,1,525,False
9,3,CAR_0700,CAR,420,standing,,,,16.0643,1,450,False
10,3,CAR_0700,CAR,420,standing,,,,3.4134,1,435,False
11,3,CAR_0645,CAR,405,rule,T5,"Chose to drive at 06:45 for the early start over drive at 07:00 for the early start: lowest total cost (NZ$25.49 vs NZ$30.07), mainly arrival time.",arrival_time;travel_time,25.4913,1,420,True
12,3,CAR_0730,CAR,450,rule,T5,"Chose to drive at 07:30 over drive at 07:45: lowest total cost (NZ$3.06 vs NZ$3.67), mainly arrival time.",arrival_time;habit,3.0593,1,465,False
13,3,CAR_0800,CAR,480,standing,,,,2.8581,1,495,False
14,3,PT,PT,,standing,,,,34.3552,1,525,False
15,3,CAR_0645,CAR,405,standing,,,,29.9018,1,420,True
16,3,CAR_0745,CAR,465,standing,,,,5.5983,1,480,False
17,3,CAR_0645,CAR,405,standing,,,,8.1733,1,420,False
18,3,CAR_0900,CAR,540,rule,T5,"Chose to drive at 09:00 over drive at 08:45: lowest total cost (NZ$26.36 vs NZ$29.93), mainly travel time.",travel_time;habit;arrival_time,26.3604,1,555,False
19,3,CAR_0745,CAR,465,standing,,,,13.2272,2,510,False
20,3,CAR_0830,CAR,510,standing,,,,33.8573,1,525,False
21,3,CAR_0745,CAR,465,rule,T5,"Chose to drive at 07:45 over drive at 08:30: lowest total cost (NZ$16.89 vs NZ$22.60), mainly travel time.",travel_time;arrival_time,16.8927,2,525,False
22,3,CAR_0745,CAR,465,rule,T3;T5,"Chose to drive at 07:45 over drive at 08:15: lowest total cost (NZ$40.17 vs NZ$81.99), mainly arrival time.",arrival_time;travel_time,40.1711,1,510,False
23,3,CAR_0815,CAR,495,standing,,,,29.4856,1,510,False
24,3,CAR_0815,CAR,495,standing,,,,34.6695,1,525,False
25,3,CAR_0715,CAR,435,standing,,,,11.1889,1,450,False
26,3,CAR_0745,CAR,465,standing,,,,39.0434,1,495,False
27,3,PT,PT,,standing,,,,37.0599,1,465,False
28,3,CAR_0715,CAR,435,standing,,,,8.2175,1,465,False
29,3,CAR_0800,CAR,480,rule,T5,"Chose to drive at 08:00 over drive at 07:45: lowest total cost (NZ$16.09 vs NZ$16.92), mainly changing routine.",habit;arrival_time,16.0905,1,510,False
30,3,CAR_0800,CAR,480,rule,T5,"Chose to drive at 08:00 over drive at 07:45: lowest total cost (NZ$27.60 vs NZ$27.68), mainly arrival time.",arrival_time;habit,27.5967,1,540,False
31,3,CAR_0715,CAR,435,standing,,,,37.7326,1,450,False
32,3,CAR_0845,CAR,525,standing,,,,11.87,1,555,False
33,3,CAR_0745,CAR,465,standing,,,,26.072,1,480,False
34,3,CAR_0645,CAR,405,standing,,,,11.1111,2,435,False
35,3,CAR_0800,CAR,480,standing,,,,27.7922,1,495,False
36,3,CAR_0745,CAR,465,standing,,,,4.4539,1,480,False
37,3,CAR_0845,CAR,525,rule,T5,"Chose to drive at 08:45 over drive at 09:15: lowest total cost (NZ$6.57 vs NZ$5.91), mainly changing routine.",habit;arrival_time,6.5747,2,555,False
38,3,CAR_0700,CAR,420,standing,,,,18.1913,1,435,False
39,3,CAR_0730,CAR,450,standing,,,,16.6597,1,465,False
40,3,CAR_0730,CAR,450,standing,,,,17.3085,1,480,False
41,3,CAR_0745,CAR,465,standing,,,,2.3962,1,480,False
42,3,CAR_0645,CAR,405,rule,T3,"Chose to drive at 06:45 for the early start over drive at 08:15: lowest total cost (NZ$10.61 vs NZ$29.31), mainly travel time.",travel_time;arrival_time,10.614,1,420,True
43,3,CAR_0815,CAR,495,standing,,,,8.2675,1,510,False
44,3,CAR_0800,CAR,480,standing,,,,35.6634,6,495,False
45,3,CAR_0700,CAR,420,standing,,,,1.3736,1,435,False
46,3,CAR_0800,CAR,480,standing,,,,10.1433,1,495,False
47,3,CAR_0745,CAR,465,standing,,,,30.3967,1,480,False
48,3,CAR_0700,CAR,420,standing,,,,19.6828,1,450,False
49,3,CAR_0830,CAR,510,standing,,,,13.007,8,525,False
50,3,CAR_0745,CAR,465,standing,,,,10.7412,1,480,False
51,3,CAR_0815,CAR,495,rule,T5,"Chose to drive at 08:15 over drive at 08:45: lowest total cost (NZ$9.20 vs NZ$12.35), mainly arrival time.",arrival_time;travel_time,9.1982,1,540,False
52,3,CAR_0800,CAR,480,rule,T5,"Chose to drive at 08:00 over drive at 07:45: lowest total cost (NZ$3.93 vs NZ$4.78), mainly changing routine.",habit;arrival_time,3.9262,1,495,False
53,3,CAR_0800,CAR,480,standing,,,,20.4608,2,525,False
54,3,CAR_0745,CAR,465,standing,,,,2.7182,1,480,False
55,3,CAR_0700,CAR,420,standing,,,,13.6906,1,435,False
56,3,CAR_0745,CAR,465,rule,T3;T5,"Chose to drive at 07:45 over drive at 08:15: lowest total cost (NZ$8.08 vs NZ$30.67), mainly arrival time.",arrival_time;travel_time,8.0842,1,510,False
57,3,CAR_0645,CAR,405,rule,T3;T5,"Chose to drive at 06:45 for the early start over drive at 08:30: lowest total cost (NZ$14.53 vs NZ$18.64), mainly arrival time.",arrival_time;travel_time,14.5277,2,420,True
58,3,CAR_0745,CAR,465,standing,,,,26.8199,7,480,False
59,3,CAR_0745,CAR,465,rule,T3,"Chose to drive at 07:45 over drive at 08:30: lowest total cost (NZ$9.62 vs NZ$27.27), mainly travel time.",travel_time;arrival_time,9.6236,2,525,False
60,3,CAR_0745,CAR,465,rule,T3,"Chose to drive at 07:45 over drive at 08:00: lowest total cost (NZ$5.24 vs NZ$14.96), mainly arrival time.",arrival_time;travel_time,5.2437,1,495,False
61,3,CAR_0830,CAR,510,standing,,,,45.019,7,525,False
62,3,CAR_0745,CAR,465,rule,T5,"Chose to drive at 07:45 over drive at 08:00: lowest total cost (NZ$14.81 vs NZ$22.72), mainly travel time.",travel_time,14.8068,1,525,False
63,3,CAR_0830,CAR,510,standing,,,,35.8721,11,525,False
64,3,CAR_0745,CAR,465,standing,,,,21.6806,1,510,False
65,3,CAR_0630,CAR,390,standing,,,,23.5563,1,420,True
66,3,CAR_0745,CAR,465,standing,,,,2.9013,1,465,False
67,3,CAR_0645,CAR,405,standing,,,,7.3501,1,420,True
68,3,CAR_0800,CAR,480,rule,T5,"Chose to drive at 08:00 over drive at 08:15: lowest total cost (NZ$5.44 vs NZ$13.63), mainly travel time.",travel_time;arrival_time,5.4383,1,510,False
69,3,CAR_0900,CAR,540,rule,T5,"Chose to drive at 09:00 over drive at 08:45: lowest total cost (NZ$34.09 vs NZ$36.76), mainly changing routine.",habit;travel_time;arrival_time,34.0934,1,555,False
70,3,CAR_0730,CAR,450,standing,,,,31.4514,1,480,False
71,3,CAR_0815,CAR,495,standing,,,,42.2398,3,525,False
72,3,CAR_0715,CAR,435,rule,T3;T5,"Chose to drive at 07:15 over drive at 08:15: lowest total cost (NZ$26.19 vs NZ$30.59), mainly travel time.",travel_time;arrival_time,26.1871,3,510,False
73,3,CAR_0645,CAR,405,rule,T3,"Chose to drive at 06:45 for the early start over drive at 08:15: lowest total cost (NZ$13.67 vs NZ$38.28), mainly arrival time.",arrival_time;travel_time,13.6688,1,420,True
74,3,CAR_0645,CAR,405,rule,T3,"Chose to drive at 06:45 for the early start over drive at 08:45: lowest total cost (NZ$15.80 vs NZ$29.80), mainly travel time.",travel_time;arrival_time,15.7986,1,420,True
75,3,CAR_0800,CAR,480,standing,,,,3.9828,1,495,False
76,3,CAR_0800,CAR,480,standing,,,,26.0812,1,495,False
77,3,CAR_0730,CAR,450,standing,,,,27.1454,1,465,False
78,3,CAR_0745,CAR,465,standing,,,,1.9345,1,510,False
79,3,CAR_0630,CAR,390,standing,,,,19.7202,1,420,True
80,3,CAR_0730,CAR,450,standing,,,,26.9793,1,465,False
81,3,CAR_0715,CAR,435,standing,,,,35.2204,1,450,False
82,3,CAR_0830,CAR,510,standing,,,,19.9036,1,555,False
83,3,CAR_0815,CAR,495,standing,,,,44.2514,7,510,False
84,3,CAR_0930,CAR,570,standing,,,,18.5959,1,585,False
85,3,CAR_0845,CAR,525,standing,,,,13.625,8,540,False
86,3,CAR_0830,CAR,510,standing,,,,8.0516,5,525,False
87,3,CAR_0815,CAR,495,standing,,,,15.0316,2,525,False
88,3,CAR_0645,CAR,405,rule,T3,"Chose to drive at 06:45 for the early start over drive at 08:30: lowest total cost (NZ$16.89 vs NZ$17.19), mainly travel time.",travel_time,16.8947,5,420,True
89,3,CAR_0715,CAR,435,standing,,,,14.0078,1,450,False
90,3,CAR_0815,CAR,495,standing,,,,27.2806,1,510,False
91,3,CAR_0715,CAR,435,standing,,,,6.3606,1,450,False
92,3,CAR_0745,CAR,465,standing,,,,2.5579,1,480,False
93,3,CAR_0815,CAR,495,standing,,,,37.6156,1,540,False
94,3,CAR_0800,CAR,480,standing,,,,28.2052,1,510,False
95,3,CAR_0630,CAR,390,standing,,,,2.9909,1,420,False
96,3,CAR_0915,CAR,555,rule,T5,"Chose to drive at 09:15 over drive at 09:00: lowest total cost (NZ$10.21 vs NZ$13.31), mainly arrival time.",arrival_time;habit;travel_time,10.2115,1,570,False
97,3,CAR_0845,CAR,525,standing,,,,40.3957,6,555,False
98,3,CAR_0745,CAR,465,standing,,,,3.4113,1,480,False
99,3,CAR_0830,CAR,510,standing,,,,21.9805,2,555,False
100,3,CAR_0645,CAR,405,standing,,,,10.3006,1,420,False
101,3,CAR_0745,CAR,465,standing,,,,16.3515,1,525,False
102,3,CAR_0700,CAR,420,standing,,,,14.4293,1,435,False
103,3,CAR_0915,CAR,555,rule,T5,"Chose to drive at 09:15 over drive at 09:30: lowest total cost (NZ$6.48 vs NZ$8.16), mainly arrival time.",arrival_time;habit,6.4783,1,570,False
104,3,CAR_0645,CAR,405,rule,T3,"Chose to drive at 06:45 for the early start over drive at 08:30: lowest total cost (NZ$14.57 vs NZ$29.63), mainly travel time.",travel_time;arrival_time,14.5669,1,420,True
105,3,CAR_0815,CAR,495,standing,,,,28.1778,3,540,False
106,3,CAR_0800,CAR,480,rule,T3,"Chose to drive at 08:00 over drive at 08:30: lowest total cost (NZ$27.02 vs NZ$75.90), mainly arrival time.",arrival_time;travel_time,27.0166,1,525,False
107,3,CAR_0700,CAR,420,standing,,,,27.8807,1,435,False
108,3,CAR_0645,CAR,405,rule,T3,"Chose to drive at 06:45 for the early start over drive at 08:30: lowest total cost (NZ$31.50 vs NZ$56.20), mainly arrival time.",arrival_time;travel_time,31.4967,1,420,True
109,3,CAR_0745,CAR,465,standing,,,,14.4555,1,495,False
110,3,PT,PT,,standing,,,,32.515,1,555,False
111,3,CAR_0815,CAR,495,standing,,,,9.8292,1,510,False
112,3,CAR_0600,CAR,360,standing,,,,4.1264,3,420,False
113,3,CAR_0745,CAR,465,standing,,,,8.5329,1,480,False
114,3,CAR_0845,CAR,525,standing,,,,18.0275,3,540,False
115,3,CAR_0845,CAR,525,standing,,,,18.9699,5,540,False
116,3,CAR_0815,CAR,495,standing,,,,9.4706,1,510,False
117,3,CAR_0800,CAR,480,standing,,,,9.8212,1,495,False
118,3,CAR_0900,CAR,540,rule,T5,"Chose to drive at 09:00 over drive at 08:45: lowest total cost (NZ$13.98 vs NZ$14.22), mainly travel time.",travel_time,13.9791,1,555,False
119,3,CAR_0830,CAR,510,standing,,,,7.8941,1,525,False
120,3,CAR_0845,CAR,525,standing,,,,28.8967,2,555,False
121,3,CAR_0730,CAR,450,standing,,,,30.2378,1,465,False
122,3,CAR_0900,CAR,540,standing,,,,7.0391,2,555,False
123,3,PT,PT,,standing,,,,33.4356,1,435,False
124,3,CAR_0730,CAR,450,standing,,,,9.2437,1,465,False
125,3,CAR_0800,CAR,480,rule,T5,"Chose to drive at 08:00 over drive at 08:15: lowest total cost (NZ$26.96 vs NZ$41.10), mainly travel time.",travel_time;arrival_time,26.9599,2,510,False
126,3,CAR_0845,CAR,525,standing,,,,8.3728,1,540,False
127,3,CAR_0900,CAR,540,standing,,,,37.2984,1,555,False
128,3,CAR_0800,CAR,480,standing,,,,2.7694,1,495,False
129,3,CAR_0815,CAR,495,standing,,,,26.4457,1,525,False
130,3,CAR_0800,CAR,480,standing,,,,16.0913,1,495,False
131,3,CAR_0745,CAR,465,rule,T3,"Chose to drive at 07:45 over drive at 08:00: lowest total cost (NZ$10.78 vs NZ$39.64), mainly arrival time.",arrival_time;travel_time,10.7756,1,495,False
132,3,CAR_0800,CAR,480,standing,,,,11.9365,1,525,False
133,3,CAR_0715,CAR,435,standing,,,,34.2106,1,450,False
134,3,CAR_0900,CAR,540,rule,T5,"Chose to drive at 09:00 over take PT: lowest total cost (NZ$30.49 vs NZ$31.68), mainly the PT trip.",pt;habit,30.4947,1,555,False
135,3,CAR_0800,CAR,480,rule,T5,"Chose to drive at 08:00 over drive at 07:45: lowest total cost (NZ$4.24 vs NZ$4.74), mainly changing routine.",habit;arrival_time,4.2358,1,495,False
136,3,CAR_0745,CAR,465,rule,T5,"Chose to drive at 07:45 over drive at 08:15: lowest total cost (NZ$37.83 vs NZ$44.86), mainly travel time.",travel_time,37.8301,3,540,False
137,3,CAR_0730,CAR,450,standing,,,,29.0924,1,465,False
138,3,CAR_0800,CAR,480,standing,,,,24.0147,1,510,False
139,3,CAR_0845,CAR,525,standing,,,,21.0234,4,540,False
140,3,CAR_0845,CAR,525,standing,,,,16.9683,2,540,False
141,3,CAR_0830,CAR,510,standing,,,,10.272,1,525,False
142,3,CAR_0815,CAR,495,standing,,,,12.8703,1,510,False
143,3,CAR_0645,CAR,405,rule,T3,"Chose to drive at 06:45 for the early start over drive at 08:45: lowest total cost (NZ$29.76 vs NZ$42.18), mainly arrival time.",arrival_time;travel_time,29.7637,1,420,True
144,3,CAR_0730,CAR,450,standing,,,,13.8418,1,510,False
145,3,CAR_0645,CAR,405,standing,,,,26.6495,1,420,False
146,3,CAR_0645,CAR,405,standing,,,,6.3482,1,420,False
147,3,CAR_0800,CAR,480,rule,T5,"Chose to drive at 08:00 over drive at 08:15: lowest total cost (NZ$28.16 vs NZ$35.65), mainly arrival time.",arrival_time;travel_time,28.1622,1,525,False
148,3,CAR_0845,CAR,525,rule,T5,"Chose to drive at 08:45 over drive at 09:00: lowest total cost (NZ$27.64 vs NZ$26.34), mainly overall cost.",other,27.6417,2,555,False
149,3,PT,PT,,standing,,,,37.0227,1,525,False
150,3,CAR_0815,CAR,495,standing,,,,27.3262,1,510,False
151,3,CAR_0815,CAR,495,standing,,,,40.0503,2,510,False
152,3,CAR_0715,CAR,435,standing,,,,24.4135,1,450,False
153,3,CAR_0715,CAR,435,standing,,,,16.8463,1,450,False
154,3,CAR_0815,CAR,495,rule,T5,"Chose to drive at 08:15 over drive at 08:00: lowest total cost (NZ$24.34 vs NZ$26.28), mainly arrival time.",arrival_time;habit,24.345,1,540,False
155,3,CAR_0830,CAR,510,standing,,,,21.4028,1,540,False
156,3,CAR_0815,CAR,495,standing,,,,9.0298,1,510,False
157,3,PT,PT,,standing,,,,31.2766,1,495,False
158,3,CAR_0730,CAR,450,rule,T5,"Chose to drive at 07:30 over drive at 07:15: lowest total cost (NZ$1.47 vs NZ$2.79), mainly arrival time.",arrival_time;habit,1.4663,1,465,False
159,3,CAR_0645,CAR,405,rule,T3;T5,"Chose to drive at 06:45 for the early start over drive at 08:15: lowest total cost (NZ$11.25 vs NZ$29.87), mainly travel time.",travel_time;arrival_time,11.2494,1,420,True
160,3,CAR_0715,CAR,435,standing,,,,15.1026,1,450,False
161,3,PT,PT,,standing,,,,31.7909,1,555,False
162,3,CAR_0745,CAR,465,rule,T5,"Chose to drive at 07:45 over drive at 08:00: lowest total cost (NZ$15.61 vs NZ$23.72), mainly arrival time.",arrival_time;travel_time,15.6135,1,495,False
163,3,CAR_0745,CAR,465,standing,,,,31.7619,8,480,False
164,3,CAR_0800,CAR,480,standing,,,,13.6382,1,495,False
165,3,CAR_0800,CAR,480,rule,T3,"Chose to drive at 08:00 over drive at 08:15: lowest total cost (NZ$30.01 vs NZ$47.83), mainly arrival time.",arrival_time;travel_time,30.0087,1,510,False
166,3,CAR_0930,CAR,570,standing,,,,11.7574,1,585,False
167,3,CAR_0800,CAR,480,rule,T3;T5,"Chose to drive at 08:00 over drive at 08:15: lowest total cost (NZ$8.60 vs NZ$18.38), mainly arrival time.",arrival_time;travel_time,8.6006,1,510,False
168,3,CAR_0745,CAR,465,standing,,,,17.298,3,480,False
169,3,CAR_0730,CAR,450,standing,,,,2.2346,1,465,False
170,3,CAR_0645,CAR,405,rule,T3,"Chose to drive at 06:45 for the early start over drive at 08:45: lowest total cost (NZ$9.87 vs NZ$18.49), mainly travel time.",travel_time;arrival_time,9.8747,1,420,True
171,3,CAR_0715,CAR,435,standing,,,,3.1555,1,465,False
172,3,CAR_0645,CAR,405,standing,,,,4.2911,1,420,False
173,3,CAR_0800,CAR,480,standing,,,,26.9579,1,495,False
174,3,CAR_0915,CAR,555,rule,T5,"Chose to drive at 09:15 over drive at 09:00: lowest total cost (NZ$18.22 vs NZ$18.05), mainly travel time.",travel_time,18.2181,2,570,False
175,3,CAR_0900,CAR,540,rule,T5,"Chose to drive at 09:00 over drive at 08:45: lowest total cost (NZ$26.24 vs NZ$30.37), mainly travel time.",travel_time;habit;arrival_time,26.2356,1,555,False
176,3,CAR_0915,CAR,555,standing,,,,25.7049,1,585,False
177,3,PT,PT,,rule,T3,"Chose to take PT over drive at 08:00: lowest total cost (NZ$34.91 vs NZ$49.42), mainly parking.",other;arrival_time,34.9097,1,495,False
178,3,CAR_0745,CAR,465,standing,,,,4.8035,1,480,False
179,3,CAR_0700,CAR,420,standing,,,,11.1498,1,435,False
180,3,CAR_0730,CAR,450,standing,,,,29.8148,1,480,False
181,3,PT,PT,,standing,,,,30.6124,1,450,False
182,3,CAR_0730,CAR,450,standing,,,,1.6368,1,465,False
183,3,CAR_0845,CAR,525,standing,,,,23.7101,7,555,False
184,3,CAR_0645,CAR,405,standing,,,,33.0634,2,420,True
185,3,CAR_0645,CAR,405,standing,,,,3.5986,1,420,False
186,3,CAR_0600,CAR,360,standing,,,,3.1374,3,420,False
187,3,CAR_0845,CAR,525,standing,,,,16.0467,5,540,False
188,3,CAR_0745,CAR,465,standing,,,,33.5701,1,525,False
189,3,PT,PT,,standing,,,,34.6608,1,495,False
190,3,CAR_0815,CAR,495,standing,,,,17.9689,1,525,False
191,3,CAR_0815,CAR,495,standing,,,,26.7072,9,510,False
192,3,CAR_0745,CAR,465,rule,T5,"Chose to drive at 07:45 over drive at 08:00: lowest total cost (NZ$19.55 vs NZ$28.32), mainly travel time.",travel_time;arrival_time,19.549,1,510,False
193,3,CAR_0945,CAR,585,standing,,,,25.19,1,600,False
194,3,CAR_0745,CAR,465,rule,T5,"Chose to drive at 07:45 over drive at 08:00: lowest total cost (NZ$10.46 vs NZ$29.86), mainly arrival time.",arrival_time;travel_time,10.4608,1,495,False
195,3,CAR_0745,CAR,465,standing,,,,1.8828,1,465,False
196,3,CAR_0715,CAR,435,standing,,,,1.6426,1,435,False
197,3,CAR_0645,CAR,405,standing,,,,31.3012,7,420,True
198,3,CAR_0815,CAR,495,rule,T3,"Chose to drive at 08:15 over drive at 08:30: lowest total cost (NZ$10.01 vs NZ$38.83), mainly arrival time.",arrival_time;travel_time,10.0123,1,525,False
199,3,CAR_0745,CAR,465,standing,,,,30.2178,1,480,False
200,3,CAR_0845,CAR,525,standing,,,,9.1101,1,540,False
201,3,PT,PT,,standing,,,,30.6199,1,555,False
202,3,CAR_0930,CAR,570,standing,,,,25.1092,1,585,False
203,3,CAR_0715,CAR,435,standing,,,,16.6897,1,450,False
204,3,CAR_0645,CAR,405,standing,,,,17.1096,1,420,True
205,3,CAR_0800,CAR,480,standing,,,,6.6235,1,495,False
206,3,CAR_0730,CAR,450,standing,,,,25.0066,1,510,False
207,3,CAR_0715,CAR,435,standing,,,,0.3444,1,450,False
208,3,CAR_0645,CAR,405,rule,T5,"Chose to drive at 06:45 for the early start over drive at 08:45: lowest total cost (NZ$15.16 vs NZ$15.14), mainly changing routine.",habit;travel_time,15.1589,2,420,True
209,3,CAR_0715,CAR,435,standing,,,,1.352,1,450,False
210,3,CAR_0615,CAR,375,standing,,,,2.3875,2,435,False
211,3,CAR_0800,CAR,480,standing,,,,30.9462,2,495,False
212,3,CAR_0800,CAR,480,standing,,,,20.3921,1,525,False
213,3,CAR_0800,CAR,480,standing,,,,71.7544,10,510,False
214,3,CAR_0845,CAR,525,rule,T5,"Chose to drive at 08:45 over drive at 09:00: lowest total cost (NZ$27.89 vs NZ$28.86), mainly changing routine.",habit;arrival_time,27.8894,1,555,False
215,3,CAR_0730,CAR,450,standing,,,,5.0847,1,465,False
216,3,CAR_0745,CAR,465,rule,T5,"Chose to drive at 07:45 over drive at 08:00: lowest total cost (NZ$23.50 vs NZ$24.96), mainly travel time.",travel_time,23.4986,1,495,False
217,3,CAR_0800,CAR,480,standing,,,,43.397,7,510,False
218,3,CAR_0800,CAR,480,standing,,,,23.6954,1,525,False
219,3,PT,PT,,standing,,,,30.3743,1,525,False
220,3,CAR_0815,CAR,495,rule,T5,"Chose to drive at 08:15 over drive at 08:30: lowest total cost (NZ$29.20 vs NZ$40.01), mainly travel time.",travel_time;arrival_time,29.2046,1,525,False
221,3,CAR_0745,CAR,465,standing,,,,21.6559,1,480,False
222,3,CAR_0745,CAR,465,standing,,,,18.517,4,540,False
223,3,CAR_0915,CAR,555,rule,T5,"Chose to drive at 09:15 over drive at 09:00: lowest total cost (NZ$30.31 vs NZ$33.64), mainly arrival time.",arrival_time;habit;travel_time,30.3069,1,570,False
224,3,CAR_0730,CAR,450,standing,,,,19.9791,1,480,False
225,3,CAR_0845,CAR,525,standing,,,,21.0885,2,525,False
226,3,CAR_0745,CAR,465,standing,,,,8.868,1,480,False
227,3,CAR_0845,CAR,525,standing,,,,8.7534,1,540,False
228,3,CAR_0700,CAR,420,standing,,,,1.9845,1,450,False
229,3,CAR_0645,CAR,405,rule,T5,"Chose to drive at 06:45 for the early start over drive at 06:30 for the early start: lowest total cost (NZ$7.38 vs NZ$8.85), mainly arrival time.",arrival_time;habit,7.3787,1,420,True
230,3,CAR_0745,CAR,465,rule,T3;T5,"Chose to drive at 07:45 over drive at 08:15: lowest total cost (NZ$29.61 vs NZ$46.04), mainly arrival time.",arrival_time;travel_time,29.6095,3,510,False
231,3,CAR_0830,CAR,510,standing,,,,10.2071,1,525,False
232,3,CAR_0830,CAR,510,standing,,,,14.3329,3,525,False
233,3,CAR_0715,CAR,435,standing,,,,6.9429,1,450,False
234,3,CAR_0930,CAR,570,standing,,,,23.2601,1,585,False
235,3,CAR_0915,CAR,555,rule,T5,"Chose to drive at 09:15 over drive at 09:00: lowest total cost (NZ$29.78 vs NZ$28.85), mainly travel time.",travel_time,29.7751,2,570,False
236,3,CAR_0800,CAR,480,standing,,,,16.1711,3,495,False
237,3,CAR_0845,CAR,525,standing,,,,21.6646,2,555,False
238,3,CAR_0745,CAR,465,rule,T5,"Chose to drive at 07:45 over drive at 08:45: lowest total cost (NZ$12.38 vs NZ$14.29), mainly travel time.",travel_time,12.3804,3,555,False
239,3,CAR_0730,CAR,450,standing,,,,3.3009,1,465,False
240,3,CAR_0915,CAR,555,standing,,,,9.9528,1,570,False
241,3,CAR_0800,CAR,480,standing,,,,15.3483,2,495,False
242,3,CAR_0745,CAR,465,standing,,,,5.933,1,480,False
243,3,CAR_0830,CAR,510,standing,,,,29.5017,1,540,False
244,3,CAR_0715,CAR,435,standing,,,,18.9774,2,450,False
245,3,CAR_0915,CAR,555,rule,T5,"Chose to drive at 09:15 over drive at 09:00: lowest total cost (NZ$17.98 vs NZ$18.38), mainly travel time.",travel_time,17.9804,1,555,False
246,3,CAR_0700,CAR,420,standing,,,,16.9267,1,435,False
247,3,CAR_0845,CAR,525,standing,,,,30.659,2,570,False
248,3,PT,PT,,standing,,,,31.6977,1,540,False
249,3,CAR_0815,CAR,495,standing,,,,23.4627,1,510,False
250,3,CAR_0830,CAR,510,standing,,,,20.04,2,525,False
251,3,CAR_0715,CAR,435,standing,,,,15.9856,2,480,False
252,3,CAR_0815,CAR,495,standing,,,,29.1692,1,525,False
253,3,CAR_0700,CAR,420,standing,,,,3.4598,1,435,False
254,3,CAR_0745,CAR,465,rule,T5,"Chose to drive at 07:45 over drive at 08:00: lowest total cost (NZ$30.20 vs NZ$32.03), mainly travel time.",travel_time,30.2043,1,525,False
255,3,CAR_0800,CAR,480,standing,,,,21.1664,1,495,False
256,3,CAR_0630,CAR,390,standing,,,,28.4246,1,420,False
257,3,CAR_0715,CAR,435,standing,,,,31.1106,2,450,False
258,3,CAR_0815,CAR,495,standing,,,,24.8665,1,525,False
259,3,CAR_0845,CAR,525,standing,,,,18.4374,6,540,False
260,3,CAR_0800,CAR,480,standing,,,,14.8329,1,540,False
261,3,CAR_0745,CAR,465,rule,T5,"Chose to drive at 07:45 over drive at 08:00: lowest total cost (NZ$16.46 vs NZ$25.57), mainly travel time.",travel_time;arrival_time,16.4563,1,495,False
262,3,CAR_0900,CAR,540,rule,T5,"Chose to drive at 09:00 over drive at 09:15: lowest total cost (NZ$26.42 vs NZ$27.21), mainly changing routine.",habit;arrival_time,26.4216,1,570,False
263,3,CAR_0645,CAR,405,standing,,,,6.9517,1,420,False
264,3,CAR_0715,CAR,435,standing,,,,2.3158,1,465,False
265,3,CAR_0645,CAR,405,rule,T3;T5,"Chose to drive at 06:45 for the early start over drive at 08:30: lowest total cost (NZ$29.67 vs NZ$37.84), mainly arrival time.",arrival_time;travel_time,29.6717,3,420,True
266,3,CAR_0815,CAR,495,standing,,,,11.7107,1,510,False
267,3,CAR_0900,CAR,540,standing,,,,27.4041,1,555,False
268,3,CAR_0745,CAR,465,standing,,,,27.5515,1,495,False
269,3,CAR_0700,CAR,420,standing,,,,3.9748,1,435,False
270,3,CAR_0730,CAR,450,standing,,,,24.5249,1,465,False
271,3,CAR_0900,CAR,540,standing,,,,31.2361,1,555,False
272,3,CAR_0915,CAR,555,standing,,,,26.193,1,600,False
273,3,CAR_0845,CAR,525,standing,,,,33.2065,1,555,False
274,3,CAR_0700,CAR,420,standing,,,,8.6656,1,435,False
275,3,CAR_0800,CAR,480,rule,T3,"Chose to drive at 08:00 over drive at 08:15: lowest total cost (NZ$10.78 vs NZ$22.58), mainly arrival time.",arrival_time;travel_time,10.7785,1,510,False
276,3,CAR_0745,CAR,465,standing,,,,39.549,4,480,False
277,3,CAR_0815,CAR,495,rule,T3;T5,"Chose to drive at 08:15 over drive at 08:30: lowest total cost (NZ$13.67 vs NZ$28.34), mainly arrival time.",arrival_time;travel_time,13.6737,1,525,False
278,3,PT,PT,,standing,,,,32.5009,1,525,False
279,3,CAR_0700,CAR,420,standing,,,,16.0633,1,450,False
280,3,CAR_0700,CAR,420,standing,,,,3.9073,1,435,False
281,3,CAR_0645,CAR,405,rule,T5,"Chose to drive at 06:45 for the early start over drive at 07:00 for the early start: lowest total cost (NZ$25.49 vs NZ$30.07), mainly arrival time.",arrival_time;travel_time,25.4913,1,420,True
282,3,CAR_0730,CAR,450,standing,,,,3.0702,1,465,False
283,3,CAR_0800,CAR,480,standing,,,,3.0348,1,495,False
284,3,PT,PT,,standing,,,,34.3552,1,525,False
285,3,CAR_0645,CAR,405,rule,T5,"Chose to drive at 06:45 for the early start over drive at 06:30 for the early start: lowest total cost (NZ$30.22 vs NZ$31.89), mainly arrival time.",arrival_time;habit,30.2151,1,420,True
286,3,CAR_0745,CAR,465,standing,,,,5.7529,1,480,False
287,3,CAR_0645,CAR,405,standing,,,,9.1777,2,420,False
288,3,CAR_0900,CAR,540,rule,T5,"Chose to drive at 09:00 over drive at 08:45: lowest total cost (NZ$26.36 vs NZ$29.93), mainly travel time.",travel_time;habit;arrival_time,26.3604,1,555,False
289,3,CAR_0745,CAR,465,standing,,,,13.3323,2,510,False
290,3,CAR_0830,CAR,510,standing,,,,35.1877,2,525,False
291,3,CAR_0745,CAR,465,rule,T5,"Chose to drive at 07:45 over drive at 06:45 for the early start: lowest total cost (NZ$17.04 vs NZ$16.40), mainly travel time.",travel_time,17.0369,2,525,False
292,3,CAR_0745,CAR,465,rule,T5,"Chose to drive at 07:45 over drive at 08:00: lowest total cost (NZ$40.25 vs NZ$47.58), mainly travel time.",travel_time;arrival_time,40.2487,1,510,False
293,3,CAR_0815,CAR,495,standing,,,,29.4496,1,510,False
294,3,CAR_0815,CAR,495,standing,,,,34.7938,1,525,False
295,3,CAR_0715,CAR,435,standing,,,,11.6966,1,450,False
296,3,CAR_0745,CAR,465,standing,,,,39.1828,1,495,False
297,3,PT,PT,,standing,,,,37.0599,1,465,False
298,3,CAR_0715,CAR,435,standing,,,,8.149,1,465,False
299,3,CAR_0800,CAR,480,rule,T5,"Chose to drive at 08:00 over drive at 07:45: lowest total cost (NZ$16.36 vs NZ$16.92), mainly changing routine.",habit;arrival_time,16.3555,1,510,False
0,4,CAR_0730,CAR,450,standing,,,,24.543,1,465,False
1,4,CAR_0900,CAR,540,standing,,,,30.4947,1,555,False
2,4,CAR_0915,CAR,555,standing,,,,26.1978,1,600,False
3,4,CAR_0845,CAR,525,standing,,,,32.7102,1,555,False
4,4,CAR_0700,CAR,420,standing,,,,8.5414,1,435,False
5,4,CAR_0800,CAR,480,standing,,,,24.7232,8,510,False
6,4,CAR_0745,CAR,465,standing,,,,36.7685,3,480,False
7,4,CAR_0815,CAR,495,standing,,,,13.7454,1,525,False
8,4,PT,PT,,standing,,,,32.5009,1,525,False
9,4,CAR_0700,CAR,420,standing,,,,16.0492,1,450,False
10,4,CAR_0700,CAR,420,standing,,,,3.363,1,435,False
11,4,CAR_0645,CAR,405,standing,,,,25.7805,1,420,True
12,4,CAR_0730,CAR,450,standing,,,,2.8914,1,465,False
13,4,CAR_0800,CAR,480,standing,,,,2.866,1,495,False
14,4,PT,PT,,standing,,,,34.3552,1,525,False
15,4,CAR_0645,CAR,405,standing,,,,30.5247,1,420,True
16,4,CAR_0745,CAR,465,standing,,,,5.8703,1,480,False
17,4,CAR_0645,CAR,405,standing,,,,16.977,4,420,False
18,4,CAR_0900,CAR,540,standing,,,,26.2293,1,555,False
19,4,CAR_0745,CAR,465,standing,,,,13.2176,2,510,False
20,4,CAR_0830,CAR,510,standing,,,,33.4384,1,525,False
21,4,CAR_0745,CAR,465,standing,,,,19.0195,5,525,False
22,4,CAR_0745,CAR,465,standing,,,,42.1368,2,510,False
23,4,CAR_0815,CAR,495,standing,,,,29.4547,1,510,False
24,4,CAR_0815,CAR,495,standing,,,,34.6364,1,525,False
25,4,CAR_0715,CAR,435,standing,,,,10.8133,1,450,False
26,4,CAR_0745,CAR,465,standing,,,,56.7228,9,495,False
27,4,PT,PT,,standing,,,,37.0599,1,465,False
28,4,CAR_0715,CAR,435,standing,,,,8.0885,1,465,False
29,4,CAR_0800,CAR,480,standing,,,,20.171,7,510,False
30,4,CAR_0800,CAR,480,standing,,,,36.5201,9,540,False
31,4,CAR_0715,CAR,435,standing,,,,37.6693,1,450,False
32,4,CAR_0845,CAR,525,standing,,,,11.7844,1,555,False
33,4,CAR_0745,CAR,465,standing,,,,26.072,1,480,False
34,4,CAR_0645,CAR,405,standing,,,,11.1111,2,435,False
35,4,CAR_0800,CAR,480,standing,,,,27.7627,1,495,False
36,4,CAR_0730,CAR,450,rule,T3,"Chose to drive at 07:30 over drive at 07:45: lowest total cost (NZ$5.80 vs NZ$15.35), mainly arrival time.",arrival_time;travel_time,5.8,1,480,False
37,4,CAR_0845,CAR,525,standing,,,,4.7779,3,555,False
38,4,CAR_0700,CAR,420,standing,,,,18.1709,1,435,False
39,4,CAR_0730,CAR,450,standing,,,,16.6456,1,465,False
40,4,CAR_0730,CAR,450,standing,,,,17.3084,1,480,False
41,4,CAR_0745,CAR,465,standing,,,,8.6694,7,480,False
42,4,CAR_0645,CAR,405,standing,,,,10.7761,1,420,True
43,4,CAR_0815,CAR,495,standing,,,,8.8929,1,510,False
44,4,CAR_0745,CAR,465,rule,T3,"Chose to drive at 07:45 over drive at 08:00: lowest total cost (NZ$30.64 vs NZ$56.50), mainly arrival time.",arrival_time;travel_time,30.6358,1,495,False
45,4,CAR_0700,CAR,420,standing,,,,1.3696,1,435,False
46,4,CAR_0800,CAR,480,standing,,,,10.056,1,495,False
47,4,CAR_0745,CAR,465,standing,,,,30.3966,1,480,False
48,4,CAR_0700,CAR,420,standing,,,,19.6828,1,450,False
49,4,CAR_0730,CAR,450,rule,T3,"Chose to drive at 07:30 over drive at 08:30: lowest total cost (NZ$11.02 vs NZ$14.00), mainly travel time.",travel_time;arrival_time,11.0155,4,525,False
50,4,CAR_0745,CAR,465,standing,,,,10.7095,1,480,False
51,4,CAR_0815,CAR,495,standing,,,,14.1436,9,540,False
52,4,CAR_0745,CAR,465,rule,T3,"Chose to drive at 07:45 over drive at 08:00: lowest total cost (NZ$4.86 vs NZ$14.54), mainly arrival time.",arrival_time;travel_time,4.8628,1,495,False
53,4,CAR_0800,CAR,480,standing,,,,45.1581,10,525,False
54,4,CAR_0745,CAR,465,standing,,,,2.9271,1,480,False
55,4,CAR_0700,CAR,420,standing,,,,13.6899,1,435,False
56,4,CAR_0745,CAR,465,standing,,,,9.126,1,510,False
57,4,CAR_0645,CAR,405,standing,,,,14.474,1,420,True
58,4,CAR_0745,CAR,465,standing,,,,26.1848,7,480,False
59,4,CAR_0745,CAR,465,standing,,,,9.3524,1,525,False
60,4,CAR_0745,CAR,465,standing,,,,13.7296,5,495,False
61,4,CAR_0830,CAR,510,standing,,,,32.0348,4,525,False
62,4,CAR_0745,CAR,465,standing,,,,23.5381,5,525,False
63,4,CAR_0830,CAR,510,standing,,,,32.2379,6,525,False
64,4,CAR_0745,CAR,465,standing,,,,22.1335,1,510,False
65,4,CAR_0630,CAR,390,standing,,,,23.9914,1,420,True
66,4,CAR_0745,CAR,465,standing,,,,3.2336,1,465,False
67,4,CAR_0645,CAR,405,standing,,,,12.6084,7,420,True
68,4,CAR_0800,CAR,480,standing,,,,13.7165,6,510,False
69,4,CAR_0900,CAR,540,standing,,,,33.4387,1,555,False
70,4,CAR_0730,CAR,450,standing,,,,31.4873,1,480,False
71,4,CAR_0815,CAR,495,standing,,,,54.3725,7,525,False
72,4,CAR_0715,CAR,435,standing,,,,25.227,1,510,False
73,4,CAR_0645,CAR,405,standing,,,,12.709,1,420,True
74,4,CAR_0645,CAR,405,standing,,,,18.6972,5,420,True
75,4,CAR_0745,CAR,465,rule,T3,"Chose to drive at 07:45 over drive at 08:00: lowest total cost (NZ$6.85 vs NZ$22.73), mainly arrival time.",arrival_time;travel_time,6.8517,1,495,False
76,4,CAR_0800,CAR,480,standing,,,,26.0517,1,495,False
77,4,CAR_0730,CAR,450,standing,,,,26.9565,1,465,False
78,4,CAR_0745,CAR,465,standing,,,,1.9352,1,510,False
79,4,CAR_0630,CAR,390,standing,,,,19.7811,3,420,True
80,4,CAR_0730,CAR,450,standing,,,,26.9254,1,465,False
81,4,CAR_0715,CAR,435,standing,,,,34.3446,1,450,False
82,4,CAR_0830,CAR,510,standing,,,,19.9036,1,555,False
83,4,PT,PT,,rule,T3,"Chose to take PT over drive at 08:15: lowest total cost (NZ$36.13 vs NZ$54.31), mainly parking.",other;arrival_time,36.1332,2,510,False
84,4,CAR_0930,CAR,570,standing,,,,18.5742,1,585,False
85,4,CAR_0845,CAR,525,standing,,,,9.1171,3,540,False
86,4,CAR_0800,CAR,480,rule,T3,"Chose to drive at 08:00 over drive at 08:30: lowest total cost (NZ$4.11 vs NZ$9.59), mainly arrival time.",arrival_time;travel_time,4.1107,2,525,False
87,4,CAR_0815,CAR,495,standing,,,,29.7358,8,525,False
88,4,CAR_0645,CAR,405,standing,,,,16.5979,5,525,False
89,4,CAR_0715,CAR,435,standing,,,,13.9842,1,450,False
90,4,CAR_0815,CAR,495,standing,,,,27.1818,1,510,False
91,4,CAR_0715,CAR,435,standing,,,,6.3533,1,450,False
92,4,CAR_0745,CAR,465,standing,,,,2.6451,1,480,False
93,4,CAR_0815,CAR,495,standing,,,,40.2461,5,540,False
94,4,CAR_0800,CAR,480,standing,,,,28.2047,1,510,False
95,4,CAR_0630,CAR,390,standing,,,,2.9909,1,420,False
96,4,CAR_0915,CAR,555,standing,,,,10.2115,1,570,False
97,4,CAR_0845,CAR,525,standing,,,,38.7331,3,555,False
98,4,CAR_0745,CAR,465,standing,,,,3.784,1,480,False
99,4,CAR_0830,CAR,510,standing,,,,22.4022,6,555,False
100,4,CAR_0645,CAR,405,standing,,,,10.3006,1,420,False
101,4,CAR_0745,CAR,465,standing,,,,19.0088,4,525,False
102,4,CAR_0700,CAR,420,standing,,,,14.4325,1,435,False
103,4,CAR_0915,CAR,555,standing,,,,6.268,1,570,False
104,4,CAR_0645,CAR,405,standing,,,,16.308,2,420,True
105,4,CAR_0815,CAR,495,standing,,,,27.7662,2,540,False
106,4,CAR_0800,CAR,480,standing,,,,79.6341,10,525,False
107,4,CAR_0700,CAR,420,standing,,,,34.2175,2,435,False
108,4,CAR_0645,CAR,405,standing,,,,34.3721,2,420,True
109,4,CAR_0745,CAR,465,standing,,,,18.2365,6,495,False
110,4,PT,PT,,standing,,,,32.515,1,555,False
111,4,CAR_0815,CAR,495,standing,,,,9.8274,1,510,False
112,4,CAR_0600,CAR,360,standing,,,,4.1264,2,420,False
113,4,CAR_0745,CAR,465,standing,,,,8.3166,1,480,False
114,4,CAR_0845,CAR,525,standing,,,,17.6805,2,540,False
115,4,CAR_0845,CAR,525,standing,,,,13.0776,3,540,False
116,4,CAR_0815,CAR,495,standing,,,,13.1124,2,510,False
117,4,CAR_0800,CAR,480,standing,,,,9.7604,1,495,False
118,4,CAR_0900,CAR,540,standing,,,,11.6688,1,555,False
119,4,CAR_0830,CAR,510,standing,,,,8.0127,1,525,False
120,4,CAR_0845,CAR,525,standing,,,,28.0844,1,555,False
121,4,CAR_0730,CAR,450,standing,,,,30.1944,1,465,False
122,4,CAR_0900,CAR,540,standing,,,,6.6701,1,555,False
123,4,PT,PT,,standing,,,,33.4356,1,435,False
124,4,CAR_0730,CAR,450,standing,,,,9.2246,1,465,False
125,4,CAR_0800,CAR,480,standing,,,,43.5388,9,510,False
126,4,CAR_0845,CAR,525,standing,,,,8.3244,1,540,False
127,4,CAR_0900,CAR,540,standing,,,,36.8585,1,555,False
128,4,CAR_0800,CAR,480,standing,,,,11.3556,5,495,False
129,4,CAR_0815,CAR,495,standing,,,,26.4363,1,525,False
130,4,CAR_0800,CAR,480,standing,,,,16.092,1,495,False
131,4,CAR_0745,CAR,465,standing,,,,34.2929,7,495,False
132,4,CAR_0800,CAR,480,standing,,,,26.2513,9,525,False
133,4,CAR_0715,CAR,435,standing,,,,33.421,1,450,False
134,4,CAR_0900,CAR,540,standing,,,,28.87,1,555,False
135,4,CAR_0745,CAR,465,rule,T3,"Chose to drive at 07:45 over drive at 08:00: lowest total cost (NZ$4.84 vs NZ$16.42), mainly arrival time.",arrival_time;travel_time,4.8395,1,495,False
136,4,CAR_0745,CAR,465,standing,,,,38.5133,2,540,False
137,4,CAR_0730,CAR,450,standing,,,,29.0924,1,465,False
138,4,CAR_0800,CAR,480,standing,,,,40.9268,8,510,False
139,4,CAR_0845,CAR,525,standing,,,,20.3599,3,540,False
140,4,CAR_0845,CAR,525,standing,,,,16.4231,2,540,False
141,4,CAR_0830,CAR,510,standing,,,,10.2513,1,525,False
142,4,CAR_0815,CAR,495,standing,,,,12.8766,1,510,False
143,4,CAR_0645,CAR,405,standing,,,,29.6521,1,420,True
144,4,CAR_0730,CAR,450,standing,,,,13.8591,1,510,False
145,4,CAR_0645,CAR,405,standing,,,,28.1933,1,420,False
146,4,CAR_0645,CAR,405,standing,,,,7.5011,1,420,False
147,4,CAR_0800,CAR,480,standing,,,,42.4398,10,525,False
148,4,CAR_0845,CAR,525,standing,,,,26.4005,1,555,False
149,4,PT,PT,,standing,,,,37.0227,1,525,False
150,4,CAR_0815,CAR,495,standing,,,,33.5857,3,510,False
151,4,CAR_0815,CAR,495,standing,,,,39.434,2,510,False
152,4,CAR_0715,CAR,435,standing,,,,24.4135,1,450,False
153,4,CAR_0715,CAR,435,standing,,,,16.7763,1,450,False
154,4,CAR_0815,CAR,495,standing,,,,31.2589,5,540,False
155,4,CAR_0830,CAR,510,standing,,,,21.2709,1,540,False
156,4,CAR_0815,CAR,495,standing,,,,8.8962,1,510,False
157,4,PT,PT,,standing,,,,31.2766,1,495,False
158,4,CAR_0730,CAR,450,standing,,,,1.4475,1,465,False
159,4,CAR_0645,CAR,405,standing,,,,11.0228,1,420,True
160,4,CAR_0715,CAR,435,standing,,,,15.0804,1,450,False
161,4,PT,PT,,standing,,,,31.7909,2,555,False
162,4,CAR_0745,CAR,465,standing,,,,15.5834,1,495,False
163,4,CAR_0745,CAR,465,standing,,,,30.361,8,480,False
164,4,CAR_0800,CAR,480,standing,,,,13.6481,1,495,False
165,4,CAR_0800,CAR,480,standing,,,,52.6728,10,510,False
166,4,CAR_0930,CAR,570,standing,,,,11.7798,1,585,False
167,4,CAR_0800,CAR,480,standing,,,,7.9312,1,510,False
168,4,CAR_0745,CAR,465,standing,,,,16.9892,2,480,False
169,4,CAR_0730,CAR,450,standing,,,,2.1666,1,465,False
170,4,CAR_0645,CAR,405,standing,,,,9.1228,1,420,True
171,4,CAR_0715,CAR,435,standing,,,,3.1068,1,465,False
172,4,CAR_0645,CAR,405,standing,,,,4.2082,1,420,False
173,4,CAR_0800,CAR,480,standing,,,,26.9479,1,495,False
174,4,CAR_0915,CAR,555,standing,,,,17.761,1,570,False
175,4,CAR_0900,CAR,540,standing,,,,26.1401,1,555,False
176,4,CAR_0915,CAR,555,standing,,,,25.749,1,585,False
177,4,PT,PT,,standing,,,,33.9097,1,495,False
178,4,CAR_0745,CAR,465,standing,,,,4.1884,1,480,False
179,4,CAR_0700,CAR,420,standing,,,,11.1468,1,435,False
180,4,CAR_0730,CAR,450,standing,,,,29.8452,1,480,False
181,4,PT,PT,,standing,,,,30.6124,1,450,False
182,4,CAR_0730,CAR,450,standing,,,,1.5886,1,465,False
183,4,CAR_0845,CAR,525,standing,,,,18.3744,2,555,False
184,4,CAR_0645,CAR,405,standing,,,,35.9519,5,420,True
185,4,CAR_0645,CAR,405,standing,,,,3.5986,1,420,False
186,4,CAR_0600,CAR,360,standing,,,,3.148,2,420,False
187,4,CAR_0845,CAR,525,standing,,,,10.9629,2,540,False
188,4,CAR_0745,CAR,465,standing,,,,38.8452,6,525,False
189,4,PT,PT,,standing,,,,34.6608,1,495,False
190,4,CAR_0815,CAR,495,standing,,,,17.8549,1,525,False
191,4,CAR_0745,CAR,465,rule,T3,"Chose to drive at 07:45 over drive at 08:15: lowest total cost (NZ$22.31 vs NZ$29.40), mainly travel time.",travel_time;arrival_time,22.3102,1,510,False
192,4,CAR_0745,CAR,465,standing,,,,22.3167,4,510,False
193,4,CAR_0945,CAR,585,standing,,,,25.19,1,600,False
194,4,CAR_0745,CAR,465,standing,,,,17.4432,5,495,False
195,4,CAR_0745,CAR,465,standing,,,,2.1222,1,465,False
196,4,CAR_0715,CAR,435,standing,,,,1.6426,1,435,False
197,4,CAR_0645,CAR,405,standing,,,,31.8176,8,555,False
198,4,CAR_0815,CAR,495,standing,,,,16.4111,6,525,False
199,4,CAR_0745,CAR,465,standing,,,,30.2342,1,480,False
200,4,CAR_0845,CAR,525,standing,,,,9.1101,1,540,False
201,4,PT,PT,,standing,,,,30.6199,1,555,False
202,4,CAR_0930,CAR,570,standing,,,,25.1092,1,585,False
203,4,CAR_0715,CAR,435,standing,,,,16.4158,1,450,False
204,4,CAR_0645,CAR,405,standing,,,,18.0831,1,420,True
205,4,CAR_0745,CAR,465,rule,T3,"Chose to drive at 07:45 over drive at 08:00: lowest total cost (NZ$8.64 vs NZ$21.20), mainly arrival time.",arrival_time;travel_time,8.6441,1,495,False
206,4,CAR_0730,CAR,450,standing,,,,25.0055,1,510,False
207,4,CAR_0715,CAR,435,standing,,,,0.3442,1,450,False
208,4,CAR_0645,CAR,405,standing,,,,17.5981,5,420,True
209,4,CAR_0715,CAR,435,standing,,,,1.649,1,450,False
210,4,CAR_0615,CAR,375,standing,,,,2.3875,2,435,False
211,4,CAR_0800,CAR,480,standing,,,,31.0373,2,495,False
212,4,CAR_0845,CAR,525,rule,T5,"Chose to drive at 08:45 over drive at 08:00: lowest total cost (NZ$21.37 vs NZ$23.43), mainly travel time.",travel_time;arrival_time,21.3727,1,525,False
213,4,CAR_0630,CAR,390,rule,T3,"Chose to drive at 06:30 for the early start over drive at 08:00: lowest total cost (NZ$34.71 vs NZ$157.71), mainly travel time.",travel_time;arrival_time,34.7121,1,420,True
214,4,CAR_0845,CAR,525,standing,,,,27.8129,1,555,False
215,4,CAR_0730,CAR,450,standing,,,,5.0016,1,465,False
216,4,CAR_0745,CAR,465,standing,,,,22.6713,1,495,False
217,4,PT,PT,,rule,T3,"Chose to take PT over drive at 08:00: lowest total cost (NZ$33.39 vs NZ$56.12), mainly parking.",other;arrival_time,33.3898,1,510,False
218,4,CAR_0800,CAR,480,standing,,,,45.5129,10,525,False
219,4,PT,PT,,standing,,,,30.3743,1,525,False
220,4,CAR_0815,CAR,495,standing,,,,29.0056,1,525,False
221,4,CAR_0745,CAR,465,standing,,,,21.8343,1,480,False
222,4,CAR_0745,CAR,465,standing,,,,18.5245,4,540,False
223,4,CAR_0915,CAR,555,standing,,,,30.3069,1,570,False
224,4,CAR_0730,CAR,450,standing,,,,19.9449,1,480,False
225,4,CAR_0845,CAR,525,standing,,,,21.0722,2,525,False
226,4,CAR_0745,CAR,465,standing,,,,13.5356,2,480,False
227,4,CAR_0845,CAR,525,standing,,,,8.7338,1,540,False
228,4,CAR_0700,CAR,420,standing,,,,2.1519,1,450,False
229,4,CAR_0645,CAR,405,standing,,,,12.1007,6,420,True
230,4,CAR_0745,CAR,465,standing,,,,29.2405,1,510,False
231,4,CAR_0830,CAR,510,standing,,,,10.2829,1,525,False
232,4,CAR_0830,CAR,510,standing,,,,14.0634,3,525,False
233,4,CAR_0715,CAR,435,standing,,,,6.9429,1,450,False
234,4,CAR_0930,CAR,570,standing,,,,23.2601,1,585,False
235,4,CAR_0915,CAR,555,standing,,,,28.7751,1,570,False
236,4,CAR_0745,CAR,465,rule,T3,"Chose to drive at 07:45 over drive at 08:00: lowest total cost (NZ$13.86 vs NZ$48.58), mainly arrival time.",arrival_time;travel_time,13.8634,1,495,False
237,4,CAR_0845,CAR,525,standing,,,,20.5791,1,555,False
238,4,CAR_0745,CAR,465,standing,,,,11.4603,2,555,False
239,4,CAR_0730,CAR,450,standing,,,,3.4276,1,465,False
240,4,CAR_0915,CAR,555,standing,,,,9.9528,1,570,False
241,4,CAR_0745,CAR,465,rule,T3,"Chose to drive at 07:45 over drive at 08:00: lowest total cost (NZ$15.56 vs NZ$57.68), mainly arrival time.",arrival_time;travel_time,15.5559,1,495,False
242,4,CAR_0745,CAR,465,standing,,,,5.9199,1,480,False
243,4,CAR_0830,CAR,510,standing,,,,29.4897,1,540,False
244,4,CAR_0715,CAR,435,standing,,,,18.4959,1,450,False
245,4,CAR_0915,CAR,555,standing,,,,15.7193,1,555,False
246,4,CAR_0700,CAR,420,standing,,,,16.9109,1,435,False
247,4,CAR_0845,CAR,525,standing,,,,30.5928,1,570,False
248,4,PT,PT,,standing,,,,31.6977,1,540,False
249,4,CAR_0815,CAR,495,standing,,,,23.4622,1,510,False
250,4,CAR_0830,CAR,510,standing,,,,19.6883,1,525,False
251,4,CAR_0715,CAR,435,standing,,,,15.9749,2,480,False
252,4,CAR_0815,CAR,495,standing,,,,35.531,6,525,False
253,4,CAR_0700,CAR,420,standing,,,,7.6283,3,435,False
254,4,CAR_0745,CAR,465,standing,,,,33.106,3,525,False
255,4,CAR_0800,CAR,480,standing,,,,21.1664,1,495,False
256,4,CAR_0630,CAR,390,standing,,,,28.4246,1,420,False
257,4,CAR_0715,CAR,435,standing,,,,31.1167,2,450,False
258,4,CAR_0815,CAR,495,standing,,,,26.5868,4,525,False
259,4,CAR_0845,CAR,525,standing,,,,18.3429,6,540,False
260,4,CAR_0800,CAR,480,standing,,,,14.9548,1,540,False
261,4,CAR_0745,CAR,465,standing,,,,18.3787,2,495,False
262,4,CAR_0900,CAR,540,standing,,,,25.6355,1,570,False
263,4,CAR_0645,CAR,405,standing,,,,7.6867,1,420,False
264,4,CAR_0715,CAR,435,standing,,,,2.3581,1,465,False
265,4,CAR_0645,CAR,405,standing,,,,30.9025,5,420,True
266,4,CAR_0815,CAR,495,standing,,,,14.8172,5,510,False
267,4,CAR_0900,CAR,540,standing,,,,27.3808,1,555,False
268,4,CAR_0745,CAR,465,standing,,,,29.9837,6,495,False
269,4,CAR_0700,CAR,420,standing,,,,3.9703,1,435,False
270,4,CAR_0730,CAR,450,standing,,,,24.5265,1,465,False
271,4,CAR_0900,CAR,540,standing,,,,31.2361,1,555,False
272,4,CAR_0915,CAR,555,standing,,,,26.1933,1,600,False
273,4,CAR_0845,CAR,525,standing,,,,33.0809,1,555,False
274,4,CAR_0700,CAR,420,standing,,,,8.5685,1,435,False
275,4,CAR_0800,CAR,480,standing,,,,27.2787,8,510,False
276,4,CAR_0745,CAR,465,standing,,,,38.1697,3,480,False
277,4,CAR_0815,CAR,495,standing,,,,14.5933,1,525,False
278,4,PT,PT,,standing,,,,32.5009,1,525,False
279,4,CAR_0700,CAR,420,standing,,,,16.0734,1,450,False
280,4,CAR_0700,CAR,420,standing,,,,3.8861,1,435,False
281,4,CAR_0645,CAR,405,standing,,,,26.2053,1,420,True
282,4,CAR_0730,CAR,450,standing,,,,2.9836,1,465,False
283,4,CAR_0800,CAR,480,standing,,,,2.9799,1,495,False
284,4,PT,PT,,standing,,,,34.3552,1,525,False
285,4,CAR_0645,CAR,405,standing,,,,31.6631,1,420,True
286,4,CAR_0745,CAR,465,standing,,,,6.0738,1,480,False
287,4,CAR_0645,CAR,405,standing,,,,21.5094,4,420,False
288,4,CAR_0900,CAR,540,standing,,,,26.301,1,555,False
289,4,CAR_0745,CAR,465,standing,,,,13.279,2,510,False
290,4,CAR_0830,CAR,510,standing,,,,35.1972,2,525,False
291,4,CAR_0745,CAR,465,standing,,,,19.785,5,525,False
292,4,CAR_0745,CAR,465,standing,,,,42.2884,2,510,False
293,4,CAR_0815,CAR,495,standing,,,,29.4204,1,510,False
294,4,CAR_0815,CAR,495,standing,,,,34.6727,1,525,False
295,4,CAR_0715,CAR,435,standing,,,,11.6994,1,450,False
296,4,CAR_0745,CAR,465,standing,,,,65.4897,9,495,False
297,4,PT,PT,,standing,,,,37.0599,1,465,False
298,4,CAR_0715,CAR,435,standing,,,,8.2128,1,465,False
299,4,CAR_0800,CAR,480,standing,,,,22.0361,7,510,False
0,5,CAR_0730,CAR,450,standing,,,,24.5299,1,465,False
1,5,CAR_0900,CAR,540,standing,,,,30.433,1,555,False
2,5,CAR_0915,CAR,555,standing,,,,26.196,1,600,False
3,5,CAR_0845,CAR,525,standing,,,,32.7016,1,555,False
4,5,CAR_0700,CAR,420,standing,,,,8.6656,1,435,False
5,5,CAR_0745,CAR,465,rule,T5,"Chose to drive at 07:45 over drive at 08:00: lowest total cost (NZ$12.41 vs NZ$21.18), mainly arrival time.",arrival_time;travel_time,12.405,1,510,False
6,5,CAR_0745,CAR,465,standing,,,,35.5843,2,480,False
7,5,CAR_0815,CAR,495,standing,,,,13.9626,1,525,False
8,5,PT,PT,,standing,,,,32.5009,1,525,False
9,5,CAR_0700,CAR,420,standing,,,,16.0387,1,450,False
10,5,CAR_0700,CAR,420,standing,,,,3.3277,1,435,False
11,5,CAR_0645,CAR,405,standing,,,,25.4998,1,420,True
12,5,CAR_0730,CAR,450,standing,,,,2.8789,1,465,False
13,5,CAR_0800,CAR,480,standing,,,,2.9828,1,495,False
14,5,PT,PT,,standing,,,,34.3552,1,525,False
15,5,CAR_0845,CAR,525,rule,T5,"Chose to drive at 08:45 over drive at 06:45 for the early start: lowest total cost (NZ$29.88 vs NZ$30.32), mainly arrival time.",arrival_time,29.8781,1,540,False
16,5,CAR_0745,CAR,465,standing,,,,9.0595,3,480,False
17,5,CAR_0645,CAR,405,standing,,,,16.9527,4,420,False
18,5,CAR_0900,CAR,540,standing,,,,26.1946,1,555,False
19,5,CAR_0745,CAR,465,standing,,,,13.183,3,510,False
20,5,CAR_0830,CAR,510,standing,,,,33.3732,1,525,False
21,5,CAR_0745,CAR,465,standing,,,,20.7415,8,525,False
22,5,CAR_0745,CAR,465,standing,,,,46.9411,4,510,False
23,5,CAR_0815,CAR,495,standing,,,,29.4331,1,510,False
24,5,CAR_0815,CAR,495,standing,,,,34.6132,1,525,False
25,5,CAR_0715,CAR,435,standing,,,,10.7986,1,450,False
26,5,CAR_0630,CAR,390,rule,T3,"Chose to drive at 06:30 for the early start over drive at 07:45: lowest total cost (NZ$43.08 vs NZ$67.79), mainly arrival time.",arrival_time;travel_time,43.0761,1,420,True
27,5,PT,PT,,standing,,,,37.0599,1,465,False
28,5,CAR_0715,CAR,435,standing,,,,7.9981,1,465,False
29,5,CAR_0800,CAR,480,standing,,,,20.7366,8,510,False
30,5,CAR_0800,CAR,480,standing,,,,33.0789,10,540,False
31,5,CAR_0715,CAR,435,standing,,,,37.625,1,450,False
32,5,CAR_0845,CAR,525,standing,,,,11.7451,1,555,False
33,5,CAR_0745,CAR,465,standing,,,,26.072,1,480,False
34,5,CAR_0645,CAR,405,standing,,,,11.1111,2,435,False
35,5,CAR_0800,CAR,480,standing,,,,28.5223,1,495,False
36,5,CAR_0730,CAR,450,standing,,,,4.8796,1,480,False
37,5,CAR_0845,CAR,525,standing,,,,4.0935,1,555,False
38,5,CAR_0700,CAR,420,standing,,,,18.1566,1,435,False
39,5,CAR_0730,CAR,450,standing,,,,16.6357,1,465,False
40,5,CAR_0730,CAR,450,standing,,,,17.3247,1,480,False
41,5,CAR_0730,CAR,450,rule,T3,"Chose to drive at 07:30 over drive at 07:45: lowest total cost (NZ$4.42 vs NZ$13.49), mainly arrival time.",arrival_time;travel_time,4.4172,1,480,False
42,5,CAR_0645,CAR,405,standing,,,,10.6847,1,420,True
43,5,CAR_0815,CAR,495,standing,,,,9.3905,1,510,False
44,5,CAR_0730,CAR,450,rule,T5,"Chose to drive at 07:30 over drive at 07:45: lowest total cost (NZ$31.37 vs NZ$33.59), mainly travel time.",travel_time,31.3677,1,495,False
45,5,CAR_0700,CAR,420,standing,,,,1.3668,1,435,False
46,5,CAR_0800,CAR,480,standing,,,,10.1299,1,495,False
47,5,CAR_0745,CAR,465,standing,,,,30.3965,1,480,False
48,5,CAR_0700,CAR,420,standing,,,,19.6828,1,450,False
49,5,CAR_0730,CAR,450,standing,,,,10.1194,1,525,False
50,5,CAR_0745,CAR,465,standing,,,,10.6873,1,480,False
51,5,CAR_0815,CAR,495,standing,,,,8.7289,4,540,False
52,5,CAR_0745,CAR,465,standing,,,,4.0885,1,495,False
53,5,CAR_0715,CAR,435,rule,T5,"Chose to drive at 07:15 over drive at 08:00: lowest total cost (NZ$22.79 vs NZ$37.69), mainly travel time.",travel_time;arrival_time,22.7873,3,525,False
54,5,CAR_0745,CAR,465,standing,,,,4.6076,1,480,False
55,5,CAR_0700,CAR,420,standing,,,,13.6893,1,435,False
56,5,CAR_0745,CAR,465,standing,,,,10.5231,2,510,False
57,5,CAR_0645,CAR,405,standing,,,,14.0187,3,420,True
58,5,CAR_0745,CAR,465,standing,,,,26.0892,7,480,False
59,5,CAR_0745,CAR,465,standing,,,,9.9009,2,525,False
60,5,CAR_0730,CAR,450,rule,T5,"Chose to drive at 07:30 over drive at 07:45: lowest total cost (NZ$6.15 vs NZ$16.45), mainly travel time.",travel_time;arrival_time,6.1453,1,495,False
61,5,CAR_0830,CAR,510,rule,T5,"Chose to drive at 08:30 over drive at 08:45: lowest total cost (NZ$20.55 vs NZ$20.77), mainly arrival time.",arrival_time;habit,20.5475,1,525,False
62,5,CAR_0745,CAR,465,standing,,,,29.0809,8,525,False
63,5,CAR_0830,CAR,510,rule,T5,"Chose to drive at 08:30 over drive at 08:45: lowest total cost (NZ$29.18 vs NZ$29.12), mainly arrival time.",arrival_time;habit,29.1752,2,525,False
64,5,CAR_0745,CAR,465,standing,,,,22.5922,1,510,False
65,5,CAR_0630,CAR,390,standing,,,,23.9419,1,420,True
66,5,CAR_0745,CAR,465,standing,,,,4.0564,1,465,False
67,5,CAR_0645,CAR,405,standing,,,,12.6573,6,420,True
68,5,CAR_0800,CAR,480,standing,,,,17.3558,8,510,False
69,5,CAR_0900,CAR,540,standing,,,,33.4258,1,555,False
70,5,CAR_0730,CAR,450,standing,,,,31.6055,1,480,False
71,5,CAR_0815,CAR,495,standing,,,,52.4386,7,525,False
72,5,CAR_0715,CAR,435,standing,,,,25.216,1,510,False
73,5,CAR_0645,CAR,405,standing,,,,12.7623,1,420,True
74,5,CAR_0645,CAR,405,standing,,,,18.0587,3,420,True
75,5,CAR_0745,CAR,465,rule,T5,"Chose to drive at 07:45 over drive at 06:45 for the early start: lowest total cost (NZ$5.90 vs NZ$7.85), mainly arrival time.",arrival_time;habit,5.8997,1,495,False
76,5,CAR_0800,CAR,480,standing,,,,26.0309,1,495,False
77,5,CAR_0730,CAR,450,standing,,,,27.2605,1,465,False
78,5,CAR_0745,CAR,465,standing,,,,1.9356,1,510,False
79,5,CAR_0630,CAR,390,standing,,,,19.9205,4,420,True
80,5,CAR_0730,CAR,450,standing,,,,26.5567,1,465,False
81,5,CAR_0715,CAR,435,standing,,,,34.2951,1,450,False
82,5,CAR_0830,CAR,510,standing,,,,19.9036,1,555,False
83,5,PT,PT,,standing,,,,35.1332,1,510,False
84,5,CAR_0930,CAR,570,standing,,,,18.5364,1,585,False
85,5,CAR_0845,CAR,525,rule,T5,"Chose to drive at 08:45 over drive at 09:00: lowest total cost (NZ$6.74 vs NZ$8.46), mainly arrival time.",arrival_time;habit,6.7386,1,540,False
86,5,CAR_0800,CAR,480,standing,,,,3.1837,1,525,False
87,5,CAR_0815,CAR,495,standing,,,,20.7899,7,525,False
88,5,CAR_0645,CAR,405,standing,,,,16.3956,4,420,True
89,5,CAR_0715,CAR,435,standing,,,,13.6328,1,450,False
90,5,CAR_0815,CAR,495,standing,,,,27.1639,1,510,False
91,5,CAR_0715,CAR,435,standing,,,,6.3481,1,450,False
92,5,CAR_0745,CAR,465,standing,,,,2.6376,1,480,False
93,5,CAR_0815,CAR,495,standing,,,,40.489,6,540,False
94,5,CAR_0800,CAR,480,standing,,,,28.2043,1,510,False
95,5,CAR_0630,CAR,390,standing,,,,2.9909,1,420,False
96,5,CAR_0915,CAR,555,standing,,,,10.2115,1,570,False
97,5,CAR_0845,CAR,525,standing,,,,37.3117,3,555,False
98,5,CAR_0745,CAR,465,standing,,,,12.0919,5,480,False
99,5,CAR_0830,CAR,510,standing,,,,22.0456,4,555,False
100,5,CAR_0645,CAR,405,standing,,,,10.3006,1,420,False
101,5,CAR_0745,CAR,465,standing,,,,20.4638,8,525,False
102,5,CAR_0700,CAR,420,standing,,,,14.4347,1,435,False
103,5,CAR_0915,CAR,555,standing,,,,6.268,1,570,False
104,5,CAR_0645,CAR,405,rule,T5,"Chose to drive at 06:45 for the early start over drive at 06:30 for the early start: lowest total cost (NZ$16.29 vs NZ$15.84), mainly changing routine.",habit;arrival_time,16.2912,2,420,True
105,5,CAR_0815,CAR,495,rule,T5,"Chose to drive at 08:15 over drive at 08:45: lowest total cost (NZ$27.45 vs NZ$26.96), mainly changing routine.",habit,27.4546,2,540,False
106,5,CAR_0745,CAR,465,rule,T5,"Chose to drive at 07:45 over drive at 08:00: lowest total cost (NZ$34.07 vs NZ$61.52), mainly travel time.",travel_time;arrival_time,34.0728,2,525,False
107,5,CAR_0700,CAR,420,standing,,,,33.199,2,435,False
108,5,CAR_0645,CAR,405,standing,,,,35.1877,2,420,True
109,5,CAR_0745,CAR,465,standing,,,,20.0777,7,495,False
110,5,PT,PT,,standing,,,,32.515,1,555,False
111,5,CAR_0815,CAR,495,standing,,,,9.8261,1,510,False
112,5,CAR_0600,CAR,360,standing,,,,4.1264,2,420,False
113,5,CAR_0745,CAR,465,standing,,,,8.427,1,480,False
114,5,CAR_0845,CAR,525,standing,,,,17.5704,2,540,False
115,5,CAR_0845,CAR,525,rule,T5,"Chose to drive at 08:45 over drive at 08:30: lowest total cost (NZ$9.90 vs NZ$11.58), mainly travel time.",travel_time;habit,9.9011,1,540,False
116,5,CAR_0815,CAR,495,standing,,,,14.4656,3,510,False
117,5,CAR_0800,CAR,480,standing,,,,9.8774,1,495,False
118,5,CAR_0900,CAR,540,standing,,,,11.6379,1,555,False
119,5,CAR_0830,CAR,510,standing,,,,8.0053,1,525,False
120,5,CAR_0845,CAR,525,standing,,,,27.3799,1,555,False
121,5,CAR_0730,CAR,450,standing,,,,29.9039,1,465,False
122,5,CAR_0900,CAR,540,standing,,,,6.5513,1,555,False
123,5,PT,PT,,standing,,,,33.4356,1,435,False
124,5,CAR_0730,CAR,450,standing,,,,9.482,1,465,False
125,5,CAR_0800,CAR,480,standing,,,,46.1413,10,510,False
126,5,CAR_0845,CAR,525,standing,,,,8.2466,1,540,False
127,5,CAR_0900,CAR,540,standing,,,,36.7692,1,555,False
128,5,CAR_0745,CAR,465,rule,T3;T5,"Chose to drive at 07:45 over drive at 08:00: lowest total cost (NZ$4.49 vs NZ$12.56), mainly arrival time.",arrival_time;travel_time,4.4875,1,495,False
129,5,CAR_0815,CAR,495,standing,,,,26.4297,1,525,False
130,5,CAR_0800,CAR,480,standing,,,,16.0925,1,495,False
131,5,CAR_0730,CAR,450,rule,T5,"Chose to drive at 07:30 over drive at 07:45: lowest total cost (NZ$13.75 vs NZ$42.94), mainly arrival time.",arrival_time;travel_time,13.7535,2,495,False
132,5,CAR_0730,CAR,450,rule,T5,"Chose to drive at 07:30 over drive at 08:00: lowest total cost (NZ$12.74 vs NZ$22.20), mainly travel time.",travel_time;arrival_time,12.745,1,525,False
133,5,CAR_0715,CAR,435,standing,,,,33.3494,1,450,False
134,5,CAR_0900,CAR,540,standing,,,,28.7948,1,555,False
135,5,CAR_0745,CAR,465,standing,,,,4.1112,1,495,False
136,5,CAR_0745,CAR,465,standing,,,,39.5343,4,540,False
137,5,CAR_0730,CAR,450,standing,,,,29.0924,1,465,False
138,5,CAR_0730,CAR,450,rule,T5,"Chose to drive at 07:30 over drive at 08:00: lowest total cost (NZ$26.40 vs NZ$39.39), mainly travel time.",travel_time;arrival_time,26.3975,1,510,False
139,5,CAR_0845,CAR,525,standing,,,,20.2573,3,540,False
140,5,CAR_0845,CAR,525,standing,,,,16.2785,2,540,False
141,5,CAR_0830,CAR,510,standing,,,,10.2368,1,525,False
142,5,CAR_0815,CAR,495,standing,,,,12.881,1,510,False
143,5,CAR_0645,CAR,405,standing,,,,28.9378,1,420,True
144,5,CAR_0730,CAR,450,standing,,,,13.8659,1,510,False
145,5,CAR_0645,CAR,405,standing,,,,28.1801,1,420,False
146,5,CAR_0645,CAR,405,standing,,,,7.3036,1,420,False
147,5,CAR_0800,CAR,480,standing,,,,37.5629,9,525,False
148,5,CAR_0845,CAR,525,standing,,,,26.4005,1,555,False
149,5,PT,PT,,standing,,,,37.0227,1,525,False
150,5,CAR_0815,CAR,495,standing,,,,36.8458,5,510,False
151,5,CAR_0815,CAR,495,standing,,,,39.3061,2,510,False
152,5,CAR_0715,CAR,435,standing,,,,24.4135,1,450,False
153,5,CAR_0715,CAR,435,standing,,,,16.7273,1,450,False
154,5,CAR_0815,CAR,495,standing,,,,27.8673,3,540,False
155,5,CAR_0830,CAR,510,standing,,,,21.2984,1,540,False
156,5,CAR_0815,CAR,495,standing,,,,8.1717,1,510,False
157,5,PT,PT,,standing,,,,31.2766,1,495,False
158,5,CAR_0730,CAR,450,standing,,,,1.3995,1,465,False
159,5,CAR_0645,CAR,405,standing,,,,11.1932,1,420,True
160,5,CAR_0715,CAR,435,standing,,,,15.0648,1,450,False
161,5,PT,PT,,standing,,,,31.7909,3,555,False
162,5,CAR_0745,CAR,465,standing,,,,19.254,4,495,False
163,5,CAR_0745,CAR,465,standing,,,,29.9208,8,480,False
164,5,CAR_0800,CAR,480,standing,,,,13.6549,1,495,False
165,5,CAR_0745,CAR,465,rule,T5,"Chose to drive at 07:45 over drive at 08:00: lowest total cost (NZ$32.55 vs NZ$47.41), mainly arrival time.",arrival_time;travel_time,32.5514,1,510,False
166,5,CAR_0930,CAR,570,standing,,,,11.7795,1,585,False
167,5,CAR_0800,CAR,480,standing,,,,8.5203,1,510,False
168,5,CAR_0745,CAR,465,standing,,,,16.6975,2,480,False
169,5,CAR_0730,CAR,450,standing,,,,2.119,1,465,False
170,5,CAR_0645,CAR,405,standing,,,,9.2051,2,420,True
171,5,CAR_0715,CAR,435,standing,,,,3.0728,1,465,False
172,5,CAR_0645,CAR,405,standing,,,,4.3562,1,420,False
173,5,CAR_0800,CAR,480,standing,,,,26.9408,1,495,False
174,5,CAR_0915,CAR,555,standing,,,,17.7121,1,570,False
175,5,CAR_0900,CAR,540,standing,,,,26.1052,1,555,False
176,5,CAR_0915,CAR,555,standing,,,,25.7484,1,585,False
177,5,PT,PT,,standing,,,,33.9097,1,495,False
178,5,CAR_0745,CAR,465,standing,,,,4.0971,1,480,False
179,5,CAR_0700,CAR,420,standing,,,,11.1447,1,435,False
180,5,CAR_0730,CAR,450,standing,,,,29.8277,1,480,False
181,5,PT,PT,,standing,,,,30.6124,1,450,False
182,5,CAR_0730,CAR,450,standing,,,,1.4143,1,465,False
183,5,CAR_0845,CAR,525,standing,,,,17.8169,1,555,False
184,5,CAR_0645,CAR,405,standing,,,,35.4391,3,420,True
185,5,CAR_0645,CAR,405,standing,,,,3.5986,1,420,False
186,5,CAR_0600,CAR,360,standing,,,,3.1476,2,420,False
187,5,CAR_0845,CAR,525,rule,T5,"Chose to drive at 08:45 over drive at 08:30: lowest total cost (NZ$8.24 vs NZ$10.06), mainly travel time.",travel_time;habit,8.2424,1,540,False
188,5,CAR_0745,CAR,465,standing,,,,40.3857,8,525,False
189,5,PT,PT,,standing,,,,34.6608,1,495,False
190,5,CAR_0815,CAR,495,standing,,,,17.775,1,525,False
191,5,CAR_0745,CAR,465,standing,,,,21.9156,1,510,False
192,5,CAR_0745,CAR,465,standing,,,,31.1035,7,510,False
193,5,CAR_0945,CAR,585,standing,,,,25.19,1,600,False
194,5,CAR_0745,CAR,465,standing,,,,29.4135,7,495,False
195,5,CAR_0745,CAR,465,standing,,,,3.1621,1,465,False
196,5,CAR_0715,CAR,435,standing,,,,1.6426,1,435,False
197,5,CAR_0645,CAR,405,standing,,,,31.8102,7,555,False
198,5,CAR_0815,CAR,495,standing,,,,17.5154,6,525,False
199,5,CAR_0745,CAR,465,standing,,,,30.2338,1,480,False
200,5,CAR_0845,CAR,525,standing,,,,9.1101,1,540,False
201,5,PT,PT,,standing,,,,30.6199,1,555,False
202,5,CAR_0930,CAR,570,standing,,,,25.1092,1,585,False
203,5,CAR_0715,CAR,435,standing,,,,16.3837,1,450,False
204,5,CAR_0645,CAR,405,standing,,,,18.4185,2,420,True
205,5,CAR_0745,CAR,465,rule,T5,"Chose to drive at 07:45 over drive at 07:30: lowest total cost (NZ$7.82 vs NZ$9.59), mainly arrival time.",arrival_time;habit,7.8163,1,495,False
206,5,CAR_0730,CAR,450,standing,,,,25.0048,1,510,False
207,5,CAR_0715,CAR,435,standing,,,,0.3441,1,450,False
208,5,CAR_0645,CAR,405,standing,,,,17.4576,6,420,True
209,5,CAR_0715,CAR,435,standing,,,,1.5375,1,450,False
210,5,CAR_0615,CAR,375,standing,,,,2.3875,2,435,False
211,5,CAR_0800,CAR,480,standing,,,,33.358,3,495,False
212,5,CAR_0845,CAR,525,rule,T3,"Chose to drive at 08:45 over drive at 08:30: lowest total cost (NZ$19.95 vs NZ$21.43), mainly changing routine.",habit;travel_time,19.9532,1,525,False
213,5,CAR_0630,CAR,390,standing,,,,34.7967,1,420,True
214,5,CAR_0845,CAR,525,standing,,,,27.8129,1,555,False
215,5,CAR_0730,CAR,450,standing,,,,5.0561,1,465,False
216,5,CAR_0745,CAR,465,standing,,,,24.1041,1,495,False
217,5,PT,PT,,standing,,,,32.3898,1,510,False
218,5,CAR_0800,CAR,480,standing,,,,34.3762,8,525,False
219,5,PT,PT,,standing,,,,30.3743,1,525,False
220,5,CAR_0815,CAR,495,standing,,,,29.1692,1,525,False
221,5,CAR_0745,CAR,465,standing,,,,22.0203,1,480,False
222,5,CAR_0745,CAR,465,standing,,,,18.5098,4,540,False
223,5,CAR_0915,CAR,555,standing,,,,30.3069,1,570,False
224,5,CAR_0730,CAR,450,standing,,,,19.9209,1,480,False
225,5,CAR_0845,CAR,525,standing,,,,20.9419,2,525,False
226,5,CAR_0745,CAR,465,standing,,,,20.5071,5,480,False
227,5,CAR_0845,CAR,525,standing,,,,8.72,1,540,False
228,5,CAR_0700,CAR,420,rule,T5,"Chose to drive at 07:00 over drive at 07:15: lowest total cost (NZ$2.16 vs NZ$2.73), mainly changing routine.",habit,2.1649,1,450,False
229,5,CAR_0645,CAR,405,standing,,,,11.575,5,420,True
230,5,CAR_0745,CAR,465,standing,,,,29.6743,1,510,False
231,5,CAR_0830,CAR,510,standing,,,,10.2697,1,525,False
232,5,CAR_0830,CAR,510,standing,,,,13.8748,3,525,False
233,5,CAR_0715,CAR,435,standing,,,,6.9429,1,450,False
234,5,CAR_0930,CAR,570,standing,,,,23.2601,1,585,False
235,5,CAR_0915,CAR,555,standing,,,,28.7751,1,570,False
236,5,CAR_0745,CAR,465,standing,,,,15.6326,1,495,False
237,5,CAR_0845,CAR,525,rule,T5,"Chose to drive at 08:45 over drive at 09:00: lowest total cost (NZ$20.36 vs NZ$20.99), mainly changing routine.",habit,20.3632,1,555,False
238,5,CAR_0745,CAR,465,standing,,,,11.4506,3,555,False
239,5,CAR_0730,CAR,450,standing,,,,3.3925,1,465,False
240,5,CAR_0915,CAR,555,standing,,,,9.9528,1,570,False
241,5,CAR_0745,CAR,465,standing,,,,15.6711,1,495,False
242,5,CAR_0745,CAR,465,standing,,,,5.9107,1,480,False
243,5,CAR_0830,CAR,510,standing,,,,29.4631,1,540,False
244,5,CAR_0715,CAR,435,standing,,,,18.4599,1,450,False
245,5,CAR_0915,CAR,555,standing,,,,15.7186,1,555,False
246,5,CAR_0700,CAR,420,standing,,,,16.8999,1,435,False
247,5,CAR_0845,CAR,525,standing,,,,30.5267,1,570,False
248,5,PT,PT,,standing,,,,31.6977,1,540,False
249,5,CAR_0815,CAR,495,standing,,,,23.4619,1,510,False
250,5,CAR_0830,CAR,510,standing,,,,19.6406,1,525,False
251,5,CAR_0715,CAR,435,standing,,,,15.9841,1,480,False
252,5,CAR_0815,CAR,495,standing,,,,35.1213,6,525,False
253,5,CAR_0715,CAR,435,rule,T5,"Chose to drive at 07:15 over drive at 07:00: lowest total cost (NZ$5.71 vs NZ$7.59), mainly travel time.",travel_time;arrival_time,5.7058,1,435,False
254,5,CAR_0745,CAR,465,standing,,,,35.4365,6,525,False
255,5,CAR_0800,CAR,480,standing,,,,21.1664,1,495,False
256,5,CAR_0630,CAR,390,standing,,,,28.4246,1,420,False
257,5,CAR_0715,CAR,435,standing,,,,31.1209,2,450,False
258,5,CAR_0815,CAR,495,standing,,,,26.9198,4,525,False
259,5,CAR_0845,CAR,525,standing,,,,18.2768,5,540,False
260,5,CAR_0800,CAR,480,standing,,,,15.0774,1,540,False
261,5,CAR_0745,CAR,465,standing,,,,24.6284,8,495,False
262,5,CAR_0900,CAR,540,standing,,,,25.6355,1,570,False
263,5,CAR_0645,CAR,405,standing,,,,7.3986,1,420,False
264,5,CAR_0715,CAR,435,standing,,,,2.356,1,465,False
265,5,CAR_0645,CAR,405,standing,,,,30.3791,3,420,True
266,5,CAR_0815,CAR,495,standing,,,,15.3966,6,510,False
267,5,CAR_0900,CAR,540,standing,,,,27.3645,1,555,False
268,5,CAR_0645,CAR,405,rule,T3,"Chose to drive at 06:45 over drive at 07:45: lowest total cost (NZ$29.28 vs NZ$30.47), mainly travel time.",travel_time;arrival_time,29.2802,4,495,False
269,5,CAR_0700,CAR,420,standing,,,,3.8974,1,435,False
270,5,CAR_0730,CAR,450,standing,,,,24.5276,1,465,False
271,5,CAR_0900,CAR,540,standing,,,,31.2361,1,555,False
272,5,CAR_0915,CAR,555,standing,,,,26.1934,1,600,False
273,5,CAR_0845,CAR,525,standing,,,,33.0452,1,555,False
274,5,CAR_0700,CAR,420,standing,,,,8.5587,1,435,False
275,5,CAR_0745,CAR,465,rule,T5,"Chose to drive at 07:45 over drive at 08:00: lowest total cost (NZ$12.56 vs NZ$23.32), mainly arrival time.",arrival_time;travel_time,12.5609,1,510,False
276,5,CAR_0745,CAR,465,standing,,,,36.9254,3,480,False
277,5,CAR_0815,CAR,495,standing,,,,15.4487,1,525,False
278,5,PT,PT,,standing,,,,32.5009,1,525,False
279,5,CAR_0700,CAR,420,standing,,,,16.0804,1,450,False
280,5,CAR_0700,CAR,420,standing,,,,3.8712,1,435,False
281,5,CAR_0645,CAR,405,standing,,,,25.8941,1,420,True
282,5,CAR_0730,CAR,450,standing,,,,3.028,1,465,False
283,5,CAR_0800,CAR,480,standing,,,,4.2562,1,495,False
284,5,PT,PT,,standing,,,,34.3552,1,525,False
285,5,CAR_0645,CAR,405,standing,,,,30.7763,1,420,True
286,5,CAR_0745,CAR,465,standing,,,,10.5274,5,480,False
287,5,CAR_0630,CAR,390,rule,T3,"Chose to drive at 06:30 over drive at 06:45: lowest total cost (NZ$9.27 vs NZ$20.74), mainly arrival time.",arrival_time;travel_time,9.2742,1,420,False
288,5,CAR_0900,CAR,540,standing,,,,26.3245,1,555,False
289,5,CAR_0745,CAR,465,standing,,,,13.3114,2,510,False
290,5,CAR_0830,CAR,510,standing,,,,35.2038,2,525,False
291,5,CAR_0745,CAR,465,standing,,,,22.1809,9,525,False
292,5,CAR_0745,CAR,465,standing,,,,51.9647,5,510,False
293,5,CAR_0815,CAR,495,standing,,,,29.5267,1,510,False
294,5,CAR_0815,CAR,495,standing,,,,34.7105,1,525,False
295,5,CAR_0715,CAR,435,standing,,,,11.7013,1,450,False
296,5,CAR_0630,CAR,390,rule,T3,"Chose to drive at 06:30 for the early start over drive at 07:45: lowest total cost (NZ$42.99 vs NZ$78.10), mainly arrival time.",arrival_time;travel_time,42.9942,1,420,True
297,5,PT,PT,,standing,,,,37.0599,1,465,False
298,5,CAR_0715,CAR,435,standing,,,,8.1584,1,465,False
299,5,CAR_0800,CAR,480,standing,,,,22.3872,8,510,False
0,6,CAR_0730,CAR,450,standing,,,,24.5284,1,465,False
1,6,CAR_0900,CAR,540,standing,,,,30.2049,1,555,False
2,6,CAR_0915,CAR,555,standing,,,,26.1947,1,600,False
3,6,CAR_0845,CAR,525,standing,,,,32.6592,1,555,False
4,6,CAR_0700,CAR,420,standing,,,,8.6379,1,435,False
5,6,CAR_0745,CAR,465,standing,,,,12.1206,1,510,False
6,6,CAR_0745,CAR,465,standing,,,,35.4059,2,480,False
7,6,CAR_0815,CAR,495,rule,T5,"Chose to drive at 08:15 over drive at 08:00: lowest total cost (NZ$13.56 vs NZ$14.81), mainly arrival time.",arrival_time;habit,13.5585,1,525,False
8,6,PT,PT,,standing,,,,32.5009,1,525,False
9,6,CAR_0700,CAR,420,standing,,,,16.0313,1,450,False
10,6,CAR_0700,CAR,420,standing,,,,3.303,1,435,False
11,6,CAR_0645,CAR,405,rule,T5,"Chose to drive at 06:45 for the early start over drive at 08:45: lowest total cost (NZ$25.19 vs NZ$25.75), mainly changing routine.",habit;travel_time,25.1892,1,420,True
12,6,CAR_0730,CAR,450,standing,,,,2.7967,1,465,False
13,6,CAR_0800,CAR,480,standing,,,,3.0331,1,495,False
14,6,PT,PT,,standing,,,,34.3552,1,525,False
15,6,CAR_0845,CAR,525,standing,,,,28.9265,1,540,False
16,6,CAR_0745,CAR,465,standing,,,,15.8749,8,480,False
17,6,CAR_0630,CAR,390,rule,T3,"Chose to drive at 06:30 over drive at 06:45: lowest total cost (NZ$9.64 vs NZ$24.52), mainly arrival time.",arrival_time;travel_time,9.6401,1,420,False
18,6,CAR_0900,CAR,540,standing,,,,26.1704,1,555,False
19,6,CAR_0745,CAR,465,standing,,,,13.1099,3,510,False
20,6,CAR_0830,CAR,510,standing,,,,33.3276,1,525,False
21,6,CAR_0745,CAR,465,standing,,,,23.669,11,525,False
22,6,CAR_0745,CAR,465,standing,,,,62.9487,9,510,False
23,6,CAR_0815,CAR,495,standing,,,,29.4179,1,510,False
24,6,CAR_0815,CAR,495,standing,,,,34.597,1,525,False
25,6,CAR_0715,CAR,435,standing,,,,10.7884,1,450,False
26,6,CAR_0630,CAR,390,standing,,,,43.1019,1,420,True
27,6,PT,PT,,standing,,,,37.0599,1,465,False
28,6,CAR_0715,CAR,435,standing,,,,8.0766,1,465,False
29,6,CAR_0800,CAR,480,standing,,,,21.3117,9,510,False
30,6,CAR_0800,CAR,480,standing,,,,29.3422,7,540,False
31,6,CAR_0715,CAR,435,standing,,,,36.6971,1,450,False
32,6,CAR_0845,CAR,525,standing,,,,11.6694,1,555,False
33,6,CAR_0745,CAR,465,standing,,,,26.072,1,480,False
34,6,CAR_0645,CAR,405,standing,,,,11.1111,2,435,False
35,6,CAR_0800,CAR,480,standing,,,,28.4863,1,495,False
36,6,CAR_0730,CAR,450,standing,,,,5.4043,1,480,False
37,6,CAR_0845,CAR,525,standing,,,,3.9122,1,555,False
38,6,CAR_0700,CAR,420,standing,,,,18.1466,1,435,False
39,6,CAR_0730,CAR,450,standing,,,,26.0433,5,465,False
40,6,CAR_0730,CAR,450,standing,,,,17.3237,1,480,False
41,6,CAR_0730,CAR,450,standing,,,,4.424,1,480,False
42,6,CAR_0645,CAR,405,standing,,,,10.6208,1,420,True
43,6,CAR_0815,CAR,495,standing,,,,9.2094,1,510,False
44,6,CAR_0730,CAR,450,standing,,,,30.4981,1,495,False
45,6,CAR_0700,CAR,420,standing,,,,1.3648,1,435,False
46,6,CAR_0800,CAR,480,standing,,,,10.1252,1,495,False
47,6,CAR_0745,CAR,465,standing,,,,30.3964,1,480,False
48,6,CAR_0700,CAR,420,standing,,,,19.6828,1,450,False
49,6,CAR_0730,CAR,450,standing,,,,10.0714,2,525,False
50,6,CAR_0745,CAR,465,standing,,,,10.6718,1,480,False
51,6,CAR_0815,CAR,495,standing,,,,8.1916,4,540,False
52,6,CAR_0745,CAR,465,standing,,,,4.5515,1,495,False
53,6,CAR_0715,CAR,435,standing,,,,22.2216,1,525,False
54,6,CAR_0645,CAR,405,rule,T5,"Chose to drive at 06:45 for the early start over drive at 07:45: lowest total cost (NZ$7.13 vs NZ$13.91), mainly travel time.",travel_time;arrival_time,7.1345,2,420,True
55,6,CAR_0700,CAR,420,standing,,,,13.689,1,435,False
56,6,CAR_0745,CAR,465,standing,,,,18.8138,7,510,False
57,6,CAR_0645,CAR,405,standing,,,,13.5989,3,420,True
58,6,CAR_0745,CAR,465,standing,,,,26.0222,7,480,False
59,6,CAR_0745,CAR,465,standing,,,,12.3234,4,525,False
60,6,CAR_0730,CAR,450,standing,,,,5.7446,1,495,False
61,6,CAR_0830,CAR,510,standing,,,,12.2247,1,525,False
62,6,CAR_0745,CAR,465,standing,,,,34.5236,10,525,False
63,6,CAR_0830,CAR,510,standing,,,,27.4357,1,525,False
64,6,CAR_0745,CAR,465,standing,,,,23.6986,2,510,False
65,6,CAR_0630,CAR,390,standing,,,,23.8405,1,420,True
66,6,CAR_0745,CAR,465,standing,,,,6.5348,4,465,False
67,6,CAR_0645,CAR,405,standing,,,,18.7596,11,525,False
68,6,CAR_0800,CAR,480,standing,,,,19.1121,10,510,False
69,6,CAR_0900,CAR,540,standing,,,,33.4168,1,555,False
70,6,CAR_0730,CAR,450,standing,,,,32.1647,1,480,False
71,6,PT,PT,,rule,T5,"Chose to take PT over drive at 08:15: lowest total cost (NZ$39.57 vs NZ$49.67), mainly parking.",other;travel_time,39.5683,1,525,False
72,6,CAR_0715,CAR,435,standing,,,,25.3553,1,510,False
73,6,CAR_0645,CAR,405,standing,,,,12.6625,1,420,True
74,6,CAR_0645,CAR,405,standing,,,,15.8896,1,420,True
75,6,CAR_0745,CAR,465,standing,,,,7.1848,1,495,False
76,6,CAR_0800,CAR,480,standing,,,,26.0164,1,495,False
77,6,CAR_0730,CAR,450,standing,,,,27.168,1,465,False
78,6,CAR_0745,CAR,465,standing,,,,1.9359,1,510,False
79,6,CAR_0630,CAR,390,standing,,,,20.3208,4,420,True
80,6,CAR_0730,CAR,450,standing,,,,26.5303,1,465,False
81,6,CAR_0715,CAR,435,standing,,,,34.2604,1,450,False
82,6,CAR_0830,CAR,510,standing,,,,19.9036,1,555,False
83,6,PT,PT,,standing,,,,35.1332,1,510,False
84,6,CAR_0930,CAR,570,standing,,,,18.51,1,585,False
85,6,CAR_0845,CAR,525,standing,,,,7.0414,1,540,False
86,6,CAR_0800,CAR,480,standing,,,,3.1358,1,525,False
87,6,CAR_0830,CAR,510,rule,T5,"Chose to drive at 08:30 over drive at 08:15: lowest total cost (NZ$9.86 vs NZ$14.05), mainly travel time.",travel_time,9.8614,1,525,False
88,6,CAR_0645,CAR,405,standing,,,,16.1987,4,420,True
89,6,CAR_0715,CAR,435,standing,,,,13.6212,1,450,False
90,6,CAR_0815,CAR,495,standing,,,,27.1514,1,510,False
91,6,CAR_0715,CAR,435,standing,,,,6.3445,1,450,False
92,6,CAR_0745,CAR,465,standing,,,,2.6324,1,480,False
93,6,CAR_0815,CAR,495,standing,,,,40.0392,6,540,False
94,6,CAR_0800,CAR,480,standing,,,,28.204,1,510,False
95,6,CAR_0630,CAR,390,standing,,,,2.9909,1,420,False
96,6,CAR_0915,CAR,555,standing,,,,10.2115,1,570,False
97,6,CAR_0845,CAR,525,standing,,,,37.138,3,555,False
98,6,CAR_0730,CAR,450,rule,T3,"Chose to drive at 07:30 over drive at 07:45: lowest total cost (NZ$7.45 vs NZ$23.23), mainly arrival time.",arrival_time;travel_time,7.448,1,480,False
99,6,CAR_0830,CAR,510,rule,T5,"Chose to drive at 08:30 over drive at 09:00: lowest total cost (NZ$21.89 vs NZ$20.34), mainly changing routine.",habit,21.8877,4,555,False
100,6,CAR_0645,CAR,405,standing,,,,10.3006,1,420,False
101,6,CAR_0745,CAR,465,standing,,,,23.8336,10,525,False
102,6,CAR_0700,CAR,420,standing,,,,14.4362,1,435,False
103,6,CAR_0915,CAR,555,standing,,,,6.268,1,570,False
104,6,CAR_0645,CAR,405,standing,,,,22.8479,10,420,True
105,6,CAR_0815,CAR,495,standing,,,,27.2916,2,540,False
106,6,CAR_0745,CAR,465,standing,,,,36.1031,3,525,False
107,6,CAR_0700,CAR,420,standing,,,,36.334,4,435,False
108,6,CAR_0645,CAR,405,standing,,,,45.9897,10,420,True
109,6,CAR_0730,CAR,450,rule,T3,"Chose to drive at 07:30 over drive at 07:45: lowest total cost (NZ$16.48 vs NZ$23.01), mainly travel time.",travel_time;arrival_time,16.4767,1,495,False
110,6,PT,PT,,standing,,,,32.515,1,555,False
111,6,CAR_0815,CAR,495,standing,,,,9.8252,1,510,False
112,6,CAR_0600,CAR,360,standing,,,,4.1264,2,420,False
113,6,CAR_0745,CAR,465,standing,,,,8.321,1,480,False
114,6,CAR_0845,CAR,525,standing,,,,17.3036,2,540,False
115,6,CAR_0845,CAR,525,standing,,,,10.7713,1,540,False
116,6,CAR_0815,CAR,495,standing,,,,13.7991,3,510,False
117,6,CAR_0800,CAR,480,standing,,,,9.8354,1,495,False
118,6,CAR_0900,CAR,540,standing,,,,11.6318,1,555,False
119,6,CAR_0830,CAR,510,standing,,,,8.0002,1,525,False
120,6,CAR_0845,CAR,525,standing,,,,27.2038,1,555,False
121,6,CAR_0730,CAR,450,standing,,,,29.8827,1,465,False
122,6,CAR_0900,CAR,540,standing,,,,6.2689,1,555,False
123,6,PT,PT,,standing,,,,33.4356,1,435,False
124,6,CAR_0730,CAR,450,standing,,,,9.4756,1,465,False
125,6,CAR_0800,CAR,480,standing,,,,50.623,11,510,False
126,6,CAR_0845,CAR,525,standing,,,,8.1922,1,540,False
127,6,CAR_0900,CAR,540,standing,,,,36.7067,1,555,False
128,6,CAR_0745,CAR,465,standing,,,,3.8481,1,495,False
129,6,CAR_0815,CAR,495,standing,,,,26.425,1,525,False
130,6,CAR_0800,CAR,480,standing,,,,16.0928,1,495,False
131,6,CAR_0730,CAR,450,standing,,,,14.0888,2,495,False
132,6,CAR_0730,CAR,450,standing,,,,12.8799,1,525,False
133,6,CAR_0715,CAR,435,standing,,,,33.2993,1,450,False
134,6,CAR_0900,CAR,540,standing,,,,28.809,1,555,False
135,6,CAR_0745,CAR,465,standing,,,,4.6845,1,495,False
136,6,CAR_0745,CAR,465,standing,,,,40.5901,6,540,False
137,6,CAR_0730,CAR,450,standing,,,,30.3526,1,465,False
138,6,CAR_0730,CAR,450,standing,,,,26.0808,1,510,False
139,6,CAR_0845,CAR,525,standing,,,,20.1854,3,540,False
140,6,CAR_0845,CAR,525,standing,,,,15.8387,1,540,False
141,6,CAR_0830,CAR,510,standing,,,,10.2267,1,525,False
142,6,CAR_0815,CAR,495,standing,,,,12.8841,1,510,False
143,6,CAR_0815,CAR,495,rule,T5,"Chose to drive at 08:15 over drive at 06:45 for the early start: lowest total cost (NZ$30.75 vs NZ$28.71), mainly overall cost.",other,30.7527,4,540,False
144,6,CAR_0730,CAR,450,standing,,,,14.1819,1,510,False
145,6,CAR_0645,CAR,405,standing,,,,28.1708,1,420,False
146,6,CAR_0645,CAR,405,standing,,,,7.4766,1,420,False
147,6,CAR_0800,CAR,480,standing,,,,32.6967,8,525,False
148,6,CAR_0845,CAR,525,standing,,,,26.4005,1,555,False
149,6,PT,PT,,standing,,,,37.0227,1,525,False
150,6,CAR_0815,CAR,495,standing,,,,35.2525,4,510,False
151,6,CAR_0815,CAR,495,standing,,,,39.2167,2,510,False
152,6,CAR_0715,CAR,435,standing,,,,24.4135,1,450,False
153,6,CAR_0715,CAR,435,standing,,,,15.7015,1,450,False
154,6,CAR_0815,CAR,495,rule,T5,"Chose to drive at 08:15 over drive at 08:00: lowest total cost (NZ$25.12 vs NZ$26.81), mainly arrival time.",arrival_time;habit,25.1188,1,540,False
155,6,CAR_0830,CAR,510,standing,,,,21.2338,1,540,False
156,6,CAR_0815,CAR,495,standing,,,,8.1062,1,510,False
157,6,PT,PT,,standing,,,,31.2766,1,495,False
158,6,CAR_0730,CAR,450,standing,,,,1.3659,1,465,False
159,6,CAR_0645,CAR,405,standing,,,,18.2324,8,420,True
160,6,CAR_0715,CAR,435,standing,,,,15.0539,1,450,False
161,6,PT,PT,,standing,,,,31.7909,2,555,False
162,6,CAR_0745,CAR,465,standing,,,,28.7057,7,495,False
163,6,CAR_0745,CAR,465,standing,,,,28.8406,6,480,False
164,6,CAR_0800,CAR,480,standing,,,,13.6598,1,495,False
165,6,CAR_0745,CAR,465,standing,,,,32.724,1,510,False
166,6,CAR_0930,CAR,570,standing,,,,11.7792,1,585,False
167,6,CAR_0800,CAR,480,standing,,,,8.2946,1,510,False
168,6,CAR_0745,CAR,465,standing,,,,16.6697,2,480,False
169,6,CAR_0730,CAR,450,standing,,,,2.1546,1,465,False
170,6,CAR_0645,CAR,405,standing,,,,12.1697,4,420,True
171,6,CAR_0715,CAR,435,standing,,,,3.1057,1,465,False
172,6,CAR_0645,CAR,405,standing,,,,4.3467,1,420,False
173,6,CAR_0800,CAR,480,standing,,,,26.9359,1,495,False
174,6,CAR_0915,CAR,555,standing,,,,17.6778,1,570,False
175,6,CAR_0900,CAR,540,standing,,,,26.0808,1,555,False
176,6,CAR_0915,CAR,555,standing,,,,25.748,1,585,False
177,6,PT,PT,,standing,,,,33.9097,1,495,False
178,6,CAR_0745,CAR,465,standing,,,,4.0332,1,480,False
179,6,CAR_0700,CAR,420,standing,,,,11.1432,1,435,False
180,6,CAR_0730,CAR,450,standing,,,,29.8154,1,480,False
181,6,PT,PT,,standing,,,,30.6124,1,450,False
182,6,CAR_0730,CAR,450,standing,,,,1.3907,1,465,False
183,6,CAR_0845,CAR,525,standing,,,,18.116,2,555,False
184,6,CAR_0645,CAR,405,standing,,,,35.3184,3,420,True
185,6,CAR_0645,CAR,405,standing,,,,3.5986,1,420,False
186,6,CAR_0600,CAR,360,standing,,,,3.1473,2,420,False
187,6,CAR_0845,CAR,525,standing,,,,8.657,1,540,False
188,6,CAR_0745,CAR,465,standing,,,,46.0336,9,525,False
189,6,PT,PT,,standing,,,,34.6608,1,495,False
190,6,CAR_0815,CAR,495,standing,,,,17.8199,1,525,False
191,6,CAR_0745,CAR,465,rule,T5,"Chose to drive at 07:45 over drive at 07:15: lowest total cost (NZ$23.21 vs NZ$23.46), mainly arrival time.",arrival_time;habit,23.2147,1,510,False
192,6,CAR_0745,CAR,465,standing,,,,39.7364,11,510,False
193,6,CAR_0945,CAR,585,standing,,,,25.19,1,600,False
194,6,CAR_0745,CAR,465,standing,,,,49.374,9,495,False
195,6,CAR_0645,CAR,405,rule,T3;T5,"Chose to drive at 06:45 over drive at 07:45: lowest total cost (NZ$5.00 vs NZ$5.99), mainly travel time.",travel_time;arrival_time,5.0009,4,465,False
196,6,CAR_0715,CAR,435,standing,,,,2.3365,1,435,False
197,6,CAR_0645,CAR,405,standing,,,,32.323,7,555,False
198,6,CAR_0815,CAR,495,standing,,,,15.2451,6,525,False
199,6,CAR_0745,CAR,465,standing,,,,30.2335,1,480,False
200,6,CAR_0845,CAR,525,standing,,,,9.1101,1,540,False
201,6,PT,PT,,standing,,,,30.6199,1,555,False
202,6,CAR_0930,CAR,570,standing,,,,25.1092,1,585,False
203,6,CAR_0715,CAR,435,standing,,,,16.3613,1,450,False
204,6,CAR_0645,CAR,405,standing,,,,41.2638,7,420,True
205,6,CAR_0745,CAR,465,standing,,,,8.3621,1,495,False
206,6,CAR_0730,CAR,450,standing,,,,25.7284,1,510,False
207,6,CAR_0715,CAR,435,standing,,,,0.344,1,450,False
208,6,CAR_0645,CAR,405,standing,,,,17.0993,4,420,True
209,6,CAR_0715,CAR,435,standing,,,,2.0198,1,450,False
210,6,CAR_0615,CAR,375,standing,,,,2.3875,2,435,False
211,6,CAR_0800,CAR,480,standing,,,,32.7843,3,495,False
212,6,CAR_0845,CAR,525,rule,T3,"Chose to drive at 08:45 over drive at 08:30: lowest total cost (NZ$19.95 vs NZ$20.94), mainly changing routine.",habit;travel_time,19.9532,1,525,False
213,6,CAR_0630,CAR,390,standing,,,,38.0582,2,420,True
214,6,CAR_0845,CAR,525,standing,,,,27.8129,1,555,False
215,6,CAR_0730,CAR,450,standing,,,,5.0154,1,465,False
216,6,CAR_0745,CAR,465,standing,,,,27.2898,5,495,False
217,6,PT,PT,,standing,,,,32.3898,1,510,False
218,6,CAR_0830,CAR,510,rule,T5,"Chose to drive at 08:30 over drive at 08:00: lowest total cost (NZ$22.29 vs NZ$28.27), mainly travel time.",travel_time,22.2877,1,525,False
219,6,PT,PT,,standing,,,,30.3743,1,525,False
220,6,CAR_0815,CAR,495,standing,,,,28.8892,1,525,False
221,6,CAR_0745,CAR,465,standing,,,,24.6388,4,480,False
222,6,CAR_0745,CAR,465,standing,,,,18.4995,3,540,False
223,6,CAR_0915,CAR,555,standing,,,,30.3069,1,570,False
224,6,CAR_0730,CAR,450,standing,,,,19.9041,1,480,False
225,6,CAR_0845,CAR,525,standing,,,,20.9339,2,525,False
226,6,CAR_0730,CAR,450,rule,T3,"Chose to drive at 07:30 over drive at 07:45: lowest total cost (NZ$12.80 vs NZ$33.73), mainly arrival time.",arrival_time;travel_time,12.8013,1,480,False
227,6,CAR_0845,CAR,525,standing,,,,8.7104,1,540,False
228,6,CAR_0700,CAR,420,standing,,,,2.2083,1,450,False
229,6,CAR_0645,CAR,405,standing,,,,9.3742,3,420,True
230,6,CAR_0745,CAR,465,standing,,,,30.8115,1,510,False
231,6,CAR_0830,CAR,510,standing,,,,10.2605,1,525,False
232,6,CAR_0830,CAR,510,standing,,,,12.5646,1,525,False
233,6,CAR_0715,CAR,435,standing,,,,6.9847,1,450,False
234,6,CAR_0930,CAR,570,standing,,,,23.2601,1,585,False
235,6,CAR_0915,CAR,555,standing,,,,28.7751,1,570,False
236,6,CAR_0745,CAR,465,standing,,,,26.5122,5,495,False
237,6,CAR_0845,CAR,525,standing,,,,20.4421,1,555,False
238,6,CAR_0745,CAR,465,standing,,,,11.4439,3,555,False
239,6,CAR_0730,CAR,450,standing,,,,3.5932,1,465,False
240,6,CAR_0915,CAR,555,standing,,,,9.9528,1,570,False
241,6,CAR_0745,CAR,465,standing,,,,31.6488,5,495,False
242,6,CAR_0745,CAR,465,standing,,,,5.9043,1,480,False
243,6,CAR_0830,CAR,510,standing,,,,29.4444,1,540,False
244,6,CAR_0715,CAR,435,standing,,,,18.4347,1,450,False
245,6,CAR_0915,CAR,555,standing,,,,15.7181,1,555,False
246,6,CAR_0700,CAR,420,standing,,,,16.8922,1,435,False
247,6,CAR_0845,CAR,525,standing,,,,30.5087,1,570,False
248,6,PT,PT,,standing,,,,31.6977,1,540,False
249,6,CAR_0815,CAR,495,standing,,,,23.4617,1,510,False
250,6,CAR_0830,CAR,510,standing,,,,19.6071,1,525,False
251,6,CAR_0715,CAR,435,standing,,,,15.9515,1,480,False
252,6,CAR_0800,CAR,480,rule,T5,"Chose to drive at 08:00 over drive at 08:15: lowest total cost (NZ$31.15 vs NZ$33.78), mainly travel time.",travel_time;arrival_time,31.1505,1,525,False
253,6,CAR_0715,CAR,435,standing,,,,7.3687,2,435,False
254,6,CAR_0745,CAR,465,standing,,,,40.2972,9,525,False
255,6,CAR_0800,CAR,480,standing,,,,21.1664,1,495,False
256,6,CAR_0630,CAR,390,standing,,,,28.4246,1,420,False
257,6,CAR_0715,CAR,435,standing,,,,31.1239,2,450,False
258,6,CAR_0815,CAR,495,standing,,,,26.4341,3,525,False
259,6,CAR_0845,CAR,525,standing,,,,17.7971,4,540,False
260,6,CAR_0800,CAR,480,standing,,,,15.0454,1,540,False
261,6,CAR_0745,CAR,465,standing,,,,34.8628,10,495,False
262,6,CAR_0900,CAR,540,standing,,,,25.6355,1,570,False
263,6,CAR_0645,CAR,405,standing,,,,7.0233,1,420,False
264,6,CAR_0715,CAR,435,standing,,,,2.5701,1,465,False
265,6,CAR_0645,CAR,405,standing,,,,28.7773,2,420,True
266,6,CAR_0815,CAR,495,standing,,,,14.7969,5,510,False
267,6,CAR_0900,CAR,540,standing,,,,27.3532,1,555,False
268,6,CAR_0645,CAR,405,standing,,,,28.3782,1,495,False
269,6,CAR_0700,CAR,420,standing,,,,3.9542,1,435,False
270,6,CAR_0730,CAR,450,standing,,,,24.5193,1,465,False
271,6,CAR_0900,CAR,540,standing,,,,31.2361,1,555,False
272,6,CAR_0915,CAR,555,standing,,,,26.1936,1,600,False
273,6,CAR_0845,CAR,525,standing,,,,32.9837,1,555,False
274,6,CAR_0700,CAR,420,standing,,,,8.6797,1,435,False
275,6,CAR_0745,CAR,465,standing,,,,13.3373,2,510,False
276,6,CAR_0745,CAR,465,standing,,,,36.7049,3,480,False
277,6,CAR_0815,CAR,495,standing,,,,15.0244,1,525,False
278,6,PT,PT,,standing,,,,32.5009,1,525,False
279,6,CAR_0700,CAR,420,standing,,,,16.0854,1,450,False
280,6,CAR_0700,CAR,420,standing,,,,3.8608,1,435,False
281,6,CAR_0645,CAR,405,standing,,,,25.5623,1,420,True
282,6,CAR_0730,CAR,450,standing,,,,2.9855,1,465,False
283,6,CAR_0800,CAR,480,standing,,,,4.2418,1,495,False
284,6,PT,PT,,standing,,,,34.3552,1,525,False
285,6,CAR_0645,CAR,405,rule,T5,"Chose to drive at 06:45 for the early start over drive at 06:30 for the early start: lowest total cost (NZ$30.12 vs NZ$31.89), mainly arrival time.",arrival_time;habit,30.1214,1,420,True
286,6,CAR_0745,CAR,465,standing,,,,17.9703,8,480,False
287,6,CAR_0630,CAR,390,standing,,,,8.6497,1,420,False
288,6,CAR_0900,CAR,540,standing,,,,26.341,1,555,False
289,6,CAR_0745,CAR,465,standing,,,,13.2852,2,510,False
290,6,CAR_0830,CAR,510,standing,,,,35.2085,2,525,False
291,6,CAR_0745,CAR,465,standing,,,,27.8731,11,525,False
292,6,CAR_0745,CAR,465,standing,,,,70.5973,10,510,False
293,6,CAR_0815,CAR,495,standing,,,,29.5124,1,510,False
294,6,CAR_0815,CAR,495,standing,,,,34.737,1,525,False
295,6,CAR_0715,CAR,435,standing,,,,11.7027,1,450,False
296,6,CAR_0630,CAR,390,standing,,,,43.0974,1,420,True
297,6,PT,PT,,standing,,,,37.0599,1,465,False
298,6,CAR_0715,CAR,435,standing,,,,8.1202,1,465,False
299,6,CAR_0800,CAR,480,standing,,,,22.7897,9,510,False
0,7,CAR_0730,CAR,450,standing,,,,24.5274,1,465,False
1,7,CAR_0900,CAR,540,standing,,,,30.1747,1,555,False
2,7,CAR_0915,CAR,555,standing,,,,26.1938,1,600,False
3,7,CAR_0845,CAR,525,standing,,,,32.6294,1,555,False
4,7,CAR_0700,CAR,420,standing,,,,8.6186,1,435,False
5,7,CAR_0745,CAR,465,standing,,,,11.716,1,510,False
6,7,CAR_0745,CAR,465,standing,,,,34.3516,1,480,False
7,7,CAR_0815,CAR,495,standing,,,,14.2784,1,525,False
8,7,PT,PT,,standing,,,,32.5009,1,525,False
9,7,CAR_0700,CAR,420,standing,,,,16.0261,1,450,False
10,7,CAR_0700,CAR,420,standing,,,,3.2857,1,435,False
11,7,CAR_0645,CAR,405,standing,,,,25.6651,3,420,True
12,7,CAR_0730,CAR,450,standing,,,,2.7391,1,465,False
13,7,CAR_0800,CAR,480,standing,,,,3.003,1,495,False
14,7,PT,PT,,standing,,,,34.3552,2,525,False
15,7,CAR_0845,CAR,525,standing,,,,28.6068,1,540,False
16,7,CAR_0745,CAR,465,standing,,,,14.3864,7,480,False
17,7,CAR_0630,CAR,390,standing,,,,8.8806,1,420,False
18,7,CAR_0900,CAR,540,standing,,,,26.1534,1,555,False
19,7,CAR_0745,CAR,465,standing,,,,13.1285,3,510,False
20,7,CAR_0830,CAR,510,standing,,,,33.2956,1,525,False
21,7,CAR_0745,CAR,465,standing,,,,21.8769,11,525,False
22,7,CAR_0745,CAR,465,standing,,,,54.6226,6,510,False
23,7,CAR_0815,CAR,495,standing,,,,29.4073,1,510,False
24,7,CAR_0815,CAR,495,standing,,,,34.5857,1,525,False
25,7,CAR_0715,CAR,435,standing,,,,10.7813,1,450,False
26,7,CAR_0630,CAR,390,standing,,,,43.4717,1,420,True
27,7,PT,PT,,standing,,,,37.0599,1,465,False
28,7,CAR_0715,CAR,435,standing,,,,8.0324,1,465,False
29,7,CAR_0800,CAR,480,standing,,,,19.4152,9,510,False
30,7,CAR_0800,CAR,480,standing,,,,28.9712,7,540,False
31,7,CAR_0715,CAR,435,standing,,,,36.6754,1,450,False
32,7,CAR_0845,CAR,525,standing,,,,11.6165,1,555,False
33,7,CAR_0745,CAR,465,standing,,,,26.072,1,480,False
34,7,CAR_0645,CAR,405,standing,,,,11.1111,2,435,False
35,7,CAR_0800,CAR,480,standing,,,,28.4612,1,495,False
36,7,CAR_0730,CAR,450,standing,,,,5.5685,1,480,False
37,7,CAR_0845,CAR,525,standing,,,,3.9064,1,555,False
38,7,CAR_0700,CAR,420,standing,,,,18.1396,1,435,False
39,7,CAR_0730,CAR,450,standing,,,,28.0776,6,465,False
40,7,CAR_0730,CAR,450,standing,,,,17.323,1,480,False
41,7,CAR_0730,CAR,450,standing,,,,4.6496,1,480,False
42,7,CAR_0645,CAR,405,standing,,,,11.9052,1,420,True
43,7,CAR_0815,CAR,495,standing,,,,10.311,3,510,False
44,7,CAR_0730,CAR,450,standing,,,,30.6237,1,495,False
45,7,CAR_0700,CAR,420,standing,,,,1.427,1,435,False
46,7,CAR_0800,CAR,480,standing,,,,10.0564,1,495,False
47,7,CAR_0745,CAR,465,standing,,,,30.3964,1,480,False
48,7,CAR_0700,CAR,420,standing,,,,19.6828,1,450,False
49,7,CAR_0730,CAR,450,standing,,,,10.0378,1,525,False
50,7,CAR_0745,CAR,465,standing,,,,10.6609,1,480,False
51,7,CAR_0815,CAR,495,standing,,,,8.1513,4,540,False
52,7,CAR_0745,CAR,465,standing,,,,4.5471,1,495,False
53,7,CAR_0715,CAR,435,standing,,,,22.1734,1,525,False
54,7,CAR_0645,CAR,405,standing,,,,7.4781,3,420,True
55,7,CAR_0700,CAR,420,standing,,,,13.6887,1,435,False
56,7,CAR_0745,CAR,465,standing,,,,15.3972,4,510,False
57,7,CAR_0645,CAR,405,standing,,,,15.4952,5,420,True
58,7,CAR_0745,CAR,465,standing,,,,25.9753,7,480,False
59,7,CAR_0745,CAR,465,standing,,,,12.3506,5,525,False
60,7,CAR_0730,CAR,450,standing,,,,5.8751,1,495,False
61,7,CAR_0830,CAR,510,standing,,,,10.4547,1,525,False
62,7,CAR_0745,CAR,465,standing,,,,28.2467,9,525,False
63,7,CAR_0830,CAR,510,standing,,,,25.4021,1,525,False
64,7,CAR_0745,CAR,465,standing,,,,23.7066,1,510,False
65,7,CAR_0630,CAR,390,standing,,,,23.9947,2,420,True
66,7,CAR_0730,CAR,450,rule,T3,"Chose to drive at 07:30 over drive at 07:45: lowest total cost (NZ$4.23 vs NZ$7.37), mainly arrival time.",arrival_time;travel_time,4.2253,1,465,False
67,7,CAR_0645,CAR,405,standing,,,,19.2119,11,525,False
68,7,CAR_0800,CAR,480,standing,,,,16.2022,10,510,False
69,7,CAR_0900,CAR,540,standing,,,,33.4104,1,555,False
70,7,CAR_0730,CAR,450,standing,,,,32.379,1,480,False
71,7,PT,PT,,standing,,,,38.5683,1,525,False
72,7,CAR_0715,CAR,435,standing,,,,25.3466,1,510,False
73,7,CAR_0645,CAR,405,standing,,,,17.2862,2,420,True
74,7,CAR_0645,CAR,405,standing,,,,14.9093,1,420,True
75,7,CAR_0745,CAR,465,standing,,,,7.2922,1,495,False
76,7,CAR_0800,CAR,480,standing,,,,26.0063,1,495,False
77,7,CAR_0730,CAR,450,standing,,,,27.1032,1,465,False
78,7,CAR_0745,CAR,465,standing,,,,1.9362,1,510,False
79,7,CAR_0630,CAR,390,standing,,,,20.6332,4,420,True
80,7,CAR_0730,CAR,450,standing,,,,26.5118,1,465,False
81,7,CAR_0715,CAR,435,standing,,,,34.2362,1,450,False
82,7,CAR_0830,CAR,510,standing,,,,19.9036,1,555,False
83,7,PT,PT,,standing,,,,35.1332,1,510,False
84,7,CAR_0930,CAR,570,standing,,,,18.4915,1,585,False
85,7,CAR_0845,CAR,525,standing,,,,6.9509,1,540,False
86,7,CAR_0800,CAR,480,standing,,,,3.1022,1,525,False
87,7,CAR_0830,CAR,510,standing,,,,5.8107,1,525,False
88,7,CAR_0645,CAR,405,standing,,,,16.8814,7,525,False
89,7,CAR_0715,CAR,435,standing,,,,13.6131,1,450,False
90,7,CAR_0815,CAR,495,standing,,,,27.0694,1,510,False
91,7,CAR_0715,CAR,435,standing,,,,6.342,1,450,False
92,7,CAR_0745,CAR,465,standing,,,,2.6287,1,480,False
93,7,CAR_0815,CAR,495,standing,,,,41.0381,6,540,False
94,7,CAR_0800,CAR,480,standing,,,,28.2038,1,510,False
95,7,CAR_0630,CAR,390,standing,,,,2.9909,1,420,False
96,7,CAR_0915,CAR,555,standing,,,,10.2115,1,570,False
97,7,CAR_0845,CAR,525,standing,,,,36.8623,2,555,False
98,7,CAR_0730,CAR,450,standing,,,,6.3741,1,480,False
99,7,CAR_0830,CAR,510,standing,,,,21.7983,4,555,False
100,7,CAR_0645,CAR,405,standing,,,,10.3006,1,420,False
101,7,CAR_0745,CAR,465,standing,,,,21.5311,10,525,False
102,7,CAR_0700,CAR,420,standing,,,,14.4373,1,435,False
103,7,CAR_0915,CAR,555,standing,,,,6.268,1,570,False
104,7,CAR_0645,CAR,405,standing,,,,23.3367,11,525,False
105,7,CAR_0815,CAR,495,standing,,,,26.8899,1,540,False
106,7,CAR_0745,CAR,465,standing,,,,35.6376,3,525,False
107,7,CAR_0700,CAR,420,standing,,,,35.3182,3,435,False
108,7,CAR_0645,CAR,405,standing,,,,46.5457,11,525,False
109,7,CAR_0730,CAR,450,standing,,,,15.6854,1,495,False
110,7,PT,PT,,standing,,,,32.515,1,555,False
111,7,CAR_0815,CAR,495,standing,,,,9.8246,1,510,False
112,7,CAR_0600,CAR,360,standing,,,,4.1264,2,420,False
113,7,CAR_0745,CAR,465,standing,,,,8.2468,1,480,False
114,7,CAR_0845,CAR,525,standing,,,,17.2496,2,540,False
115,7,CAR_0845,CAR,525,standing,,,,10.4266,1,540,False
116,7,CAR_0815,CAR,495,standing,,,,16.879,5,510,False
117,7,CAR_0800,CAR,480,standing,,,,9.806,1,495,False
118,7,CAR_0900,CAR,540,standing,,,,11.6344,1,555,False
119,7,CAR_0830,CAR,510,standing,,,,7.9966,1,525,False
120,7,CAR_0845,CAR,525,standing,,,,27.0806,1,555,False
121,7,CAR_0730,CAR,450,standing,,,,29.8678,1,465,False
122,7,CAR_0900,CAR,540,standing,,,,6.2107,1,555,False
123,7,PT,PT,,standing,,,,33.4356,1,435,False
124,7,CAR_0730,CAR,450,standing,,,,9.4712,1,465,False
125,7,CAR_0800,CAR,480,standing,,,,41.0531,11,510,False
126,7,CAR_0845,CAR,525,standing,,,,8.1541,1,540,False
127,7,CAR_0900,CAR,540,standing,,,,36.3507,1,555,False
128,7,CAR_0745,CAR,465,standing,,,,3.8943,1,495,False
129,7,CAR_0815,CAR,495,standing,,,,26.4218,1,525,False
130,7,CAR_0800,CAR,480,standing,,,,16.093,1,495,False
131,7,CAR_0730,CAR,450,standing,,,,14.4539,2,495,False
132,7,CAR_0730,CAR,450,standing,,,,13.0535,2,525,False
133,7,CAR_0715,CAR,435,standing,,,,33.2642,1,450,False
134,7,CAR_0900,CAR,540,standing,,,,28.8072,1,555,False
135,7,CAR_0745,CAR,465,standing,,,,4.6649,1,495,False
136,7,CAR_0745,CAR,465,standing,,,,40.0081,6,540,False
137,7,CAR_0730,CAR,450,standing,,,,31.6069,1,465,False
138,7,CAR_0730,CAR,450,standing,,,,26.1181,1,510,False
139,7,CAR_0845,CAR,525,standing,,,,19.6181,3,540,False
140,7,CAR_0845,CAR,525,standing,,,,15.7678,1,540,False
141,7,CAR_0830,CAR,510,standing,,,,10.2196,1,525,False
142,7,CAR_0815,CAR,495,standing,,,,12.8863,1,510,False
143,7,CAR_0815,CAR,495,standing,,,,29.9203,4,540,False
144,7,CAR_0730,CAR,450,standing,,,,14.2474,1,510,False
145,7,CAR_0645,CAR,405,standing,,,,31.193,3,420,False
146,7,CAR_0645,CAR,405,standing,,,,8.2142,1,420,False
147,7,CAR_0800,CAR,480,standing,,,,30.4707,6,525,False
148,7,CAR_0845,CAR,525,standing,,,,26.4005,1,555,False
149,7,PT,PT,,standing,,,,37.0227,2,525,False
150,7,CAR_0815,CAR,495,standing,,,,40.3857,6,510,False
151,7,CAR_0815,CAR,495,standing,,,,39.154,2,510,False
152,7,CAR_0715,CAR,435,standing,,,,24.4135,1,450,False
153,7,CAR_0715,CAR,435,standing,,,,15.6775,1,450,False
154,7,CAR_0815,CAR,495,standing,,,,24.9807,1,540,False
155,7,CAR_0830,CAR,510,standing,,,,21.1885,1,540,False
156,7,CAR_0815,CAR,495,standing,,,,8.0604,1,510,False
157,7,PT,PT,,standing,,,,31.2766,1,495,False
158,7,CAR_0730,CAR,450,standing,,,,1.3424,1,465,False
159,7,CAR_0630,CAR,390,rule,T5,"Chose to drive at 06:30 for the early start over drive at 06:45 for the early start: lowest total cost (NZ$12.72 vs NZ$19.71), mainly travel time.",travel_time;arrival_time,12.7206,1,420,True
160,7,CAR_0715,CAR,435,standing,,,,15.0463,1,450,False
161,7,PT,PT,,standing,,,,31.7909,2,555,False
162,7,CAR_0745,CAR,465,standing,,,,23.3414,7,495,False
163,7,CAR_0745,CAR,465,standing,,,,28.6249,5,480,False
164,7,CAR_0800,CAR,480,standing,,,,13.6631,1,495,False
165,7,CAR_0745,CAR,465,standing,,,,32.0714,1,510,False
166,7,CAR_0930,CAR,570,standing,,,,11.7791,1,585,False
167,7,CAR_0800,CAR,480,standing,,,,8.657,1,510,False
168,7,CAR_0745,CAR,465,standing,,,,16.6503,2,480,False
169,7,CAR_0730,CAR,450,standing,,,,2.1312,1,465,False
170,7,CAR_0645,CAR,405,standing,,,,13.8071,6,420,True
171,7,CAR_0715,CAR,435,standing,,,,3.089,1,465,False
172,7,CAR_0645,CAR,405,standing,,,,4.3793,1,420,False
173,7,CAR_0800,CAR,480,standing,,,,26.9325,1,495,False
174,7,CAR_0915,CAR,555,standing,,,,17.6538,1,570,False
175,7,CAR_0900,CAR,540,standing,,,,26.0637,1,555,False
176,7,CAR_0915,CAR,555,standing,,,,25.7477,1,585,False
177,7,PT,PT,,standing,,,,33.9097,1,495,False
178,7,CAR_0745,CAR,465,standing,,,,3.9885,1,480,False
179,7,CAR_0700,CAR,420,standing,,,,11.1422,1,435,False
180,7,CAR_0730,CAR,450,standing,,,,29.8068,1,480,False
181,7,PT,PT,,standing,,,,30.6124,1,450,False
182,7,CAR_0730,CAR,450,standing,,,,1.3741,1,465,False
183,7,CAR_0845,CAR,525,standing,,,,18.1035,2,555,False
184,7,CAR_0645,CAR,405,standing,,,,39.4877,9,510,False
185,7,CAR_0645,CAR,405,standing,,,,3.5986,1,420,False
186,7,CAR_0600,CAR,360,standing,,,,3.1539,2,420,False
187,7,CAR_0845,CAR,525,standing,,,,8.6165,1,540,False
188,7,CAR_0745,CAR,465,standing,,,,40.3561,9,525,False
189,7,PT,PT,,standing,,,,34.6608,1,495,False
190,7,CAR_0815,CAR,495,standing,,,,17.7808,1,525,False
191,7,CAR_0745,CAR,465,standing,,,,23.3069,1,510,False
192,7,CAR_0630,CAR,390,rule,T5,"Chose to drive at 06:30 for the early start over drive at 07:45: lowest total cost (NZ$20.80 vs NZ$34.23), mainly travel time.",travel_time;arrival_time,20.8046,1,420,True
193,7,CAR_0945,CAR,585,standing,,,,25.19,1,600,False
194,7,CAR_0745,CAR,465,standing,,,,36.5143,9,495,False
195,7,CAR_0645,CAR,405,standing,,,,4.0578,3,465,False
196,7,CAR_0715,CAR,435,standing,,,,2.3124,1,435,False
197,7,CAR_0645,CAR,405,standing,,,,32.3893,8,555,False
198,7,CAR_0815,CAR,495,standing,,,,20.6315,7,525,False
199,7,CAR_0745,CAR,465,standing,,,,30.2333,1,480,False
200,7,CAR_0845,CAR,525,standing,,,,9.1101,1,540,False
201,7,PT,PT,,standing,,,,30.6199,1,555,False
202,7,CAR_0930,CAR,570,standing,,,,25.1092,1,585,False
203,7,CAR_0715,CAR,435,standing,,,,16.3455,1,450,False
204,7,CAR_0845,CAR,525,rule,T5,"Chose to drive at 08:45 over drive at 06:45 for the early start: lowest total cost (NZ$15.17 vs NZ$45.54), mainly arrival time.",arrival_time;travel_time,15.1719,1,540,False
205,7,CAR_0745,CAR,465,standing,,,,8.3649,1,495,False
206,7,CAR_0730,CAR,450,standing,,,,26.0057,1,510,False
207,7,CAR_0715,CAR,435,standing,,,,0.3439,1,450,False
208,7,CAR_0645,CAR,405,standing,,,,21.3405,10,420,True
209,7,CAR_0715,CAR,435,standing,,,,1.9964,1,450,False
210,7,CAR_0615,CAR,375,standing,,,,2.3875,2,435,False
211,7,CAR_0800,CAR,480,standing,,,,33.3986,3,495,False
212,7,CAR_0845,CAR,525,rule,T3,"Chose to drive at 08:45 over drive at 08:30: lowest total cost (NZ$19.95 vs NZ$20.27), mainly changing routine.",habit;travel_time,19.9532,1,525,False
213,7,CAR_0630,CAR,390,standing,,,,39.8667,3,420,True
214,7,CAR_0845,CAR,525,standing,,,,27.8129,1,555,False
215,7,CAR_0730,CAR,450,standing,,,,5.0288,1,465,False
216,7,CAR_0745,CAR,465,standing,,,,26.8711,4,495,False
217,7,PT,PT,,standing,,,,32.3898,1,510,False
218,7,CAR_0830,CAR,510,standing,,,,15.2965,1,525,False
219,7,PT,PT,,standing,,,,30.3743,1,525,False
220,7,CAR_0815,CAR,495,standing,,,,29.5177,1,525,False
221,7,CAR_0715,CAR,435,rule,T5,"Chose to drive at 07:15 over drive at 07:45: lowest total cost (NZ$23.56 vs NZ$24.78), mainly travel time.",travel_time;arrival_time,23.558,2,480,False
222,7,CAR_0745,CAR,465,standing,,,,18.4923,3,540,False
223,7,CAR_0915,CAR,555,standing,,,,30.3069,1,570,False
224,7,CAR_0730,CAR,450,standing,,,,19.8924,1,480,False
225,7,CAR_0845,CAR,525,standing,,,,20.9283,2,525,False
226,7,CAR_0730,CAR,450,standing,,,,12.0343,1,480,False
227,7,CAR_0845,CAR,525,standing,,,,8.7037,1,540,False
228,7,CAR_0700,CAR,420,standing,,,,2.1944,1,450,False
229,7,CAR_0645,CAR,405,standing,,,,7.5471,2,420,True
230,7,CAR_0745,CAR,465,standing,,,,30.722,1,510,False
231,7,CAR_0830,CAR,510,standing,,,,10.254,1,525,False
232,7,CAR_0830,CAR,510,standing,,,,12.4722,1,525,False
233,7,CAR_0715,CAR,435,standing,,,,6.975,1,450,False
234,7,CAR_0930,CAR,570,standing,,,,23.2601,1,585,False
235,7,CAR_0915,CAR,555,standing,,,,28.7751,1,570,False
236,7,CAR_0745,CAR,465,standing,,,,24.4399,5,495,False
237,7,CAR_0845,CAR,525,standing,,,,20.4321,1,555,False
238,7,CAR_0745,CAR,465,standing,,,,11.4391,3,555,False
239,7,CAR_0730,CAR,450,standing,,,,3.5989,1,465,False
240,7,CAR_0915,CAR,555,standing,,,,9.9528,1,570,False
241,7,CAR_0745,CAR,465,standing,,,,28.9747,5,495,False
242,7,CAR_0745,CAR,465,standing,,,,5.9201,1,480,False
243,7,CAR_0830,CAR,510,standing,,,,29.4573,1,540,False
244,7,CAR_0715,CAR,435,standing,,,,18.4171,1,450,False
245,7,CAR_0915,CAR,555,standing,,,,15.7177,1,555,False
246,7,CAR_0700,CAR,420,standing,,,,16.8867,1,435,False
247,7,CAR_0845,CAR,525,standing,,,,30.4763,1,570,False
248,7,PT,PT,,standing,,,,31.6977,1,540,False
249,7,CAR_0815,CAR,495,standing,,,,23.4616,1,510,False
250,7,CAR_0830,CAR,510,standing,,,,19.5838,1,525,False
251,7,CAR_0715,CAR,435,standing,,,,15.9286,1,480,False
252,7,CAR_0800,CAR,480,standing,,,,30.1614,1,525,False
253,7,CAR_0715,CAR,435,standing,,,,6.7248,2,435,False
254,7,CAR_0745,CAR,465,standing,,,,36.7522,7,525,False
255,7,CAR_0800,CAR,480,standing,,,,21.1664,1,495,False
256,7,CAR_0630,CAR,390,standing,,,,28.4246,1,420,False
257,7,CAR_0715,CAR,435,standing,,,,31.126,2,450,False
258,7,CAR_0815,CAR,495,standing,,,,27.496,5,525,False
259,7,CAR_0845,CAR,525,standing,,,,17.7646,4,540,False
260,7,CAR_0800,CAR,480,standing,,,,15.1697,1,540,False
261,7,CAR_0745,CAR,465,standing,,,,28.7285,10,495,False
262,7,CAR_0900,CAR,540,standing,,,,25.6355,1,570,False
263,7,CAR_0630,CAR,390,rule,T5,"Chose to drive at 06:30 over drive at 06:45: lowest total cost (NZ$8.46 vs NZ$6.88), mainly travel time.",travel_time,8.4636,2,420,False
264,7,CAR_0715,CAR,435,standing,,,,2.5273,1,465,False
265,7,CAR_0645,CAR,405,standing,,,,28.6356,1,420,True
266,7,CAR_0800,CAR,480,rule,T3,"Chose to drive at 08:00 over drive at 08:15: lowest total cost (NZ$12.42 vs NZ$16.35), mainly arrival time.",arrival_time;travel_time,12.4162,1,510,False
267,7,CAR_0900,CAR,540,standing,,,,27.3452,1,555,False
268,7,CAR_0645,CAR,405,standing,,,,28.5218,1,495,False
269,7,CAR_0700,CAR,420,standing,,,,3.9028,1,435,False
270,7,CAR_0730,CAR,450,standing,,,,24.5134,1,465,False
271,7,CAR_0900,CAR,540,standing,,,,31.2361,1,555,False
272,7,CAR_0915,CAR,555,standing,,,,26.1937,1,600,False
273,7,CAR_0845,CAR,525,standing,,,,32.9406,1,555,False
274,7,CAR_0700,CAR,420,standing,,,,8.6615,1,435,False
275,7,CAR_0745,CAR,465,standing,,,,11.9505,1,510,False
276,7,CAR_0745,CAR,465,standing,,,,35.6212,2,480,False
277,7,CAR_0815,CAR,495,standing,,,,18.1756,8,525,False
278,7,PT,PT,,standing,,,,32.5009,1,525,False
279,7,CAR_0700,CAR,420,standing,,,,16.0889,1,450,False
280,7,CAR_0700,CAR,420,standing,,,,3.8535,1,435,False
281,7,CAR_0645,CAR,405,standing,,,,26.3731,3,420,True
282,7,CAR_0730,CAR,450,standing,,,,2.9558,1,465,False
283,7,CAR_0800,CAR,480,standing,,,,4.2317,1,495,False
284,7,PT,PT,,standing,,,,34.3552,2,525,False
285,7,CAR_0645,CAR,405,standing,,,,29.8228,1,420,True
286,7,CAR_0745,CAR,465,standing,,,,15.9753,8,480,False
287,7,CAR_0630,CAR,390,standing,,,,8.8939,1,420,False
288,7,CAR_0900,CAR,540,standing,,,,26.3525,1,555,False
289,7,CAR_0745,CAR,465,standing,,,,13.2669,2,510,False
290,7,CAR_0830,CAR,510,standing,,,,35.2118,2,525,False
291,7,CAR_0745,CAR,465,standing,,,,23.5164,11,525,False
292,7,CAR_0745,CAR,465,standing,,,,62.9651,9,510,False
293,7,CAR_0815,CAR,495,standing,,,,29.5024,1,510,False
294,7,CAR_0815,CAR,495,standing,,,,34.7555,1,525,False
295,7,CAR_0715,CAR,435,standing,,,,11.7037,1,450,False
296,7,CAR_0630,CAR,390,standing,,,,45.9463,2,420,True
297,7,PT,PT,,standing,,,,37.0599,1,465,False
298,7,CAR_0715,CAR,435,standing,,,,8.0935,1,465,False
299,7,CAR_0800,CAR,480,standing,,,,20.3629,9,510,False
0,8,CAR_0730,CAR,450,standing,,,,24.5267,1,465,False
1,8,CAR_0900,CAR,540,standing,,,,30.1535,1,555,False
2,8,CAR_0915,CAR,555,standing,,,,26.1932,1,600,False
3,8,CAR_0845,CAR,525,standing,,,,32.6086,1,555,False
4,8,CAR_0700,CAR,420,standing,,,,8.6036,1,435,False
5,8,CAR_0745,CAR,465,rule,T5,"Chose to drive at 07:45 over drive at 08:30: lowest total cost (NZ$11.57 vs NZ$12.58), mainly arrival time.",arrival_time;habit,11.5678,1,510,False
6,8,CAR_0745,CAR,465,standing,,,,34.2642,1,480,False
7,8,CAR_0815,CAR,495,standing,,,,14.4606,1,525,False
8,8,PT,PT,,standing,,,,32.5009,1,525,False
9,8,CAR_0700,CAR,420,standing,,,,16.0225,1,450,False
10,8,CAR_0700,CAR,420,standing,,,,2.9352,1,435,False
11,8,CAR_0645,CAR,405,standing,,,,25.4217,3,420,True
12,8,CAR_0730,CAR,450,standing,,,,3.0096,1,465,False
13,8,CAR_0800,CAR,480,standing,,,,3.0653,1,495,False
14,8,PT,PT,,standing,,,,34.3552,2,525,False
15,8,CAR_0845,CAR,525,standing,,,,27.9521,1,540,False
16,8,CAR_0715,CAR,435,rule,T5,"Chose to drive at 07:15 over drive at 07:45: lowest total cost (NZ$8.49 vs NZ$13.43), mainly travel time.",travel_time;arrival_time,8.4875,1,480,False
17,8,CAR_0630,CAR,390,standing,,,,8.9145,1,420,False
18,8,CAR_0900,CAR,540,standing,,,,26.1415,1,555,False
19,8,CAR_0745,CAR,465,standing,,,,13.0927,3,510,False
20,8,CAR_0830,CAR,510,standing,,,,33.2733,1,525,False
21,8,CAR_0830,CAR,510,rule,T5,"Chose to drive at 08:30 over drive at 07:45: lowest total cost (NZ$12.81 vs NZ$21.33), mainly travel time.",travel_time;arrival_time,12.8091,1,525,False
22,8,PT,PT,,rule,T5,"Chose to take PT over drive at 07:45: lowest total cost (NZ$41.79 vs NZ$43.24), mainly parking.",other;travel_time,41.7859,1,510,False
23,8,CAR_0815,CAR,495,standing,,,,29.3999,1,510,False
24,8,CAR_0815,CAR,495,standing,,,,34.5778,1,525,False
25,8,CAR_0715,CAR,435,standing,,,,10.7763,1,450,False
26,8,CAR_0630,CAR,390,standing,,,,45.9527,3,420,True
27,8,PT,PT,,standing,,,,37.0599,1,465,False
28,8,CAR_0715,CAR,435,standing,,,,8.0014,1,465,False
29,8,CAR_0800,CAR,480,standing,,,,18.8641,8,510,False
30,8,CAR_0800,CAR,480,standing,,,,28.1919,5,540,False
31,8,CAR_0715,CAR,435,standing,,,,36.6602,1,450,False
32,8,CAR_0845,CAR,525,standing,,,,11.5794,1,555,False
33,8,CAR_0745,CAR,465,standing,,,,26.072,1,480,False
34,8,CAR_0645,CAR,405,standing,,,,11.1111,2,435,False
35,8,CAR_0800,CAR,480,standing,,,,29.0479,1,495,False
36,8,CAR_0730,CAR,450,standing,,,,5.7652,1,480,False
37,8,CAR_0845,CAR,525,standing,,,,3.9236,1,555,False
38,8,CAR_0700,CAR,420,standing,,,,18.1347,1,435,False
39,8,CAR_0730,CAR,450,standing,,,,27.0879,7,465,False
40,8,CAR_0730,CAR,450,standing,,,,17.3226,1,480,False
41,8,CAR_0730,CAR,450,standing,,,,4.5174,1,480,False
42,8,CAR_0645,CAR,405,standing,,,,11.7263,1,420,True
43,8,CAR_0815,CAR,495,standing,,,,10.6013,3,510,False
44,8,CAR_0730,CAR,450,standing,,,,30.6719,1,495,False
45,8,CAR_0700,CAR,420,standing,,,,1.4268,1,435,False
46,8,CAR_0800,CAR,480,standing,,,,10.1267,1,495,False
47,8,CAR_0745,CAR,465,standing,,,,30.3963,1,480,False
48,8,CAR_0700,CAR,420,standing,,,,19.6828,1,450,False
49,8,CAR_0730,CAR,450,standing,,,,10.0486,1,525,False
50,8,CAR_0745,CAR,465,standing,,,,10.6533,1,480,False
51,8,CAR_0815,CAR,495,standing,,,,7.8435,4,540,False
52,8,CAR_0745,CAR,465,rule,T5,"Chose to drive at 07:45 over drive at 07:30: lowest total cost (NZ$4.47 vs NZ$5.92), mainly arrival time.",arrival_time;habit,4.4703,1,495,False
53,8,CAR_0715,CAR,435,standing,,,,22.0743,2,525,False
54,8,CAR_0645,CAR,405,standing,,,,6.8473,1,420,True
55,8,CAR_0700,CAR,420,standing,,,,13.6885,1,435,False
56,8,CAR_0730,CAR,450,rule,T5,"Chose to drive at 07:30 over drive at 07:45: lowest total cost (NZ$10.82 vs NZ$10.79), mainly travel time.",travel_time,10.8222,2,510,False
57,8,CAR_0645,CAR,405,standing,,,,15.4115,5,420,True
58,8,CAR_0745,CAR,465,standing,,,,25.9425,7,480,False
59,8,CAR_0845,CAR,525,rule,T5,"Chose to drive at 08:45 over drive at 07:45: lowest total cost (NZ$7.24 vs NZ$11.61), mainly travel time.",travel_time;arrival_time,7.243,2,525,False
60,8,CAR_0730,CAR,450,standing,,,,5.8972,1,495,False
61,8,CAR_0830,CAR,510,standing,,,,10.6286,1,525,False
62,8,CAR_0745,CAR,465,standing,,,,22.4389,9,525,False
63,8,CAR_0830,CAR,510,standing,,,,25.4159,1,525,False
64,8,CAR_0745,CAR,465,rule,T5,"Chose to drive at 07:45 over drive at 07:30: lowest total cost (NZ$23.24 vs NZ$23.69), mainly arrival time.",arrival_time;habit,23.2435,1,510,False
65,8,CAR_0630,CAR,390,standing,,,,24.0106,3,420,True
66,8,CAR_0730,CAR,450,standing,,,,3.3341,1,465,False
67,8,CAR_0645,CAR,405,standing,,,,17.4691,12,420,True
68,8,CAR_0800,CAR,480,standing,,,,11.1542,8,510,False
69,8,CAR_0900,CAR,540,standing,,,,33.406,1,555,False
70,8,CAR_0730,CAR,450,standing,,,,32.4511,1,480,False
71,8,PT,PT,,standing,,,,38.5683,1,525,False
72,8,CAR_0715,CAR,435,standing,,,,25.3249,1,510,False
73,8,CAR_0645,CAR,405,standing,,,,16.2411,1,420,True
74,8,CAR_0645,CAR,405,standing,,,,14.5074,1,420,True
75,8,CAR_0745,CAR,465,standing,,,,7.015,1,495,False
76,8,CAR_0800,CAR,480,standing,,,,25.6789,1,495,False
77,8,CAR_0730,CAR,450,standing,,,,27.0578,1,465,False
78,8,CAR_0745,CAR,465,standing,,,,1.9363,1,510,False
79,8,CAR_0630,CAR,390,standing,,,,20.9062,4,420,True
80,8,CAR_0730,CAR,450,standing,,,,26.168,1,465,False
81,8,CAR_0715,CAR,435,standing,,,,34.2486,1,450,False
82,8,CAR_0830,CAR,510,standing,,,,19.9036,1,555,False
83,8,PT,PT,,standing,,,,35.1332,1,510,False
84,8,CAR_0930,CAR,570,standing,,,,18.4785,1,585,False
85,8,CAR_0845,CAR,525,standing,,,,6.6973,1,540,False
86,8,CAR_0800,CAR,480,standing,,,,3.1605,1,525,False
87,8,CAR_0830,CAR,510,standing,,,,5.7434,1,525,False
88,8,CAR_0645,CAR,405,standing,,,,16.8156,7,525,False
89,8,CAR_0715,CAR,435,standing,,,,13.6074,1,450,False
90,8,CAR_0815,CAR,495,standing,,,,27.0633,1,510,False
91,8,CAR_0715,CAR,435,standing,,,,6.3402,1,450,False
92,8,CAR_0745,CAR,465,standing,,,,2.6261,1,480,False
93,8,CAR_0815,CAR,495,standing,,,,40.9032,6,540,False
94,8,CAR_0800,CAR,480,standing,,,,28.2037,1,510,False
95,8,CAR_0630,CAR,390,standing,,,,3.062,2,420,False
96,8,CAR_0915,CAR,555,standing,,,,10.2115,1,570,False
97,8,CAR_0845,CAR,525,standing,,,,36.6693,2,555,False
98,8,CAR_0730,CAR,450,standing,,,,6.6101,1,480,False
99,8,CAR_0830,CAR,510,standing,,,,21.7216,4,555,False
100,8,CAR_0645,CAR,405,standing,,,,10.3006,1,420,False
101,8,CAR_0830,CAR,510,rule,T5,"Chose to drive at 08:30 over drive at 07:45: lowest total cost (NZ$14.35 vs NZ$21.12), mainly travel time.",travel_time;arrival_time,14.3517,1,525,False
102,8,CAR_0700,CAR,420,standing,,,,14.4381,1,435,False
103,8,CAR_0915,CAR,555,standing,,,,6.268,1,570,False
104,8,CAR_0830,CAR,510,rule,T5,"Chose to drive at 08:30 over drive at 06:45 for the early start: lowest total cost (NZ$14.13 vs NZ$20.48), mainly arrival time.",arrival_time;travel_time,14.1323,1,525,False
105,8,CAR_0815,CAR,495,standing,,,,26.8868,1,540,False
106,8,CAR_0830,CAR,510,rule,T5,"Chose to drive at 08:30 over drive at 07:45: lowest total cost (NZ$20.87 vs NZ$34.20), mainly travel time.",travel_time;arrival_time,20.871,1,525,False
107,8,CAR_0700,CAR,420,standing,,,,30.1021,1,435,False
108,8,CAR_0830,CAR,510,rule,T5,"Chose to drive at 08:30 over drive at 06:45 for the early start: lowest total cost (NZ$32.50 vs NZ$42.38), mainly arrival time.",arrival_time;travel_time,32.4998,1,525,False
109,8,CAR_0730,CAR,450,standing,,,,15.772,1,495,False
110,8,PT,PT,,standing,,,,32.515,1,555,False
111,8,CAR_0815,CAR,495,standing,,,,9.8242,1,510,False
112,8,CAR_0600,CAR,360,standing,,,,4.1264,2,420,False
113,8,CAR_0745,CAR,465,standing,,,,8.1948,1,480,False
114,8,CAR_0845,CAR,525,standing,,,,17.2119,2,540,False
115,8,CAR_0845,CAR,525,standing,,,,10.4088,1,540,False
116,8,CAR_0815,CAR,495,standing,,,,17.5292,5,510,False
117,8,CAR_0800,CAR,480,standing,,,,9.8802,1,495,False
118,8,CAR_0900,CAR,540,standing,,,,11.6357,1,555,False
119,8,CAR_0830,CAR,510,standing,,,,7.9941,1,525,False
120,8,CAR_0845,CAR,525,standing,,,,27.1104,1,555,False
121,8,CAR_0730,CAR,450,standing,,,,29.8574,1,465,False
122,8,CAR_0900,CAR,540,standing,,,,5.9707,1,555,False
123,8,PT,PT,,standing,,,,33.4356,1,435,False
124,8,CAR_0730,CAR,450,standing,,,,9.4681,1,465,False
125,8,CAR_0800,CAR,480,standing,,,,38.3026,11,510,False
126,8,CAR_0845,CAR,525,standing,,,,8.1902,1,540,False
127,8,CAR_0900,CAR,540,standing,,,,36.32,1,555,False
128,8,CAR_0745,CAR,465,rule,T5,"Chose to drive at 07:45 over drive at 07:30: lowest total cost (NZ$3.89 vs NZ$5.38), mainly arrival time.",arrival_time;habit,3.8853,1,495,False
129,8,CAR_0815,CAR,495,standing,,,,26.4195,1,525,False
130,8,CAR_0800,CAR,480,standing,,,,16.0932,1,495,False
131,8,CAR_0730,CAR,450,standing,,,,14.5346,2,495,False
132,8,CAR_0830,CAR,510,rule,T5,"Chose to drive at 08:30 over drive at 07:30: lowest total cost (NZ$11.41 vs NZ$12.82), mainly arrival time.",arrival_time;travel_time,11.4137,1,525,False
133,8,CAR_0715,CAR,435,standing,,,,33.2779,1,450,False
134,8,CAR_0900,CAR,540,standing,,,,28.8052,1,555,False
135,8,CAR_0745,CAR,465,rule,T5,"Chose to drive at 07:45 over drive at 07:30: lowest total cost (NZ$4.60 vs NZ$6.03), mainly arrival time.",arrival_time;habit,4.5985,1,495,False
136,8,CAR_0845,CAR,525,rule,T5,"Chose to drive at 08:45 over drive at 07:45: lowest total cost (NZ$30.42 vs NZ$39.32), mainly travel time.",travel_time;arrival_time,30.4237,1,540,False
137,8,CAR_0730,CAR,450,standing,,,,30.3729,1,465,False
138,8,CAR_0730,CAR,450,rule,T5,"Chose to drive at 07:30 over drive at 07:15: lowest total cost (NZ$25.95 vs NZ$27.40), mainly arrival time.",arrival_time;habit,25.946,1,510,False
139,8,CAR_0845,CAR,525,standing,,,,19.5829,3,540,False
140,8,CAR_0845,CAR,525,standing,,,,15.7182,1,540,False
141,8,CAR_0830,CAR,510,standing,,,,10.2146,1,525,False
142,8,CAR_0815,CAR,495,standing,,,,12.8878,1,510,False
143,8,CAR_0815,CAR,495,standing,,,,30.0289,4,540,False
144,8,CAR_0730,CAR,450,standing,,,,14.1944,1,510,False
145,8,CAR_0645,CAR,405,standing,,,,30.7022,3,420,False
146,8,CAR_0645,CAR,405,standing,,,,8.3237,1,420,False
147,8,CAR_0800,CAR,480,standing,,,,27.9134,3,525,False
148,8,CAR_0845,CAR,525,standing,,,,26.4005,1,555,False
149,8,PT,PT,,standing,,,,37.0227,2,525,False
150,8,CAR_0800,CAR,480,rule,T3,"Chose to drive at 08:00 over drive at 08:15: lowest total cost (NZ$31.00 vs NZ$41.98), mainly arrival time.",arrival_time;travel_time,31.0026,1,510,False
151,8,CAR_0815,CAR,495,standing,,,,39.1102,2,510,False
152,8,CAR_0715,CAR,435,standing,,,,24.4135,1,450,False
153,8,CAR_0715,CAR,435,standing,,,,15.6607,1,450,False
154,8,CAR_0815,CAR,495,standing,,,,24.7662,1,540,False
155,8,CAR_0830,CAR,510,standing,,,,21.2768,1,540,False
156,8,CAR_0815,CAR,495,standing,,,,8.0283,1,510,False
157,8,PT,PT,,standing,,,,31.2766,1,495,False
158,8,CAR_0730,CAR,450,standing,,,,1.3757,1,465,False
159,8,CAR_0630,CAR,390,standing,,,,12.0179,1,420,True
160,8,CAR_0715,CAR,435,standing,,,,15.0719,1,450,False
161,8,PT,PT,,standing,,,,31.7909,2,555,False
162,8,CAR_0730,CAR,450,rule,T5,"Chose to drive at 07:30 over drive at 07:45: lowest total cost (NZ$18.03 vs NZ$21.82), mainly travel time.",travel_time;arrival_time,18.0255,1,495,False
163,8,CAR_0745,CAR,465,standing,,,,28.4739,5,480,False
164,8,CAR_0800,CAR,480,standing,,,,13.6655,1,495,False
165,8,CAR_0745,CAR,465,rule,T5,"Chose to drive at 07:45 over drive at 08:30: lowest total cost (NZ$31.85 vs NZ$32.72), mainly arrival time.",arrival_time;habit,31.8497,1,510,False
166,8,CAR_0930,CAR,570,standing,,,,11.779,1,585,False
167,8,CAR_0800,CAR,480,standing,,,,9.0548,2,510,False
168,8,CAR_0745,CAR,465,standing,,,,16.3845,2,480,False
169,8,CAR_0730,CAR,450,standing,,,,2.1149,1,465,False
170,8,CAR_0645,CAR,405,standing,,,,13.9782,7,420,True
171,8,CAR_0715,CAR,435,standing,,,,3.0773,1,465,False
172,8,CAR_0645,CAR,405,standing,,,,4.287,1,420,False
173,8,CAR_0800,CAR,480,standing,,,,26.9301,1,495,False
174,8,CAR_0915,CAR,555,standing,,,,17.637,1,570,False
175,8,CAR_0900,CAR,540,standing,,,,26.0517,1,555,False
176,8,CAR_0915,CAR,555,standing,,,,25.7475,1,585,False
177,8,PT,PT,,standing,,,,33.9097,1,495,False
178,8,CAR_0745,CAR,465,standing,,,,3.9571,1,480,False
179,8,CAR_0700,CAR,420,standing,,,,11.1415,1,435,False
180,8,CAR_0730,CAR,450,standing,,,,29.8008,1,480,False
181,8,PT,PT,,standing,,,,30.6124,1,450,False
182,8,CAR_0730,CAR,450,standing,,,,1.3625,1,465,False
183,8,CAR_0845,CAR,525,standing,,,,18.0948,2,555,False
184,8,CAR_0645,CAR,405,standing,,,,39.0767,9,420,True
185,8,CAR_0645,CAR,405,standing,,,,3.5985,1,420,False
186,8,CAR_0600,CAR,360,standing,,,,3.1533,2,420,False
187,8,CAR_0845,CAR,525,standing,,,,8.5881,1,540,False
188,8,CAR_0830,CAR,510,rule,T5,"Chose to drive at 08:30 over drive at 07:45: lowest total cost (NZ$29.96 vs NZ$39.63), mainly travel time.",travel_time;arrival_time,29.9601,1,525,False
189,8,PT,PT,,standing,,,,34.6608,1,495,False
190,8,CAR_0815,CAR,495,standing,,,,17.7534,1,525,False
191,8,CAR_0745,CAR,465,standing,,,,23.1698,1,510,False
192,8,CAR_0630,CAR,390,standing,,,,19.8054,1,420,True
193,8,CAR_0945,CAR,585,standing,,,,25.19,1,600,False
194,8,CAR_0630,CAR,390,rule,T5,"Chose to drive at 06:30 for the early start over drive at 07:45: lowest total cost (NZ$13.90 vs NZ$31.79), mainly travel time.",travel_time;arrival_time,13.8986,1,420,True
195,8,CAR_0645,CAR,405,standing,,,,4.0067,3,465,False
196,8,CAR_0715,CAR,435,standing,,,,1.8386,1,435,False
197,8,CAR_0645,CAR,405,standing,,,,32.1086,7,555,False
198,8,CAR_0815,CAR,495,standing,,,,19.5548,7,525,False
199,8,CAR_0745,CAR,465,standing,,,,30.2331,1,480,False
200,8,CAR_0845,CAR,525,standing,,,,9.1101,1,540,False
201,8,PT,PT,,standing,,,,30.6199,1,555,False
202,8,CAR_0930,CAR,570,standing,,,,25.1092,1,585,False
203,8,CAR_0715,CAR,435,standing,,,,16.3345,1,450,False
204,8,CAR_0845,CAR,525,standing,,,,14.1096,1,540,False
205,8,CAR_0745,CAR,465,rule,T5,"Chose to drive at 07:45 over drive at 07:30: lowest total cost (NZ$8.21 vs NZ$9.76), mainly arrival time.",arrival_time;habit,8.2062,1,495,False
206,8,CAR_0730,CAR,450,standing,,,,25.9532,1,510,False
207,8,CAR_0715,CAR,435,standing,,,,0.3439,1,450,False
208,8,CAR_0645,CAR,405,standing,,,,20.4623,10,420,True
209,8,CAR_0715,CAR,435,standing,,,,1.98,1,450,False
210,8,CAR_0615,CAR,375,standing,,,,2.3875,2,435,False
211,8,CAR_0800,CAR,480,standing,,,,34.6303,5,495,False
212,8,CAR_0845,CAR,525,rule,T3,"Chose to drive at 08:45 over drive at 08:30: lowest total cost (NZ$19.95 vs NZ$20.27), mainly changing routine.",habit;travel_time,19.9532,1,525,False
213,8,CAR_0630,CAR,390,standing,,,,41.1037,3,420,True
214,8,CAR_0845,CAR,525,standing,,,,27.8129,1,555,False
215,8,CAR_0730,CAR,450,standing,,,,5.5869,1,465,False
216,8,CAR_0645,CAR,405,rule,T5,"Chose to drive at 06:45 for the early start over drive at 07:45: lowest total cost (NZ$26.40 vs NZ$26.17), mainly travel time.",travel_time,26.4004,4,420,True
217,8,PT,PT,,standing,,,,32.3898,1,510,False
218,8,CAR_0830,CAR,510,standing,,,,15.2965,1,525,False
219,8,PT,PT,,standing,,,,30.3743,1,525,False
220,8,CAR_0815,CAR,495,standing,,,,29.7308,1,525,False
221,8,CAR_0715,CAR,435,standing,,,,22.4463,1,480,False
222,8,CAR_0745,CAR,465,standing,,,,18.4873,3,540,False
223,8,CAR_0915,CAR,555,standing,,,,30.3069,1,570,False
224,8,CAR_0730,CAR,450,standing,,,,19.8842,1,480,False
225,8,CAR_0845,CAR,525,standing,,,,20.9244,2,525,False
226,8,CAR_0730,CAR,450,standing,,,,11.8389,1,480,False
227,8,CAR_0845,CAR,525,standing,,,,8.699,1,540,False
228,8,CAR_0715,CAR,435,rule,T5,"Chose to drive at 07:15 over drive at 07:00: lowest total cost (NZ$2.73 vs NZ$2.13), mainly travel time.",travel_time;arrival_time,2.7313,2,450,False
229,8,CAR_0645,CAR,405,standing,,,,7.0743,2,420,True
230,8,CAR_0745,CAR,465,rule,T5,"Chose to drive at 07:45 over drive at 06:30 for the early start: lowest total cost (NZ$30.14 vs NZ$31.15), mainly arrival time.",arrival_time;habit,30.1365,1,510,False
231,8,CAR_0830,CAR,510,standing,,,,10.2495,1,525,False
232,8,CAR_0830,CAR,510,standing,,,,12.4075,1,525,False
233,8,CAR_0715,CAR,435,standing,,,,6.9681,1,450,False
234,8,CAR_0930,CAR,570,standing,,,,23.2601,1,585,False
235,8,CAR_0915,CAR,555,standing,,,,28.7751,1,570,False
236,8,CAR_0730,CAR,450,rule,T5,"Chose to drive at 07:30 over drive at 07:45: lowest total cost (NZ$15.85 vs NZ$19.00), mainly travel time.",travel_time;arrival_time,15.8529,1,495,False
237,8,CAR_0845,CAR,525,standing,,,,20.4337,1,555,False
238,8,CAR_0745,CAR,465,standing,,,,11.4358,3,555,False
239,8,CAR_0730,CAR,450,standing,,,,3.5455,1,465,False
240,8,CAR_0915,CAR,555,standing,,,,9.9528,1,570,False
241,8,CAR_0730,CAR,450,rule,T5,"Chose to drive at 07:30 over drive at 07:45: lowest total cost (NZ$17.80 vs NZ$21.42), mainly travel time.",travel_time,17.798,1,495,False
242,8,CAR_0745,CAR,465,standing,,,,5.917,1,480,False
243,8,CAR_0830,CAR,510,standing,,,,29.4482,1,540,False
244,8,CAR_0715,CAR,435,standing,,,,18.4047,1,450,False
245,8,CAR_0915,CAR,555,standing,,,,15.7174,1,555,False
246,8,CAR_0700,CAR,420,standing,,,,16.883,1,435,False
247,8,CAR_0845,CAR,525,standing,,,,30.4536,1,570,False
248,8,PT,PT,,standing,,,,31.6977,1,540,False
249,8,CAR_0815,CAR,495,standing,,,,23.4615,1,510,False
250,8,CAR_0830,CAR,510,standing,,,,19.5674,1,525,False
251,8,CAR_0715,CAR,435,standing,,,,15.9928,1,480,False
252,8,CAR_0800,CAR,480,standing,,,,30.3101,1,525,False
253,8,CAR_0715,CAR,435,rule,T5,"Chose to drive at 07:15 over drive at 07:00: lowest total cost (NZ$4.69 vs NZ$5.87), mainly travel time.",travel_time;habit,4.6908,1,435,False
254,8,CAR_0830,CAR,510,rule,T5,"Chose to drive at 08:30 over drive at 07:45: lowest total cost (NZ$25.80 vs NZ$35.93), mainly travel time.",travel_time;arrival_time,25.802,1,525,False
255,8,CAR_0800,CAR,480,standing,,,,21.1664,1,495,False
256,8,CAR_0630,CAR,390,standing,,,,28.4246,1,420,False
257,8,CAR_0715,CAR,435,standing,,,,31.3738,2,450,False
258,8,CAR_0815,CAR,495,standing,,,,27.3163,5,525,False
259,8,CAR_0845,CAR,525,standing,,,,17.7419,4,540,False
260,8,CAR_0800,CAR,480,standing,,,,15.2298,1,540,False
261,8,CAR_0715,CAR,435,rule,T5,"Chose to drive at 07:15 over drive at 07:45: lowest total cost (NZ$19.05 vs NZ$26.17), mainly travel time.",travel_time,19.0526,1,495,False
262,8,CAR_0900,CAR,540,standing,,,,25.6355,1,570,False
263,8,CAR_0630,CAR,390,standing,,,,7.5687,1,420,False
264,8,CAR_0715,CAR,435,standing,,,,2.4973,1,465,False
265,8,CAR_0645,CAR,405,standing,,,,28.5617,1,420,True
266,8,CAR_0800,CAR,480,standing,,,,11.4958,1,510,False
267,8,CAR_0900,CAR,540,standing,,,,27.3396,1,555,False
268,8,CAR_0645,CAR,405,standing,,,,28.4865,1,495,False
269,8,CAR_0700,CAR,420,standing,,,,3.865,1,435,False
270,8,CAR_0730,CAR,450,standing,,,,24.5518,1,465,False
271,8,CAR_0900,CAR,540,standing,,,,31.2361,1,555,False
272,8,CAR_0915,CAR,555,standing,,,,26.1937,1,600,False
273,8,CAR_0845,CAR,525,standing,,,,32.9626,1,555,False
274,8,CAR_0700,CAR,420,standing,,,,8.6465,1,435,False
275,8,CAR_0745,CAR,465,rule,T5,"Chose to drive at 07:45 over drive at 08:30: lowest total cost (NZ$11.79 vs NZ$12.60), mainly arrival time.",arrival_time;habit,11.7936,1,510,False
276,8,CAR_0745,CAR,465,standing,,,,35.5131,2,480,False
277,8,CAR_0815,CAR,495,standing,,,,18.9174,8,525,False
278,8,PT,PT,,standing,,,,32.5009,1,525,False
279,8,CAR_0700,CAR,420,standing,,,,16.0913,1,450,False
280,8,CAR_0700,CAR,420,standing,,,,3.8484,1,435,False
281,8,CAR_0645,CAR,405,standing,,,,26.2592,3,420,True
282,8,CAR_0730,CAR,450,standing,,,,3.2154,1,465,False
283,8,CAR_0800,CAR,480,standing,,,,5.2554,2,495,False
284,8,PT,PT,,standing,,,,34.3552,2,525,False
285,8,CAR_0645,CAR,405,standing,,,,29.5967,1,420,True
286,8,CAR_0715,CAR,435,rule,T5,"Chose to drive at 07:15 over drive at 07:45: lowest total cost (NZ$8.50 vs NZ$14.59), mainly travel time.",travel_time;arrival_time,8.4983,1,480,False
287,8,CAR_0630,CAR,390,standing,,,,9.2017,1,420,False
288,8,CAR_0900,CAR,540,standing,,,,26.3606,1,555,False
289,8,CAR_0745,CAR,465,standing,,,,13.2541,2,510,False
290,8,CAR_0830,CAR,510,standing,,,,35.214,2,525,False
291,8,CAR_0830,CAR,510,rule,T5,"Chose to drive at 08:30 over drive at 07:45: lowest total cost (NZ$12.83 vs NZ$22.68), mainly travel time.",travel_time;arrival_time,12.8268,1,525,False
292,8,PT,PT,,rule,T5,"Chose to take PT over drive at 07:45: lowest total cost (NZ$41.79 vs NZ$49.44), mainly travel time.",travel_time;other,41.7859,1,510,False
293,8,CAR_0815,CAR,495,standing,,,,29.4953,1,510,False
294,8,CAR_0815,CAR,495,standing,,,,34.7684,1,525,False
295,8,CAR_0715,CAR,435,standing,,,,11.7043,1,450,False
296,8,CAR_0630,CAR,390,standing,,,,49.5895,6,420,True
297,8,PT,PT,,standing,,,,37.0599,1,465,False
298,8,CAR_0715,CAR,435,standing,,,,8.0748,1,465,False
299,8,CAR_0800,CAR,480,standing,,,,19.6023,9,510,False
0,9,CAR_0730,CAR,450,standing,,,,24.5262,1,465,False
1,9,CAR_0900,CAR,540,standing,,,,30.1387,1,555,False
2,9,CAR_0915,CAR,555,standing,,,,26.1928,1,600,False
3,9,CAR_0845,CAR,525,standing,,,,32.5941,1,555,False
4,9,CAR_0700,CAR,420,standing,,,,8.5979,1,435,False
5,9,CAR_0745,CAR,465,standing,,,,11.0575,3,510,False
6,9,CAR_0745,CAR,465,standing,,,,34.203,1,480,False
7,9,CAR_0815,CAR,495,standing,,,,14.6224,1,525,False
8,9,PT,PT,,standing,,,,32.5009,1,525,False
9,9,CAR_0700,CAR,420,standing,,,,16.027,1,450,False
10,9,CAR_0700,CAR,420,standing,,,,2.9267,1,435,False
11,9,CAR_0645,CAR,405,standing,,,,25.2278,3,420,True
12,9,CAR_0730,CAR,450,standing,,,,3.1378,1,465,False
13,9,CAR_0800,CAR,480,standing,,,,3.6049,1,495,False
14,9,PT,PT,,standing,,,,34.3552,1,525,False
15,9,CAR_0845,CAR,525,standing,,,,27.9059,1,540,False
16,9,CAR_0715,CAR,435,standing,,,,7.6275,1,480,False
17,9,CAR_0630,CAR,390,rule,T5,"Chose to drive at 06:30 over drive at 06:15: lowest total cost (NZ$8.83 vs NZ$11.35), mainly arrival time.",arrival_time;habit,8.8282,1,420,False
18,9,CAR_0900,CAR,540,standing,,,,26.1331,1,555,False
19,9,CAR_0745,CAR,465,standing,,,,13.0677,3,510,False
20,9,CAR_0830,CAR,510,standing,,,,33.2576,1,525,False
21,9,CAR_0830,CAR,510,standing,,,,12.6698,1,525,False
22,9,PT,PT,,standing,,,,40.7859,3,510,False
23,9,CAR_0815,CAR,495,standing,,,,29.3947,1,510,False
24,9,CAR_0815,CAR,495,standing,,,,34.5722,1,525,False
25,9,CAR_0715,CAR,435,standing,,,,10.7727,1,450,False
26,9,CAR_0630,CAR,390,standing,,,,44.5858,2,420,True
27,9,PT,PT,,standing,,,,37.0599,1,465,False
28,9,CAR_0715,CAR,435,standing,,,,7.9797,1,465,False
29,9,CAR_0800,CAR,480,standing,,,,16.1899,1,510,False
30,9,CAR_0800,CAR,480,standing,,,,26.8544,4,540,False
31,9,CAR_0715,CAR,435,standing,,,,36.6496,1,450,False
32,9,CAR_0845,CAR,525,standing,,,,11.5535,1,555,False
33,9,CAR_0745,CAR,465,standing,,,,26.072,1,480,False
34,9,CAR_0645,CAR,405,standing,,,,11.1111,2,435,False
35,9,CAR_0800,CAR,480,standing,,,,29.667,2,495,False
36,9,CAR_0730,CAR,450,standing,,,,5.9022,1,480,False
37,9,CAR_0845,CAR,525,standing,,,,3.9023,1,555,False
38,9,CAR_0700,CAR,420,standing,,,,18.1313,1,435,False
39,9,CAR_0715,CAR,435,rule,T3,"Chose to drive at 07:15 over drive at 07:30: lowest total cost (NZ$20.52 vs NZ$36.11), mainly arrival time.",arrival_time;travel_time,20.5209,1,465,False
40,9,CAR_0730,CAR,450,standing,,,,17.3222,1,480,False
41,9,CAR_0730,CAR,450,standing,,,,8.3929,4,480,False
42,9,CAR_0645,CAR,405,standing,,,,11.9936,3,420,True
43,9,CAR_0815,CAR,495,standing,,,,10.992,4,510,False
44,9,CAR_0730,CAR,450,standing,,,,30.7241,2,495,False
45,9,CAR_0700,CAR,420,standing,,,,1.7917,1,435,False
46,9,CAR_0800,CAR,480,standing,,,,10.1457,1,495,False
47,9,CAR_0745,CAR,465,standing,,,,30.3963,1,480,False
48,9,CAR_0700,CAR,420,standing,,,,19.6828,1,450,False
49,9,CAR_0730,CAR,450,standing,,,,10.0322,1,525,False
50,9,CAR_0745,CAR,465,standing,,,,10.6479,1,480,False
51,9,CAR_0845,CAR,525,rule,T5,"Chose to drive at 08:45 over drive at 08:15: lowest total cost (NZ$6.23 vs NZ$7.34), mainly arrival time.",arrival_time;travel_time,6.2348,1,540,False
52,9,CAR_0745,CAR,465,standing,,,,4.5177,1,495,False
53,9,CAR_0715,CAR,435,standing,,,,22.6307,3,525,False
54,9,CAR_0645,CAR,405,standing,,,,8.3774,4,420,True
55,9,CAR_0700,CAR,420,standing,,,,13.6884,1,435,False
56,9,CAR_0730,CAR,450,standing,,,,11.0359,3,510,False
57,9,CAR_0645,CAR,405,standing,,,,15.9279,6,420,True
58,9,CAR_0745,CAR,465,standing,,,,25.9196,7,480,False
59,9,CAR_0845,CAR,525,standing,,,,6.3807,2,525,False
60,9,CAR_0730,CAR,450,standing,,,,5.94,2,495,False
61,9,CAR_0830,CAR,510,standing,,,,9.4641,1,525,False
62,9,CAR_0745,CAR,465,standing,,,,17.1989,4,525,False
63,9,CAR_0830,CAR,510,standing,,,,25.3432,1,525,False
64,9,CAR_0745,CAR,465,standing,,,,23.4369,3,510,False
65,9,CAR_0630,CAR,390,standing,,,,23.7823,3,420,True
66,9,CAR_0730,CAR,450,standing,,,,3.3412,1,465,False
67,9,CAR_0830,CAR,510,rule,T5,"Chose to drive at 08:30 over drive at 06:45 for the early start: lowest total cost (NZ$6.25 vs NZ$12.39), mainly arrival time.",arrival_time;travel_time,6.2534,1,525,False
68,9,CAR_0800,CAR,480,standing,,,,6.05,3,510,False
69,9,CAR_0900,CAR,540,standing,,,,33.4029,1,555,False
70,9,CAR_0730,CAR,450,standing,,,,32.657,1,480,False
71,9,PT,PT,,standing,,,,38.5683,1,525,False
72,9,CAR_0715,CAR,435,standing,,,,25.4625,1,510,False
73,9,CAR_0645,CAR,405,standing,,,,18.5047,5,420,True
74,9,CAR_0645,CAR,405,standing,,,,14.4808,1,420,True
75,9,CAR_0745,CAR,465,standing,,,,7.8501,1,495,False
76,9,CAR_0800,CAR,480,standing,,,,25.674,1,495,False
77,9,CAR_0730,CAR,450,standing,,,,27.026,1,465,False
78,9,CAR_0745,CAR,465,standing,,,,1.9364,1,510,False
79,9,CAR_0630,CAR,390,standing,,,,20.8296,4,420,True
80,9,CAR_0730,CAR,450,standing,,,,26.1589,1,465,False
81,9,CAR_0715,CAR,435,standing,,,,34.2639,1,450,False
82,9,CAR_0830,CAR,510,standing,,,,19.9036,1,555,False
83,9,PT,PT,,standing,,,,35.1332,1,510,False
84,9,CAR_0930,CAR,570,standing,,,,18.4695,1,585,False
85,9,CAR_0845,CAR,525,standing,,,,6.6529,1,540,False
86,9,CAR_0800,CAR,480,standing,,,,3.1785,1,525,False
87,9,CAR_0830,CAR,510,standing,,,,5.1094,1,525,False
88,9,CAR_0645,CAR,405,standing,,,,16.9385,8,525,False
89,9,CAR_0715,CAR,435,standing,,,,13.6035,1,450,False
90,9,CAR_0815,CAR,495,standing,,,,27.059,1,510,False
91,9,CAR_0715,CAR,435,standing,,,,6.357,1,450,False
92,9,CAR_0745,CAR,465,standing,,,,2.6243,1,480,False
93,9,CAR_0815,CAR,495,standing,,,,40.7708,7,540,False
94,9,CAR_0800,CAR,480,standing,,,,28.2036,1,510,False
95,9,CAR_0630,CAR,390,standing,,,,3.0415,1,420,False
96,9,CAR_0915,CAR,555,standing,,,,10.2115,1,570,False
97,9,CAR_0845,CAR,525,standing,,,,36.7543,2,555,False
98,9,CAR_0730,CAR,450,standing,,,,6.5553,1,480,False
99,9,CAR_0830,CAR,510,standing,,,,21.6432,4,555,False
100,9,CAR_0645,CAR,405,standing,,,,10.3006,1,420,False
101,9,CAR_0830,CAR,510,standing,,,,15.652,2,525,False
102,9,CAR_0700,CAR,420,standing,,,,14.4386,1,435,False
103,9,CAR_0915,CAR,555,standing,,,,6.268,1,570,False
104,9,CAR_0830,CAR,510,standing,,,,11.1163,1,525,False
105,9,CAR_0815,CAR,495,standing,,,,26.551,1,540,False
106,9,CAR_0830,CAR,510,standing,,,,13.6883,1,525,False
107,9,CAR_0700,CAR,420,rule,T5,"Chose to drive at 07:00 over drive at 06:45: lowest total cost (NZ$27.92 vs NZ$32.17), mainly arrival time.",arrival_time;travel_time;habit,27.9248,1,435,False
108,9,CAR_0830,CAR,510,standing,,,,27.8081,1,525,False
109,9,CAR_0730,CAR,450,standing,,,,15.9398,1,495,False
110,9,PT,PT,,standing,,,,32.515,1,555,False
111,9,CAR_0815,CAR,495,standing,,,,9.8239,1,510,False
112,9,CAR_0600,CAR,360,standing,,,,4.1264,3,420,False
113,9,CAR_0745,CAR,465,standing,,,,8.1585,1,480,False
114,9,CAR_0845,CAR,525,standing,,,,16.9957,1,540,False
115,9,CAR_0845,CAR,525,standing,,,,10.3964,1,540,False
116,9,CAR_0800,CAR,480,rule,T3,"Chose to drive at 08:00 over drive at 08:15: lowest total cost (NZ$12.39 vs NZ$18.61), mainly arrival time.",arrival_time;travel_time,12.3901,1,510,False
117,9,CAR_0800,CAR,480,standing,,,,9.8787,1,495,False
118,9,CAR_0900,CAR,540,standing,,,,11.636,1,555,False
119,9,CAR_0830,CAR,510,standing,,,,7.9924,1,525,False
120,9,CAR_0845,CAR,525,standing,,,,27.05,1,555,False
121,9,CAR_0730,CAR,450,standing,,,,29.8501,1,465,False
122,9,CAR_0900,CAR,540,standing,,,,5.9422,1,555,False
123,9,PT,PT,,standing,,,,33.4356,1,435,False
124,9,CAR_0730,CAR,450,standing,,,,9.4659,1,465,False
125,9,CAR_0800,CAR,480,standing,,,,26.5699,3,510,False
126,9,CAR_0845,CAR,525,standing,,,,8.1715,1,540,False
127,9,CAR_0900,CAR,540,standing,,,,36.2986,1,555,False
128,9,CAR_0745,CAR,465,standing,,,,3.9392,1,495,False
129,9,CAR_0815,CAR,495,standing,,,,26.4179,1,525,False
130,9,CAR_0800,CAR,480,standing,,,,16.0933,1,495,False
131,9,CAR_0730,CAR,450,standing,,,,14.8046,2,495,False
132,9,CAR_0830,CAR,510,standing,,,,9.258,1,525,False
133,9,CAR_0715,CAR,435,standing,,,,33.3347,1,450,False
134,9,CAR_0900,CAR,540,standing,,,,28.8031,1,555,False
135,9,CAR_0745,CAR,465,standing,,,,4.6075,1,495,False
136,9,CAR_0845,CAR,525,standing,,,,29.4462,1,540,False
137,9,CAR_0730,CAR,450,standing,,,,36.4725,2,465,False
138,9,CAR_0730,CAR,450,standing,,,,26.5842,3,510,False
139,9,CAR_0845,CAR,525,standing,,,,19.5583,3,540,False
140,9,CAR_0845,CAR,525,standing,,,,15.6835,1,540,False
141,9,CAR_0830,CAR,510,standing,,,,10.2111,1,525,False
142,9,CAR_0815,CAR,495,standing,,,,12.8889,1,510,False
143,9,CAR_0815,CAR,495,standing,,,,30.0433,4,540,False
144,9,CAR_0730,CAR,450,standing,,,,14.491,2,510,False
145,9,CAR_0645,CAR,405,standing,,,,31.7263,3,420,False
146,9,CAR_0645,CAR,405,standing,,,,8.5703,1,420,False
147,9,CAR_0800,CAR,480,standing,,,,27.0821,3,525,False
148,9,CAR_0845,CAR,525,standing,,,,26.4005,1,555,False
149,9,PT,PT,,standing,,,,37.0227,2,525,False
150,9,CAR_0800,CAR,480,standing,,,,30.1521,1,510,False
151,9,CAR_0815,CAR,495,standing,,,,38.6458,1,510,False
152,9,CAR_0715,CAR,435,standing,,,,24.4135,1,450,False
153,9,CAR_0715,CAR,435,standing,,,,15.664,1,450,False
154,9,CAR_0815,CAR,495,standing,,,,24.714,2,540,False
155,9,CAR_0830,CAR,510,standing,,,,21.2546,1,540,False
156,9,CAR_0815,CAR,495,standing,,,,8.0058,1,510,False
157,9,PT,PT,,standing,,,,31.2766,1,495,False
158,9,CAR_0730,CAR,450,standing,,,,1.3642,1,465,False
159,9,CAR_0630,CAR,390,standing,,,,11.9422,2,420,True
160,9,CAR_0715,CAR,435,standing,,,,15.4823,1,450,False
161,9,PT,PT,,standing,,,,31.7909,2,555,False
162,9,CAR_0730,CAR,450,standing,,,,17.1001,2,495,False
163,9,CAR_0745,CAR,465,standing,,,,27.5962,5,480,False
164,9,CAR_0800,CAR,480,standing,,,,13.6671,1,495,False
165,9,CAR_0745,CAR,465,standing,,,,31.0938,3,510,False
166,9,CAR_0930,CAR,570,standing,,,,11.7789,1,585,False
167,9,CAR_0800,CAR,480,standing,,,,10.389,3,510,False
168,9,CAR_0745,CAR,465,standing,,,,16.375,2,480,False
169,9,CAR_0730,CAR,450,standing,,,,2.1035,1,465,False
170,9,CAR_0645,CAR,405,standing,,,,12.7997,6,420,True
171,9,CAR_0715,CAR,435,standing,,,,3.0691,1,465,False
172,9,CAR_0645,CAR,405,standing,,,,4.2825,1,420,False
173,9,CAR_0800,CAR,480,standing,,,,26.9284,1,495,False
174,9,CAR_0915,CAR,555,standing,,,,17.6252,1,570,False
175,9,CAR_0900,CAR,540,standing,,,,26.145,1,555,False
176,9,CAR_0915,CAR,555,standing,,,,25.7473,1,585,False
177,9,PT,PT,,standing,,,,33.9097,1,495,False
178,9,CAR_0745,CAR,465,standing,,,,4.0595,1,480,False
179,9,CAR_0700,CAR,420,standing,,,,11.141,1,435,False
180,9,CAR_0730,CAR,450,standing,,,,29.7966,1,480,False
181,9,PT,PT,,standing,,,,30.6124,1,450,False
182,9,CAR_0730,CAR,450,standing,,,,1.2138,1,465,False
183,9,CAR_0845,CAR,525,standing,,,,18.0886,2,555,False
184,9,CAR_0645,CAR,405,standing,,,,39.7158,11,510,False
185,9,CAR_0645,CAR,405,standing,,,,3.5985,1,420,False
186,9,CAR_0600,CAR,360,standing,,,,3.1357,2,420,False
187,9,CAR_0845,CAR,525,standing,,,,8.2919,1,540,False
188,9,CAR_0830,CAR,510,standing,,,,31.9174,2,525,False
189,9,PT,PT,,standing,,,,34.6608,1,495,False
190,9,CAR_0815,CAR,495,standing,,,,17.7342,1,525,False
191,9,CAR_0745,CAR,465,standing,,,,23.2989,4,510,False
192,9,CAR_0630,CAR,390,standing,,,,19.6375,3,420,True
193,9,CAR_0945,CAR,585,standing,,,,25.19,1,600,False
194,9,CAR_0630,CAR,390,standing,,,,11.8322,1,420,True
195,9,CAR_0645,CAR,405,standing,,,,3.9777,3,465,False
196,9,CAR_0715,CAR,435,standing,,,,2.3579,2,435,False
197,9,CAR_0830,CAR,510,rule,T5,"Chose to drive at 08:30 over drive at 06:45: lowest total cost (NZ$29.92 vs NZ$31.70), mainly arrival time.",arrival_time;travel_time,29.9198,3,555,False
198,9,CAR_0815,CAR,495,standing,,,,18.4957,7,525,False
199,9,CAR_0745,CAR,465,standing,,,,30.233,1,480,False
200,9,CAR_0845,CAR,525,standing,,,,9.1101,1,540,False
201,9,PT,PT,,standing,,,,30.6199,1,555,False
202,9,CAR_0930,CAR,570,standing,,,,25.1092,1,585,False
203,9,CAR_0715,CAR,435,standing,,,,16.3268,1,450,False
204,9,CAR_0845,CAR,525,standing,,,,14.3346,1,540,False
205,9,CAR_0745,CAR,465,standing,,,,8.4258,1,495,False
206,9,CAR_0730,CAR,450,standing,,,,26.9624,3,510,False
207,9,CAR_0715,CAR,435,standing,,,,0.3438,1,450,False
208,9,CAR_0845,CAR,525,rule,T3,"Chose to drive at 08:45 over drive at 06:45: lowest total cost (NZ$11.86 vs NZ$21.50), mainly arrival time.",arrival_time;travel_time,11.8637,1,540,False
209,9,CAR_0715,CAR,435,standing,,,,2.3452,1,450,False
210,9,CAR_0615,CAR,375,standing,,,,2.3875,2,435,False
211,9,CAR_0800,CAR,480,standing,,,,35.9083,6,495,False
212,9,CAR_0845,CAR,525,rule,T3,"Chose to drive at 08:45 over drive at 08:30: lowest total cost (NZ$19.95 vs NZ$20.30), mainly changing routine.",habit;travel_time,19.9532,1,525,False
213,9,CAR_0630,CAR,390,standing,,,,40.1883,4,420,True
214,9,CAR_0845,CAR,525,standing,,,,27.8129,1,555,False
215,9,CAR_0730,CAR,450,standing,,,,5.6426,1,465,False
216,9,CAR_0645,CAR,405,standing,,,,25.7282,1,420,True
217,9,PT,PT,,standing,,,,32.3898,1,510,False
218,9,CAR_0830,CAR,510,standing,,,,19.4725,2,525,False
219,9,PT,PT,,standing,,,,30.3743,1,525,False
220,9,CAR_0815,CAR,495,standing,,,,29.9402,1,525,False
221,9,CAR_0715,CAR,435,standing,,,,22.667,1,480,False
222,9,CAR_0745,CAR,465,standing,,,,18.4837,3,540,False
223,9,CAR_0915,CAR,555,standing,,,,30.3069,1,570,False
224,9,CAR_0730,CAR,450,standing,,,,19.8784,1,480,False
225,9,CAR_0845,CAR,525,standing,,,,20.9217,2,525,False
226,9,CAR_0730,CAR,450,standing,,,,12.6143,1,480,False
227,9,CAR_0845,CAR,525,standing,,,,8.6957,1,540,False
228,9,CAR_0715,CAR,435,standing,,,,1.7424,1,450,False
229,9,CAR_0645,CAR,405,standing,,,,7.0976,2,420,True
230,9,CAR_0745,CAR,465,standing,,,,30.3099,3,510,False
231,9,CAR_0830,CAR,510,standing,,,,10.2463,1,525,False
232,9,CAR_0830,CAR,510,standing,,,,12.3622,1,525,False
233,9,CAR_0715,CAR,435,standing,,,,7.0025,1,450,False
234,9,CAR_0930,CAR,570,standing,,,,23.2601,1,585,False
235,9,CAR_0915,CAR,555,standing,,,,28.7751,1,570,False
236,9,CAR_0730,CAR,450,standing,,,,15.0268,1,495,False
237,9,CAR_0845,CAR,525,standing,,,,20.4348,1,555,False
238,9,CAR_0745,CAR,465,standing,,,,11.4335,3,555,False
239,9,CAR_0730,CAR,450,standing,,,,3.6904,1,465,False
240,9,CAR_0915,CAR,555,standing,,,,9.9528,1,570,False
241,9,CAR_0730,CAR,450,standing,,,,17.7265,1,495,False
242,9,CAR_0745,CAR,465,standing,,,,5.9148,1,480,False
243,9,CAR_0830,CAR,510,standing,,,,29.4418,1,540,False
244,9,CAR_0715,CAR,435,standing,,,,18.3961,1,450,False
245,9,CAR_0915,CAR,555,standing,,,,15.7173,1,555,False
246,9,CAR_0700,CAR,420,standing,,,,18.7865,1,435,False
247,9,CAR_0845,CAR,525,standing,,,,30.466,1,570,False
248,9,PT,PT,,standing,,,,31.6977,1,540,False
249,9,CAR_0815,CAR,495,standing,,,,23.4614,1,510,False
250,9,CAR_0830,CAR,510,standing,,,,19.5559,1,525,False
251,9,CAR_0715,CAR,435,standing,,,,16.0208,1,480,False
252,9,CAR_0800,CAR,480,standing,,,,30.3976,1,525,False
253,9,CAR_0715,CAR,435,standing,,,,5.4379,2,435,False
254,9,CAR_0830,CAR,510,standing,,,,26.3365,1,525,False
255,9,CAR_0800,CAR,480,standing,,,,21.1664,1,495,False
256,9,CAR_0630,CAR,390,standing,,,,28.4246,1,420,False
257,9,CAR_0715,CAR,435,standing,,,,31.3935,2,450,False
258,9,CAR_0815,CAR,495,standing,,,,27.1389,5,525,False
259,9,CAR_0845,CAR,525,standing,,,,17.7261,4,540,False
260,9,CAR_0800,CAR,480,standing,,,,15.3263,1,540,False
261,9,CAR_0715,CAR,435,standing,,,,18.0487,1,495,False
262,9,CAR_0900,CAR,540,standing,,,,25.6355,1,570,False
263,9,CAR_0630,CAR,390,standing,,,,7.5675,1,420,False
264,9,CAR_0715,CAR,435,standing,,,,2.6756,1,465,False
265,9,CAR_0645,CAR,405,standing,,,,28.5301,1,420,True
266,9,CAR_0800,CAR,480,standing,,,,11.6162,1,510,False
267,9,CAR_0900,CAR,540,standing,,,,27.3357,1,555,False
268,9,CAR_0645,CAR,405,standing,,,,28.5532,1,495,False
269,9,CAR_0700,CAR,420,standing,,,,3.8584,1,435,False
270,9,CAR_0730,CAR,450,standing,,,,24.549,1,465,False
271,9,CAR_0900,CAR,540,standing,,,,31.2361,1,555,False
272,9,CAR_0915,CAR,555,standing,,,,26.1938,1,600,False
273,9,CAR_0845,CAR,525,standing,,,,32.9415,1,555,False
274,9,CAR_0700,CAR,420,standing,,,,8.6527,1,435,False
275,9,CAR_0745,CAR,465,standing,,,,11.1817,3,510,False
276,9,CAR_0745,CAR,465,standing,,,,35.4375,2,480,False
277,9,CAR_0815,CAR,495,standing,,,,18.983,8,525,False
278,9,PT,PT,,standing,,,,32.5009,1,525,False
279,9,CAR_0700,CAR,420,standing,,,,16.076,1,450,False
280,9,CAR_0700,CAR,420,standing,,,,3.8448,1,435,False
281,9,CAR_0645,CAR,405,standing,,,,26.0235,3,420,True
282,9,CAR_0730,CAR,450,standing,,,,3.319,1,465,False
283,9,CAR_0800,CAR,480,standing,,,,6.4967,2,495,False
284,9,PT,PT,,standing,,,,34.3552,1,525,False
285,9,CAR_0645,CAR,405,standing,,,,29.5433,2,420,True
286,9,CAR_0715,CAR,435,standing,,,,7.7029,1,480,False
287,9,CAR_0630,CAR,390,standing,,,,8.9836,1,420,False
288,9,CAR_0900,CAR,540,standing,,,,26.3662,1,555,False
289,9,CAR_0745,CAR,465,standing,,,,13.2452,2,510,False
290,9,CAR_0830,CAR,510,standing,,,,35.2156,2,525,False
291,9,CAR_0830,CAR,510,standing,,,,13.9204,1,525,False
292,9,PT,PT,,standing,,,,40.7859,3,510,False
293,9,CAR_0815,CAR,495,standing,,,,29.4904,1,510,False
294,9,CAR_0815,CAR,495,standing,,,,34.7775,1,525,False
295,9,CAR_0715,CAR,435,standing,,,,11.7048,1,450,False
296,9,CAR_0630,CAR,390,standing,,,,48.2227,4,420,True
297,9,PT,PT,,standing,,,,37.0599,1,465,False
298,9,CAR_0715,CAR,435,standing,,,,8.0617,1,465,False
299,9,CAR_0800,CAR,480,standing,,,,16.2588,2,510,False
0,10,CAR_0730,CAR,450,standing,,,,24.5259,1,465,False
1,10,CAR_0900,CAR,540,standing,,,,30.1283,1,555,False
2,10,CAR_0915,CAR,555,standing,,,,26.1925,1,600,False
3,10,CAR_0845,CAR,525,standing,,,,32.5839,1,555,False
4,10,CAR_0700,CAR,420,standing,,,,8.5938,1,435,False
5,10,CAR_0745,CAR,465,standing,,,,11.0209,3,510,False
6,10,CAR_0745,CAR,465,standing,,,,34.1602,1,480,False
7,10,CAR_0815,CAR,495,standing,,,,14.8905,2,525,False
8,10,PT,PT,,standing,,,,32.5009,1,525,False
9,10,CAR_0700,CAR,420,standing,,,,16.0379,1,450,False
10,10,CAR_0700,CAR,420,standing,,,,2.9208,1,435,False
11,10,CAR_0645,CAR,405,standing,,,,25.2733,3,420,True
12,10,CAR_0730,CAR,450,standing,,,,3.1116,1,465,False
13,10,CAR_0800,CAR,480,standing,,,,3.7141,1,495,False
14,10,PT,PT,,standing,,,,34.3552,1,525,False
15,10,CAR_0845,CAR,525,standing,,,,27.7962,1,540,False
16,10,CAR_0715,CAR,435,standing,,,,7.455,1,480,False
17,10,CAR_0630,CAR,390,standing,,,,8.6566,1,420,False
18,10,CAR_0900,CAR,540,standing,,,,26.2185,1,555,False
19,10,CAR_0745,CAR,465,standing,,,,13.0502,3,510,False
20,10,CAR_0830,CAR,510,standing,,,,33.2467,1,525,False
21,10,CAR_0830,CAR,510,standing,,,,12.2066,1,525,False
22,10,PT,PT,,standing,,,,40.7859,2,510,False
23,10,CAR_0815,CAR,495,standing,,,,29.3911,1,510,False
24,10,CAR_0815,CAR,495,standing,,,,34.5683,1,525,False
25,10,CAR_0715,CAR,435,standing,,,,10.7703,1,450,False
26,10,CAR_0630,CAR,390,standing,,,,43.3642,1,420,True
27,10,PT,PT,,standing,,,,37.0599,1,465,False
28,10,CAR_0715,CAR,435,standing,,,,7.9645,1,465,False
29,10,CAR_0800,CAR,480,standing,,,,16.1695,1,510,False
30,10,CAR_0800,CAR,480,standing,,,,26.8482,3,540,False
31,10,CAR_0715,CAR,435,standing,,,,36.6421,1,450,False
32,10,CAR_0845,CAR,525,standing,,,,11.6041,1,555,False
33,10,CAR_0745,CAR,465,standing,,,,26.072,1,480,False
34,10,CAR_0645,CAR,405,standing,,,,11.1111,2,435,False
35,10,CAR_0800,CAR,480,standing,,,,30.1704,2,495,False
36,10,CAR_0730,CAR,450,standing,,,,5.7976,1,480,False
37,10,CAR_0845,CAR,525,standing,,,,4.4929,1,555,False
38,10,CAR_0700,CAR,420,standing,,,,18.1289,1,435,False
39,10,CAR_0715,CAR,435,standing,,,,19.7901,1,465,False
40,10,CAR_0730,CAR,450,standing,,,,17.322,1,480,False
41,10,CAR_0730,CAR,450,standing,,,,8.8299,6,480,False
42,10,CAR_0645,CAR,405,standing,,,,11.7798,3,420,True
43,10,CAR_0730,CAR,450,rule,T3,"Chose to drive at 07:30 over drive at 08:15: lowest total cost (NZ$10.73 vs NZ$11.44), mainly travel time.",travel_time;arrival_time,10.7285,3,510,False
44,10,CAR_0730,CAR,450,standing,,,,30.7424,2,495,False
45,10,CAR_0700,CAR,420,standing,,,,1.4311,1,435,False
46,10,CAR_0800,CAR,480,standing,,,,10.2544,1,495,False
47,10,CAR_0745,CAR,465,standing,,,,30.3963,1,480,False
48,10,CAR_0700,CAR,420,standing,,,,19.6828,1,450,False
49,10,CAR_0730,CAR,450,standing,,,,10.0206,1,525,False
50,10,CAR_0745,CAR,465,standing,,,,10.6442,1,480,False
51,10,CAR_0845,CAR,525,standing,,,,5.8971,1,540,False
52,10,CAR_0745,CAR,465,standing,,,,4.4086,1,495,False
53,10,CAR_0715,CAR,435,standing,,,,22.6739,3,525,False
54,10,CAR_0645,CAR,405,standing,,,,8.2237,3,420,True
55,10,CAR_0700,CAR,420,standing,,,,13.6883,1,435,False
56,10,CAR_0730,CAR,450,standing,,,,11.2755,4,510,False
57,10,CAR_0645,CAR,405,standing,,,,15.45,6,420,True
58,10,CAR_0745,CAR,465,standing,,,,25.9035,7,480,False
59,10,CAR_0830,CAR,510,rule,T3,"Chose to drive at 08:30 over drive at 08:45: lowest total cost (NZ$6.30 vs NZ$14.08), mainly arrival time.",arrival_time;travel_time,6.3041,1,525,False
60,10,CAR_0730,CAR,450,standing,,,,5.8526,2,495,False
61,10,CAR_0830,CAR,510,standing,,,,9.4641,1,525,False
62,10,CAR_0745,CAR,465,standing,,,,17.0348,4,525,False
63,10,CAR_0830,CAR,510,standing,,,,25.4159,1,525,False
64,10,CAR_0745,CAR,465,standing,,,,23.4087,3,510,False
65,10,CAR_0630,CAR,390,standing,,,,23.7527,3,420,True
66,10,CAR_0730,CAR,450,standing,,,,3.3076,1,465,False
67,10,CAR_0830,CAR,510,standing,,,,8.0857,1,525,False
68,10,CAR_0800,CAR,480,standing,,,,5.9644,2,510,False
69,10,CAR_0900,CAR,540,standing,,,,33.4008,1,555,False
70,10,CAR_0730,CAR,450,standing,,,,32.5897,1,480,False
71,10,PT,PT,,standing,,,,38.5683,1,525,False
72,10,CAR_0715,CAR,435,standing,,,,25.5217,1,510,False
73,10,CAR_0645,CAR,405,standing,,,,18.2179,5,420,True
74,10,CAR_0645,CAR,405,standing,,,,14.4622,1,420,True
75,10,CAR_0745,CAR,465,standing,,,,7.6632,1,495,False
76,10,CAR_0800,CAR,480,standing,,,,25.6705,1,495,False
77,10,CAR_0730,CAR,450,standing,,,,27.0038,1,465,False
78,10,CAR_0745,CAR,465,standing,,,,1.9365,1,510,False
79,10,CAR_0630,CAR,390,standing,,,,20.7759,4,420,True
80,10,CAR_0730,CAR,450,standing,,,,26.1525,1,465,False
81,10,CAR_0715,CAR,435,standing,,,,34.2383,1,450,False
82,10,CAR_0830,CAR,510,standing,,,,19.9036,1,555,False
83,10,PT,PT,,standing,,,,35.1332,1,510,False
84,10,CAR_0930,CAR,570,standing,,,,18.4631,1,585,False
85,10,CAR_0845,CAR,525,standing,,,,6.6219,1,540,False
86,10,CAR_0800,CAR,480,standing,,,,3.2205,1,525,False
87,10,CAR_0830,CAR,510,standing,,,,5.1094,1,525,False
88,10,CAR_0645,CAR,405,standing,,,,16.8387,8,525,False
89,10,CAR_0715,CAR,435,standing,,,,13.6007,1,450,False
90,10,CAR_0815,CAR,495,standing,,,,27.056,1,510,False
91,10,CAR_0715,CAR,435,standing,,,,6.3448,1,450,False
92,10,CAR_0745,CAR,465,standing,,,,2.6231,1,480,False
93,10,CAR_0815,CAR,495,standing,,,,40.6027,6,540,False
94,10,CAR_0800,CAR,480,standing,,,,28.2036,1,510,False
95,10,CAR_0630,CAR,390,standing,,,,3.0271,2,420,False
96,10,CAR_0915,CAR,555,standing,,,,10.2115,1,570,False
97,10,CAR_0845,CAR,525,standing,,,,36.6598,2,555,False
98,10,CAR_0730,CAR,450,standing,,,,6.4311,1,480,False
99,10,CAR_0830,CAR,510,standing,,,,21.6236,4,555,False
100,10,CAR_0645,CAR,405,standing,,,,10.3006,1,420,False
101,10,CAR_0830,CAR,510,standing,,,,15.2911,2,525,False
102,10,CAR_0700,CAR,420,standing,,,,14.439,1,435,False
103,10,CAR_0915,CAR,555,standing,,,,6.268,1,570,False
104,10,CAR_0830,CAR,510,standing,,,,11.1996,1,525,False
105,10,CAR_0815,CAR,495,standing,,,,26.55,1,540,False
106,10,CAR_0830,CAR,510,standing,,,,13.6957,1,525,False
107,10,CAR_0700,CAR,420,standing,,,,27.9231,1,435,False
108,10,CAR_0830,CAR,510,standing,,,,28.7255,1,525,False
109,10,CAR_0730,CAR,450,standing,,,,15.8478,1,495,False
110,10,PT,PT,,standing,,,,32.515,1,555,False
111,10,CAR_0815,CAR,495,standing,,,,9.8236,1,510,False
112,10,CAR_0600,CAR,360,standing,,,,4.1264,3,420,False
113,10,CAR_0745,CAR,465,standing,,,,8.133,1,480,False
114,10,CAR_0845,CAR,525,standing,,,,16.9772,1,540,False
115,10,CAR_0845,CAR,525,standing,,,,10.3877,1,540,False
116,10,CAR_0800,CAR,480,standing,,,,11.4403,1,510,False
117,10,CAR_0800,CAR,480,standing,,,,9.9879,1,495,False
118,10,CAR_0900,CAR,540,standing,,,,11.6711,1,555,False
119,10,CAR_0830,CAR,510,standing,,,,7.9912,1,525,False
120,10,CAR_0845,CAR,525,standing,,,,27.0077,1,555,False
121,10,CAR_0730,CAR,450,standing,,,,29.5848,1,465,False
122,10,CAR_0900,CAR,540,standing,,,,5.9222,1,555,False
123,10,PT,PT,,standing,,,,33.4356,1,435,False
124,10,CAR_0730,CAR,450,standing,,,,9.4644,1,465,False
125,10,CAR_0800,CAR,480,standing,,,,26.4101,3,510,False
126,10,CAR_0845,CAR,525,standing,,,,8.1584,1,540,False
127,10,CAR_0900,CAR,540,standing,,,,36.2836,1,555,False
128,10,CAR_0745,CAR,465,standing,,,,3.8276,1,495,False
129,10,CAR_0815,CAR,495,standing,,,,26.4168,1,525,False
130,10,CAR_0800,CAR,480,standing,,,,16.0934,1,495,False
131,10,CAR_0730,CAR,450,standing,,,,14.518,2,495,False
132,10,CAR_0830,CAR,510,standing,,,,11.3569,1,525,False
133,10,CAR_0715,CAR,435,standing,,,,33.3155,1,450,False
134,10,CAR_0900,CAR,540,standing,,,,28.8113,1,555,False
135,10,CAR_0745,CAR,465,standing,,,,4.5247,1,495,False
136,10,CAR_0845,CAR,525,standing,,,,35.4192,3,540,False
137,10,CAR_0730,CAR,450,standing,,,,38.834,4,465,False
138,10,CAR_0730,CAR,450,standing,,,,26.915,3,510,False
139,10,CAR_0845,CAR,525,standing,,,,19.5411,3,540,False
140,10,CAR_0845,CAR,525,standing,,,,15.6592,1,540,False
141,10,CAR_0830,CAR,510,standing,,,,10.2087,1,525,False
142,10,CAR_0815,CAR,495,standing,,,,12.8896,1,510,False
143,10,CAR_0815,CAR,495,standing,,,,30.1392,4,540,False
144,10,CAR_0730,CAR,450,standing,,,,14.4659,2,510,False
145,10,CAR_0645,CAR,405,standing,,,,31.1743,3,420,False
146,10,CAR_0645,CAR,405,standing,,,,8.2948,1,420,False
147,10,CAR_0800,CAR,480,standing,,,,27.0708,3,525,False
148,10,CAR_0845,CAR,525,standing,,,,26.4005,1,555,False
149,10,PT,PT,,standing,,,,37.0227,2,525,False
150,10,CAR_0800,CAR,480,standing,,,,30.3897,1,510,False
151,10,CAR_0815,CAR,495,standing,,,,38.6243,1,510,False
152,10,CAR_0715,CAR,435,standing,,,,24.4135,1,450,False
153,10,CAR_0715,CAR,435,standing,,,,15.6309,1,450,False
154,10,CAR_0815,CAR,495,standing,,,,24.6121,2,540,False
155,10,CAR_0830,CAR,510,standing,,,,21.2391,1,540,False
156,10,CAR_0815,CAR,495,standing,,,,7.9901,1,510,False
157,10,PT,PT,,standing,,,,31.2766,1,495,False
158,10,CAR_0730,CAR,450,standing,,,,1.3561,1,465,False
159,10,CAR_0630,CAR,390,standing,,,,11.8892,2,420,True
160,10,CAR_0715,CAR,435,standing,,,,15.0764,1,450,False
161,10,PT,PT,,standing,,,,31.7909,2,555,False
162,10,CAR_0730,CAR,450,standing,,,,17.0264,2,495,False
163,10,CAR_0745,CAR,465,standing,,,,27.5222,5,480,False
164,10,CAR_0800,CAR,480,standing,,,,13.6683,1,495,False
165,10,CAR_0745,CAR,465,standing,,,,31.0764,3,510,False
166,10,CAR_0930,CAR,570,standing,,,,11.7788,1,585,False
167,10,CAR_0800,CAR,480,standing,,,,11.8034,6,510,False
168,10,CAR_0745,CAR,465,standing,,,,16.3684,2,480,False
169,10,CAR_0730,CAR,450,standing,,,,2.0955,1,465,False
170,10,CAR_0645,CAR,405,standing,,,,12.7431,6,420,True
171,10,CAR_0715,CAR,435,standing,,,,3.0634,1,465,False
172,10,CAR_0645,CAR,405,standing,,,,4.3424,1,420,False
173,10,CAR_0800,CAR,480,standing,,,,26.9272,1,495,False
174,10,CAR_0915,CAR,555,standing,,,,17.617,1,570,False
175,10,CAR_0900,CAR,540,standing,,,,26.1392,1,555,False
176,10,CAR_0915,CAR,555,standing,,,,25.7472,1,585,False
177,10,PT,PT,,standing,,,,33.9097,1,495,False
178,10,CAR_0745,CAR,465,standing,,,,4.0441,1,480,False
179,10,CAR_0700,CAR,420,standing,,,,11.1406,1,435,False
180,10,CAR_0730,CAR,450,standing,,,,29.7937,1,480,False
181,10,PT,PT,,standing,,,,30.6124,1,450,False
182,10,CAR_0730,CAR,450,standing,,,,1.2081,1,465,False
183,10,CAR_0845,CAR,525,standing,,,,18.0843,2,555,False
184,10,CAR_0645,CAR,405,standing,,,,39.1988,11,420,True
185,10,CAR_0645,CAR,405,standing,,,,3.5985,1,420,False
186,10,CAR_0600,CAR,360,standing,,,,3.1357,2,420,False
187,10,CAR_0845,CAR,525,standing,,,,8.278,1,540,False
188,10,CAR_0830,CAR,510,standing,,,,31.5577,2,525,False
189,10,PT,PT,,standing,,,,34.6608,1,495,False
190,10,CAR_0815,CAR,495,standing,,,,17.7208,1,525,False
191,10,CAR_0745,CAR,465,standing,,,,23.0513,3,510,False
192,10,CAR_0630,CAR,390,standing,,,,19.5624,2,420,True
193,10,CAR_0945,CAR,585,standing,,,,25.19,1,600,False
194,10,CAR_0630,CAR,390,standing,,,,11.8322,1,420,True
195,10,CAR_0645,CAR,405,standing,,,,3.976,3,465,False
196,10,CAR_0715,CAR,435,standing,,,,2.3308,2,435,False
197,10,CAR_0830,CAR,510,standing,,,,29.377,2,555,False
198,10,CAR_0815,CAR,495,standing,,,,17.5219,6,525,False
199,10,CAR_0745,CAR,465,standing,,,,30.2329,1,480,False
200,10,CAR_0845,CAR,525,standing,,,,9.1101,1,540,False
201,10,PT,PT,,standing,,,,30.6199,1,555,False
202,10,CAR_0930,CAR,570,standing,,,,25.1092,1,585,False
203,10,CAR_0715,CAR,435,standing,,,,16.3214,1,450,False
204,10,CAR_0845,CAR,525,standing,,,,32.1839,5,540,False
205,10,CAR_0745,CAR,465,standing,,,,8.3171,1,495,False
206,10,CAR_0730,CAR,450,standing,,,,27.1642,3,510,False
207,10,CAR_0715,CAR,435,standing,,,,0.3438,1,450,False
208,10,CAR_0845,CAR,525,standing,,,,10.8637,1,540,False
209,10,CAR_0715,CAR,435,rule,T3,"Chose to drive at 07:15 over drive at 07:00: lowest total cost (NZ$2.80 vs NZ$2.41), mainly changing routine.",habit,2.7951,2,450,False
210,10,CAR_0615,CAR,375,standing,,,,2.3875,2,435,False
211,10,CAR_0745,CAR,465,rule,T3,"Chose to drive at 07:45 over drive at 08:00: lowest total cost (NZ$30.52 vs NZ$37.17), mainly arrival time.",arrival_time;travel_time,30.5204,1,495,False
212,10,CAR_0815,CAR,495,rule,T3,"Chose to drive at 08:15 over drive at 08:45: lowest total cost (NZ$20.57 vs NZ$19.95), mainly arrival time.",arrival_time,20.5704,3,525,False
213,10,CAR_0630,CAR,390,standing,,,,39.6309,3,420,True
214,10,CAR_0845,CAR,525,standing,,,,27.8129,1,555,False
215,10,CAR_0730,CAR,450,standing,,,,5.5995,1,465,False
216,10,CAR_0645,CAR,405,standing,,,,25.6555,2,420,True
217,10,PT,PT,,standing,,,,32.3898,1,510,False
218,10,CAR_0830,CAR,510,standing,,,,19.464,2,525,False
219,10,PT,PT,,standing,,,,30.3743,1,525,False
220,10,CAR_0815,CAR,495,standing,,,,30.1517,1,525,False
221,10,CAR_0715,CAR,435,standing,,,,22.6472,1,480,False
222,10,CAR_0745,CAR,465,standing,,,,18.4812,3,540,False
223,10,CAR_0915,CAR,555,standing,,,,30.3069,1,570,False
224,10,CAR_0730,CAR,450,standing,,,,19.8744,1,480,False
225,10,CAR_0845,CAR,525,standing,,,,20.9197,2,525,False
226,10,CAR_0730,CAR,450,standing,,,,12.8151,1,480,False
227,10,CAR_0845,CAR,525,standing,,,,8.6934,1,540,False
228,10,CAR_0715,CAR,435,standing,,,,1.749,1,450,False
229,10,CAR_0645,CAR,405,standing,,,,7.1139,2,420,True
230,10,CAR_0745,CAR,465,standing,,,,30.1248,3,510,False
231,10,CAR_0830,CAR,510,standing,,,,10.2441,1,525,False
232,10,CAR_0830,CAR,510,standing,,,,12.3305,1,525,False
233,10,CAR_0715,CAR,435,standing,,,,6.9631,1,450,False
234,10,CAR_0930,CAR,570,standing,,,,23.2601,1,585,False
235,10,CAR_0915,CAR,555,standing,,,,28.7751,1,570,False
236,10,CAR_0730,CAR,450,standing,,,,14.9391,1,495,False
237,10,CAR_0845,CAR,525,standing,,,,20.4356,1,555,False
238,10,CAR_0745,CAR,465,standing,,,,11.4319,3,555,False
239,10,CAR_0730,CAR,450,standing,,,,3.8606,1,465,False
240,10,CAR_0915,CAR,555,standing,,,,9.9528,1,570,False
241,10,CAR_0730,CAR,450,standing,,,,18.0333,1,495,False
242,10,CAR_0745,CAR,465,standing,,,,5.9132,1,480,False
243,10,CAR_0830,CAR,510,standing,,,,29.4374,1,540,False
244,10,CAR_0715,CAR,435,standing,,,,18.39,1,450,False
245,10,CAR_0915,CAR,555,standing,,,,15.7171,1,555,False
246,10,CAR_0700,CAR,420,standing,,,,16.9156,1,435,False
247,10,CAR_0845,CAR,525,standing,,,,30.4549,1,570,False
248,10,PT,PT,,standing,,,,31.6977,1,540,False
249,10,CAR_0815,CAR,495,standing,,,,23.4614,1,510,False
250,10,CAR_0830,CAR,510,standing,,,,19.5479,1,525,False
251,10,CAR_0715,CAR,435,standing,,,,16.0165,1,480,False
252,10,CAR_0800,CAR,480,standing,,,,30.5376,1,525,False
253,10,CAR_0715,CAR,435,standing,,,,5.4156,2,435,False
254,10,CAR_0830,CAR,510,standing,,,,25.7803,1,525,False
255,10,CAR_0800,CAR,480,standing,,,,21.1664,1,495,False
256,10,CAR_0630,CAR,390,standing,,,,28.4246,1,420,False
257,10,CAR_0715,CAR,435,standing,,,,31.3706,2,450,False
258,10,CAR_0815,CAR,495,standing,,,,26.9839,5,525,False
259,10,CAR_0845,CAR,525,standing,,,,17.7149,4,540,False
260,10,CAR_0800,CAR,480,standing,,,,15.4632,1,540,False
261,10,CAR_0715,CAR,435,standing,,,,17.9773,2,495,False
262,10,CAR_0900,CAR,540,standing,,,,25.6355,1,570,False
263,10,CAR_0630,CAR,390,standing,,,,7.5667,1,420,False
264,10,CAR_0715,CAR,435,standing,,,,2.7746,1,465,False
265,10,CAR_0645,CAR,405,standing,,,,28.508,1,420,True
266,10,CAR_0800,CAR,480,standing,,,,11.6673,1,510,False
267,10,CAR_0900,CAR,540,standing,,,,27.3329,1,555,False
268,10,CAR_0645,CAR,405,standing,,,,28.4324,1,495,False
269,10,CAR_0700,CAR,420,standing,,,,3.8538,1,435,False
270,10,CAR_0730,CAR,450,standing,,,,24.5469,1,465,False
271,10,CAR_0900,CAR,540,standing,,,,31.2361,1,555,False
272,10,CAR_0915,CAR,555,standing,,,,26.1938,1,600,False
273,10,CAR_0845,CAR,525,standing,,,,32.9267,1,555,False
274,10,CAR_0700,CAR,420,standing,,,,8.6571,1,435,False
275,10,CAR_0745,CAR,465,standing,,,,11.1932,3,510,False
276,10,CAR_0745,CAR,465,standing,,,,35.3846,1,480,False
277,10,CAR_0815,CAR,495,standing,,,,19.0187,8,525,False
278,10,PT,PT,,standing,,,,32.5009,1,525,False
279,10,CAR_0700,CAR,420,standing,,,,16.0943,1,450,False
280,10,CAR_0700,CAR,420,standing,,,,3.8423,1,435,False
281,10,CAR_0645,CAR,405,standing,,,,25.8983,3,420,True
282,10,CAR_0730,CAR,450,standing,,,,3.236,1,465,False
283,10,CAR_0800,CAR,480,standing,,,,8.0752,4,495,False
284,10,PT,PT,,standing,,,,34.3552,1,525,False
285,10,CAR_0645,CAR,405,standing,,,,29.5059,2,420,True
286,10,CAR_0715,CAR,435,standing,,,,7.5224,1,480,False
287,10,CAR_0630,CAR,390,standing,,,,8.9897,1,420,False
288,10,CAR_0900,CAR,540,standing,,,,26.3702,1,555,False
289,10,CAR_0745,CAR,465,standing,,,,13.2389,2,510,False
290,10,CAR_0830,CAR,510,standing,,,,35.2167,2,525,False
291,10,CAR_0830,CAR,510,standing,,,,13.418,1,525,False
292,10,PT,PT,,standing,,,,40.7859,2,510,False
293,10,CAR_0815,CAR,495,standing,,,,29.487,1,510,False
294,10,CAR_0815,CAR,495,standing,,,,34.7838,1,525,False
295,10,CAR_0715,CAR,435,standing,,,,11.7051,1,450,False
296,10,CAR_0630,CAR,390,standing,,,,47.0011,3,420,True
297,10,PT,PT,,standing,,,,37.0599,1,465,False
298,10,CAR_0715,CAR,435,standing,,,,8.0526,1,465,False
299,10,CAR_0800,CAR,480,standing,,,,16.2566,2,510,False
0,11,PT,PT,,rule,T2,"Chose to take PT over drive at 07:30: lowest total cost (NZ$29.58 vs NZ$31.66), mainly parking.",other;fee,29.5785,1,465,False
1,11,PT,PT,,rule,T2,"Chose to take PT over drive at 09:00: lowest total cost (NZ$33.96 vs NZ$37.62), mainly fuel.",other;fee,33.9601,1,555,False
2,11,PT,PT,,rule,T2,"Chose to take PT over drive at 09:15: lowest total cost (NZ$30.62 vs NZ$32.49), mainly parking.",other;fee,30.6222,1,600,False
3,11,PT,PT,,rule,T2,"Chose to take PT over drive at 08:45: lowest total cost (NZ$33.86 vs NZ$41.58), mainly parking.",other;fee,33.8596,1,555,False
4,11,CAR_0700,CAR,420,rule,T2,"Chose to drive at 07:00 over drive at 06:45: lowest total cost (NZ$14.59 vs NZ$17.83), mainly arrival time.",arrival_time;habit,14.591,1,435,False
5,11,CAR_0815,CAR,495,rule,T2,"Chose to drive at 08:15 over drive at 07:45: lowest total cost (NZ$17.56 vs NZ$20.00), mainly travel time.",travel_time;arrival_time,17.559,1,510,False
6,11,CAR_0645,CAR,405,rule,T2,"Chose to drive at 06:45 for the early start over drive at 07:45: lowest total cost (NZ$41.40 vs NZ$43.03), mainly the charge.",fee;travel_time,41.3951,1,420,True
7,11,WFH,WFH,,rule,T2,"Chose to work from home over drive at 08:15: lowest total cost (NZ$20.94 vs NZ$23.09), mainly the charge.",fee;other;travel_time,20.9404,2,,False
8,11,PT,PT,,rule,T2,"Chose to take PT over skip the trip: lowest total cost (NZ$32.50 vs NZ$38.60), mainly missing the day.",work_constraint;habit,32.5009,1,525,False
9,11,CAR_0700,CAR,420,rule,T2,"Chose to drive at 07:00 over drive at 07:15: lowest total cost (NZ$22.03 vs NZ$23.80), mainly changing routine.",habit;arrival_time;travel_time,22.0321,1,450,False
10,11,CAR_0700,CAR,420,rule,T2,"Chose to drive at 07:00 over drive at 06:45: lowest total cost (NZ$2.92 vs NZ$5.19), mainly arrival time.",arrival_time;habit,2.9166,1,435,False
11,11,CAR_0645,CAR,405,rule,T2,"Chose to drive at 06:45 for the early start over work from home: lowest total cost (NZ$31.19 vs NZ$30.35), mainly working from home.",flexibility;habit,31.1911,2,420,True
12,11,CAR_0730,CAR,450,rule,T2,"Chose to drive at 07:30 over drive at 07:15: lowest total cost (NZ$3.09 vs NZ$4.76), mainly arrival time.",arrival_time;habit,3.0933,1,465,False
13,11,CAR_0800,CAR,480,rule,T2,"Chose to drive at 08:00 over drive at 07:45: lowest total cost (NZ$3.59 vs NZ$4.99), mainly arrival time.",arrival_time;habit,3.586,1,495,False
14,11,PT,PT,,rule,T2,"Chose to take PT over skip the trip: lowest total cost (NZ$34.36 vs NZ$43.75), mainly missing the day.",work_constraint;habit,34.3552,1,525,False
15,11,CAR_0845,CAR,525,rule,T2,"Chose to drive at 08:45 over work from home: lowest total cost (NZ$36.04 vs NZ$36.46), mainly working from home.",flexibility;habit,36.0416,1,540,False
16,11,CAR_0715,CAR,435,rule,T2,"Chose to drive at 07:15 over drive at 07:30: lowest total cost (NZ$13.51 vs NZ$15.71), mainly travel time.",travel_time;fee;habit,13.5112,1,480,False
17,11,CAR_0630,CAR,390,rule,T2,"Chose to drive at 06:30 over drive at 06:45: lowest total cost (NZ$8.70 vs NZ$11.08), mainly arrival time.",arrival_time;habit,8.6953,1,420,False
18,11,CAR_0900,CAR,540,rule,T2,"Chose to drive at 09:00 over work from home: lowest total cost (NZ$34.31 vs NZ$36.71), mainly working from home.",flexibility;habit,34.3144,1,555,False
19,11,CAR_0645,CAR,405,rule,T2,"Chose to drive at 06:45 for the early start over drive at 07:45: lowest total cost (NZ$20.77 vs NZ$22.04), mainly the charge.",fee;travel_time,20.7735,1,420,True
20,11,PT,PT,,rule,T2,"Chose to take PT over drive at 08:30: lowest total cost (NZ$38.50 vs NZ$42.24), mainly parking.",other;fee,38.4976,1,525,False
21,11,CAR_0830,CAR,510,rule,T2,"Chose to drive at 08:30 over work from home: lowest total cost (NZ$21.12 vs NZ$22.57), mainly working from home.",flexibility;habit,21.1154,1,525,False
22,11,PT,PT,,rule,T2,"Chose to take PT over drive at 08:15: lowest total cost (NZ$40.79 vs NZ$47.28), mainly parking.",other;fee,40.7859,1,510,False
23,11,PT,PT,,rule,T2,"Chose to take PT over drive at 08:15: lowest total cost (NZ$34.19 vs NZ$38.39), mainly parking.",other;fee,34.1909,1,510,False
24,11,PT,PT,,rule,T2,"Chose to take PT over drive at 08:15: lowest total cost (NZ$40.07 vs NZ$43.57), mainly parking.",other;fee,40.0741,1,525,False
25,11,CAR_0715,CAR,435,rule,T2,"Chose to drive at 07:15 over drive at 07:00: lowest total cost (NZ$16.77 vs NZ$18.69), mainly changing routine.",habit;arrival_time,16.7686,1,450,False
26,11,PT,PT,,rule,T2,"Chose to take PT over drive at 06:30 for the early start: lowest total cost (NZ$44.11 vs NZ$49.35), mainly parking.",other;travel_time,44.1146,1,495,False
27,11,PT,PT,,rule,T2,"Chose to take PT over skip the trip: lowest total cost (NZ$37.06 vs NZ$44.56), mainly missing the day.",work_constraint;habit,37.0599,1,465,False
28,11,CAR_0715,CAR,435,rule,T2,"Chose to drive at 07:15 over drive at 07:00: lowest total cost (NZ$7.95 vs NZ$10.45), mainly arrival time.",arrival_time;habit,7.9539,1,465,False
29,11,CAR_0715,CAR,435,rule,T2,"Chose to drive at 07:15 over drive at 08:00: lowest total cost (NZ$23.70 vs NZ$25.18), mainly the charge.",fee;travel_time,23.6999,1,510,False
30,11,PT,PT,,rule,T2,"Chose to take PT over drive at 08:00: lowest total cost (NZ$31.91 vs NZ$35.84), mainly parking.",other;fee,31.908,1,540,False
31,11,PT,PT,,rule,T2,"Chose to take PT over drive at 07:15: lowest total cost (NZ$37.86 vs NZ$42.64), mainly parking.",other;fee,37.8629,1,450,False
32,11,CAR_0645,CAR,405,rule,T2,"Chose to drive at 06:45 for the early start over drive at 08:45: lowest total cost (NZ$20.15 vs NZ$20.59), mainly the charge.",fee;travel_time,20.1478,2,420,True
33,11,CAR_0745,CAR,465,rule,T2,"Chose to drive at 07:45 over drive at 07:30: lowest total cost (NZ$34.07 vs NZ$35.72), mainly arrival time.",arrival_time;habit,34.0719,1,480,False
34,11,CAR_0700,CAR,420,rule,T2,"Chose to drive at 07:00 over drive at 06:45: lowest total cost (NZ$16.39 vs NZ$17.11), mainly arrival time.",arrival_time,16.3859,1,435,False
35,11,PT,PT,,rule,T2,"Chose to take PT over drive at 08:00: lowest total cost (NZ$35.34 vs NZ$38.65), mainly parking.",other;fee,35.3412,1,495,False
36,11,CAR_0730,CAR,450,rule,T2,"Chose to drive at 07:30 over drive at 07:15: lowest total cost (NZ$5.69 vs NZ$7.51), mainly arrival time.",arrival_time;habit,5.6852,1,480,False
37,11,CAR_0930,CAR,570,rule,T2;T5,"Chose to drive at 09:30 over drive at 08:45: lowest total cost (NZ$12.99 vs NZ$13.40), mainly the charge.",fee;travel_time,12.9892,2,555,False
38,11,CAR_0700,CAR,420,rule,T2,"Chose to drive at 07:00 over drive at 06:45: lowest total cost (NZ$24.13 vs NZ$24.60), mainly changing routine.",habit;travel_time,24.1272,1,435,False
39,11,CAR_0715,CAR,435,rule,T2,"Chose to drive at 07:15 over drive at 07:00: lowest total cost (NZ$26.02 vs NZ$26.90), mainly arrival time.",arrival_time;habit,26.0198,1,465,False
40,11,CAR_0730,CAR,450,rule,T2,"Chose to drive at 07:30 over drive at 07:15: lowest total cost (NZ$24.93 vs NZ$26.38), mainly arrival time.",arrival_time;habit;travel_time,24.9327,1,480,False
41,11,CAR_0715,CAR,435,rule,T2,"Chose to drive at 07:15 over drive at 07:30: lowest total cost (NZ$6.14 vs NZ$7.91), mainly travel time.",travel_time;arrival_time,6.1431,1,480,False
42,11,WFH,WFH,,rule,T2,"Chose to work from home over drive at 06:45 for the early start: lowest total cost (NZ$16.15 vs NZ$17.67), mainly the charge.",fee;travel_time;arrival_time,16.1527,1,,False
43,11,CAR_0715,CAR,435,rule,T2,"Chose to drive at 07:15 over drive at 07:30: lowest total cost (NZ$17.04 vs NZ$16.90), mainly the charge.",fee;travel_time,17.0406,2,510,False
44,11,PT,PT,,rule,T2,"Chose to take PT over drive at 07:30: lowest total cost (NZ$33.47 vs NZ$38.53), mainly parking.",other;fee,33.4681,1,495,False
45,11,CAR_0700,CAR,420,rule,T2,"Chose to drive at 07:00 over drive at 06:45: lowest total cost (NZ$1.43 vs NZ$3.58), mainly changing routine.",habit;travel_time;arrival_time,1.4296,1,435,False
46,11,CAR_0730,CAR,450,rule,T2,"Chose to drive at 07:30 over drive at 08:00: lowest total cost (NZ$20.53 vs NZ$19.22), mainly the charge.",fee;travel_time,20.5329,4,495,False
47,11,PT,PT,,rule,T2,"Chose to take PT over drive at 07:45: lowest total cost (NZ$38.19 vs NZ$39.20), mainly parking.",other;fee,38.1948,1,480,False
48,11,CAR_0700,CAR,420,rule,T2,"Chose to drive at 07:00 over drive at 06:45: lowest total cost (NZ$25.68 vs NZ$27.90), mainly arrival time.",arrival_time;habit,25.6828,1,450,False
49,11,CAR_0715,CAR,435,rule,T2,"Chose to drive at 07:15 over drive at 07:30: lowest total cost (NZ$17.44 vs NZ$16.84), mainly the charge.",fee;travel_time,17.4432,2,525,False
50,11,CAR_0745,CAR,465,rule,T2,"Chose to drive at 07:45 over drive at 07:15: lowest total cost (NZ$18.94 vs NZ$20.34), mainly arrival time.",arrival_time;habit,18.9415,1,480,False
51,11,CAR_0845,CAR,525,rule,T2,"Chose to drive at 08:45 over drive at 08:30: lowest total cost (NZ$14.47 vs NZ$16.23), mainly arrival time.",arrival_time;habit,14.4659,1,540,False
52,11,CAR_0730,CAR,450,rule,T2,"Chose to drive at 07:30 over drive at 07:45: lowest total cost (NZ$12.88 vs NZ$13.39), mainly the charge.",fee;travel_time,12.8812,2,495,False
53,11,WFH,WFH,,rule,T2,"Chose to work from home over drive at 07:15: lowest total cost (NZ$25.46 vs NZ$28.62), mainly fuel.",other;arrival_time;fee,25.459,1,,False
54,11,CAR_0730,CAR,450,rule,T2,"Chose to drive at 07:30 over drive at 06:45 for the early start: lowest total cost (NZ$7.23 vs NZ$7.66), mainly arrival time.",arrival_time,7.2305,1,480,False
55,11,CAR_0700,CAR,420,rule,T2,"Chose to drive at 07:00 over drive at 06:45: lowest total cost (NZ$19.69 vs NZ$20.97), mainly changing routine.",habit;arrival_time,19.6882,1,435,False
56,11,CAR_0815,CAR,495,rule,T2,"Chose to drive at 08:15 over drive at 07:30: lowest total cost (NZ$6.86 vs NZ$11.05), mainly travel time.",travel_time;arrival_time,6.8552,1,510,False
57,11,CAR_0830,CAR,510,rule,T2,"Chose to drive at 08:30 over drive at 06:45 for the early start: lowest total cost (NZ$20.04 vs NZ$21.42), mainly arrival time.",arrival_time;travel_time,20.0409,1,525,False
58,11,WFH,WFH,,rule,T2,"Chose to work from home over drive at 07:45: lowest total cost (NZ$28.29 vs NZ$34.89), mainly fuel.",other;travel_time;fee,28.2916,2,,False
59,11,CAR_0830,CAR,510,rule,T2;T5,"Chose to drive at 08:30 over drive at 08:15: lowest total cost (NZ$4.04 vs NZ$8.28), mainly travel time.",travel_time;habit;arrival_time,4.0373,1,525,False
60,11,CAR_0730,CAR,450,rule,T2,"Chose to drive at 07:30 over drive at 07:45: lowest total cost (NZ$5.79 vs NZ$5.69), mainly changing routine.",habit;travel_time,5.79,2,495,False
61,11,CAR_0830,CAR,510,rule,T2,"Chose to drive at 08:30 over drive at 08:15: lowest total cost (NZ$18.46 vs NZ$26.05), mainly arrival time.",arrival_time;travel_time;habit,18.4641,1,525,False
62,11,CAR_0815,CAR,495,rule,T2,"Chose to drive at 08:15 over drive at 07:45: lowest total cost (NZ$10.40 vs NZ$16.75), mainly travel time.",travel_time;arrival_time,10.4032,1,525,False
63,11,CAR_0830,CAR,510,rule,T2,"Chose to drive at 08:30 over take PT: lowest total cost (NZ$34.41 vs NZ$35.85), mainly the PT trip.",pt;habit;arrival_time,34.4084,1,525,False
64,11,CAR_0700,CAR,420,rule,T2,"Chose to drive at 07:00 over drive at 07:45: lowest total cost (NZ$30.58 vs NZ$32.36), mainly the charge.",fee;travel_time,30.5803,2,510,False
65,11,CAR_0630,CAR,390,rule,T2,"Chose to drive at 06:30 for the early start over drive at 08:15: lowest total cost (NZ$29.73 vs NZ$29.93), mainly the charge.",fee;habit,29.732,1,420,True
66,11,CAR_0730,CAR,450,rule,T2,"Chose to drive at 07:30 over drive at 07:15: lowest total cost (NZ$9.96 vs NZ$10.95), mainly arrival time.",arrival_time;habit,9.9558,1,465,False
67,11,CAR_0830,CAR,510,rule,T2,"Chose to drive at 08:30 over drive at 08:15: lowest total cost (NZ$7.54 vs NZ$7.81), mainly changing routine.",habit,7.5392,1,525,False
68,11,WFH,WFH,,rule,T2,"Chose to work from home over drive at 08:00: lowest total cost (NZ$13.47 vs NZ$14.90), mainly the charge.",fee;travel_time;other,13.4707,1,,False
69,11,PT,PT,,rule,T2,"Chose to take PT over drive at 09:00: lowest total cost (NZ$39.10 vs NZ$41.10), mainly parking.",other;fee,39.0955,1,555,False
70,11,PT,PT,,rule,T2,"Chose to take PT over drive at 07:30: lowest total cost (NZ$33.35 vs NZ$41.04), mainly parking.",other;fee,33.3454,1,480,False
71,11,PT,PT,,rule,T2,"Chose to take PT over skip the trip: lowest total cost (NZ$38.57 vs NZ$47.49), mainly missing the day.",work_constraint;habit,38.5683,1,525,False
72,11,PT,PT,,rule,T2,"Chose to take PT over drive at 07:15: lowest total cost (NZ$30.63 vs NZ$31.67), mainly parking.",other;fee,30.633,1,510,False
73,11,CAR_0815,CAR,495,rule,T2,"Chose to drive at 08:15 over drive at 06:45 for the early start: lowest total cost (NZ$19.33 vs NZ$23.31), mainly arrival time.",arrival_time;travel_time,19.3277,1,510,False
74,11,CAR_0645,CAR,405,rule,T2,"Chose to drive at 06:45 for the early start over work from home: lowest total cost (NZ$20.45 vs NZ$21.51), mainly working from home.",flexibility;habit,20.4492,1,420,True
75,11,CAR_0630,CAR,390,rule,T2;T5,"Chose to drive at 06:30 for the early start over drive at 07:45: lowest total cost (NZ$15.73 vs NZ$16.53), mainly travel time.",travel_time;fee,15.731,1,420,True
76,11,CAR_0800,CAR,480,rule,T2,"Chose to drive at 08:00 over drive at 07:15: lowest total cost (NZ$34.67 vs NZ$36.44), mainly arrival time.",arrival_time;habit;travel_time,34.668,1,495,False
77,11,CAR_0730,CAR,450,rule,T2,"Chose to drive at 07:30 over take PT: lowest total cost (NZ$33.89 vs NZ$39.53), mainly the PT trip.",pt;habit;arrival_time,33.8882,1,465,False
78,11,CAR_0745,CAR,465,rule,T2,"Chose to drive at 07:45 over drive at 08:00: lowest total cost (NZ$1.94 vs NZ$2.27), mainly changing routine.",habit,1.9366,1,510,False
79,11,CAR_0900,CAR,540,rule,T2,"Chose to drive at 09:00 over drive at 06:30 for the early start: lowest total cost (NZ$25.37 vs NZ$26.81), mainly arrival time.",arrival_time;travel_time,25.3675,1,555,False
80,11,PT,PT,,rule,T2,"Chose to take PT over drive at 07:30: lowest total cost (NZ$31.19 vs NZ$33.45), mainly parking.",other;fee,31.1941,1,465,False
81,11,PT,PT,,rule,T2,"Chose to take PT over drive at 07:15: lowest total cost (NZ$36.91 vs NZ$40.23), mainly parking.",other;fee,36.9054,1,450,False
82,11,CAR_0900,CAR,540,rule,T2,"Chose to drive at 09:00 over drive at 08:30: lowest total cost (NZ$28.29 vs NZ$28.90), mainly arrival time.",arrival_time;fee,28.2857,2,555,False
83,11,PT,PT,,rule,T2,"Chose to take PT over skip the trip: lowest total cost (NZ$35.13 vs NZ$43.83), mainly missing the day.",work_constraint;habit,35.1332,1,510,False
84,11,CAR_0930,CAR,570,rule,T2,"Chose to drive at 09:30 over drive at 09:15: lowest total cost (NZ$24.46 vs NZ$27.54), mainly arrival time.",arrival_time;habit;fee,24.4587,1,585,False
85,11,CAR_0630,CAR,390,rule,T2,"Chose to drive at 06:30 for the early start over drive at 08:45: lowest total cost (NZ$16.31 vs NZ$14.94), mainly the charge.",fee;travel_time,16.3114,4,420,True
86,11,CAR_0800,CAR,480,rule,T2,"Chose to drive at 08:00 over drive at 08:15: lowest total cost (NZ$3.16 vs NZ$3.80), mainly changing routine.",habit;travel_time,3.1588,1,525,False
87,11,CAR_0830,CAR,510,rule,T2,"Chose to drive at 08:30 over drive at 08:45: lowest total cost (NZ$14.11 vs NZ$17.31), mainly arrival time.",arrival_time;habit;travel_time,14.1094,1,525,False
88,11,CAR_0715,CAR,435,rule,T2,"Chose to drive at 07:15 over drive at 06:45: lowest total cost (NZ$22.25 vs NZ$22.82), mainly arrival time.",arrival_time;travel_time,22.249,1,525,False
89,11,CAR_0715,CAR,435,rule,T2,"Chose to drive at 07:15 over drive at 07:00: lowest total cost (NZ$19.60 vs NZ$21.04), mainly changing routine.",habit;arrival_time,19.5987,1,450,False
90,11,PT,PT,,rule,T2,"Chose to take PT over drive at 08:15: lowest total cost (NZ$30.15 vs NZ$36.05), mainly parking.",other;fee,30.1462,1,510,False
91,11,CAR_0645,CAR,405,rule,T2,"Chose to drive at 06:45 over drive at 07:15: lowest total cost (NZ$14.55 vs NZ$12.34), mainly overall cost.",other,14.5456,3,450,False
92,11,CAR_0745,CAR,465,rule,T2,"Chose to drive at 07:45 over drive at 07:30: lowest total cost (NZ$2.62 vs NZ$5.32), mainly arrival time.",arrival_time;habit;travel_time,2.6222,1,480,False
93,11,PT,PT,,rule,T2,"Chose to take PT over drive at 08:15: lowest total cost (NZ$39.92 vs NZ$48.16), mainly parking.",other;travel_time,39.9163,1,540,False
94,11,CAR_0800,CAR,480,rule,T2,"Chose to drive at 08:00 over drive at 07:45: lowest total cost (NZ$28.20 vs NZ$40.47), mainly arrival time.",arrival_time;travel_time;habit,28.2035,1,510,False
95,11,CAR_0645,CAR,405,rule,T2,"Chose to drive at 06:45 over drive at 06:30: lowest total cost (NZ$3.00 vs NZ$3.02), mainly arrival time.",arrival_time,3.0025,1,420,False
96,11,CAR_0915,CAR,555,rule,T2,"Chose to drive at 09:15 over drive at 09:00: lowest total cost (NZ$16.81 vs NZ$21.22), mainly arrival time.",arrival_time;fee;habit,16.8115,1,570,False
97,11,WFH,WFH,,rule,T2,"Chose to work from home over drive at 08:45: lowest total cost (NZ$40.55 vs NZ$44.59), mainly travel time.",travel_time;other;fee,40.5524,1,,False
98,11,CAR_0730,CAR,450,rule,T2,"Chose to drive at 07:30 over drive at 07:15: lowest total cost (NZ$6.38 vs NZ$7.67), mainly arrival time.",arrival_time;habit,6.3808,1,480,False
99,11,CAR_0915,CAR,555,rule,T2,"Chose to drive at 09:15 over drive at 08:30: lowest total cost (NZ$27.88 vs NZ$30.14), mainly the charge.",fee;travel_time,27.8758,1,555,False
100,11,CAR_0645,CAR,405,rule,T2,"Chose to drive at 06:45 over drive at 06:30: lowest total cost (NZ$16.30 vs NZ$18.04), mainly changing routine.",habit;arrival_time,16.3006,1,420,False
101,11,CAR_0830,CAR,510,rule,T2,"Chose to drive at 08:30 over drive at 06:30 for the early start: lowest total cost (NZ$24.21 vs NZ$24.28), mainly arrival time.",arrival_time;habit,24.2068,1,525,False
102,11,CAR_0700,CAR,420,rule,T2,"Chose to drive at 07:00 over drive at 06:45: lowest total cost (NZ$20.44 vs NZ$23.23), mainly arrival time.",arrival_time;habit,20.4392,1,435,False
103,11,WFH,WFH,,rule,T2,"Chose to work from home over drive at 09:15: lowest total cost (NZ$15.13 vs NZ$13.57), mainly the charge.",fee;travel_time;arrival_time,15.1295,3,,False
104,11,CAR_0830,CAR,510,rule,T2,"Chose to drive at 08:30 over work from home: lowest total cost (NZ$20.08 vs NZ$21.23), mainly working from home.",flexibility;habit,20.0838,1,525,False
105,11,PT,PT,,rule,T2,"Chose to take PT over drive at 08:15: lowest total cost (NZ$30.09 vs NZ$35.53), mainly parking.",other;fee,30.0895,1,540,False
106,11,CAR_0830,CAR,510,rule,T2,"Chose to drive at 08:30 over drive at 08:15: lowest total cost (NZ$22.85 vs NZ$29.60), mainly arrival time.",arrival_time;habit;travel_time,22.8499,1,525,False
107,11,CAR_0700,CAR,420,rule,T2,"Chose to drive at 07:00 over take PT: lowest total cost (NZ$33.92 vs NZ$36.05), mainly the PT trip.",pt;habit;arrival_time,33.922,1,435,False
108,11,PT,PT,,rule,T2,"Chose to take PT over drive at 08:30: lowest total cost (NZ$36.32 vs NZ$37.66), mainly parking.",other;fee,36.3153,1,525,False
109,11,CAR_0700,CAR,420,rule,T2,"Chose to drive at 07:00 over drive at 07:30: lowest total cost (NZ$22.93 vs NZ$24.52), mainly the charge.",fee;travel_time,22.9295,1,495,False
110,11,PT,PT,,rule,T2,"Chose to take PT over skip the trip: lowest total cost (NZ$32.52 vs NZ$39.63), mainly missing the day.",work_constraint;habit,32.515,1,555,False
111,11,CAR_0815,CAR,495,rule,T2,"Chose to drive at 08:15 over drive at 08:00: lowest total cost (NZ$18.82 vs NZ$21.51), mainly arrival time.",arrival_time;habit;travel_time,18.8235,1,510,False
112,11,CAR_0645,CAR,405,rule,T2,"Chose to drive at 06:45 over drive at 06:00: lowest total cost (NZ$9.78 vs NZ$10.13), mainly arrival time.",arrival_time,9.7844,1,420,False
113,11,CAR_0745,CAR,465,rule,T2,"Chose to drive at 07:45 over drive at 07:30: lowest total cost (NZ$8.12 vs NZ$13.19), mainly arrival time.",arrival_time;habit;travel_time,8.1152,1,480,False
114,11,WFH,WFH,,rule,T2,"Chose to work from home over drive at 08:45: lowest total cost (NZ$25.98 vs NZ$25.66), mainly fuel.",other;fee;travel_time,25.9812,2,,False
115,11,CAR_0845,CAR,525,rule,T2,"Chose to drive at 08:45 over drive at 08:30: lowest total cost (NZ$17.46 vs NZ$20.18), mainly travel time.",travel_time;habit;arrival_time,17.4627,1,540,False
116,11,CAR_0800,CAR,480,rule,T2,"Chose to drive at 08:00 over drive at 07:45: lowest total cost (NZ$20.38 vs NZ$21.78), mainly arrival time.",arrival_time;habit,20.3818,1,510,False
117,11,CAR_0745,CAR,465,rule,T2,"Chose to drive at 07:45 over drive at 08:00: lowest total cost (NZ$20.20 vs NZ$18.98), mainly the charge.",fee;travel_time,20.1984,3,495,False
118,11,CAR_0900,CAR,540,rule,T2,"Chose to drive at 09:00 over drive at 09:15: lowest total cost (NZ$19.45 vs NZ$20.73), mainly arrival time.",arrival_time;habit;travel_time,19.4514,1,555,False
119,11,CAR_0830,CAR,510,rule,T2,"Chose to drive at 08:30 over drive at 06:45 for the early start: lowest total cost (NZ$16.99 vs NZ$17.91), mainly arrival time.",arrival_time;habit,16.9903,1,525,False
120,11,CAR_0845,CAR,525,rule,T2,"Chose to drive at 08:45 over work from home: lowest total cost (NZ$34.88 vs NZ$34.05), mainly working from home.",flexibility;habit,34.8782,2,555,False
121,11,PT,PT,,rule,T2,"Chose to take PT over drive at 07:30: lowest total cost (NZ$31.19 vs NZ$37.08), mainly parking.",other;fee,31.1943,1,465,False
122,11,CAR_0900,CAR,540,rule,T2,"Chose to drive at 09:00 over drive at 09:15: lowest total cost (NZ$13.61 vs NZ$13.91), mainly arrival time.",arrival_time;habit,13.6082,1,555,False
123,11,PT,PT,,rule,T2,"Chose to take PT over skip the trip: lowest total cost (NZ$33.44 vs NZ$39.67), mainly missing the day.",work_constraint;habit,33.4356,1,435,False
124,11,CAR_0730,CAR,450,rule,T2,"Chose to drive at 07:30 over drive at 07:15: lowest total cost (NZ$16.48 vs NZ$17.99), mainly arrival time.",arrival_time;habit,16.4776,1,465,False
125,11,WFH,WFH,,rule,T2,"Chose to work from home over drive at 08:00: lowest total cost (NZ$30.83 vs NZ$35.30), mainly parking.",other;fee;travel_time,30.8302,1,,False
126,11,CAR_0845,CAR,525,rule,T2,"Chose to drive at 08:45 over drive at 06:45 for the early start: lowest total cost (NZ$17.15 vs NZ$17.68), mainly arrival time.",arrival_time;habit,17.1493,1,540,False
127,11,PT,PT,,rule,T2,"Chose to take PT over drive at 09:00: lowest total cost (NZ$38.06 vs NZ$43.67), mainly parking.",other;fee,38.0641,1,555,False
128,11,CAR_0730,CAR,450,rule,T2,"Chose to drive at 07:30 over drive at 07:45: lowest total cost (NZ$12.14 vs NZ$12.84), mainly the charge.",fee;travel_time,12.1408,2,495,False
129,11,PT,PT,,rule,T2,"Chose to take PT over drive at 08:15: lowest total cost (NZ$30.65 vs NZ$35.42), mainly parking.",other;fee,30.6461,1,525,False
130,11,CAR_0800,CAR,480,rule,T2,"Chose to drive at 08:00 over drive at 07:15: lowest total cost (NZ$25.09 vs NZ$25.31), mainly arrival time.",arrival_time;habit;travel_time,25.0934,1,495,False
131,11,CAR_0630,CAR,390,rule,T2,"Chose to drive at 06:30 for the early start over drive at 07:30: lowest total cost (NZ$13.17 vs NZ$14.32), mainly travel time.",travel_time,13.1706,1,420,True
132,11,CAR_0815,CAR,495,rule,T2,"Chose to drive at 08:15 over drive at 08:30: lowest total cost (NZ$20.18 vs NZ$20.06), mainly arrival time.",arrival_time;travel_time,20.177,3,525,False
133,11,PT,PT,,rule,T2,"Chose to take PT over drive at 07:15: lowest total cost (NZ$35.60 vs NZ$39.42), mainly parking.",other;fee,35.6024,1,450,False
134,11,PT,PT,,rule,T2,"Chose to take PT over drive at 09:00: lowest total cost (NZ$31.68 vs NZ$36.82), mainly parking.",other;fee,31.676,1,555,False
135,11,CAR_0630,CAR,390,rule,T2,"Chose to drive at 06:30 for the early start over drive at 07:45: lowest total cost (NZ$13.74 vs NZ$13.44), mainly the charge.",fee;travel_time,13.7404,5,420,True
136,11,PT,PT,,rule,T2;T5,"Chose to take PT over drive at 08:45: lowest total cost (NZ$35.54 vs NZ$41.04), mainly parking.",other;fee,35.5433,1,540,False
137,11,PT,PT,,rule,T2,"Chose to take PT over drive at 07:30: lowest total cost (NZ$37.10 vs NZ$44.29), mainly parking.",other;fee,37.0983,1,465,False
138,11,CAR_0815,CAR,495,rule,T2,"Chose to drive at 08:15 over drive at 07:30: lowest total cost (NZ$32.71 vs NZ$34.17), mainly arrival time.",arrival_time;travel_time,32.7112,1,510,False
139,11,CAR_0830,CAR,510,rule,T2,"Chose to drive at 08:30 over drive at 08:45: lowest total cost (NZ$26.07 vs NZ$28.03), mainly arrival time.",arrival_time;travel_time,26.065,1,540,False
140,11,WFH,WFH,,rule,T2,"Chose to work from home over drive at 08:45: lowest total cost (NZ$24.31 vs NZ$24.30), mainly fuel.",other;fee;travel_time,24.3061,2,,False
141,11,CAR_0645,CAR,405,rule,T2,"Chose to drive at 06:45 for the early start over drive at 08:30: lowest total cost (NZ$20.15 vs NZ$19.21), mainly the charge.",fee;travel_time,20.15,2,420,True
142,11,CAR_0800,CAR,480,rule,T2,"Chose to drive at 08:00 over drive at 08:15: lowest total cost (NZ$22.45 vs NZ$21.89), mainly arrival time.",arrival_time;travel_time,22.4462,4,510,False
143,11,PT,PT,,rule,T2,"Chose to take PT over drive at 08:15: lowest total cost (NZ$33.61 vs NZ$38.85), mainly parking.",other;fee,33.61,1,540,False
144,11,CAR_0700,CAR,420,rule,T2,"Chose to drive at 07:00 over drive at 07:30: lowest total cost (NZ$21.98 vs NZ$23.40), mainly the charge.",fee;travel_time,21.9838,1,510,False
145,11,PT,PT,,rule,T2,"Chose to take PT over drive at 06:45: lowest total cost (NZ$32.34 vs NZ$36.75), mainly parking.",other;fee,32.3362,1,420,False
146,11,CAR_0645,CAR,405,rule,T2,"Chose to drive at 06:45 over drive at 06:30: lowest total cost (NZ$8.10 vs NZ$11.81), mainly arrival time.",arrival_time;habit,8.1019,1,420,False
147,11,PT,PT,,rule,T2,"Chose to take PT over drive at 08:00: lowest total cost (NZ$32.17 vs NZ$36.06), mainly parking.",other;fee,32.171,1,525,False
148,11,PT,PT,,rule,T2,"Chose to take PT over drive at 08:45: lowest total cost (NZ$31.54 vs NZ$35.40), mainly parking.",other;fee,31.541,1,555,False
149,11,PT,PT,,rule,T2,"Chose to take PT over work from home: lowest total cost (NZ$37.02 vs NZ$45.59), mainly working from home.",flexibility;habit,37.0227,1,525,False
150,11,PT,PT,,rule,T2,"Chose to take PT over drive at 08:00: lowest total cost (NZ$35.22 vs NZ$39.34), mainly parking.",other;fee,35.2198,1,510,False
151,11,PT,PT,,rule,T2,"Chose to take PT over drive at 08:15: lowest total cost (NZ$41.42 vs NZ$47.61), mainly parking.",other;fee,41.4192,1,510,False
152,11,CAR_0715,CAR,435,rule,T2,"Chose to drive at 07:15 over take PT: lowest total cost (NZ$30.41 vs NZ$33.30), mainly the PT trip.",pt;habit,30.4135,1,450,False
153,11,CAR_0715,CAR,435,rule,T2,"Chose to drive at 07:15 over drive at 07:00: lowest total cost (NZ$21.63 vs NZ$26.29), mainly arrival time.",arrival_time;habit,21.6253,1,450,False
154,11,CAR_0830,CAR,510,rule,T2,"Chose to drive at 08:30 over drive at 08:15: lowest total cost (NZ$30.71 vs NZ$33.02), mainly travel time.",travel_time;arrival_time,30.7084,1,540,False
155,11,CAR_0830,CAR,510,rule,T2,"Chose to drive at 08:30 over drive at 06:30 for the early start: lowest total cost (NZ$30.23 vs NZ$30.88), mainly arrival time.",arrival_time;habit,30.2282,1,540,False
156,11,CAR_0815,CAR,495,rule,T2,"Chose to drive at 08:15 over drive at 08:00: lowest total cost (NZ$7.98 vs NZ$11.13), mainly arrival time.",arrival_time;habit,7.9791,1,510,False
157,11,PT,PT,,rule,T2,"Chose to take PT over skip the trip: lowest total cost (NZ$31.28 vs NZ$36.68), mainly missing the day.",work_constraint;habit,31.2766,1,495,False
158,11,CAR_0730,CAR,450,rule,T2,"Chose to drive at 07:30 over drive at 07:15: lowest total cost (NZ$1.35 vs NZ$2.79), mainly changing routine.",habit;arrival_time,1.3505,1,465,False
159,11,WFH,WFH,,rule,T2,"Chose to work from home over drive at 06:30 for the early start: lowest total cost (NZ$17.56 vs NZ$17.85), mainly the charge.",fee;arrival_time;other,17.5627,1,,False
160,11,CAR_0715,CAR,435,rule,T2,"Chose to drive at 07:15 over drive at 07:00: lowest total cost (NZ$21.26 vs NZ$21.56), mainly changing routine.",habit,21.2649,1,450,False
161,11,PT,PT,,rule,T2,"Chose to take PT over drive at 09:00: lowest total cost (NZ$31.79 vs NZ$38.05), mainly parking.",other;fee,31.7909,1,555,False
162,11,CAR_0715,CAR,435,rule,T2,"Chose to drive at 07:15 over drive at 07:30: lowest total cost (NZ$25.14 vs NZ$24.93), mainly the charge.",fee;travel_time,25.144,3,495,False
163,11,CAR_0645,CAR,405,rule,T2,"Chose to drive at 06:45 for the early start over drive at 07:45: lowest total cost (NZ$28.79 vs NZ$36.47), mainly travel time.",travel_time;fee;arrival_time,28.7916,1,420,True
164,11,CAR_0800,CAR,480,rule,T2,"Chose to drive at 08:00 over drive at 07:15: lowest total cost (NZ$22.67 vs NZ$23.23), mainly arrival time.",arrival_time;habit;travel_time,22.6691,1,495,False
165,11,CAR_0815,CAR,495,rule,T2,"Chose to drive at 08:15 over drive at 07:45: lowest total cost (NZ$35.78 vs NZ$40.06), mainly travel time.",travel_time;arrival_time,35.778,2,510,False
166,11,CAR_0930,CAR,570,rule,T2,"Chose to drive at 09:30 over drive at 09:45: lowest total cost (NZ$17.78 vs NZ$19.02), mainly changing routine.",habit;arrival_time,17.7788,1,585,False
167,11,CAR_0745,CAR,465,rule,T2,"Chose to drive at 07:45 over drive at 08:00: lowest total cost (NZ$8.79 vs NZ$9.65), mainly travel time.",travel_time,8.7945,1,510,False
168,11,CAR_0715,CAR,435,rule,T2,"Chose to drive at 07:15 over drive at 07:45: lowest total cost (NZ$23.05 vs NZ$25.36), mainly the charge.",fee;travel_time,23.046,1,480,False
169,11,CAR_0730,CAR,450,rule,T2,"Chose to drive at 07:30 over drive at 07:15: lowest total cost (NZ$2.09 vs NZ$3.72), mainly arrival time.",arrival_time;habit,2.0899,1,465,False
170,11,WFH,WFH,,rule,T2,"Chose to work from home over drive at 06:45 for the early start: lowest total cost (NZ$16.22 vs NZ$18.64), mainly the charge.",fee;travel_time;arrival_time,16.2247,1,,False
171,11,CAR_0715,CAR,435,rule,T2,"Chose to drive at 07:15 over drive at 07:30: lowest total cost (NZ$3.06 vs NZ$4.58), mainly changing routine.",habit;arrival_time,3.0594,1,465,False
172,11,CAR_0645,CAR,405,rule,T2,"Chose to drive at 06:45 over drive at 06:30: lowest total cost (NZ$10.27 vs NZ$13.64), mainly arrival time.",arrival_time;habit,10.2712,1,420,False
173,11,PT,PT,,rule,T2,"Chose to take PT over drive at 08:00: lowest total cost (NZ$30.90 vs NZ$35.93), mainly parking.",other;fee,30.9017,1,495,False
174,11,CAR_0915,CAR,555,rule,T2,"Chose to drive at 09:15 over drive at 09:00: lowest total cost (NZ$23.61 vs NZ$25.84), mainly the charge.",fee;habit,23.6113,1,570,False
175,11,CAR_0900,CAR,540,rule,T2,"Chose to drive at 09:00 over work from home: lowest total cost (NZ$34.34 vs NZ$36.48), mainly working from home.",flexibility;habit,34.3351,1,555,False
176,11,PT,PT,,rule,T2,"Chose to take PT over drive at 09:15: lowest total cost (NZ$30.28 vs NZ$31.75), mainly parking.",other;fee,30.2828,1,585,False
177,11,PT,PT,,rule,T2,"Chose to take PT over skip the trip: lowest total cost (NZ$33.91 vs NZ$40.85), mainly missing the day.",work_constraint;habit,33.9097,1,495,False
178,11,CAR_0745,CAR,465,rule,T2,"Chose to drive at 07:45 over drive at 07:30: lowest total cost (NZ$4.03 vs NZ$6.87), mainly arrival time.",arrival_time;habit;travel_time,4.0334,1,480,False
179,11,CAR_0700,CAR,420,rule,T2,"Chose to drive at 07:00 over drive at 06:45: lowest total cost (NZ$17.14 vs NZ$21.57), mainly arrival time.",arrival_time;habit,17.1404,1,435,False
180,11,PT,PT,,rule,T2,"Chose to take PT over drive at 07:30: lowest total cost (NZ$31.46 vs NZ$37.49), mainly parking.",other;fee,31.4602,1,480,False
181,11,PT,PT,,rule,T2,"Chose to take PT over skip the trip: lowest total cost (NZ$30.61 vs NZ$36.52), mainly missing the day.",work_constraint;habit,30.6124,1,450,False
182,11,CAR_0700,CAR,420,rule,T2,"Chose to drive at 07:00 over drive at 07:30: lowest total cost (NZ$3.15 vs NZ$1.20), mainly travel time.",travel_time,3.1508,3,465,False
183,11,CAR_0900,CAR,540,rule,T2,"Chose to drive at 09:00 over drive at 08:45: lowest total cost (NZ$25.58 vs NZ$26.33), mainly the charge.",fee;travel_time;arrival_time,25.5793,1,555,False
184,11,PT,PT,,rule,T2,"Chose to take PT over drive at 06:45 for the early start: lowest total cost (NZ$37.59 vs NZ$45.08), mainly parking.",other;travel_time,37.5927,1,510,False
185,11,CAR_0645,CAR,405,rule,T2,"Chose to drive at 06:45 over drive at 06:30: lowest total cost (NZ$3.60 vs NZ$3.85), mainly changing routine.",habit,3.5985,1,420,False
186,11,CAR_0630,CAR,390,rule,T2,"Chose to drive at 06:30 over drive at 06:00: lowest total cost (NZ$3.02 vs NZ$3.14), mainly arrival time.",arrival_time,3.0199,1,420,False
187,11,CAR_0845,CAR,525,rule,T2,"Chose to drive at 08:45 over drive at 09:00: lowest total cost (NZ$16.37 vs NZ$18.62), mainly arrival time.",arrival_time;habit,16.3695,1,540,False
188,11,CAR_0815,CAR,495,rule,T2,"Chose to drive at 08:15 over drive at 08:30: lowest total cost (NZ$39.83 vs NZ$40.98), mainly travel time.",travel_time;arrival_time,39.8309,2,525,False
189,11,PT,PT,,rule,T2,"Chose to take PT over skip the trip: lowest total cost (NZ$34.66 vs NZ$42.19), mainly missing the day.",work_constraint;habit,34.6608,1,495,False
190,11,WFH,WFH,,rule,T2,"Chose to work from home over drive at 08:15: lowest total cost (NZ$26.60 vs NZ$26.71), mainly fuel.",other;fee;travel_time,26.5988,1,,False
191,11,CAR_0715,CAR,435,rule,T2,"Chose to drive at 07:15 over drive at 07:45: lowest total cost (NZ$29.42 vs NZ$31.94), mainly the charge.",fee;travel_time,29.4214,1,510,False
192,11,CAR_0630,CAR,390,rule,T2,"Chose to drive at 06:30 for the early start over drive at 08:15: lowest total cost (NZ$25.55 vs NZ$26.88), mainly the charge.",fee;habit,25.5524,1,420,True
193,11,PT,PT,,rule,T2,"Chose to take PT over drive at 09:45: lowest total cost (NZ$30.70 vs NZ$31.19), mainly parking.",other;fee,30.7035,1,600,False
194,11,CAR_0630,CAR,390,rule,T2,"Chose to drive at 06:30 for the early start over drive at 07:45: lowest total cost (NZ$11.83 vs NZ$13.11), mainly travel time.",travel_time;habit,11.8322,1,420,True
195,11,CAR_0645,CAR,405,rule,T2,"Chose to drive at 06:45 over drive at 07:15: lowest total cost (NZ$9.95 vs NZ$9.53), mainly changing routine.",habit,9.945,3,465,False
196,11,CAR_0700,CAR,420,rule,T2,"Chose to drive at 07:00 over drive at 07:15: lowest total cost (NZ$1.99 vs NZ$2.31), mainly arrival time.",arrival_time;travel_time,1.994,1,435,False
197,11,PT,PT,,rule,T2,"Chose to take PT over drive at 08:30: lowest total cost (NZ$30.59 vs NZ$38.32), mainly parking.",other;fee,30.5943,1,555,False
198,11,CAR_0645,CAR,405,rule,T2,"Chose to drive at 06:45 for the early start over drive at 08:15: lowest total cost (NZ$8.91 vs NZ$10.77), mainly travel time.",travel_time,8.9093,1,420,True
199,11,PT,PT,,rule,T2,"Chose to take PT over drive at 07:45: lowest total cost (NZ$33.74 vs NZ$38.89), mainly parking.",other;fee,33.7424,1,480,False
200,11,CAR_0845,CAR,525,rule,T2,"Chose to drive at 08:45 over drive at 06:45 for the early start: lowest total cost (NZ$18.11 vs NZ$19.11), mainly arrival time.",arrival_time;habit,18.1101,1,540,False
201,11,PT,PT,,rule,T2,"Chose to take PT over skip the trip: lowest total cost (NZ$30.62 vs NZ$36.35), mainly missing the day.",work_constraint;habit,30.6199,1,555,False
202,11,CAR_0930,CAR,570,rule,T2,"Chose to drive at 09:30 over drive at 09:15: lowest total cost (NZ$31.11 vs NZ$33.74), mainly arrival time.",arrival_time;habit;fee,31.1092,1,585,False
203,11,CAR_0715,CAR,435,rule,T2,"Chose to drive at 07:15 over drive at 07:00: lowest total cost (NZ$22.09 vs NZ$23.28), mainly changing routine.",habit;arrival_time,22.0896,1,450,False
204,11,CAR_0845,CAR,525,rule,T2;T5,"Chose to drive at 08:45 over drive at 06:30 for the early start: lowest total cost (NZ$28.85 vs NZ$30.18), mainly arrival time.",arrival_time;habit,28.8489,1,540,False
205,11,CAR_0715,CAR,435,rule,T2,"Chose to drive at 07:15 over drive at 07:45: lowest total cost (NZ$16.67 vs NZ$17.26), mainly the charge.",fee;travel_time,16.6664,1,495,False
206,11,CAR_0700,CAR,420,rule,T2,"Chose to drive at 07:00 over drive at 07:30: lowest total cost (NZ$33.37 vs NZ$35.95), mainly the charge.",fee;travel_time,33.3703,3,510,False
207,11,CAR_0630,CAR,390,rule,T2,"Chose to drive at 06:30 over drive at 07:15: lowest total cost (NZ$1.94 vs NZ$0.34), mainly overall cost.",other,1.9417,5,450,False
208,11,CAR_0845,CAR,525,rule,T2,"Chose to drive at 08:45 over work from home: lowest total cost (NZ$19.93 vs NZ$21.73), mainly working from home.",flexibility;habit,19.9259,1,540,False
209,11,CAR_0715,CAR,435,rule,T2;T3,"Chose to drive at 07:15 over drive at 07:00: lowest total cost (NZ$2.78 vs NZ$2.41), mainly changing routine.",habit,2.7775,2,450,False
210,11,CAR_0630,CAR,390,rule,T2,"Chose to drive at 06:30 over drive at 06:15: lowest total cost (NZ$2.97 vs NZ$2.39), mainly arrival time.",arrival_time,2.9705,4,435,False
211,11,PT,PT,,rule,T2,"Chose to take PT over drive at 07:45: lowest total cost (NZ$34.39 vs NZ$38.33), mainly parking.",other;fee,34.3923,1,495,False
212,11,CAR_0715,CAR,435,rule,T2,"Chose to drive at 07:15 over drive at 08:15: lowest total cost (NZ$27.66 vs NZ$28.52), mainly the charge.",fee,27.6559,1,525,False
213,11,WFH,WFH,,rule,T2,"Chose to work from home over drive at 06:30 for the early start: lowest total cost (NZ$37.99 vs NZ$45.32), mainly travel time.",travel_time;other;fee,37.9938,1,,False
214,11,PT,PT,,rule,T2,"Chose to take PT over drive at 08:45: lowest total cost (NZ$30.60 vs NZ$36.81), mainly fuel.",other;fee,30.5958,1,555,False
215,11,CAR_0715,CAR,435,rule,T2,"Chose to drive at 07:15 over drive at 07:30: lowest total cost (NZ$13.62 vs NZ$12.97), mainly the charge.",fee;travel_time,13.6245,2,465,False
216,11,CAR_0645,CAR,405,rule,T2,"Chose to drive at 06:45 for the early start over work from home: lowest total cost (NZ$31.60 vs NZ$31.40), mainly working from home.",flexibility;habit,31.6046,2,420,True
217,11,PT,PT,,rule,T2,"Chose to take PT over skip the trip: lowest total cost (NZ$32.39 vs NZ$37.84), mainly missing the day.",work_constraint;habit,32.3898,1,510,False
218,11,CAR_0815,CAR,495,rule,T2,"Chose to drive at 08:15 over drive at 08:30: lowest total cost (NZ$28.03 vs NZ$29.22), mainly travel time.",travel_time;arrival_time,28.0271,1,525,False
219,11,PT,PT,,rule,T2,"Chose to take PT over skip the trip: lowest total cost (NZ$30.37 vs NZ$35.93), mainly missing the day.",work_constraint;habit,30.3743,1,525,False
220,11,PT,PT,,rule,T2,"Chose to take PT over drive at 08:15: lowest total cost (NZ$34.80 vs NZ$38.52), mainly parking.",other;fee,34.8028,1,525,False
221,11,CAR_0715,CAR,435,rule,T2,"Chose to drive at 07:15 over drive at 07:00: lowest total cost (NZ$28.63 vs NZ$29.93), mainly changing routine.",habit;arrival_time,28.6334,1,480,False
222,11,CAR_0730,CAR,450,rule,T2,"Chose to drive at 07:30 over drive at 07:45: lowest total cost (NZ$26.92 vs NZ$26.48), mainly the charge.",fee,26.9189,4,540,False
223,11,CAR_0915,CAR,555,rule,T2,"Chose to drive at 09:15 over work from home: lowest total cost (NZ$36.71 vs NZ$41.06), mainly working from home.",flexibility;habit,36.7069,1,570,False
224,11,CAR_0730,CAR,450,rule,T2,"Chose to drive at 07:30 over drive at 07:15: lowest total cost (NZ$27.67 vs NZ$29.71), mainly arrival time.",arrival_time;habit,27.6716,1,480,False
225,11,PT,PT,,rule,T2,"Chose to take PT over drive at 08:45: lowest total cost (NZ$29.09 vs NZ$29.92), mainly parking.",other;fee,29.0933,1,525,False
226,11,CAR_0730,CAR,450,rule,T2,"Chose to drive at 07:30 over drive at 07:15: lowest total cost (NZ$20.66 vs NZ$20.88), mainly arrival time.",arrival_time;habit,20.6558,1,480,False
227,11,CAR_0845,CAR,525,rule,T2,"Chose to drive at 08:45 over drive at 06:45: lowest total cost (NZ$17.69 vs NZ$18.32), mainly arrival time.",arrival_time;habit,17.6918,1,540,False
228,11,CAR_0715,CAR,435,rule,T2;T5,"Chose to drive at 07:15 over drive at 07:00: lowest total cost (NZ$7.74 vs NZ$8.97), mainly changing routine.",habit;arrival_time;travel_time,7.7437,1,450,False
229,11,CAR_0900,CAR,540,rule,T2,"Chose to drive at 09:00 over drive at 06:45 for the early start: lowest total cost (NZ$4.73 vs NZ$7.13), mainly arrival time.",arrival_time;travel_time,4.7324,1,555,False
230,11,PT,PT,,rule,T2,"Chose to take PT over drive at 07:45: lowest total cost (NZ$33.03 vs NZ$39.03), mainly parking.",other;fee,33.0298,1,510,False
231,11,CAR_0830,CAR,510,rule,T2,"Chose to drive at 08:30 over drive at 08:15: lowest total cost (NZ$19.24 vs NZ$21.68), mainly arrival time.",arrival_time;habit;travel_time,19.2426,1,525,False
232,11,CAR_0830,CAR,510,rule,T2,"Chose to drive at 08:30 over drive at 06:45 for the early start: lowest total cost (NZ$12.31 vs NZ$13.10), mainly changing routine.",habit;arrival_time,12.3084,1,525,False
233,11,CAR_0715,CAR,435,rule,T2,"Chose to drive at 07:15 over drive at 07:00: lowest total cost (NZ$12.94 vs NZ$15.43), mainly arrival time.",arrival_time;habit,12.9356,1,450,False
234,11,CAR_0930,CAR,570,rule,T2,"Chose to drive at 09:30 over drive at 09:15: lowest total cost (NZ$29.26 vs NZ$30.98), mainly changing routine.",habit;arrival_time;fee,29.2601,1,585,False
235,11,PT,PT,,rule,T2,"Chose to take PT over drive at 09:15: lowest total cost (NZ$32.22 vs NZ$34.78), mainly fuel.",other;fee,32.2153,1,570,False
236,11,CAR_0715,CAR,435,rule,T2,"Chose to drive at 07:15 over drive at 07:30: lowest total cost (NZ$23.83 vs NZ$23.46), mainly the charge.",fee;travel_time,23.8291,2,495,False
237,11,CAR_0930,CAR,570,rule,T2,"Chose to drive at 09:30 over drive at 08:45: lowest total cost (NZ$28.07 vs NZ$29.25), mainly the charge.",fee;travel_time,28.073,1,555,False
238,11,CAR_0900,CAR,540,rule,T2,"Chose to drive at 09:00 over drive at 07:45: lowest total cost (NZ$17.64 vs NZ$19.73), mainly arrival time.",arrival_time;fee,17.6418,1,555,False
239,11,CAR_0730,CAR,450,rule,T2,"Chose to drive at 07:30 over drive at 07:15: lowest total cost (NZ$10.87 vs NZ$11.67), mainly arrival time.",arrival_time;habit,10.8673,1,465,False
240,11,CAR_0915,CAR,555,rule,T2,"Chose to drive at 09:15 over drive at 06:45 for the early start: lowest total cost (NZ$16.75 vs NZ$19.95), mainly arrival time.",arrival_time;habit,16.7528,1,570,False
241,11,CAR_0730,CAR,450,rule,T2,"Chose to drive at 07:30 over drive at 07:15: lowest total cost (NZ$26.07 vs NZ$26.18), mainly arrival time.",arrival_time;habit,26.0716,1,495,False
242,11,CAR_0715,CAR,435,rule,T2,"Chose to drive at 07:15 over drive at 07:45: lowest total cost (NZ$13.48 vs NZ$14.01), mainly the charge.",fee;travel_time,13.4838,1,480,False
243,11,PT,PT,,rule,T2,"Chose to take PT over drive at 08:30: lowest total cost (NZ$31.13 vs NZ$38.43), mainly parking.",other;fee,31.1329,1,540,False
244,11,CAR_0715,CAR,435,rule,T2,"Chose to drive at 07:15 over drive at 07:00: lowest total cost (NZ$24.49 vs NZ$24.60), mainly changing routine.",habit,24.4858,1,450,False
245,11,CAR_0915,CAR,555,rule,T2,"Chose to drive at 09:15 over drive at 09:00: lowest total cost (NZ$23.12 vs NZ$25.26), mainly the charge.",fee;habit;travel_time,23.117,1,555,False
246,11,CAR_0700,CAR,420,rule,T2,"Chose to drive at 07:00 over drive at 06:45: lowest total cost (NZ$22.91 vs NZ$25.01), mainly travel time.",travel_time;habit,22.9051,1,435,False
247,11,PT,PT,,rule,T2,"Chose to take PT over drive at 08:45: lowest total cost (NZ$31.62 vs NZ$38.65), mainly fuel.",other;fee,31.6216,1,570,False
248,11,PT,PT,,rule,T2,"Chose to take PT over skip the trip: lowest total cost (NZ$31.70 vs NZ$38.21), mainly missing the day.",work_constraint;habit,31.6977,1,540,False
249,11,PT,PT,,rule,T2,"Chose to take PT over drive at 08:15: lowest total cost (NZ$30.86 vs NZ$32.46), mainly parking.",other;fee,30.8624,1,510,False
250,11,CAR_0645,CAR,405,rule,T2,"Chose to drive at 06:45 for the early start over drive at 08:30: lowest total cost (NZ$27.49 vs NZ$28.54), mainly the charge.",fee;travel_time,27.485,1,420,True
251,11,CAR_0715,CAR,435,rule,T2,"Chose to drive at 07:15 over drive at 07:00: lowest total cost (NZ$22.82 vs NZ$23.65), mainly arrival time.",arrival_time;habit,22.8167,1,480,False
252,11,PT,PT,,rule,T2,"Chose to take PT over drive at 08:00: lowest total cost (NZ$32.69 vs NZ$39.41), mainly parking.",other;fee,32.687,1,525,False
253,11,CAR_0715,CAR,435,rule,T2,"Chose to drive at 07:15 over drive at 07:00: lowest total cost (NZ$11.40 vs NZ$10.42), mainly changing routine.",habit;travel_time,11.4,2,435,False
254,11,CAR_0830,CAR,510,rule,T2,"Chose to drive at 08:30 over drive at 08:15: lowest total cost (NZ$34.63 vs NZ$36.05), mainly arrival time.",arrival_time;habit,34.6346,1,525,False
255,11,CAR_0800,CAR,480,rule,T2,"Chose to drive at 08:00 over work from home: lowest total cost (NZ$30.20 vs NZ$31.22), mainly working from home.",flexibility;habit,30.1976,1,495,False
256,11,CAR_0630,CAR,390,rule,T2,"Chose to drive at 06:30 over drive at 06:15: lowest total cost (NZ$34.42 vs NZ$38.41), mainly arrival time.",arrival_time;habit,34.4246,1,420,False
257,11,PT,PT,,rule,T2,"Chose to take PT over drive at 07:15: lowest total cost (NZ$30.45 vs NZ$37.45), mainly parking.",other;fee,30.4473,1,450,False
258,11,PT,PT,,rule,T2,"Chose to take PT over drive at 08:15: lowest total cost (NZ$30.76 vs NZ$34.67), mainly parking.",other;fee,30.7633,1,525,False
259,11,CAR_0645,CAR,405,rule,T2,"Chose to drive at 06:45 for the early start over drive at 08:45: lowest total cost (NZ$22.83 vs NZ$26.11), mainly the charge.",fee;travel_time;arrival_time,22.827,1,420,True
260,11,CAR_0615,CAR,375,rule,T2,"Chose to drive at 06:15 for the early start over drive at 08:00: lowest total cost (NZ$23.68 vs NZ$24.31), mainly the charge.",fee;travel_time,23.6776,5,420,True
261,11,WFH,WFH,,rule,T2,"Chose to work from home over drive at 07:15: lowest total cost (NZ$24.12 vs NZ$23.92), mainly fuel.",other;fee;arrival_time,24.1202,2,,False
262,11,PT,PT,,rule,T2,"Chose to take PT over drive at 09:00: lowest total cost (NZ$31.49 vs NZ$33.44), mainly parking.",other;fee,31.4879,1,570,False
263,11,CAR_0630,CAR,390,rule,T2,"Chose to drive at 06:30 over drive at 06:45: lowest total cost (NZ$13.57 vs NZ$13.88), mainly changing routine.",habit;travel_time,13.5661,1,420,False
264,11,CAR_0715,CAR,435,rule,T2,"Chose to drive at 07:15 over drive at 07:00: lowest total cost (NZ$2.77 vs NZ$4.12), mainly arrival time.",arrival_time;habit,2.7692,1,465,False
265,11,PT,PT,,rule,T2,"Chose to take PT over drive at 06:45 for the early start: lowest total cost (NZ$31.89 vs NZ$34.59), mainly parking.",other;fee,31.8923,1,525,False
266,11,CAR_0630,CAR,390,rule,T2,"Chose to drive at 06:30 for the early start over drive at 08:00: lowest total cost (NZ$21.20 vs NZ$20.65), mainly the charge.",fee;travel_time,21.202,4,420,True
267,11,CAR_0915,CAR,555,rule,T2,"Chose to drive at 09:15 over drive at 09:00: lowest total cost (NZ$35.73 vs NZ$34.53), mainly the charge.",fee;travel_time,35.7339,3,555,False
268,11,PT,PT,,rule,T2,"Chose to take PT over drive at 06:45: lowest total cost (NZ$29.78 vs NZ$34.42), mainly fuel.",other;fee,29.7778,1,495,False
269,11,CAR_0700,CAR,420,rule,T2,"Chose to drive at 07:00 over drive at 06:45: lowest total cost (NZ$3.85 vs NZ$6.82), mainly arrival time.",arrival_time;habit,3.8505,1,435,False
270,11,PT,PT,,rule,T2,"Chose to take PT over drive at 07:30: lowest total cost (NZ$29.58 vs NZ$32.34), mainly parking.",other;fee,29.5785,1,465,False
271,11,PT,PT,,rule,T2,"Chose to take PT over drive at 09:00: lowest total cost (NZ$33.96 vs NZ$38.44), mainly fuel.",other;fee,33.9601,1,555,False
272,11,PT,PT,,rule,T2,"Chose to take PT over drive at 09:15: lowest total cost (NZ$30.62 vs NZ$32.39), mainly parking.",other;fee,30.6222,1,600,False
273,11,PT,PT,,rule,T2,"Chose to take PT over drive at 08:45: lowest total cost (NZ$33.86 vs NZ$41.72), mainly parking.",other;fee,33.8596,1,555,False
274,11,CAR_0700,CAR,420,rule,T2,"Chose to drive at 07:00 over drive at 06:45: lowest total cost (NZ$14.66 vs NZ$17.85), mainly arrival time.",arrival_time;habit,14.6602,1,435,False
275,11,CAR_0815,CAR,495,rule,T2,"Chose to drive at 08:15 over drive at 07:45: lowest total cost (NZ$17.56 vs NZ$20.20), mainly travel time.",travel_time;arrival_time,17.559,1,510,False
276,11,CAR_0645,CAR,405,rule,T2,"Chose to drive at 06:45 for the early start over drive at 07:45: lowest total cost (NZ$41.40 vs NZ$44.35), mainly the charge.",fee;travel_time,41.3951,1,420,True
277,11,WFH,WFH,,rule,T2,"Chose to work from home over drive at 08:15: lowest total cost (NZ$20.94 vs NZ$24.22), mainly the charge.",fee;travel_time;other,20.9404,2,,False
278,11,PT,PT,,rule,T2,"Chose to take PT over skip the trip: lowest total cost (NZ$32.50 vs NZ$38.60), mainly missing the day.",work_constraint;habit,32.5009,1,525,False
279,11,CAR_0700,CAR,420,rule,T2,"Chose to drive at 07:00 over drive at 06:45: lowest total cost (NZ$22.10 vs NZ$25.05), mainly travel time.",travel_time;habit;arrival_time,22.0976,1,450,False
280,11,CAR_0700,CAR,420,rule,T2,"Chose to drive at 07:00 over drive at 06:45: lowest total cost (NZ$3.84 vs NZ$5.33), mainly changing routine.",habit;arrival_time,3.8406,1,435,False
281,11,WFH,WFH,,rule,T2,"Chose to work from home over drive at 06:45 for the early start: lowest total cost (NZ$30.35 vs NZ$31.97), mainly parking.",other;fee;arrival_time,30.3513,1,,False
282,11,CAR_0730,CAR,450,rule,T2,"Chose to drive at 07:30 over drive at 07:15: lowest total cost (NZ$3.28 vs NZ$4.79), mainly arrival time.",arrival_time;habit,3.283,1,465,False
283,11,CAR_0745,CAR,465,rule,T2,"Chose to drive at 07:45 over drive at 08:00: lowest total cost (NZ$5.01 vs NZ$7.63), mainly travel time.",travel_time;arrival_time,5.0149,1,495,False
284,11,PT,PT,,rule,T2,"Chose to take PT over skip the trip: lowest total cost (NZ$34.36 vs NZ$43.75), mainly missing the day.",work_constraint;habit,34.3552,1,525,False
285,11,CAR_0645,CAR,405,rule,T2,"Chose to drive at 06:45 for the early start over work from home: lowest total cost (NZ$35.48 vs NZ$36.46), mainly working from home.",flexibility;habit,35.4798,1,420,True
286,11,CAR_0715,CAR,435,rule,T2,"Chose to drive at 07:15 over work from home: lowest total cost (NZ$13.51 vs NZ$15.79), mainly working from home.",flexibility;habit,13.513,1,480,False
287,11,CAR_0630,CAR,390,rule,T2,"Chose to drive at 06:30 over drive at 06:15: lowest total cost (NZ$8.88 vs NZ$11.35), mainly arrival time.",arrival_time;habit,8.8828,1,420,False
288,11,CAR_0900,CAR,540,rule,T2,"Chose to drive at 09:00 over work from home: lowest total cost (NZ$34.37 vs NZ$36.71), mainly working from home.",flexibility;habit,34.3729,1,555,False
289,11,CAR_0645,CAR,405,rule,T2,"Chose to drive at 06:45 for the early start over drive at 07:45: lowest total cost (NZ$20.77 vs NZ$22.23), mainly the charge.",fee;travel_time,20.7735,1,420,True
290,11,PT,PT,,rule,T2,"Chose to take PT over drive at 08:30: lowest total cost (NZ$38.50 vs NZ$44.22), mainly parking.",other;fee,38.4976,1,525,False
291,11,CAR_0830,CAR,510,rule,T2,"Chose to drive at 08:30 over work from home: lowest total cost (NZ$22.30 vs NZ$22.57), mainly working from home.",flexibility;habit,22.2993,1,525,False
292,11,PT,PT,,rule,T2,"Chose to take PT over drive at 08:15: lowest total cost (NZ$40.79 vs NZ$48.40), mainly parking.",other;fee,40.7859,1,510,False
293,11,PT,PT,,rule,T2,"Chose to take PT over drive at 08:15: lowest total cost (NZ$34.19 vs NZ$38.48), mainly parking.",other;fee,34.1909,1,510,False
294,11,PT,PT,,rule,T2,"Chose to take PT over drive at 08:15: lowest total cost (NZ$40.07 vs NZ$43.79), mainly parking.",other;fee,40.0741,1,525,False
295,11,CAR_0715,CAR,435,rule,T2,"Chose to drive at 07:15 over drive at 07:00: lowest total cost (NZ$17.71 vs NZ$18.73), mainly changing routine.",habit;arrival_time,17.7053,1,450,False
296,11,PT,PT,,rule,T2,"Chose to take PT over drive at 06:30 for the early start: lowest total cost (NZ$44.11 vs NZ$51.88), mainly parking.",other;travel_time,44.1146,1,495,False
297,11,PT,PT,,rule,T2,"Chose to take PT over skip the trip: lowest total cost (NZ$37.06 vs NZ$44.56), mainly missing the day.",work_constraint;habit,37.0599,1,465,False
298,11,CAR_0715,CAR,435,rule,T2,"Chose to drive at 07:15 over drive at 07:00: lowest total cost (NZ$8.05 vs NZ$10.46), mainly arrival time.",arrival_time;habit,8.0462,1,465,False
299,11,CAR_0715,CAR,435,rule,T2,"Chose to drive at 07:15 over drive at 08:00: lowest total cost (NZ$23.71 vs NZ$25.26), mainly the charge.",fee;travel_time,23.7089,1,510,False
0,12,PT,PT,,standing,,,,28.5785,1,465,False
1,12,PT,PT,,standing,,,,32.9601,1,555,False
2,12,PT,PT,,standing,,,,29.6222,1,600,False
3,12,PT,PT,,standing,,,,32.8596,1,555,False
4,12,CAR_0700,CAR,420,standing,,,,13.9819,1,435,False
5,12,CAR_0815,CAR,495,standing,,,,15.7175,1,510,False
6,12,CAR_0645,CAR,405,standing,,,,41.3804,2,420,True
7,12,WFH,WFH,,standing,,,,19.9404,3,,False
8,12,PT,PT,,standing,,,,32.5009,1,525,False
9,12,CAR_0700,CAR,420,standing,,,,21.4827,1,450,False
10,12,CAR_0700,CAR,420,standing,,,,2.9137,1,435,False
11,12,CAR_0645,CAR,405,standing,,,,30.9025,2,420,True
12,12,CAR_0730,CAR,450,standing,,,,7.9689,5,465,False
13,12,CAR_0800,CAR,480,standing,,,,2.621,1,495,False
14,12,PT,PT,,standing,,,,34.3552,1,525,False
15,12,CAR_0845,CAR,525,rule,T5,"Chose to drive at 08:45 over drive at 06:45 for the early start: lowest total cost (NZ$34.42 vs NZ$35.46), mainly arrival time.",arrival_time;habit;travel_time,34.4231,1,540,False
16,12,CAR_0715,CAR,435,standing,,,,14.4537,1,480,False
17,12,CAR_0630,CAR,390,standing,,,,8.2067,1,420,False
18,12,CAR_0900,CAR,540,standing,,,,33.4628,1,555,False
19,12,CAR_0645,CAR,405,standing,,,,21.4854,5,420,True
20,12,PT,PT,,standing,,,,37.4976,1,525,False
21,12,CAR_0830,CAR,510,standing,,,,20.1515,1,525,False
22,12,PT,PT,,standing,,,,40.7859,1,510,False
23,12,PT,PT,,standing,,,,33.1909,1,510,False
24,12,PT,PT,,standing,,,,39.0741,1,525,False
25,12,CAR_0715,CAR,435,standing,,,,16.1674,1,450,False
26,12,PT,PT,,standing,,,,43.1146,1,495,False
27,12,PT,PT,,standing,,,,37.0599,1,465,False
28,12,CAR_0715,CAR,435,standing,,,,7.8074,1,465,False
29,12,CAR_0715,CAR,435,standing,,,,22.5285,1,510,False
30,12,PT,PT,,standing,,,,30.908,1,540,False
31,12,PT,PT,,standing,,,,36.8629,1,450,False
32,12,CAR_0645,CAR,405,standing,,,,18.5478,1,420,True
33,12,CAR_0745,CAR,465,standing,,,,33.272,1,480,False
34,12,CAR_0700,CAR,420,standing,,,,14.8079,1,435,False
35,12,PT,PT,,standing,,,,34.3412,1,495,False
36,12,CAR_0730,CAR,450,standing,,,,5.9022,1,480,False
37,12,CAR_0930,CAR,570,rule,T3,"Chose to drive at 09:30 over drive at 09:15: lowest total cost (NZ$11.11 vs NZ$11.49), mainly the charge.",fee;habit,11.1139,1,555,False
38,12,CAR_0700,CAR,420,standing,,,,23.5419,1,435,False
39,12,CAR_0715,CAR,435,standing,,,,25.3009,1,465,False
40,12,CAR_0730,CAR,450,standing,,,,24.1507,1,480,False
41,12,CAR_0715,CAR,435,standing,,,,5.1119,2,480,False
42,12,WFH,WFH,,standing,,,,15.1527,1,,False
43,12,CAR_0715,CAR,435,standing,,,,15.4837,1,510,False
44,12,PT,PT,,standing,,,,32.4681,1,495,False
45,12,CAR_0700,CAR,420,standing,,,,1.3636,1,435,False
46,12,CAR_0730,CAR,450,standing,,,,18.5604,1,495,False
47,12,PT,PT,,standing,,,,37.1948,1,480,False
48,12,CAR_0700,CAR,420,standing,,,,25.1169,1,450,False
49,12,CAR_0715,CAR,435,standing,,,,15.8782,1,525,False
50,12,CAR_0745,CAR,465,standing,,,,17.8389,1,480,False
51,12,CAR_0845,CAR,525,standing,,,,13.316,1,540,False
52,12,CAR_0730,CAR,450,standing,,,,12.5574,4,495,False
53,12,WFH,WFH,,standing,,,,24.459,1,,False
54,12,CAR_0730,CAR,450,standing,,,,9.9041,5,480,False
55,12,CAR_0700,CAR,420,standing,,,,19.6097,1,435,False
56,12,CAR_0815,CAR,495,standing,,,,3.4833,1,510,False
57,12,CAR_0830,CAR,510,standing,,,,18.1225,1,525,False
58,12,WFH,WFH,,standing,,,,27.2916,3,,False
59,12,CAR_0830,CAR,510,standing,,,,3.698,1,525,False
60,12,CAR_0730,CAR,450,standing,,,,5.7882,3,495,False
61,12,CAR_0830,CAR,510,standing,,,,18.3864,1,525,False
62,12,CAR_0815,CAR,495,standing,,,,9.1714,1,525,False
63,12,CAR_0830,CAR,510,standing,,,,33.5032,1,525,False
64,12,CAR_0700,CAR,420,standing,,,,28.9813,1,510,False
65,12,CAR_0630,CAR,390,standing,,,,29.3432,1,420,True
66,12,CAR_0730,CAR,450,standing,,,,10.9782,2,465,False
67,12,CAR_0830,CAR,510,standing,,,,4.5191,1,525,False
68,12,WFH,WFH,,standing,,,,12.4707,2,,False
69,12,PT,PT,,standing,,,,38.0955,1,555,False
70,12,PT,PT,,standing,,,,32.3454,1,480,False
71,12,PT,PT,,standing,,,,38.5683,1,525,False
72,12,PT,PT,,standing,,,,29.633,1,510,False
73,12,CAR_0815,CAR,495,standing,,,,17.5874,1,510,False
74,12,CAR_0645,CAR,405,standing,,,,19.6662,1,420,True
75,12,CAR_0630,CAR,390,standing,,,,14.131,3,420,True
76,12,CAR_0800,CAR,480,standing,,,,33.7531,1,495,False
77,12,CAR_0730,CAR,450,standing,,,,33.0345,1,465,False
78,12,CAR_0745,CAR,465,standing,,,,1.6238,1,510,False
79,12,CAR_0900,CAR,540,standing,,,,23.539,1,555,False
80,12,PT,PT,,standing,,,,30.1941,1,465,False
81,12,PT,PT,,standing,,,,35.9054,1,450,False
82,12,CAR_0900,CAR,540,standing,,,,26.4558,1,555,False
83,12,PT,PT,,standing,,,,35.1332,1,510,False
84,12,CAR_0930,CAR,570,standing,,,,23.2309,1,585,False
85,12,CAR_0630,CAR,390,standing,,,,14.7478,1,420,True
86,12,CAR_0800,CAR,480,standing,,,,2.934,2,525,False
87,12,CAR_0830,CAR,510,standing,,,,13.6307,1,525,False
88,12,CAR_0715,CAR,435,standing,,,,22.5837,4,525,False
89,12,CAR_0715,CAR,435,standing,,,,18.9974,1,450,False
90,12,PT,PT,,standing,,,,29.1462,1,510,False
91,12,CAR_0645,CAR,405,standing,,,,12.8803,1,450,False
92,12,CAR_0745,CAR,465,standing,,,,2.623,1,480,False
93,12,PT,PT,,standing,,,,38.9163,1,540,False
94,12,CAR_0800,CAR,480,standing,,,,28.1528,1,510,False
95,12,CAR_0645,CAR,405,standing,,,,1.9389,1,420,False
96,12,CAR_0915,CAR,555,standing,,,,16.1515,1,570,False
97,12,WFH,WFH,,standing,,,,39.5524,1,,False
98,12,CAR_0730,CAR,450,standing,,,,9.4896,2,480,False
99,12,CAR_0915,CAR,555,standing,,,,26.1758,1,555,False
100,12,CAR_0645,CAR,405,standing,,,,16.6999,1,420,False
101,12,CAR_0830,CAR,510,standing,,,,23.3388,1,525,False
102,12,CAR_0700,CAR,420,standing,,,,24.3148,2,435,False
103,12,WFH,WFH,,standing,,,,14.1295,3,,False
104,12,CAR_0830,CAR,510,standing,,,,18.8378,1,525,False
105,12,PT,PT,,standing,,,,29.0895,1,540,False
106,12,CAR_0830,CAR,510,standing,,,,21.4433,1,525,False
107,12,CAR_0700,CAR,420,standing,,,,33.3347,1,435,False
108,12,PT,PT,,standing,,,,35.3153,1,525,False
109,12,CAR_0700,CAR,420,standing,,,,21.5173,1,495,False
110,12,PT,PT,,standing,,,,32.515,1,555,False
111,12,CAR_0815,CAR,495,standing,,,,17.8888,1,510,False
112,12,CAR_0645,CAR,405,standing,,,,8.2356,1,420,False
113,12,CAR_0745,CAR,465,standing,,,,7.712,1,480,False
114,12,WFH,WFH,,standing,,,,24.9812,3,,False
115,12,CAR_0845,CAR,525,standing,,,,16.4258,1,540,False
116,12,CAR_0800,CAR,480,standing,,,,19.0758,2,510,False
117,12,CAR_0745,CAR,465,standing,,,,18.473,1,495,False
118,12,CAR_0900,CAR,540,standing,,,,18.5716,1,555,False
119,12,CAR_0830,CAR,510,standing,,,,16.0076,1,525,False
120,12,CAR_0845,CAR,525,standing,,,,32.3586,1,555,False
121,12,PT,PT,,standing,,,,30.1943,1,465,False
122,12,CAR_0900,CAR,540,standing,,,,12.3141,1,555,False
123,12,PT,PT,,standing,,,,33.4356,1,435,False
124,12,CAR_0730,CAR,450,standing,,,,15.3492,1,465,False
125,12,WFH,WFH,,standing,,,,29.8302,1,,False
126,12,CAR_0845,CAR,525,standing,,,,15.867,1,540,False
127,12,PT,PT,,standing,,,,37.0641,1,555,False
128,12,CAR_0730,CAR,450,standing,,,,11.6679,2,495,False
129,12,PT,PT,,standing,,,,29.6461,1,525,False
130,12,CAR_0800,CAR,480,standing,,,,24.1763,1,495,False
131,12,CAR_0630,CAR,390,standing,,,,12.245,2,420,True
132,12,CAR_0815,CAR,495,standing,,,,17.573,1,525,False
133,12,PT,PT,,standing,,,,34.6024,1,450,False
134,12,PT,PT,,standing,,,,30.676,1,555,False
135,12,CAR_0630,CAR,390,standing,,,,12.1404,2,420,True
136,12,PT,PT,,standing,,,,34.5433,1,540,False
137,12,PT,PT,,standing,,,,36.0983,1,465,False
138,12,CAR_0815,CAR,495,standing,,,,29.9828,1,510,False
139,12,CAR_0830,CAR,510,standing,,,,23.9277,2,540,False
140,12,WFH,WFH,,standing,,,,23.3061,2,,False
141,12,CAR_0645,CAR,405,standing,,,,18.6731,1,420,True
142,12,CAR_0800,CAR,480,standing,,,,20.3162,1,510,False
143,12,PT,PT,,standing,,,,32.61,1,540,False
144,12,CAR_0700,CAR,420,standing,,,,20.3851,1,510,False
145,12,PT,PT,,standing,,,,31.3362,1,420,False
146,12,CAR_0645,CAR,405,standing,,,,8.903,1,420,False
147,12,PT,PT,,standing,,,,31.171,1,525,False
148,12,PT,PT,,standing,,,,30.541,1,555,False
149,12,PT,PT,,standing,,,,37.0227,1,525,False
150,12,PT,PT,,standing,,,,34.2198,1,510,False
151,12,PT,PT,,standing,,,,40.4192,1,510,False
152,12,CAR_0715,CAR,435,standing,,,,29.7745,1,450,False
153,12,CAR_0715,CAR,435,standing,,,,35.6722,4,450,False
154,12,CAR_0830,CAR,510,standing,,,,27.8971,1,540,False
155,12,CAR_0830,CAR,510,standing,,,,28.992,1,540,False
156,12,CAR_0815,CAR,495,standing,,,,7.2164,1,510,False
157,12,PT,PT,,standing,,,,31.2766,1,495,False
158,12,CAR_0730,CAR,450,standing,,,,1.306,1,465,False
159,12,WFH,WFH,,standing,,,,16.5627,1,,False
160,12,CAR_0715,CAR,435,standing,,,,27.9222,5,450,False
161,12,PT,PT,,standing,,,,31.7909,1,555,False
162,12,CAR_0715,CAR,435,standing,,,,25.4632,4,495,False
163,12,CAR_0645,CAR,405,standing,,,,36.9659,8,420,True
164,12,CAR_0800,CAR,480,standing,,,,21.7474,1,495,False
165,12,CAR_0815,CAR,495,standing,,,,34.0862,1,510,False
166,12,CAR_0930,CAR,570,standing,,,,17.1554,1,585,False
167,12,CAR_0745,CAR,465,standing,,,,7.6975,3,510,False
168,12,CAR_0715,CAR,435,standing,,,,21.4389,1,480,False
169,12,CAR_0730,CAR,450,standing,,,,2.2244,1,465,False
170,12,WFH,WFH,,standing,,,,15.2247,1,,False
171,12,CAR_0715,CAR,435,standing,,,,3.0056,1,465,False
172,12,CAR_0645,CAR,405,standing,,,,9.7165,1,420,False
173,12,PT,PT,,standing,,,,29.9017,1,495,False
174,12,CAR_0915,CAR,555,standing,,,,22.6659,1,570,False
175,12,CAR_0900,CAR,540,standing,,,,33.4898,1,555,False
176,12,PT,PT,,standing,,,,29.2828,1,585,False
177,12,PT,PT,,standing,,,,33.9097,1,495,False
178,12,CAR_0745,CAR,465,standing,,,,3.6673,1,480,False
179,12,CAR_0700,CAR,420,standing,,,,18.798,1,435,False
180,12,PT,PT,,standing,,,,30.4602,1,480,False
181,12,PT,PT,,standing,,,,30.6124,1,450,False
182,12,CAR_0700,CAR,420,standing,,,,2.2967,1,465,False
183,12,CAR_0900,CAR,540,standing,,,,23.8193,1,555,False
184,12,PT,PT,,standing,,,,36.5927,1,510,False
185,12,CAR_0630,CAR,390,rule,T3,"Chose to drive at 06:30 over drive at 06:45: lowest total cost (NZ$3.85 vs NZ$5.82), mainly arrival time.",arrival_time;travel_time,3.8475,1,420,False
186,12,CAR_0630,CAR,390,standing,,,,2.0547,1,420,False
187,12,CAR_0845,CAR,525,standing,,,,15.2487,1,540,False
188,12,CAR_0815,CAR,495,standing,,,,38.8156,1,525,False
189,12,PT,PT,,standing,,,,34.6608,1,495,False
190,12,WFH,WFH,,standing,,,,25.5988,2,,False
191,12,CAR_0715,CAR,435,standing,,,,28.5604,1,510,False
192,12,CAR_0630,CAR,390,standing,,,,24.7131,1,420,True
193,12,PT,PT,,standing,,,,29.7035,1,600,False
194,12,CAR_0630,CAR,390,standing,,,,11.9669,3,420,True
195,12,CAR_0645,CAR,405,standing,,,,9.3869,2,465,False
196,12,CAR_0700,CAR,420,standing,,,,0.9036,1,435,False
197,12,PT,PT,,standing,,,,29.5943,1,555,False
198,12,CAR_0645,CAR,405,standing,,,,7.7596,2,420,True
199,12,PT,PT,,standing,,,,32.7424,1,480,False
200,12,CAR_0845,CAR,525,standing,,,,17.2101,1,540,False
201,12,PT,PT,,standing,,,,30.6199,1,555,False
202,12,CAR_0930,CAR,570,standing,,,,30.5092,1,585,False
203,12,CAR_0715,CAR,435,standing,,,,21.4253,1,450,False
204,12,CAR_0845,CAR,525,standing,,,,22.2096,1,540,False
205,12,CAR_0715,CAR,435,standing,,,,15.1011,1,495,False
206,12,CAR_0700,CAR,420,standing,,,,31.7727,1,510,False
207,12,CAR_0630,CAR,390,standing,,,,0.9551,1,450,False
208,12,CAR_0845,CAR,525,standing,,,,19.0182,1,540,False
209,12,CAR_0715,CAR,435,rule,T3,"Chose to drive at 07:15 over drive at 07:00: lowest total cost (NZ$2.78 vs NZ$2.38), mainly changing routine.",habit,2.7758,2,450,False
210,12,CAR_0630,CAR,390,standing,,,,2.0012,1,435,False
211,12,PT,PT,,standing,,,,33.3923,1,495,False
212,12,CAR_0715,CAR,435,standing,,,,27.2329,1,525,False
213,12,WFH,WFH,,standing,,,,36.9938,1,,False
214,12,PT,PT,,standing,,,,29.5958,1,555,False
215,12,CAR_0715,CAR,435,standing,,,,12.3058,1,465,False
216,12,CAR_0645,CAR,405,standing,,,,31.1409,1,420,True
217,12,PT,PT,,standing,,,,32.3898,1,510,False
218,12,CAR_0815,CAR,495,standing,,,,26.6208,1,525,False
219,12,PT,PT,,standing,,,,30.3743,1,525,False
220,12,PT,PT,,standing,,,,33.8028,1,525,False
221,12,CAR_0715,CAR,435,standing,,,,28.0303,1,480,False
222,12,CAR_0730,CAR,450,standing,,,,25.2382,1,540,False
223,12,CAR_0915,CAR,555,standing,,,,36.0669,1,570,False
224,12,CAR_0730,CAR,450,standing,,,,25.9943,1,480,False
225,12,PT,PT,,standing,,,,28.0933,1,525,False
226,12,CAR_0745,CAR,465,rule,T5,"Chose to drive at 07:45 over drive at 07:30: lowest total cost (NZ$18.18 vs NZ$18.39), mainly arrival time.",arrival_time;travel_time,18.1814,1,480,False
227,12,CAR_0845,CAR,525,standing,,,,16.5657,1,540,False
228,12,CAR_0715,CAR,435,standing,,,,7.1319,1,450,False
229,12,CAR_0900,CAR,540,standing,,,,3.8044,1,555,False
230,12,PT,PT,,standing,,,,32.0298,1,510,False
231,12,CAR_0830,CAR,510,standing,,,,18.2808,1,525,False
232,12,CAR_0830,CAR,510,standing,,,,9.2019,1,525,False
233,12,CAR_0715,CAR,435,standing,,,,12.3781,1,450,False
234,12,CAR_0930,CAR,570,standing,,,,28.6601,1,585,False
235,12,PT,PT,,standing,,,,31.2153,1,570,False
236,12,CAR_0715,CAR,435,standing,,,,22.273,3,495,False
237,12,CAR_0930,CAR,570,rule,T3,"Chose to drive at 09:30 over drive at 09:15: lowest total cost (NZ$26.47 vs NZ$27.55), mainly changing routine.",habit;fee,26.473,1,555,False
238,12,CAR_0900,CAR,540,standing,,,,15.7688,1,555,False
239,12,CAR_0730,CAR,450,standing,,,,10.1021,1,465,False
240,12,CAR_0915,CAR,555,standing,,,,16.0728,1,570,False
241,12,CAR_0730,CAR,450,standing,,,,23.5672,3,495,False
242,12,CAR_0715,CAR,435,standing,,,,11.8999,1,480,False
243,12,PT,PT,,standing,,,,30.1329,1,540,False
244,12,CAR_0715,CAR,435,standing,,,,23.1108,1,450,False
245,12,CAR_0915,CAR,555,standing,,,,22.3642,1,555,False
246,12,CAR_0700,CAR,420,standing,,,,25.2784,2,435,False
247,12,PT,PT,,standing,,,,30.6216,1,570,False
248,12,PT,PT,,standing,,,,31.6977,1,540,False
249,12,PT,PT,,standing,,,,29.8624,1,510,False
250,12,CAR_0645,CAR,405,standing,,,,29.974,11,420,True
251,12,CAR_0715,CAR,435,standing,,,,23.4696,2,480,False
252,12,PT,PT,,standing,,,,31.687,1,525,False
253,12,CAR_0715,CAR,435,standing,,,,10.7198,2,435,False
254,12,CAR_0830,CAR,510,standing,,,,33.7566,1,525,False
255,12,CAR_0800,CAR,480,standing,,,,29.2664,1,495,False
256,12,CAR_0630,CAR,390,standing,,,,33.8246,1,420,False
257,12,PT,PT,,standing,,,,29.4473,1,450,False
258,12,PT,PT,,standing,,,,29.7633,1,525,False
259,12,CAR_0645,CAR,405,standing,,,,26.1765,6,420,True
260,12,CAR_0615,CAR,375,standing,,,,22.087,2,420,True
261,12,WFH,WFH,,standing,,,,23.1202,1,,False
262,12,PT,PT,,standing,,,,30.4879,1,570,False
263,12,CAR_0630,CAR,390,standing,,,,13.0151,1,420,False
264,12,CAR_0715,CAR,435,standing,,,,2.7654,1,465,False
265,12,PT,PT,,standing,,,,30.8923,1,525,False
266,12,CAR_0630,CAR,390,standing,,,,19.6811,1,420,True
267,12,PT,PT,,rule,T3,"Chose to take PT over drive at 09:15: lowest total cost (NZ$33.50 vs NZ$33.95), mainly parking.",other;fee,33.505,1,555,False
268,12,PT,PT,,standing,,,,28.7778,1,495,False
269,12,CAR_0700,CAR,420,standing,,,,3.8229,1,435,False
270,12,PT,PT,,standing,,,,28.5785,1,465,False
271,12,PT,PT,,standing,,,,32.9601,1,555,False
272,12,PT,PT,,standing,,,,29.6222,1,600,False
273,12,PT,PT,,standing,,,,32.8596,1,555,False
274,12,CAR_0700,CAR,420,standing,,,,14.0395,1,435,False
275,12,CAR_0815,CAR,495,standing,,,,15.8214,1,510,False
276,12,CAR_0645,CAR,405,standing,,,,45.0932,5,420,True
277,12,WFH,WFH,,standing,,,,19.9404,3,,False
278,12,PT,PT,,standing,,,,32.5009,1,525,False
279,12,CAR_0700,CAR,420,standing,,,,21.598,1,450,False
280,12,CAR_0700,CAR,420,standing,,,,3.8394,1,435,False
281,12,WFH,WFH,,standing,,,,29.3513,1,,False
282,12,CAR_0730,CAR,450,standing,,,,9.9328,5,465,False
283,12,CAR_0745,CAR,465,standing,,,,4.1256,2,495,False
284,12,PT,PT,,standing,,,,34.3552,1,525,False
285,12,CAR_0645,CAR,405,standing,,,,34.7683,1,420,True
286,12,CAR_0715,CAR,435,standing,,,,15.1765,2,480,False
287,12,CAR_0630,CAR,390,standing,,,,8.2311,1,420,False
288,12,CAR_0900,CAR,540,standing,,,,33.4754,1,555,False
289,12,CAR_0645,CAR,405,standing,,,,22.251,7,420,True
290,12,PT,PT,,standing,,,,37.4976,1,525,False
291,12,CAR_0830,CAR,510,standing,,,,21.4348,1,525,False
292,12,PT,PT,,standing,,,,40.7859,1,510,False
293,12,PT,PT,,standing,,,,33.1909,1,510,False
294,12,PT,PT,,standing,,,,39.0741,1,525,False
295,12,CAR_0715,CAR,435,standing,,,,17.0955,1,450,False
296,12,PT,PT,,standing,,,,43.1146,1,495,False
297,12,PT,PT,,standing,,,,37.0599,1,465,False
298,12,CAR_0715,CAR,435,standing,,,,7.8604,1,465,False
299,12,CAR_0715,CAR,435,standing,,,,22.5798,1,510,False
0,13,PT,PT,,standing,,,,28.5785,1,465,False
1,13,PT,PT,,standing,,,,32.9601,1,555,False
2,13,PT,PT,,standing,,,,29.6222,1,600,False
3,13,PT,PT,,standing,,,,32.8596,1,555,False
4,13,CAR_0700,CAR,420,standing,,,,13.5606,1,435,False
5,13,CAR_0815,CAR,495,standing,,,,15.1449,1,510,False
6,13,CAR_0645,CAR,405,standing,,,,40.8913,2,420,True
7,13,WFH,WFH,,standing,,,,19.9404,3,,False
8,13,PT,PT,,standing,,,,32.5009,1,525,False
9,13,CAR_0700,CAR,420,standing,,,,21.0539,1,450,False
10,13,CAR_0700,CAR,420,standing,,,,2.9117,1,435,False
11,13,CAR_0645,CAR,405,standing,,,,30.5059,2,420,True
12,13,CAR_0730,CAR,450,standing,,,,7.2682,4,465,False
13,13,CAR_0800,CAR,480,standing,,,,2.6281,1,495,False
14,13,PT,PT,,standing,,,,34.3552,1,525,False
15,13,CAR_0845,CAR,525,standing,,,,33.7865,1,540,False
16,13,CAR_0715,CAR,435,rule,T5,"Chose to drive at 07:15 over drive at 07:00: lowest total cost (NZ$13.81 vs NZ$14.59), mainly arrival time.",arrival_time;habit,13.8138,1,480,False
17,13,CAR_0630,CAR,390,standing,,,,8.1858,1,420,False
18,13,CAR_0900,CAR,540,standing,,,,32.8984,1,555,False
19,13,CAR_0645,CAR,405,standing,,,,20.7003,2,420,True
20,13,PT,PT,,standing,,,,37.4976,1,525,False
21,13,CAR_0830,CAR,510,standing,,,,19.4768,1,525,False
22,13,PT,PT,,standing,,,,40.7859,1,510,False
23,13,PT,PT,,standing,,,,33.1909,1,510,False
24,13,PT,PT,,standing,,,,39.0741,1,525,False
25,13,CAR_0715,CAR,435,standing,,,,15.7465,1,450,False
26,13,PT,PT,,standing,,,,43.1146,1,495,False
27,13,PT,PT,,standing,,,,37.0599,1,465,False
28,13,CAR_0715,CAR,435,standing,,,,7.8004,1,465,False
29,13,CAR_0715,CAR,435,rule,T5,"Chose to drive at 07:15 over drive at 07:00: lowest total cost (NZ$22.04 vs NZ$23.16), mainly changing routine.",habit;arrival_time,22.0375,1,510,False
30,13,PT,PT,,standing,,,,30.908,1,540,False
31,13,PT,PT,,standing,,,,36.8629,1,450,False
32,13,CAR_0645,CAR,405,standing,,,,18.1278,1,420,True
33,13,CAR_0745,CAR,465,standing,,,,32.712,1,480,False
34,13,CAR_0700,CAR,420,rule,T5,"Chose to drive at 07:00 over drive at 06:45: lowest total cost (NZ$14.39 vs NZ$17.09), mainly arrival time.",arrival_time;habit,14.3926,1,435,False
35,13,PT,PT,,standing,,,,34.3412,1,495,False
36,13,CAR_0730,CAR,450,standing,,,,5.9703,1,480,False
37,13,CAR_0930,CAR,570,rule,T3,"Chose to drive at 09:30 over drive at 09:15: lowest total cost (NZ$10.69 vs NZ$11.07), mainly the charge.",fee;habit,10.6939,1,555,False
38,13,CAR_0700,CAR,420,standing,,,,23.1181,1,435,False
39,13,CAR_0715,CAR,435,standing,,,,24.7179,1,465,False
40,13,CAR_0730,CAR,450,standing,,,,23.6191,1,480,False
41,13,CAR_0715,CAR,435,standing,,,,5.0899,3,480,False
42,13,WFH,WFH,,standing,,,,15.1527,1,,False
43,13,CAR_0715,CAR,435,standing,,,,15.0622,1,510,False
44,13,PT,PT,,standing,,,,32.4681,1,495,False
45,13,CAR_0700,CAR,420,standing,,,,1.3523,1,435,False
46,13,CAR_0730,CAR,450,standing,,,,18.0951,1,495,False
47,13,PT,PT,,standing,,,,37.1948,1,480,False
48,13,CAR_0700,CAR,420,standing,,,,24.6628,1,450,False
49,13,CAR_0715,CAR,435,standing,,,,15.457,1,525,False
50,13,CAR_0745,CAR,465,standing,,,,17.2638,1,480,False
51,13,CAR_0845,CAR,525,standing,,,,12.686,1,540,False
52,13,CAR_0730,CAR,450,standing,,,,11.8621,2,495,False
53,13,WFH,WFH,,standing,,,,24.459,1,,False
54,13,CAR_0730,CAR,450,standing,,,,7.7298,1,480,False
55,13,CAR_0700,CAR,420,standing,,,,18.8229,1,435,False
56,13,CAR_0815,CAR,495,standing,,,,3.4669,1,510,False
57,13,CAR_0830,CAR,510,standing,,,,17.4796,1,525,False
58,13,WFH,WFH,,standing,,,,27.2916,4,,False
59,13,CAR_0830,CAR,510,standing,,,,3.7853,1,525,False
60,13,CAR_0730,CAR,450,standing,,,,5.7967,3,495,False
61,13,CAR_0830,CAR,510,standing,,,,17.6323,1,525,False
62,13,CAR_0815,CAR,495,standing,,,,9.1721,1,525,False
63,13,CAR_0830,CAR,510,standing,,,,32.8696,1,525,False
64,13,CAR_0700,CAR,420,standing,,,,28.56,1,510,False
65,13,CAR_0630,CAR,390,standing,,,,28.9318,1,420,True
66,13,CAR_0730,CAR,450,rule,T5,"Chose to drive at 07:30 over drive at 07:15: lowest total cost (NZ$9.95 vs NZ$10.09), mainly arrival time.",arrival_time;habit,9.9534,1,465,False
67,13,CAR_0830,CAR,510,standing,,,,4.5606,1,525,False
68,13,WFH,WFH,,standing,,,,12.4707,5,,False
69,13,PT,PT,,standing,,,,38.0955,1,555,False
70,13,PT,PT,,standing,,,,32.3454,1,480,False
71,13,PT,PT,,standing,,,,38.5683,1,525,False
72,13,PT,PT,,standing,,,,29.633,1,510,False
73,13,CAR_0815,CAR,495,standing,,,,17.0648,1,510,False
74,13,CAR_0645,CAR,405,standing,,,,19.282,1,420,True
75,13,CAR_0630,CAR,390,standing,,,,13.711,3,420,True
76,13,CAR_0800,CAR,480,standing,,,,33.1235,1,495,False
77,13,CAR_0730,CAR,450,standing,,,,32.8155,1,465,False
78,13,CAR_0745,CAR,465,standing,,,,1.6235,1,510,False
79,13,CAR_0900,CAR,540,standing,,,,23.007,1,555,False
80,13,PT,PT,,standing,,,,30.1941,1,465,False
81,13,PT,PT,,standing,,,,35.9054,1,450,False
82,13,CAR_0900,CAR,540,standing,,,,25.8748,1,555,False
83,13,PT,PT,,standing,,,,35.1332,1,510,False
84,13,CAR_0930,CAR,570,standing,,,,22.8125,1,585,False
85,13,CAR_0630,CAR,390,standing,,,,14.3189,1,420,True
86,13,CAR_0800,CAR,480,standing,,,,2.9243,2,525,False
87,13,CAR_0830,CAR,510,standing,,,,12.8913,1,525,False
88,13,CAR_0715,CAR,435,standing,,,,21.8867,3,525,False
89,13,CAR_0715,CAR,435,standing,,,,18.5764,1,450,False
90,13,PT,PT,,standing,,,,29.1462,1,510,False
91,13,CAR_0645,CAR,405,standing,,,,12.4887,1,450,False
92,13,CAR_0745,CAR,465,standing,,,,2.6316,1,480,False
93,13,PT,PT,,standing,,,,38.9163,1,540,False
94,13,CAR_0800,CAR,480,standing,,,,28.1528,1,510,False
95,13,CAR_0645,CAR,405,standing,,,,1.952,1,420,False
96,13,CAR_0915,CAR,555,standing,,,,15.6895,1,570,False
97,13,WFH,WFH,,standing,,,,39.5524,1,,False
98,13,CAR_0730,CAR,450,rule,T5,"Chose to drive at 07:30 over drive at 07:45: lowest total cost (NZ$7.97 vs NZ$8.82), mainly arrival time.",arrival_time;habit,7.9739,1,480,False
99,13,CAR_0915,CAR,555,standing,,,,25.6858,1,555,False
100,13,CAR_0645,CAR,405,standing,,,,16.1924,1,420,False
101,13,CAR_0830,CAR,510,standing,,,,22.7312,1,525,False
102,13,CAR_0700,CAR,420,standing,,,,20.3281,1,435,False
103,13,WFH,WFH,,standing,,,,14.1295,3,,False
104,13,CAR_0830,CAR,510,standing,,,,18.1868,1,525,False
105,13,PT,PT,,standing,,,,29.0895,1,540,False
106,13,CAR_0830,CAR,510,standing,,,,20.9253,1,525,False
107,13,CAR_0700,CAR,420,standing,,,,32.9132,1,435,False
108,13,PT,PT,,standing,,,,35.3153,1,525,False
109,13,CAR_0700,CAR,420,standing,,,,21.0609,1,495,False
110,13,PT,PT,,standing,,,,32.515,1,555,False
111,13,CAR_0815,CAR,495,standing,,,,17.2588,1,510,False
112,13,CAR_0645,CAR,405,standing,,,,7.7978,1,420,False
113,13,CAR_0745,CAR,465,standing,,,,7.7229,1,480,False
114,13,WFH,WFH,,standing,,,,24.9812,4,,False
115,13,CAR_0845,CAR,525,standing,,,,15.7583,1,540,False
116,13,CAR_0800,CAR,480,standing,,,,18.3821,2,510,False
117,13,CAR_0745,CAR,465,standing,,,,17.915,1,495,False
118,13,CAR_0900,CAR,540,standing,,,,18.0186,1,555,False
119,13,CAR_0830,CAR,510,standing,,,,15.3776,1,525,False
120,13,CAR_0845,CAR,525,standing,,,,31.7354,1,555,False
121,13,PT,PT,,standing,,,,30.1943,1,465,False
122,13,CAR_0900,CAR,540,standing,,,,11.7051,1,555,False
123,13,PT,PT,,standing,,,,33.4356,1,435,False
124,13,CAR_0730,CAR,450,standing,,,,14.9149,1,465,False
125,13,WFH,WFH,,standing,,,,29.8302,1,,False
126,13,CAR_0845,CAR,525,standing,,,,15.2323,1,540,False
127,13,PT,PT,,standing,,,,37.0641,1,555,False
128,13,CAR_0715,CAR,435,rule,T5,"Chose to drive at 07:15 over drive at 07:30: lowest total cost (NZ$10.90 vs NZ$10.98), mainly the charge.",fee;travel_time,10.9048,1,495,False
129,13,PT,PT,,standing,,,,29.6461,1,525,False
130,13,CAR_0800,CAR,480,standing,,,,23.5401,1,495,False
131,13,CAR_0630,CAR,390,standing,,,,12.3028,3,420,True
132,13,CAR_0815,CAR,495,standing,,,,16.9601,1,525,False
133,13,PT,PT,,standing,,,,34.6024,1,450,False
134,13,PT,PT,,standing,,,,30.676,1,555,False
135,13,CAR_0630,CAR,390,standing,,,,11.7204,2,420,True
136,13,PT,PT,,standing,,,,34.5433,1,540,False
137,13,PT,PT,,standing,,,,36.0983,1,465,False
138,13,CAR_0815,CAR,495,standing,,,,29.3591,1,510,False
139,13,CAR_0830,CAR,510,standing,,,,23.2902,2,540,False
140,13,WFH,WFH,,standing,,,,23.3061,3,,False
141,13,CAR_0645,CAR,405,standing,,,,18.2406,1,420,True
142,13,CAR_0800,CAR,480,standing,,,,19.6862,1,510,False
143,13,PT,PT,,standing,,,,32.61,1,540,False
144,13,CAR_0700,CAR,420,standing,,,,19.963,1,510,False
145,13,PT,PT,,standing,,,,31.3362,1,420,False
146,13,CAR_0645,CAR,405,standing,,,,8.8163,1,420,False
147,13,PT,PT,,standing,,,,31.171,1,525,False
148,13,PT,PT,,standing,,,,30.541,1,555,False
149,13,PT,PT,,standing,,,,37.0227,1,525,False
150,13,PT,PT,,standing,,,,34.2198,1,510,False
151,13,PT,PT,,standing,,,,40.4192,1,510,False
152,13,CAR_0715,CAR,435,standing,,,,29.4412,1,450,False
153,13,CAR_0715,CAR,435,standing,,,,33.9645,4,450,False
154,13,CAR_0830,CAR,510,standing,,,,27.2675,1,540,False
155,13,CAR_0830,CAR,510,standing,,,,28.3626,1,540,False
156,13,CAR_0815,CAR,495,standing,,,,7.2164,1,510,False
157,13,PT,PT,,standing,,,,31.2766,1,495,False
158,13,CAR_0730,CAR,450,standing,,,,1.3001,1,465,False
159,13,WFH,WFH,,standing,,,,16.5627,3,,False
160,13,CAR_0700,CAR,420,rule,T5,"Chose to drive at 07:00 over drive at 07:15: lowest total cost (NZ$20.48 vs NZ$26.31), mainly arrival time.",arrival_time;fee;travel_time,20.4784,1,450,False
161,13,PT,PT,,standing,,,,31.7909,1,555,False
162,13,CAR_0645,CAR,405,rule,T5,"Chose to drive at 06:45 for the early start over drive at 07:15: lowest total cost (NZ$24.41 vs NZ$24.70), mainly travel time.",travel_time;fee,24.4087,4,420,True
163,13,CAR_0645,CAR,405,standing,,,,35.4082,8,420,True
164,13,CAR_0800,CAR,480,standing,,,,21.1201,1,495,False
165,13,CAR_0815,CAR,495,standing,,,,33.3977,1,510,False
166,13,CAR_0930,CAR,570,standing,,,,16.7358,1,585,False
167,13,CAR_0745,CAR,465,standing,,,,7.6975,3,510,False
168,13,CAR_0715,CAR,435,standing,,,,21.0099,1,480,False
169,13,CAR_0730,CAR,450,standing,,,,2.2051,1,465,False
170,13,WFH,WFH,,standing,,,,15.2247,3,,False
171,13,CAR_0715,CAR,435,standing,,,,3.0023,1,465,False
172,13,CAR_0645,CAR,405,standing,,,,9.282,1,420,False
173,13,PT,PT,,standing,,,,29.9017,1,495,False
174,13,CAR_0915,CAR,555,standing,,,,22.2389,1,570,False
175,13,CAR_0900,CAR,540,standing,,,,32.9166,1,555,False
176,13,PT,PT,,standing,,,,29.2828,1,585,False
177,13,PT,PT,,standing,,,,33.9097,1,495,False
178,13,CAR_0745,CAR,465,standing,,,,3.6837,1,480,False
179,13,CAR_0700,CAR,420,standing,,,,16.1356,1,435,False
180,13,PT,PT,,standing,,,,30.4602,1,480,False
181,13,PT,PT,,standing,,,,30.6124,1,450,False
182,13,CAR_0700,CAR,420,standing,,,,2.1857,1,465,False
183,13,CAR_0900,CAR,540,standing,,,,23.2873,1,555,False
184,13,PT,PT,,standing,,,,36.5927,1,510,False
185,13,CAR_0630,CAR,390,standing,,,,2.8475,1,420,False
186,13,CAR_0630,CAR,390,standing,,,,2.0352,1,420,False
187,13,CAR_0845,CAR,525,standing,,,,14.6455,1,540,False
188,13,CAR_0815,CAR,495,standing,,,,37.9863,1,525,False
189,13,PT,PT,,standing,,,,34.6608,1,495,False
190,13,WFH,WFH,,standing,,,,25.5988,3,,False
191,13,CAR_0715,CAR,435,rule,T5,"Chose to drive at 07:15 over drive at 07:00: lowest total cost (NZ$28.04 vs NZ$29.14), mainly changing routine.",habit;arrival_time,28.0378,1,510,False
192,13,CAR_0630,CAR,390,standing,,,,24.1958,1,420,True
193,13,PT,PT,,standing,,,,29.7035,1,600,False
194,13,CAR_0630,CAR,390,standing,,,,11.9559,3,420,True
195,13,CAR_0645,CAR,405,standing,,,,8.9792,2,465,False
196,13,CAR_0700,CAR,420,standing,,,,0.9036,1,435,False
197,13,PT,PT,,standing,,,,29.5943,1,555,False
198,13,CAR_0645,CAR,405,standing,,,,7.7565,2,420,True
199,13,PT,PT,,standing,,,,32.7424,1,480,False
200,13,CAR_0845,CAR,525,standing,,,,16.5801,1,540,False
201,13,PT,PT,,standing,,,,30.6199,1,555,False
202,13,CAR_0930,CAR,570,standing,,,,30.0892,1,585,False
203,13,CAR_0715,CAR,435,standing,,,,21.0,1,450,False
204,13,CAR_0845,CAR,525,standing,,,,21.5796,1,540,False
205,13,CAR_0715,CAR,435,standing,,,,14.6505,1,495,False
206,13,CAR_0700,CAR,420,standing,,,,31.3548,1,510,False
207,13,CAR_0630,CAR,390,standing,,,,0.9545,1,450,False
208,13,CAR_0845,CAR,525,standing,,,,18.3828,1,540,False
209,13,CAR_0700,CAR,420,rule,T3,"Chose to drive at 07:00 over drive at 07:15: lowest total cost (NZ$2.38 vs NZ$2.66), mainly arrival time.",arrival_time;travel_time,2.3819,1,450,False
210,13,CAR_0630,CAR,390,standing,,,,1.9983,1,435,False
211,13,PT,PT,,standing,,,,33.3923,1,495,False
212,13,CAR_0630,CAR,390,rule,T5,"Chose to drive at 06:30 over drive at 07:15: lowest total cost (NZ$27.42 vs NZ$26.54), mainly travel time.",travel_time;fee,27.4164,4,525,False
213,13,WFH,WFH,,standing,,,,36.9938,1,,False
214,13,PT,PT,,standing,,,,29.5958,1,555,False
215,13,CAR_0715,CAR,435,standing,,,,11.7747,1,465,False
216,13,CAR_0645,CAR,405,standing,,,,30.6912,1,420,True
217,13,PT,PT,,standing,,,,32.3898,1,510,False
218,13,CAR_0815,CAR,495,standing,,,,25.9854,1,525,False
219,13,PT,PT,,standing,,,,30.3743,1,525,False
220,13,PT,PT,,standing,,,,33.8028,1,525,False
221,13,CAR_0715,CAR,435,standing,,,,27.602,1,480,False
222,13,CAR_0730,CAR,450,standing,,,,24.7695,1,540,False
223,13,CAR_0915,CAR,555,standing,,,,35.6189,1,570,False
224,13,CAR_0730,CAR,450,standing,,,,25.4828,1,480,False
225,13,PT,PT,,standing,,,,28.0933,1,525,False
226,13,CAR_0745,CAR,465,standing,,,,15.7324,1,480,False
227,13,CAR_0845,CAR,525,standing,,,,15.9381,1,540,False
228,13,CAR_0715,CAR,435,standing,,,,6.7099,1,450,False
229,13,CAR_0900,CAR,540,standing,,,,3.7215,1,555,False
230,13,PT,PT,,standing,,,,32.0298,1,510,False
231,13,CAR_0830,CAR,510,standing,,,,17.6514,1,525,False
232,13,CAR_0830,CAR,510,standing,,,,9.2557,1,525,False
233,13,CAR_0715,CAR,435,standing,,,,11.9296,1,450,False
234,13,CAR_0930,CAR,570,standing,,,,28.2401,1,585,False
235,13,PT,PT,,standing,,,,31.2153,1,570,False
236,13,CAR_0715,CAR,435,standing,,,,21.8038,3,495,False
237,13,CAR_0930,CAR,570,rule,T3,"Chose to drive at 09:30 over drive at 09:15: lowest total cost (NZ$26.05 vs NZ$27.13), mainly changing routine.",habit;fee,26.053,1,555,False
238,13,CAR_0900,CAR,540,standing,,,,15.2018,1,555,False
239,13,CAR_0730,CAR,450,standing,,,,9.5713,1,465,False
240,13,CAR_0915,CAR,555,standing,,,,15.5968,1,570,False
241,13,CAR_0730,CAR,450,standing,,,,22.7592,3,495,False
242,13,CAR_0715,CAR,435,standing,,,,11.4794,1,480,False
243,13,PT,PT,,standing,,,,30.1329,1,540,False
244,13,CAR_0715,CAR,435,standing,,,,22.6932,1,450,False
245,13,CAR_0915,CAR,555,standing,,,,21.8462,1,555,False
246,13,CAR_0700,CAR,420,standing,,,,24.7702,2,435,False
247,13,PT,PT,,standing,,,,30.6216,1,570,False
248,13,PT,PT,,standing,,,,31.6977,1,540,False
249,13,PT,PT,,standing,,,,29.8624,1,510,False
250,13,CAR_0645,CAR,405,standing,,,,29.0021,8,420,True
251,13,CAR_0715,CAR,435,standing,,,,22.7893,2,480,False
252,13,PT,PT,,standing,,,,31.687,1,525,False
253,13,CAR_0715,CAR,435,standing,,,,10.3049,2,435,False
254,13,CAR_0830,CAR,510,standing,,,,33.142,1,525,False
255,13,CAR_0800,CAR,480,standing,,,,28.6364,1,495,False
256,13,CAR_0630,CAR,390,standing,,,,33.4046,1,420,False
257,13,PT,PT,,standing,,,,29.4473,1,450,False
258,13,PT,PT,,standing,,,,29.7633,1,525,False
259,13,CAR_0645,CAR,405,standing,,,,25.1635,6,420,True
260,13,CAR_0615,CAR,375,standing,,,,21.6635,1,420,True
261,13,WFH,WFH,,standing,,,,23.1202,1,,False
262,13,PT,PT,,standing,,,,30.4879,1,570,False
263,13,CAR_0630,CAR,390,standing,,,,12.5932,1,420,False
264,13,CAR_0715,CAR,435,standing,,,,2.7309,1,465,False
265,13,PT,PT,,standing,,,,30.8923,1,525,False
266,13,CAR_0630,CAR,390,standing,,,,19.2458,1,420,True
267,13,PT,PT,,standing,,,,32.505,1,555,False
268,13,PT,PT,,standing,,,,28.7778,1,495,False
269,13,CAR_0700,CAR,420,standing,,,,3.8263,1,435,False
270,13,PT,PT,,standing,,,,28.5785,1,465,False
271,13,PT,PT,,standing,,,,32.9601,1,555,False
272,13,PT,PT,,standing,,,,29.6222,1,600,False
273,13,PT,PT,,standing,,,,32.8596,1,555,False
274,13,CAR_0700,CAR,420,standing,,,,13.6254,1,435,False
275,13,CAR_0815,CAR,495,standing,,,,15.2021,1,510,False
276,13,CAR_0645,CAR,405,standing,,,,43.5603,4,420,True
277,13,WFH,WFH,,standing,,,,19.9404,3,,False
278,13,PT,PT,,standing,,,,32.5009,1,525,False
279,13,CAR_0700,CAR,420,standing,,,,21.0678,1,450,False
280,13,CAR_0700,CAR,420,standing,,,,3.8385,1,435,False
281,13,WFH,WFH,,standing,,,,29.3513,1,,False
282,13,CAR_0730,CAR,450,standing,,,,9.2046,5,465,False
283,13,CAR_0745,CAR,465,standing,,,,4.0949,2,495,False
284,13,PT,PT,,standing,,,,34.3552,1,525,False
285,13,CAR_0645,CAR,405,standing,,,,34.339,1,420,True
286,13,CAR_0715,CAR,435,standing,,,,14.4837,1,480,False
287,13,CAR_0630,CAR,390,standing,,,,8.3974,2,420,False
288,13,CAR_0900,CAR,540,standing,,,,32.9355,1,555,False
289,13,CAR_0645,CAR,405,standing,,,,21.4826,6,420,True
290,13,PT,PT,,standing,,,,37.4976,1,525,False
291,13,CAR_0830,CAR,510,standing,,,,20.8296,1,525,False
292,13,PT,PT,,standing,,,,40.7859,1,510,False
293,13,PT,PT,,standing,,,,33.1909,1,510,False
294,13,PT,PT,,standing,,,,39.0741,1,525,False
295,13,CAR_0715,CAR,435,standing,,,,16.6686,1,450,False
296,13,PT,PT,,standing,,,,43.1146,1,495,False
297,13,PT,PT,,standing,,,,37.0599,1,465,False
298,13,CAR_0715,CAR,435,standing,,,,7.8649,1,465,False
299,13,CAR_0715,CAR,435,standing,,,,22.1297,1,510,False
0,14,PT,PT,,standing,,,,28.5785,1,465,False
1,14,PT,PT,,standing,,,,32.9601,1,555,False
2,14,PT,PT,,standing,,,,29.6222,1,600,False
3,14,PT,PT,,standing,,,,32.8596,1,555,False
4,14,CAR_0700,CAR,420,standing,,,,13.2657,1,435,False
5,14,CAR_0815,CAR,495,standing,,,,14.68,1,510,False
6,14,CAR_0645,CAR,405,standing,,,,40.549,2,420,True
7,14,WFH,WFH,,standing,,,,19.9404,4,,False
8,14,PT,PT,,standing,,,,32.5009,1,525,False
9,14,CAR_0700,CAR,420,standing,,,,20.8149,1,450,False
10,14,CAR_0700,CAR,420,standing,,,,2.9103,1,435,False
11,14,CAR_0645,CAR,405,standing,,,,30.2283,1,420,True
12,14,CAR_0730,CAR,450,standing,,,,3.3314,1,465,False
13,14,CAR_0800,CAR,480,standing,,,,2.6331,1,495,False
14,14,PT,PT,,standing,,,,34.3552,1,525,False
15,14,CAR_0845,CAR,525,standing,,,,33.3409,1,540,False
16,14,CAR_0715,CAR,435,standing,,,,14.1796,1,480,False
17,14,CAR_0630,CAR,390,standing,,,,8.1711,1,420,False
18,14,CAR_0900,CAR,540,standing,,,,32.5033,1,555,False
19,14,CAR_0645,CAR,405,standing,,,,20.3411,2,420,True
20,14,PT,PT,,standing,,,,37.4976,1,525,False
21,14,CAR_0830,CAR,510,standing,,,,19.0898,1,525,False
22,14,PT,PT,,standing,,,,40.7859,1,510,False
23,14,PT,PT,,standing,,,,33.1909,1,510,False
24,14,PT,PT,,standing,,,,39.0741,1,525,False
25,14,CAR_0715,CAR,435,standing,,,,15.4519,1,450,False
26,14,PT,PT,,standing,,,,43.1146,1,495,False
27,14,PT,PT,,standing,,,,37.0599,1,465,False
28,14,CAR_0715,CAR,435,standing,,,,7.7954,1,465,False
29,14,CAR_0715,CAR,435,standing,,,,21.8669,1,510,False
30,14,PT,PT,,standing,,,,30.908,1,540,False
31,14,PT,PT,,standing,,,,36.8629,1,450,False
32,14,CAR_0645,CAR,405,standing,,,,17.8338,1,420,True
33,14,CAR_0745,CAR,465,standing,,,,32.32,1,480,False
34,14,CAR_0700,CAR,420,standing,,,,14.0874,1,435,False
35,14,PT,PT,,standing,,,,34.3412,1,495,False
36,14,CAR_0730,CAR,450,standing,,,,5.4698,1,480,False
37,14,CAR_0930,CAR,570,rule,T3,"Chose to drive at 09:30 over drive at 09:15: lowest total cost (NZ$10.40 vs NZ$10.78), mainly the charge.",fee;habit,10.3999,1,555,False
38,14,CAR_0700,CAR,420,standing,,,,22.8214,1,435,False
39,14,CAR_0715,CAR,435,standing,,,,25.0203,1,465,False
40,14,CAR_0730,CAR,450,standing,,,,23.2469,1,480,False
41,14,CAR_0715,CAR,435,standing,,,,5.217,3,480,False
42,14,WFH,WFH,,standing,,,,15.1527,1,,False
43,14,CAR_0715,CAR,435,standing,,,,14.7672,1,510,False
44,14,PT,PT,,standing,,,,32.4681,1,495,False
45,14,CAR_0700,CAR,420,standing,,,,1.3489,1,435,False
46,14,CAR_0730,CAR,450,standing,,,,17.7695,1,495,False
47,14,PT,PT,,standing,,,,37.1948,1,480,False
48,14,CAR_0700,CAR,420,standing,,,,24.3688,1,450,False
49,14,CAR_0715,CAR,435,standing,,,,15.1622,1,525,False
50,14,CAR_0745,CAR,465,standing,,,,16.8613,1,480,False
51,14,CAR_0845,CAR,525,standing,,,,12.245,1,540,False
52,14,CAR_0730,CAR,450,standing,,,,10.6329,1,495,False
53,14,WFH,WFH,,standing,,,,24.459,1,,False
54,14,CAR_0745,CAR,465,rule,T5,"Chose to drive at 07:45 over drive at 07:30: lowest total cost (NZ$4.80 vs NZ$6.34), mainly travel time.",travel_time;arrival_time,4.7978,1,480,False
55,14,CAR_0700,CAR,420,standing,,,,18.5214,1,435,False
56,14,CAR_0815,CAR,495,standing,,,,3.5691,1,510,False
57,14,CAR_0830,CAR,510,standing,,,,17.0296,1,525,False
58,14,WFH,WFH,,standing,,,,27.2916,5,,False
59,14,CAR_0830,CAR,510,standing,,,,3.7704,1,525,False
60,14,CAR_0730,CAR,450,standing,,,,5.4048,3,495,False
61,14,CAR_0830,CAR,510,standing,,,,17.1045,1,525,False
62,14,CAR_0815,CAR,495,standing,,,,9.1726,1,525,False
63,14,CAR_0830,CAR,510,standing,,,,32.426,1,525,False
64,14,CAR_0700,CAR,420,standing,,,,28.2651,1,510,False
65,14,CAR_0630,CAR,390,standing,,,,28.6437,1,420,True
66,14,CAR_0730,CAR,450,standing,,,,8.8798,1,465,False
67,14,CAR_0830,CAR,510,standing,,,,4.5897,1,525,False
68,14,WFH,WFH,,standing,,,,12.4707,6,,False
69,14,PT,PT,,standing,,,,38.0955,1,555,False
70,14,PT,PT,,standing,,,,32.3454,1,480,False
71,14,PT,PT,,standing,,,,38.5683,1,525,False
72,14,PT,PT,,standing,,,,29.633,1,510,False
73,14,CAR_0815,CAR,495,standing,,,,16.562,1,510,False
74,14,CAR_0645,CAR,405,standing,,,,19.013,1,420,True
75,14,CAR_0630,CAR,390,standing,,,,13.417,4,420,True
76,14,CAR_0800,CAR,480,standing,,,,32.6829,1,495,False
77,14,CAR_0730,CAR,450,standing,,,,32.4269,1,465,False
78,14,CAR_0745,CAR,465,standing,,,,1.6233,1,510,False
79,14,CAR_0900,CAR,540,standing,,,,22.6346,1,555,False
80,14,PT,PT,,standing,,,,30.1941,1,465,False
81,14,PT,PT,,standing,,,,35.9054,1,450,False
82,14,CAR_0900,CAR,540,standing,,,,25.4681,1,555,False
83,14,PT,PT,,standing,,,,35.1332,1,510,False
84,14,CAR_0930,CAR,570,standing,,,,22.5196,1,585,False
85,14,CAR_0630,CAR,390,standing,,,,14.0186,1,420,True
86,14,CAR_0800,CAR,480,standing,,,,2.9175,2,525,False
87,14,CAR_0830,CAR,510,standing,,,,12.3737,1,525,False
88,14,CAR_0715,CAR,435,standing,,,,21.2814,1,525,False
89,14,CAR_0715,CAR,435,standing,,,,18.2818,1,450,False
90,14,PT,PT,,standing,,,,29.1462,1,510,False
91,14,CAR_0645,CAR,405,standing,,,,12.2559,1,450,False
92,14,CAR_0745,CAR,465,standing,,,,2.6377,1,480,False
93,14,PT,PT,,standing,,,,38.9163,1,540,False
94,14,CAR_0800,CAR,480,standing,,,,28.1528,1,510,False
95,14,CAR_0645,CAR,405,standing,,,,1.9612,1,420,False
96,14,CAR_0915,CAR,555,standing,,,,15.3661,1,570,False
97,14,WFH,WFH,,standing,,,,39.5524,2,,False
98,14,CAR_0730,CAR,450,standing,,,,6.8199,2,480,False
99,14,CAR_0915,CAR,555,standing,,,,25.3427,1,555,False
100,14,CAR_0645,CAR,405,standing,,,,15.6457,1,420,False
101,14,CAR_0830,CAR,510,standing,,,,22.3059,1,525,False
102,14,CAR_0700,CAR,420,standing,,,,20.034,1,435,False
103,14,WFH,WFH,,standing,,,,14.1295,3,,False
104,14,CAR_0830,CAR,510,standing,,,,17.7311,1,525,False
105,14,PT,PT,,standing,,,,29.0895,1,540,False
106,14,CAR_0830,CAR,510,standing,,,,20.5627,1,525,False
107,14,CAR_0700,CAR,420,standing,,,,32.6373,1,435,False
108,14,PT,PT,,standing,,,,35.3153,1,525,False
109,14,CAR_0700,CAR,420,standing,,,,20.7866,1,495,False
110,14,PT,PT,,standing,,,,32.515,1,555,False
111,14,CAR_0815,CAR,495,standing,,,,16.8178,1,510,False
112,14,CAR_0645,CAR,405,standing,,,,7.4913,1,420,False
113,14,CAR_0745,CAR,465,standing,,,,7.7306,1,480,False
114,14,WFH,WFH,,standing,,,,24.9812,5,,False
115,14,CAR_0845,CAR,525,standing,,,,15.3485,1,540,False
116,14,CAR_0800,CAR,480,standing,,,,17.9734,2,510,False
117,14,CAR_0745,CAR,465,standing,,,,17.5244,1,495,False
118,14,CAR_0900,CAR,540,standing,,,,17.6315,1,555,False
119,14,CAR_0830,CAR,510,standing,,,,14.9366,1,525,False
120,14,CAR_0845,CAR,525,standing,,,,31.2991,1,555,False
121,14,PT,PT,,standing,,,,30.1943,1,465,False
122,14,CAR_0900,CAR,540,standing,,,,11.2788,1,555,False
123,14,PT,PT,,standing,,,,33.4356,1,435,False
124,14,CAR_0730,CAR,450,standing,,,,14.6109,1,465,False
125,14,WFH,WFH,,standing,,,,29.8302,1,,False
126,14,CAR_0845,CAR,525,standing,,,,14.7881,1,540,False
127,14,PT,PT,,standing,,,,37.0641,1,555,False
128,14,CAR_0715,CAR,435,standing,,,,9.7066,1,495,False
129,14,PT,PT,,standing,,,,29.6461,1,525,False
130,14,CAR_0800,CAR,480,standing,,,,22.8709,1,495,False
131,14,CAR_0630,CAR,390,standing,,,,12.1883,3,420,True
132,14,CAR_0815,CAR,495,standing,,,,16.5311,1,525,False
133,14,PT,PT,,standing,,,,34.6024,1,450,False
134,14,PT,PT,,standing,,,,30.676,1,555,False
135,14,CAR_0630,CAR,390,standing,,,,11.4264,1,420,True
136,14,PT,PT,,standing,,,,34.5433,1,540,False
137,14,PT,PT,,standing,,,,36.0983,2,465,False
138,14,CAR_0815,CAR,495,standing,,,,28.9132,1,510,False
139,14,CAR_0830,CAR,510,standing,,,,22.844,2,540,False
140,14,WFH,WFH,,standing,,,,23.3061,3,,False
141,14,CAR_0645,CAR,405,standing,,,,17.9378,1,420,True
142,14,CAR_0800,CAR,480,standing,,,,19.2452,1,510,False
143,14,PT,PT,,standing,,,,32.61,1,540,False
144,14,CAR_0700,CAR,420,standing,,,,19.6688,1,510,False
145,14,PT,PT,,standing,,,,31.3362,1,420,False
146,14,CAR_0645,CAR,405,standing,,,,8.7556,1,420,False
147,14,PT,PT,,standing,,,,31.171,1,525,False
148,14,PT,PT,,standing,,,,30.541,1,555,False
149,14,PT,PT,,standing,,,,37.0227,1,525,False
150,14,PT,PT,,standing,,,,34.2198,1,510,False
151,14,PT,PT,,standing,,,,40.4192,1,510,False
152,14,CAR_0715,CAR,435,standing,,,,29.1455,1,450,False
153,14,CAR_0715,CAR,435,standing,,,,32.1396,3,450,False
154,14,CAR_0830,CAR,510,standing,,,,26.8268,1,540,False
155,14,CAR_0830,CAR,510,standing,,,,27.9221,1,540,False
156,14,CAR_0815,CAR,495,standing,,,,7.2164,1,510,False
157,14,PT,PT,,standing,,,,31.2766,1,495,False
158,14,CAR_0730,CAR,450,standing,,,,1.296,1,465,False
159,14,WFH,WFH,,standing,,,,16.5627,3,,False
160,14,CAR_0700,CAR,420,standing,,,,19.2022,1,450,False
161,14,PT,PT,,standing,,,,31.7909,1,555,False
162,14,CAR_0645,CAR,405,standing,,,,23.8699,4,420,True
163,14,CAR_0645,CAR,405,standing,,,,34.8583,8,420,True
164,14,CAR_0800,CAR,480,standing,,,,20.681,1,495,False
165,14,CAR_0815,CAR,495,standing,,,,33.0509,1,510,False
166,14,CAR_0930,CAR,570,standing,,,,16.442,1,585,False
167,14,CAR_0745,CAR,465,standing,,,,7.6975,3,510,False
168,14,CAR_0715,CAR,435,standing,,,,20.7096,1,480,False
169,14,CAR_0730,CAR,450,standing,,,,2.1916,1,465,False
170,14,WFH,WFH,,standing,,,,15.2247,3,,False
171,14,CAR_0715,CAR,435,standing,,,,3.0,1,465,False
172,14,CAR_0645,CAR,405,standing,,,,8.9778,1,420,False
173,14,PT,PT,,standing,,,,29.9017,1,495,False
174,14,CAR_0915,CAR,555,standing,,,,21.94,1,570,False
175,14,CAR_0900,CAR,540,standing,,,,32.5153,1,555,False
176,14,PT,PT,,standing,,,,29.2828,1,585,False
177,14,PT,PT,,standing,,,,33.9097,1,495,False
178,14,CAR_0745,CAR,465,standing,,,,3.6953,1,480,False
179,14,CAR_0700,CAR,420,standing,,,,15.8273,1,435,False
180,14,PT,PT,,standing,,,,30.4602,1,480,False
181,14,PT,PT,,standing,,,,30.6124,1,450,False
182,14,CAR_0700,CAR,420,standing,,,,2.1833,1,465,False
183,14,CAR_0900,CAR,540,standing,,,,22.9149,1,555,False
184,14,PT,PT,,standing,,,,36.5927,1,510,False
185,14,CAR_0630,CAR,390,standing,,,,2.8475,1,420,False
186,14,CAR_0630,CAR,390,standing,,,,2.0216,1,420,False
187,14,CAR_0845,CAR,525,standing,,,,14.2232,1,540,False
188,14,CAR_0815,CAR,495,standing,,,,37.4921,1,525,False
189,14,PT,PT,,standing,,,,34.6608,1,495,False
190,14,WFH,WFH,,standing,,,,25.5988,3,,False
191,14,CAR_0715,CAR,435,standing,,,,27.9623,1,510,False
192,14,CAR_0630,CAR,390,standing,,,,23.9327,1,420,True
193,14,PT,PT,,standing,,,,29.7035,1,600,False
194,14,CAR_0630,CAR,390,standing,,,,11.9354,3,420,True
195,14,CAR_0645,CAR,405,standing,,,,8.6937,2,465,False
196,14,CAR_0700,CAR,420,standing,,,,0.9035,1,435,False
197,14,PT,PT,,standing,,,,29.5943,1,555,False
198,14,CAR_0645,CAR,405,standing,,,,7.7543,2,420,True
199,14,PT,PT,,standing,,,,32.7424,1,480,False
200,14,CAR_0845,CAR,525,standing,,,,16.1391,1,540,False
201,14,PT,PT,,standing,,,,30.6199,1,555,False
202,14,CAR_0930,CAR,570,standing,,,,29.7952,1,585,False
203,14,CAR_0715,CAR,435,standing,,,,20.7024,1,450,False
204,14,CAR_0845,CAR,525,standing,,,,21.1386,1,540,False
205,14,CAR_0715,CAR,435,standing,,,,14.4264,1,495,False
206,14,CAR_0700,CAR,420,standing,,,,31.0631,1,510,False
207,14,CAR_0630,CAR,390,standing,,,,0.9541,1,450,False
208,14,CAR_0845,CAR,525,standing,,,,17.938,1,540,False
209,14,CAR_0700,CAR,420,standing,,,,1.4173,1,450,False
210,14,CAR_0630,CAR,390,standing,,,,1.9963,1,435,False
211,14,PT,PT,,standing,,,,33.3923,1,495,False
212,14,CAR_0630,CAR,390,standing,,,,26.1183,1,525,False
213,14,WFH,WFH,,standing,,,,36.9938,1,,False
214,14,PT,PT,,standing,,,,29.5958,1,555,False
215,14,CAR_0715,CAR,435,standing,,,,11.8414,1,465,False
216,14,CAR_0645,CAR,405,standing,,,,30.3764,1,420,True
217,14,PT,PT,,standing,,,,32.3898,1,510,False
218,14,CAR_0815,CAR,495,standing,,,,25.4131,1,525,False
219,14,PT,PT,,standing,,,,30.3743,1,525,False
220,14,PT,PT,,standing,,,,33.8028,1,525,False
221,14,CAR_0715,CAR,435,standing,,,,27.4718,1,480,False
222,14,CAR_0730,CAR,450,standing,,,,24.513,1,540,False
223,14,CAR_0915,CAR,555,standing,,,,35.3053,1,570,False
224,14,CAR_0730,CAR,450,standing,,,,25.1247,1,480,False
225,14,PT,PT,,standing,,,,28.0933,4,525,False
226,14,CAR_0745,CAR,465,standing,,,,15.3096,1,480,False
227,14,CAR_0845,CAR,525,standing,,,,15.4987,1,540,False
228,14,CAR_0715,CAR,435,standing,,,,6.4319,1,450,False
229,14,CAR_0900,CAR,540,standing,,,,3.6635,1,555,False
230,14,PT,PT,,standing,,,,32.0298,1,510,False
231,14,CAR_0830,CAR,510,standing,,,,17.2108,1,525,False
232,14,CAR_0830,CAR,510,standing,,,,9.2933,1,525,False
233,14,CAR_0715,CAR,435,standing,,,,12.6909,1,450,False
234,14,CAR_0930,CAR,570,standing,,,,27.9461,1,585,False
235,14,PT,PT,,standing,,,,31.2153,1,570,False
236,14,CAR_0715,CAR,435,standing,,,,21.6223,3,495,False
237,14,CAR_0930,CAR,570,rule,T3,"Chose to drive at 09:30 over drive at 09:15: lowest total cost (NZ$25.76 vs NZ$26.83), mainly changing routine.",habit;fee,25.759,1,555,False
238,14,CAR_0900,CAR,540,standing,,,,14.8048,1,555,False
239,14,CAR_0730,CAR,450,standing,,,,9.2422,1,465,False
240,14,CAR_0915,CAR,555,standing,,,,15.2636,1,570,False
241,14,CAR_0730,CAR,450,standing,,,,22.1139,3,495,False
242,14,CAR_0715,CAR,435,standing,,,,11.1869,1,480,False
243,14,PT,PT,,standing,,,,30.1329,1,540,False
244,14,CAR_0715,CAR,435,standing,,,,22.4008,1,450,False
245,14,CAR_0915,CAR,555,standing,,,,21.4836,1,555,False
246,14,CAR_0700,CAR,420,standing,,,,25.4303,2,435,False
247,14,PT,PT,,standing,,,,30.6216,1,570,False
248,14,PT,PT,,standing,,,,31.6977,1,540,False
249,14,PT,PT,,standing,,,,29.8624,1,510,False
250,14,CAR_0645,CAR,405,standing,,,,28.4145,7,420,True
251,14,CAR_0715,CAR,435,standing,,,,21.6833,1,480,False
252,14,PT,PT,,standing,,,,31.687,1,525,False
253,14,CAR_0715,CAR,435,standing,,,,11.4094,3,435,False
254,14,CAR_0830,CAR,510,standing,,,,32.7118,1,525,False
255,14,CAR_0800,CAR,480,standing,,,,28.1954,1,495,False
256,14,CAR_0630,CAR,390,standing,,,,33.1106,1,420,False
257,14,PT,PT,,standing,,,,29.4473,1,450,False
258,14,PT,PT,,standing,,,,29.7633,1,525,False
259,14,CAR_0645,CAR,405,standing,,,,24.908,6,420,True
260,14,CAR_0615,CAR,375,standing,,,,21.3671,1,420,True
261,14,WFH,WFH,,standing,,,,23.1202,2,,False
262,14,PT,PT,,standing,,,,30.4879,1,570,False
263,14,CAR_0630,CAR,390,standing,,,,12.2979,1,420,False
264,14,CAR_0715,CAR,435,standing,,,,2.8521,1,465,False
265,14,PT,PT,,standing,,,,30.8923,1,525,False
266,14,CAR_0630,CAR,390,standing,,,,18.9411,1,420,True
267,14,PT,PT,,standing,,,,32.505,1,555,False
268,14,PT,PT,,standing,,,,28.7778,1,495,False
269,14,CAR_0700,CAR,420,standing,,,,3.8287,1,435,False
270,14,PT,PT,,standing,,,,28.5785,1,465,False
271,14,PT,PT,,standing,,,,32.9601,1,555,False
272,14,PT,PT,,standing,,,,29.6222,1,600,False
273,14,PT,PT,,standing,,,,32.8596,1,555,False
274,14,CAR_0700,CAR,420,standing,,,,13.3356,1,435,False
275,14,CAR_0815,CAR,495,standing,,,,14.7686,1,510,False
276,14,CAR_0645,CAR,405,standing,,,,43.1378,4,420,True
277,14,WFH,WFH,,standing,,,,19.9404,3,,False
278,14,PT,PT,,standing,,,,32.5009,1,525,False
279,14,CAR_0700,CAR,420,standing,,,,20.8112,1,450,False
280,14,CAR_0700,CAR,420,standing,,,,3.8379,1,435,False
281,14,WFH,WFH,,standing,,,,29.3513,1,,False
282,14,CAR_0730,CAR,450,standing,,,,4.6902,1,465,False
283,14,CAR_0745,CAR,465,standing,,,,4.0734,2,495,False
284,14,PT,PT,,standing,,,,34.3552,1,525,False
285,14,CAR_0645,CAR,405,standing,,,,34.0385,1,420,True
286,14,CAR_0715,CAR,435,standing,,,,15.1569,3,480,False
287,14,CAR_0630,CAR,390,standing,,,,8.5138,1,420,False
288,14,CAR_0900,CAR,540,standing,,,,32.5576,1,555,False
289,14,CAR_0645,CAR,405,standing,,,,21.135,6,420,True
290,14,PT,PT,,standing,,,,37.4976,1,525,False
291,14,CAR_0830,CAR,510,standing,,,,20.4059,1,525,False
292,14,PT,PT,,standing,,,,40.7859,1,510,False
293,14,PT,PT,,standing,,,,33.1909,1,510,False
294,14,PT,PT,,standing,,,,39.0741,1,525,False
295,14,CAR_0715,CAR,435,standing,,,,16.3698,1,450,False
296,14,PT,PT,,standing,,,,43.1146,1,495,False
297,14,PT,PT,,standing,,,,37.0599,1,465,False
298,14,CAR_0715,CAR,435,standing,,,,7.868,1,465,False
299,14,CAR_0715,CAR,435,standing,,,,22.0179,1,510,False
0,15,PT,PT,,standing,,,,28.5785,1,465,False
1,15,PT,PT,,standing,,,,32.9601,1,555,False
2,15,PT,PT,,standing,,,,29.6222,1,600,False
3,15,PT,PT,,standing,,,,32.8596,1,555,False
4,15,CAR_0700,CAR,420,standing,,,,13.0592,1,435,False
5,15,CAR_0815,CAR,495,standing,,,,14.3545,1,510,False
6,15,CAR_0645,CAR,405,standing,,,,40.3093,2,420,True
7,15,WFH,WFH,,standing,,,,19.9404,4,,False
8,15,PT,PT,,standing,,,,32.5009,1,525,False
9,15,CAR_0700,CAR,420,standing,,,,20.6038,1,450,False
10,15,CAR_0700,CAR,420,standing,,,,2.9093,1,435,False
11,15,CAR_0645,CAR,405,standing,,,,30.034,1,420,True
12,15,CAR_0730,CAR,450,standing,,,,3.2362,1,465,False
13,15,CAR_0800,CAR,480,standing,,,,2.6366,1,495,False
14,15,PT,PT,,standing,,,,34.3552,1,525,False
15,15,CAR_0845,CAR,525,standing,,,,33.0289,1,540,False
16,15,CAR_0715,CAR,435,standing,,,,13.7376,2,480,False
17,15,CAR_0630,CAR,390,standing,,,,8.1608,1,420,False
18,15,CAR_0900,CAR,540,standing,,,,32.2268,1,555,False
19,15,CAR_0645,CAR,405,standing,,,,19.8177,2,420,True
20,15,PT,PT,,standing,,,,37.4976,1,525,False
21,15,CAR_0830,CAR,510,standing,,,,18.7592,1,525,False
22,15,PT,PT,,standing,,,,40.7859,1,510,False
23,15,PT,PT,,standing,,,,33.1909,1,510,False
24,15,PT,PT,,standing,,,,39.0741,1,525,False
25,15,CAR_0715,CAR,435,standing,,,,15.2457,1,450,False
26,15,PT,PT,,standing,,,,43.1146,1,495,False
27,15,PT,PT,,standing,,,,37.0599,1,465,False
28,15,CAR_0715,CAR,435,standing,,,,7.7919,1,465,False
29,15,CAR_0715,CAR,435,standing,,,,21.6159,1,510,False
30,15,PT,PT,,standing,,,,30.908,1,540,False
31,15,PT,PT,,standing,,,,36.8629,1,450,False
32,15,CAR_0645,CAR,405,standing,,,,17.628,1,420,True
33,15,CAR_0745,CAR,465,standing,,,,32.0456,1,480,False
34,15,CAR_0700,CAR,420,standing,,,,13.8738,1,435,False
35,15,PT,PT,,standing,,,,34.3412,1,495,False
36,15,CAR_0730,CAR,450,standing,,,,5.2044,1,480,False
37,15,CAR_0930,CAR,570,rule,T3,"Chose to drive at 09:30 over drive at 09:15: lowest total cost (NZ$10.19 vs NZ$10.57), mainly the charge.",fee;habit,10.1941,1,555,False
38,15,CAR_0700,CAR,420,standing,,,,22.6137,1,435,False
39,15,CAR_0715,CAR,435,standing,,,,24.702,1,465,False
40,15,CAR_0730,CAR,450,standing,,,,22.9864,1,480,False
41,15,CAR_0715,CAR,435,standing,,,,5.2131,3,480,False
42,15,WFH,WFH,,standing,,,,15.1527,1,,False
43,15,CAR_0715,CAR,435,standing,,,,14.5607,1,510,False
44,15,PT,PT,,standing,,,,32.4681,1,495,False
45,15,CAR_0700,CAR,420,standing,,,,1.3425,1,435,False
46,15,CAR_0730,CAR,450,standing,,,,17.5415,1,495,False
47,15,PT,PT,,standing,,,,37.1948,1,480,False
48,15,CAR_0700,CAR,420,standing,,,,24.163,1,450,False
49,15,CAR_0715,CAR,435,standing,,,,14.9559,1,525,False
50,15,CAR_0745,CAR,465,standing,,,,16.5795,1,480,False
51,15,CAR_0845,CAR,525,standing,,,,11.9363,1,540,False
52,15,CAR_0730,CAR,450,standing,,,,10.3416,1,495,False
53,15,WFH,WFH,,standing,,,,24.459,1,,False
54,15,CAR_0745,CAR,465,standing,,,,3.0733,1,480,False
55,15,CAR_0700,CAR,420,standing,,,,18.3104,1,435,False
56,15,CAR_0815,CAR,495,standing,,,,3.5611,1,510,False
57,15,CAR_0830,CAR,510,standing,,,,16.7146,1,525,False
58,15,WFH,WFH,,standing,,,,27.2916,5,,False
59,15,CAR_0830,CAR,510,standing,,,,3.7599,1,525,False
60,15,CAR_0730,CAR,450,standing,,,,5.2139,3,495,False
61,15,CAR_0830,CAR,510,standing,,,,16.735,1,525,False
62,15,CAR_0815,CAR,495,standing,,,,9.173,1,525,False
63,15,CAR_0830,CAR,510,standing,,,,32.1156,1,525,False
64,15,CAR_0700,CAR,420,standing,,,,28.0587,1,510,False
65,15,CAR_0630,CAR,390,standing,,,,28.4421,1,420,True
66,15,CAR_0730,CAR,450,standing,,,,8.5283,1,465,False
67,15,CAR_0830,CAR,510,standing,,,,4.6101,1,525,False
68,15,WFH,WFH,,standing,,,,12.4707,6,,False
69,15,PT,PT,,standing,,,,38.0955,1,555,False
70,15,PT,PT,,standing,,,,32.3454,1,480,False
71,15,PT,PT,,standing,,,,38.5683,1,525,False
72,15,PT,PT,,standing,,,,29.633,1,510,False
73,15,CAR_0815,CAR,495,standing,,,,16.21,1,510,False
74,15,CAR_0645,CAR,405,standing,,,,18.8248,1,420,True
75,15,CAR_0630,CAR,390,standing,,,,13.2112,4,420,True
76,15,CAR_0800,CAR,480,standing,,,,32.3744,1,495,False
77,15,CAR_0730,CAR,450,standing,,,,32.1548,1,465,False
78,15,CAR_0745,CAR,465,standing,,,,1.6232,1,510,False
79,15,CAR_0900,CAR,540,standing,,,,22.3739,1,555,False
80,15,PT,PT,,standing,,,,30.1941,1,465,False
81,15,PT,PT,,standing,,,,35.9054,1,450,False
82,15,CAR_0900,CAR,540,standing,,,,25.1834,1,555,False
83,15,PT,PT,,standing,,,,35.1332,1,510,False
84,15,CAR_0930,CAR,570,standing,,,,22.3146,1,585,False
85,15,CAR_0630,CAR,390,standing,,,,13.8084,1,420,True
86,15,CAR_0800,CAR,480,standing,,,,2.9127,2,525,False
87,15,CAR_0830,CAR,510,standing,,,,12.2147,1,525,False
88,15,CAR_0715,CAR,435,standing,,,,20.8954,1,525,False
89,15,CAR_0715,CAR,435,standing,,,,18.0755,1,450,False
90,15,PT,PT,,standing,,,,29.1462,1,510,False
91,15,CAR_0645,CAR,405,standing,,,,12.0681,1,450,False
92,15,CAR_0745,CAR,465,standing,,,,2.642,1,480,False
93,15,PT,PT,,standing,,,,38.9163,1,540,False
94,15,CAR_0800,CAR,480,standing,,,,28.1528,1,510,False
95,15,CAR_0645,CAR,405,standing,,,,1.9677,1,420,False
96,15,CAR_0915,CAR,555,standing,,,,15.1397,1,570,False
97,15,WFH,WFH,,standing,,,,39.5524,2,,False
98,15,CAR_0730,CAR,450,standing,,,,6.314,2,480,False
99,15,CAR_0915,CAR,555,standing,,,,25.1026,1,555,False
100,15,CAR_0645,CAR,405,standing,,,,15.397,1,420,False
101,15,CAR_0830,CAR,510,standing,,,,22.0082,1,525,False
102,15,CAR_0700,CAR,420,standing,,,,19.8282,1,435,False
103,15,WFH,WFH,,standing,,,,14.1295,3,,False
104,15,CAR_0830,CAR,510,standing,,,,17.4121,1,525,False
105,15,PT,PT,,standing,,,,29.0895,1,540,False
106,15,CAR_0830,CAR,510,standing,,,,20.3089,1,525,False
107,15,CAR_0700,CAR,420,standing,,,,32.429,1,435,False
108,15,PT,PT,,standing,,,,35.3153,1,525,False
109,15,CAR_0700,CAR,420,standing,,,,20.5747,1,495,False
110,15,PT,PT,,standing,,,,32.515,1,555,False
111,15,CAR_0815,CAR,495,standing,,,,16.5091,1,510,False
112,15,CAR_0645,CAR,405,standing,,,,7.3107,1,420,False
113,15,CAR_0745,CAR,465,standing,,,,7.7359,1,480,False
114,15,WFH,WFH,,standing,,,,24.9812,6,,False
115,15,CAR_0845,CAR,525,standing,,,,15.0615,1,540,False
116,15,CAR_0800,CAR,480,standing,,,,17.6874,2,510,False
117,15,CAR_0745,CAR,465,standing,,,,17.251,1,495,False
118,15,CAR_0900,CAR,540,standing,,,,17.3605,1,555,False
119,15,CAR_0830,CAR,510,standing,,,,14.6279,1,525,False
120,15,CAR_0845,CAR,525,standing,,,,30.9938,1,555,False
121,15,PT,PT,,standing,,,,30.1943,1,465,False
122,15,CAR_0900,CAR,540,standing,,,,10.9804,1,555,False
123,15,PT,PT,,standing,,,,33.4356,1,435,False
124,15,CAR_0730,CAR,450,standing,,,,14.3981,1,465,False
125,15,WFH,WFH,,standing,,,,29.8302,2,,False
126,15,CAR_0845,CAR,525,standing,,,,14.4771,1,540,False
127,15,PT,PT,,standing,,,,37.0641,1,555,False
128,15,CAR_0715,CAR,435,standing,,,,9.5479,1,495,False
129,15,PT,PT,,standing,,,,29.6461,1,525,False
130,15,CAR_0800,CAR,480,standing,,,,22.5592,1,495,False
131,15,CAR_0630,CAR,390,standing,,,,12.1081,3,420,True
132,15,CAR_0815,CAR,495,standing,,,,16.2308,1,525,False
133,15,PT,PT,,standing,,,,34.6024,1,450,False
134,15,PT,PT,,standing,,,,30.676,1,555,False
135,15,CAR_0630,CAR,390,standing,,,,11.2206,1,420,True
136,15,PT,PT,,standing,,,,34.5433,1,540,False
137,15,PT,PT,,standing,,,,36.0983,2,465,False
138,15,CAR_0815,CAR,495,standing,,,,28.6011,1,510,False
139,15,CAR_0830,CAR,510,standing,,,,22.5317,2,540,False
140,15,WFH,WFH,,standing,,,,23.3061,3,,False
141,15,CAR_0645,CAR,405,standing,,,,17.7259,1,420,True
142,15,CAR_0800,CAR,480,standing,,,,18.9365,1,510,False
143,15,PT,PT,,standing,,,,32.61,1,540,False
144,15,CAR_0700,CAR,420,standing,,,,19.4553,1,510,False
145,15,PT,PT,,standing,,,,31.3362,1,420,False
146,15,CAR_0645,CAR,405,standing,,,,8.7131,1,420,False
147,15,PT,PT,,standing,,,,31.171,1,525,False
148,15,PT,PT,,standing,,,,30.541,1,555,False
149,15,PT,PT,,standing,,,,37.0227,1,525,False
150,15,PT,PT,,standing,,,,34.2198,1,510,False
151,15,PT,PT,,standing,,,,40.4192,1,510,False
152,15,CAR_0715,CAR,435,standing,,,,28.9384,1,450,False
153,15,CAR_0715,CAR,435,standing,,,,30.7652,3,450,False
154,15,CAR_0830,CAR,510,standing,,,,26.5184,1,540,False
155,15,CAR_0830,CAR,510,standing,,,,27.6137,1,540,False
156,15,CAR_0815,CAR,495,standing,,,,7.2164,1,510,False
157,15,PT,PT,,standing,,,,31.2766,1,495,False
158,15,CAR_0730,CAR,450,standing,,,,1.2931,1,465,False
159,15,WFH,WFH,,standing,,,,16.5627,3,,False
160,15,CAR_0700,CAR,420,standing,,,,19.0508,1,450,False
161,15,PT,PT,,standing,,,,31.7909,1,555,False
162,15,CAR_0645,CAR,405,standing,,,,23.5447,4,420,True
163,15,CAR_0645,CAR,405,standing,,,,34.4733,8,420,True
164,15,CAR_0800,CAR,480,standing,,,,20.3736,1,495,False
165,15,CAR_0815,CAR,495,standing,,,,32.7135,1,510,False
166,15,CAR_0930,CAR,570,standing,,,,16.2364,1,585,False
167,15,CAR_0745,CAR,465,standing,,,,7.6975,3,510,False
168,15,CAR_0715,CAR,435,standing,,,,20.4994,1,480,False
169,15,CAR_0730,CAR,450,standing,,,,2.1821,1,465,False
170,15,WFH,WFH,,standing,,,,15.2247,3,,False
171,15,CAR_0715,CAR,435,standing,,,,2.9983,1,465,False
172,15,CAR_0645,CAR,405,standing,,,,8.7649,1,420,False
173,15,PT,PT,,standing,,,,29.9017,1,495,False
174,15,CAR_0915,CAR,555,standing,,,,21.7307,1,570,False
175,15,CAR_0900,CAR,540,standing,,,,32.2344,1,555,False
176,15,PT,PT,,standing,,,,29.2828,1,585,False
177,15,PT,PT,,standing,,,,33.9097,1,495,False
178,15,CAR_0745,CAR,465,standing,,,,3.7033,1,480,False
179,15,CAR_0700,CAR,420,standing,,,,15.6115,1,435,False
180,15,PT,PT,,standing,,,,30.4602,1,480,False
181,15,PT,PT,,standing,,,,30.6124,1,450,False
182,15,CAR_0700,CAR,420,standing,,,,2.1816,1,465,False
183,15,CAR_0900,CAR,540,standing,,,,22.6542,1,555,False
184,15,PT,PT,,standing,,,,36.5927,1,510,False
185,15,CAR_0630,CAR,390,standing,,,,2.8475,1,420,False
186,15,CAR_0630,CAR,390,standing,,,,2.012,1,420,False
187,15,CAR_0845,CAR,525,standing,,,,13.9276,1,540,False
188,15,CAR_0815,CAR,495,standing,,,,37.0857,1,525,False
189,15,PT,PT,,standing,,,,34.6608,1,495,False
190,15,WFH,WFH,,standing,,,,25.5988,3,,False
191,15,CAR_0715,CAR,435,standing,,,,27.676,1,510,False
192,15,CAR_0630,CAR,390,standing,,,,23.7486,1,420,True
193,15,PT,PT,,standing,,,,29.7035,1,600,False
194,15,CAR_0630,CAR,390,standing,,,,11.9313,3,420,True
195,15,CAR_0645,CAR,405,standing,,,,8.4939,2,465,False
196,15,CAR_0700,CAR,420,standing,,,,0.9035,1,435,False
197,15,PT,PT,,standing,,,,29.5943,1,555,False
198,15,CAR_0645,CAR,405,standing,,,,7.7528,2,420,True
199,15,PT,PT,,standing,,,,32.7424,1,480,False
200,15,CAR_0845,CAR,525,standing,,,,15.8304,1,540,False
201,15,PT,PT,,standing,,,,30.6199,1,555,False
202,15,CAR_0930,CAR,570,standing,,,,29.5894,1,585,False
203,15,CAR_0715,CAR,435,standing,,,,20.494,1,450,False
204,15,CAR_0845,CAR,525,standing,,,,20.8299,1,540,False
205,15,CAR_0715,CAR,435,standing,,,,14.1986,1,495,False
206,15,CAR_0700,CAR,420,standing,,,,30.855,1,510,False
207,15,CAR_0630,CAR,390,standing,,,,0.9538,1,450,False
208,15,CAR_0845,CAR,525,standing,,,,17.6266,1,540,False
209,15,CAR_0700,CAR,420,standing,,,,1.4055,1,450,False
210,15,CAR_0630,CAR,390,standing,,,,1.9948,1,435,False
211,15,PT,PT,,standing,,,,33.3923,1,495,False
212,15,CAR_0630,CAR,390,standing,,,,25.9154,1,525,False
213,15,WFH,WFH,,standing,,,,36.9938,1,,False
214,15,PT,PT,,standing,,,,29.5958,1,555,False
215,15,CAR_0715,CAR,435,standing,,,,11.5184,1,465,False
216,15,CAR_0645,CAR,405,standing,,,,30.156,1,420,True
217,15,PT,PT,,standing,,,,32.3898,1,510,False
218,15,CAR_0815,CAR,495,standing,,,,25.0125,1,525,False
219,15,PT,PT,,standing,,,,30.3743,1,525,False
220,15,PT,PT,,standing,,,,33.8028,1,525,False
221,15,CAR_0715,CAR,435,standing,,,,27.246,1,480,False
222,15,CAR_0730,CAR,450,standing,,,,24.2834,1,540,False
223,15,CAR_0915,CAR,555,standing,,,,35.0858,1,570,False
224,15,CAR_0730,CAR,450,standing,,,,24.874,1,480,False
225,15,PT,PT,,standing,,,,28.0933,5,525,False
226,15,CAR_0745,CAR,465,standing,,,,15.0136,1,480,False
227,15,CAR_0845,CAR,525,standing,,,,15.1912,1,540,False
228,15,CAR_0715,CAR,435,standing,,,,6.2227,1,450,False
229,15,CAR_0900,CAR,540,standing,,,,3.6229,1,555,False
230,15,PT,PT,,standing,,,,32.0298,1,510,False
231,15,CAR_0830,CAR,510,standing,,,,16.9024,1,525,False
232,15,CAR_0830,CAR,510,standing,,,,9.3197,1,525,False
233,15,CAR_0715,CAR,435,standing,,,,12.4455,1,450,False
234,15,CAR_0930,CAR,570,standing,,,,27.7403,1,585,False
235,15,PT,PT,,standing,,,,31.2153,1,570,False
236,15,CAR_0715,CAR,435,standing,,,,21.355,3,495,False
237,15,CAR_0930,CAR,570,rule,T3,"Chose to drive at 09:30 over drive at 09:15: lowest total cost (NZ$25.55 vs NZ$26.63), mainly changing routine.",habit;fee,25.5532,1,555,False
238,15,CAR_0900,CAR,540,standing,,,,14.527,1,555,False
239,15,CAR_0730,CAR,450,standing,,,,8.9707,1,465,False
240,15,CAR_0915,CAR,555,standing,,,,15.0303,1,570,False
241,15,CAR_0730,CAR,450,standing,,,,21.8774,3,495,False
242,15,CAR_0715,CAR,435,standing,,,,10.9821,1,480,False
243,15,PT,PT,,standing,,,,30.1329,1,540,False
244,15,CAR_0715,CAR,435,standing,,,,22.1961,1,450,False
245,15,CAR_0915,CAR,555,standing,,,,21.2297,1,555,False
246,15,CAR_0700,CAR,420,standing,,,,25.1643,2,435,False
247,15,PT,PT,,standing,,,,30.6216,1,570,False
248,15,PT,PT,,standing,,,,31.6977,1,540,False
249,15,PT,PT,,standing,,,,29.8624,1,510,False
250,15,CAR_0645,CAR,405,standing,,,,28.2016,7,420,True
251,15,CAR_0715,CAR,435,standing,,,,21.3316,1,480,False
252,15,PT,PT,,standing,,,,31.687,1,525,False
253,15,CAR_0715,CAR,435,standing,,,,11.1906,3,435,False
254,15,CAR_0830,CAR,510,standing,,,,32.4106,1,525,False
255,15,CAR_0800,CAR,480,standing,,,,27.8867,1,495,False
256,15,CAR_0630,CAR,390,standing,,,,32.9048,1,420,False
257,15,PT,PT,,standing,,,,29.4473,1,450,False
258,15,PT,PT,,standing,,,,29.7633,1,525,False
259,15,CAR_0645,CAR,405,standing,,,,25.1626,6,420,True
260,15,CAR_0615,CAR,375,standing,,,,21.1596,1,420,True
261,15,WFH,WFH,,standing,,,,23.1202,2,,False
262,15,PT,PT,,standing,,,,30.4879,1,570,False
263,15,CAR_0630,CAR,390,standing,,,,12.0911,1,420,False
264,15,CAR_0715,CAR,435,standing,,,,2.8709,1,465,False
265,15,PT,PT,,standing,,,,30.8923,1,525,False
266,15,CAR_0630,CAR,390,standing,,,,18.7279,1,420,True
267,15,PT,PT,,standing,,,,32.505,1,555,False
268,15,PT,PT,,standing,,,,28.7778,1,495,False
269,15,CAR_0700,CAR,420,standing,,,,3.8304,1,435,False
270,15,PT,PT,,standing,,,,28.5785,1,465,False
271,15,PT,PT,,standing,,,,32.9601,1,555,False
272,15,PT,PT,,standing,,,,29.6222,1,600,False
273,15,PT,PT,,standing,,,,32.8596,1,555,False
274,15,CAR_0700,CAR,420,standing,,,,13.1327,1,435,False
275,15,CAR_0815,CAR,495,standing,,,,14.4651,1,510,False
276,15,CAR_0645,CAR,405,standing,,,,42.8421,4,420,True
277,15,WFH,WFH,,standing,,,,19.9404,4,,False
278,15,PT,PT,,standing,,,,32.5009,1,525,False
279,15,CAR_0700,CAR,420,standing,,,,20.6447,1,450,False
280,15,CAR_0700,CAR,420,standing,,,,3.8375,1,435,False
281,15,WFH,WFH,,standing,,,,29.3513,1,,False
282,15,CAR_0730,CAR,450,standing,,,,4.1408,1,465,False
283,15,CAR_0745,CAR,465,standing,,,,4.0584,2,495,False
284,15,PT,PT,,standing,,,,34.3552,1,525,False
285,15,CAR_0645,CAR,405,standing,,,,33.8281,1,420,True
286,15,CAR_0715,CAR,435,standing,,,,14.6219,3,480,False
287,15,CAR_0630,CAR,390,standing,,,,8.4365,1,420,False
288,15,CAR_0900,CAR,540,standing,,,,32.2931,1,555,False
289,15,CAR_0645,CAR,405,standing,,,,20.6198,6,420,True
290,15,PT,PT,,standing,,,,37.4976,1,525,False
291,15,CAR_0830,CAR,510,standing,,,,20.1094,1,525,False
292,15,PT,PT,,standing,,,,40.7859,1,510,False
293,15,PT,PT,,standing,,,,33.1909,1,510,False
294,15,PT,PT,,standing,,,,39.0741,1,525,False
295,15,CAR_0715,CAR,435,standing,,,,16.1606,1,450,False
296,15,PT,PT,,standing,,,,43.1146,1,495,False
297,15,PT,PT,,standing,,,,37.0599,1,465,False
298,15,CAR_0715,CAR,435,standing,,,,7.8702,1,465,False
299,15,CAR_0715,CAR,435,standing,,,,21.7875,1,510,False
0,16,PT,PT,,standing,,,,28.5785,1,465,False
1,16,PT,PT,,standing,,,,32.9601,1,555,False
2,16,PT,PT,,standing,,,,29.6222,1,600,False
3,16,PT,PT,,standing,,,,32.8596,1,555,False
4,16,CAR_0700,CAR,420,standing,,,,12.9147,1,435,False
5,16,CAR_0815,CAR,495,standing,,,,14.1267,1,510,False
6,16,CAR_0645,CAR,405,standing,,,,40.1416,2,420,True
7,16,WFH,WFH,,standing,,,,19.9404,4,,False
8,16,PT,PT,,standing,,,,32.5009,1,525,False
9,16,CAR_0700,CAR,420,standing,,,,20.456,1,450,False
10,16,CAR_0700,CAR,420,standing,,,,2.9086,1,435,False
11,16,CAR_0645,CAR,405,standing,,,,29.8979,1,420,True
12,16,CAR_0730,CAR,450,standing,,,,3.3004,1,465,False
13,16,CAR_0800,CAR,480,standing,,,,2.639,1,495,False
14,16,PT,PT,,standing,,,,34.3552,1,525,False
15,16,CAR_0845,CAR,525,standing,,,,32.8105,1,540,False
16,16,CAR_0715,CAR,435,standing,,,,13.4187,1,480,False
17,16,CAR_0630,CAR,390,standing,,,,8.1536,1,420,False
18,16,CAR_0900,CAR,540,standing,,,,32.0332,1,555,False
19,16,CAR_0645,CAR,405,standing,,,,19.6417,2,420,True
20,16,PT,PT,,standing,,,,37.4976,1,525,False
21,16,CAR_0830,CAR,510,standing,,,,18.5278,1,525,False
22,16,PT,PT,,standing,,,,40.7859,1,510,False
23,16,PT,PT,,standing,,,,33.1909,1,510,False
24,16,PT,PT,,standing,,,,39.0741,1,525,False
25,16,CAR_0715,CAR,435,standing,,,,15.1014,1,450,False
26,16,PT,PT,,standing,,,,43.1146,1,495,False
27,16,PT,PT,,standing,,,,37.0599,1,465,False
28,16,CAR_0715,CAR,435,standing,,,,7.7895,1,465,False
29,16,CAR_0715,CAR,435,standing,,,,21.4221,1,510,False
30,16,PT,PT,,standing,,,,30.908,1,540,False
31,16,PT,PT,,standing,,,,36.8629,1,450,False
32,16,CAR_0645,CAR,405,standing,,,,17.4839,1,420,True
33,16,CAR_0745,CAR,465,standing,,,,31.8535,1,480,False
34,16,CAR_0700,CAR,420,standing,,,,13.7243,1,435,False
35,16,PT,PT,,standing,,,,34.3412,1,495,False
36,16,CAR_0730,CAR,450,standing,,,,5.2691,1,480,False
37,16,CAR_0915,CAR,555,rule,T3,"Chose to drive at 09:15 over drive at 09:30: lowest total cost (NZ$10.43 vs NZ$10.05), mainly arrival time.",arrival_time,10.4271,2,555,False
38,16,CAR_0700,CAR,420,standing,,,,22.4683,1,435,False
39,16,CAR_0715,CAR,435,standing,,,,24.5024,1,465,False
40,16,CAR_0730,CAR,450,standing,,,,22.804,1,480,False
41,16,CAR_0715,CAR,435,standing,,,,5.1591,3,480,False
42,16,WFH,WFH,,standing,,,,15.1527,1,,False
43,16,CAR_0715,CAR,435,standing,,,,14.4161,1,510,False
44,16,PT,PT,,standing,,,,32.4681,1,495,False
45,16,CAR_0700,CAR,420,standing,,,,1.3381,1,435,False
46,16,CAR_0730,CAR,450,standing,,,,17.3819,1,495,False
47,16,PT,PT,,standing,,,,37.1948,2,480,False
48,16,CAR_0700,CAR,420,standing,,,,24.0189,1,450,False
49,16,CAR_0715,CAR,435,standing,,,,14.8114,1,525,False
50,16,CAR_0745,CAR,465,standing,,,,16.3822,1,480,False
51,16,CAR_0845,CAR,525,standing,,,,11.7202,1,540,False
52,16,CAR_0730,CAR,450,standing,,,,10.1794,1,495,False
53,16,WFH,WFH,,standing,,,,24.459,2,,False
54,16,CAR_0745,CAR,465,standing,,,,3.0512,1,480,False
55,16,CAR_0700,CAR,420,standing,,,,18.1627,1,435,False
56,16,CAR_0815,CAR,495,standing,,,,3.5555,1,510,False
57,16,CAR_0830,CAR,510,standing,,,,16.5805,1,525,False
58,16,WFH,WFH,,standing,,,,27.2916,5,,False
59,16,CAR_0830,CAR,510,standing,,,,3.7525,1,525,False
60,16,CAR_0730,CAR,450,standing,,,,5.2234,3,495,False
61,16,CAR_0830,CAR,510,standing,,,,16.4763,1,525,False
62,16,CAR_0815,CAR,495,standing,,,,9.1732,1,525,False
63,16,CAR_0830,CAR,510,standing,,,,31.8982,1,525,False
64,16,CAR_0700,CAR,420,standing,,,,27.9142,1,510,False
65,16,CAR_0630,CAR,390,standing,,,,28.301,1,420,True
66,16,CAR_0730,CAR,450,standing,,,,8.343,1,465,False
67,16,CAR_0830,CAR,510,standing,,,,4.6243,1,525,False
68,16,WFH,WFH,,standing,,,,12.4707,6,,False
69,16,PT,PT,,standing,,,,38.0955,1,555,False
70,16,PT,PT,,standing,,,,32.3454,1,480,False
71,16,PT,PT,,standing,,,,38.5683,1,525,False
72,16,PT,PT,,standing,,,,29.633,1,510,False
73,16,CAR_0815,CAR,495,standing,,,,15.9636,1,510,False
74,16,CAR_0645,CAR,405,standing,,,,18.693,1,420,True
75,16,CAR_0630,CAR,390,standing,,,,13.0671,4,420,True
76,16,CAR_0800,CAR,480,standing,,,,32.1585,1,495,False
77,16,CAR_0730,CAR,450,standing,,,,31.9644,1,465,False
78,16,CAR_0745,CAR,465,standing,,,,1.6231,1,510,False
79,16,CAR_0900,CAR,540,standing,,,,22.1914,1,555,False
80,16,PT,PT,,standing,,,,30.1941,1,465,False
81,16,PT,PT,,standing,,,,35.9054,1,450,False
82,16,CAR_0900,CAR,540,standing,,,,24.9841,1,555,False
83,16,PT,PT,,standing,,,,35.1332,1,510,False
84,16,CAR_0930,CAR,570,standing,,,,22.1711,1,585,False
85,16,CAR_0630,CAR,390,standing,,,,13.6613,1,420,True
86,16,CAR_0800,CAR,480,standing,,,,2.9094,2,525,False
87,16,CAR_0830,CAR,510,standing,,,,11.9611,1,525,False
88,16,CAR_0715,CAR,435,standing,,,,20.6708,1,525,False
89,16,CAR_0715,CAR,435,standing,,,,17.9311,1,450,False
90,16,PT,PT,,standing,,,,29.1462,1,510,False
91,16,CAR_0645,CAR,405,standing,,,,11.9026,1,450,False
92,16,CAR_0745,CAR,465,standing,,,,2.6449,1,480,False
93,16,PT,PT,,standing,,,,38.9163,1,540,False
94,16,CAR_0800,CAR,480,standing,,,,28.1528,1,510,False
95,16,CAR_0645,CAR,405,standing,,,,1.9722,1,420,False
96,16,CAR_0915,CAR,555,standing,,,,14.9813,1,570,False
97,16,WFH,WFH,,standing,,,,39.5524,3,,False
98,16,CAR_0730,CAR,450,standing,,,,6.3845,2,480,False
99,16,CAR_0915,CAR,555,standing,,,,24.9346,1,555,False
100,16,CAR_0645,CAR,405,standing,,,,15.0315,1,420,False
101,16,CAR_0830,CAR,510,standing,,,,21.7998,1,525,False
102,16,CAR_0700,CAR,420,standing,,,,19.6841,1,435,False
103,16,WFH,WFH,,standing,,,,14.1295,3,,False
104,16,CAR_0830,CAR,510,standing,,,,17.1888,1,525,False
105,16,PT,PT,,standing,,,,29.0895,1,540,False
106,16,CAR_0830,CAR,510,standing,,,,19.772,1,525,False
107,16,CAR_0700,CAR,420,standing,,,,32.2832,1,435,False
108,16,PT,PT,,standing,,,,35.3153,2,525,False
109,16,CAR_0700,CAR,420,standing,,,,20.4005,1,495,False
110,16,PT,PT,,standing,,,,32.515,1,555,False
111,16,CAR_0815,CAR,495,standing,,,,16.2931,1,510,False
112,16,CAR_0645,CAR,405,standing,,,,7.1606,1,420,False
113,16,CAR_0745,CAR,465,standing,,,,7.7397,1,480,False
114,16,WFH,WFH,,standing,,,,24.9812,6,,False
115,16,CAR_0845,CAR,525,standing,,,,14.8607,1,540,False
116,16,CAR_0800,CAR,480,standing,,,,17.4871,2,510,False
117,16,CAR_0745,CAR,465,standing,,,,17.0596,1,495,False
118,16,CAR_0900,CAR,540,standing,,,,17.1708,1,555,False
119,16,CAR_0830,CAR,510,standing,,,,14.4118,1,525,False
120,16,CAR_0845,CAR,525,standing,,,,30.78,1,555,False
121,16,PT,PT,,standing,,,,30.1943,1,465,False
122,16,CAR_0900,CAR,540,standing,,,,10.7715,1,555,False
123,16,PT,PT,,standing,,,,33.4356,1,435,False
124,16,CAR_0730,CAR,450,standing,,,,14.2492,1,465,False
125,16,WFH,WFH,,standing,,,,29.8302,2,,False
126,16,CAR_0845,CAR,525,standing,,,,14.2594,1,540,False
127,16,PT,PT,,standing,,,,37.0641,1,555,False
128,16,CAR_0715,CAR,435,standing,,,,9.3986,1,495,False
129,16,PT,PT,,standing,,,,29.6461,1,525,False
130,16,CAR_0800,CAR,480,standing,,,,22.341,1,495,False
131,16,CAR_0630,CAR,390,standing,,,,12.052,3,420,True
132,16,CAR_0815,CAR,495,standing,,,,16.0206,1,525,False
133,16,PT,PT,,standing,,,,34.6024,1,450,False
134,16,PT,PT,,standing,,,,30.676,1,555,False
135,16,CAR_0630,CAR,390,standing,,,,11.0765,2,420,True
136,16,PT,PT,,standing,,,,34.5433,1,540,False
137,16,PT,PT,,standing,,,,36.0983,2,465,False
138,16,CAR_0815,CAR,495,standing,,,,28.3827,1,510,False
139,16,CAR_0830,CAR,510,standing,,,,22.313,2,540,False
140,16,WFH,WFH,,standing,,,,23.3061,3,,False
141,16,CAR_0645,CAR,405,standing,,,,17.5775,1,420,True
142,16,CAR_0800,CAR,480,standing,,,,18.7205,1,510,False
143,16,PT,PT,,standing,,,,32.61,1,540,False
144,16,CAR_0700,CAR,420,standing,,,,19.3059,1,510,False
145,16,PT,PT,,standing,,,,31.3362,1,420,False
146,16,CAR_0645,CAR,405,standing,,,,8.6833,1,420,False
147,16,PT,PT,,standing,,,,31.171,1,525,False
148,16,PT,PT,,standing,,,,30.541,1,555,False
149,16,PT,PT,,standing,,,,37.0227,1,525,False
150,16,PT,PT,,standing,,,,34.2198,1,510,False
151,16,PT,PT,,standing,,,,40.4192,1,510,False
152,16,CAR_0715,CAR,435,standing,,,,28.7935,1,450,False
153,16,CAR_0715,CAR,435,standing,,,,30.5672,3,450,False
154,16,CAR_0830,CAR,510,standing,,,,26.3024,1,540,False
155,16,CAR_0830,CAR,510,standing,,,,27.3978,1,540,False
156,16,CAR_0815,CAR,495,standing,,,,7.2164,1,510,False
157,16,PT,PT,,standing,,,,31.2766,1,495,False
158,16,CAR_0730,CAR,450,standing,,,,1.291,1,465,False
159,16,WFH,WFH,,standing,,,,16.5627,3,,False
160,16,CAR_0700,CAR,420,standing,,,,18.8791,1,450,False
161,16,PT,PT,,standing,,,,31.7909,1,555,False
162,16,CAR_0645,CAR,405,standing,,,,22.8406,4,420,True
163,16,CAR_0645,CAR,405,standing,,,,33.4318,7,420,True
164,16,CAR_0800,CAR,480,standing,,,,20.1585,1,495,False
165,16,CAR_0815,CAR,495,standing,,,,32.4773,1,510,False
166,16,CAR_0930,CAR,570,standing,,,,16.0925,1,585,False
167,16,CAR_0745,CAR,465,standing,,,,7.6975,3,510,False
168,16,CAR_0715,CAR,435,standing,,,,20.3522,1,480,False
169,16,CAR_0730,CAR,450,standing,,,,2.1755,1,465,False
170,16,WFH,WFH,,standing,,,,15.2247,3,,False
171,16,CAR_0715,CAR,435,standing,,,,2.9972,1,465,False
172,16,CAR_0645,CAR,405,standing,,,,8.6159,1,420,False
173,16,PT,PT,,standing,,,,29.9017,1,495,False
174,16,CAR_0915,CAR,555,standing,,,,21.5843,1,570,False
175,16,CAR_0900,CAR,540,standing,,,,32.0378,1,555,False
176,16,PT,PT,,standing,,,,29.2828,1,585,False
177,16,PT,PT,,standing,,,,33.9097,1,495,False
178,16,CAR_0745,CAR,465,standing,,,,3.7089,1,480,False
179,16,CAR_0700,CAR,420,standing,,,,15.4604,1,435,False
180,16,PT,PT,,standing,,,,30.4602,1,480,False
181,16,PT,PT,,standing,,,,30.6124,1,450,False
182,16,CAR_0700,CAR,420,standing,,,,2.1804,1,465,False
183,16,CAR_0900,CAR,540,standing,,,,22.4717,1,555,False
184,16,PT,PT,,standing,,,,36.5927,1,510,False
185,16,CAR_0630,CAR,390,standing,,,,2.8475,1,420,False
186,16,CAR_0630,CAR,390,standing,,,,2.0053,1,420,False
187,16,CAR_0845,CAR,525,standing,,,,13.7207,1,540,False
188,16,CAR_0815,CAR,495,standing,,,,36.8013,1,525,False
189,16,PT,PT,,standing,,,,34.6608,1,495,False
190,16,WFH,WFH,,standing,,,,25.5988,3,,False
191,16,CAR_0715,CAR,435,standing,,,,27.4869,1,510,False
192,16,CAR_0630,CAR,390,standing,,,,23.6197,1,420,True
193,16,PT,PT,,standing,,,,29.7035,1,600,False
194,16,CAR_0630,CAR,390,standing,,,,11.9284,3,420,True
195,16,CAR_0645,CAR,405,standing,,,,8.3541,2,465,False
196,16,CAR_0700,CAR,420,standing,,,,0.9035,1,435,False
197,16,PT,PT,,standing,,,,29.5943,1,555,False
198,16,CAR_0645,CAR,405,standing,,,,7.7517,2,420,True
199,16,PT,PT,,standing,,,,32.7424,1,480,False
200,16,CAR_0845,CAR,525,standing,,,,15.6143,1,540,False
201,16,PT,PT,,standing,,,,30.6199,1,555,False
202,16,CAR_0930,CAR,570,standing,,,,29.4453,1,585,False
203,16,CAR_0715,CAR,435,standing,,,,20.3481,1,450,False
204,16,CAR_0845,CAR,525,standing,,,,20.6138,1,540,False
205,16,CAR_0715,CAR,435,standing,,,,14.0391,1,495,False
206,16,CAR_0700,CAR,420,standing,,,,30.7094,1,510,False
207,16,CAR_0630,CAR,390,standing,,,,0.9536,1,450,False
208,16,CAR_0845,CAR,525,standing,,,,17.4087,1,540,False
209,16,CAR_0700,CAR,420,standing,,,,1.3973,1,450,False
210,16,CAR_0630,CAR,390,standing,,,,1.9939,1,435,False
211,16,PT,PT,,standing,,,,33.3923,1,495,False
212,16,CAR_0630,CAR,390,standing,,,,25.7733,1,525,False
213,16,WFH,WFH,,standing,,,,36.9938,1,,False
214,16,PT,PT,,standing,,,,29.5958,1,555,False
215,16,CAR_0715,CAR,435,standing,,,,11.2834,1,465,False
216,16,CAR_0645,CAR,405,standing,,,,30.0017,1,420,True
217,16,PT,PT,,standing,,,,32.3898,1,510,False
218,16,CAR_0815,CAR,495,standing,,,,24.7321,1,525,False
219,16,PT,PT,,standing,,,,30.3743,1,525,False
220,16,PT,PT,,standing,,,,33.8028,2,525,False
221,16,CAR_0715,CAR,435,standing,,,,27.07,1,480,False
222,16,CAR_0730,CAR,450,standing,,,,24.1227,1,540,False
223,16,CAR_0915,CAR,555,standing,,,,34.9321,1,570,False
224,16,CAR_0730,CAR,450,standing,,,,24.6985,1,480,False
225,16,PT,PT,,standing,,,,28.0933,5,525,False
226,16,CAR_0745,CAR,465,standing,,,,14.8064,1,480,False
227,16,CAR_0845,CAR,525,standing,,,,14.976,1,540,False
228,16,CAR_0715,CAR,435,standing,,,,6.0762,1,450,False
229,16,CAR_0900,CAR,540,standing,,,,3.5945,1,555,False
230,16,PT,PT,,standing,,,,32.0298,1,510,False
231,16,CAR_0830,CAR,510,standing,,,,16.6866,1,525,False
232,16,CAR_0830,CAR,510,standing,,,,9.3382,1,525,False
233,16,CAR_0715,CAR,435,standing,,,,12.2736,1,450,False
234,16,CAR_0930,CAR,570,standing,,,,27.5962,1,585,False
235,16,PT,PT,,standing,,,,31.2153,1,570,False
236,16,CAR_0715,CAR,435,standing,,,,21.168,3,495,False
237,16,CAR_0930,CAR,570,rule,T3,"Chose to drive at 09:30 over drive at 09:15: lowest total cost (NZ$25.41 vs NZ$26.48), mainly changing routine.",habit;fee,25.4092,1,555,False
238,16,CAR_0900,CAR,540,standing,,,,14.3325,1,555,False
239,16,CAR_0730,CAR,450,standing,,,,8.7625,1,465,False
240,16,CAR_0915,CAR,555,standing,,,,14.8671,1,570,False
241,16,CAR_0730,CAR,450,standing,,,,21.7118,3,495,False
242,16,CAR_0715,CAR,435,standing,,,,10.8387,1,480,False
243,16,PT,PT,,standing,,,,30.1329,1,540,False
244,16,CAR_0715,CAR,435,standing,,,,22.0529,1,450,False
245,16,CAR_0915,CAR,555,standing,,,,21.0521,1,555,False
246,16,CAR_0700,CAR,420,standing,,,,24.9782,2,435,False
247,16,PT,PT,,standing,,,,30.6216,1,570,False
248,16,PT,PT,,standing,,,,31.6977,1,540,False
249,16,PT,PT,,standing,,,,29.8624,1,510,False
250,16,CAR_0645,CAR,405,standing,,,,28.0525,6,420,True
251,16,CAR_0715,CAR,435,standing,,,,21.1473,1,480,False
252,16,PT,PT,,standing,,,,31.687,1,525,False
253,16,CAR_0715,CAR,435,standing,,,,11.0374,3,435,False
254,16,CAR_0830,CAR,510,standing,,,,32.1998,1,525,False
255,16,CAR_0800,CAR,480,standing,,,,27.6706,1,495,False
256,16,CAR_0630,CAR,390,standing,,,,32.7608,1,420,False
257,16,PT,PT,,standing,,,,29.4473,1,450,False
258,16,PT,PT,,standing,,,,29.7633,1,525,False
259,16,CAR_0645,CAR,405,standing,,,,25.0374,6,420,True
260,16,CAR_0615,CAR,375,standing,,,,21.0144,1,420,True
261,16,WFH,WFH,,standing,,,,23.1202,2,,False
262,16,PT,PT,,standing,,,,30.4879,2,570,False
263,16,CAR_0630,CAR,390,standing,,,,11.9464,1,420,False
264,16,CAR_0715,CAR,435,standing,,,,2.851,1,465,False
265,16,PT,PT,,standing,,,,30.8923,1,525,False
266,16,CAR_0630,CAR,390,standing,,,,18.5786,1,420,True
267,16,PT,PT,,standing,,,,32.505,1,555,False
268,16,PT,PT,,standing,,,,28.7778,1,495,False
269,16,CAR_0700,CAR,420,standing,,,,3.8316,1,435,False
270,16,PT,PT,,standing,,,,28.5785,1,465,False
271,16,PT,PT,,standing,,,,32.9601,1,555,False
272,16,PT,PT,,standing,,,,29.6222,1,600,False
273,16,PT,PT,,standing,,,,32.8596,1,555,False
274,16,CAR_0700,CAR,420,standing,,,,12.9907,1,435,False
275,16,CAR_0815,CAR,495,standing,,,,14.2527,1,510,False
276,16,CAR_0645,CAR,405,standing,,,,41.7057,2,420,True
277,16,WFH,WFH,,standing,,,,19.9404,4,,False
278,16,PT,PT,,standing,,,,32.5009,1,525,False
279,16,CAR_0700,CAR,420,standing,,,,20.442,1,450,False
280,16,CAR_0700,CAR,420,standing,,,,3.8372,1,435,False
281,16,WFH,WFH,,standing,,,,29.3513,1,,False
282,16,CAR_0730,CAR,450,standing,,,,4.1691,1,465,False
283,16,CAR_0745,CAR,465,standing,,,,4.0479,2,495,False
284,16,PT,PT,,standing,,,,34.3552,1,525,False
285,16,CAR_0645,CAR,405,standing,,,,33.6808,1,420,True
286,16,CAR_0715,CAR,435,standing,,,,14.2382,3,480,False
287,16,CAR_0630,CAR,390,standing,,,,8.4935,1,420,False
288,16,CAR_0900,CAR,540,standing,,,,32.1079,1,555,False
289,16,CAR_0645,CAR,405,standing,,,,20.4495,6,420,True
290,16,PT,PT,,standing,,,,37.4976,1,525,False
291,16,CAR_0830,CAR,510,standing,,,,19.9018,1,525,False
292,16,PT,PT,,standing,,,,40.7859,1,510,False
293,16,PT,PT,,standing,,,,33.1909,1,510,False
294,16,PT,PT,,standing,,,,39.0741,1,525,False
295,16,CAR_0715,CAR,435,standing,,,,16.0142,1,450,False
296,16,PT,PT,,standing,,,,43.1146,1,495,False
297,16,PT,PT,,standing,,,,37.0599,1,465,False
298,16,CAR_0715,CAR,435,standing,,,,7.8717,1,465,False
299,16,CAR_0715,CAR,435,standing,,,,21.6081,1,510,False
0,17,PT,PT,,standing,,,,28.5785,1,465,False
1,17,PT,PT,,standing,,,,32.9601,1,555,False
2,17,PT,PT,,standing,,,,29.6222,1,600,False
3,17,PT,PT,,standing,,,,32.8596,1,555,False
4,17,CAR_0700,CAR,420,standing,,,,12.8136,1,435,False
5,17,CAR_0815,CAR,495,standing,,,,13.9672,1,510,False
6,17,CAR_0645,CAR,405,standing,,,,40.0241,2,420,True
7,17,WFH,WFH,,standing,,,,19.9404,4,,False
8,17,PT,PT,,standing,,,,32.5009,1,525,False
9,17,CAR_0700,CAR,420,standing,,,,20.3525,1,450,False
10,17,CAR_0700,CAR,420,standing,,,,2.9081,1,435,False
11,17,CAR_0645,CAR,405,standing,,,,29.8027,1,420,True
12,17,CAR_0730,CAR,450,standing,,,,3.2718,1,465,False
13,17,CAR_0800,CAR,480,standing,,,,2.6407,1,495,False
14,17,PT,PT,,standing,,,,34.3552,1,525,False
15,17,CAR_0845,CAR,525,standing,,,,32.6577,1,540,False
16,17,CAR_0715,CAR,435,standing,,,,13.2173,1,480,False
17,17,CAR_0630,CAR,390,standing,,,,8.1486,1,420,False
18,17,CAR_0900,CAR,540,standing,,,,31.8977,1,555,False
19,17,CAR_0645,CAR,405,standing,,,,19.5184,2,420,True
20,17,PT,PT,,standing,,,,37.4976,1,525,False
21,17,CAR_0830,CAR,510,standing,,,,18.3658,1,525,False
22,17,PT,PT,,standing,,,,40.7859,1,510,False
23,17,PT,PT,,standing,,,,33.1909,1,510,False
24,17,PT,PT,,standing,,,,39.0741,1,525,False
25,17,CAR_0715,CAR,435,standing,,,,15.0003,1,450,False
26,17,PT,PT,,standing,,,,43.1146,1,495,False
27,17,PT,PT,,standing,,,,37.0599,1,465,False
28,17,CAR_0715,CAR,435,standing,,,,7.7878,1,465,False
29,17,CAR_0715,CAR,435,standing,,,,21.3123,1,510,False
30,17,PT,PT,,standing,,,,30.908,1,540,False
31,17,PT,PT,,standing,,,,36.8629,1,450,False
32,17,CAR_0645,CAR,405,standing,,,,17.3831,1,420,True
33,17,CAR_0745,CAR,465,standing,,,,31.719,1,480,False
34,17,CAR_0700,CAR,420,standing,,,,13.6197,1,435,False
35,17,PT,PT,,standing,,,,34.3412,1,495,False
36,17,CAR_0730,CAR,450,standing,,,,5.2154,1,480,False
37,17,CAR_0915,CAR,555,standing,,,,9.3121,1,555,False
38,17,CAR_0700,CAR,420,standing,,,,22.3666,1,435,False
39,17,CAR_0715,CAR,435,standing,,,,24.3464,1,465,False
40,17,CAR_0730,CAR,450,standing,,,,22.6763,1,480,False
41,17,CAR_0715,CAR,435,standing,,,,5.1214,3,480,False
42,17,WFH,WFH,,standing,,,,15.1527,1,,False
43,17,CAR_0715,CAR,435,standing,,,,14.3149,1,510,False
44,17,PT,PT,,standing,,,,32.4681,1,495,False
45,17,CAR_0700,CAR,420,standing,,,,1.3349,1,435,False
46,17,CAR_0730,CAR,450,standing,,,,17.2702,1,495,False
47,17,PT,PT,,standing,,,,37.1948,2,480,False
48,17,CAR_0700,CAR,420,standing,,,,23.9181,1,450,False
49,17,CAR_0715,CAR,435,standing,,,,14.7103,1,525,False
50,17,CAR_0745,CAR,465,standing,,,,16.2442,1,480,False
51,17,CAR_0845,CAR,525,standing,,,,11.569,1,540,False
52,17,CAR_0730,CAR,450,standing,,,,10.0658,1,495,False
53,17,WFH,WFH,,standing,,,,24.459,2,,False
54,17,CAR_0745,CAR,465,standing,,,,3.0358,1,480,False
55,17,CAR_0700,CAR,420,standing,,,,18.0593,1,435,False
56,17,CAR_0815,CAR,495,standing,,,,3.5516,1,510,False
57,17,CAR_0830,CAR,510,standing,,,,16.4261,1,525,False
58,17,WFH,WFH,,standing,,,,27.2916,5,,False
59,17,CAR_0830,CAR,510,standing,,,,3.7474,1,525,False
60,17,CAR_0730,CAR,450,standing,,,,5.2831,3,495,False
61,17,CAR_0830,CAR,510,standing,,,,16.2953,1,525,False
62,17,CAR_0815,CAR,495,standing,,,,9.1734,1,525,False
63,17,CAR_0830,CAR,510,standing,,,,31.7461,1,525,False
64,17,CAR_0700,CAR,420,standing,,,,27.8131,1,510,False
65,17,CAR_0630,CAR,390,standing,,,,28.2022,1,420,True
66,17,CAR_0730,CAR,450,standing,,,,8.2134,1,465,False
67,17,CAR_0830,CAR,510,standing,,,,4.6343,1,525,False
68,17,WFH,WFH,,standing,,,,12.4707,6,,False
69,17,PT,PT,,standing,,,,38.0955,1,555,False
70,17,PT,PT,,standing,,,,32.3454,1,480,False
71,17,PT,PT,,standing,,,,38.5683,1,525,False
72,17,PT,PT,,standing,,,,29.633,1,510,False
73,17,CAR_0815,CAR,495,standing,,,,15.7911,1,510,False
74,17,CAR_0645,CAR,405,standing,,,,18.6007,1,420,True
75,17,CAR_0630,CAR,390,standing,,,,12.9663,4,420,True
76,17,CAR_0800,CAR,480,standing,,,,32.0073,1,495,False
77,17,CAR_0730,CAR,450,standing,,,,31.8311,1,465,False
78,17,CAR_0745,CAR,465,standing,,,,1.623,1,510,False
79,17,CAR_0900,CAR,540,standing,,,,22.1565,1,555,False
80,17,PT,PT,,standing,,,,30.1941,1,465,False
81,17,PT,PT,,standing,,,,35.9054,1,450,False
82,17,CAR_0900,CAR,540,standing,,,,24.8446,1,555,False
83,17,PT,PT,,standing,,,,35.1332,1,510,False
84,17,CAR_0930,CAR,570,standing,,,,22.0794,1,585,False
85,17,CAR_0630,CAR,390,standing,,,,13.5583,1,420,True
86,17,CAR_0800,CAR,480,standing,,,,2.907,2,525,False
87,17,CAR_0830,CAR,510,standing,,,,11.7836,1,525,False
88,17,CAR_0715,CAR,435,standing,,,,20.4484,1,525,False
89,17,CAR_0715,CAR,435,standing,,,,17.83,1,450,False
90,17,PT,PT,,standing,,,,29.1462,1,510,False
91,17,CAR_0645,CAR,405,standing,,,,11.8106,1,450,False
92,17,CAR_0745,CAR,465,standing,,,,2.647,1,480,False
93,17,PT,PT,,standing,,,,38.9163,1,540,False
94,17,CAR_0800,CAR,480,standing,,,,28.1528,1,510,False
95,17,CAR_0645,CAR,405,standing,,,,1.9753,1,420,False
96,17,CAR_0915,CAR,555,standing,,,,14.8703,1,570,False
97,17,WFH,WFH,,standing,,,,39.5524,3,,False
98,17,CAR_0730,CAR,450,standing,,,,6.3483,2,480,False
99,17,CAR_0915,CAR,555,standing,,,,24.8169,1,555,False
100,17,CAR_0645,CAR,405,standing,,,,14.9096,1,420,False
101,17,CAR_0830,CAR,510,standing,,,,21.6539,1,525,False
102,17,CAR_0700,CAR,420,standing,,,,19.5832,1,435,False
103,17,WFH,WFH,,standing,,,,14.1295,3,,False
104,17,CAR_0830,CAR,510,standing,,,,17.0325,1,525,False
105,17,PT,PT,,standing,,,,29.0895,1,540,False
106,17,CAR_0830,CAR,510,standing,,,,19.6476,1,525,False
107,17,CAR_0700,CAR,420,standing,,,,32.1811,1,435,False
108,17,PT,PT,,standing,,,,35.3153,2,525,False
109,17,CAR_0700,CAR,420,standing,,,,20.2786,1,495,False
110,17,PT,PT,,standing,,,,32.515,1,555,False
111,17,CAR_0815,CAR,495,standing,,,,16.1418,1,510,False
112,17,CAR_0645,CAR,405,standing,,,,7.0554,1,420,False
113,17,CAR_0745,CAR,465,standing,,,,7.7423,1,480,False
114,17,WFH,WFH,,standing,,,,24.9812,6,,False
115,17,CAR_0845,CAR,525,standing,,,,14.7201,1,540,False
116,17,CAR_0800,CAR,480,standing,,,,17.3469,2,510,False
117,17,CAR_0745,CAR,465,standing,,,,16.9256,1,495,False
118,17,CAR_0900,CAR,540,standing,,,,17.0381,1,555,False
119,17,CAR_0830,CAR,510,standing,,,,14.2606,1,525,False
120,17,CAR_0845,CAR,525,standing,,,,30.6304,1,555,False
121,17,PT,PT,,standing,,,,30.1943,1,465,False
122,17,CAR_0900,CAR,540,standing,,,,10.6253,1,555,False
123,17,PT,PT,,standing,,,,33.4356,1,435,False
124,17,CAR_0730,CAR,450,standing,,,,14.1449,1,465,False
125,17,WFH,WFH,,standing,,,,29.8302,2,,False
126,17,CAR_0845,CAR,525,standing,,,,14.107,1,540,False
127,17,PT,PT,,standing,,,,37.0641,1,555,False
128,17,CAR_0715,CAR,435,standing,,,,9.2941,1,495,False
129,17,PT,PT,,standing,,,,29.6461,1,525,False
130,17,CAR_0800,CAR,480,standing,,,,22.1882,1,495,False
131,17,CAR_0630,CAR,390,standing,,,,12.0128,3,420,True
132,17,CAR_0815,CAR,495,standing,,,,15.8734,1,525,False
133,17,PT,PT,,standing,,,,34.6024,1,450,False
134,17,PT,PT,,standing,,,,30.676,1,555,False
135,17,CAR_0630,CAR,390,standing,,,,10.9757,2,420,True
136,17,PT,PT,,standing,,,,34.5433,1,540,False
137,17,PT,PT,,standing,,,,36.0983,2,465,False
138,17,CAR_0815,CAR,495,standing,,,,28.2297,1,510,False
139,17,CAR_0830,CAR,510,standing,,,,22.16,2,540,False
140,17,WFH,WFH,,standing,,,,23.3061,4,,False
141,17,CAR_0645,CAR,405,standing,,,,17.4737,1,420,True
142,17,CAR_0800,CAR,480,standing,,,,18.5692,1,510,False
143,17,PT,PT,,standing,,,,32.61,1,540,False
144,17,CAR_0700,CAR,420,standing,,,,19.2012,1,510,False
145,17,PT,PT,,standing,,,,31.3362,1,420,False
146,17,CAR_0645,CAR,405,standing,,,,8.6625,1,420,False
147,17,PT,PT,,standing,,,,31.171,1,525,False
148,17,PT,PT,,standing,,,,30.541,1,555,False
149,17,PT,PT,,standing,,,,37.0227,1,525,False
150,17,PT,PT,,standing,,,,34.2198,1,510,False
151,17,PT,PT,,standing,,,,40.4192,1,510,False
152,17,CAR_0715,CAR,435,standing,,,,28.6921,1,450,False
153,17,CAR_0715,CAR,435,standing,,,,30.4286,3,450,False
154,17,CAR_0830,CAR,510,standing,,,,26.1513,1,540,False
155,17,CAR_0830,CAR,510,standing,,,,27.2467,1,540,False
156,17,CAR_0815,CAR,495,standing,,,,7.2164,1,510,False
157,17,PT,PT,,standing,,,,31.2766,1,495,False
158,17,CAR_0730,CAR,450,standing,,,,1.2896,1,465,False
159,17,WFH,WFH,,standing,,,,16.5627,3,,False
160,17,CAR_0700,CAR,420,standing,,,,18.8528,1,450,False
161,17,PT,PT,,standing,,,,31.7909,1,555,False
162,17,CAR_0645,CAR,405,standing,,,,22.6812,4,420,True
163,17,CAR_0645,CAR,405,standing,,,,33.2432,7,420,True
164,17,CAR_0800,CAR,480,standing,,,,20.0078,1,495,False
165,17,CAR_0815,CAR,495,standing,,,,32.312,1,510,False
166,17,CAR_0930,CAR,570,standing,,,,15.9926,1,585,False
167,17,CAR_0745,CAR,465,standing,,,,7.6975,3,510,False
168,17,CAR_0715,CAR,435,standing,,,,20.2492,1,480,False
169,17,CAR_0730,CAR,450,standing,,,,2.1709,1,465,False
170,17,WFH,WFH,,standing,,,,15.2247,3,,False
171,17,CAR_0715,CAR,435,standing,,,,2.9964,1,465,False
172,17,CAR_0645,CAR,405,standing,,,,8.5116,1,420,False
173,17,PT,PT,,standing,,,,29.9017,1,495,False
174,17,CAR_0915,CAR,555,standing,,,,21.5125,1,570,False
175,17,CAR_0900,CAR,540,standing,,,,31.9002,1,555,False
176,17,PT,PT,,standing,,,,29.2828,1,585,False
177,17,PT,PT,,standing,,,,33.9097,1,495,False
178,17,CAR_0745,CAR,465,standing,,,,3.7129,1,480,False
179,17,CAR_0700,CAR,420,standing,,,,15.3547,1,435,False
180,17,PT,PT,,standing,,,,30.4602,1,480,False
181,17,PT,PT,,standing,,,,30.6124,1,450,False
182,17,CAR_0700,CAR,420,standing,,,,2.1796,1,465,False
183,17,CAR_0900,CAR,540,standing,,,,22.344,1,555,False
184,17,PT,PT,,standing,,,,36.5927,1,510,False
185,17,CAR_0630,CAR,390,standing,,,,2.8475,1,420,False
186,17,CAR_0630,CAR,390,standing,,,,2.0006,1,420,False
187,17,CAR_0845,CAR,525,standing,,,,13.5759,1,540,False
188,17,CAR_0815,CAR,495,standing,,,,36.6884,1,525,False
189,17,PT,PT,,standing,,,,34.6608,1,495,False
190,17,WFH,WFH,,standing,,,,25.5988,3,,False
191,17,CAR_0715,CAR,435,standing,,,,27.3281,1,510,False
192,17,CAR_0630,CAR,390,standing,,,,23.5295,1,420,True
193,17,PT,PT,,standing,,,,29.7035,1,600,False
194,17,CAR_0630,CAR,390,standing,,,,11.9264,3,420,True
195,17,CAR_0645,CAR,405,standing,,,,8.2562,2,465,False
196,17,CAR_0700,CAR,420,standing,,,,0.9035,1,435,False
197,17,PT,PT,,standing,,,,29.5943,1,555,False
198,17,CAR_0645,CAR,405,standing,,,,7.751,2,420,True
199,17,PT,PT,,standing,,,,32.7424,1,480,False
200,17,CAR_0845,CAR,525,standing,,,,15.4631,1,540,False
201,17,PT,PT,,standing,,,,30.6199,1,555,False
202,17,CAR_0930,CAR,570,standing,,,,29.3445,1,585,False
203,17,CAR_0715,CAR,435,standing,,,,20.246,1,450,False
204,17,CAR_0845,CAR,525,standing,,,,20.4626,1,540,False
205,17,CAR_0715,CAR,435,standing,,,,13.9984,1,495,False
206,17,CAR_0700,CAR,420,standing,,,,30.6075,1,510,False
207,17,CAR_0630,CAR,390,standing,,,,0.9534,1,450,False
208,17,CAR_0845,CAR,525,standing,,,,17.2561,1,540,False
209,17,CAR_0700,CAR,420,standing,,,,1.4181,1,450,False
210,17,CAR_0630,CAR,390,standing,,,,1.9932,1,435,False
211,17,PT,PT,,standing,,,,33.3923,1,495,False
212,17,CAR_0630,CAR,390,standing,,,,25.6739,1,525,False
213,17,WFH,WFH,,standing,,,,36.9938,1,,False
214,17,PT,PT,,standing,,,,29.5958,1,555,False
215,17,CAR_0715,CAR,435,standing,,,,11.1318,1,465,False
216,17,CAR_0645,CAR,405,standing,,,,29.9664,2,420,True
217,17,PT,PT,,standing,,,,32.3898,1,510,False
218,17,CAR_0815,CAR,495,standing,,,,24.7179,1,525,False
219,17,PT,PT,,standing,,,,30.3743,1,525,False
220,17,PT,PT,,standing,,,,33.8028,2,525,False
221,17,CAR_0715,CAR,435,standing,,,,26.9724,1,480,False
222,17,CAR_0730,CAR,450,standing,,,,24.0101,1,540,False
223,17,CAR_0915,CAR,555,standing,,,,34.8246,1,570,False
224,17,CAR_0730,CAR,450,standing,,,,24.5757,1,480,False
225,17,PT,PT,,standing,,,,28.0933,6,525,False
226,17,CAR_0745,CAR,465,standing,,,,14.6614,1,480,False
227,17,CAR_0845,CAR,525,standing,,,,14.8253,1,540,False
228,17,CAR_0715,CAR,435,standing,,,,5.9737,1,450,False
229,17,CAR_0900,CAR,540,standing,,,,3.5746,1,555,False
230,17,PT,PT,,standing,,,,32.0298,1,510,False
231,17,CAR_0830,CAR,510,standing,,,,16.5354,1,525,False
232,17,CAR_0830,CAR,510,standing,,,,10.5292,1,525,False
233,17,CAR_0715,CAR,435,standing,,,,11.7654,1,450,False
234,17,CAR_0930,CAR,570,standing,,,,27.4954,1,585,False
235,17,PT,PT,,standing,,,,31.2153,1,570,False
236,17,CAR_0715,CAR,435,standing,,,,21.1725,3,495,False
237,17,CAR_0915,CAR,555,rule,T3,"Chose to drive at 09:15 over drive at 09:30: lowest total cost (NZ$26.38 vs NZ$25.31), mainly arrival time.",arrival_time,26.3839,2,555,False
238,17,CAR_0900,CAR,540,standing,,,,14.1963,1,555,False
239,17,CAR_0730,CAR,450,standing,,,,8.6294,1,465,False
240,17,CAR_0915,CAR,555,standing,,,,14.7528,1,570,False
241,17,CAR_0730,CAR,450,standing,,,,21.5959,3,495,False
242,17,CAR_0715,CAR,435,standing,,,,10.7384,1,480,False
243,17,PT,PT,,standing,,,,30.1329,1,540,False
244,17,CAR_0715,CAR,435,standing,,,,21.9526,1,450,False
245,17,CAR_0915,CAR,555,standing,,,,21.1901,1,555,False
246,17,CAR_0700,CAR,420,standing,,,,24.0911,2,435,False
247,17,PT,PT,,standing,,,,30.6216,1,570,False
248,17,PT,PT,,standing,,,,31.6977,1,540,False
249,17,PT,PT,,standing,,,,29.8624,1,510,False
250,17,CAR_0645,CAR,405,standing,,,,27.9482,6,420,True
251,17,CAR_0715,CAR,435,standing,,,,21.0183,1,480,False
252,17,PT,PT,,standing,,,,31.687,1,525,False
253,17,CAR_0715,CAR,435,standing,,,,10.9302,3,435,False
254,17,CAR_0830,CAR,510,standing,,,,32.0522,1,525,False
255,17,CAR_0800,CAR,480,standing,,,,27.5194,1,495,False
256,17,CAR_0630,CAR,390,standing,,,,32.6599,1,420,False
257,17,PT,PT,,standing,,,,29.4473,1,450,False
258,17,PT,PT,,standing,,,,29.7633,1,525,False
259,17,CAR_0645,CAR,405,standing,,,,24.9498,6,420,True
260,17,CAR_0615,CAR,375,standing,,,,20.9127,1,420,True
261,17,WFH,WFH,,standing,,,,23.1202,3,,False
262,17,PT,PT,,standing,,,,30.4879,2,570,False
263,17,CAR_0630,CAR,390,standing,,,,11.8451,1,420,False
264,17,CAR_0715,CAR,435,standing,,,,2.837,1,465,False
265,17,PT,PT,,standing,,,,30.8923,1,525,False
266,17,CAR_0630,CAR,390,standing,,,,18.4741,1,420,True
267,17,PT,PT,,standing,,,,32.505,1,555,False
268,17,PT,PT,,standing,,,,28.7778,1,495,False
269,17,CAR_0700,CAR,420,standing,,,,3.8324,1,435,False
270,17,PT,PT,,standing,,,,28.5785,1,465,False
271,17,PT,PT,,standing,,,,32.9601,1,555,False
272,17,PT,PT,,standing,,,,29.6222,1,600,False
273,17,PT,PT,,standing,,,,32.8596,1,555,False
274,17,CAR_0700,CAR,420,standing,,,,12.8913,1,435,False
275,17,CAR_0815,CAR,495,standing,,,,14.104,1,510,False
276,17,CAR_0645,CAR,405,standing,,,,41.5608,2,420,True
277,17,WFH,WFH,,standing,,,,19.9404,4,,False
278,17,PT,PT,,standing,,,,32.5009,1,525,False
279,17,CAR_0700,CAR,420,standing,,,,20.4232,1,450,False
280,17,CAR_0700,CAR,420,standing,,,,3.837,1,435,False
281,17,WFH,WFH,,standing,,,,29.3513,1,,False
282,17,CAR_0730,CAR,450,standing,,,,4.1889,1,465,False
283,17,CAR_0745,CAR,465,standing,,,,4.0405,2,495,False
284,17,PT,PT,,standing,,,,34.3552,1,525,False
285,17,CAR_0645,CAR,405,standing,,,,33.5778,1,420,True
286,17,CAR_0715,CAR,435,standing,,,,13.9601,3,480,False
287,17,CAR_0630,CAR,390,standing,,,,8.5334,1,420,False
288,17,CAR_0900,CAR,540,standing,,,,31.9783,1,555,False
289,17,CAR_0645,CAR,405,standing,,,,20.3303,5,420,True
290,17,PT,PT,,standing,,,,37.4976,1,525,False
291,17,CAR_0830,CAR,510,standing,,,,19.7565,1,525,False
292,17,PT,PT,,standing,,,,40.7859,1,510,False
293,17,PT,PT,,standing,,,,33.1909,1,510,False
294,17,PT,PT,,standing,,,,39.0741,1,525,False
295,17,CAR_0715,CAR,435,standing,,,,15.9117,1,450,False
296,17,PT,PT,,standing,,,,43.1146,1,495,False
297,17,PT,PT,,standing,,,,37.0599,1,465,False
298,17,CAR_0715,CAR,435,standing,,,,7.8727,1,465,False
299,17,CAR_0715,CAR,435,standing,,,,21.5084,1,510,False
0,18,PT,PT,,standing,,,,28.5785,1,465,False
1,18,PT,PT,,standing,,,,32.9601,1,555,False
2,18,PT,PT,,standing,,,,29.6222,1,600,False
3,18,PT,PT,,standing,,,,32.8596,1,555,False
4,18,CAR_0700,CAR,420,standing,,,,12.7427,1,435,False
5,18,CAR_0815,CAR,495,standing,,,,13.8556,1,510,False
6,18,CAR_0645,CAR,405,standing,,,,39.9419,2,420,True
7,18,WFH,WFH,,standing,,,,19.9404,4,,False
8,18,PT,PT,,standing,,,,32.5009,1,525,False
9,18,CAR_0700,CAR,420,standing,,,,20.2801,1,450,False
10,18,CAR_0700,CAR,420,standing,,,,2.9077,1,435,False
11,18,CAR_0645,CAR,405,standing,,,,29.736,1,420,True
12,18,CAR_0730,CAR,450,standing,,,,3.2517,1,465,False
13,18,CAR_0800,CAR,480,standing,,,,2.6419,1,495,False
14,18,PT,PT,,standing,,,,34.3552,1,525,False
15,18,CAR_0845,CAR,525,standing,,,,32.5507,1,540,False
16,18,CAR_0715,CAR,435,standing,,,,13.0764,1,480,False
17,18,CAR_0630,CAR,390,standing,,,,8.1451,1,420,False
18,18,CAR_0900,CAR,540,standing,,,,31.8028,1,555,False
19,18,CAR_0645,CAR,405,standing,,,,19.4322,2,420,True
20,18,PT,PT,,standing,,,,37.4976,1,525,False
21,18,CAR_0830,CAR,510,standing,,,,18.2524,1,525,False
22,18,PT,PT,,standing,,,,40.7859,2,510,False
23,18,PT,PT,,standing,,,,33.1909,1,510,False
24,18,PT,PT,,standing,,,,39.0741,1,525,False
25,18,CAR_0715,CAR,435,standing,,,,14.9296,1,450,False
26,18,PT,PT,,standing,,,,43.1146,1,495,False
27,18,PT,PT,,standing,,,,37.0599,1,465,False
28,18,CAR_0715,CAR,435,standing,,,,7.7866,1,465,False
29,18,CAR_0715,CAR,435,standing,,,,21.2174,1,510,False
30,18,PT,PT,,standing,,,,30.908,1,540,False
31,18,PT,PT,,standing,,,,36.8629,1,450,False
32,18,CAR_0645,CAR,405,standing,,,,17.3125,1,420,True
33,18,CAR_0745,CAR,465,standing,,,,31.6249,1,480,False
34,18,CAR_0700,CAR,420,standing,,,,13.5464,1,435,False
35,18,PT,PT,,standing,,,,34.3412,1,495,False
36,18,CAR_0730,CAR,450,standing,,,,5.2471,1,480,False
37,18,CAR_0915,CAR,555,standing,,,,9.1314,1,555,False
38,18,CAR_0700,CAR,420,standing,,,,22.2954,1,435,False
39,18,CAR_0715,CAR,435,standing,,,,24.2373,1,465,False
40,18,CAR_0730,CAR,450,standing,,,,22.587,1,480,False
41,18,CAR_0715,CAR,435,standing,,,,5.1681,3,480,False
42,18,WFH,WFH,,standing,,,,15.1527,1,,False
43,18,CAR_0715,CAR,435,standing,,,,14.2441,1,510,False
44,18,PT,PT,,standing,,,,32.4681,1,495,False
45,18,CAR_0700,CAR,420,standing,,,,1.3327,1,435,False
46,18,CAR_0730,CAR,450,standing,,,,17.192,1,495,False
47,18,PT,PT,,standing,,,,37.1948,2,480,False
48,18,CAR_0700,CAR,420,standing,,,,23.8475,1,450,False
49,18,CAR_0715,CAR,435,standing,,,,14.6395,1,525,False
50,18,CAR_0745,CAR,465,standing,,,,16.1475,1,480,False
51,18,CAR_0845,CAR,525,standing,,,,11.4631,1,540,False
52,18,CAR_0730,CAR,450,standing,,,,9.9863,1,495,False
53,18,WFH,WFH,,standing,,,,24.459,2,,False
54,18,CAR_0745,CAR,465,standing,,,,3.0249,1,480,False
55,18,CAR_0700,CAR,420,standing,,,,17.9869,1,435,False
56,18,CAR_0815,CAR,495,standing,,,,3.5488,1,510,False
57,18,CAR_0830,CAR,510,standing,,,,16.3181,1,525,False
58,18,WFH,WFH,,standing,,,,27.2916,5,,False
59,18,CAR_0830,CAR,510,standing,,,,3.7438,1,525,False
60,18,CAR_0730,CAR,450,standing,,,,5.3249,3,495,False
61,18,CAR_0830,CAR,510,standing,,,,16.1685,1,525,False
62,18,CAR_0815,CAR,495,standing,,,,9.1735,1,525,False
63,18,CAR_0830,CAR,510,standing,,,,31.6396,1,525,False
64,18,CAR_0700,CAR,420,standing,,,,27.7423,1,510,False
65,18,CAR_0630,CAR,390,standing,,,,28.1331,1,420,True
66,18,CAR_0730,CAR,450,standing,,,,8.1226,1,465,False
67,18,CAR_0830,CAR,510,standing,,,,4.6413,1,525,False
68,18,WFH,WFH,,standing,,,,12.4707,6,,False
69,18,PT,PT,,standing,,,,38.0955,1,555,False
70,18,PT,PT,,standing,,,,32.3454,1,480,False
71,18,PT,PT,,standing,,,,38.5683,1,525,False
72,18,PT,PT,,standing,,,,29.633,1,510,False
73,18,CAR_0815,CAR,495,standing,,,,15.6704,1,510,False
74,18,CAR_0645,CAR,405,standing,,,,18.5361,1,420,True
75,18,CAR_0630,CAR,390,standing,,,,12.8957,4,420,True
76,18,CAR_0800,CAR,480,standing,,,,31.9015,1,495,False
77,18,CAR_0730,CAR,450,standing,,,,31.7378,1,465,False
78,18,CAR_0745,CAR,465,standing,,,,1.623,1,510,False
79,18,CAR_0900,CAR,540,standing,,,,22.0594,1,555,False
80,18,PT,PT,,standing,,,,30.1941,1,465,False
81,18,PT,PT,,standing,,,,35.9054,1,450,False
82,18,CAR_0900,CAR,540,standing,,,,24.7469,1,555,False
83,18,PT,PT,,standing,,,,35.1332,1,510,False
84,18,CAR_0930,CAR,570,standing,,,,22.0079,1,585,False
85,18,CAR_0630,CAR,390,standing,,,,13.4862,1,420,True
86,18,CAR_0800,CAR,480,standing,,,,2.9054,2,525,False
87,18,CAR_0830,CAR,510,standing,,,,11.6594,1,525,False
88,18,CAR_0715,CAR,435,standing,,,,20.3383,1,525,False
89,18,CAR_0715,CAR,435,standing,,,,17.7593,1,450,False
90,18,PT,PT,,standing,,,,29.1462,1,510,False
91,18,CAR_0645,CAR,405,standing,,,,11.7462,1,450,False
92,18,CAR_0745,CAR,465,standing,,,,2.6485,1,480,False
93,18,PT,PT,,standing,,,,38.9163,1,540,False
94,18,CAR_0800,CAR,480,standing,,,,28.1528,1,510,False
95,18,CAR_0645,CAR,405,standing,,,,1.9776,1,420,False
96,18,CAR_0915,CAR,555,standing,,,,14.7927,1,570,False
97,18,WFH,WFH,,standing,,,,39.5524,3,,False
98,18,CAR_0730,CAR,450,standing,,,,6.3231,2,480,False
99,18,CAR_0915,CAR,555,standing,,,,24.7346,1,555,False
100,18,CAR_0645,CAR,405,standing,,,,14.8243,1,420,False
101,18,CAR_0830,CAR,510,standing,,,,21.5518,1,525,False
102,18,CAR_0700,CAR,420,standing,,,,19.5126,1,435,False
103,18,WFH,WFH,,standing,,,,14.1295,3,,False
104,18,CAR_0830,CAR,510,standing,,,,16.9231,1,525,False
105,18,PT,PT,,standing,,,,29.0895,1,540,False
106,18,CAR_0830,CAR,510,standing,,,,19.5605,1,525,False
107,18,CAR_0700,CAR,420,standing,,,,32.1097,1,435,False
108,18,PT,PT,,standing,,,,35.3153,2,525,False
109,18,CAR_0700,CAR,420,standing,,,,20.1933,1,495,False
110,18,PT,PT,,standing,,,,32.515,1,555,False
111,18,CAR_0815,CAR,495,standing,,,,16.0359,1,510,False
112,18,CAR_0645,CAR,405,standing,,,,6.9819,1,420,False
113,18,CAR_0745,CAR,465,standing,,,,7.7441,1,480,False
114,18,WFH,WFH,,standing,,,,24.9812,7,,False
115,18,CAR_0845,CAR,525,standing,,,,14.6217,1,540,False
116,18,CAR_0800,CAR,480,standing,,,,17.2488,2,510,False
117,18,CAR_0745,CAR,465,standing,,,,16.8319,1,495,False
118,18,CAR_0900,CAR,540,standing,,,,16.9451,1,555,False
119,18,CAR_0830,CAR,510,standing,,,,14.1547,1,525,False
120,18,CAR_0845,CAR,525,standing,,,,30.5257,1,555,False
121,18,PT,PT,,standing,,,,30.1943,1,465,False
122,18,CAR_0900,CAR,540,standing,,,,10.523,1,555,False
123,18,PT,PT,,standing,,,,33.4356,1,435,False
124,18,CAR_0730,CAR,450,standing,,,,14.0548,1,465,False
125,18,WFH,WFH,,standing,,,,29.8302,2,,False
126,18,CAR_0845,CAR,525,standing,,,,14.0003,1,540,False
127,18,PT,PT,,standing,,,,37.0641,1,555,False
128,18,CAR_0715,CAR,435,standing,,,,9.221,1,495,False
129,18,PT,PT,,standing,,,,29.6461,1,525,False
130,18,CAR_0800,CAR,480,standing,,,,22.0813,1,495,False
131,18,CAR_0630,CAR,390,standing,,,,12.2066,3,420,True
132,18,CAR_0815,CAR,495,standing,,,,15.7704,1,525,False
133,18,PT,PT,,standing,,,,34.6024,1,450,False
134,18,PT,PT,,standing,,,,30.676,1,555,False
135,18,CAR_0630,CAR,390,standing,,,,10.9051,1,420,True
136,18,PT,PT,,standing,,,,34.5433,1,540,False
137,18,PT,PT,,standing,,,,36.0983,2,465,False
138,18,CAR_0815,CAR,495,standing,,,,28.1227,1,510,False
139,18,CAR_0830,CAR,510,standing,,,,22.0529,2,540,False
140,18,WFH,WFH,,standing,,,,23.3061,4,,False
141,18,CAR_0645,CAR,405,standing,,,,17.401,1,420,True
142,18,CAR_0800,CAR,480,standing,,,,18.4633,1,510,False
143,18,PT,PT,,standing,,,,32.61,1,540,False
144,18,CAR_0700,CAR,420,standing,,,,19.128,1,510,False
145,18,PT,PT,,standing,,,,31.3362,1,420,False
146,18,CAR_0645,CAR,405,standing,,,,8.6479,1,420,False
147,18,PT,PT,,standing,,,,31.171,1,525,False
148,18,PT,PT,,standing,,,,30.541,1,555,False
149,18,PT,PT,,standing,,,,37.0227,1,525,False
150,18,PT,PT,,standing,,,,34.2198,1,510,False
151,18,PT,PT,,standing,,,,40.4192,1,510,False
152,18,CAR_0715,CAR,435,standing,,,,28.6211,1,450,False
153,18,CAR_0715,CAR,435,standing,,,,30.3315,3,450,False
154,18,CAR_0830,CAR,510,standing,,,,26.0455,1,540,False
155,18,CAR_0830,CAR,510,standing,,,,27.1409,1,540,False
156,18,CAR_0815,CAR,495,standing,,,,7.2164,1,510,False
157,18,PT,PT,,standing,,,,31.2766,1,495,False
158,18,CAR_0730,CAR,450,standing,,,,1.2886,1,465,False
159,18,WFH,WFH,,standing,,,,16.5627,3,,False
160,18,CAR_0700,CAR,420,standing,,,,18.7686,1,450,False
161,18,PT,PT,,standing,,,,31.7909,1,555,False
162,18,CAR_0645,CAR,405,standing,,,,22.5696,3,420,True
163,18,CAR_0645,CAR,405,standing,,,,33.1111,7,420,True
164,18,CAR_0800,CAR,480,standing,,,,19.9024,1,495,False
165,18,CAR_0815,CAR,495,standing,,,,32.1963,1,510,False
166,18,CAR_0930,CAR,570,standing,,,,15.9219,1,585,False
167,18,CAR_0745,CAR,465,standing,,,,7.6975,3,510,False
168,18,CAR_0715,CAR,435,standing,,,,20.1771,1,480,False
169,18,CAR_0730,CAR,450,standing,,,,2.1676,1,465,False
170,18,WFH,WFH,,standing,,,,15.2247,3,,False
171,18,CAR_0715,CAR,435,standing,,,,2.9958,1,465,False
172,18,CAR_0645,CAR,405,standing,,,,8.4385,1,420,False
173,18,PT,PT,,standing,,,,29.9017,1,495,False
174,18,CAR_0915,CAR,555,standing,,,,21.4403,1,570,False
175,18,CAR_0900,CAR,540,standing,,,,31.8038,1,555,False
176,18,PT,PT,,standing,,,,29.2828,1,585,False
177,18,PT,PT,,standing,,,,33.9097,1,495,False
178,18,CAR_0745,CAR,465,standing,,,,3.7157,1,480,False
179,18,CAR_0700,CAR,420,standing,,,,15.2806,1,435,False
180,18,PT,PT,,standing,,,,30.4602,1,480,False
181,18,PT,PT,,standing,,,,30.6124,1,450,False
182,18,CAR_0700,CAR,420,standing,,,,2.179,1,465,False
183,18,CAR_0900,CAR,540,standing,,,,22.2546,1,555,False
184,18,PT,PT,,standing,,,,36.5927,1,510,False
185,18,CAR_0630,CAR,390,standing,,,,2.8475,1,420,False
186,18,CAR_0630,CAR,390,standing,,,,1.9974,1,420,False
187,18,CAR_0845,CAR,525,standing,,,,13.4745,1,540,False
188,18,CAR_0815,CAR,495,standing,,,,36.5491,1,525,False
189,18,PT,PT,,standing,,,,34.6608,1,495,False
190,18,WFH,WFH,,standing,,,,25.5988,3,,False
191,18,CAR_0715,CAR,435,standing,,,,27.217,1,510,False
192,18,CAR_0630,CAR,390,standing,,,,23.4663,1,420,True
193,18,PT,PT,,standing,,,,29.7035,1,600,False
194,18,CAR_0630,CAR,390,standing,,,,11.925,3,420,True
195,18,CAR_0645,CAR,405,standing,,,,8.1876,2,465,False
196,18,CAR_0700,CAR,420,standing,,,,0.9035,1,435,False
197,18,PT,PT,,standing,,,,29.5943,1,555,False
198,18,CAR_0645,CAR,405,standing,,,,7.7504,2,420,True
199,18,PT,PT,,standing,,,,32.7424,1,480,False
200,18,CAR_0845,CAR,525,standing,,,,15.3572,1,540,False
201,18,PT,PT,,standing,,,,30.6199,1,555,False
202,18,CAR_0930,CAR,570,standing,,,,29.2739,1,585,False
203,18,CAR_0715,CAR,435,standing,,,,20.1745,1,450,False
204,18,CAR_0845,CAR,525,standing,,,,20.3567,1,540,False
205,18,CAR_0715,CAR,435,standing,,,,13.9202,1,495,False
206,18,CAR_0700,CAR,420,standing,,,,30.5362,1,510,False
207,18,CAR_0630,CAR,390,standing,,,,0.9533,1,450,False
208,18,CAR_0845,CAR,525,standing,,,,17.1493,1,540,False
209,18,CAR_0700,CAR,420,standing,,,,1.414,1,450,False
210,18,CAR_0630,CAR,390,standing,,,,1.9927,1,435,False
211,18,PT,PT,,standing,,,,33.3923,1,495,False
212,18,CAR_0630,CAR,390,standing,,,,25.6043,1,525,False
213,18,WFH,WFH,,standing,,,,36.9938,1,,False
214,18,PT,PT,,standing,,,,29.5958,1,555,False
215,18,CAR_0715,CAR,435,standing,,,,11.0166,1,465,False
216,18,CAR_0645,CAR,405,standing,,,,29.8909,2,420,True
217,18,PT,PT,,standing,,,,32.3898,1,510,False
218,18,CAR_0815,CAR,495,standing,,,,24.5805,1,525,False
219,18,PT,PT,,standing,,,,30.3743,1,525,False
220,18,PT,PT,,standing,,,,33.8028,2,525,False
221,18,CAR_0715,CAR,435,standing,,,,26.8861,1,480,False
222,18,CAR_0730,CAR,450,standing,,,,23.9314,1,540,False
223,18,CAR_0915,CAR,555,standing,,,,34.7493,1,570,False
224,18,CAR_0730,CAR,450,standing,,,,24.4897,1,480,False
225,18,PT,PT,,standing,,,,28.0933,6,525,False
226,18,CAR_0745,CAR,465,standing,,,,14.5599,1,480,False
227,18,CAR_0845,CAR,525,standing,,,,14.7198,1,540,False
228,18,CAR_0715,CAR,435,standing,,,,5.902,1,450,False
229,18,CAR_0900,CAR,540,standing,,,,3.5607,1,555,False
230,18,PT,PT,,standing,,,,32.0298,1,510,False
231,18,CAR_0830,CAR,510,standing,,,,16.4297,1,525,False
232,18,CAR_0830,CAR,510,standing,,,,10.5383,1,525,False
233,18,CAR_0715,CAR,435,standing,,,,11.6812,1,450,False
234,18,CAR_0930,CAR,570,standing,,,,27.4248,1,585,False
235,18,PT,PT,,standing,,,,31.2153,1,570,False
236,18,CAR_0715,CAR,435,standing,,,,21.0808,3,495,False
237,18,CAR_0915,CAR,555,standing,,,,25.2334,1,555,False
238,18,CAR_0900,CAR,540,standing,,,,14.101,1,555,False
239,18,CAR_0730,CAR,450,standing,,,,8.5363,1,465,False
240,18,CAR_0915,CAR,555,standing,,,,14.6728,1,570,False
241,18,CAR_0730,CAR,450,standing,,,,21.5147,3,495,False
242,18,CAR_0715,CAR,435,standing,,,,10.6681,1,480,False
243,18,PT,PT,,standing,,,,30.1329,1,540,False
244,18,CAR_0715,CAR,435,standing,,,,21.8824,1,450,False
245,18,CAR_0915,CAR,555,standing,,,,21.1197,1,555,False
246,18,CAR_0700,CAR,420,standing,,,,23.9999,2,435,False
247,18,PT,PT,,standing,,,,30.6216,1,570,False
248,18,PT,PT,,standing,,,,31.6977,1,540,False
249,18,PT,PT,,standing,,,,29.8624,1,510,False
250,18,CAR_0645,CAR,405,standing,,,,27.8752,6,420,True
251,18,CAR_0715,CAR,435,standing,,,,20.9279,1,480,False
252,18,PT,PT,,standing,,,,31.687,1,525,False
253,18,CAR_0715,CAR,435,standing,,,,10.8552,3,435,False
254,18,CAR_0830,CAR,510,standing,,,,31.9489,1,525,False
255,18,CAR_0800,CAR,480,standing,,,,27.4135,1,495,False
256,18,CAR_0630,CAR,390,standing,,,,32.5893,1,420,False
257,18,PT,PT,,standing,,,,29.4473,1,450,False
258,18,PT,PT,,standing,,,,29.7633,1,525,False
259,18,CAR_0645,CAR,405,standing,,,,24.8885,6,420,True
260,18,CAR_0615,CAR,375,standing,,,,20.8415,1,420,True
261,18,WFH,WFH,,standing,,,,23.1202,4,,False
262,18,PT,PT,,standing,,,,30.4879,2,570,False
263,18,CAR_0630,CAR,390,standing,,,,11.7742,1,420,False
264,18,CAR_0715,CAR,435,standing,,,,2.8273,1,465,False
265,18,PT,PT,,standing,,,,30.8923,1,525,False
266,18,CAR_0630,CAR,390,standing,,,,18.4009,1,420,True
267,18,PT,PT,,standing,,,,32.505,1,555,False
268,18,PT,PT,,standing,,,,28.7778,1,495,False
269,18,CAR_0700,CAR,420,standing,,,,3.833,1,435,False
270,18,PT,PT,,standing,,,,28.5785,1,465,False
271,18,PT,PT,,standing,,,,32.9601,1,555,False
272,18,PT,PT,,standing,,,,29.6222,1,600,False
273,18,PT,PT,,standing,,,,32.8596,1,555,False
274,18,CAR_0700,CAR,420,standing,,,,12.8217,1,435,False
275,18,CAR_0815,CAR,495,standing,,,,13.9999,1,510,False
276,18,CAR_0645,CAR,405,standing,,,,41.4594,2,420,True
277,18,WFH,WFH,,standing,,,,19.9404,4,,False
278,18,PT,PT,,standing,,,,32.5009,1,525,False
279,18,CAR_0700,CAR,420,standing,,,,20.3239,1,450,False
280,18,CAR_0700,CAR,420,standing,,,,3.8369,1,435,False
281,18,WFH,WFH,,standing,,,,29.3513,1,,False
282,18,CAR_0730,CAR,450,standing,,,,4.6128,1,465,False
283,18,CAR_0745,CAR,465,standing,,,,4.0353,2,495,False
284,18,PT,PT,,standing,,,,34.3552,1,525,False
285,18,CAR_0645,CAR,405,standing,,,,33.5056,1,420,True
286,18,CAR_0715,CAR,435,standing,,,,13.7873,3,480,False
287,18,CAR_0630,CAR,390,standing,,,,8.5614,1,420,False
288,18,CAR_0900,CAR,540,standing,,,,31.8875,1,555,False
289,18,CAR_0645,CAR,405,standing,,,,20.2468,5,420,True
290,18,PT,PT,,standing,,,,37.4976,1,525,False
291,18,CAR_0830,CAR,510,standing,,,,19.6548,1,525,False
292,18,PT,PT,,standing,,,,40.7859,1,510,False
293,18,PT,PT,,standing,,,,33.1909,1,510,False
294,18,PT,PT,,standing,,,,39.0741,1,525,False
295,18,CAR_0715,CAR,435,standing,,,,15.8399,1,450,False
296,18,PT,PT,,standing,,,,43.1146,1,495,False
297,18,PT,PT,,standing,,,,37.0599,1,465,False
298,18,CAR_0715,CAR,435,standing,,,,7.8735,1,465,False
299,18,CAR_0715,CAR,435,standing,,,,21.4205,1,510,False
0,19,PT,PT,,standing,,,,28.5785,1,465,False
1,19,PT,PT,,standing,,,,32.9601,1,555,False
2,19,PT,PT,,standing,,,,29.6222,1,600,False
3,19,PT,PT,,standing,,,,32.8596,1,555,False
4,19,CAR_0700,CAR,420,standing,,,,12.6932,1,435,False
5,19,CAR_0815,CAR,495,standing,,,,13.7774,1,510,False
6,19,CAR_0645,CAR,405,standing,,,,39.8844,2,420,True
7,19,WFH,WFH,,standing,,,,19.9404,4,,False
8,19,PT,PT,,standing,,,,32.5009,1,525,False
9,19,CAR_0700,CAR,420,standing,,,,20.2294,1,450,False
10,19,CAR_0700,CAR,420,standing,,,,2.9075,1,435,False
11,19,CAR_0645,CAR,405,standing,,,,29.6894,1,420,True
12,19,CAR_0730,CAR,450,standing,,,,3.2377,1,465,False
13,19,CAR_0800,CAR,480,standing,,,,2.6428,1,495,False
14,19,PT,PT,,standing,,,,34.3552,1,525,False
15,19,CAR_0845,CAR,525,standing,,,,32.4758,1,540,False
16,19,CAR_0715,CAR,435,standing,,,,12.9777,1,480,False
17,19,CAR_0630,CAR,390,standing,,,,8.1426,1,420,False
18,19,CAR_0900,CAR,540,standing,,,,31.7364,1,555,False
19,19,CAR_0645,CAR,405,standing,,,,19.0999,2,420,True
20,19,PT,PT,,standing,,,,37.4976,1,525,False
21,19,CAR_0830,CAR,510,standing,,,,18.173,1,525,False
22,19,PT,PT,,standing,,,,40.7859,2,510,False
23,19,PT,PT,,standing,,,,33.1909,1,510,False
24,19,PT,PT,,standing,,,,39.0741,1,525,False
25,19,CAR_0715,CAR,435,standing,,,,14.8801,1,450,False
26,19,PT,PT,,standing,,,,43.1146,1,495,False
27,19,PT,PT,,standing,,,,37.0599,1,465,False
28,19,CAR_0715,CAR,435,standing,,,,7.7858,1,465,False
29,19,CAR_0715,CAR,435,standing,,,,21.1509,1,510,False
30,19,PT,PT,,standing,,,,30.908,1,540,False
31,19,PT,PT,,standing,,,,36.8629,1,450,False
32,19,CAR_0645,CAR,405,standing,,,,17.2631,1,420,True
33,19,CAR_0745,CAR,465,standing,,,,31.559,1,480,False
34,19,CAR_0700,CAR,420,standing,,,,13.4951,1,435,False
35,19,PT,PT,,standing,,,,34.3412,1,495,False
36,19,CAR_0730,CAR,450,standing,,,,5.2693,1,480,False
37,19,CAR_0915,CAR,555,standing,,,,9.0048,1,555,False
38,19,CAR_0700,CAR,420,standing,,,,22.2455,1,435,False
39,19,CAR_0715,CAR,435,standing,,,,24.1608,1,465,False
40,19,CAR_0730,CAR,450,standing,,,,22.5244,1,480,False
41,19,CAR_0715,CAR,435,standing,,,,5.1496,3,480,False
42,19,WFH,WFH,,standing,,,,15.1527,2,,False
43,19,CAR_0715,CAR,435,standing,,,,14.1945,1,510,False
44,19,PT,PT,,standing,,,,32.4681,1,495,False
45,19,CAR_0700,CAR,420,standing,,,,1.3312,1,435,False
46,19,CAR_0730,CAR,450,standing,,,,17.1373,1,495,False
47,19,PT,PT,,standing,,,,37.1948,2,480,False
48,19,CAR_0700,CAR,420,standing,,,,23.7981,1,450,False
49,19,CAR_0715,CAR,435,standing,,,,14.59,1,525,False
50,19,CAR_0745,CAR,465,standing,,,,16.0799,1,480,False
51,19,CAR_0845,CAR,525,standing,,,,11.389,1,540,False
52,19,CAR_0730,CAR,450,standing,,,,9.9307,1,495,False
53,19,WFH,WFH,,standing,,,,24.459,2,,False
54,19,CAR_0745,CAR,465,standing,,,,3.0173,1,480,False
55,19,CAR_0700,CAR,420,standing,,,,17.8214,1,435,False
56,19,CAR_0815,CAR,495,standing,,,,3.5469,1,510,False
57,19,CAR_0830,CAR,510,standing,,,,16.2424,1,525,False
58,19,WFH,WFH,,standing,,,,27.2916,5,,False
59,19,CAR_0830,CAR,510,standing,,,,3.7413,1,525,False
60,19,CAR_0730,CAR,450,standing,,,,5.3541,3,495,False
61,19,CAR_0830,CAR,510,standing,,,,16.0798,1,525,False
62,19,CAR_0815,CAR,495,standing,,,,9.1736,1,525,False
63,19,CAR_0830,CAR,510,standing,,,,31.565,1,525,False
64,19,CAR_0700,CAR,420,standing,,,,27.6927,1,510,False
65,19,CAR_0630,CAR,390,standing,,,,28.0846,1,420,True
66,19,CAR_0730,CAR,450,standing,,,,8.0267,1,465,False
67,19,CAR_0830,CAR,510,standing,,,,4.5505,1,525,False
68,19,WFH,WFH,,standing,,,,12.4707,6,,False
69,19,PT,PT,,standing,,,,38.0955,1,555,False
70,19,PT,PT,,standing,,,,32.3454,1,480,False
71,19,PT,PT,,standing,,,,38.5683,1,525,False
72,19,PT,PT,,standing,,,,29.633,1,510,False
73,19,CAR_0815,CAR,495,standing,,,,15.5859,1,510,False
74,19,CAR_0645,CAR,405,standing,,,,18.4909,1,420,True
75,19,CAR_0630,CAR,390,standing,,,,12.8463,4,420,True
76,19,CAR_0800,CAR,480,standing,,,,31.8275,1,495,False
77,19,CAR_0730,CAR,450,standing,,,,31.6724,1,465,False
78,19,CAR_0745,CAR,465,standing,,,,1.6229,1,510,False
79,19,CAR_0900,CAR,540,standing,,,,21.9915,1,555,False
80,19,PT,PT,,standing,,,,30.1941,1,465,False
81,19,PT,PT,,standing,,,,35.9054,1,450,False
82,19,CAR_0900,CAR,540,standing,,,,24.6786,1,555,False
83,19,PT,PT,,standing,,,,35.1332,1,510,False
84,19,CAR_0930,CAR,570,standing,,,,21.9577,1,585,False
85,19,CAR_0630,CAR,390,standing,,,,13.4358,1,420,True
86,19,CAR_0800,CAR,480,standing,,,,2.9043,2,525,False
87,19,CAR_0830,CAR,510,standing,,,,11.5724,1,525,False
88,19,CAR_0715,CAR,435,standing,,,,20.2613,1,525,False
89,19,CAR_0715,CAR,435,standing,,,,17.7098,1,450,False
90,19,PT,PT,,standing,,,,29.1462,1,510,False
91,19,CAR_0645,CAR,405,standing,,,,11.7011,1,450,False
92,19,CAR_0745,CAR,465,standing,,,,2.6495,1,480,False
93,19,PT,PT,,standing,,,,38.9163,1,540,False
94,19,CAR_0800,CAR,480,standing,,,,28.1528,1,510,False
95,19,CAR_0645,CAR,405,standing,,,,1.9791,1,420,False
96,19,CAR_0915,CAR,555,standing,,,,14.7383,1,570,False
97,19,WFH,WFH,,standing,,,,39.5524,3,,False
98,19,CAR_0730,CAR,450,standing,,,,6.3054,2,480,False
99,19,CAR_0915,CAR,555,standing,,,,24.6769,1,555,False
100,19,CAR_0645,CAR,405,standing,,,,14.7646,1,420,False
101,19,CAR_0830,CAR,510,standing,,,,21.4803,1,525,False
102,19,CAR_0700,CAR,420,standing,,,,19.4632,1,435,False
103,19,WFH,WFH,,standing,,,,14.1295,3,,False
104,19,CAR_0830,CAR,510,standing,,,,16.8465,1,525,False
105,19,PT,PT,,standing,,,,29.0895,1,540,False
106,19,CAR_0830,CAR,510,standing,,,,19.4996,1,525,False
107,19,CAR_0700,CAR,420,standing,,,,32.0596,1,435,False
108,19,PT,PT,,standing,,,,35.3153,2,525,False
109,19,CAR_0700,CAR,420,standing,,,,20.1335,1,495,False
110,19,PT,PT,,standing,,,,32.515,1,555,False
111,19,CAR_0815,CAR,495,standing,,,,15.9618,1,510,False
112,19,CAR_0645,CAR,405,standing,,,,6.9304,1,420,False
113,19,CAR_0745,CAR,465,standing,,,,7.7454,1,480,False
114,19,WFH,WFH,,standing,,,,24.9812,7,,False
115,19,CAR_0845,CAR,525,standing,,,,14.5528,1,540,False
116,19,CAR_0800,CAR,480,standing,,,,17.1801,2,510,False
117,19,CAR_0745,CAR,465,standing,,,,16.7662,1,495,False
118,19,CAR_0900,CAR,540,standing,,,,16.8801,1,555,False
119,19,CAR_0830,CAR,510,standing,,,,14.0806,1,525,False
120,19,CAR_0845,CAR,525,standing,,,,30.4523,1,555,False
121,19,PT,PT,,standing,,,,30.1943,1,465,False
122,19,CAR_0900,CAR,540,standing,,,,10.4513,1,555,False
123,19,PT,PT,,standing,,,,33.4356,1,435,False
124,19,CAR_0730,CAR,450,standing,,,,14.0037,1,465,False
125,19,WFH,WFH,,standing,,,,29.8302,2,,False
126,19,CAR_0845,CAR,525,standing,,,,13.9257,1,540,False
127,19,PT,PT,,standing,,,,37.0641,1,555,False
128,19,CAR_0715,CAR,435,standing,,,,9.2243,1,495,False
129,19,PT,PT,,standing,,,,29.6461,1,525,False
130,19,CAR_0800,CAR,480,standing,,,,22.0065,1,495,False
131,19,CAR_0630,CAR,390,standing,,,,12.1873,3,420,True
132,19,CAR_0815,CAR,495,standing,,,,15.6983,1,525,False
133,19,PT,PT,,standing,,,,34.6024,1,450,False
134,19,PT,PT,,standing,,,,30.676,1,555,False
135,19,CAR_0630,CAR,390,standing,,,,10.8557,1,420,True
136,19,PT,PT,,standing,,,,34.5433,1,540,False
137,19,PT,PT,,standing,,,,36.0983,2,465,False
138,19,CAR_0815,CAR,495,standing,,,,28.0477,1,510,False
139,19,CAR_0830,CAR,510,standing,,,,21.9779,2,540,False
140,19,WFH,WFH,,standing,,,,23.3061,4,,False
141,19,CAR_0645,CAR,405,standing,,,,17.3501,1,420,True
142,19,CAR_0800,CAR,480,standing,,,,18.3892,1,510,False
143,19,PT,PT,,standing,,,,32.61,1,540,False
144,19,CAR_0700,CAR,420,standing,,,,19.0768,1,510,False
145,19,PT,PT,,standing,,,,31.3362,1,420,False
146,19,CAR_0645,CAR,405,standing,,,,8.6377,1,420,False
147,19,PT,PT,,standing,,,,31.171,1,525,False
148,19,PT,PT,,standing,,,,30.541,1,555,False
149,19,PT,PT,,standing,,,,37.0227,1,525,False
150,19,PT,PT,,standing,,,,34.2198,1,510,False
151,19,PT,PT,,standing,,,,40.4192,1,510,False
152,19,CAR_0715,CAR,435,standing,,,,28.5714,1,450,False
153,19,CAR_0715,CAR,435,standing,,,,30.2636,3,450,False
154,19,CAR_0830,CAR,510,standing,,,,25.9714,1,540,False
155,19,CAR_0830,CAR,510,standing,,,,27.0669,1,540,False
156,19,CAR_0815,CAR,495,standing,,,,7.2164,1,510,False
157,19,PT,PT,,standing,,,,31.2766,1,495,False
158,19,CAR_0730,CAR,450,standing,,,,1.288,1,465,False
159,19,WFH,WFH,,standing,,,,16.5627,3,,False
160,19,CAR_0700,CAR,420,standing,,,,18.7097,1,450,False
161,19,PT,PT,,standing,,,,31.7909,1,555,False
162,19,CAR_0645,CAR,405,standing,,,,22.0151,2,420,True
163,19,CAR_0645,CAR,405,standing,,,,33.0187,7,420,True
164,19,CAR_0800,CAR,480,standing,,,,19.8286,1,495,False
165,19,CAR_0815,CAR,495,standing,,,,32.1153,1,510,False
166,19,CAR_0930,CAR,570,standing,,,,15.8725,1,585,False
167,19,CAR_0745,CAR,465,standing,,,,7.6975,3,510,False
168,19,CAR_0715,CAR,435,standing,,,,20.1266,1,480,False
169,19,CAR_0730,CAR,450,standing,,,,2.1653,1,465,False
170,19,WFH,WFH,,standing,,,,15.2247,3,,False
171,19,CAR_0715,CAR,435,standing,,,,2.9954,1,465,False
172,19,CAR_0645,CAR,405,standing,,,,8.3874,1,420,False
173,19,PT,PT,,standing,,,,29.9017,1,495,False
174,19,CAR_0915,CAR,555,standing,,,,21.3898,1,570,False
175,19,CAR_0900,CAR,540,standing,,,,31.7364,1,555,False
176,19,PT,PT,,standing,,,,29.2828,1,585,False
177,19,PT,PT,,standing,,,,33.9097,1,495,False
178,19,CAR_0745,CAR,465,standing,,,,3.7176,1,480,False
179,19,CAR_0700,CAR,420,standing,,,,15.2288,1,435,False
180,19,PT,PT,,standing,,,,30.4602,1,480,False
181,19,PT,PT,,standing,,,,30.6124,1,450,False
182,19,CAR_0700,CAR,420,standing,,,,2.1786,1,465,False
183,19,CAR_0900,CAR,540,standing,,,,22.192,1,555,False
184,19,PT,PT,,standing,,,,36.5927,1,510,False
185,19,CAR_0630,CAR,390,standing,,,,2.8475,1,420,False
186,19,CAR_0630,CAR,390,standing,,,,2.0348,1,420,False
187,19,CAR_0845,CAR,525,standing,,,,13.4035,1,540,False
188,19,CAR_0815,CAR,495,standing,,,,36.4515,1,525,False
189,19,PT,PT,,standing,,,,34.6608,1,495,False
190,19,WFH,WFH,,standing,,,,25.5988,3,,False
191,19,CAR_0715,CAR,435,standing,,,,27.1769,1,510,False
192,19,CAR_0630,CAR,390,standing,,,,23.4221,1,420,True
193,19,PT,PT,,standing,,,,29.7035,1,600,False
194,19,CAR_0630,CAR,390,standing,,,,11.924,3,420,True
195,19,CAR_0645,CAR,405,standing,,,,8.1397,2,465,False
196,19,CAR_0700,CAR,420,standing,,,,0.9035,1,435,False
197,19,PT,PT,,standing,,,,29.5943,1,555,False
198,19,CAR_0645,CAR,405,standing,,,,7.7501,2,420,True
199,19,PT,PT,,standing,,,,32.7424,1,480,False
200,19,CAR_0845,CAR,525,standing,,,,15.2831,1,540,False
201,19,PT,PT,,standing,,,,30.6199,1,555,False
202,19,CAR_0930,CAR,570,standing,,,,29.2245,1,585,False
203,19,CAR_0715,CAR,435,standing,,,,20.1245,1,450,False
204,19,CAR_0845,CAR,525,standing,,,,20.2826,1,540,False
205,19,CAR_0715,CAR,435,standing,,,,13.8655,1,495,False
206,19,CAR_0700,CAR,420,standing,,,,30.4862,1,510,False
207,19,CAR_0630,CAR,390,standing,,,,0.9532,1,450,False
208,19,CAR_0845,CAR,525,standing,,,,17.0746,1,540,False
209,19,CAR_0700,CAR,420,standing,,,,1.4112,1,450,False
210,19,CAR_0630,CAR,390,standing,,,,1.9923,1,435,False
211,19,PT,PT,,standing,,,,33.3923,1,495,False
212,19,CAR_0630,CAR,390,standing,,,,25.5556,1,525,False
213,19,WFH,WFH,,standing,,,,36.9938,1,,False
214,19,PT,PT,,standing,,,,29.5958,1,555,False
215,19,CAR_0715,CAR,435,standing,,,,10.936,1,465,False
216,19,CAR_0645,CAR,405,standing,,,,29.8379,2,420,True
217,19,PT,PT,,standing,,,,32.3898,1,510,False
218,19,CAR_0815,CAR,495,standing,,,,24.4843,1,525,False
219,19,PT,PT,,standing,,,,30.3743,1,525,False
220,19,PT,PT,,standing,,,,33.8028,2,525,False
221,19,CAR_0715,CAR,435,standing,,,,26.8258,1,480,False
222,19,CAR_0730,CAR,450,standing,,,,23.8762,1,540,False
223,19,CAR_0915,CAR,555,standing,,,,34.6966,1,570,False
224,19,CAR_0730,CAR,450,standing,,,,24.4295,1,480,False
225,19,PT,PT,,standing,,,,28.0933,6,525,False
226,19,CAR_0745,CAR,465,standing,,,,14.4888,1,480,False
227,19,CAR_0845,CAR,525,standing,,,,14.646,1,540,False
228,19,CAR_0715,CAR,435,standing,,,,5.8517,1,450,False
229,19,CAR_0900,CAR,540,standing,,,,3.551,1,555,False
230,19,PT,PT,,standing,,,,32.0298,1,510,False
231,19,CAR_0830,CAR,510,standing,,,,16.3556,1,525,False
232,19,CAR_0830,CAR,510,standing,,,,10.5446,1,525,False
233,19,CAR_0715,CAR,435,standing,,,,11.6223,1,450,False
234,19,CAR_0930,CAR,570,standing,,,,27.3754,1,585,False
235,19,PT,PT,,standing,,,,31.2153,1,570,False
236,19,CAR_0715,CAR,435,standing,,,,21.0167,3,495,False
237,19,CAR_0915,CAR,555,standing,,,,25.128,1,555,False
238,19,CAR_0900,CAR,540,standing,,,,14.0343,1,555,False
239,19,CAR_0730,CAR,450,standing,,,,8.4711,1,465,False
240,19,CAR_0915,CAR,555,standing,,,,14.6168,1,570,False
241,19,CAR_0730,CAR,450,standing,,,,21.4579,3,495,False
242,19,CAR_0715,CAR,435,standing,,,,10.619,1,480,False
243,19,PT,PT,,standing,,,,30.1329,1,540,False
244,19,CAR_0715,CAR,435,standing,,,,21.8333,1,450,False
245,19,CAR_0915,CAR,555,standing,,,,21.0704,1,555,False
246,19,CAR_0700,CAR,420,standing,,,,23.9361,2,435,False
247,19,PT,PT,,standing,,,,30.6216,1,570,False
248,19,PT,PT,,standing,,,,31.6977,1,540,False
249,19,PT,PT,,standing,,,,29.8624,1,510,False
250,19,CAR_0645,CAR,405,standing,,,,27.8241,6,420,True
251,19,CAR_0715,CAR,435,standing,,,,20.8205,1,480,False
252,19,PT,PT,,standing,,,,31.687,1,525,False
253,19,CAR_0715,CAR,435,standing,,,,10.8027,3,435,False
254,19,CAR_0830,CAR,510,standing,,,,31.8766,1,525,False
255,19,CAR_0800,CAR,480,standing,,,,27.3394,1,495,False
256,19,CAR_0630,CAR,390,standing,,,,32.5399,1,420,False
257,19,PT,PT,,standing,,,,29.4473,1,450,False
258,19,PT,PT,,standing,,,,29.7633,1,525,False
259,19,CAR_0645,CAR,405,standing,,,,24.8455,6,420,True
260,19,CAR_0615,CAR,375,standing,,,,20.7917,1,420,True
261,19,WFH,WFH,,standing,,,,23.1202,4,,False
262,19,PT,PT,,standing,,,,30.4879,2,570,False
263,19,CAR_0630,CAR,390,standing,,,,11.7246,1,420,False
264,19,CAR_0715,CAR,435,standing,,,,2.8205,1,465,False
265,19,PT,PT,,standing,,,,30.8923,1,525,False
266,19,CAR_0630,CAR,390,standing,,,,18.3497,1,420,True
267,19,PT,PT,,standing,,,,32.505,1,555,False
268,19,PT,PT,,standing,,,,28.7778,1,495,False
269,19,CAR_0700,CAR,420,standing,,,,3.8334,1,435,False
270,19,PT,PT,,standing,,,,28.5785,1,465,False
271,19,PT,PT,,standing,,,,32.9601,1,555,False
272,19,PT,PT,,standing,,,,29.6222,1,600,False
273,19,PT,PT,,standing,,,,32.8596,1,555,False
274,19,CAR_0700,CAR,420,standing,,,,12.773,1,435,False
275,19,CAR_0815,CAR,495,standing,,,,13.927,1,510,False
276,19,CAR_0645,CAR,405,standing,,,,41.3883,2,420,True
277,19,WFH,WFH,,standing,,,,19.9404,4,,False
278,19,PT,PT,,standing,,,,32.5009,1,525,False
279,19,CAR_0700,CAR,420,standing,,,,20.2544,1,450,False
280,19,CAR_0700,CAR,420,standing,,,,3.8368,1,435,False
281,19,WFH,WFH,,standing,,,,29.3513,1,,False
282,19,CAR_0730,CAR,450,standing,,,,4.6225,1,465,False
283,19,CAR_0745,CAR,465,standing,,,,4.0317,2,495,False
284,19,PT,PT,,standing,,,,34.3552,1,525,False
285,19,CAR_0645,CAR,405,standing,,,,33.4551,1,420,True
286,19,CAR_0715,CAR,435,standing,,,,13.6351,2,480,False
287,19,CAR_0630,CAR,390,standing,,,,8.581,1,420,False
288,19,CAR_0900,CAR,540,standing,,,,31.824,1,555,False
289,19,CAR_0645,CAR,405,standing,,,,20.1884,5,420,True
290,19,PT,PT,,standing,,,,37.4976,1,525,False
291,19,CAR_0830,CAR,510,standing,,,,19.5836,1,525,False
292,19,PT,PT,,standing,,,,40.7859,2,510,False
293,19,PT,PT,,standing,,,,33.1909,1,510,False
294,19,PT,PT,,standing,,,,39.0741,1,525,False
295,19,CAR_0715,CAR,435,standing,,,,15.7897,1,450,False
296,19,PT,PT,,standing,,,,43.1146,1,495,False
297,19,PT,PT,,standing,,,,37.0599,1,465,False
298,19,CAR_0715,CAR,435,standing,,,,7.874,1,465,False
299,19,CAR_0715,CAR,435,standing,,,,21.359,1,510,False
0,20,PT,PT,,standing,,,,28.5785,1,465,False
1,20,CAR_0900,CAR,540,rule,T4,"Chose to drive at 09:00 over take PT: lowest total cost (NZ$35.21 vs NZ$38.26), mainly the PT trip.",pt;arrival_time;disruption,35.2099,1,555,False
2,20,CAR_0945,CAR,585,rule,T4,"Chose to drive at 09:45 over take PT: lowest total cost (NZ$30.00 vs NZ$32.02), mainly the PT trip.",pt;arrival_time;disruption,29.9978,1,600,False
3,20,CAR_0900,CAR,540,rule,T4,"Chose to drive at 09:00 over take PT: lowest total cost (NZ$37.22 vs NZ$38.98), mainly the PT trip.",pt;arrival_time;disruption,37.2221,1,555,False
4,20,CAR_0700,CAR,420,standing,,,,12.6585,1,435,False
5,20,CAR_0815,CAR,495,standing,,,,13.7227,1,510,False
6,20,CAR_0645,CAR,405,standing,,,,39.8441,2,420,True
7,20,WFH,WFH,,standing,,,,19.9404,4,,False
8,20,PT,PT,,standing,,,,32.5009,1,525,False
9,20,CAR_0700,CAR,420,standing,,,,20.1939,1,450,False
10,20,CAR_0700,CAR,420,standing,,,,2.9073,1,435,False
11,20,CAR_0645,CAR,405,standing,,,,29.6567,1,420,True
12,20,CAR_0730,CAR,450,standing,,,,3.2279,1,465,False
13,20,CAR_0800,CAR,480,standing,,,,2.6434,1,495,False
14,20,PT,PT,,standing,,,,34.3552,1,525,False
15,20,CAR_0845,CAR,525,standing,,,,32.4234,1,540,False
16,20,CAR_0715,CAR,435,standing,,,,12.9774,1,480,False
17,20,CAR_0630,CAR,390,standing,,,,8.1409,1,420,False
18,20,CAR_0900,CAR,540,standing,,,,31.6899,1,555,False
19,20,CAR_0645,CAR,405,standing,,,,19.0576,2,420,True
20,20,CAR_0830,CAR,510,rule,T4,"Chose to drive at 08:30 over take PT: lowest total cost (NZ$38.80 vs NZ$46.83), mainly the PT trip.",pt;arrival_time;disruption,38.8041,1,525,False
21,20,CAR_0830,CAR,510,standing,,,,18.1175,1,525,False
22,20,PT,PT,,standing,,,,40.7859,2,510,False
23,20,CAR_0815,CAR,495,rule,T4,"Chose to drive at 08:15 over take PT: lowest total cost (NZ$35.98 vs NZ$39.38), mainly the PT trip.",pt;disruption,35.9833,1,510,False
24,20,CAR_0830,CAR,510,rule,T4,"Chose to drive at 08:30 over take PT: lowest total cost (NZ$40.05 vs NZ$48.52), mainly the PT trip.",pt;disruption,40.055,1,525,False
25,20,CAR_0715,CAR,435,standing,,,,14.8454,1,450,False
26,20,PT,PT,,standing,,,,43.1146,1,495,False
27,20,SKIP,SKIP,,rule,T4,"Chose to skip the trip over take PT: lowest total cost (NZ$44.06 vs NZ$48.36), mainly the PT trip.",pt;arrival_time;disruption,44.0593,1,,False
28,20,CAR_0715,CAR,435,standing,,,,7.7852,1,465,False
29,20,CAR_0715,CAR,435,standing,,,,21.1302,1,510,False
30,20,PT,PT,,standing,,,,30.908,1,540,False
31,20,CAR_0715,CAR,435,rule,T4,"Chose to drive at 07:15 over take PT: lowest total cost (NZ$41.12 vs NZ$46.96), mainly the PT trip.",pt;arrival_time;disruption,41.1235,1,450,False
32,20,CAR_0645,CAR,405,standing,,,,17.2285,1,420,True
33,20,CAR_0745,CAR,465,standing,,,,31.5129,1,480,False
34,20,CAR_0700,CAR,420,standing,,,,13.4592,1,435,False
35,20,PT,PT,,standing,,,,34.3412,1,495,False
36,20,CAR_0730,CAR,450,standing,,,,5.2848,1,480,False
37,20,CAR_0915,CAR,555,standing,,,,8.9163,1,555,False
38,20,CAR_0700,CAR,420,standing,,,,22.2106,1,435,False
39,20,CAR_0715,CAR,435,standing,,,,24.1073,1,465,False
40,20,CAR_0730,CAR,450,standing,,,,22.4806,1,480,False
41,20,CAR_0715,CAR,435,standing,,,,5.1366,3,480,False
42,20,WFH,WFH,,standing,,,,15.1527,2,,False
43,20,CAR_0715,CAR,435,standing,,,,14.1598,1,510,False
44,20,PT,PT,,standing,,,,32.4681,1,495,False
45,20,CAR_0700,CAR,420,standing,,,,1.3301,1,435,False
46,20,CAR_0730,CAR,450,standing,,,,17.099,1,495,False
47,20,PT,PT,,standing,,,,37.1948,2,480,False
48,20,CAR_0700,CAR,420,standing,,,,23.7635,1,450,False
49,20,CAR_0715,CAR,435,standing,,,,14.5553,1,525,False
50,20,CAR_0745,CAR,465,standing,,,,16.0325,1,480,False
51,20,CAR_0845,CAR,525,standing,,,,11.3371,1,540,False
52,20,CAR_0730,CAR,450,standing,,,,9.8917,1,495,False
53,20,WFH,WFH,,standing,,,,24.459,2,,False
54,20,CAR_0745,CAR,465,standing,,,,3.012,1,480,False
55,20,CAR_0700,CAR,420,standing,,,,17.7859,1,435,False
56,20,CAR_0815,CAR,495,standing,,,,3.5456,1,510,False
57,20,CAR_0830,CAR,510,standing,,,,16.1895,1,525,False
58,20,WFH,WFH,,standing,,,,27.2916,5,,False
59,20,CAR_0830,CAR,510,standing,,,,3.7395,1,525,False
60,20,CAR_0730,CAR,450,standing,,,,5.3746,3,495,False
61,20,CAR_0830,CAR,510,standing,,,,16.0177,1,525,False
62,20,CAR_0815,CAR,495,standing,,,,9.1736,1,525,False
63,20,CAR_0830,CAR,510,standing,,,,31.5128,1,525,False
64,20,CAR_0700,CAR,420,standing,,,,27.658,1,510,False
65,20,CAR_0630,CAR,390,standing,,,,28.0508,1,420,True
66,20,CAR_0730,CAR,450,standing,,,,7.9822,1,465,False
67,20,CAR_0830,CAR,510,standing,,,,4.5539,1,525,False
68,20,WFH,WFH,,standing,,,,12.4707,6,,False
69,20,PT,PT,,standing,,,,38.0955,1,555,False
70,20,PT,PT,,standing,,,,32.3454,1,480,False
71,20,PT,PT,,standing,,,,38.5683,1,525,False
72,20,PT,PT,,standing,,,,29.633,1,510,False
73,20,CAR_0815,CAR,495,standing,,,,15.5267,1,510,False
74,20,CAR_0645,CAR,405,standing,,,,18.4593,1,420,True
75,20,CAR_0630,CAR,390,standing,,,,12.8117,4,420,True
76,20,CAR_0800,CAR,480,standing,,,,31.7756,1,495,False
77,20,CAR_0730,CAR,450,standing,,,,31.6267,1,465,False
78,20,CAR_0745,CAR,465,standing,,,,1.6229,1,510,False
79,20,CAR_0900,CAR,540,standing,,,,21.9439,1,555,False
80,20,CAR_0715,CAR,435,rule,T4,"Chose to drive at 07:15 over take PT: lowest total cost (NZ$31.44 vs NZ$32.96), mainly the PT trip.",pt;disruption,31.4373,2,465,False
81,20,PT,PT,,standing,,,,35.9054,1,450,False
82,20,CAR_0900,CAR,540,standing,,,,24.6307,1,555,False
83,20,PT,PT,,standing,,,,35.1332,1,510,False
84,20,CAR_0930,CAR,570,standing,,,,21.9227,1,585,False
85,20,CAR_0630,CAR,390,standing,,,,13.4004,1,420,True
86,20,CAR_0800,CAR,480,standing,,,,2.9035,2,525,False
87,20,CAR_0830,CAR,510,standing,,,,11.5115,1,525,False
88,20,CAR_0715,CAR,435,standing,,,,20.1423,1,525,False
89,20,CAR_0715,CAR,435,standing,,,,17.6751,1,450,False
90,20,PT,PT,,rule,T4,"Chose to take PT over drive at 07:15: lowest total cost (NZ$31.09 vs NZ$32.52), mainly parking.",other;fee;disruption,31.0858,1,510,False
91,20,CAR_0645,CAR,405,standing,,,,11.6696,1,450,False
92,20,CAR_0745,CAR,465,standing,,,,2.6502,1,480,False
93,20,PT,PT,,standing,,,,38.9163,1,540,False
94,20,CAR_0800,CAR,480,standing,,,,28.1528,1,510,False
95,20,CAR_0645,CAR,405,standing,,,,1.9802,1,420,False
96,20,CAR_0915,CAR,555,standing,,,,14.7003,1,570,False
97,20,WFH,WFH,,standing,,,,39.5524,3,,False
98,20,CAR_0730,CAR,450,standing,,,,6.293,2,480,False
99,20,CAR_0915,CAR,555,standing,,,,24.6366,1,555,False
100,20,CAR_0645,CAR,405,standing,,,,14.7228,1,420,False
101,20,CAR_0830,CAR,510,standing,,,,21.4303,1,525,False
102,20,CAR_0700,CAR,420,standing,,,,19.4286,1,435,False
103,20,WFH,WFH,,standing,,,,14.1295,3,,False
104,20,CAR_0830,CAR,510,standing,,,,16.7929,1,525,False
105,20,PT,PT,,standing,,,,29.0895,1,540,False
106,20,CAR_0830,CAR,510,standing,,,,19.457,1,525,False
107,20,CAR_0700,CAR,420,standing,,,,32.0246,1,435,False
108,20,PT,PT,,standing,,,,35.3153,2,525,False
109,20,CAR_0700,CAR,420,standing,,,,20.0917,1,495,False
110,20,PT,PT,,rule,T4,"Chose to take PT over drive at 09:00: lowest total cost (NZ$37.42 vs NZ$38.76), mainly parking.",other;fee;disruption,37.4159,1,555,False
111,20,CAR_0815,CAR,495,standing,,,,15.9099,1,510,False
112,20,CAR_0645,CAR,405,standing,,,,6.8943,1,420,False
113,20,CAR_0745,CAR,465,standing,,,,7.7463,1,480,False
114,20,WFH,WFH,,standing,,,,24.9812,7,,False
115,20,CAR_0845,CAR,525,standing,,,,14.5046,1,540,False
116,20,CAR_0800,CAR,480,standing,,,,17.132,2,510,False
117,20,CAR_0745,CAR,465,standing,,,,16.7203,1,495,False
118,20,CAR_0900,CAR,540,standing,,,,16.8345,1,555,False
119,20,CAR_0830,CAR,510,standing,,,,14.0287,1,525,False
120,20,CAR_0845,CAR,525,standing,,,,30.401,1,555,False
121,20,PT,PT,,rule,T4,"Chose to take PT over drive at 07:15: lowest total cost (NZ$32.46 vs NZ$34.08), mainly parking.",other;fee;disruption,32.4551,1,465,False
122,20,CAR_0900,CAR,540,standing,,,,10.4012,1,555,False
123,20,PT,PT,,standing,,,,33.4356,1,435,False
124,20,CAR_0730,CAR,450,standing,,,,13.968,1,465,False
125,20,WFH,WFH,,standing,,,,29.8302,2,,False
126,20,CAR_0845,CAR,525,standing,,,,13.8734,1,540,False
127,20,CAR_0900,CAR,540,rule,T4,"Chose to drive at 09:00 over take PT: lowest total cost (NZ$40.24 vs NZ$46.01), mainly the PT trip.",pt;arrival_time;disruption,40.2403,1,555,False
128,20,CAR_0715,CAR,435,standing,,,,9.1885,1,495,False
129,20,PT,PT,,standing,,,,29.6461,1,525,False
130,20,CAR_0800,CAR,480,standing,,,,21.9541,1,495,False
131,20,CAR_0630,CAR,390,standing,,,,12.1739,3,420,True
132,20,CAR_0815,CAR,495,standing,,,,15.6478,1,525,False
133,20,PT,PT,,standing,,,,34.6024,1,450,False
134,20,PT,PT,,standing,,,,30.676,1,555,False
135,20,CAR_0630,CAR,390,standing,,,,10.8211,1,420,True
136,20,PT,PT,,standing,,,,34.5433,1,540,False
137,20,PT,PT,,standing,,,,36.0983,2,465,False
138,20,CAR_0815,CAR,495,standing,,,,27.9953,1,510,False
139,20,CAR_0830,CAR,510,standing,,,,21.9254,2,540,False
140,20,WFH,WFH,,standing,,,,23.3061,4,,False
141,20,CAR_0645,CAR,405,standing,,,,17.3145,1,420,True
142,20,CAR_0800,CAR,480,standing,,,,18.3373,1,510,False
143,20,PT,PT,,standing,,,,32.61,1,540,False
144,20,CAR_0700,CAR,420,standing,,,,19.0409,1,510,False
145,20,PT,PT,,standing,,,,31.3362,1,420,False
146,20,CAR_0645,CAR,405,standing,,,,8.6305,1,420,False
147,20,PT,PT,,standing,,,,31.171,1,525,False
148,20,PT,PT,,standing,,,,30.541,1,555,False
149,20,PT,PT,,standing,,,,37.0227,1,525,False
150,20,PT,PT,,standing,,,,34.2198,1,510,False
151,20,CAR_0800,CAR,480,rule,T4,"Chose to drive at 08:00 over take PT: lowest total cost (NZ$44.80 vs NZ$53.95), mainly the PT trip.",pt;disruption,44.7952,2,510,False
152,20,CAR_0715,CAR,435,standing,,,,28.5366,1,450,False
153,20,CAR_0715,CAR,435,standing,,,,30.2161,3,450,False
154,20,CAR_0830,CAR,510,standing,,,,25.9195,1,540,False
155,20,CAR_0830,CAR,510,standing,,,,27.0151,1,540,False
156,20,CAR_0815,CAR,495,standing,,,,7.2164,1,510,False
157,20,PT,PT,,rule,T4,"Chose to take PT over skip the trip: lowest total cost (NZ$35.70 vs NZ$36.18), mainly missing the day.",work_constraint;habit;disruption,35.6975,1,495,False
158,20,CAR_0730,CAR,450,standing,,,,1.2875,1,465,False
159,20,WFH,WFH,,standing,,,,16.5627,3,,False
160,20,CAR_0700,CAR,420,standing,,,,18.6685,1,450,False
161,20,PT,PT,,standing,,,,31.7909,1,555,False
162,20,CAR_0645,CAR,405,standing,,,,21.9604,2,420,True
163,20,CAR_0645,CAR,405,standing,,,,32.954,7,420,True
164,20,CAR_0800,CAR,480,standing,,,,19.7769,1,495,False
165,20,CAR_0815,CAR,495,standing,,,,32.0586,1,510,False
166,20,CAR_0930,CAR,570,standing,,,,15.8379,1,585,False
167,20,CAR_0745,CAR,465,standing,,,,7.6975,3,510,False
168,20,CAR_0715,CAR,435,standing,,,,20.0913,1,480,False
169,20,CAR_0730,CAR,450,standing,,,,2.1638,1,465,False
170,20,WFH,WFH,,standing,,,,15.2247,3,,False
171,20,CAR_0715,CAR,435,standing,,,,2.9952,1,465,False
172,20,CAR_0645,CAR,405,standing,,,,8.3516,1,420,False
173,20,PT,PT,,rule,T4,"Chose to take PT over drive at 08:00: lowest total cost (NZ$32.49 vs NZ$33.58), mainly parking.",other;fee;disruption,32.4932,1,495,False
174,20,CAR_0915,CAR,555,standing,,,,21.3544,1,570,False
175,20,CAR_0900,CAR,540,standing,,,,31.6892,1,555,False
176,20,PT,PT,,standing,,,,29.2828,1,585,False
177,20,PT,PT,,standing,,,,33.9097,1,495,False
178,20,CAR_0745,CAR,465,standing,,,,3.7189,1,480,False
179,20,CAR_0700,CAR,420,standing,,,,15.1926,1,435,False
180,20,PT,PT,,rule,T4,"Chose to take PT over drive at 07:15: lowest total cost (NZ$33.98 vs NZ$35.07), mainly parking.",other;fee;disruption,33.976,1,480,False
181,20,PT,PT,,rule,T4,"Chose to take PT over skip the trip: lowest total cost (NZ$34.31 vs NZ$36.02), mainly missing the day.",work_constraint;habit;disruption,34.3089,1,450,False
182,20,CAR_0700,CAR,420,standing,,,,2.1783,1,465,False
183,20,CAR_0900,CAR,540,standing,,,,22.1482,1,555,False
184,20,PT,PT,,standing,,,,36.5927,1,510,False
185,20,CAR_0630,CAR,390,standing,,,,2.8475,1,420,False
186,20,CAR_0630,CAR,390,standing,,,,2.0332,1,420,False
187,20,CAR_0845,CAR,525,standing,,,,13.3539,1,540,False
188,20,CAR_0815,CAR,495,standing,,,,36.3832,1,525,False
189,20,PT,PT,,rule,T4,"Chose to take PT over skip the trip: lowest total cost (NZ$40.73 vs NZ$41.69), mainly missing the day.",work_constraint;habit;disruption,40.7294,1,495,False
190,20,WFH,WFH,,standing,,,,25.5988,3,,False
191,20,CAR_0715,CAR,435,standing,,,,27.1224,1,510,False
192,20,CAR_0630,CAR,390,standing,,,,23.3912,1,420,True
193,20,PT,PT,,standing,,,,29.7035,1,600,False
194,20,CAR_0630,CAR,390,standing,,,,11.9233,3,420,True
195,20,CAR_0645,CAR,405,standing,,,,8.1061,2,465,False
196,20,CAR_0700,CAR,420,standing,,,,0.9035,1,435,False
197,20,PT,PT,,standing,,,,29.5943,1,555,False
198,20,CAR_0645,CAR,405,standing,,,,7.7498,2,420,True
199,20,PT,PT,,standing,,,,32.7424,1,480,False
200,20,CAR_0845,CAR,525,standing,,,,15.2312,1,540,False
201,20,PT,PT,,standing,,,,30.6199,1,555,False
202,20,CAR_0930,CAR,570,standing,,,,29.1899,1,585,False
203,20,CAR_0715,CAR,435,standing,,,,20.0895,1,450,False
204,20,CAR_0845,CAR,525,standing,,,,20.2307,1,540,False
205,20,CAR_0715,CAR,435,standing,,,,13.8272,1,495,False
206,20,CAR_0700,CAR,420,standing,,,,30.4513,1,510,False
207,20,CAR_0630,CAR,390,standing,,,,0.9532,1,450,False
208,20,CAR_0845,CAR,525,standing,,,,17.0223,1,540,False
209,20,CAR_0700,CAR,420,standing,,,,1.4092,1,450,False
210,20,CAR_0630,CAR,390,standing,,,,1.9921,1,435,False
211,20,PT,PT,,standing,,,,33.3923,1,495,False
212,20,CAR_0630,CAR,390,standing,,,,25.5215,1,525,False
213,20,WFH,WFH,,standing,,,,36.9938,1,,False
214,20,PT,PT,,standing,,,,29.5958,1,555,False
215,20,CAR_0715,CAR,435,standing,,,,10.8923,1,465,False
216,20,CAR_0645,CAR,405,standing,,,,29.8009,1,420,True
217,20,PT,PT,,standing,,,,32.3898,1,510,False
218,20,CAR_0815,CAR,495,standing,,,,24.417,1,525,False
219,20,PT,PT,,rule,T4,"Chose to take PT over skip the trip: lowest total cost (NZ$33.05 vs NZ$35.43), mainly missing the day.",work_constraint;habit;disruption,33.0473,1,525,False
220,20,PT,PT,,standing,,,,33.8028,2,525,False
221,20,CAR_0715,CAR,435,standing,,,,26.7835,1,480,False
222,20,CAR_0730,CAR,450,standing,,,,23.8377,1,540,False
223,20,CAR_0915,CAR,555,standing,,,,34.6597,1,570,False
224,20,CAR_0730,CAR,450,standing,,,,24.3874,1,480,False
225,20,CAR_0845,CAR,525,rule,T4,"Chose to drive at 08:45 over take PT: lowest total cost (NZ$26.54 vs NZ$28.70), mainly the PT trip.",pt;disruption,26.5427,2,525,False
226,20,CAR_0745,CAR,465,standing,,,,14.4391,1,480,False
227,20,CAR_0845,CAR,525,standing,,,,14.5943,1,540,False
228,20,CAR_0715,CAR,435,standing,,,,5.8166,1,450,False
229,20,CAR_0900,CAR,540,standing,,,,3.5441,1,555,False
230,20,PT,PT,,standing,,,,32.0298,1,510,False
231,20,CAR_0830,CAR,510,standing,,,,16.3038,1,525,False
232,20,CAR_0830,CAR,510,standing,,,,10.549,1,525,False
233,20,CAR_0715,CAR,435,standing,,,,11.581,1,450,False
234,20,CAR_0930,CAR,570,standing,,,,27.3408,1,585,False
235,20,PT,PT,,standing,,,,31.2153,1,570,False
236,20,CAR_0715,CAR,435,standing,,,,20.9717,3,495,False
237,20,CAR_0915,CAR,555,standing,,,,25.0542,1,555,False
238,20,CAR_0900,CAR,540,standing,,,,13.9876,1,555,False
239,20,CAR_0730,CAR,450,standing,,,,8.4255,1,465,False
240,20,CAR_0915,CAR,555,standing,,,,14.5776,1,570,False
241,20,CAR_0730,CAR,450,standing,,,,21.4181,3,495,False
242,20,CAR_0715,CAR,435,standing,,,,10.5845,1,480,False
243,20,PT,PT,,rule,T4,"Chose to take PT over skip the trip: lowest total cost (NZ$33.29 vs NZ$35.61), mainly missing the day.",work_constraint;habit;disruption,33.2917,1,540,False
244,20,CAR_0715,CAR,435,standing,,,,21.7989,1,450,False
245,20,CAR_0915,CAR,555,standing,,,,21.036,1,555,False
246,20,CAR_0700,CAR,420,standing,,,,23.8914,2,435,False
247,20,CAR_0915,CAR,555,rule,T4,"Chose to drive at 09:15 over take PT: lowest total cost (NZ$33.99 vs NZ$34.24), mainly the PT trip.",pt;disruption,33.9876,1,570,False
248,20,PT,PT,,standing,,,,31.6977,1,540,False
249,20,CAR_0815,CAR,495,rule,T4,"Chose to drive at 08:15 over take PT: lowest total cost (NZ$30.07 vs NZ$32.08), mainly the PT trip.",pt;disruption,30.0685,1,510,False
250,20,CAR_0645,CAR,405,standing,,,,27.7883,6,420,True
251,20,CAR_0715,CAR,435,standing,,,,20.7763,1,480,False
252,20,PT,PT,,standing,,,,31.687,1,525,False
253,20,CAR_0715,CAR,435,standing,,,,10.7659,3,435,False
254,20,CAR_0830,CAR,510,standing,,,,31.826,1,525,False
255,20,CAR_0800,CAR,480,standing,,,,27.2875,1,495,False
256,20,CAR_0630,CAR,390,standing,,,,32.5053,1,420,False
257,20,PT,PT,,standing,,,,29.4473,1,450,False
258,20,PT,PT,,standing,,,,29.7633,1,525,False
259,20,CAR_0645,CAR,405,standing,,,,24.8155,6,420,True
260,20,CAR_0615,CAR,375,standing,,,,20.7568,1,420,True
261,20,WFH,WFH,,standing,,,,23.1202,4,,False
262,20,PT,PT,,standing,,,,30.4879,2,570,False
263,20,CAR_0630,CAR,390,standing,,,,11.6898,1,420,False
264,20,CAR_0715,CAR,435,standing,,,,2.8157,1,465,False
265,20,PT,PT,,standing,,,,30.8923,1,525,False
266,20,CAR_0630,CAR,390,standing,,,,18.3139,1,420,True
267,20,CAR_0845,CAR,525,rule,T4,"Chose to drive at 08:45 over take PT: lowest total cost (NZ$33.80 vs NZ$37.40), mainly the PT trip.",pt;disruption,33.8004,3,555,False
268,20,PT,PT,,standing,,,,28.7778,1,495,False
269,20,CAR_0700,CAR,420,standing,,,,3.8336,1,435,False
270,20,PT,PT,,standing,,,,28.5785,1,465,False
271,20,CAR_0900,CAR,540,rule,T4,"Chose to drive at 09:00 over take PT: lowest total cost (NZ$35.21 vs NZ$38.26), mainly the PT trip.",pt;arrival_time;disruption,35.2116,1,555,False
272,20,CAR_0945,CAR,585,rule,T4,"Chose to drive at 09:45 over take PT: lowest total cost (NZ$30.00 vs NZ$32.02), mainly the PT trip.",pt;arrival_time;disruption,29.9978,1,600,False
273,20,CAR_0900,CAR,540,rule,T4,"Chose to drive at 09:00 over take PT: lowest total cost (NZ$37.22 vs NZ$38.98), mainly the PT trip.",pt;arrival_time;disruption,37.2221,1,555,False
274,20,CAR_0700,CAR,420,standing,,,,12.7389,1,435,False
275,20,CAR_0815,CAR,495,standing,,,,13.876,1,510,False
276,20,CAR_0645,CAR,405,standing,,,,41.3386,2,420,True
277,20,WFH,WFH,,standing,,,,19.9404,4,,False
278,20,PT,PT,,standing,,,,32.5009,1,525,False
279,20,CAR_0700,CAR,420,standing,,,,20.2057,1,450,False
280,20,CAR_0700,CAR,420,standing,,,,3.8367,1,435,False
281,20,WFH,WFH,,standing,,,,29.3513,1,,False
282,20,CAR_0730,CAR,450,standing,,,,4.6293,1,465,False
283,20,CAR_0745,CAR,465,standing,,,,4.0292,2,495,False
284,20,PT,PT,,standing,,,,34.3552,1,525,False
285,20,CAR_0645,CAR,405,standing,,,,33.4197,1,420,True
286,20,CAR_0715,CAR,435,standing,,,,13.5504,2,480,False
287,20,CAR_0630,CAR,390,standing,,,,8.5947,1,420,False
288,20,CAR_0900,CAR,540,standing,,,,31.7796,1,555,False
289,20,CAR_0645,CAR,405,standing,,,,20.1475,5,420,True
290,20,CAR_0830,CAR,510,rule,T4,"Chose to drive at 08:30 over take PT: lowest total cost (NZ$39.25 vs NZ$46.83), mainly the PT trip.",pt;disruption,39.2535,1,525,False
291,20,CAR_0830,CAR,510,standing,,,,19.5337,1,525,False
292,20,PT,PT,,standing,,,,40.7859,2,510,False
293,20,CAR_0815,CAR,495,rule,T4,"Chose to drive at 08:15 over take PT: lowest total cost (NZ$35.98 vs NZ$39.38), mainly the PT trip.",pt;disruption,35.9833,1,510,False
294,20,CAR_0830,CAR,510,rule,T4,"Chose to drive at 08:30 over take PT: lowest total cost (NZ$40.78 vs NZ$48.52), mainly the PT trip.",pt;disruption,40.7838,1,525,False
295,20,CAR_0715,CAR,435,standing,,,,15.7546,1,450,False
296,20,PT,PT,,standing,,,,43.1146,1,495,False
297,20,SKIP,SKIP,,rule,T4,"Chose to skip the trip over take PT: lowest total cost (NZ$44.06 vs NZ$48.36), mainly the PT trip.",pt;arrival_time;disruption,44.0593,1,,False
298,20,CAR_0715,CAR,435,standing,,,,7.8744,1,465,False
299,20,CAR_0715,CAR,435,standing,,,,21.3159,1,510,False
0,21,PT,PT,,standing,,,,28.5785,1,465,False
1,21,PT,PT,,rule,T4,"Chose to take PT over drive at 09:00: lowest total cost (NZ$33.46 vs NZ$35.35), mainly fuel.",other;fee;disruption,33.4601,1,555,False
2,21,CAR_0930,CAR,570,rule,T4,"Chose to drive at 09:30 over drive at 09:45: lowest total cost (NZ$30.33 vs NZ$29.53), mainly travel time.",travel_time;disruption,30.3326,3,600,False
3,21,PT,PT,,rule,T4,"Chose to take PT over drive at 09:00: lowest total cost (NZ$33.36 vs NZ$37.11), mainly parking.",other;fee;disruption,33.3596,1,555,False
4,21,CAR_0700,CAR,420,standing,,,,12.6342,1,435,False
5,21,CAR_0815,CAR,495,standing,,,,13.6844,1,510,False
6,21,CAR_0645,CAR,405,standing,,,,39.8159,2,420,True
7,21,WFH,WFH,,standing,,,,19.9404,4,,False
8,21,PT,PT,,standing,,,,32.5009,1,525,False
9,21,CAR_0700,CAR,420,standing,,,,20.1691,1,450,False
10,21,CAR_0700,CAR,420,standing,,,,2.9072,1,435,False
11,21,CAR_0645,CAR,405,standing,,,,29.6339,1,420,True
12,21,CAR_0730,CAR,450,standing,,,,3.221,1,465,False
13,21,CAR_0800,CAR,480,standing,,,,2.6438,1,495,False
14,21,PT,PT,,standing,,,,34.3552,1,525,False
15,21,CAR_0845,CAR,525,standing,,,,32.3867,1,540,False
16,21,CAR_0715,CAR,435,standing,,,,12.9291,1,480,False
17,21,CAR_0630,CAR,390,standing,,,,8.1397,1,420,False
18,21,CAR_0900,CAR,540,standing,,,,31.6574,1,555,False
19,21,CAR_0645,CAR,405,standing,,,,19.0281,1,420,True
20,21,PT,PT,,rule,T4,"Chose to take PT over drive at 08:30: lowest total cost (NZ$38.00 vs NZ$39.49), mainly parking.",other;fee;disruption,37.9976,1,525,False
21,21,CAR_0830,CAR,510,standing,,,,18.0786,1,525,False
22,21,PT,PT,,standing,,,,40.7859,2,510,False
23,21,PT,PT,,rule,T4,"Chose to take PT over drive at 08:15: lowest total cost (NZ$33.69 vs NZ$35.45), mainly parking.",other;fee;disruption,33.6909,1,510,False
24,21,PT,PT,,rule,T4,"Chose to take PT over drive at 08:30: lowest total cost (NZ$39.57 vs NZ$48.08), mainly parking.",other;travel_time;disruption,39.5741,1,525,False
25,21,CAR_0715,CAR,435,standing,,,,14.8212,1,450,False
26,21,PT,PT,,standing,,,,43.1146,1,495,False
27,21,PT,PT,,rule,T4;T6,"Chose to take PT over skip the trip: lowest total cost (NZ$37.06 vs NZ$44.06), mainly missing the day.",work_constraint;habit;disruption,37.0599,1,465,False
28,21,CAR_0715,CAR,435,standing,,,,8.0958,1,465,False
29,21,CAR_0715,CAR,435,standing,,,,21.0976,1,510,False
30,21,PT,PT,,standing,,,,30.908,1,540,False
31,21,PT,PT,,rule,T4,"Chose to take PT over drive at 07:15: lowest total cost (NZ$37.36 vs NZ$40.69), mainly parking.",other;travel_time;disruption,37.3629,1,450,False
32,21,CAR_0645,CAR,405,standing,,,,17.2043,1,420,True
33,21,CAR_0745,CAR,465,standing,,,,31.4806,1,480,False
34,21,CAR_0700,CAR,420,standing,,,,13.4341,1,435,False
35,21,PT,PT,,standing,,,,34.3412,1,495,False
36,21,CAR_0730,CAR,450,standing,,,,5.2957,1,480,False
37,21,CAR_0915,CAR,555,standing,,,,8.8543,1,555,False
38,21,CAR_0700,CAR,420,standing,,,,22.1861,1,435,False
39,21,CAR_0715,CAR,435,standing,,,,24.0699,1,465,False
40,21,CAR_0730,CAR,450,standing,,,,22.45,1,480,False
41,21,CAR_0715,CAR,435,standing,,,,5.1276,3,480,False
42,21,WFH,WFH,,standing,,,,15.1527,2,,False
43,21,CAR_0715,CAR,435,standing,,,,14.1355,1,510,False
44,21,PT,PT,,standing,,,,32.4681,1,495,False
45,21,CAR_0700,CAR,420,standing,,,,1.3294,1,435,False
46,21,CAR_0730,CAR,450,standing,,,,17.0722,1,495,False
47,21,PT,PT,,standing,,,,37.1948,2,480,False
48,21,CAR_0700,CAR,420,standing,,,,23.7393,1,450,False
49,21,CAR_0715,CAR,435,standing,,,,14.531,1,525,False
50,21,CAR_0745,CAR,465,standing,,,,15.9994,1,480,False
51,21,CAR_0845,CAR,525,standing,,,,11.3008,1,540,False
52,21,CAR_0730,CAR,450,standing,,,,9.8645,1,495,False
53,21,WFH,WFH,,standing,,,,24.459,2,,False
54,21,CAR_0745,CAR,465,standing,,,,3.0083,1,480,False
55,21,CAR_0700,CAR,420,standing,,,,17.7611,1,435,False
56,21,CAR_0815,CAR,495,standing,,,,3.5446,1,510,False
57,21,CAR_0830,CAR,510,standing,,,,16.1524,1,525,False
58,21,WFH,WFH,,standing,,,,27.2916,5,,False
59,21,CAR_0830,CAR,510,standing,,,,3.7383,1,525,False
60,21,CAR_0730,CAR,450,standing,,,,5.3131,3,495,False
61,21,CAR_0830,CAR,510,standing,,,,15.9742,1,525,False
62,21,CAR_0815,CAR,495,standing,,,,9.1737,1,525,False
63,21,CAR_0830,CAR,510,standing,,,,31.4763,1,525,False
64,21,CAR_0700,CAR,420,standing,,,,27.6338,1,510,False
65,21,CAR_0630,CAR,390,standing,,,,28.027,1,420,True
66,21,CAR_0730,CAR,450,standing,,,,7.9511,1,465,False
67,21,CAR_0830,CAR,510,standing,,,,4.5563,1,525,False
68,21,WFH,WFH,,standing,,,,12.4707,6,,False
69,21,PT,PT,,standing,,,,38.0955,1,555,False
70,21,PT,PT,,standing,,,,32.3454,1,480,False
71,21,PT,PT,,standing,,,,38.5683,1,525,False
72,21,PT,PT,,standing,,,,29.633,1,510,False
73,21,CAR_0815,CAR,495,standing,,,,15.4853,1,510,False
74,21,CAR_0645,CAR,405,standing,,,,18.4371,1,420,True
75,21,CAR_0630,CAR,390,standing,,,,12.7875,4,420,True
76,21,CAR_0800,CAR,480,standing,,,,32.1538,1,495,False
77,21,CAR_0730,CAR,450,standing,,,,31.8108,1,465,False
78,21,CAR_0745,CAR,465,standing,,,,1.625,1,510,False
79,21,CAR_0900,CAR,540,standing,,,,21.9106,1,555,False
80,21,PT,PT,,rule,T4,"Chose to take PT over drive at 07:15: lowest total cost (NZ$30.69 vs NZ$30.95), mainly parking.",other;fee;disruption,30.6941,1,465,False
81,21,PT,PT,,standing,,,,35.9054,1,450,False
82,21,CAR_0900,CAR,540,standing,,,,24.5972,1,555,False
83,21,PT,PT,,standing,,,,35.1332,1,510,False
84,21,CAR_0930,CAR,570,standing,,,,21.8981,1,585,False
85,21,CAR_0630,CAR,390,standing,,,,13.3757,1,420,True
86,21,CAR_0800,CAR,480,standing,,,,2.9029,2,525,False
87,21,CAR_0830,CAR,510,standing,,,,11.4689,1,525,False
88,21,CAR_0715,CAR,435,standing,,,,20.1046,1,525,False
89,21,CAR_0715,CAR,435,standing,,,,17.6508,1,450,False
90,21,PT,PT,,rule,T4,"Chose to take PT over drive at 07:15: lowest total cost (NZ$29.15 vs NZ$32.54), mainly parking.",other;fee;disruption,29.1462,1,510,False
91,21,CAR_0645,CAR,405,standing,,,,11.6475,1,450,False
92,21,CAR_0745,CAR,465,standing,,,,2.6507,1,480,False
93,21,PT,PT,,standing,,,,38.9163,1,540,False
94,21,CAR_0800,CAR,480,standing,,,,28.2058,1,510,False
95,21,CAR_0645,CAR,405,standing,,,,1.9809,1,420,False
96,21,CAR_0915,CAR,555,standing,,,,14.6736,1,570,False
97,21,WFH,WFH,,standing,,,,39.5524,2,,False
98,21,CAR_0730,CAR,450,standing,,,,6.2843,2,480,False
99,21,CAR_0915,CAR,555,standing,,,,24.6083,1,555,False
100,21,CAR_0645,CAR,405,standing,,,,14.6936,1,420,False
101,21,CAR_0830,CAR,510,standing,,,,21.3952,1,525,False
102,21,CAR_0700,CAR,420,standing,,,,19.4044,1,435,False
103,21,WFH,WFH,,standing,,,,14.1295,3,,False
104,21,CAR_0830,CAR,510,standing,,,,16.7553,1,525,False
105,21,PT,PT,,standing,,,,29.0895,1,540,False
106,21,CAR_0830,CAR,510,standing,,,,19.4271,1,525,False
107,21,CAR_0700,CAR,420,standing,,,,32.0001,1,435,False
108,21,PT,PT,,standing,,,,35.3153,2,525,False
109,21,CAR_0700,CAR,420,standing,,,,20.0625,1,495,False
110,21,PT,PT,,rule,T4,"Chose to take PT over skip the trip: lowest total cost (NZ$32.52 vs NZ$39.13), mainly missing the day.",work_constraint;habit;disruption,32.515,1,555,False
111,21,CAR_0815,CAR,495,standing,,,,15.9161,1,510,False
112,21,CAR_0645,CAR,405,standing,,,,6.8691,1,420,False
113,21,CAR_0745,CAR,465,standing,,,,7.7469,1,480,False
114,21,WFH,WFH,,standing,,,,24.9812,7,,False
115,21,CAR_0845,CAR,525,standing,,,,14.4708,1,540,False
116,21,CAR_0800,CAR,480,standing,,,,17.0984,2,510,False
117,21,CAR_0745,CAR,465,standing,,,,16.6881,1,495,False
118,21,CAR_0900,CAR,540,standing,,,,16.8026,1,555,False
119,21,CAR_0830,CAR,510,standing,,,,14.034,1,525,False
120,21,CAR_0845,CAR,525,standing,,,,30.3469,1,555,False
121,21,PT,PT,,rule,T4,"Chose to take PT over drive at 07:15: lowest total cost (NZ$30.19 vs NZ$34.06), mainly parking.",other;fee;disruption,30.1943,1,465,False
122,21,CAR_0900,CAR,540,standing,,,,10.4028,1,555,False
123,21,PT,PT,,standing,,,,33.4356,1,435,False
124,21,CAR_0730,CAR,450,standing,,,,13.9429,1,465,False
125,21,WFH,WFH,,standing,,,,29.8302,2,,False
126,21,CAR_0845,CAR,525,standing,,,,14.5018,1,540,False
127,21,PT,PT,,rule,T4,"Chose to take PT over drive at 09:00: lowest total cost (NZ$37.56 vs NZ$41.19), mainly parking.",other;travel_time;disruption,37.5641,1,555,False
128,21,CAR_0715,CAR,435,standing,,,,9.1634,1,495,False
129,21,PT,PT,,standing,,,,29.6461,1,525,False
130,21,CAR_0800,CAR,480,standing,,,,22.1707,1,495,False
131,21,CAR_0630,CAR,390,standing,,,,12.1644,3,420,True
132,21,CAR_0815,CAR,495,standing,,,,15.6125,1,525,False
133,21,PT,PT,,standing,,,,34.6024,1,450,False
134,21,PT,PT,,standing,,,,30.676,1,555,False
135,21,CAR_0630,CAR,390,standing,,,,10.7969,1,420,True
136,21,PT,PT,,standing,,,,34.5433,1,540,False
137,21,PT,PT,,standing,,,,36.0983,2,465,False
138,21,CAR_0815,CAR,495,standing,,,,27.9586,1,510,False
139,21,CAR_0830,CAR,510,standing,,,,22.0988,2,540,False
140,21,WFH,WFH,,standing,,,,23.3061,3,,False
141,21,CAR_0645,CAR,405,standing,,,,17.2896,1,420,True
142,21,CAR_0800,CAR,480,standing,,,,18.301,1,510,False
143,21,PT,PT,,standing,,,,32.61,1,540,False
144,21,CAR_0700,CAR,420,standing,,,,19.0158,1,510,False
145,21,PT,PT,,standing,,,,31.3362,1,420,False
146,21,CAR_0645,CAR,405,standing,,,,8.6255,1,420,False
147,21,PT,PT,,standing,,,,31.171,1,525,False
148,21,PT,PT,,standing,,,,30.541,1,555,False
149,21,PT,PT,,standing,,,,37.0227,1,525,False
150,21,PT,PT,,standing,,,,34.2198,1,510,False
151,21,PT,PT,,rule,T4,"Chose to take PT over drive at 08:00: lowest total cost (NZ$40.92 vs NZ$44.41), mainly parking.",other;travel_time;disruption,40.9192,1,510,False
152,21,CAR_0715,CAR,435,standing,,,,28.5122,1,450,False
153,21,CAR_0715,CAR,435,standing,,,,30.1828,3,450,False
154,21,CAR_0830,CAR,510,standing,,,,25.8833,1,540,False
155,21,CAR_0830,CAR,510,standing,,,,27.6393,1,540,False
156,21,CAR_0815,CAR,495,standing,,,,7.9921,1,510,False
157,21,PT,PT,,rule,T4,"Chose to take PT over skip the trip: lowest total cost (NZ$31.28 vs NZ$36.18), mainly missing the day.",work_constraint;habit;disruption,31.2766,1,495,False
158,21,CAR_0730,CAR,450,standing,,,,1.4216,1,465,False
159,21,WFH,WFH,,standing,,,,16.5627,3,,False
160,21,CAR_0700,CAR,420,standing,,,,18.6397,1,450,False
161,21,PT,PT,,standing,,,,31.7909,1,555,False
162,21,CAR_0645,CAR,405,standing,,,,21.9221,2,420,True
163,21,CAR_0645,CAR,405,standing,,,,32.9087,7,420,True
164,21,CAR_0800,CAR,480,standing,,,,20.1519,1,495,False
165,21,CAR_0815,CAR,495,standing,,,,32.0189,1,510,False
166,21,CAR_0930,CAR,570,standing,,,,15.8136,1,585,False
167,21,CAR_0745,CAR,465,standing,,,,7.6975,3,510,False
168,21,CAR_0715,CAR,435,standing,,,,20.0848,1,480,False
169,21,CAR_0730,CAR,450,standing,,,,2.6151,1,465,False
170,21,WFH,WFH,,standing,,,,15.2247,4,,False
171,21,CAR_0715,CAR,435,standing,,,,3.0589,1,465,False
172,21,CAR_0645,CAR,405,standing,,,,8.3266,1,420,False
173,21,PT,PT,,rule,T4,"Chose to take PT over drive at 08:00: lowest total cost (NZ$29.90 vs NZ$33.51), mainly parking.",other;fee;disruption,29.9017,1,495,False
174,21,CAR_0915,CAR,555,standing,,,,21.3297,1,570,False
175,21,CAR_0900,CAR,540,standing,,,,31.6561,1,555,False
176,21,PT,PT,,standing,,,,29.2828,1,585,False
177,21,PT,PT,,standing,,,,33.9097,1,495,False
178,21,CAR_0745,CAR,465,standing,,,,3.7199,1,480,False
179,21,CAR_0700,CAR,420,standing,,,,15.1672,1,435,False
180,21,PT,PT,,rule,T4,"Chose to take PT over drive at 07:15: lowest total cost (NZ$30.46 vs NZ$35.16), mainly parking.",other;fee;disruption,30.4602,1,480,False
181,21,PT,PT,,rule,T4,"Chose to take PT over skip the trip: lowest total cost (NZ$30.61 vs NZ$36.02), mainly missing the day.",work_constraint;habit;disruption,30.6124,1,450,False
182,21,CAR_0700,CAR,420,standing,,,,2.1781,1,465,False
183,21,CAR_0900,CAR,540,standing,,,,22.1175,1,555,False
184,21,PT,PT,,standing,,,,36.5927,1,510,False
185,21,CAR_0630,CAR,390,standing,,,,2.8475,1,420,False
186,21,CAR_0630,CAR,390,standing,,,,2.032,1,420,False
187,21,CAR_0845,CAR,525,standing,,,,13.3191,1,540,False
188,21,CAR_0815,CAR,495,standing,,,,36.3354,1,525,False
189,21,PT,PT,,rule,T4,"Chose to take PT over skip the trip: lowest total cost (NZ$34.66 vs NZ$41.69), mainly missing the day.",work_constraint;habit;disruption,34.6608,1,495,False
190,21,WFH,WFH,,standing,,,,25.5988,2,,False
191,21,CAR_0715,CAR,435,standing,,,,27.0843,1,510,False
192,21,CAR_0630,CAR,390,standing,,,,23.3695,1,420,True
193,21,PT,PT,,standing,,,,29.7035,1,600,False
194,21,CAR_0630,CAR,390,standing,,,,11.9228,3,420,True
195,21,CAR_0645,CAR,405,standing,,,,8.0826,2,465,False
196,21,CAR_0700,CAR,420,standing,,,,0.9035,1,435,False
197,21,PT,PT,,standing,,,,29.5943,1,555,False
198,21,CAR_0645,CAR,405,standing,,,,7.7496,2,420,True
199,21,PT,PT,,standing,,,,32.7424,1,480,False
200,21,CAR_0845,CAR,525,standing,,,,15.1949,1,540,False
201,21,PT,PT,,standing,,,,30.6199,1,555,False
202,21,CAR_0930,CAR,570,standing,,,,29.1657,1,585,False
203,21,CAR_0715,CAR,435,standing,,,,20.3963,1,450,False
204,21,CAR_0845,CAR,525,standing,,,,20.1944,1,540,False
205,21,CAR_0715,CAR,435,standing,,,,13.8004,1,495,False
206,21,CAR_0700,CAR,420,standing,,,,30.4268,1,510,False
207,21,CAR_0630,CAR,390,standing,,,,0.9531,1,450,False
208,21,CAR_0845,CAR,525,standing,,,,16.9856,1,540,False
209,21,CAR_0700,CAR,420,standing,,,,1.4079,1,450,False
210,21,CAR_0630,CAR,390,standing,,,,1.9919,1,435,False
211,21,PT,PT,,standing,,,,33.3923,1,495,False
212,21,CAR_0630,CAR,390,standing,,,,25.4976,1,525,False
213,21,WFH,WFH,,standing,,,,36.9938,1,,False
214,21,PT,PT,,standing,,,,29.5958,1,555,False
215,21,CAR_0715,CAR,435,standing,,,,10.8528,1,465,False
216,21,CAR_0645,CAR,405,standing,,,,29.775,1,420,True
217,21,PT,PT,,standing,,,,32.3898,1,510,False
218,21,CAR_0815,CAR,495,standing,,,,24.3699,1,525,False
219,21,PT,PT,,rule,T4,"Chose to take PT over skip the trip: lowest total cost (NZ$30.37 vs NZ$35.43), mainly missing the day.",work_constraint;habit;disruption,30.3743,1,525,False
220,21,PT,PT,,standing,,,,33.8028,2,525,False
221,21,CAR_0715,CAR,435,standing,,,,26.7539,1,480,False
222,21,CAR_0730,CAR,450,standing,,,,24.1632,1,540,False
223,21,CAR_0915,CAR,555,standing,,,,34.6339,1,570,False
224,21,CAR_0730,CAR,450,standing,,,,24.6079,1,480,False
225,21,CAR_0830,CAR,510,rule,T3;T4,"Chose to drive at 08:30 over drive at 08:45: lowest total cost (NZ$26.41 vs NZ$27.87), mainly arrival time.",arrival_time;travel_time;disruption,26.4061,1,525,False
226,21,CAR_0745,CAR,465,standing,,,,14.4043,1,480,False
227,21,CAR_0845,CAR,525,standing,,,,15.1706,1,540,False
228,21,CAR_0715,CAR,435,standing,,,,5.8062,1,450,False
229,21,CAR_0900,CAR,540,standing,,,,3.5394,1,555,False
230,21,PT,PT,,standing,,,,32.0298,1,510,False
231,21,CAR_0830,CAR,510,standing,,,,16.3104,1,525,False
232,21,CAR_0830,CAR,510,standing,,,,20.8901,5,525,False
233,21,CAR_0715,CAR,435,standing,,,,11.5522,1,450,False
234,21,CAR_0930,CAR,570,standing,,,,27.3166,1,585,False
235,21,PT,PT,,standing,,,,31.2153,1,570,False
236,21,CAR_0715,CAR,435,standing,,,,20.9403,3,495,False
237,21,CAR_0915,CAR,555,standing,,,,25.0025,1,555,False
238,21,CAR_0900,CAR,540,standing,,,,13.9549,1,555,False
239,21,CAR_0730,CAR,450,standing,,,,8.3935,1,465,False
240,21,CAR_0915,CAR,555,standing,,,,14.5501,1,570,False
241,21,CAR_0730,CAR,450,standing,,,,21.3903,3,495,False
242,21,CAR_0715,CAR,435,standing,,,,10.5604,1,480,False
243,21,PT,PT,,rule,T4,"Chose to take PT over drive at 08:45: lowest total cost (NZ$30.13 vs NZ$35.57), mainly parking.",other;fee;disruption,30.1329,1,540,False
244,21,CAR_0715,CAR,435,standing,,,,22.5537,1,450,False
245,21,CAR_0915,CAR,555,standing,,,,21.0118,1,555,False
246,21,CAR_0700,CAR,420,standing,,,,23.8601,2,435,False
247,21,PT,PT,,rule,T4,"Chose to take PT over drive at 09:15: lowest total cost (NZ$31.12 vs NZ$33.49), mainly fuel.",other;fee;disruption,31.1216,1,570,False
248,21,PT,PT,,standing,,,,31.6977,1,540,False
249,21,CAR_0815,CAR,495,rule,T4,"Chose to drive at 08:15 over take PT: lowest total cost (NZ$29.55 vs NZ$30.36), mainly the PT trip.",pt;habit;disruption,29.5467,1,510,False
250,21,CAR_0645,CAR,405,standing,,,,27.7632,5,420,True
251,21,CAR_0715,CAR,435,standing,,,,20.7453,1,480,False
252,21,PT,PT,,standing,,,,31.687,1,525,False
253,21,CAR_0715,CAR,435,standing,,,,10.7401,3,435,False
254,21,CAR_0830,CAR,510,standing,,,,31.7906,1,525,False
255,21,CAR_0800,CAR,480,standing,,,,27.2512,1,495,False
256,21,CAR_0630,CAR,390,standing,,,,32.4811,1,420,False
257,21,PT,PT,,standing,,,,29.4473,1,450,False
258,21,PT,PT,,standing,,,,29.7633,1,525,False
259,21,CAR_0645,CAR,405,standing,,,,24.7944,6,420,True
260,21,CAR_0615,CAR,375,standing,,,,20.7324,1,420,True
261,21,WFH,WFH,,standing,,,,23.1202,4,,False
262,21,PT,PT,,standing,,,,30.4879,2,570,False
263,21,CAR_0630,CAR,390,standing,,,,11.6655,1,420,False
264,21,CAR_0715,CAR,435,standing,,,,2.8123,1,465,False
265,21,PT,PT,,standing,,,,30.8923,1,525,False
266,21,CAR_0630,CAR,390,standing,,,,18.2888,1,420,True
267,21,CAR_0900,CAR,540,rule,T4,"Chose to drive at 09:00 over drive at 08:45: lowest total cost (NZ$32.17 vs NZ$32.96), mainly the charge.",fee;arrival_time;disruption,32.1653,1,555,False
268,21,PT,PT,,standing,,,,28.7778,1,495,False
269,21,CAR_0700,CAR,420,standing,,,,3.8338,1,435,False
270,21,PT,PT,,standing,,,,28.5785,1,465,False
271,21,PT,PT,,rule,T4,"Chose to take PT over drive at 09:00: lowest total cost (NZ$33.46 vs NZ$35.70), mainly fuel.",other;fee;disruption,33.4601,1,555,False
272,21,CAR_0930,CAR,570,rule,T4,"Chose to drive at 09:30 over drive at 09:45: lowest total cost (NZ$30.33 vs NZ$29.64), mainly travel time.",travel_time;disruption,30.3326,3,600,False
273,21,PT,PT,,rule,T4,"Chose to take PT over drive at 09:00: lowest total cost (NZ$33.36 vs NZ$37.64), mainly parking.",other;fee;disruption,33.3596,1,555,False
274,21,CAR_0700,CAR,420,standing,,,,12.7151,1,435,False
275,21,CAR_0815,CAR,495,standing,,,,13.8403,1,510,False
276,21,CAR_0645,CAR,405,standing,,,,41.3038,2,420,True
277,21,WFH,WFH,,standing,,,,19.9404,4,,False
278,21,PT,PT,,standing,,,,32.5009,1,525,False
279,21,CAR_0700,CAR,420,standing,,,,20.1717,1,450,False
280,21,CAR_0700,CAR,420,standing,,,,3.8366,1,435,False
281,21,WFH,WFH,,standing,,,,29.3513,1,,False
282,21,CAR_0730,CAR,450,standing,,,,4.6341,1,465,False
283,21,CAR_0745,CAR,465,standing,,,,4.0274,2,495,False
284,21,PT,PT,,standing,,,,34.3552,1,525,False
285,21,CAR_0645,CAR,405,standing,,,,33.395,1,420,True
286,21,CAR_0715,CAR,435,standing,,,,13.4912,2,480,False
287,21,CAR_0630,CAR,390,standing,,,,8.6042,1,420,False
288,21,CAR_0900,CAR,540,standing,,,,31.7484,1,555,False
289,21,CAR_0645,CAR,405,standing,,,,20.1189,5,420,True
290,21,PT,PT,,rule,T4,"Chose to take PT over drive at 08:30: lowest total cost (NZ$38.00 vs NZ$43.03), mainly parking.",other;travel_time;disruption,37.9976,1,525,False
291,21,CAR_0830,CAR,510,standing,,,,19.4989,1,525,False
292,21,PT,PT,,standing,,,,40.7859,2,510,False
293,21,PT,PT,,rule,T4,"Chose to take PT over drive at 08:15: lowest total cost (NZ$33.69 vs NZ$35.56), mainly parking.",other;fee;disruption,33.6909,1,510,False
294,21,PT,PT,,rule,T4,"Chose to take PT over drive at 08:30: lowest total cost (NZ$39.57 vs NZ$49.95), mainly parking.",other;travel_time;disruption,39.5741,1,525,False
295,21,CAR_0715,CAR,435,standing,,,,15.73,1,450,False
296,21,PT,PT,,standing,,,,43.1146,1,495,False
297,21,PT,PT,,rule,T4;T6,"Chose to take PT over skip the trip: lowest total cost (NZ$37.06 vs NZ$44.06), mainly missing the day.",work_constraint;habit;disruption,37.0599,1,465,False
298,21,CAR_0715,CAR,435,standing,,,,8.2289,1,465,False
299,21,CAR_0715,CAR,435,standing,,,,21.2858,1,510,False
0,22,PT,PT,,standing,,,,28.5785,1,465,False
1,22,PT,PT,,standing,,,,32.9601,1,555,False
2,22,CAR_0930,CAR,570,standing,,,,29.8925,1,600,False
3,22,PT,PT,,standing,,,,32.8596,1,555,False
4,22,CAR_0700,CAR,420,standing,,,,12.6172,1,435,False
5,22,CAR_0815,CAR,495,standing,,,,13.6576,1,510,False
6,22,CAR_0645,CAR,405,standing,,,,39.7962,2,420,True
7,22,WFH,WFH,,standing,,,,19.9404,4,,False
8,22,PT,PT,,standing,,,,32.5009,1,525,False
9,22,CAR_0700,CAR,420,standing,,,,20.1517,1,450,False
10,22,CAR_0700,CAR,420,standing,,,,2.9071,1,435,False
11,22,CAR_0645,CAR,405,standing,,,,29.6179,1,420,True
12,22,CAR_0730,CAR,450,standing,,,,3.2162,1,465,False
13,22,CAR_0800,CAR,480,standing,,,,2.6441,1,495,False
14,22,PT,PT,,standing,,,,34.3552,1,525,False
15,22,CAR_0845,CAR,525,standing,,,,32.361,1,540,False
16,22,CAR_0715,CAR,435,standing,,,,12.8953,1,480,False
17,22,CAR_0630,CAR,390,standing,,,,8.1388,1,420,False
18,22,CAR_0900,CAR,540,standing,,,,31.6346,1,555,False
19,22,CAR_0645,CAR,405,standing,,,,19.0073,2,420,True
20,22,PT,PT,,standing,,,,37.4976,1,525,False
21,22,CAR_0830,CAR,510,standing,,,,18.0514,1,525,False
22,22,PT,PT,,standing,,,,40.7859,2,510,False
23,22,PT,PT,,standing,,,,33.1909,1,510,False
24,22,PT,PT,,standing,,,,39.0741,1,525,False
25,22,CAR_0715,CAR,435,standing,,,,14.8042,1,450,False
26,22,PT,PT,,standing,,,,43.1146,1,495,False
27,22,PT,PT,,standing,,,,37.0599,1,465,False
28,22,CAR_0715,CAR,435,standing,,,,7.7711,1,465,False
29,22,CAR_0715,CAR,435,standing,,,,21.0748,1,510,False
30,22,PT,PT,,standing,,,,30.908,1,540,False
31,22,PT,PT,,standing,,,,36.8629,1,450,False
32,22,CAR_0645,CAR,405,standing,,,,17.1873,1,420,True
33,22,CAR_0745,CAR,465,standing,,,,31.458,1,480,False
34,22,CAR_0700,CAR,420,standing,,,,13.4165,1,435,False
35,22,PT,PT,,standing,,,,34.3412,1,495,False
36,22,CAR_0730,CAR,450,standing,,,,5.3033,1,480,False
37,22,CAR_0915,CAR,555,standing,,,,8.8109,1,555,False
38,22,CAR_0700,CAR,420,standing,,,,22.169,1,435,False
39,22,CAR_0715,CAR,435,standing,,,,24.0437,1,465,False
40,22,CAR_0730,CAR,450,standing,,,,22.4285,1,480,False
41,22,CAR_0715,CAR,435,standing,,,,5.1212,3,480,False
42,22,WFH,WFH,,standing,,,,15.1527,2,,False
43,22,CAR_0715,CAR,435,standing,,,,14.1185,1,510,False
44,22,PT,PT,,standing,,,,32.4681,1,495,False
45,22,CAR_0700,CAR,420,standing,,,,1.3289,1,435,False
46,22,CAR_0730,CAR,450,standing,,,,17.0534,1,495,False
47,22,PT,PT,,standing,,,,37.1948,2,480,False
48,22,CAR_0700,CAR,420,standing,,,,23.7223,1,450,False
49,22,CAR_0715,CAR,435,standing,,,,14.514,1,525,False
50,22,CAR_0745,CAR,465,standing,,,,15.9761,1,480,False
51,22,CAR_0845,CAR,525,standing,,,,11.2753,1,540,False
52,22,CAR_0730,CAR,450,standing,,,,9.8454,1,495,False
53,22,WFH,WFH,,standing,,,,24.459,2,,False
54,22,CAR_0745,CAR,465,standing,,,,3.0057,1,480,False
55,22,CAR_0700,CAR,420,standing,,,,17.7437,1,435,False
56,22,CAR_0815,CAR,495,standing,,,,3.544,1,510,False
57,22,CAR_0830,CAR,510,standing,,,,16.1265,1,525,False
58,22,WFH,WFH,,standing,,,,27.2916,5,,False
59,22,CAR_0830,CAR,510,standing,,,,3.7374,1,525,False
60,22,CAR_0730,CAR,450,standing,,,,5.3231,3,495,False
61,22,CAR_0830,CAR,510,standing,,,,15.9438,1,525,False
62,22,CAR_0815,CAR,495,standing,,,,9.1737,1,525,False
63,22,CAR_0830,CAR,510,standing,,,,31.4507,1,525,False
64,22,CAR_0700,CAR,420,standing,,,,27.6168,1,510,False
65,22,CAR_0630,CAR,390,standing,,,,28.0104,1,420,True
66,22,CAR_0730,CAR,450,standing,,,,7.9293,1,465,False
67,22,CAR_0830,CAR,510,standing,,,,4.558,1,525,False
68,22,WFH,WFH,,standing,,,,12.4707,6,,False
69,22,PT,PT,,standing,,,,38.0955,1,555,False
70,22,PT,PT,,standing,,,,32.3454,1,480,False
71,22,PT,PT,,standing,,,,38.5683,1,525,False
72,22,PT,PT,,standing,,,,29.633,1,510,False
73,22,CAR_0815,CAR,495,standing,,,,15.4563,1,510,False
74,22,CAR_0645,CAR,405,standing,,,,18.4216,1,420,True
75,22,CAR_0630,CAR,390,standing,,,,12.7705,4,420,True
76,22,CAR_0800,CAR,480,standing,,,,31.7086,1,495,False
77,22,CAR_0730,CAR,450,standing,,,,31.5023,1,465,False
78,22,CAR_0745,CAR,465,standing,,,,1.6229,1,510,False
79,22,CAR_0900,CAR,540,standing,,,,21.8873,1,555,False
80,22,PT,PT,,standing,,,,30.1941,1,465,False
81,22,PT,PT,,standing,,,,35.9054,1,450,False
82,22,CAR_0900,CAR,540,standing,,,,24.5738,1,555,False
83,22,PT,PT,,standing,,,,35.1332,1,510,False
84,22,CAR_0930,CAR,570,standing,,,,21.8809,1,585,False
85,22,CAR_0630,CAR,390,standing,,,,13.3584,1,420,True
86,22,CAR_0800,CAR,480,standing,,,,2.9025,2,525,False
87,22,CAR_0830,CAR,510,standing,,,,11.439,1,525,False
88,22,CAR_0715,CAR,435,standing,,,,20.0782,1,525,False
89,22,CAR_0715,CAR,435,standing,,,,17.6338,1,450,False
90,22,PT,PT,,standing,,,,29.1462,1,510,False
91,22,CAR_0645,CAR,405,standing,,,,11.632,1,450,False
92,22,CAR_0745,CAR,465,standing,,,,2.6511,1,480,False
93,22,PT,PT,,standing,,,,38.9163,1,540,False
94,22,CAR_0800,CAR,480,standing,,,,28.1528,1,510,False
95,22,CAR_0645,CAR,405,standing,,,,1.9815,1,420,False
96,22,CAR_0915,CAR,555,standing,,,,14.655,1,570,False
97,22,WFH,WFH,,standing,,,,39.5524,3,,False
98,22,CAR_0730,CAR,450,standing,,,,6.2782,2,480,False
99,22,CAR_0915,CAR,555,standing,,,,24.5885,1,555,False
100,22,CAR_0645,CAR,405,standing,,,,14.6731,1,420,False
101,22,CAR_0830,CAR,510,standing,,,,21.3707,1,525,False
102,22,CAR_0700,CAR,420,standing,,,,19.3874,1,435,False
103,22,WFH,WFH,,standing,,,,14.1295,3,,False
104,22,CAR_0830,CAR,510,standing,,,,16.7291,1,525,False
105,22,PT,PT,,standing,,,,29.0895,1,540,False
106,22,CAR_0830,CAR,510,standing,,,,19.4062,1,525,False
107,22,CAR_0700,CAR,420,standing,,,,31.983,1,435,False
108,22,PT,PT,,standing,,,,35.3153,2,525,False
109,22,CAR_0700,CAR,420,standing,,,,20.042,1,495,False
110,22,PT,PT,,standing,,,,32.515,1,555,False
111,22,CAR_0815,CAR,495,standing,,,,15.8482,1,510,False
112,22,CAR_0645,CAR,405,standing,,,,6.8514,1,420,False
113,22,CAR_0745,CAR,465,standing,,,,7.7474,1,480,False
114,22,WFH,WFH,,standing,,,,24.9812,7,,False
115,22,CAR_0845,CAR,525,standing,,,,14.4472,1,540,False
116,22,CAR_0800,CAR,480,standing,,,,17.0748,2,510,False
117,22,CAR_0745,CAR,465,standing,,,,16.6656,1,495,False
118,22,CAR_0900,CAR,540,standing,,,,16.7803,1,555,False
119,22,CAR_0830,CAR,510,standing,,,,13.9669,1,525,False
120,22,CAR_0845,CAR,525,standing,,,,30.3402,1,555,False
121,22,PT,PT,,standing,,,,30.1943,1,465,False
122,22,CAR_0900,CAR,540,standing,,,,10.3415,1,555,False
123,22,PT,PT,,standing,,,,33.4356,1,435,False
124,22,CAR_0730,CAR,450,standing,,,,13.9254,1,465,False
125,22,WFH,WFH,,standing,,,,29.8302,2,,False
126,22,CAR_0845,CAR,525,rule,T5,"Chose to drive at 08:45 over drive at 06:45 for the early start: lowest total cost (NZ$13.79 vs NZ$15.68), mainly arrival time.",arrival_time;habit,13.7865,1,540,False
127,22,PT,PT,,standing,,,,37.0641,1,555,False
128,22,CAR_0715,CAR,435,standing,,,,9.1458,1,495,False
129,22,PT,PT,,standing,,,,29.6461,1,525,False
130,22,CAR_0800,CAR,480,standing,,,,21.8895,1,495,False
131,22,CAR_0630,CAR,390,standing,,,,12.1578,3,420,True
132,22,CAR_0815,CAR,495,standing,,,,15.5878,1,525,False
133,22,PT,PT,,standing,,,,34.6024,1,450,False
134,22,PT,PT,,standing,,,,30.676,1,555,False
135,22,CAR_0630,CAR,390,standing,,,,10.7799,1,420,True
136,22,PT,PT,,standing,,,,34.5433,1,540,False
137,22,PT,PT,,standing,,,,36.0983,2,465,False
138,22,CAR_0815,CAR,495,standing,,,,27.9329,1,510,False
139,22,CAR_0830,CAR,510,standing,,,,21.8704,2,540,False
140,22,WFH,WFH,,standing,,,,23.3061,4,,False
141,22,CAR_0645,CAR,405,standing,,,,17.2721,1,420,True
142,22,CAR_0800,CAR,480,standing,,,,18.2756,1,510,False
143,22,PT,PT,,standing,,,,32.61,2,540,False
144,22,CAR_0700,CAR,420,standing,,,,18.9982,1,510,False
145,22,PT,PT,,standing,,,,31.3362,1,420,False
146,22,CAR_0645,CAR,405,standing,,,,8.622,1,420,False
147,22,PT,PT,,standing,,,,31.171,1,525,False
148,22,PT,PT,,standing,,,,30.541,1,555,False
149,22,PT,PT,,standing,,,,37.0227,1,525,False
150,22,PT,PT,,standing,,,,34.2198,2,510,False
151,22,PT,PT,,standing,,,,40.4192,1,510,False
152,22,CAR_0715,CAR,435,standing,,,,28.4952,1,450,False
153,22,CAR_0715,CAR,435,standing,,,,30.1595,3,450,False
154,22,CAR_0830,CAR,510,standing,,,,25.8578,1,540,False
155,22,CAR_0830,CAR,510,rule,T5,"Chose to drive at 08:30 over drive at 08:45: lowest total cost (NZ$26.96 vs NZ$28.40), mainly changing routine.",habit;arrival_time,26.9596,1,540,False
156,22,CAR_0815,CAR,495,standing,,,,7.2164,1,510,False
157,22,PT,PT,,standing,,,,31.2766,1,495,False
158,22,CAR_0730,CAR,450,standing,,,,1.2937,1,465,False
159,22,WFH,WFH,,standing,,,,16.5627,3,,False
160,22,CAR_0700,CAR,420,standing,,,,18.6195,1,450,False
161,22,PT,PT,,standing,,,,31.7909,1,555,False
162,22,CAR_0645,CAR,405,standing,,,,21.8953,2,420,True
163,22,CAR_0645,CAR,405,standing,,,,32.877,7,420,True
164,22,CAR_0800,CAR,480,standing,,,,19.7155,1,495,False
165,22,CAR_0815,CAR,495,standing,,,,31.9911,1,510,False
166,22,CAR_0930,CAR,570,standing,,,,15.7967,1,585,False
167,22,CAR_0745,CAR,465,standing,,,,7.6975,3,510,False
168,22,CAR_0715,CAR,435,standing,,,,20.0492,1,480,False
169,22,CAR_0730,CAR,450,standing,,,,2.145,1,465,False
170,22,WFH,WFH,,standing,,,,15.2247,5,,False
171,22,CAR_0715,CAR,435,standing,,,,3.0143,1,465,False
172,22,CAR_0645,CAR,405,standing,,,,8.309,1,420,False
173,22,PT,PT,,standing,,,,29.9017,1,495,False
174,22,CAR_0915,CAR,555,standing,,,,21.3123,1,570,False
175,22,CAR_0900,CAR,540,standing,,,,31.633,1,555,False
176,22,PT,PT,,standing,,,,29.2828,1,585,False
177,22,PT,PT,,standing,,,,33.9097,1,495,False
178,22,CAR_0745,CAR,465,standing,,,,3.7206,1,480,False
179,22,CAR_0700,CAR,420,standing,,,,15.1494,1,435,False
180,22,PT,PT,,standing,,,,30.4602,1,480,False
181,22,PT,PT,,standing,,,,30.6124,1,450,False
182,22,CAR_0700,CAR,420,standing,,,,2.178,1,465,False
183,22,CAR_0900,CAR,540,standing,,,,22.096,1,555,False
184,22,PT,PT,,standing,,,,36.5927,1,510,False
185,22,CAR_0630,CAR,390,standing,,,,2.8475,1,420,False
186,22,CAR_0630,CAR,390,standing,,,,2.0313,1,420,False
187,22,CAR_0845,CAR,525,standing,,,,13.2947,1,540,False
188,22,CAR_0815,CAR,495,standing,,,,36.3019,1,525,False
189,22,PT,PT,,standing,,,,34.6608,1,495,False
190,22,WFH,WFH,,standing,,,,25.5988,3,,False
191,22,CAR_0715,CAR,435,standing,,,,27.0577,1,510,False
192,22,CAR_0630,CAR,390,standing,,,,23.3544,1,420,True
193,22,PT,PT,,standing,,,,29.7035,1,600,False
194,22,CAR_0630,CAR,390,standing,,,,11.9225,3,420,True
195,22,CAR_0645,CAR,405,standing,,,,8.0661,2,465,False
196,22,CAR_0700,CAR,420,standing,,,,0.9035,1,435,False
197,22,PT,PT,,standing,,,,29.5943,1,555,False
198,22,CAR_0645,CAR,405,standing,,,,7.7495,2,420,True
199,22,PT,PT,,standing,,,,32.7424,1,480,False
200,22,CAR_0845,CAR,525,standing,,,,15.1694,1,540,False
201,22,PT,PT,,standing,,,,30.6199,1,555,False
202,22,CAR_0930,CAR,570,standing,,,,29.1488,1,585,False
203,22,CAR_0715,CAR,435,standing,,,,20.0757,1,450,False
204,22,CAR_0845,CAR,525,standing,,,,20.1689,1,540,False
205,22,CAR_0715,CAR,435,standing,,,,13.7817,1,495,False
206,22,CAR_0700,CAR,420,standing,,,,30.4097,1,510,False
207,22,CAR_0630,CAR,390,standing,,,,0.9531,1,450,False
208,22,CAR_0845,CAR,525,standing,,,,16.96,1,540,False
209,22,CAR_0700,CAR,420,standing,,,,1.4069,1,450,False
210,22,CAR_0630,CAR,390,standing,,,,1.9918,1,435,False
211,22,PT,PT,,standing,,,,33.3923,1,495,False
212,22,CAR_0630,CAR,390,standing,,,,25.4809,1,525,False
213,22,WFH,WFH,,standing,,,,36.9938,1,,False
214,22,PT,PT,,standing,,,,29.5958,1,555,False
215,22,CAR_0715,CAR,435,standing,,,,10.8251,1,465,False
216,22,CAR_0645,CAR,405,standing,,,,29.7568,1,420,True
217,22,PT,PT,,standing,,,,32.3898,1,510,False
218,22,CAR_0815,CAR,495,standing,,,,24.3369,1,525,False
219,22,PT,PT,,standing,,,,30.3743,1,525,False
220,22,PT,PT,,standing,,,,33.8028,2,525,False
221,22,CAR_0715,CAR,435,standing,,,,26.7332,1,480,False
222,22,CAR_0730,CAR,450,standing,,,,23.7768,1,540,False
223,22,CAR_0915,CAR,555,standing,,,,34.6158,1,570,False
224,22,CAR_0730,CAR,450,standing,,,,24.331,1,480,False
225,22,CAR_0845,CAR,525,rule,T5,"Chose to drive at 08:45 over drive at 08:30: lowest total cost (NZ$26.98 vs NZ$25.83), mainly overall cost.",other,26.9816,2,525,False
226,22,CAR_0745,CAR,465,standing,,,,14.3799,1,480,False
227,22,CAR_0830,CAR,510,rule,T5,"Chose to drive at 08:30 over drive at 08:45: lowest total cost (NZ$15.86 vs NZ$14.54), mainly travel time.",travel_time,15.8639,3,540,False
228,22,CAR_0715,CAR,435,standing,,,,5.789,1,450,False
229,22,CAR_0900,CAR,540,standing,,,,3.536,1,555,False
230,22,PT,PT,,standing,,,,32.0298,1,510,False
231,22,CAR_0830,CAR,510,standing,,,,16.239,1,525,False
232,22,CAR_0830,CAR,510,standing,,,,10.5586,1,525,False
233,22,CAR_0715,CAR,435,standing,,,,11.532,1,450,False
234,22,CAR_0930,CAR,570,standing,,,,27.7439,1,585,False
235,22,PT,PT,,standing,,,,31.2153,1,570,False
236,22,CAR_0715,CAR,435,standing,,,,20.9183,3,495,False
237,22,CAR_0915,CAR,555,standing,,,,24.9664,1,555,False
238,22,CAR_0900,CAR,540,standing,,,,13.932,1,555,False
239,22,CAR_0730,CAR,450,standing,,,,8.3712,1,465,False
240,22,CAR_0915,CAR,555,standing,,,,14.5309,1,570,False
241,22,CAR_0730,CAR,450,standing,,,,21.3708,3,495,False
242,22,CAR_0715,CAR,435,standing,,,,10.5436,1,480,False
243,22,PT,PT,,standing,,,,30.1329,1,540,False
244,22,CAR_0715,CAR,435,standing,,,,21.7539,1,450,False
245,22,CAR_0915,CAR,555,standing,,,,20.9949,1,555,False
246,22,CAR_0700,CAR,420,standing,,,,23.8382,2,435,False
247,22,PT,PT,,standing,,,,30.6216,1,570,False
248,22,PT,PT,,standing,,,,31.6977,1,540,False
249,22,CAR_0815,CAR,495,standing,,,,29.5068,1,510,False
250,22,CAR_0645,CAR,405,standing,,,,27.7457,6,420,True
251,22,CAR_0715,CAR,435,standing,,,,20.7236,1,480,False
252,22,PT,PT,,standing,,,,31.687,1,525,False
253,22,CAR_0715,CAR,435,standing,,,,10.7221,3,435,False
254,22,CAR_0830,CAR,510,standing,,,,31.7658,1,525,False
255,22,CAR_0800,CAR,480,standing,,,,27.2258,1,495,False
256,22,CAR_0630,CAR,390,standing,,,,32.4642,1,420,False
257,22,PT,PT,,standing,,,,29.4473,1,450,False
258,22,PT,PT,,standing,,,,29.7633,1,525,False
259,22,CAR_0645,CAR,405,standing,,,,24.7797,6,420,True
260,22,CAR_0615,CAR,375,standing,,,,20.7153,1,420,True
261,22,WFH,WFH,,standing,,,,23.1202,4,,False
262,22,PT,PT,,standing,,,,30.4879,2,570,False
263,22,CAR_0630,CAR,390,standing,,,,11.6485,1,420,False
264,22,CAR_0715,CAR,435,standing,,,,2.81,1,465,False
265,22,PT,PT,,standing,,,,30.8923,1,525,False
266,22,CAR_0630,CAR,390,standing,,,,18.2712,1,420,True
267,22,CAR_0900,CAR,540,standing,,,,31.136,1,555,False
268,22,PT,PT,,standing,,,,28.7778,1,495,False
269,22,CAR_0700,CAR,420,standing,,,,3.834,1,435,False
270,22,PT,PT,,standing,,,,28.5785,1,465,False
271,22,PT,PT,,standing,,,,32.9601,1,555,False
272,22,CAR_0930,CAR,570,standing,,,,29.9581,1,600,False
273,22,PT,PT,,standing,,,,32.8596,1,555,False
274,22,CAR_0700,CAR,420,standing,,,,12.6983,1,435,False
275,22,CAR_0815,CAR,495,standing,,,,13.8153,1,510,False
276,22,CAR_0645,CAR,405,standing,,,,41.2795,2,420,True
277,22,WFH,WFH,,standing,,,,19.9404,4,,False
278,22,PT,PT,,standing,,,,32.5009,1,525,False
279,22,CAR_0700,CAR,420,standing,,,,20.1478,1,450,False
280,22,CAR_0700,CAR,420,standing,,,,3.8366,1,435,False
281,22,WFH,WFH,,standing,,,,29.3513,1,,False
282,22,CAR_0730,CAR,450,standing,,,,4.6374,1,465,False
283,22,CAR_0745,CAR,465,standing,,,,4.0262,2,495,False
284,22,PT,PT,,standing,,,,34.3552,1,525,False
285,22,CAR_0645,CAR,405,standing,,,,33.3777,1,420,True
286,22,CAR_0715,CAR,435,standing,,,,13.4497,2,480,False
287,22,CAR_0630,CAR,390,standing,,,,8.6109,1,420,False
288,22,CAR_0900,CAR,540,standing,,,,31.7267,1,555,False
289,22,CAR_0645,CAR,405,standing,,,,20.0988,5,420,True
290,22,PT,PT,,standing,,,,37.4976,1,525,False
291,22,CAR_0830,CAR,510,standing,,,,19.4744,1,525,False
292,22,PT,PT,,standing,,,,40.7859,2,510,False
293,22,PT,PT,,standing,,,,33.1909,1,510,False
294,22,PT,PT,,standing,,,,39.0741,1,525,False
295,22,CAR_0715,CAR,435,standing,,,,15.7127,1,450,False
296,22,PT,PT,,standing,,,,43.1146,1,495,False
297,22,PT,PT,,standing,,,,37.0599,1,465,False
298,22,CAR_0715,CAR,435,standing,,,,7.8947,1,465,False
299,22,CAR_0715,CAR,435,standing,,,,21.2647,1,510,False
0,23,PT,PT,,standing,,,,28.5785,1,465,False
1,23,PT,PT,,standing,,,,32.9601,1,555,False
2,23,CAR_0930,CAR,570,standing,,,,29.8825,1,600,False
3,23,PT,PT,,standing,,,,32.8596,1,555,False
4,23,CAR_0700,CAR,420,standing,,,,12.6053,1,435,False
5,23,CAR_0815,CAR,495,standing,,,,13.6389,1,510,False
6,23,CAR_0645,CAR,405,standing,,,,39.7824,2,420,True
7,23,WFH,WFH,,standing,,,,19.9404,4,,False
8,23,PT,PT,,standing,,,,32.5009,1,525,False
9,23,CAR_0700,CAR,420,standing,,,,20.1395,1,450,False
10,23,CAR_0700,CAR,420,standing,,,,2.9071,1,435,False
11,23,CAR_0645,CAR,405,standing,,,,29.6067,1,420,True
12,23,CAR_0730,CAR,450,standing,,,,3.2128,1,465,False
13,23,CAR_0800,CAR,480,standing,,,,2.6443,1,495,False
14,23,PT,PT,,standing,,,,34.3552,1,525,False
15,23,CAR_0845,CAR,525,standing,,,,32.343,1,540,False
16,23,CAR_0715,CAR,435,standing,,,,12.8716,1,480,False
17,23,CAR_0630,CAR,390,standing,,,,8.1382,1,420,False
18,23,CAR_0900,CAR,540,standing,,,,31.6187,1,555,False
19,23,CAR_0645,CAR,405,standing,,,,18.9928,2,420,True
20,23,PT,PT,,standing,,,,37.4976,1,525,False
21,23,CAR_0830,CAR,510,standing,,,,18.0323,1,525,False
22,23,PT,PT,,standing,,,,40.7859,2,510,False
23,23,PT,PT,,standing,,,,33.1909,1,510,False
24,23,PT,PT,,standing,,,,39.0741,1,525,False
25,23,CAR_0715,CAR,435,standing,,,,14.7923,1,450,False
26,23,PT,PT,,standing,,,,43.1146,1,495,False
27,23,PT,PT,,standing,,,,37.0599,1,465,False
28,23,CAR_0715,CAR,435,standing,,,,7.7749,1,465,False
29,23,CAR_0715,CAR,435,standing,,,,21.0588,1,510,False
30,23,PT,PT,,standing,,,,30.908,1,540,False
31,23,PT,PT,,standing,,,,36.8629,1,450,False
32,23,CAR_0645,CAR,405,standing,,,,17.1755,1,420,True
33,23,CAR_0745,CAR,465,standing,,,,31.4422,1,480,False
34,23,CAR_0700,CAR,420,standing,,,,13.4042,1,435,False
35,23,PT,PT,,standing,,,,34.3412,1,495,False
36,23,CAR_0730,CAR,450,standing,,,,5.3087,1,480,False
37,23,CAR_0915,CAR,555,standing,,,,8.7455,1,555,False
38,23,CAR_0700,CAR,420,standing,,,,22.1571,1,435,False
39,23,CAR_0715,CAR,435,standing,,,,24.0253,1,465,False
40,23,CAR_0730,CAR,450,standing,,,,22.4135,1,480,False
41,23,CAR_0715,CAR,435,standing,,,,5.1168,3,480,False
42,23,WFH,WFH,,standing,,,,15.1527,2,,False
43,23,CAR_0715,CAR,435,standing,,,,14.1066,1,510,False
44,23,PT,PT,,standing,,,,32.4681,1,495,False
45,23,CAR_0700,CAR,420,standing,,,,1.3757,1,435,False
46,23,CAR_0730,CAR,450,standing,,,,17.0402,1,495,False
47,23,PT,PT,,standing,,,,37.1948,2,480,False
48,23,CAR_0700,CAR,420,standing,,,,23.7105,1,450,False
49,23,CAR_0715,CAR,435,standing,,,,14.5021,1,525,False
50,23,CAR_0745,CAR,465,standing,,,,15.9599,1,480,False
51,23,CAR_0845,CAR,525,standing,,,,11.2575,1,540,False
52,23,CAR_0730,CAR,450,standing,,,,9.832,1,495,False
53,23,WFH,WFH,,standing,,,,24.459,2,,False
54,23,CAR_0745,CAR,465,standing,,,,3.0039,1,480,False
55,23,CAR_0700,CAR,420,standing,,,,17.7315,1,435,False
56,23,CAR_0815,CAR,495,standing,,,,3.5435,1,510,False
57,23,CAR_0830,CAR,510,standing,,,,16.1083,1,525,False
58,23,WFH,WFH,,standing,,,,27.2916,5,,False
59,23,CAR_0830,CAR,510,standing,,,,3.7368,1,525,False
60,23,CAR_0730,CAR,450,standing,,,,5.3302,3,495,False
61,23,CAR_0830,CAR,510,standing,,,,15.9225,1,525,False
62,23,CAR_0815,CAR,495,standing,,,,9.1737,1,525,False
63,23,CAR_0830,CAR,510,standing,,,,31.4328,1,525,False
64,23,CAR_0700,CAR,420,standing,,,,27.6049,1,510,False
65,23,CAR_0630,CAR,390,standing,,,,27.9988,1,420,True
66,23,CAR_0730,CAR,450,standing,,,,7.914,1,465,False
67,23,CAR_0830,CAR,510,standing,,,,4.5592,1,525,False
68,23,WFH,WFH,,standing,,,,12.4707,6,,False
69,23,PT,PT,,standing,,,,38.0955,1,555,False
70,23,PT,PT,,standing,,,,32.3454,1,480,False
71,23,PT,PT,,standing,,,,38.5683,1,525,False
72,23,PT,PT,,standing,,,,29.633,1,510,False
73,23,CAR_0815,CAR,495,standing,,,,15.436,1,510,False
74,23,CAR_0645,CAR,405,standing,,,,18.4108,1,420,True
75,23,CAR_0630,CAR,390,standing,,,,12.7587,4,420,True
76,23,CAR_0800,CAR,480,standing,,,,31.6924,1,495,False
77,23,CAR_0730,CAR,450,standing,,,,31.5076,1,465,False
78,23,CAR_0745,CAR,465,standing,,,,1.6229,1,510,False
79,23,CAR_0900,CAR,540,standing,,,,21.871,1,555,False
80,23,PT,PT,,standing,,,,30.1941,1,465,False
81,23,PT,PT,,standing,,,,35.9054,1,450,False
82,23,CAR_0900,CAR,540,standing,,,,24.5574,1,555,False
83,23,PT,PT,,standing,,,,35.1332,1,510,False
84,23,CAR_0930,CAR,570,standing,,,,21.8689,1,585,False
85,23,CAR_0630,CAR,390,standing,,,,13.3463,1,420,True
86,23,CAR_0800,CAR,480,standing,,,,2.9022,2,525,False
87,23,CAR_0830,CAR,510,standing,,,,11.4181,1,525,False
88,23,CAR_0715,CAR,435,standing,,,,20.0597,1,525,False
89,23,CAR_0715,CAR,435,standing,,,,17.6219,1,450,False
90,23,PT,PT,,standing,,,,29.1462,1,510,False
91,23,CAR_0645,CAR,405,standing,,,,11.6212,1,450,False
92,23,CAR_0745,CAR,465,standing,,,,2.6513,1,480,False
93,23,PT,PT,,standing,,,,38.9163,1,540,False
94,23,CAR_0800,CAR,480,standing,,,,28.1528,1,510,False
95,23,CAR_0645,CAR,405,standing,,,,1.9818,1,420,False
96,23,CAR_0915,CAR,555,standing,,,,14.6419,1,570,False
97,23,WFH,WFH,,standing,,,,39.5524,3,,False
98,23,CAR_0730,CAR,450,standing,,,,6.274,2,480,False
99,23,CAR_0915,CAR,555,standing,,,,24.5747,1,555,False
100,23,CAR_0645,CAR,405,standing,,,,14.6588,1,420,False
101,23,CAR_0830,CAR,510,standing,,,,21.3536,1,525,False
102,23,CAR_0700,CAR,420,standing,,,,19.3756,1,435,False
103,23,WFH,WFH,,standing,,,,14.1295,3,,False
104,23,CAR_0830,CAR,510,standing,,,,16.7107,1,525,False
105,23,PT,PT,,standing,,,,29.0895,1,540,False
106,23,CAR_0830,CAR,510,standing,,,,19.3916,1,525,False
107,23,CAR_0700,CAR,420,standing,,,,31.971,1,435,False
108,23,PT,PT,,standing,,,,35.3153,2,525,False
109,23,CAR_0700,CAR,420,standing,,,,20.0645,1,495,False
110,23,PT,PT,,standing,,,,32.515,1,555,False
111,23,CAR_0815,CAR,495,standing,,,,15.8304,1,510,False
112,23,CAR_0645,CAR,405,standing,,,,6.839,1,420,False
113,23,CAR_0745,CAR,465,standing,,,,7.7477,1,480,False
114,23,WFH,WFH,,standing,,,,24.9812,7,,False
115,23,CAR_0845,CAR,525,standing,,,,14.4307,1,540,False
116,23,CAR_0800,CAR,480,standing,,,,17.0583,2,510,False
117,23,CAR_0745,CAR,465,standing,,,,16.6498,1,495,False
118,23,CAR_0900,CAR,540,standing,,,,16.7647,1,555,False
119,23,CAR_0830,CAR,510,standing,,,,13.9491,1,525,False
120,23,CAR_0845,CAR,525,standing,,,,30.3042,1,555,False
121,23,PT,PT,,standing,,,,30.1943,1,465,False
122,23,CAR_0900,CAR,540,standing,,,,10.3243,1,555,False
123,23,PT,PT,,standing,,,,33.4356,1,435,False
124,23,CAR_0730,CAR,450,standing,,,,13.9131,1,465,False
125,23,WFH,WFH,,standing,,,,29.8302,2,,False
126,23,CAR_0845,CAR,525,standing,,,,13.7243,1,540,False
127,23,PT,PT,,standing,,,,37.0641,1,555,False
128,23,CAR_0715,CAR,435,standing,,,,9.1335,1,495,False
129,23,PT,PT,,standing,,,,29.6461,1,525,False
130,23,CAR_0800,CAR,480,standing,,,,21.8722,1,495,False
131,23,CAR_0630,CAR,390,standing,,,,12.1532,3,420,True
132,23,CAR_0815,CAR,495,standing,,,,15.5705,1,525,False
133,23,PT,PT,,standing,,,,34.6024,1,450,False
134,23,PT,PT,,standing,,,,30.676,1,555,False
135,23,CAR_0630,CAR,390,standing,,,,10.7681,1,420,True
136,23,PT,PT,,standing,,,,34.5433,1,540,False
137,23,PT,PT,,standing,,,,36.0983,2,465,False
138,23,CAR_0815,CAR,495,standing,,,,27.9149,1,510,False
139,23,CAR_0830,CAR,510,standing,,,,21.8671,2,540,False
140,23,WFH,WFH,,standing,,,,23.3061,4,,False
141,23,CAR_0645,CAR,405,standing,,,,17.2599,1,420,True
142,23,CAR_0800,CAR,480,standing,,,,18.2578,1,510,False
143,23,PT,PT,,standing,,,,32.61,2,540,False
144,23,CAR_0700,CAR,420,standing,,,,18.9859,1,510,False
145,23,PT,PT,,standing,,,,31.3362,1,420,False
146,23,CAR_0645,CAR,405,standing,,,,8.6196,1,420,False
147,23,PT,PT,,standing,,,,31.171,1,525,False
148,23,PT,PT,,standing,,,,30.541,1,555,False
149,23,PT,PT,,standing,,,,37.0227,1,525,False
150,23,PT,PT,,standing,,,,34.2198,2,510,False
151,23,PT,PT,,standing,,,,40.4192,1,510,False
152,23,CAR_0715,CAR,435,standing,,,,28.4832,1,450,False
153,23,CAR_0715,CAR,435,standing,,,,30.1432,3,450,False
154,23,CAR_0830,CAR,510,standing,,,,25.8401,1,540,False
155,23,CAR_0830,CAR,510,standing,,,,26.9088,1,540,False
156,23,CAR_0815,CAR,495,standing,,,,7.2164,1,510,False
157,23,PT,PT,,standing,,,,31.2766,1,495,False
158,23,CAR_0730,CAR,450,standing,,,,1.2915,1,465,False
159,23,WFH,WFH,,standing,,,,16.5627,3,,False
160,23,CAR_0700,CAR,420,standing,,,,18.6053,1,450,False
161,23,PT,PT,,standing,,,,31.7909,1,555,False
162,23,CAR_0645,CAR,405,standing,,,,21.8766,2,420,True
163,23,CAR_0645,CAR,405,standing,,,,32.8548,7,420,True
164,23,CAR_0800,CAR,480,standing,,,,19.6977,1,495,False
165,23,CAR_0815,CAR,495,standing,,,,31.9716,1,510,False
166,23,CAR_0930,CAR,570,standing,,,,15.7848,1,585,False
167,23,CAR_0745,CAR,465,standing,,,,7.6975,3,510,False
168,23,CAR_0715,CAR,435,standing,,,,20.0371,1,480,False
169,23,CAR_0730,CAR,450,standing,,,,2.1495,1,465,False
170,23,WFH,WFH,,standing,,,,15.2247,5,,False
171,23,CAR_0715,CAR,435,standing,,,,3.0084,1,465,False
172,23,CAR_0645,CAR,405,standing,,,,8.2968,1,420,False
173,23,PT,PT,,standing,,,,29.9017,1,495,False
174,23,CAR_0915,CAR,555,standing,,,,21.3002,1,570,False
175,23,CAR_0900,CAR,540,standing,,,,31.6168,1,555,False
176,23,PT,PT,,standing,,,,29.2828,1,585,False
177,23,PT,PT,,standing,,,,33.9097,1,495,False
178,23,CAR_0745,CAR,465,standing,,,,3.721,1,480,False
179,23,CAR_0700,CAR,420,standing,,,,15.137,1,435,False
180,23,PT,PT,,standing,,,,30.4602,1,480,False
181,23,PT,PT,,standing,,,,30.6124,1,450,False
182,23,CAR_0700,CAR,420,standing,,,,2.1779,1,465,False
183,23,CAR_0900,CAR,540,standing,,,,22.081,1,555,False
184,23,PT,PT,,standing,,,,36.5927,1,510,False
185,23,CAR_0630,CAR,390,standing,,,,2.8475,1,420,False
186,23,CAR_0630,CAR,390,standing,,,,2.0307,1,420,False
187,23,CAR_0845,CAR,525,standing,,,,13.2777,1,540,False
188,23,CAR_0815,CAR,495,standing,,,,36.2785,1,525,False
189,23,PT,PT,,standing,,,,34.6608,1,495,False
190,23,WFH,WFH,,standing,,,,25.5988,3,,False
191,23,CAR_0715,CAR,435,standing,,,,27.039,1,510,False
192,23,CAR_0630,CAR,390,standing,,,,23.3438,1,420,True
193,23,PT,PT,,standing,,,,29.7035,1,600,False
194,23,CAR_0630,CAR,390,standing,,,,11.9223,3,420,True
195,23,CAR_0645,CAR,405,standing,,,,8.0546,2,465,False
196,23,CAR_0700,CAR,420,standing,,,,0.9035,1,435,False
197,23,PT,PT,,standing,,,,29.5943,1,555,False
198,23,CAR_0645,CAR,405,standing,,,,7.7494,2,420,True
199,23,PT,PT,,standing,,,,32.7424,1,480,False
200,23,CAR_0845,CAR,525,standing,,,,15.1516,1,540,False
201,23,PT,PT,,standing,,,,30.6199,1,555,False
202,23,CAR_0930,CAR,570,standing,,,,29.1369,1,585,False
203,23,CAR_0715,CAR,435,standing,,,,20.0553,1,450,False
204,23,CAR_0845,CAR,525,standing,,,,20.1512,1,540,False
205,23,CAR_0715,CAR,435,standing,,,,13.7685,1,495,False
206,23,CAR_0700,CAR,420,standing,,,,30.3977,1,510,False
207,23,CAR_0630,CAR,390,standing,,,,0.9531,1,450,False
208,23,CAR_0845,CAR,525,standing,,,,16.942,1,540,False
209,23,CAR_0700,CAR,420,standing,,,,1.4062,1,450,False
210,23,CAR_0630,CAR,390,standing,,,,1.9917,1,435,False
211,23,PT,PT,,standing,,,,33.3923,1,495,False
212,23,CAR_0630,CAR,390,standing,,,,25.4692,1,525,False
213,23,WFH,WFH,,standing,,,,36.9938,1,,False
214,23,PT,PT,,standing,,,,29.5958,1,555,False
215,23,CAR_0715,CAR,435,standing,,,,10.8058,1,465,False
216,23,CAR_0645,CAR,405,standing,,,,29.7441,1,420,True
217,23,PT,PT,,standing,,,,32.3898,1,510,False
218,23,CAR_0815,CAR,495,standing,,,,24.3138,1,525,False
219,23,PT,PT,,standing,,,,30.3743,1,525,False
220,23,PT,PT,,standing,,,,33.8028,2,525,False
221,23,CAR_0715,CAR,435,standing,,,,26.7188,1,480,False
222,23,CAR_0730,CAR,450,standing,,,,23.7681,1,540,False
223,23,CAR_0915,CAR,555,standing,,,,34.6031,1,570,False
224,23,CAR_0730,CAR,450,standing,,,,24.3184,1,480,False
225,23,CAR_0845,CAR,525,standing,,,,26.1138,1,525,False
226,23,CAR_0745,CAR,465,standing,,,,14.3628,1,480,False
227,23,CAR_0830,CAR,510,standing,,,,14.8461,1,540,False
228,23,CAR_0715,CAR,435,standing,,,,5.7769,1,450,False
229,23,CAR_0900,CAR,540,standing,,,,3.5337,1,555,False
230,23,PT,PT,,standing,,,,32.0298,1,510,False
231,23,CAR_0830,CAR,510,standing,,,,16.2222,1,525,False
232,23,CAR_0830,CAR,510,standing,,,,10.6294,1,525,False
233,23,CAR_0715,CAR,435,standing,,,,11.5178,1,450,False
234,23,CAR_0930,CAR,570,standing,,,,27.7129,1,585,False
235,23,PT,PT,,standing,,,,31.2153,1,570,False
236,23,CAR_0715,CAR,435,standing,,,,20.9029,3,495,False
237,23,CAR_0915,CAR,555,standing,,,,24.941,1,555,False
238,23,CAR_0900,CAR,540,standing,,,,13.916,1,555,False
239,23,CAR_0730,CAR,450,standing,,,,8.3555,1,465,False
240,23,CAR_0915,CAR,555,standing,,,,14.5175,1,570,False
241,23,CAR_0730,CAR,450,standing,,,,21.3572,3,495,False
242,23,CAR_0715,CAR,435,standing,,,,10.5318,1,480,False
243,23,PT,PT,,standing,,,,30.1329,1,540,False
244,23,CAR_0715,CAR,435,standing,,,,21.7433,1,450,False
245,23,CAR_0915,CAR,555,standing,,,,20.9831,1,555,False
246,23,CAR_0700,CAR,420,standing,,,,23.8228,2,435,False
247,23,PT,PT,,standing,,,,30.6216,1,570,False
248,23,PT,PT,,standing,,,,31.6977,1,540,False
249,23,CAR_0815,CAR,495,standing,,,,29.489,1,510,False
250,23,CAR_0645,CAR,405,standing,,,,27.7334,6,420,True
251,23,CAR_0715,CAR,435,standing,,,,20.7084,1,480,False
252,23,PT,PT,,standing,,,,31.687,1,525,False
253,23,CAR_0715,CAR,435,standing,,,,10.7095,3,435,False
254,23,CAR_0830,CAR,510,standing,,,,31.7484,1,525,False
255,23,CAR_0800,CAR,480,standing,,,,27.208,1,495,False
256,23,CAR_0630,CAR,390,standing,,,,32.4523,1,420,False
257,23,PT,PT,,standing,,,,29.4473,1,450,False
258,23,PT,PT,,standing,,,,29.7633,1,525,False
259,23,CAR_0645,CAR,405,standing,,,,24.7694,6,420,True
260,23,CAR_0615,CAR,375,standing,,,,20.7034,1,420,True
261,23,WFH,WFH,,standing,,,,23.1202,4,,False
262,23,PT,PT,,standing,,,,30.4879,2,570,False
263,23,CAR_0630,CAR,390,standing,,,,11.6365,1,420,False
264,23,CAR_0715,CAR,435,standing,,,,2.8083,1,465,False
265,23,PT,PT,,standing,,,,30.8923,1,525,False
266,23,CAR_0630,CAR,390,standing,,,,18.2589,1,420,True
267,23,CAR_0900,CAR,540,standing,,,,31.0776,1,555,False
268,23,PT,PT,,standing,,,,28.7778,1,495,False
269,23,CAR_0700,CAR,420,standing,,,,3.8341,1,435,False
270,23,PT,PT,,standing,,,,28.5785,1,465,False
271,23,PT,PT,,standing,,,,32.9601,1,555,False
272,23,CAR_0930,CAR,570,standing,,,,29.9505,1,600,False
273,23,PT,PT,,standing,,,,32.8596,1,555,False
274,23,CAR_0700,CAR,420,standing,,,,12.6866,1,435,False
275,23,CAR_0815,CAR,495,standing,,,,13.7979,1,510,False
276,23,CAR_0645,CAR,405,standing,,,,41.2624,2,420,True
277,23,WFH,WFH,,standing,,,,19.9404,4,,False
278,23,PT,PT,,standing,,,,32.5009,1,525,False
279,23,CAR_0700,CAR,420,standing,,,,20.1311,1,450,False
280,23,CAR_0700,CAR,420,standing,,,,3.8366,1,435,False
281,23,WFH,WFH,,standing,,,,29.3513,1,,False
282,23,CAR_0730,CAR,450,standing,,,,4.6398,1,465,False
283,23,CAR_0745,CAR,465,standing,,,,4.0253,2,495,False
284,23,PT,PT,,standing,,,,34.3552,1,525,False
285,23,CAR_0645,CAR,405,standing,,,,33.3655,1,420,True
286,23,CAR_0715,CAR,435,standing,,,,13.4206,2,480,False
287,23,CAR_0630,CAR,390,standing,,,,8.6156,1,420,False
288,23,CAR_0900,CAR,540,standing,,,,31.7114,1,555,False
289,23,CAR_0645,CAR,405,standing,,,,20.0848,5,420,True
290,23,PT,PT,,standing,,,,37.4976,1,525,False
291,23,CAR_0830,CAR,510,standing,,,,19.4573,1,525,False
292,23,PT,PT,,standing,,,,40.7859,2,510,False
293,23,PT,PT,,standing,,,,33.1909,1,510,False
294,23,PT,PT,,standing,,,,39.0741,1,525,False
295,23,CAR_0715,CAR,435,standing,,,,15.7059,1,450,False
296,23,PT,PT,,standing,,,,43.1146,1,495,False
297,23,PT,PT,,standing,,,,37.0599,1,465,False
298,23,CAR_0715,CAR,435,standing,,,,7.8889,1,465,False
299,23,CAR_0715,CAR,435,standing,,,,21.2499,1,510,False
0,24,PT,PT,,standing,,,,28.5785,1,465,False
1,24,PT,PT,,standing,,,,32.9601,1,555,False
2,24,CAR_0930,CAR,570,standing,,,,29.8755,1,600,False
3,24,PT,PT,,standing,,,,32.8596,1,555,False
4,24,CAR_0700,CAR,420,standing,,,,12.5969,1,435,False
5,24,CAR_0815,CAR,495,standing,,,,13.6257,1,510,False
6,24,CAR_0645,CAR,405,standing,,,,39.7727,2,420,True
7,24,WFH,WFH,,standing,,,,19.9404,4,,False
8,24,PT,PT,,standing,,,,32.5009,1,525,False
9,24,CAR_0700,CAR,420,standing,,,,20.131,1,450,False
10,24,CAR_0700,CAR,420,standing,,,,2.907,1,435,False
11,24,CAR_0645,CAR,405,standing,,,,29.5988,1,420,True
12,24,CAR_0730,CAR,450,standing,,,,3.2105,1,465,False
13,24,CAR_0800,CAR,480,standing,,,,2.6444,1,495,False
14,24,PT,PT,,standing,,,,34.3552,1,525,False
15,24,CAR_0845,CAR,525,standing,,,,32.3304,1,540,False
16,24,CAR_0715,CAR,435,standing,,,,12.855,1,480,False
17,24,CAR_0630,CAR,390,standing,,,,8.1378,1,420,False
18,24,CAR_0900,CAR,540,standing,,,,31.6075,1,555,False
19,24,CAR_0645,CAR,405,standing,,,,18.9827,2,420,True
20,24,PT,PT,,standing,,,,37.4976,1,525,False
21,24,CAR_0830,CAR,510,standing,,,,18.019,1,525,False
22,24,PT,PT,,standing,,,,40.7859,2,510,False
23,24,PT,PT,,standing,,,,33.1909,1,510,False
24,24,PT,PT,,standing,,,,39.0741,1,525,False
25,24,CAR_0715,CAR,435,standing,,,,14.784,1,450,False
26,24,PT,PT,,standing,,,,43.1146,1,495,False
27,24,PT,PT,,standing,,,,37.0599,1,465,False
28,24,CAR_0715,CAR,435,standing,,,,7.7776,1,465,False
29,24,CAR_0715,CAR,435,standing,,,,21.0477,1,510,False
30,24,PT,PT,,standing,,,,30.908,1,540,False
31,24,PT,PT,,standing,,,,36.8629,1,450,False
32,24,CAR_0645,CAR,405,standing,,,,17.1672,1,420,True
33,24,CAR_0745,CAR,465,standing,,,,31.4311,1,480,False
34,24,CAR_0700,CAR,420,standing,,,,13.3956,1,435,False
35,24,PT,PT,,standing,,,,34.3412,1,495,False
36,24,CAR_0730,CAR,450,standing,,,,5.3124,1,480,False
37,24,CAR_0915,CAR,555,standing,,,,8.7243,1,555,False
38,24,CAR_0700,CAR,420,standing,,,,22.1487,1,435,False
39,24,CAR_0715,CAR,435,standing,,,,24.0125,1,465,False
40,24,CAR_0730,CAR,450,standing,,,,22.403,1,480,False
41,24,CAR_0715,CAR,435,standing,,,,5.1137,3,480,False
42,24,WFH,WFH,,standing,,,,15.1527,2,,False
43,24,CAR_0715,CAR,435,standing,,,,14.0982,1,510,False
44,24,PT,PT,,standing,,,,32.4681,1,495,False
45,24,CAR_0700,CAR,420,standing,,,,1.3754,1,435,False
46,24,CAR_0730,CAR,450,standing,,,,17.031,1,495,False
47,24,PT,PT,,standing,,,,37.1948,2,480,False
48,24,CAR_0700,CAR,420,standing,,,,23.7022,1,450,False
49,24,CAR_0715,CAR,435,standing,,,,14.4938,1,525,False
50,24,CAR_0745,CAR,465,standing,,,,15.9485,1,480,False
51,24,CAR_0845,CAR,525,standing,,,,11.2451,1,540,False
52,24,CAR_0730,CAR,450,standing,,,,9.8227,1,495,False
53,24,WFH,WFH,,standing,,,,24.459,2,,False
54,24,CAR_0745,CAR,465,standing,,,,3.0026,1,480,False
55,24,CAR_0700,CAR,420,standing,,,,17.723,1,435,False
56,24,CAR_0815,CAR,495,standing,,,,3.5432,1,510,False
57,24,CAR_0830,CAR,510,standing,,,,16.0956,1,525,False
58,24,WFH,WFH,,standing,,,,27.2916,5,,False
59,24,CAR_0830,CAR,510,standing,,,,3.7364,1,525,False
60,24,CAR_0730,CAR,450,standing,,,,5.3351,3,495,False
61,24,CAR_0830,CAR,510,standing,,,,15.9076,1,525,False
62,24,CAR_0815,CAR,495,standing,,,,9.1737,1,525,False
63,24,CAR_0830,CAR,510,standing,,,,31.4203,1,525,False
64,24,CAR_0700,CAR,420,standing,,,,27.5965,1,510,False
65,24,CAR_0630,CAR,390,standing,,,,27.9907,1,420,True
66,24,CAR_0730,CAR,450,standing,,,,7.9034,1,465,False
67,24,CAR_0830,CAR,510,standing,,,,4.56,1,525,False
68,24,WFH,WFH,,standing,,,,12.4707,6,,False
69,24,PT,PT,,standing,,,,38.0955,1,555,False
70,24,PT,PT,,standing,,,,32.3454,1,480,False
71,24,PT,PT,,standing,,,,38.5683,1,525,False
72,24,PT,PT,,standing,,,,29.633,1,510,False
73,24,CAR_0815,CAR,495,standing,,,,15.4218,1,510,False
74,24,CAR_0645,CAR,405,standing,,,,18.4032,1,420,True
75,24,CAR_0630,CAR,390,standing,,,,12.7503,4,420,True
76,24,CAR_0800,CAR,480,standing,,,,31.6811,1,495,False
77,24,CAR_0730,CAR,450,standing,,,,31.5114,1,465,False
78,24,CAR_0745,CAR,465,standing,,,,1.6229,1,510,False
79,24,CAR_0900,CAR,540,standing,,,,21.8596,1,555,False
80,24,PT,PT,,standing,,,,30.1941,1,465,False
81,24,PT,PT,,standing,,,,35.9054,1,450,False
82,24,CAR_0900,CAR,540,standing,,,,24.5459,1,555,False
83,24,PT,PT,,standing,,,,35.1332,1,510,False
84,24,CAR_0930,CAR,570,standing,,,,21.8605,1,585,False
85,24,CAR_0630,CAR,390,standing,,,,13.3378,1,420,True
86,24,CAR_0800,CAR,480,standing,,,,2.902,2,525,False
87,24,CAR_0830,CAR,510,standing,,,,11.4035,1,525,False
88,24,CAR_0715,CAR,435,standing,,,,20.0467,1,525,False
89,24,CAR_0715,CAR,435,standing,,,,17.6136,1,450,False
90,24,PT,PT,,standing,,,,29.1462,1,510,False
91,24,CAR_0645,CAR,405,standing,,,,11.6136,1,450,False
92,24,CAR_0745,CAR,465,standing,,,,2.6515,1,480,False
93,24,PT,PT,,standing,,,,38.9163,1,540,False
94,24,CAR_0800,CAR,480,standing,,,,28.1528,1,510,False
95,24,CAR_0645,CAR,405,standing,,,,1.9821,1,420,False
96,24,CAR_0915,CAR,555,standing,,,,14.6328,1,570,False
97,24,WFH,WFH,,standing,,,,39.5524,3,,False
98,24,CAR_0730,CAR,450,standing,,,,6.271,2,480,False
99,24,CAR_0915,CAR,555,standing,,,,24.565,1,555,False
100,24,CAR_0645,CAR,405,standing,,,,14.6487,1,420,False
101,24,CAR_0830,CAR,510,standing,,,,21.3415,1,525,False
102,24,CAR_0700,CAR,420,standing,,,,19.3672,1,435,False
103,24,WFH,WFH,,standing,,,,14.1295,3,,False
104,24,CAR_0830,CAR,510,standing,,,,16.6978,1,525,False
105,24,PT,PT,,standing,,,,29.0895,1,540,False
106,24,CAR_0830,CAR,510,standing,,,,19.3813,1,525,False
107,24,CAR_0700,CAR,420,standing,,,,31.9625,1,435,False
108,24,PT,PT,,standing,,,,35.3153,2,525,False
109,24,CAR_0700,CAR,420,standing,,,,20.0545,1,495,False
110,24,PT,PT,,standing,,,,32.515,1,555,False
111,24,CAR_0815,CAR,495,standing,,,,15.8179,1,510,False
112,24,CAR_0645,CAR,405,standing,,,,6.8304,1,420,False
113,24,CAR_0745,CAR,465,standing,,,,7.7479,1,480,False
114,24,WFH,WFH,,standing,,,,24.9812,7,,False
115,24,CAR_0845,CAR,525,standing,,,,14.4191,1,540,False
116,24,CAR_0800,CAR,480,standing,,,,17.0468,2,510,False
117,24,CAR_0745,CAR,465,standing,,,,16.6388,1,495,False
118,24,CAR_0900,CAR,540,standing,,,,16.7538,1,555,False
119,24,CAR_0830,CAR,510,standing,,,,13.9367,1,525,False
120,24,CAR_0845,CAR,525,standing,,,,30.2919,1,555,False
121,24,PT,PT,,standing,,,,30.1943,1,465,False
122,24,CAR_0900,CAR,540,standing,,,,10.3122,1,555,False
123,24,PT,PT,,standing,,,,33.4356,1,435,False
124,24,CAR_0730,CAR,450,standing,,,,13.9046,1,465,False
125,24,WFH,WFH,,standing,,,,29.8302,2,,False
126,24,CAR_0845,CAR,525,standing,,,,13.7119,1,540,False
127,24,PT,PT,,standing,,,,37.0641,1,555,False
128,24,CAR_0715,CAR,435,standing,,,,9.1249,1,495,False
129,24,PT,PT,,standing,,,,29.6461,1,525,False
130,24,CAR_0800,CAR,480,standing,,,,21.8601,1,495,False
131,24,CAR_0630,CAR,390,standing,,,,12.15,3,420,True
132,24,CAR_0815,CAR,495,standing,,,,15.5583,1,525,False
133,24,PT,PT,,standing,,,,34.6024,1,450,False
134,24,PT,PT,,standing,,,,30.676,1,555,False
135,24,CAR_0630,CAR,390,standing,,,,10.7598,1,420,True
136,24,PT,PT,,standing,,,,34.5433,1,540,False
137,24,PT,PT,,standing,,,,36.0983,2,465,False
138,24,CAR_0815,CAR,495,standing,,,,27.9023,1,510,False
139,24,CAR_0830,CAR,510,standing,,,,21.8509,2,540,False
140,24,WFH,WFH,,standing,,,,23.3061,4,,False
141,24,CAR_0645,CAR,405,standing,,,,17.2513,1,420,True
142,24,CAR_0800,CAR,480,standing,,,,18.2453,1,510,False
143,24,PT,PT,,standing,,,,32.61,2,540,False
144,24,CAR_0700,CAR,420,standing,,,,18.9773,1,510,False
145,24,PT,PT,,standing,,,,31.3362,1,420,False
146,24,CAR_0645,CAR,405,standing,,,,8.6179,1,420,False
147,24,PT,PT,,standing,,,,31.171,1,525,False
148,24,PT,PT,,standing,,,,30.541,1,555,False
149,24,PT,PT,,standing,,,,37.0227,1,525,False
150,24,PT,PT,,standing,,,,34.2198,2,510,False
151,24,PT,PT,,standing,,,,40.4192,1,510,False
152,24,CAR_0715,CAR,435,standing,,,,28.4749,1,450,False
153,24,CAR_0715,CAR,435,standing,,,,30.1318,3,450,False
154,24,CAR_0830,CAR,510,standing,,,,25.8276,1,540,False
155,24,CAR_0830,CAR,510,standing,,,,27.0027,1,540,False
156,24,CAR_0815,CAR,495,standing,,,,7.2164,1,510,False
157,24,PT,PT,,standing,,,,31.2766,1,495,False
158,24,CAR_0730,CAR,450,standing,,,,1.29,1,465,False
159,24,WFH,WFH,,standing,,,,16.5627,3,,False
160,24,CAR_0700,CAR,420,standing,,,,18.5954,1,450,False
161,24,PT,PT,,standing,,,,31.7909,1,555,False
162,24,CAR_0645,CAR,405,standing,,,,21.8635,2,420,True
163,24,CAR_0645,CAR,405,standing,,,,32.8393,7,420,True
164,24,CAR_0800,CAR,480,standing,,,,19.6853,1,495,False
165,24,CAR_0815,CAR,495,standing,,,,31.958,1,510,False
166,24,CAR_0930,CAR,570,standing,,,,15.7765,1,585,False
167,24,CAR_0745,CAR,465,standing,,,,7.6975,3,510,False
168,24,CAR_0715,CAR,435,standing,,,,20.0286,1,480,False
169,24,CAR_0730,CAR,450,standing,,,,2.1527,1,465,False
170,24,WFH,WFH,,standing,,,,15.2247,5,,False
171,24,CAR_0715,CAR,435,standing,,,,3.0042,1,465,False
172,24,CAR_0645,CAR,405,standing,,,,8.2882,1,420,False
173,24,PT,PT,,standing,,,,29.9017,1,495,False
174,24,CAR_0915,CAR,555,standing,,,,21.2917,1,570,False
175,24,CAR_0900,CAR,540,standing,,,,31.6055,1,555,False
176,24,PT,PT,,standing,,,,29.2828,1,585,False
177,24,PT,PT,,standing,,,,33.9097,1,495,False
178,24,CAR_0745,CAR,465,standing,,,,3.7213,1,480,False
179,24,CAR_0700,CAR,420,standing,,,,15.1282,1,435,False
180,24,PT,PT,,standing,,,,30.4602,1,480,False
181,24,PT,PT,,standing,,,,30.6124,1,450,False
182,24,CAR_0700,CAR,420,standing,,,,2.1778,1,465,False
183,24,CAR_0900,CAR,540,standing,,,,22.0705,1,555,False
184,24,PT,PT,,standing,,,,36.5927,1,510,False
185,24,CAR_0630,CAR,390,standing,,,,2.8475,1,420,False
186,24,CAR_0630,CAR,390,standing,,,,2.0303,1,420,False
187,24,CAR_0845,CAR,525,standing,,,,13.2658,1,540,False
188,24,CAR_0815,CAR,495,standing,,,,36.2621,1,525,False
189,24,PT,PT,,standing,,,,34.6608,1,495,False
190,24,WFH,WFH,,standing,,,,25.5988,3,,False
191,24,CAR_0715,CAR,435,standing,,,,27.0259,1,510,False
192,24,CAR_0630,CAR,390,standing,,,,23.3363,1,420,True
193,24,PT,PT,,standing,,,,29.7035,1,600,False
194,24,CAR_0630,CAR,390,standing,,,,11.9221,3,420,True
195,24,CAR_0645,CAR,405,standing,,,,8.0465,2,465,False
196,24,CAR_0700,CAR,420,standing,,,,0.9035,1,435,False
197,24,PT,PT,,standing,,,,29.5943,1,555,False
198,24,CAR_0645,CAR,405,standing,,,,7.7494,2,420,True
199,24,PT,PT,,standing,,,,32.7424,1,480,False
200,24,CAR_0845,CAR,525,standing,,,,15.1392,1,540,False
201,24,PT,PT,,standing,,,,30.6199,1,555,False
202,24,CAR_0930,CAR,570,standing,,,,29.1286,1,585,False
203,24,CAR_0715,CAR,435,standing,,,,20.041,1,450,False
204,24,CAR_0845,CAR,525,standing,,,,20.1387,1,540,False
205,24,CAR_0715,CAR,435,standing,,,,13.7593,1,495,False
206,24,CAR_0700,CAR,420,standing,,,,30.3893,1,510,False
207,24,CAR_0630,CAR,390,standing,,,,0.9531,1,450,False
208,24,CAR_0845,CAR,525,standing,,,,16.9295,1,540,False
209,24,CAR_0700,CAR,420,standing,,,,1.4057,1,450,False
210,24,CAR_0630,CAR,390,standing,,,,1.9917,1,435,False
211,24,PT,PT,,standing,,,,33.3923,1,495,False
212,24,CAR_0630,CAR,390,standing,,,,25.461,1,525,False
213,24,WFH,WFH,,standing,,,,36.9938,1,,False
214,24,PT,PT,,standing,,,,29.5958,1,555,False
215,24,CAR_0715,CAR,435,standing,,,,10.7922,1,465,False
216,24,CAR_0645,CAR,405,standing,,,,29.7352,1,420,True
217,24,PT,PT,,standing,,,,32.3898,1,510,False
218,24,CAR_0815,CAR,495,standing,,,,24.2976,1,525,False
219,24,PT,PT,,standing,,,,30.3743,1,525,False
220,24,PT,PT,,standing,,,,33.8028,2,525,False
221,24,CAR_0715,CAR,435,standing,,,,26.7086,1,480,False
222,24,CAR_0730,CAR,450,standing,,,,23.7619,1,540,False
223,24,CAR_0915,CAR,555,standing,,,,34.5943,1,570,False
224,24,CAR_0730,CAR,450,standing,,,,24.3096,1,480,False
225,24,CAR_0845,CAR,525,standing,,,,26.0999,1,525,False
226,24,CAR_0745,CAR,465,standing,,,,14.3509,1,480,False
227,24,CAR_0830,CAR,510,standing,,,,14.8337,1,540,False
228,24,CAR_0715,CAR,435,standing,,,,5.7685,1,450,False
229,24,CAR_0900,CAR,540,standing,,,,3.532,1,555,False
230,24,PT,PT,,standing,,,,32.0298,1,510,False
231,24,CAR_0830,CAR,510,standing,,,,16.2104,1,525,False
232,24,CAR_0830,CAR,510,standing,,,,10.6225,1,525,False
233,24,CAR_0715,CAR,435,standing,,,,11.5079,1,450,False
234,24,CAR_0930,CAR,570,standing,,,,27.5627,1,585,False
235,24,PT,PT,,standing,,,,31.2153,1,570,False
236,24,CAR_0715,CAR,435,standing,,,,20.8921,3,495,False
237,24,CAR_0915,CAR,555,standing,,,,24.9233,1,555,False
238,24,CAR_0900,CAR,540,standing,,,,13.9048,1,555,False
239,24,CAR_0730,CAR,450,standing,,,,8.3445,1,465,False
240,24,CAR_0915,CAR,555,standing,,,,14.5081,1,570,False
241,24,CAR_0730,CAR,450,standing,,,,21.3477,3,495,False
242,24,CAR_0715,CAR,435,standing,,,,10.5235,1,480,False
243,24,PT,PT,,standing,,,,30.1329,1,540,False
244,24,CAR_0715,CAR,435,standing,,,,21.7359,1,450,False
245,24,CAR_0915,CAR,555,standing,,,,20.9748,1,555,False
246,24,CAR_0700,CAR,420,standing,,,,23.8121,2,435,False
247,24,PT,PT,,standing,,,,30.6216,1,570,False
248,24,PT,PT,,standing,,,,31.6977,1,540,False
249,24,CAR_0815,CAR,495,standing,,,,29.4765,1,510,False
250,24,CAR_0645,CAR,405,standing,,,,27.7248,6,420,True
251,24,CAR_0715,CAR,435,standing,,,,20.6978,1,480,False
252,24,PT,PT,,standing,,,,31.687,1,525,False
253,24,CAR_0715,CAR,435,standing,,,,10.7007,3,435,False
254,24,CAR_0830,CAR,510,standing,,,,31.7363,1,525,False
255,24,CAR_0800,CAR,480,standing,,,,27.1955,1,495,False
256,24,CAR_0630,CAR,390,standing,,,,32.444,1,420,False
257,24,PT,PT,,standing,,,,29.4473,1,450,False
258,24,PT,PT,,standing,,,,29.7633,1,525,False
259,24,CAR_0645,CAR,405,standing,,,,24.7622,6,420,True
260,24,CAR_0615,CAR,375,standing,,,,20.695,1,420,True
261,24,WFH,WFH,,standing,,,,23.1202,4,,False
262,24,PT,PT,,standing,,,,30.4879,2,570,False
263,24,CAR_0630,CAR,390,standing,,,,11.6282,1,420,False
264,24,CAR_0715,CAR,435,standing,,,,2.8072,1,465,False
265,24,PT,PT,,standing,,,,30.8923,1,525,False
266,24,CAR_0630,CAR,390,standing,,,,18.2503,1,420,True
267,24,CAR_0900,CAR,540,standing,,,,31.0366,1,555,False
268,24,PT,PT,,standing,,,,28.7778,1,495,False
269,24,CAR_0700,CAR,420,standing,,,,3.8341,1,435,False
270,24,PT,PT,,standing,,,,28.5785,1,465,False
271,24,PT,PT,,standing,,,,32.9601,1,555,False
272,24,CAR_0930,CAR,570,standing,,,,29.9676,1,600,False
273,24,PT,PT,,standing,,,,32.8596,1,555,False
274,24,CAR_0700,CAR,420,standing,,,,12.6785,1,435,False
275,24,CAR_0815,CAR,495,standing,,,,13.7856,1,510,False
276,24,CAR_0645,CAR,405,standing,,,,41.2505,2,420,True
277,24,WFH,WFH,,standing,,,,19.9404,4,,False
278,24,PT,PT,,standing,,,,32.5009,1,525,False
279,24,CAR_0700,CAR,420,standing,,,,20.1195,1,450,False
280,24,CAR_0700,CAR,420,standing,,,,3.8366,1,435,False
281,24,WFH,WFH,,standing,,,,29.3513,1,,False
282,24,CAR_0730,CAR,450,standing,,,,4.6414,1,465,False
283,24,CAR_0745,CAR,465,standing,,,,4.0247,2,495,False
284,24,PT,PT,,standing,,,,34.3552,1,525,False
285,24,CAR_0645,CAR,405,standing,,,,33.3571,1,420,True
286,24,CAR_0715,CAR,435,standing,,,,13.4003,2,480,False
287,24,CAR_0630,CAR,390,standing,,,,8.6189,1,420,False
288,24,CAR_0900,CAR,540,standing,,,,31.7007,1,555,False
289,24,CAR_0645,CAR,405,standing,,,,20.075,5,420,True
290,24,PT,PT,,standing,,,,37.4976,1,525,False
291,24,CAR_0830,CAR,510,standing,,,,19.4454,1,525,False
292,24,PT,PT,,standing,,,,40.7859,2,510,False
293,24,PT,PT,,standing,,,,33.1909,1,510,False
294,24,PT,PT,,standing,,,,39.0741,1,525,False
295,24,CAR_0715,CAR,435,standing,,,,15.7059,1,450,False
296,24,PT,PT,,standing,,,,43.1146,1,495,False
297,24,PT,PT,,standing,,,,37.0599,1,465,False
298,24,CAR_0715,CAR,435,standing,,,,7.8848,1,465,False
299,24,CAR_0715,CAR,435,standing,,,,21.2396,1,510,False
0,25,PT,PT,,standing,,,,28.5785,1,465,False
1,25,PT,PT,,standing,,,,32.9601,1,555,False
2,25,CAR_0930,CAR,570,standing,,,,29.8705,1,600,False
3,25,PT,PT,,standing,,,,32.8596,1,555,False
4,25,CAR_0700,CAR,420,standing,,,,12.5911,1,435,False
5,25,CAR_0815,CAR,495,standing,,,,13.6165,1,510,False
6,25,CAR_0645,CAR,405,standing,,,,39.7659,2,420,True
7,25,WFH,WFH,,standing,,,,19.9404,4,,False
8,25,PT,PT,,standing,,,,32.5009,1,525,False
9,25,CAR_0700,CAR,420,standing,,,,20.1251,1,450,False
10,25,CAR_0700,CAR,420,standing,,,,2.907,1,435,False
11,25,CAR_0645,CAR,405,standing,,,,29.5933,1,420,True
12,25,CAR_0730,CAR,450,standing,,,,3.2088,1,465,False
13,25,CAR_0800,CAR,480,standing,,,,2.6445,1,495,False
14,25,PT,PT,,standing,,,,34.3552,1,525,False
15,25,CAR_0845,CAR,525,standing,,,,32.3216,1,540,False
16,25,CAR_0715,CAR,435,standing,,,,12.8434,1,480,False
17,25,CAR_0630,CAR,390,standing,,,,8.1375,1,420,False
18,25,CAR_0900,CAR,540,standing,,,,31.5997,1,555,False
19,25,CAR_0645,CAR,405,standing,,,,18.9756,2,420,True
20,25,PT,PT,,standing,,,,37.4976,1,525,False
21,25,CAR_0830,CAR,510,standing,,,,18.0096,1,525,False
22,25,PT,PT,,standing,,,,40.7859,2,510,False
23,25,PT,PT,,standing,,,,33.1909,1,510,False
24,25,PT,PT,,standing,,,,39.0741,1,525,False
25,25,CAR_0715,CAR,435,standing,,,,14.7782,1,450,False
26,25,PT,PT,,standing,,,,43.1146,1,495,False
27,25,PT,PT,,standing,,,,37.0599,1,465,False
28,25,CAR_0715,CAR,435,standing,,,,7.7795,1,465,False
29,25,CAR_0715,CAR,435,standing,,,,21.0399,1,510,False
30,25,PT,PT,,standing,,,,30.908,1,540,False
31,25,PT,PT,,standing,,,,36.8629,1,450,False
32,25,CAR_0645,CAR,405,standing,,,,17.1614,1,420,True
33,25,CAR_0745,CAR,465,standing,,,,31.4234,1,480,False
34,25,CAR_0700,CAR,420,standing,,,,13.3895,1,435,False
35,25,PT,PT,,standing,,,,34.3412,1,495,False
36,25,CAR_0730,CAR,450,standing,,,,5.315,1,480,False
37,25,CAR_0915,CAR,555,standing,,,,8.7094,1,555,False
38,25,CAR_0700,CAR,420,standing,,,,22.1428,1,435,False
39,25,CAR_0715,CAR,435,standing,,,,24.0035,1,465,False
40,25,CAR_0730,CAR,450,standing,,,,22.3956,1,480,False
41,25,CAR_0715,CAR,435,standing,,,,5.1115,3,480,False
42,25,WFH,WFH,,standing,,,,15.1527,2,,False
43,25,CAR_0715,CAR,435,standing,,,,14.0924,1,510,False
44,25,PT,PT,,standing,,,,32.4681,1,495,False
45,25,CAR_0700,CAR,420,standing,,,,1.3753,1,435,False
46,25,CAR_0730,CAR,450,standing,,,,17.0246,1,495,False
47,25,PT,PT,,standing,,,,37.1948,2,480,False
48,25,CAR_0700,CAR,420,standing,,,,23.6963,1,450,False
49,25,CAR_0715,CAR,435,standing,,,,14.488,1,525,False
50,25,CAR_0745,CAR,465,standing,,,,15.9406,1,480,False
51,25,CAR_0845,CAR,525,standing,,,,11.2364,1,540,False
52,25,CAR_0730,CAR,450,standing,,,,9.8161,1,495,False
53,25,WFH,WFH,,standing,,,,24.459,2,,False
54,25,CAR_0745,CAR,465,standing,,,,3.0017,1,480,False
55,25,CAR_0700,CAR,420,standing,,,,17.7171,1,435,False
56,25,CAR_0815,CAR,495,standing,,,,3.543,1,510,False
57,25,CAR_0830,CAR,510,standing,,,,16.0867,1,525,False
58,25,WFH,WFH,,standing,,,,27.2916,5,,False
59,25,CAR_0830,CAR,510,standing,,,,3.7361,1,525,False
60,25,CAR_0730,CAR,450,standing,,,,5.3385,3,495,False
61,25,CAR_0830,CAR,510,standing,,,,15.8971,1,525,False
62,25,CAR_0815,CAR,495,standing,,,,9.1737,1,525,False
63,25,CAR_0830,CAR,510,standing,,,,31.4115,1,525,False
64,25,CAR_0700,CAR,420,standing,,,,27.5907,1,510,False
65,25,CAR_0630,CAR,390,standing,,,,27.985,1,420,True
66,25,CAR_0730,CAR,450,standing,,,,7.8959,1,465,False
67,25,CAR_0830,CAR,510,standing,,,,4.5606,1,525,False
68,25,WFH,WFH,,standing,,,,12.4707,6,,False
69,25,PT,PT,,standing,,,,38.0955,1,555,False
70,25,PT,PT,,standing,,,,32.3454,1,480,False
71,25,PT,PT,,standing,,,,38.5683,1,525,False
72,25,PT,PT,,standing,,,,29.633,1,510,False
73,25,CAR_0815,CAR,495,standing,,,,15.4119,1,510,False
74,25,CAR_0645,CAR,405,standing,,,,18.3979,1,420,True
75,25,CAR_0630,CAR,390,standing,,,,12.7445,4,420,True
76,25,CAR_0800,CAR,480,standing,,,,31.6731,1,495,False
77,25,CAR_0730,CAR,450,standing,,,,31.514,1,465,False
78,25,CAR_0745,CAR,465,standing,,,,1.6229,1,510,False
79,25,CAR_0900,CAR,540,standing,,,,21.8516,1,555,False
80,25,PT,PT,,standing,,,,30.1941,1,465,False
81,25,PT,PT,,standing,,,,35.9054,1,450,False
82,25,CAR_0900,CAR,540,standing,,,,24.5379,1,555,False
83,25,PT,PT,,standing,,,,35.1332,1,510,False
84,25,CAR_0930,CAR,570,standing,,,,21.8546,1,585,False
85,25,CAR_0630,CAR,390,standing,,,,13.3319,1,420,True
86,25,CAR_0800,CAR,480,standing,,,,2.9019,2,525,False
87,25,CAR_0830,CAR,510,standing,,,,11.3933,1,525,False
88,25,CAR_0715,CAR,435,standing,,,,20.0376,1,525,False
89,25,CAR_0715,CAR,435,standing,,,,17.6078,1,450,False
90,25,PT,PT,,standing,,,,29.1462,1,510,False
91,25,CAR_0645,CAR,405,standing,,,,11.6083,1,450,False
92,25,CAR_0745,CAR,465,standing,,,,2.6516,1,480,False
93,25,PT,PT,,standing,,,,38.9163,1,540,False
94,25,CAR_0800,CAR,480,standing,,,,28.1528,1,510,False
95,25,CAR_0645,CAR,405,standing,,,,1.9823,1,420,False
96,25,CAR_0915,CAR,555,standing,,,,14.6264,1,570,False
97,25,WFH,WFH,,standing,,,,39.5524,3,,False
98,25,CAR_0730,CAR,450,standing,,,,6.2689,2,480,False
99,25,CAR_0915,CAR,555,standing,,,,24.5582,1,555,False
100,25,CAR_0645,CAR,405,standing,,,,14.6417,1,420,False
101,25,CAR_0830,CAR,510,standing,,,,21.3331,1,525,False
102,25,CAR_0700,CAR,420,standing,,,,19.3614,1,435,False
103,25,WFH,WFH,,standing,,,,14.1295,3,,False
104,25,CAR_0830,CAR,510,standing,,,,16.6888,1,525,False
105,25,PT,PT,,standing,,,,29.0895,1,540,False
106,25,CAR_0830,CAR,510,standing,,,,19.3742,1,525,False
107,25,CAR_0700,CAR,420,standing,,,,31.9567,1,435,False
108,25,PT,PT,,standing,,,,35.3153,2,525,False
109,25,CAR_0700,CAR,420,standing,,,,20.0474,1,495,False
110,25,PT,PT,,standing,,,,32.515,1,555,False
111,25,CAR_0815,CAR,495,standing,,,,15.8092,1,510,False
112,25,CAR_0645,CAR,405,standing,,,,6.8243,1,420,False
113,25,CAR_0745,CAR,465,standing,,,,7.748,1,480,False
114,25,WFH,WFH,,standing,,,,24.9812,7,,False
115,25,CAR_0845,CAR,525,standing,,,,14.411,1,540,False
116,25,CAR_0800,CAR,480,standing,,,,17.0387,2,510,False
117,25,CAR_0745,CAR,465,standing,,,,16.6311,1,495,False
118,25,CAR_0900,CAR,540,standing,,,,16.7461,1,555,False
119,25,CAR_0830,CAR,510,standing,,,,13.928,1,525,False
120,25,CAR_0845,CAR,525,standing,,,,30.2833,1,555,False
121,25,PT,PT,,standing,,,,30.1943,1,465,False
122,25,CAR_0900,CAR,540,standing,,,,10.3038,1,555,False
123,25,PT,PT,,standing,,,,33.4356,1,435,False
124,25,CAR_0730,CAR,450,standing,,,,13.8986,1,465,False
125,25,WFH,WFH,,standing,,,,29.8302,2,,False
126,25,CAR_0845,CAR,525,standing,,,,13.7032,1,540,False
127,25,PT,PT,,standing,,,,37.0641,1,555,False
128,25,CAR_0715,CAR,435,standing,,,,9.1189,1,495,False
129,25,PT,PT,,standing,,,,29.6461,1,525,False
130,25,CAR_0800,CAR,480,standing,,,,21.8516,1,495,False
131,25,CAR_0630,CAR,390,standing,,,,12.1477,3,420,True
132,25,CAR_0815,CAR,495,standing,,,,15.5499,1,525,False
133,25,PT,PT,,standing,,,,34.6024,1,450,False
134,25,PT,PT,,standing,,,,30.676,1,555,False
135,25,CAR_0630,CAR,390,standing,,,,10.7539,1,420,True
136,25,PT,PT,,standing,,,,34.5433,1,540,False
137,25,PT,PT,,standing,,,,36.0983,2,465,False
138,25,CAR_0815,CAR,495,standing,,,,27.8935,1,510,False
139,25,CAR_0830,CAR,510,standing,,,,21.8396,2,540,False
140,25,WFH,WFH,,standing,,,,23.3061,4,,False
141,25,CAR_0645,CAR,405,standing,,,,17.2454,1,420,True
142,25,CAR_0800,CAR,480,standing,,,,18.2366,1,510,False
143,25,PT,PT,,standing,,,,32.61,2,540,False
144,25,CAR_0700,CAR,420,standing,,,,18.9712,1,510,False
145,25,PT,PT,,standing,,,,31.3362,1,420,False
146,25,CAR_0645,CAR,405,standing,,,,8.6167,1,420,False
147,25,PT,PT,,standing,,,,31.171,1,525,False
148,25,PT,PT,,standing,,,,30.541,1,555,False
149,25,PT,PT,,standing,,,,37.0227,1,525,False
150,25,PT,PT,,standing,,,,34.2198,2,510,False
151,25,PT,PT,,standing,,,,40.4192,1,510,False
152,25,CAR_0715,CAR,435,standing,,,,28.469,1,450,False
153,25,CAR_0715,CAR,435,standing,,,,30.1238,3,450,False
154,25,CAR_0830,CAR,510,standing,,,,25.8189,1,540,False
155,25,CAR_0830,CAR,510,standing,,,,26.9844,1,540,False
156,25,CAR_0815,CAR,495,standing,,,,7.2164,1,510,False
157,25,PT,PT,,standing,,,,31.2766,1,495,False
158,25,CAR_0730,CAR,450,standing,,,,1.2889,1,465,False
159,25,WFH,WFH,,standing,,,,16.5627,3,,False
160,25,CAR_0700,CAR,420,standing,,,,18.5885,1,450,False
161,25,PT,PT,,standing,,,,31.7909,1,555,False
162,25,CAR_0645,CAR,405,standing,,,,21.8543,2,420,True
163,25,CAR_0645,CAR,405,standing,,,,32.8284,7,420,True
164,25,CAR_0800,CAR,480,standing,,,,19.6767,1,495,False
165,25,CAR_0815,CAR,495,standing,,,,31.9485,1,510,False
166,25,CAR_0930,CAR,570,standing,,,,15.7706,1,585,False
167,25,CAR_0745,CAR,465,standing,,,,7.6975,3,510,False
168,25,CAR_0715,CAR,435,standing,,,,20.0227,1,480,False
169,25,CAR_0730,CAR,450,standing,,,,2.1549,1,465,False
170,25,WFH,WFH,,standing,,,,15.2247,5,,False
171,25,CAR_0715,CAR,435,standing,,,,3.0013,1,465,False
172,25,CAR_0645,CAR,405,standing,,,,8.2822,1,420,False
173,25,PT,PT,,standing,,,,29.9017,1,495,False
174,25,CAR_0915,CAR,555,standing,,,,21.2858,1,570,False
175,25,CAR_0900,CAR,540,standing,,,,31.5975,1,555,False
176,25,PT,PT,,standing,,,,29.2828,1,585,False
177,25,PT,PT,,standing,,,,33.9097,1,495,False
178,25,CAR_0745,CAR,465,standing,,,,3.7216,1,480,False
179,25,CAR_0700,CAR,420,standing,,,,15.1221,1,435,False
180,25,PT,PT,,standing,,,,30.4602,1,480,False
181,25,PT,PT,,standing,,,,30.6124,1,450,False
182,25,CAR_0700,CAR,420,standing,,,,2.1777,1,465,False
183,25,CAR_0900,CAR,540,standing,,,,22.0631,1,555,False
184,25,PT,PT,,standing,,,,36.5927,1,510,False
185,25,CAR_0630,CAR,390,standing,,,,2.8475,1,420,False
186,25,CAR_0630,CAR,390,standing,,,,2.03,1,420,False
187,25,CAR_0845,CAR,525,standing,,,,13.2574,1,540,False
188,25,CAR_0815,CAR,495,standing,,,,36.2506,1,525,False
189,25,PT,PT,,standing,,,,34.6608,1,495,False
190,25,WFH,WFH,,standing,,,,25.5988,3,,False
191,25,CAR_0715,CAR,435,standing,,,,27.0168,1,510,False
192,25,CAR_0630,CAR,390,standing,,,,23.3311,1,420,True
193,25,PT,PT,,standing,,,,29.7035,1,600,False
194,25,CAR_0630,CAR,390,standing,,,,11.922,3,420,True
195,25,CAR_0645,CAR,405,standing,,,,8.0409,2,465,False
196,25,CAR_0700,CAR,420,standing,,,,0.9034,1,435,False
197,25,PT,PT,,standing,,,,29.5943,1,555,False
198,25,CAR_0645,CAR,405,standing,,,,7.7493,2,420,True
199,25,PT,PT,,standing,,,,32.7424,1,480,False
200,25,CAR_0845,CAR,525,standing,,,,15.1305,1,540,False
201,25,PT,PT,,standing,,,,30.6199,1,555,False
202,25,CAR_0930,CAR,570,standing,,,,29.1228,1,585,False
203,25,CAR_0715,CAR,435,standing,,,,20.0311,1,450,False
204,25,CAR_0845,CAR,525,standing,,,,20.13,1,540,False
205,25,CAR_0715,CAR,435,standing,,,,13.7529,1,495,False
206,25,CAR_0700,CAR,420,standing,,,,30.3834,1,510,False
207,25,CAR_0630,CAR,390,standing,,,,0.9531,1,450,False
208,25,CAR_0845,CAR,525,standing,,,,16.9207,1,540,False
209,25,CAR_0700,CAR,420,standing,,,,1.4054,1,450,False
210,25,CAR_0630,CAR,390,standing,,,,1.9916,1,435,False
211,25,PT,PT,,standing,,,,33.3923,1,495,False
212,25,CAR_0630,CAR,390,standing,,,,25.4552,1,525,False
213,25,WFH,WFH,,standing,,,,36.9938,1,,False
214,25,PT,PT,,standing,,,,29.5958,1,555,False
215,25,CAR_0715,CAR,435,standing,,,,10.7828,1,465,False
216,25,CAR_0645,CAR,405,standing,,,,29.729,1,420,True
217,25,PT,PT,,standing,,,,32.3898,1,510,False
218,25,CAR_0815,CAR,495,standing,,,,24.2863,1,525,False
219,25,PT,PT,,standing,,,,30.3743,1,525,False
220,25,PT,PT,,standing,,,,33.8028,2,525,False
221,25,CAR_0715,CAR,435,standing,,,,26.7015,1,480,False
222,25,CAR_0730,CAR,450,standing,,,,23.7576,1,540,False
223,25,CAR_0915,CAR,555,standing,,,,34.5881,1,570,False
224,25,CAR_0730,CAR,450,standing,,,,24.3035,1,480,False
225,25,CAR_0845,CAR,525,standing,,,,26.0902,1,525,False
226,25,CAR_0745,CAR,465,standing,,,,14.3425,1,480,False
227,25,CAR_0830,CAR,510,standing,,,,14.825,1,540,False
228,25,CAR_0715,CAR,435,standing,,,,5.7626,1,450,False
229,25,CAR_0900,CAR,540,standing,,,,3.5309,1,555,False
230,25,PT,PT,,standing,,,,32.0298,1,510,False
231,25,CAR_0830,CAR,510,standing,,,,16.2021,1,525,False
232,25,CAR_0830,CAR,510,standing,,,,10.6177,1,525,False
233,25,CAR_0715,CAR,435,standing,,,,11.501,1,450,False
234,25,CAR_0930,CAR,570,standing,,,,27.5475,1,585,False
235,25,PT,PT,,standing,,,,31.2153,1,570,False
236,25,CAR_0715,CAR,435,standing,,,,20.8845,3,495,False
237,25,CAR_0915,CAR,555,standing,,,,24.9109,1,555,False
238,25,CAR_0900,CAR,540,standing,,,,13.8969,1,555,False
239,25,CAR_0730,CAR,450,standing,,,,8.3369,1,465,False
240,25,CAR_0915,CAR,555,standing,,,,14.5015,1,570,False
241,25,CAR_0730,CAR,450,standing,,,,21.341,3,495,False
242,25,CAR_0715,CAR,435,standing,,,,10.5177,1,480,False
243,25,PT,PT,,standing,,,,30.1329,1,540,False
244,25,CAR_0715,CAR,435,standing,,,,21.7307,1,450,False
245,25,CAR_0915,CAR,555,standing,,,,20.969,1,555,False
246,25,CAR_0700,CAR,420,standing,,,,23.8046,2,435,False
247,25,PT,PT,,standing,,,,30.6216,1,570,False
248,25,PT,PT,,standing,,,,31.6977,1,540,False
249,25,CAR_0815,CAR,495,standing,,,,29.4678,1,510,False
250,25,CAR_0645,CAR,405,standing,,,,27.7188,6,420,True
251,25,CAR_0715,CAR,435,standing,,,,20.6904,1,480,False
252,25,PT,PT,,standing,,,,31.687,1,525,False
253,25,CAR_0715,CAR,435,standing,,,,10.6945,3,435,False
254,25,CAR_0830,CAR,510,standing,,,,31.7278,1,525,False
255,25,CAR_0800,CAR,480,standing,,,,27.1868,1,495,False
256,25,CAR_0630,CAR,390,standing,,,,32.4382,1,420,False
257,25,PT,PT,,standing,,,,29.4473,1,450,False
258,25,PT,PT,,standing,,,,29.7633,1,525,False
259,25,CAR_0645,CAR,405,standing,,,,24.7571,6,420,True
260,25,CAR_0615,CAR,375,standing,,,,20.6891,1,420,True
261,25,WFH,WFH,,standing,,,,23.1202,4,,False
262,25,PT,PT,,standing,,,,30.4879,2,570,False
263,25,CAR_0630,CAR,390,standing,,,,11.6224,1,420,False
264,25,CAR_0715,CAR,435,standing,,,,2.8064,1,465,False
265,25,PT,PT,,standing,,,,30.8923,1,525,False
266,25,CAR_0630,CAR,390,standing,,,,18.2443,1,420,True
267,25,CAR_0900,CAR,540,standing,,,,31.008,1,555,False
268,25,PT,PT,,standing,,,,28.7778,1,495,False
269,25,CAR_0700,CAR,420,standing,,,,3.8342,1,435,False
270,25,PT,PT,,standing,,,,28.5785,1,465,False
271,25,PT,PT,,standing,,,,32.9601,1,555,False
272,25,CAR_0930,CAR,570,standing,,,,29.9639,1,600,False
273,25,PT,PT,,standing,,,,32.8596,1,555,False
274,25,CAR_0700,CAR,420,standing,,,,12.6727,1,435,False
275,25,CAR_0815,CAR,495,standing,,,,13.777,1,510,False
276,25,CAR_0645,CAR,405,standing,,,,41.2422,2,420,True
277,25,WFH,WFH,,standing,,,,19.9404,4,,False
278,25,PT,PT,,standing,,,,32.5009,1,525,False
279,25,CAR_0700,CAR,420,standing,,,,20.1113,1,450,False
280,25,CAR_0700,CAR,420,standing,,,,3.8365,1,435,False
281,25,WFH,WFH,,standing,,,,29.3513,1,,False
282,25,CAR_0730,CAR,450,standing,,,,4.6425,1,465,False
283,25,CAR_0745,CAR,465,standing,,,,4.0243,2,495,False
284,25,PT,PT,,standing,,,,34.3552,1,525,False
285,25,CAR_0645,CAR,405,standing,,,,33.3511,1,420,True
286,25,CAR_0715,CAR,435,standing,,,,13.3861,2,480,False
287,25,CAR_0630,CAR,390,standing,,,,8.6212,1,420,False
288,25,CAR_0900,CAR,540,standing,,,,31.6933,1,555,False
289,25,CAR_0645,CAR,405,standing,,,,20.0681,5,420,True
290,25,PT,PT,,standing,,,,37.4976,1,525,False
291,25,CAR_0830,CAR,510,standing,,,,19.437,1,525,False
292,25,PT,PT,,standing,,,,40.7859,2,510,False
293,25,PT,PT,,standing,,,,33.1909,1,510,False
294,25,PT,PT,,standing,,,,39.0741,1,525,False
295,25,CAR_0715,CAR,435,standing,,,,15.7059,1,450,False
296,25,PT,PT,,standing,,,,43.1146,1,495,False
297,25,PT,PT,,standing,,,,37.0599,1,465,False
298,25,CAR_0715,CAR,435,standing,,,,7.8819,1,465,False
299,25,CAR_0715,CAR,435,standing,,,,21.2323,1,510,False
0,26,PT,PT,,standing,,,,28.5785,1,465,False
1,26,PT,PT,,standing,,,,32.9601,1,555,False
2,26,CAR_0930,CAR,570,standing,,,,29.8671,1,600,False
3,26,PT,PT,,standing,,,,32.8596,1,555,False
4,26,CAR_0700,CAR,420,standing,,,,12.587,1,435,False
5,26,CAR_0815,CAR,495,standing,,,,13.6101,1,510,False
6,26,CAR_0645,CAR,405,standing,,,,39.7612,2,420,True
7,26,WFH,WFH,,standing,,,,19.9404,4,,False
8,26,PT,PT,,standing,,,,32.5009,1,525,False
9,26,CAR_0700,CAR,420,standing,,,,20.1209,1,450,False
10,26,CAR_0700,CAR,420,standing,,,,2.907,1,435,False
11,26,CAR_0645,CAR,405,standing,,,,29.5895,1,420,True
12,26,CAR_0730,CAR,450,standing,,,,3.2077,1,465,False
13,26,CAR_0800,CAR,480,standing,,,,2.6446,1,495,False
14,26,PT,PT,,standing,,,,34.3552,1,525,False
15,26,CAR_0845,CAR,525,standing,,,,32.3154,1,540,False
16,26,CAR_0715,CAR,435,standing,,,,12.8353,1,480,False
17,26,CAR_0630,CAR,390,standing,,,,8.1373,1,420,False
18,26,CAR_0900,CAR,540,standing,,,,31.5942,1,555,False
19,26,CAR_0645,CAR,405,standing,,,,18.9706,2,420,True
20,26,PT,PT,,standing,,,,37.4976,1,525,False
21,26,CAR_0830,CAR,510,standing,,,,18.0031,1,525,False
22,26,PT,PT,,standing,,,,40.7859,2,510,False
23,26,PT,PT,,standing,,,,33.1909,1,510,False
24,26,PT,PT,,standing,,,,39.0741,1,525,False
25,26,CAR_0715,CAR,435,standing,,,,14.7741,1,450,False
26,26,PT,PT,,standing,,,,43.1146,1,495,False
27,26,PT,PT,,standing,,,,37.0599,1,465,False
28,26,CAR_0715,CAR,435,standing,,,,7.7808,1,465,False
29,26,CAR_0715,CAR,435,standing,,,,21.0344,1,510,False
30,26,PT,PT,,standing,,,,30.908,1,540,False
31,26,PT,PT,,standing,,,,36.8629,1,450,False
32,26,CAR_0645,CAR,405,standing,,,,17.1573,1,420,True
33,26,CAR_0745,CAR,465,standing,,,,31.418,1,480,False
34,26,CAR_0700,CAR,420,standing,,,,13.3853,1,435,False
35,26,PT,PT,,standing,,,,34.3412,1,495,False
36,26,CAR_0730,CAR,450,standing,,,,5.3168,1,480,False
37,26,CAR_0915,CAR,555,standing,,,,8.699,1,555,False
38,26,CAR_0700,CAR,420,standing,,,,22.1387,1,435,False
39,26,CAR_0715,CAR,435,standing,,,,23.9972,1,465,False
40,26,CAR_0730,CAR,450,standing,,,,22.3905,1,480,False
41,26,CAR_0715,CAR,435,standing,,,,5.11,3,480,False
42,26,WFH,WFH,,standing,,,,15.1527,2,,False
43,26,CAR_0715,CAR,435,standing,,,,14.0883,1,510,False
44,26,PT,PT,,standing,,,,32.4681,1,495,False
45,26,CAR_0700,CAR,420,standing,,,,1.3751,1,435,False
46,26,CAR_0730,CAR,450,standing,,,,17.0201,1,495,False
47,26,PT,PT,,standing,,,,37.1948,2,480,False
48,26,CAR_0700,CAR,420,standing,,,,23.6923,1,450,False
49,26,CAR_0715,CAR,435,standing,,,,14.4839,1,525,False
50,26,CAR_0745,CAR,465,standing,,,,15.935,1,480,False
51,26,CAR_0845,CAR,525,standing,,,,11.2303,1,540,False
52,26,CAR_0730,CAR,450,standing,,,,9.8115,1,495,False
53,26,WFH,WFH,,standing,,,,24.459,2,,False
54,26,CAR_0745,CAR,465,standing,,,,3.0011,1,480,False
55,26,CAR_0700,CAR,420,standing,,,,17.7129,1,435,False
56,26,CAR_0815,CAR,495,standing,,,,3.5428,1,510,False
57,26,CAR_0830,CAR,510,standing,,,,16.0805,1,525,False
58,26,WFH,WFH,,standing,,,,27.2916,5,,False
59,26,CAR_0830,CAR,510,standing,,,,3.7359,1,525,False
60,26,CAR_0730,CAR,450,standing,,,,5.3409,3,495,False
61,26,CAR_0830,CAR,510,standing,,,,15.8898,1,525,False
62,26,CAR_0815,CAR,495,standing,,,,9.1738,1,525,False
63,26,CAR_0830,CAR,510,standing,,,,31.4054,1,525,False
64,26,CAR_0700,CAR,420,standing,,,,27.5866,1,510,False
65,26,CAR_0630,CAR,390,standing,,,,27.981,1,420,True
66,26,CAR_0730,CAR,450,standing,,,,7.8906,1,465,False
67,26,CAR_0830,CAR,510,standing,,,,4.561,1,525,False
68,26,WFH,WFH,,standing,,,,12.4707,6,,False
69,26,PT,PT,,standing,,,,38.0955,1,555,False
70,26,PT,PT,,standing,,,,32.3454,1,480,False
71,26,PT,PT,,standing,,,,38.5683,1,525,False
72,26,PT,PT,,standing,,,,29.633,1,510,False
73,26,CAR_0815,CAR,495,standing,,,,15.4049,1,510,False
74,26,CAR_0645,CAR,405,standing,,,,18.3941,1,420,True
75,26,CAR_0630,CAR,390,standing,,,,12.7405,4,420,True
76,26,CAR_0800,CAR,480,standing,,,,31.6676,1,495,False
77,26,CAR_0730,CAR,450,standing,,,,31.5158,1,465,False
78,26,CAR_0745,CAR,465,standing,,,,1.6229,1,510,False
79,26,CAR_0900,CAR,540,standing,,,,21.846,1,555,False
80,26,PT,PT,,standing,,,,30.1941,1,465,False
81,26,PT,PT,,standing,,,,35.9054,1,450,False
82,26,CAR_0900,CAR,540,standing,,,,24.5322,1,555,False
83,26,PT,PT,,standing,,,,35.1332,1,510,False
84,26,CAR_0930,CAR,570,standing,,,,21.8505,1,585,False
85,26,CAR_0630,CAR,390,standing,,,,13.3277,1,420,True
86,26,CAR_0800,CAR,480,standing,,,,2.9018,2,525,False
87,26,CAR_0830,CAR,510,standing,,,,11.3861,1,525,False
88,26,CAR_0715,CAR,435,standing,,,,20.0313,1,525,False
89,26,CAR_0715,CAR,435,standing,,,,17.6037,1,450,False
90,26,PT,PT,,standing,,,,29.1462,1,510,False
91,26,CAR_0645,CAR,405,standing,,,,11.6046,1,450,False
92,26,CAR_0745,CAR,465,standing,,,,2.6517,1,480,False
93,26,PT,PT,,standing,,,,38.9163,1,540,False
94,26,CAR_0800,CAR,480,standing,,,,28.1528,1,510,False
95,26,CAR_0645,CAR,405,standing,,,,1.9824,1,420,False
96,26,CAR_0915,CAR,555,standing,,,,14.6219,1,570,False
97,26,WFH,WFH,,standing,,,,39.5524,3,,False
98,26,CAR_0730,CAR,450,standing,,,,6.2675,2,480,False
99,26,CAR_0915,CAR,555,standing,,,,24.5535,1,555,False
100,26,CAR_0645,CAR,405,standing,,,,14.6368,1,420,False
101,26,CAR_0830,CAR,510,standing,,,,21.3272,1,525,False
102,26,CAR_0700,CAR,420,standing,,,,19.3574,1,435,False
103,26,WFH,WFH,,standing,,,,14.1295,3,,False
104,26,CAR_0830,CAR,510,standing,,,,16.6825,1,525,False
105,26,PT,PT,,standing,,,,29.0895,1,540,False
106,26,CAR_0830,CAR,510,standing,,,,19.3691,1,525,False
107,26,CAR_0700,CAR,420,standing,,,,31.9525,1,435,False
108,26,PT,PT,,standing,,,,35.3153,2,525,False
109,26,CAR_0700,CAR,420,standing,,,,20.0425,1,495,False
110,26,PT,PT,,standing,,,,32.515,1,555,False
111,26,CAR_0815,CAR,495,standing,,,,15.8031,1,510,False
112,26,CAR_0645,CAR,405,standing,,,,6.8201,1,420,False
113,26,CAR_0745,CAR,465,standing,,,,7.7482,1,480,False
114,26,WFH,WFH,,standing,,,,24.9812,7,,False
115,26,CAR_0845,CAR,525,standing,,,,14.4053,1,540,False
116,26,CAR_0800,CAR,480,standing,,,,17.033,2,510,False
117,26,CAR_0745,CAR,465,standing,,,,16.6256,1,495,False
118,26,CAR_0900,CAR,540,standing,,,,16.7408,1,555,False
119,26,CAR_0830,CAR,510,standing,,,,13.9219,1,525,False
120,26,CAR_0845,CAR,525,standing,,,,30.2772,1,555,False
121,26,PT,PT,,standing,,,,30.1943,1,465,False
122,26,CAR_0900,CAR,540,standing,,,,10.2979,1,555,False
123,26,PT,PT,,standing,,,,33.4356,1,435,False
124,26,CAR_0730,CAR,450,standing,,,,13.8943,1,465,False
125,26,WFH,WFH,,standing,,,,29.8302,2,,False
126,26,CAR_0845,CAR,525,standing,,,,13.6971,1,540,False
127,26,PT,PT,,standing,,,,37.0641,1,555,False
128,26,CAR_0715,CAR,435,standing,,,,9.1147,1,495,False
129,26,PT,PT,,standing,,,,29.6461,1,525,False
130,26,CAR_0800,CAR,480,standing,,,,21.8457,1,495,False
131,26,CAR_0630,CAR,390,standing,,,,12.1461,3,420,True
132,26,CAR_0815,CAR,495,standing,,,,15.5439,1,525,False
133,26,PT,PT,,standing,,,,34.6024,1,450,False
134,26,PT,PT,,standing,,,,30.676,1,555,False
135,26,CAR_0630,CAR,390,standing,,,,10.7499,1,420,True
136,26,PT,PT,,standing,,,,34.5433,1,540,False
137,26,PT,PT,,standing,,,,36.0983,2,465,False
138,26,CAR_0815,CAR,495,standing,,,,27.8873,1,510,False
139,26,CAR_0830,CAR,510,standing,,,,21.8317,2,540,False
140,26,WFH,WFH,,standing,,,,23.3061,4,,False
141,26,CAR_0645,CAR,405,standing,,,,17.2412,1,420,True
142,26,CAR_0800,CAR,480,standing,,,,18.2305,1,510,False
143,26,PT,PT,,standing,,,,32.61,2,540,False
144,26,CAR_0700,CAR,420,standing,,,,18.967,1,510,False
145,26,PT,PT,,standing,,,,31.3362,1,420,False
146,26,CAR_0645,CAR,405,standing,,,,8.6158,1,420,False
147,26,PT,PT,,standing,,,,31.171,1,525,False
148,26,PT,PT,,standing,,,,30.541,1,555,False
149,26,PT,PT,,standing,,,,37.0227,1,525,False
150,26,PT,PT,,standing,,,,34.2198,2,510,False
151,26,PT,PT,,standing,,,,40.4192,1,510,False
152,26,CAR_0715,CAR,435,standing,,,,28.4649,1,450,False
153,26,CAR_0715,CAR,435,standing,,,,30.1182,3,450,False
154,26,CAR_0830,CAR,510,standing,,,,25.8128,1,540,False
155,26,CAR_0830,CAR,510,standing,,,,26.9716,1,540,False
156,26,CAR_0815,CAR,495,standing,,,,7.2164,1,510,False
157,26,PT,PT,,standing,,,,31.2766,1,495,False
158,26,CAR_0730,CAR,450,standing,,,,1.2881,1,465,False
159,26,WFH,WFH,,standing,,,,16.5627,3,,False
160,26,CAR_0700,CAR,420,standing,,,,18.5836,1,450,False
161,26,PT,PT,,standing,,,,31.7909,1,555,False
162,26,CAR_0645,CAR,405,standing,,,,21.8479,2,420,True
163,26,CAR_0645,CAR,405,standing,,,,32.8208,7,420,True
164,26,CAR_0800,CAR,480,standing,,,,19.6706,1,495,False
165,26,CAR_0815,CAR,495,standing,,,,31.9418,1,510,False
166,26,CAR_0930,CAR,570,standing,,,,15.7666,1,585,False
167,26,CAR_0745,CAR,465,standing,,,,7.6975,3,510,False
168,26,CAR_0715,CAR,435,standing,,,,20.0185,1,480,False
169,26,CAR_0730,CAR,450,standing,,,,2.1564,1,465,False
170,26,WFH,WFH,,standing,,,,15.2247,5,,False
171,26,CAR_0715,CAR,435,standing,,,,2.9993,1,465,False
172,26,CAR_0645,CAR,405,standing,,,,8.278,1,420,False
173,26,PT,PT,,standing,,,,29.9017,1,495,False
174,26,CAR_0915,CAR,555,standing,,,,21.2816,1,570,False
175,26,CAR_0900,CAR,540,standing,,,,31.592,1,555,False
176,26,PT,PT,,standing,,,,29.2828,1,585,False
177,26,PT,PT,,standing,,,,33.9097,1,495,False
178,26,CAR_0745,CAR,465,standing,,,,3.7217,1,480,False
179,26,CAR_0700,CAR,420,standing,,,,15.1179,1,435,False
180,26,PT,PT,,standing,,,,30.4602,1,480,False
181,26,PT,PT,,standing,,,,30.6124,1,450,False
182,26,CAR_0700,CAR,420,standing,,,,2.1777,1,465,False
183,26,CAR_0900,CAR,540,standing,,,,22.058,1,555,False
184,26,PT,PT,,standing,,,,36.5927,1,510,False
185,26,CAR_0630,CAR,390,standing,,,,2.8475,1,420,False
186,26,CAR_0630,CAR,390,standing,,,,2.0299,1,420,False
187,26,CAR_0845,CAR,525,standing,,,,13.2516,1,540,False
188,26,CAR_0815,CAR,495,standing,,,,36.2426,1,525,False
189,26,PT,PT,,standing,,,,34.6608,1,495,False
190,26,WFH,WFH,,standing,,,,25.5988,3,,False
191,26,CAR_0715,CAR,435,standing,,,,27.0103,1,510,False
192,26,CAR_0630,CAR,390,standing,,,,23.3275,1,420,True
193,26,PT,PT,,standing,,,,29.7035,1,600,False
194,26,CAR_0630,CAR,390,standing,,,,11.9219,3,420,True
195,26,CAR_0645,CAR,405,standing,,,,8.0369,2,465,False
196,26,CAR_0700,CAR,420,standing,,,,0.9034,1,435,False
197,26,PT,PT,,standing,,,,29.5943,1,555,False
198,26,CAR_0645,CAR,405,standing,,,,7.7493,2,420,True
199,26,PT,PT,,standing,,,,32.7424,1,480,False
200,26,CAR_0845,CAR,525,standing,,,,15.1244,1,540,False
201,26,PT,PT,,standing,,,,30.6199,1,555,False
202,26,CAR_0930,CAR,570,standing,,,,29.1187,1,585,False
203,26,CAR_0715,CAR,435,standing,,,,20.0241,1,450,False
204,26,CAR_0845,CAR,525,standing,,,,20.1239,1,540,False
205,26,CAR_0715,CAR,435,standing,,,,13.7484,1,495,False
206,26,CAR_0700,CAR,420,standing,,,,30.3793,1,510,False
207,26,CAR_0630,CAR,390,standing,,,,0.9531,1,450,False
208,26,CAR_0845,CAR,525,standing,,,,16.9145,1,540,False
209,26,CAR_0700,CAR,420,standing,,,,1.4052,1,450,False
210,26,CAR_0630,CAR,390,standing,,,,1.9916,1,435,False
211,26,PT,PT,,standing,,,,33.3923,1,495,False
212,26,CAR_0630,CAR,390,standing,,,,25.4512,1,525,False
213,26,WFH,WFH,,standing,,,,36.9938,1,,False
214,26,PT,PT,,standing,,,,29.5958,1,555,False
215,26,CAR_0715,CAR,435,standing,,,,10.7761,1,465,False
216,26,CAR_0645,CAR,405,standing,,,,29.7247,1,420,True
217,26,PT,PT,,standing,,,,32.3898,1,510,False
218,26,CAR_0815,CAR,495,standing,,,,24.2784,1,525,False
219,26,PT,PT,,standing,,,,30.3743,1,525,False
220,26,PT,PT,,standing,,,,33.8028,2,525,False
221,26,CAR_0715,CAR,435,standing,,,,26.6965,1,480,False
222,26,CAR_0730,CAR,450,standing,,,,23.7546,1,540,False
223,26,CAR_0915,CAR,555,standing,,,,34.5837,1,570,False
224,26,CAR_0730,CAR,450,standing,,,,24.2992,1,480,False
225,26,CAR_0845,CAR,525,standing,,,,26.0834,1,525,False
226,26,CAR_0745,CAR,465,standing,,,,14.3367,1,480,False
227,26,CAR_0830,CAR,510,standing,,,,14.8189,1,540,False
228,26,CAR_0715,CAR,435,standing,,,,5.7584,1,450,False
229,26,CAR_0900,CAR,540,standing,,,,3.5301,1,555,False
230,26,PT,PT,,standing,,,,32.0298,1,510,False
231,26,CAR_0830,CAR,510,standing,,,,16.1963,1,525,False
232,26,CAR_0830,CAR,510,standing,,,,10.6144,1,525,False
233,26,CAR_0715,CAR,435,standing,,,,11.4961,1,450,False
234,26,CAR_0930,CAR,570,standing,,,,27.5369,1,585,False
235,26,PT,PT,,standing,,,,31.2153,1,570,False
236,26,CAR_0715,CAR,435,standing,,,,20.8793,3,495,False
237,26,CAR_0915,CAR,555,standing,,,,24.9023,1,555,False
238,26,CAR_0900,CAR,540,standing,,,,13.8914,1,555,False
239,26,CAR_0730,CAR,450,standing,,,,8.3315,1,465,False
240,26,CAR_0915,CAR,555,standing,,,,14.4969,1,570,False
241,26,CAR_0730,CAR,450,standing,,,,21.3363,3,495,False
242,26,CAR_0715,CAR,435,standing,,,,10.5137,1,480,False
243,26,PT,PT,,standing,,,,30.1329,1,540,False
244,26,CAR_0715,CAR,435,standing,,,,21.7271,1,450,False
245,26,CAR_0915,CAR,555,standing,,,,20.965,1,555,False
246,26,CAR_0700,CAR,420,standing,,,,23.7993,2,435,False
247,26,PT,PT,,standing,,,,30.6216,1,570,False
248,26,PT,PT,,standing,,,,31.6977,1,540,False
249,26,CAR_0815,CAR,495,standing,,,,29.4617,1,510,False
250,26,CAR_0645,CAR,405,standing,,,,27.7146,6,420,True
251,26,CAR_0715,CAR,435,standing,,,,20.6852,1,480,False
252,26,PT,PT,,standing,,,,31.687,1,525,False
253,26,CAR_0715,CAR,435,standing,,,,10.6902,3,435,False
254,26,CAR_0830,CAR,510,standing,,,,31.7218,1,525,False
255,26,CAR_0800,CAR,480,standing,,,,27.1807,1,495,False
256,26,CAR_0630,CAR,390,standing,,,,32.4341,1,420,False
257,26,PT,PT,,standing,,,,29.4473,1,450,False
258,26,PT,PT,,standing,,,,29.7633,1,525,False
259,26,CAR_0645,CAR,405,standing,,,,24.7536,6,420,True
260,26,CAR_0615,CAR,375,standing,,,,20.685,1,420,True
261,26,WFH,WFH,,standing,,,,23.1202,4,,False
262,26,PT,PT,,standing,,,,30.4879,2,570,False
263,26,CAR_0630,CAR,390,standing,,,,11.6183,1,420,False
264,26,CAR_0715,CAR,435,standing,,,,2.8058,1,465,False
265,26,PT,PT,,standing,,,,30.8923,1,525,False
266,26,CAR_0630,CAR,390,standing,,,,18.2401,1,420,True
267,26,CAR_0900,CAR,540,standing,,,,30.9879,1,555,False
268,26,PT,PT,,standing,,,,28.7778,1,495,False
269,26,CAR_0700,CAR,420,standing,,,,3.8342,1,435,False
270,26,PT,PT,,standing,,,,28.5785,1,465,False
271,26,PT,PT,,standing,,,,32.9601,1,555,False
272,26,CAR_0930,CAR,570,standing,,,,29.9613,1,600,False
273,26,PT,PT,,standing,,,,32.8596,1,555,False
274,26,CAR_0700,CAR,420,standing,,,,12.6687,1,435,False
275,26,CAR_0815,CAR,495,standing,,,,13.771,1,510,False
276,26,CAR_0645,CAR,405,standing,,,,41.2363,2,420,True
277,26,WFH,WFH,,standing,,,,19.9404,4,,False
278,26,PT,PT,,standing,,,,32.5009,1,525,False
279,26,CAR_0700,CAR,420,standing,,,,20.1055,1,450,False
280,26,CAR_0700,CAR,420,standing,,,,3.8365,1,435,False
281,26,WFH,WFH,,standing,,,,29.3513,1,,False
282,26,CAR_0730,CAR,450,standing,,,,4.6433,1,465,False
283,26,CAR_0745,CAR,465,standing,,,,4.024,2,495,False
284,26,PT,PT,,standing,,,,34.3552,1,525,False
285,26,CAR_0645,CAR,405,standing,,,,33.3469,1,420,True
286,26,CAR_0715,CAR,435,standing,,,,13.3761,2,480,False
287,26,CAR_0630,CAR,390,standing,,,,8.6228,1,420,False
288,26,CAR_0900,CAR,540,standing,,,,31.688,1,555,False
289,26,CAR_0645,CAR,405,standing,,,,20.0633,5,420,True
290,26,PT,PT,,standing,,,,37.4976,1,525,False
291,26,CAR_0830,CAR,510,standing,,,,19.4311,1,525,False
292,26,PT,PT,,standing,,,,40.7859,2,510,False
293,26,PT,PT,,standing,,,,33.1909,1,510,False
294,26,PT,PT,,standing,,,,39.0741,1,525,False
295,26,CAR_0715,CAR,435,standing,,,,15.7059,1,450,False
296,26,PT,PT,,standing,,,,43.1146,1,495,False
297,26,PT,PT,,standing,,,,37.0599,1,465,False
298,26,CAR_0715,CAR,435,standing,,,,7.8799,1,465,False
299,26,CAR_0715,CAR,435,standing,,,,21.2273,1,510,False
0,27,PT,PT,,standing,,,,28.5785,1,465,False
1,27,PT,PT,,standing,,,,32.9601,1,555,False
2,27,CAR_0930,CAR,570,standing,,,,29.8647,1,600,False
3,27,PT,PT,,standing,,,,32.8596,1,555,False
4,27,CAR_0700,CAR,420,standing,,,,12.5842,1,435,False
5,27,CAR_0815,CAR,495,standing,,,,13.6056,1,510,False
6,27,CAR_0645,CAR,405,standing,,,,39.7579,2,420,True
7,27,WFH,WFH,,standing,,,,19.9404,4,,False
8,27,PT,PT,,standing,,,,32.5009,1,525,False
9,27,CAR_0700,CAR,420,standing,,,,20.118,1,450,False
10,27,CAR_0700,CAR,420,standing,,,,2.907,1,435,False
11,27,CAR_0645,CAR,405,standing,,,,29.5868,1,420,True
12,27,CAR_0730,CAR,450,standing,,,,3.2069,1,465,False
13,27,CAR_0800,CAR,480,standing,,,,2.6446,1,495,False
14,27,PT,PT,,standing,,,,34.3552,1,525,False
15,27,CAR_0845,CAR,525,standing,,,,32.3111,1,540,False
16,27,CAR_0715,CAR,435,standing,,,,12.8296,1,480,False
17,27,CAR_0630,CAR,390,standing,,,,8.1372,1,420,False
18,27,CAR_0900,CAR,540,standing,,,,31.5904,1,555,False
19,27,CAR_0645,CAR,405,standing,,,,18.9671,2,420,True
20,27,PT,PT,,standing,,,,37.4976,1,525,False
21,27,CAR_0830,CAR,510,standing,,,,17.9985,1,525,False
22,27,PT,PT,,standing,,,,40.7859,2,510,False
23,27,PT,PT,,standing,,,,33.1909,1,510,False
24,27,PT,PT,,standing,,,,39.0741,1,525,False
25,27,CAR_0715,CAR,435,standing,,,,14.7712,1,450,False
26,27,PT,PT,,standing,,,,43.1146,1,495,False
27,27,PT,PT,,standing,,,,37.0599,1,465,False
28,27,CAR_0715,CAR,435,standing,,,,7.7817,1,465,False
29,27,CAR_0715,CAR,435,standing,,,,21.0306,1,510,False
30,27,PT,PT,,standing,,,,30.908,1,540,False
31,27,PT,PT,,standing,,,,36.8629,1,450,False
32,27,CAR_0645,CAR,405,standing,,,,17.1544,1,420,True
33,27,CAR_0745,CAR,465,standing,,,,31.4142,1,480,False
34,27,CAR_0700,CAR,420,standing,,,,13.3824,1,435,False
35,27,PT,PT,,standing,,,,34.3412,1,495,False
36,27,CAR_0730,CAR,450,standing,,,,5.3181,1,480,False
37,27,CAR_0915,CAR,555,standing,,,,8.6917,1,555,False
38,27,CAR_0700,CAR,420,standing,,,,22.1358,1,435,False
39,27,CAR_0715,CAR,435,standing,,,,23.9928,1,465,False
40,27,CAR_0730,CAR,450,standing,,,,22.3869,1,480,False
41,27,CAR_0715,CAR,435,standing,,,,5.1089,3,480,False
42,27,WFH,WFH,,standing,,,,15.1527,2,,False
43,27,CAR_0715,CAR,435,standing,,,,14.0855,1,510,False
44,27,PT,PT,,standing,,,,32.4681,1,495,False
45,27,CAR_0700,CAR,420,standing,,,,1.3751,1,435,False
46,27,CAR_0730,CAR,450,standing,,,,17.0169,1,495,False
47,27,PT,PT,,standing,,,,37.1948,2,480,False
48,27,CAR_0700,CAR,420,standing,,,,23.6894,1,450,False
49,27,CAR_0715,CAR,435,standing,,,,14.481,1,525,False
50,27,CAR_0745,CAR,465,standing,,,,15.9311,1,480,False
51,27,CAR_0845,CAR,525,standing,,,,11.226,1,540,False
52,27,CAR_0730,CAR,450,standing,,,,9.8083,1,495,False
53,27,WFH,WFH,,standing,,,,24.459,2,,False
54,27,CAR_0745,CAR,465,standing,,,,3.0007,1,480,False
55,27,CAR_0700,CAR,420,standing,,,,17.71,1,435,False
56,27,CAR_0815,CAR,495,standing,,,,3.5427,1,510,False
57,27,CAR_0830,CAR,510,standing,,,,16.0761,1,525,False
58,27,WFH,WFH,,standing,,,,27.2916,5,,False
59,27,CAR_0830,CAR,510,standing,,,,3.7358,1,525,False
60,27,CAR_0730,CAR,450,standing,,,,5.3426,3,495,False
61,27,CAR_0830,CAR,510,standing,,,,15.8847,1,525,False
62,27,CAR_0815,CAR,495,standing,,,,9.1738,1,525,False
63,27,CAR_0830,CAR,510,standing,,,,31.4011,1,525,False
64,27,CAR_0700,CAR,420,standing,,,,27.5838,1,510,False
65,27,CAR_0630,CAR,390,standing,,,,27.9782,1,420,True
66,27,CAR_0730,CAR,450,standing,,,,7.887,1,465,False
67,27,CAR_0830,CAR,510,standing,,,,4.5613,1,525,False
68,27,WFH,WFH,,standing,,,,12.4707,6,,False
69,27,PT,PT,,standing,,,,38.0955,1,555,False
70,27,PT,PT,,standing,,,,32.3454,1,480,False
71,27,PT,PT,,standing,,,,38.5683,1,525,False
72,27,PT,PT,,standing,,,,29.633,1,510,False
73,27,CAR_0815,CAR,495,standing,,,,15.4001,1,510,False
74,27,CAR_0645,CAR,405,standing,,,,18.3915,1,420,True
75,27,CAR_0630,CAR,390,standing,,,,12.7376,4,420,True
76,27,CAR_0800,CAR,480,standing,,,,31.6637,1,495,False
77,27,CAR_0730,CAR,450,standing,,,,31.517,1,465,False
78,27,CAR_0745,CAR,465,standing,,,,1.6229,1,510,False
79,27,CAR_0900,CAR,540,standing,,,,21.8421,1,555,False
80,27,PT,PT,,standing,,,,30.1941,1,465,False
81,27,PT,PT,,standing,,,,35.9054,1,450,False
82,27,CAR_0900,CAR,540,standing,,,,24.5283,1,555,False
83,27,PT,PT,,standing,,,,35.1332,1,510,False
84,27,CAR_0930,CAR,570,standing,,,,21.8476,1,585,False
85,27,CAR_0630,CAR,390,standing,,,,13.3248,1,420,True
86,27,CAR_0800,CAR,480,standing,,,,2.9018,2,525,False
87,27,CAR_0830,CAR,510,standing,,,,11.3811,1,525,False
88,27,CAR_0715,CAR,435,standing,,,,20.0269,1,525,False
89,27,CAR_0715,CAR,435,standing,,,,17.6009,1,450,False
90,27,PT,PT,,standing,,,,29.1462,1,510,False
91,27,CAR_0645,CAR,405,standing,,,,11.602,1,450,False
92,27,CAR_0745,CAR,465,standing,,,,2.6517,1,480,False
93,27,PT,PT,,standing,,,,38.9163,1,540,False
94,27,CAR_0800,CAR,480,standing,,,,28.1528,1,510,False
95,27,CAR_0645,CAR,405,standing,,,,1.9825,1,420,False
96,27,CAR_0915,CAR,555,standing,,,,14.6188,1,570,False
97,27,WFH,WFH,,standing,,,,39.5524,3,,False
98,27,CAR_0730,CAR,450,standing,,,,6.2665,2,480,False
99,27,CAR_0915,CAR,555,standing,,,,24.5502,1,555,False
100,27,CAR_0645,CAR,405,standing,,,,14.6333,1,420,False
101,27,CAR_0830,CAR,510,standing,,,,21.3231,1,525,False
102,27,CAR_0700,CAR,420,standing,,,,19.3545,1,435,False
103,27,WFH,WFH,,standing,,,,14.1295,3,,False
104,27,CAR_0830,CAR,510,standing,,,,16.6781,1,525,False
105,27,PT,PT,,standing,,,,29.0895,1,540,False
106,27,CAR_0830,CAR,510,standing,,,,19.3656,1,525,False
107,27,CAR_0700,CAR,420,standing,,,,31.9497,1,435,False
108,27,PT,PT,,standing,,,,35.3153,2,525,False
109,27,CAR_0700,CAR,420,standing,,,,20.0391,1,495,False
110,27,PT,PT,,standing,,,,32.515,1,555,False
111,27,CAR_0815,CAR,495,standing,,,,15.7988,1,510,False
112,27,CAR_0645,CAR,405,standing,,,,6.8171,1,420,False
113,27,CAR_0745,CAR,465,standing,,,,7.7482,1,480,False
114,27,WFH,WFH,,standing,,,,24.9812,7,,False
115,27,CAR_0845,CAR,525,standing,,,,14.4013,1,540,False
116,27,CAR_0800,CAR,480,standing,,,,17.0291,2,510,False
117,27,CAR_0745,CAR,465,standing,,,,16.6219,1,495,False
118,27,CAR_0900,CAR,540,standing,,,,16.737,1,555,False
119,27,CAR_0830,CAR,510,standing,,,,13.9176,1,525,False
120,27,CAR_0845,CAR,525,standing,,,,30.273,1,555,False
121,27,PT,PT,,standing,,,,30.1943,1,465,False
122,27,CAR_0900,CAR,540,standing,,,,10.2938,1,555,False
123,27,PT,PT,,standing,,,,33.4356,1,435,False
124,27,CAR_0730,CAR,450,standing,,,,13.8914,1,465,False
125,27,WFH,WFH,,standing,,,,29.8302,2,,False
126,27,CAR_0845,CAR,525,standing,,,,13.6928,1,540,False
127,27,PT,PT,,standing,,,,37.0641,1,555,False
128,27,CAR_0715,CAR,435,standing,,,,9.1117,1,495,False
129,27,PT,PT,,standing,,,,29.6461,1,525,False
130,27,CAR_0800,CAR,480,standing,,,,21.8415,1,495,False
131,27,CAR_0630,CAR,390,standing,,,,12.145,3,420,True
132,27,CAR_0815,CAR,495,standing,,,,15.5398,1,525,False
133,27,PT,PT,,standing,,,,34.6024,1,450,False
134,27,PT,PT,,standing,,,,30.676,1,555,False
135,27,CAR_0630,CAR,390,standing,,,,10.747,1,420,True
136,27,PT,PT,,standing,,,,34.5433,1,540,False
137,27,PT,PT,,standing,,,,36.0983,2,465,False
138,27,CAR_0815,CAR,495,standing,,,,27.883,1,510,False
139,27,CAR_0830,CAR,510,standing,,,,21.8262,2,540,False
140,27,WFH,WFH,,standing,,,,23.3061,4,,False
141,27,CAR_0645,CAR,405,standing,,,,17.2382,1,420,True
142,27,CAR_0800,CAR,480,standing,,,,18.2262,1,510,False
143,27,PT,PT,,standing,,,,32.61,2,540,False
144,27,CAR_0700,CAR,420,standing,,,,18.964,1,510,False
145,27,PT,PT,,standing,,,,31.3362,1,420,False
146,27,CAR_0645,CAR,405,standing,,,,8.6152,1,420,False
147,27,PT,PT,,standing,,,,31.171,1,525,False
148,27,PT,PT,,standing,,,,30.541,1,555,False
149,27,PT,PT,,standing,,,,37.0227,1,525,False
150,27,PT,PT,,standing,,,,34.2198,2,510,False
151,27,PT,PT,,standing,,,,40.4192,1,510,False
152,27,CAR_0715,CAR,435,standing,,,,28.4621,1,450,False
153,27,CAR_0715,CAR,435,standing,,,,30.1143,3,450,False
154,27,CAR_0830,CAR,510,standing,,,,25.8085,1,540,False
155,27,CAR_0830,CAR,510,standing,,,,26.9627,1,540,False
156,27,CAR_0815,CAR,495,standing,,,,7.2164,1,510,False
157,27,PT,PT,,standing,,,,31.2766,1,495,False
158,27,CAR_0730,CAR,450,standing,,,,1.2876,1,465,False
159,27,WFH,WFH,,standing,,,,16.5627,3,,False
160,27,CAR_0700,CAR,420,standing,,,,18.5802,1,450,False
161,27,PT,PT,,standing,,,,31.7909,1,555,False
162,27,CAR_0645,CAR,405,standing,,,,21.8434,2,420,True
163,27,CAR_0645,CAR,405,standing,,,,32.8155,7,420,True
164,27,CAR_0800,CAR,480,standing,,,,19.6663,1,495,False
165,27,CAR_0815,CAR,495,standing,,,,31.9371,1,510,False
166,27,CAR_0930,CAR,570,standing,,,,15.7637,1,585,False
167,27,CAR_0745,CAR,465,standing,,,,7.6975,3,510,False
168,27,CAR_0715,CAR,435,standing,,,,20.0156,1,480,False
169,27,CAR_0730,CAR,450,standing,,,,2.1575,1,465,False
170,27,WFH,WFH,,standing,,,,15.2247,5,,False
171,27,CAR_0715,CAR,435,standing,,,,2.9978,1,465,False
172,27,CAR_0645,CAR,405,standing,,,,8.275,1,420,False
173,27,PT,PT,,standing,,,,29.9017,1,495,False
174,27,CAR_0915,CAR,555,standing,,,,21.2787,1,570,False
175,27,CAR_0900,CAR,540,standing,,,,31.5881,1,555,False
176,27,PT,PT,,standing,,,,29.2828,1,585,False
177,27,PT,PT,,standing,,,,33.9097,1,495,False
178,27,CAR_0745,CAR,465,standing,,,,3.7218,1,480,False
179,27,CAR_0700,CAR,420,standing,,,,15.1149,1,435,False
180,27,PT,PT,,standing,,,,30.4602,1,480,False
181,27,PT,PT,,standing,,,,30.6124,1,450,False
182,27,CAR_0700,CAR,420,standing,,,,2.1777,1,465,False
183,27,CAR_0900,CAR,540,standing,,,,22.0543,1,555,False
184,27,PT,PT,,standing,,,,36.5927,1,510,False
185,27,CAR_0630,CAR,390,standing,,,,2.8475,1,420,False
186,27,CAR_0630,CAR,390,standing,,,,2.0297,1,420,False
187,27,CAR_0845,CAR,525,standing,,,,13.2475,1,540,False
188,27,CAR_0815,CAR,495,standing,,,,36.237,1,525,False
189,27,PT,PT,,standing,,,,34.6608,1,495,False
190,27,WFH,WFH,,standing,,,,25.5988,3,,False
191,27,CAR_0715,CAR,435,standing,,,,27.0059,1,510,False
192,27,CAR_0630,CAR,390,standing,,,,23.3249,1,420,True
193,27,PT,PT,,standing,,,,29.7035,1,600,False
194,27,CAR_0630,CAR,390,standing,,,,11.9219,3,420,True
195,27,CAR_0645,CAR,405,standing,,,,8.0342,2,465,False
196,27,CAR_0700,CAR,420,standing,,,,0.9034,1,435,False
197,27,PT,PT,,standing,,,,29.5943,1,555,False
198,27,CAR_0645,CAR,405,standing,,,,7.7493,2,420,True
199,27,PT,PT,,standing,,,,32.7424,1,480,False
200,27,CAR_0845,CAR,525,standing,,,,15.1201,1,540,False
201,27,PT,PT,,standing,,,,30.6199,1,555,False
202,27,CAR_0930,CAR,570,standing,,,,29.1159,1,585,False
203,27,CAR_0715,CAR,435,standing,,,,20.0192,1,450,False
204,27,CAR_0845,CAR,525,standing,,,,20.1196,1,540,False
205,27,CAR_0715,CAR,435,standing,,,,13.7452,1,495,False
206,27,CAR_0700,CAR,420,standing,,,,30.3764,1,510,False
207,27,CAR_0630,CAR,390,standing,,,,0.9531,1,450,False
208,27,CAR_0845,CAR,525,standing,,,,16.9102,1,540,False
209,27,CAR_0700,CAR,420,standing,,,,1.405,1,450,False
210,27,CAR_0630,CAR,390,standing,,,,1.9916,1,435,False
211,27,PT,PT,,standing,,,,33.3923,1,495,False
212,27,CAR_0630,CAR,390,standing,,,,25.4484,1,525,False
213,27,WFH,WFH,,standing,,,,36.9938,1,,False
214,27,PT,PT,,standing,,,,29.5958,1,555,False
215,27,CAR_0715,CAR,435,standing,,,,10.7715,1,465,False
216,27,CAR_0645,CAR,405,standing,,,,29.7216,1,420,True
217,27,PT,PT,,standing,,,,32.3898,1,510,False
218,27,CAR_0815,CAR,495,standing,,,,24.2728,1,525,False
219,27,PT,PT,,standing,,,,30.3743,1,525,False
220,27,PT,PT,,standing,,,,33.8028,2,525,False
221,27,CAR_0715,CAR,435,standing,,,,26.6931,1,480,False
222,27,CAR_0730,CAR,450,standing,,,,23.7525,1,540,False
223,27,CAR_0915,CAR,555,standing,,,,34.5807,1,570,False
224,27,CAR_0730,CAR,450,standing,,,,24.2962,1,480,False
225,27,CAR_0845,CAR,525,standing,,,,26.0786,1,525,False
226,27,CAR_0745,CAR,465,standing,,,,14.3326,1,480,False
227,27,CAR_0830,CAR,510,standing,,,,14.8146,1,540,False
228,27,CAR_0715,CAR,435,standing,,,,5.7555,1,450,False
229,27,CAR_0900,CAR,540,standing,,,,3.5295,1,555,False
230,27,PT,PT,,standing,,,,32.0298,1,510,False
231,27,CAR_0830,CAR,510,standing,,,,16.1923,1,525,False
232,27,CAR_0830,CAR,510,standing,,,,10.612,1,525,False
233,27,CAR_0715,CAR,435,standing,,,,11.4927,1,450,False
234,27,CAR_0930,CAR,570,standing,,,,27.5294,1,585,False
235,27,PT,PT,,standing,,,,31.2153,1,570,False
236,27,CAR_0715,CAR,435,standing,,,,20.8756,3,495,False
237,27,CAR_0915,CAR,555,standing,,,,24.8962,1,555,False
238,27,CAR_0900,CAR,540,standing,,,,13.8876,1,555,False
239,27,CAR_0730,CAR,450,standing,,,,8.3277,1,465,False
240,27,CAR_0915,CAR,555,standing,,,,14.4936,1,570,False
241,27,CAR_0730,CAR,450,standing,,,,21.333,3,495,False
242,27,CAR_0715,CAR,435,standing,,,,10.5108,1,480,False
243,27,PT,PT,,standing,,,,30.1329,1,540,False
244,27,CAR_0715,CAR,435,standing,,,,21.7245,1,450,False
245,27,CAR_0915,CAR,555,standing,,,,20.9621,1,555,False
246,27,CAR_0700,CAR,420,standing,,,,23.7957,2,435,False
247,27,PT,PT,,standing,,,,30.6216,1,570,False
248,27,PT,PT,,standing,,,,31.6977,1,540,False
249,27,CAR_0815,CAR,495,standing,,,,29.4574,1,510,False
250,27,CAR_0645,CAR,405,standing,,,,27.7116,6,420,True
251,27,CAR_0715,CAR,435,standing,,,,20.6815,1,480,False
252,27,PT,PT,,standing,,,,31.687,1,525,False
253,27,CAR_0715,CAR,435,standing,,,,10.6872,3,435,False
254,27,CAR_0830,CAR,510,standing,,,,31.7176,1,525,False
255,27,CAR_0800,CAR,480,standing,,,,27.1764,1,495,False
256,27,CAR_0630,CAR,390,standing,,,,32.4313,1,420,False
257,27,PT,PT,,standing,,,,29.4473,1,450,False
258,27,PT,PT,,standing,,,,29.7633,1,525,False
259,27,CAR_0645,CAR,405,standing,,,,24.7511,6,420,True
260,27,CAR_0615,CAR,375,standing,,,,20.6822,1,420,True
261,27,WFH,WFH,,standing,,,,23.1202,4,,False
262,27,PT,PT,,standing,,,,30.4879,2,570,False
263,27,CAR_0630,CAR,390,standing,,,,11.6154,1,420,False
264,27,CAR_0715,CAR,435,standing,,,,2.8054,1,465,False
265,27,PT,PT,,standing,,,,30.8923,1,525,False
266,27,CAR_0630,CAR,390,standing,,,,18.2371,1,420,True
267,27,CAR_0900,CAR,540,standing,,,,30.9739,1,555,False
268,27,PT,PT,,standing,,,,28.7778,1,495,False
269,27,CAR_0700,CAR,420,standing,,,,3.8342,1,435,False
270,27,PT,PT,,standing,,,,28.5785,1,465,False
271,27,PT,PT,,standing,,,,32.9601,1,555,False
272,27,CAR_0930,CAR,570,standing,,,,29.9595,1,600,False
273,27,PT,PT,,standing,,,,32.8596,1,555,False
274,27,CAR_0700,CAR,420,standing,,,,12.6659,1,435,False
275,27,CAR_0815,CAR,495,standing,,,,13.7668,1,510,False
276,27,CAR_0645,CAR,405,standing,,,,41.2322,2,420,True
277,27,WFH,WFH,,standing,,,,19.9404,4,,False
278,27,PT,PT,,standing,,,,32.5009,1,525,False
279,27,CAR_0700,CAR,420,standing,,,,20.1015,1,450,False
280,27,CAR_0700,CAR,420,standing,,,,3.8365,1,435,False
281,27,WFH,WFH,,standing,,,,29.3513,1,,False
282,27,CAR_0730,CAR,450,standing,,,,4.6439,1,465,False
283,27,CAR_0745,CAR,465,standing,,,,4.0238,2,495,False
284,27,PT,PT,,standing,,,,34.3552,1,525,False
285,27,CAR_0645,CAR,405,standing,,,,33.344,1,420,True
286,27,CAR_0715,CAR,435,standing,,,,13.3692,2,480,False
287,27,CAR_0630,CAR,390,standing,,,,8.624,1,420,False
288,27,CAR_0900,CAR,540,standing,,,,31.6844,1,555,False
289,27,CAR_0645,CAR,405,standing,,,,20.0599,5,420,True
290,27,PT,PT,,standing,,,,37.4976,1,525,False
291,27,CAR_0830,CAR,510,standing,,,,19.427,1,525,False
292,27,PT,PT,,standing,,,,40.7859,2,510,False
293,27,PT,PT,,standing,,,,33.1909,1,510,False
294,27,PT,PT,,standing,,,,39.0741,1,525,False
295,27,CAR_0715,CAR,435,standing,,,,15.7059,1,450,False
296,27,PT,PT,,standing,,,,43.1146,1,495,False
297,27,PT,PT,,standing,,,,37.0599,1,465,False
298,27,CAR_0715,CAR,435,standing,,,,7.8785,1,465,False
299,27,CAR_0715,CAR,435,standing,,,,21.2237,1,510,False
0,28,PT,PT,,standing,,,,28.5785,1,465,False
1,28,PT,PT,,standing,,,,32.9601,1,555,False
2,28,CAR_0930,CAR,570,standing,,,,29.863,1,600,False
3,28,PT,PT,,standing,,,,32.8596,1,555,False
4,28,CAR_0700,CAR,420,standing,,,,12.5822,1,435,False
5,28,CAR_0815,CAR,495,standing,,,,13.6024,1,510,False
6,28,CAR_0645,CAR,405,standing,,,,39.7556,2,420,True
7,28,WFH,WFH,,standing,,,,19.9404,4,,False
8,28,PT,PT,,standing,,,,32.5009,1,525,False
9,28,CAR_0700,CAR,420,standing,,,,20.1159,1,450,False
10,28,CAR_0700,CAR,420,standing,,,,2.907,1,435,False
11,28,CAR_0645,CAR,405,standing,,,,29.5849,1,420,True
12,28,CAR_0730,CAR,450,standing,,,,3.2063,1,465,False
13,28,CAR_0800,CAR,480,standing,,,,2.6447,1,495,False
14,28,PT,PT,,standing,,,,34.3552,1,525,False
15,28,CAR_0845,CAR,525,standing,,,,32.3081,1,540,False
16,28,CAR_0715,CAR,435,standing,,,,12.8256,1,480,False
17,28,CAR_0630,CAR,390,standing,,,,8.1371,1,420,False
18,28,CAR_0900,CAR,540,standing,,,,31.5877,1,555,False
19,28,CAR_0645,CAR,405,standing,,,,18.9647,2,420,True
20,28,PT,PT,,standing,,,,37.4976,1,525,False
21,28,CAR_0830,CAR,510,standing,,,,17.9953,1,525,False
22,28,PT,PT,,standing,,,,40.7859,2,510,False
23,28,PT,PT,,standing,,,,33.1909,1,510,False
24,28,PT,PT,,standing,,,,39.0741,1,525,False
25,28,CAR_0715,CAR,435,standing,,,,14.7692,1,450,False
26,28,PT,PT,,standing,,,,43.1146,1,495,False
27,28,PT,PT,,standing,,,,37.0599,1,465,False
28,28,CAR_0715,CAR,435,standing,,,,7.7824,1,465,False
29,28,CAR_0715,CAR,435,standing,,,,21.0279,1,510,False
30,28,PT,PT,,standing,,,,30.908,1,540,False
31,28,PT,PT,,standing,,,,36.8629,1,450,False
32,28,CAR_0645,CAR,405,standing,,,,17.1525,1,420,True
33,28,CAR_0745,CAR,465,standing,,,,31.4115,1,480,False
34,28,CAR_0700,CAR,420,standing,,,,13.3803,1,435,False
35,28,PT,PT,,standing,,,,34.3412,1,495,False
36,28,CAR_0730,CAR,450,standing,,,,5.319,1,480,False
37,28,CAR_0915,CAR,555,standing,,,,8.6866,1,555,False
38,28,CAR_0700,CAR,420,standing,,,,22.1338,1,435,False
39,28,CAR_0715,CAR,435,standing,,,,23.9897,1,465,False
40,28,CAR_0730,CAR,450,standing,,,,22.3844,1,480,False
41,28,CAR_0715,CAR,435,standing,,,,5.1082,3,480,False
42,28,WFH,WFH,,standing,,,,15.1527,2,,False
43,28,CAR_0715,CAR,435,standing,,,,14.0835,1,510,False
44,28,PT,PT,,standing,,,,32.4681,1,495,False
45,28,CAR_0700,CAR,420,standing,,,,1.375,1,435,False
46,28,CAR_0730,CAR,450,standing,,,,17.0147,1,495,False
47,28,PT,PT,,standing,,,,37.1948,2,480,False
48,28,CAR_0700,CAR,420,standing,,,,23.6874,1,450,False
49,28,CAR_0715,CAR,435,standing,,,,14.479,1,525,False
50,28,CAR_0745,CAR,465,standing,,,,15.9284,1,480,False
51,28,CAR_0845,CAR,525,standing,,,,11.223,1,540,False
52,28,CAR_0730,CAR,450,standing,,,,9.8061,1,495,False
53,28,WFH,WFH,,standing,,,,24.459,2,,False
54,28,CAR_0745,CAR,465,standing,,,,3.0004,1,480,False
55,28,CAR_0700,CAR,420,standing,,,,17.7079,1,435,False
56,28,CAR_0815,CAR,495,standing,,,,3.5426,1,510,False
57,28,CAR_0830,CAR,510,standing,,,,16.0731,1,525,False
58,28,WFH,WFH,,standing,,,,27.2916,5,,False
59,28,CAR_0830,CAR,510,standing,,,,3.7357,1,525,False
60,28,CAR_0730,CAR,450,standing,,,,5.3438,3,495,False
61,28,CAR_0830,CAR,510,standing,,,,15.8811,1,525,False
62,28,CAR_0815,CAR,495,standing,,,,9.1738,1,525,False
63,28,CAR_0830,CAR,510,standing,,,,31.3981,1,525,False
64,28,CAR_0700,CAR,420,standing,,,,27.5818,1,510,False
65,28,CAR_0630,CAR,390,standing,,,,27.9763,1,420,True
66,28,CAR_0730,CAR,450,standing,,,,7.8844,1,465,False
67,28,CAR_0830,CAR,510,standing,,,,4.5614,1,525,False
68,28,WFH,WFH,,standing,,,,12.4707,6,,False
69,28,PT,PT,,standing,,,,38.0955,1,555,False
70,28,PT,PT,,standing,,,,32.3454,1,480,False
71,28,PT,PT,,standing,,,,38.5683,1,525,False
72,28,PT,PT,,standing,,,,29.633,1,510,False
73,28,CAR_0815,CAR,495,standing,,,,15.3966,1,510,False
74,28,CAR_0645,CAR,405,standing,,,,18.3897,1,420,True
75,28,CAR_0630,CAR,390,standing,,,,12.7356,4,420,True
76,28,CAR_0800,CAR,480,standing,,,,31.661,1,495,False
77,28,CAR_0730,CAR,450,standing,,,,31.5179,1,465,False
78,28,CAR_0745,CAR,465,standing,,,,1.6229,1,510,False
79,28,CAR_0900,CAR,540,standing,,,,21.8393,1,555,False
80,28,PT,PT,,standing,,,,30.1941,1,465,False
81,28,PT,PT,,standing,,,,35.9054,1,450,False
82,28,CAR_0900,CAR,540,standing,,,,24.5255,1,555,False
83,28,PT,PT,,standing,,,,35.1332,1,510,False
84,28,CAR_0930,CAR,570,standing,,,,21.8455,1,585,False
85,28,CAR_0630,CAR,390,standing,,,,13.3228,1,420,True
86,28,CAR_0800,CAR,480,standing,,,,2.9017,2,525,False
87,28,CAR_0830,CAR,510,standing,,,,11.3776,1,525,False
88,28,CAR_0715,CAR,435,standing,,,,20.0237,1,525,False
89,28,CAR_0715,CAR,435,standing,,,,17.5989,1,450,False
90,28,PT,PT,,standing,,,,29.1462,1,510,False
91,28,CAR_0645,CAR,405,standing,,,,11.6002,1,450,False
92,28,CAR_0745,CAR,465,standing,,,,2.6518,1,480,False
93,28,PT,PT,,standing,,,,38.9163,1,540,False
94,28,CAR_0800,CAR,480,standing,,,,28.1528,1,510,False
95,28,CAR_0645,CAR,405,standing,,,,1.9826,1,420,False
96,28,CAR_0915,CAR,555,standing,,,,14.6166,1,570,False
97,28,WFH,WFH,,standing,,,,39.5524,3,,False
98,28,CAR_0730,CAR,450,standing,,,,6.2658,2,480,False
99,28,CAR_0915,CAR,555,standing,,,,24.5478,1,555,False
100,28,CAR_0645,CAR,405,standing,,,,14.6309,1,420,False
101,28,CAR_0830,CAR,510,standing,,,,21.3202,1,525,False
102,28,CAR_0700,CAR,420,standing,,,,19.3525,1,435,False
103,28,WFH,WFH,,standing,,,,14.1295,3,,False
104,28,CAR_0830,CAR,510,standing,,,,16.675,1,525,False
105,28,PT,PT,,standing,,,,29.0895,1,540,False
106,28,CAR_0830,CAR,510,standing,,,,19.3632,1,525,False
107,28,CAR_0700,CAR,420,standing,,,,31.9476,1,435,False
108,28,PT,PT,,standing,,,,35.3153,2,525,False
109,28,CAR_0700,CAR,420,standing,,,,20.0367,1,495,False
110,28,PT,PT,,standing,,,,32.515,1,555,False
111,28,CAR_0815,CAR,495,standing,,,,15.7958,1,510,False
112,28,CAR_0645,CAR,405,standing,,,,6.815,1,420,False
113,28,CAR_0745,CAR,465,standing,,,,7.7483,1,480,False
114,28,WFH,WFH,,standing,,,,24.9812,7,,False
115,28,CAR_0845,CAR,525,standing,,,,14.3986,1,540,False
116,28,CAR_0800,CAR,480,standing,,,,17.0263,2,510,False
117,28,CAR_0745,CAR,465,standing,,,,16.6192,1,495,False
118,28,CAR_0900,CAR,540,standing,,,,16.7344,1,555,False
119,28,CAR_0830,CAR,510,standing,,,,13.9146,1,525,False
120,28,CAR_0845,CAR,525,standing,,,,30.27,1,555,False
121,28,PT,PT,,standing,,,,30.1943,1,465,False
122,28,CAR_0900,CAR,540,standing,,,,10.2909,1,555,False
123,28,PT,PT,,standing,,,,33.4356,1,435,False
124,28,CAR_0730,CAR,450,standing,,,,13.8893,1,465,False
125,28,WFH,WFH,,standing,,,,29.8302,2,,False
126,28,CAR_0845,CAR,525,standing,,,,13.6898,1,540,False
127,28,PT,PT,,standing,,,,37.0641,1,555,False
128,28,CAR_0715,CAR,435,standing,,,,9.1097,1,495,False
129,28,PT,PT,,standing,,,,29.6461,1,525,False
130,28,CAR_0800,CAR,480,standing,,,,21.8386,1,495,False
131,28,CAR_0630,CAR,390,standing,,,,12.1443,3,420,True
132,28,CAR_0815,CAR,495,standing,,,,15.5368,1,525,False
133,28,PT,PT,,standing,,,,34.6024,1,450,False
134,28,PT,PT,,standing,,,,30.676,1,555,False
135,28,CAR_0630,CAR,390,standing,,,,10.745,1,420,True
136,28,PT,PT,,standing,,,,34.5433,1,540,False
137,28,PT,PT,,standing,,,,36.0983,2,465,False
138,28,CAR_0815,CAR,495,standing,,,,27.88,1,510,False
139,28,CAR_0830,CAR,510,standing,,,,21.8223,2,540,False
140,28,WFH,WFH,,standing,,,,23.3061,4,,False
141,28,CAR_0645,CAR,405,standing,,,,17.2362,1,420,True
142,28,CAR_0800,CAR,480,standing,,,,18.2232,1,510,False
143,28,PT,PT,,standing,,,,32.61,2,540,False
144,28,CAR_0700,CAR,420,standing,,,,18.962,1,510,False
145,28,PT,PT,,standing,,,,31.3362,1,420,False
146,28,CAR_0645,CAR,405,standing,,,,8.6148,1,420,False
147,28,PT,PT,,standing,,,,31.171,1,525,False
148,28,PT,PT,,standing,,,,30.541,1,555,False
149,28,PT,PT,,standing,,,,37.0227,1,525,False
150,28,PT,PT,,standing,,,,34.2198,2,510,False
151,28,PT,PT,,standing,,,,40.4192,1,510,False
152,28,CAR_0715,CAR,435,standing,,,,28.46,1,450,False
153,28,CAR_0715,CAR,435,standing,,,,30.1115,3,450,False
154,28,CAR_0830,CAR,510,standing,,,,25.8055,1,540,False
155,28,CAR_0830,CAR,510,standing,,,,26.9564,1,540,False
156,28,CAR_0815,CAR,495,standing,,,,7.2164,1,510,False
157,28,PT,PT,,standing,,,,31.2766,1,495,False
158,28,CAR_0730,CAR,450,standing,,,,1.2872,1,465,False
159,28,WFH,WFH,,standing,,,,16.5627,3,,False
160,28,CAR_0700,CAR,420,standing,,,,18.5779,1,450,False
161,28,PT,PT,,standing,,,,31.7909,1,555,False
162,28,CAR_0645,CAR,405,standing,,,,21.8402,2,420,True
163,28,CAR_0645,CAR,405,standing,,,,32.8117,7,420,True
164,28,CAR_0800,CAR,480,standing,,,,19.6633,1,495,False
165,28,CAR_0815,CAR,495,standing,,,,31.9339,1,510,False
166,28,CAR_0930,CAR,570,standing,,,,15.7617,1,585,False
167,28,CAR_0745,CAR,465,standing,,,,7.6975,3,510,False
168,28,CAR_0715,CAR,435,standing,,,,20.0136,1,480,False
169,28,CAR_0730,CAR,450,standing,,,,2.1583,1,465,False
170,28,WFH,WFH,,standing,,,,15.2247,5,,False
171,28,CAR_0715,CAR,435,standing,,,,2.9968,1,465,False
172,28,CAR_0645,CAR,405,standing,,,,8.2729,1,420,False
173,28,PT,PT,,standing,,,,29.9017,1,495,False
174,28,CAR_0915,CAR,555,standing,,,,21.2767,1,570,False
175,28,CAR_0900,CAR,540,standing,,,,31.5854,1,555,False
176,28,PT,PT,,standing,,,,29.2828,1,585,False
177,28,PT,PT,,standing,,,,33.9097,1,495,False
178,28,CAR_0745,CAR,465,standing,,,,3.7219,1,480,False
179,28,CAR_0700,CAR,420,standing,,,,15.1128,1,435,False
180,28,PT,PT,,standing,,,,30.4602,1,480,False
181,28,PT,PT,,standing,,,,30.6124,1,450,False
182,28,CAR_0700,CAR,420,standing,,,,2.1777,1,465,False
183,28,CAR_0900,CAR,540,standing,,,,22.0518,1,555,False
184,28,PT,PT,,standing,,,,36.5927,1,510,False
185,28,CAR_0630,CAR,390,standing,,,,2.8475,1,420,False
186,28,CAR_0630,CAR,390,standing,,,,2.0296,1,420,False
187,28,CAR_0845,CAR,525,standing,,,,13.2446,1,540,False
188,28,CAR_0815,CAR,495,standing,,,,36.233,1,525,False
189,28,PT,PT,,standing,,,,34.6608,1,495,False
190,28,WFH,WFH,,standing,,,,25.5988,3,,False
191,28,CAR_0715,CAR,435,standing,,,,27.0027,1,510,False
192,28,CAR_0630,CAR,390,standing,,,,23.3231,1,420,True
193,28,PT,PT,,standing,,,,29.7035,1,600,False
194,28,CAR_0630,CAR,390,standing,,,,11.9218,3,420,True
195,28,CAR_0645,CAR,405,standing,,,,8.0322,2,465,False
196,28,CAR_0700,CAR,420,standing,,,,0.9034,1,435,False
197,28,PT,PT,,standing,,,,29.5943,1,555,False
198,28,CAR_0645,CAR,405,standing,,,,7.7493,2,420,True
199,28,PT,PT,,standing,,,,32.7424,1,480,False
200,28,CAR_0845,CAR,525,standing,,,,15.1171,1,540,False
201,28,PT,PT,,standing,,,,30.6199,1,555,False
202,28,CAR_0930,CAR,570,standing,,,,29.1139,1,585,False
203,28,CAR_0715,CAR,435,standing,,,,20.0157,1,450,False
204,28,CAR_0845,CAR,525,standing,,,,20.1166,1,540,False
205,28,CAR_0715,CAR,435,standing,,,,13.743,1,495,False
206,28,CAR_0700,CAR,420,standing,,,,30.3744,1,510,False
207,28,CAR_0630,CAR,390,standing,,,,0.9531,1,450,False
208,28,CAR_0845,CAR,525,standing,,,,16.9072,1,540,False
209,28,CAR_0700,CAR,420,standing,,,,1.4049,1,450,False
210,28,CAR_0630,CAR,390,standing,,,,1.9916,1,435,False
211,28,PT,PT,,standing,,,,33.3923,1,495,False
212,28,CAR_0630,CAR,390,standing,,,,25.4465,1,525,False
213,28,WFH,WFH,,standing,,,,36.9938,1,,False
214,28,PT,PT,,standing,,,,29.5958,1,555,False
215,28,CAR_0715,CAR,435,standing,,,,10.7682,1,465,False
216,28,CAR_0645,CAR,405,standing,,,,29.7195,1,420,True
217,28,PT,PT,,standing,,,,32.3898,1,510,False
218,28,CAR_0815,CAR,495,standing,,,,24.269,1,525,False
219,28,PT,PT,,standing,,,,30.3743,1,525,False
220,28,PT,PT,,standing,,,,33.8028,2,525,False
221,28,CAR_0715,CAR,435,standing,,,,26.6906,1,480,False
222,28,CAR_0730,CAR,450,standing,,,,23.751,1,540,False
223,28,CAR_0915,CAR,555,standing,,,,34.5786,1,570,False
224,28,CAR_0730,CAR,450,standing,,,,24.294,1,480,False
225,28,CAR_0845,CAR,525,standing,,,,26.0752,1,525,False
226,28,CAR_0745,CAR,465,standing,,,,14.3297,1,480,False
227,28,CAR_0830,CAR,510,standing,,,,14.8116,1,540,False
228,28,CAR_0715,CAR,435,standing,,,,5.7535,1,450,False
229,28,CAR_0900,CAR,540,standing,,,,3.5291,1,555,False
230,28,PT,PT,,standing,,,,32.0298,1,510,False
231,28,CAR_0830,CAR,510,standing,,,,16.1895,1,525,False
232,28,CAR_0830,CAR,510,standing,,,,10.6104,1,525,False
233,28,CAR_0715,CAR,435,standing,,,,11.4903,1,450,False
234,28,CAR_0930,CAR,570,standing,,,,27.5242,1,585,False
235,28,PT,PT,,standing,,,,31.2153,1,570,False
236,28,CAR_0715,CAR,435,standing,,,,20.873,3,495,False
237,28,CAR_0915,CAR,555,standing,,,,24.8919,1,555,False
238,28,CAR_0900,CAR,540,standing,,,,13.8849,1,555,False
239,28,CAR_0730,CAR,450,standing,,,,8.3251,1,465,False
240,28,CAR_0915,CAR,555,standing,,,,14.4914,1,570,False
241,28,CAR_0730,CAR,450,standing,,,,21.3307,3,495,False
242,28,CAR_0715,CAR,435,standing,,,,10.5089,1,480,False
243,28,PT,PT,,standing,,,,30.1329,1,540,False
244,28,CAR_0715,CAR,435,standing,,,,21.7227,1,450,False
245,28,CAR_0915,CAR,555,standing,,,,20.9601,1,555,False
246,28,CAR_0700,CAR,420,standing,,,,23.7931,2,435,False
247,28,PT,PT,,standing,,,,30.6216,1,570,False
248,28,PT,PT,,standing,,,,31.6977,1,540,False
249,28,CAR_0815,CAR,495,standing,,,,29.4544,1,510,False
250,28,CAR_0645,CAR,405,standing,,,,27.7096,6,420,True
251,28,CAR_0715,CAR,435,standing,,,,20.679,1,480,False
252,28,PT,PT,,standing,,,,31.687,1,525,False
253,28,CAR_0715,CAR,435,standing,,,,10.685,3,435,False
254,28,CAR_0830,CAR,510,standing,,,,31.7147,1,525,False
255,28,CAR_0800,CAR,480,standing,,,,27.1734,1,495,False
256,28,CAR_0630,CAR,390,standing,,,,32.4293,1,420,False
257,28,PT,PT,,standing,,,,29.4473,1,450,False
258,28,PT,PT,,standing,,,,29.7633,1,525,False
259,28,CAR_0645,CAR,405,standing,,,,24.7494,6,420,True
260,28,CAR_0615,CAR,375,standing,,,,20.6802,1,420,True
261,28,WFH,WFH,,standing,,,,23.1202,4,,False
262,28,PT,PT,,standing,,,,30.4879,2,570,False
263,28,CAR_0630,CAR,390,standing,,,,11.6134,1,420,False
264,28,CAR_0715,CAR,435,standing,,,,2.8052,1,465,False
265,28,PT,PT,,standing,,,,30.8923,1,525,False
266,28,CAR_0630,CAR,390,standing,,,,18.2351,1,420,True
267,28,CAR_0900,CAR,540,standing,,,,30.9641,1,555,False
268,28,PT,PT,,standing,,,,28.7778,1,495,False
269,28,CAR_0700,CAR,420,standing,,,,3.8343,1,435,False
270,28,PT,PT,,standing,,,,28.5785,1,465,False
271,28,PT,PT,,standing,,,,32.9601,1,555,False
272,28,CAR_0930,CAR,570,standing,,,,29.9582,1,600,False
273,28,PT,PT,,standing,,,,32.8596,1,555,False
274,28,CAR_0700,CAR,420,standing,,,,12.6639,1,435,False
275,28,CAR_0815,CAR,495,standing,,,,13.7639,1,510,False
276,28,CAR_0645,CAR,405,standing,,,,41.2293,2,420,True
277,28,WFH,WFH,,standing,,,,19.9404,4,,False
278,28,PT,PT,,standing,,,,32.5009,1,525,False
279,28,CAR_0700,CAR,420,standing,,,,20.0987,1,450,False
280,28,CAR_0700,CAR,420,standing,,,,3.8365,1,435,False
281,28,WFH,WFH,,standing,,,,29.3513,1,,False
282,28,CAR_0730,CAR,450,standing,,,,4.6443,1,465,False
283,28,CAR_0745,CAR,465,standing,,,,4.0237,2,495,False
284,28,PT,PT,,standing,,,,34.3552,1,525,False
285,28,CAR_0645,CAR,405,standing,,,,33.342,1,420,True
286,28,CAR_0715,CAR,435,standing,,,,13.3643,2,480,False
287,28,CAR_0630,CAR,390,standing,,,,8.6248,1,420,False
288,28,CAR_0900,CAR,540,standing,,,,31.6818,1,555,False
289,28,CAR_0645,CAR,405,standing,,,,20.0576,5,420,True
290,28,PT,PT,,standing,,,,37.4976,1,525,False
291,28,CAR_0830,CAR,510,standing,,,,19.4242,1,525,False
292,28,PT,PT,,standing,,,,40.7859,2,510,False
293,28,PT,PT,,standing,,,,33.1909,1,510,False
294,28,PT,PT,,standing,,,,39.0741,1,525,False
295,28,CAR_0715,CAR,435,standing,,,,15.7059,1,450,False
296,28,PT,PT,,standing,,,,43.1146,1,495,False
297,28,PT,PT,,standing,,,,37.0599,1,465,False
298,28,CAR_0715,CAR,435,standing,,,,7.8775,1,465,False
299,28,CAR_0715,CAR,435,standing,,,,21.2212,1,510,False
0,29,PT,PT,,standing,,,,28.5785,1,465,False
1,29,PT,PT,,standing,,,,32.9601,1,555,False
2,29,CAR_0930,CAR,570,standing,,,,29.8618,1,600,False
3,29,PT,PT,,standing,,,,32.8596,1,555,False
4,29,CAR_0700,CAR,420,standing,,,,12.5808,1,435,False
5,29,CAR_0815,CAR,495,standing,,,,13.6002,1,510,False
6,29,CAR_0645,CAR,405,standing,,,,39.7539,2,420,True
7,29,WFH,WFH,,standing,,,,19.9404,4,,False
8,29,PT,PT,,standing,,,,32.5009,1,525,False
9,29,CAR_0700,CAR,420,standing,,,,20.1145,1,450,False
10,29,CAR_0700,CAR,420,standing,,,,2.9069,1,435,False
11,29,CAR_0645,CAR,405,standing,,,,29.5836,1,420,True
12,29,CAR_0730,CAR,450,standing,,,,3.2059,1,465,False
13,29,CAR_0800,CAR,480,standing,,,,2.6447,1,495,False
14,29,PT,PT,,standing,,,,34.3552,1,525,False
15,29,CAR_0845,CAR,525,standing,,,,32.306,1,540,False
16,29,CAR_0715,CAR,435,standing,,,,12.8228,1,480,False
17,29,CAR_0630,CAR,390,standing,,,,8.137,1,420,False
18,29,CAR_0900,CAR,540,standing,,,,31.5859,1,555,False
19,29,CAR_0645,CAR,405,standing,,,,18.963,2,420,True
20,29,PT,PT,,standing,,,,37.4976,1,525,False
21,29,CAR_0830,CAR,510,standing,,,,17.9931,1,525,False
22,29,PT,PT,,standing,,,,40.7859,2,510,False
23,29,PT,PT,,standing,,,,33.1909,1,510,False
24,29,PT,PT,,standing,,,,39.0741,1,525,False
25,29,CAR_0715,CAR,435,standing,,,,14.7678,1,450,False
26,29,PT,PT,,standing,,,,43.1146,1,495,False
27,29,PT,PT,,standing,,,,37.0599,1,465,False
28,29,CAR_0715,CAR,435,standing,,,,7.7828,1,465,False
29,29,CAR_0715,CAR,435,standing,,,,21.026,1,510,False
30,29,PT,PT,,standing,,,,30.908,1,540,False
31,29,PT,PT,,standing,,,,36.8629,1,450,False
32,29,CAR_0645,CAR,405,standing,,,,17.1511,1,420,True
33,29,CAR_0745,CAR,465,standing,,,,31.4096,1,480,False
34,29,CAR_0700,CAR,420,standing,,,,13.3789,1,435,False
35,29,PT,PT,,standing,,,,34.3412,1,495,False
36,29,CAR_0730,CAR,450,standing,,,,5.3196,1,480,False
37,29,CAR_0915,CAR,555,standing,,,,8.683,1,555,False
38,29,CAR_0700,CAR,420,standing,,,,22.1324,1,435,False
39,29,CAR_0715,CAR,435,standing,,,,23.9876,1,465,False
40,29,CAR_0730,CAR,450,standing,,,,22.3826,1,480,False
41,29,CAR_0715,CAR,435,standing,,,,5.1076,3,480,False
42,29,WFH,WFH,,standing,,,,15.1527,2,,False
43,29,CAR_0715,CAR,435,standing,,,,14.082,1,510,False
44,29,PT,PT,,standing,,,,32.4681,1,495,False
45,29,CAR_0700,CAR,420,standing,,,,1.3749,1,435,False
46,29,CAR_0730,CAR,450,standing,,,,17.0132,1,495,False
47,29,PT,PT,,standing,,,,37.1948,2,480,False
48,29,CAR_0700,CAR,420,standing,,,,23.686,1,450,False
49,29,CAR_0715,CAR,435,standing,,,,14.4776,1,525,False
50,29,CAR_0745,CAR,465,standing,,,,15.9265,1,480,False
51,29,CAR_0845,CAR,525,standing,,,,11.2209,1,540,False
52,29,CAR_0730,CAR,450,standing,,,,9.8045,1,495,False
53,29,WFH,WFH,,standing,,,,24.459,2,,False
54,29,CAR_0745,CAR,465,standing,,,,3.0001,1,480,False
55,29,CAR_0700,CAR,420,standing,,,,17.7065,1,435,False
56,29,CAR_0815,CAR,495,standing,,,,3.5426,1,510,False
57,29,CAR_0830,CAR,510,standing,,,,16.0709,1,525,False
58,29,WFH,WFH,,standing,,,,27.2916,5,,False
59,29,CAR_0830,CAR,510,standing,,,,3.7356,1,525,False
60,29,CAR_0730,CAR,450,standing,,,,5.3446,3,495,False
61,29,CAR_0830,CAR,510,standing,,,,15.8786,1,525,False
62,29,CAR_0815,CAR,495,standing,,,,9.1738,1,525,False
63,29,CAR_0830,CAR,510,standing,,,,31.396,1,525,False
64,29,CAR_0700,CAR,420,standing,,,,27.5804,1,510,False
65,29,CAR_0630,CAR,390,standing,,,,27.9749,1,420,True
66,29,CAR_0730,CAR,450,standing,,,,7.8826,1,465,False
67,29,CAR_0830,CAR,510,standing,,,,4.5616,1,525,False
68,29,WFH,WFH,,standing,,,,12.4707,6,,False
69,29,PT,PT,,standing,,,,38.0955,1,555,False
70,29,PT,PT,,standing,,,,32.3454,1,480,False
71,29,PT,PT,,standing,,,,38.5683,1,525,False
72,29,PT,PT,,standing,,,,29.633,1,510,False
73,29,CAR_0815,CAR,495,standing,,,,15.3943,1,510,False
74,29,CAR_0645,CAR,405,standing,,,,18.3884,1,420,True
75,29,CAR_0630,CAR,390,standing,,,,12.7342,4,420,True
76,29,CAR_0800,CAR,480,standing,,,,31.6591,1,495,False
77,29,CAR_0730,CAR,450,standing,,,,31.5186,1,465,False
78,29,CAR_0745,CAR,465,standing,,,,1.6229,1,510,False
79,29,CAR_0900,CAR,540,standing,,,,21.8374,1,555,False
80,29,PT,PT,,standing,,,,30.1941,1,465,False
81,29,PT,PT,,standing,,,,35.9054,1,450,False
82,29,CAR_0900,CAR,540,standing,,,,24.5236,1,555,False
83,29,PT,PT,,standing,,,,35.1332,1,510,False
84,29,CAR_0930,CAR,570,standing,,,,21.8441,1,585,False
85,29,CAR_0630,CAR,390,standing,,,,13.3213,1,420,True
86,29,CAR_0800,CAR,480,standing,,,,2.9017,2,525,False
87,29,CAR_0830,CAR,510,standing,,,,11.3751,1,525,False
88,29,CAR_0715,CAR,435,standing,,,,20.0216,1,525,False
89,29,CAR_0715,CAR,435,standing,,,,17.5975,1,450,False
90,29,PT,PT,,standing,,,,29.1462,1,510,False
91,29,CAR_0645,CAR,405,standing,,,,11.5989,1,450,False
92,29,CAR_0745,CAR,465,standing,,,,2.6518,1,480,False
93,29,PT,PT,,standing,,,,38.9163,1,540,False
94,29,CAR_0800,CAR,480,standing,,,,28.1528,1,510,False
95,29,CAR_0645,CAR,405,standing,,,,1.9826,1,420,False
96,29,CAR_0915,CAR,555,standing,,,,14.6151,1,570,False
97,29,WFH,WFH,,standing,,,,39.5524,3,,False
98,29,CAR_0730,CAR,450,standing,,,,6.2653,2,480,False
99,29,CAR_0915,CAR,555,standing,,,,24.5462,1,555,False
100,29,CAR_0645,CAR,405,standing,,,,14.6292,1,420,False
101,29,CAR_0830,CAR,510,standing,,,,21.3182,1,525,False
102,29,CAR_0700,CAR,420,standing,,,,19.3511,1,435,False
103,29,WFH,WFH,,standing,,,,14.1295,3,,False
104,29,CAR_0830,CAR,510,standing,,,,16.6728,1,525,False
105,29,PT,PT,,standing,,,,29.0895,1,540,False
106,29,CAR_0830,CAR,510,standing,,,,19.3614,1,525,False
107,29,CAR_0700,CAR,420,standing,,,,31.9462,1,435,False
108,29,PT,PT,,standing,,,,35.3153,2,525,False
109,29,CAR_0700,CAR,420,standing,,,,20.035,1,495,False
110,29,PT,PT,,standing,,,,32.515,1,555,False
111,29,CAR_0815,CAR,495,standing,,,,15.7937,1,510,False
112,29,CAR_0645,CAR,405,standing,,,,6.8136,1,420,False
113,29,CAR_0745,CAR,465,standing,,,,7.7483,1,480,False
114,29,WFH,WFH,,standing,,,,24.9812,7,,False
115,29,CAR_0845,CAR,525,standing,,,,14.3966,1,540,False
116,29,CAR_0800,CAR,480,standing,,,,17.0244,2,510,False
117,29,CAR_0745,CAR,465,standing,,,,16.6174,1,495,False
118,29,CAR_0900,CAR,540,standing,,,,16.7325,1,555,False
119,29,CAR_0830,CAR,510,standing,,,,13.9125,1,525,False
120,29,CAR_0845,CAR,525,standing,,,,30.268,1,555,False
121,29,PT,PT,,standing,,,,30.1943,1,465,False
122,29,CAR_0900,CAR,540,standing,,,,10.2889,1,555,False
123,29,PT,PT,,standing,,,,33.4356,1,435,False
124,29,CAR_0730,CAR,450,standing,,,,13.8879,1,465,False
125,29,WFH,WFH,,standing,,,,29.8302,2,,False
126,29,CAR_0845,CAR,525,standing,,,,13.6877,1,540,False
127,29,PT,PT,,standing,,,,37.0641,1,555,False
128,29,CAR_0715,CAR,435,standing,,,,9.1082,1,495,False
129,29,PT,PT,,standing,,,,29.6461,1,525,False
130,29,CAR_0800,CAR,480,standing,,,,21.8366,1,495,False
131,29,CAR_0630,CAR,390,standing,,,,12.1437,3,420,True
132,29,CAR_0815,CAR,495,standing,,,,15.5348,1,525,False
133,29,PT,PT,,standing,,,,34.6024,1,450,False
134,29,PT,PT,,standing,,,,30.676,1,555,False
135,29,CAR_0630,CAR,390,standing,,,,10.7436,1,420,True
136,29,PT,PT,,standing,,,,34.5433,1,540,False
137,29,PT,PT,,standing,,,,36.0983,2,465,False
138,29,CAR_0815,CAR,495,standing,,,,27.8778,1,510,False
139,29,CAR_0830,CAR,510,standing,,,,21.8196,2,540,False
140,29,WFH,WFH,,standing,,,,23.3061,4,,False
141,29,CAR_0645,CAR,405,standing,,,,17.2347,1,420,True
142,29,CAR_0800,CAR,480,standing,,,,18.2211,1,510,False
143,29,PT,PT,,standing,,,,32.61,2,540,False
144,29,CAR_0700,CAR,420,standing,,,,18.9605,1,510,False
145,29,PT,PT,,standing,,,,31.3362,1,420,False
146,29,CAR_0645,CAR,405,standing,,,,8.6145,1,420,False
147,29,PT,PT,,standing,,,,31.171,1,525,False
148,29,PT,PT,,standing,,,,30.541,1,555,False
149,29,PT,PT,,standing,,,,37.0227,1,525,False
150,29,PT,PT,,standing,,,,34.2198,2,510,False
151,29,PT,PT,,standing,,,,40.4192,1,510,False
152,29,CAR_0715,CAR,435,standing,,,,28.4586,1,450,False
153,29,CAR_0715,CAR,435,standing,,,,30.1096,3,450,False
154,29,CAR_0830,CAR,510,standing,,,,25.8035,1,540,False
155,29,CAR_0830,CAR,510,standing,,,,26.952,1,540,False
156,29,CAR_0815,CAR,495,standing,,,,7.2164,1,510,False
157,29,PT,PT,,standing,,,,31.2766,1,495,False
158,29,CAR_0730,CAR,450,standing,,,,1.2869,1,465,False
159,29,WFH,WFH,,standing,,,,16.5627,3,,False
160,29,CAR_0700,CAR,420,standing,,,,18.5762,1,450,False
161,29,PT,PT,,standing,,,,31.7909,1,555,False
162,29,CAR_0645,CAR,405,standing,,,,21.838,2,420,True
163,29,CAR_0645,CAR,405,standing,,,,32.8091,7,420,True
164,29,CAR_0800,CAR,480,standing,,,,19.6613,1,495,False
165,29,CAR_0815,CAR,495,standing,,,,31.9316,1,510,False
166,29,CAR_0930,CAR,570,standing,,,,15.7603,1,585,False
167,29,CAR_0745,CAR,465,standing,,,,7.6975,3,510,False
168,29,CAR_0715,CAR,435,standing,,,,20.0122,1,480,False
169,29,CAR_0730,CAR,450,standing,,,,2.1588,1,465,False
170,29,WFH,WFH,,standing,,,,15.2247,5,,False
171,29,CAR_0715,CAR,435,standing,,,,2.9961,1,465,False
172,29,CAR_0645,CAR,405,standing,,,,8.2715,1,420,False
173,29,PT,PT,,standing,,,,29.9017,1,495,False
174,29,CAR_0915,CAR,555,standing,,,,21.2752,1,570,False
175,29,CAR_0900,CAR,540,standing,,,,31.5835,1,555,False
176,29,PT,PT,,standing,,,,29.2828,1,585,False
177,29,PT,PT,,standing,,,,33.9097,1,495,False
178,29,CAR_0745,CAR,465,standing,,,,3.722,1,480,False
179,29,CAR_0700,CAR,420,standing,,,,15.1113,1,435,False
180,29,PT,PT,,standing,,,,30.4602,1,480,False
181,29,PT,PT,,standing,,,,30.6124,1,450,False
182,29,CAR_0700,CAR,420,standing,,,,2.1777,1,465,False
183,29,CAR_0900,CAR,540,standing,,,,22.05,1,555,False
184,29,PT,PT,,standing,,,,36.5927,1,510,False
185,29,CAR_0630,CAR,390,standing,,,,2.8475,1,420,False
186,29,CAR_0630,CAR,390,standing,,,,2.0296,1,420,False
187,29,CAR_0845,CAR,525,standing,,,,13.2426,1,540,False
188,29,CAR_0815,CAR,495,standing,,,,36.2303,1,525,False
189,29,PT,PT,,standing,,,,34.6608,1,495,False
190,29,WFH,WFH,,standing,,,,25.5988,3,,False
191,29,CAR_0715,CAR,435,standing,,,,27.0005,1,510,False
192,29,CAR_0630,CAR,390,standing,,,,23.3219,1,420,True
193,29,PT,PT,,standing,,,,29.7035,1,600,False
194,29,CAR_0630,CAR,390,standing,,,,11.9218,3,420,True
195,29,CAR_0645,CAR,405,standing,,,,8.0309,2,465,False
196,29,CAR_0700,CAR,420,standing,,,,0.9034,1,435,False
197,29,PT,PT,,standing,,,,29.5943,1,555,False
198,29,CAR_0645,CAR,405,standing,,,,7.7492,2,420,True
199,29,PT,PT,,standing,,,,32.7424,1,480,False
200,29,CAR_0845,CAR,525,standing,,,,15.115,1,540,False
201,29,PT,PT,,standing,,,,30.6199,1,555,False
202,29,CAR_0930,CAR,570,standing,,,,29.1125,1,585,False
203,29,CAR_0715,CAR,435,standing,,,,20.0133,1,450,False
204,29,CAR_0845,CAR,525,standing,,,,20.1145,1,540,False
205,29,CAR_0715,CAR,435,standing,,,,13.7415,1,495,False
206,29,CAR_0700,CAR,420,standing,,,,30.373,1,510,False
207,29,CAR_0630,CAR,390,standing,,,,0.9531,1,450,False
208,29,CAR_0845,CAR,525,standing,,,,16.9051,1,540,False
209,29,CAR_0700,CAR,420,standing,,,,1.4048,1,450,False
210,29,CAR_0630,CAR,390,standing,,,,1.9916,1,435,False
211,29,PT,PT,,standing,,,,33.3923,1,495,False
212,29,CAR_0630,CAR,390,standing,,,,25.4451,1,525,False
213,29,WFH,WFH,,standing,,,,36.9938,1,,False
214,29,PT,PT,,standing,,,,29.5958,1,555,False
215,29,CAR_0715,CAR,435,standing,,,,10.7659,1,465,False
216,29,CAR_0645,CAR,405,standing,,,,29.718,1,420,True
217,29,PT,PT,,standing,,,,32.3898,1,510,False
218,29,CAR_0815,CAR,495,standing,,,,24.2662,1,525,False
219,29,PT,PT,,standing,,,,30.3743,1,525,False
220,29,PT,PT,,standing,,,,33.8028,2,525,False
221,29,CAR_0715,CAR,435,standing,,,,26.6889,1,480,False
222,29,CAR_0730,CAR,450,standing,,,,23.75,1,540,False
223,29,CAR_0915,CAR,555,standing,,,,34.5771,1,570,False
224,29,CAR_0730,CAR,450,standing,,,,24.2926,1,480,False
225,29,CAR_0845,CAR,525,standing,,,,26.0729,1,525,False
226,29,CAR_0745,CAR,465,standing,,,,14.3277,1,480,False
227,29,CAR_0830,CAR,510,standing,,,,14.8095,1,540,False
228,29,CAR_0715,CAR,435,standing,,,,5.7521,1,450,False
229,29,CAR_0900,CAR,540,standing,,,,3.5289,1,555,False
230,29,PT,PT,,standing,,,,32.0298,1,510,False
231,29,CAR_0830,CAR,510,standing,,,,16.1875,1,525,False
232,29,CAR_0830,CAR,510,standing,,,,10.6092,1,525,False
233,29,CAR_0715,CAR,435,standing,,,,11.4887,1,450,False
234,29,CAR_0930,CAR,570,standing,,,,27.5206,1,585,False
235,29,PT,PT,,standing,,,,31.2153,1,570,False
236,29,CAR_0715,CAR,435,standing,,,,20.8712,3,495,False
237,29,CAR_0915,CAR,555,standing,,,,24.8889,1,555,False
238,29,CAR_0900,CAR,540,standing,,,,13.883,1,555,False
239,29,CAR_0730,CAR,450,standing,,,,8.3233,1,465,False
240,29,CAR_0915,CAR,555,standing,,,,14.4898,1,570,False
241,29,CAR_0730,CAR,450,standing,,,,21.3291,3,495,False
242,29,CAR_0715,CAR,435,standing,,,,10.5075,1,480,False
243,29,PT,PT,,standing,,,,30.1329,1,540,False
244,29,CAR_0715,CAR,435,standing,,,,21.7215,1,450,False
245,29,CAR_0915,CAR,555,standing,,,,20.9587,1,555,False
246,29,CAR_0700,CAR,420,standing,,,,23.7913,2,435,False
247,29,PT,PT,,standing,,,,30.6216,1,570,False
248,29,PT,PT,,standing,,,,31.6977,1,540,False
249,29,CAR_0815,CAR,495,standing,,,,29.4523,1,510,False
250,29,CAR_0645,CAR,405,standing,,,,27.7081,6,420,True
251,29,CAR_0715,CAR,435,standing,,,,20.6772,1,480,False
252,29,PT,PT,,standing,,,,31.687,1,525,False
253,29,CAR_0715,CAR,435,standing,,,,10.6835,3,435,False
254,29,CAR_0830,CAR,510,standing,,,,31.7127,1,525,False
255,29,CAR_0800,CAR,480,standing,,,,27.1713,1,495,False
256,29,CAR_0630,CAR,390,standing,,,,32.4279,1,420,False
257,29,PT,PT,,standing,,,,29.4473,1,450,False
258,29,PT,PT,,standing,,,,29.7633,1,525,False
259,29,CAR_0645,CAR,405,standing,,,,24.7482,6,420,True
260,29,CAR_0615,CAR,375,standing,,,,20.6788,1,420,True
261,29,WFH,WFH,,standing,,,,23.1202,4,,False
262,29,PT,PT,,standing,,,,30.4879,2,570,False
263,29,CAR_0630,CAR,390,standing,,,,11.612,1,420,False
264,29,CAR_0715,CAR,435,standing,,,,2.805,1,465,False
265,29,PT,PT,,standing,,,,30.8923,1,525,False
266,29,CAR_0630,CAR,390,standing,,,,18.2336,1,420,True
267,29,CAR_0900,CAR,540,standing,,,,30.9572,1,555,False
268,29,PT,PT,,standing,,,,28.7778,1,495,False
269,29,CAR_0700,CAR,420,standing,,,,3.8343,1,435,False
270,29,PT,PT,,standing,,,,28.5785,1,465,False
271,29,PT,PT,,standing,,,,32.9601,1,555,False
272,29,CAR_0930,CAR,570,standing,,,,29.9573,1,600,False
273,29,PT,PT,,standing,,,,32.8596,1,555,False
274,29,CAR_0700,CAR,420,standing,,,,12.6626,1,435,False
275,29,CAR_0815,CAR,495,standing,,,,13.7618,1,510,False
276,29,CAR_0645,CAR,405,standing,,,,41.2273,2,420,True
277,29,WFH,WFH,,standing,,,,19.9404,4,,False
278,29,PT,PT,,standing,,,,32.5009,1,525,False
279,29,CAR_0700,CAR,420,standing,,,,20.0968,1,450,False
280,29,CAR_0700,CAR,420,standing,,,,3.8365,1,435,False
281,29,WFH,WFH,,standing,,,,29.3513,1,,False
282,29,CAR_0730,CAR,450,standing,,,,4.6446,1,465,False
283,29,CAR_0745,CAR,465,standing,,,,4.0235,2,495,False
284,29,PT,PT,,standing,,,,34.3552,1,525,False
285,29,CAR_0645,CAR,405,standing,,,,33.3406,1,420,True
286,29,CAR_0715,CAR,435,standing,,,,13.3609,2,480,False
287,29,CAR_0630,CAR,390,standing,,,,8.6253,1,420,False
288,29,CAR_0900,CAR,540,standing,,,,31.68,1,555,False
289,29,CAR_0645,CAR,405,standing,,,,20.0559,5,420,True
290,29,PT,PT,,standing,,,,37.4976,1,525,False
291,29,CAR_0830,CAR,510,standing,,,,19.4221,1,525,False
292,29,PT,PT,,standing,,,,40.7859,2,510,False
293,29,PT,PT,,standing,,,,33.1909,1,510,False
294,29,PT,PT,,standing,,,,39.0741,1,525,False
295,29,CAR_0715,CAR,435,standing,,,,15.7059,1,450,False
296,29,PT,PT,,standing,,,,43.1146,1,495,False
297,29,PT,PT,,standing,,,,37.0599,1,465,False
298,29,CAR_0715,CAR,435,standing,,,,7.8768,1,465,False
299,29,CAR_0715,CAR,435,standing,,,,21.2195,1,510,False
0,30,PT,PT,,standing,,,,28.5785,1,465,False
1,30,PT,PT,,standing,,,,32.9601,1,555,False
2,30,CAR_0930,CAR,570,standing,,,,29.861,1,600,False
3,30,PT,PT,,standing,,,,32.8596,1,555,False
4,30,CAR_0700,CAR,420,standing,,,,12.5798,1,435,False
5,30,CAR_0815,CAR,495,standing,,,,13.5987,1,510,False
6,30,CAR_0645,CAR,405,standing,,,,39.7528,2,420,True
7,30,WFH,WFH,,standing,,,,19.9404,4,,False
8,30,PT,PT,,standing,,,,32.5009,1,525,False
9,30,CAR_0700,CAR,420,standing,,,,20.1135,1,450,False
10,30,CAR_0700,CAR,420,standing,,,,2.9069,1,435,False
11,30,CAR_0645,CAR,405,standing,,,,29.5827,1,420,True
12,30,CAR_0730,CAR,450,standing,,,,3.2056,1,465,False
13,30,CAR_0800,CAR,480,standing,,,,2.6447,1,495,False
14,30,PT,PT,,standing,,,,34.3552,1,525,False
15,30,CAR_0845,CAR,525,standing,,,,32.3045,1,540,False
16,30,CAR_0715,CAR,435,standing,,,,12.8208,1,480,False
17,30,CAR_0630,CAR,390,standing,,,,8.137,1,420,False
18,30,CAR_0900,CAR,540,standing,,,,31.5846,1,555,False
19,30,CAR_0645,CAR,405,standing,,,,18.9618,2,420,True
20,30,PT,PT,,standing,,,,37.4976,1,525,False
21,30,CAR_0830,CAR,510,standing,,,,17.9915,1,525,False
22,30,PT,PT,,standing,,,,40.7859,2,510,False
23,30,PT,PT,,standing,,,,33.1909,1,510,False
24,30,PT,PT,,standing,,,,39.0741,1,525,False
25,30,CAR_0715,CAR,435,standing,,,,14.7669,1,450,False
26,30,PT,PT,,standing,,,,43.1146,1,495,False
27,30,PT,PT,,standing,,,,37.0599,1,465,False
28,30,CAR_0715,CAR,435,standing,,,,7.7831,1,465,False
29,30,CAR_0715,CAR,435,standing,,,,21.0247,1,510,False
30,30,PT,PT,,standing,,,,30.908,1,540,False
31,30,PT,PT,,standing,,,,36.8629,1,450,False
32,30,CAR_0645,CAR,405,standing,,,,17.1501,1,420,True
33,30,CAR_0745,CAR,465,standing,,,,31.4083,1,480,False
34,30,CAR_0700,CAR,420,standing,,,,13.3778,1,435,False
35,30,PT,PT,,standing,,,,34.3412,1,495,False
36,30,CAR_0730,CAR,450,standing,,,,5.3201,1,480,False
37,30,CAR_0915,CAR,555,standing,,,,8.6805,1,555,False
38,30,CAR_0700,CAR,420,standing,,,,22.1314,1,435,False
39,30,CAR_0715,CAR,435,standing,,,,23.986,1,465,False
40,30,CAR_0730,CAR,450,standing,,,,22.3814,1,480,False
41,30,CAR_0715,CAR,435,standing,,,,5.1073,3,480,False
42,30,WFH,WFH,,standing,,,,15.1527,2,,False
43,30,CAR_0715,CAR,435,standing,,,,14.0811,1,510,False
44,30,PT,PT,,standing,,,,32.4681,1,495,False
45,30,CAR_0700,CAR,420,standing,,,,1.3749,1,435,False
46,30,CAR_0730,CAR,450,standing,,,,17.0121,1,495,False
47,30,PT,PT,,standing,,,,37.1948,2,480,False
48,30,CAR_0700,CAR,420,standing,,,,23.6851,1,450,False
49,30,CAR_0715,CAR,435,standing,,,,14.4766,1,525,False
50,30,CAR_0745,CAR,465,standing,,,,15.9251,1,480,False
51,30,CAR_0845,CAR,525,standing,,,,11.2194,1,540,False
52,30,CAR_0730,CAR,450,standing,,,,9.8034,1,495,False
53,30,WFH,WFH,,standing,,,,24.459,2,,False
54,30,CAR_0745,CAR,465,standing,,,,3.0,1,480,False
55,30,CAR_0700,CAR,420,standing,,,,17.7055,1,435,False
56,30,CAR_0815,CAR,495,standing,,,,3.5425,1,510,False
57,30,CAR_0830,CAR,510,standing,,,,16.0695,1,525,False
58,30,WFH,WFH,,standing,,,,27.2916,5,,False
59,30,CAR_0830,CAR,510,standing,,,,3.7355,1,525,False
60,30,CAR_0730,CAR,450,standing,,,,5.3452,3,495,False
61,30,CAR_0830,CAR,510,standing,,,,15.8769,1,525,False
62,30,CAR_0815,CAR,495,standing,,,,9.1738,1,525,False
63,30,CAR_0830,CAR,510,standing,,,,31.3945,1,525,False
64,30,CAR_0700,CAR,420,standing,,,,27.5794,1,510,False
65,30,CAR_0630,CAR,390,standing,,,,27.9739,1,420,True
66,30,CAR_0730,CAR,450,standing,,,,7.8814,1,465,False
67,30,CAR_0830,CAR,510,standing,,,,4.5617,1,525,False
68,30,WFH,WFH,,standing,,,,12.4707,6,,False
69,30,PT,PT,,standing,,,,38.0955,1,555,False
70,30,PT,PT,,standing,,,,32.3454,1,480,False
71,30,PT,PT,,standing,,,,38.5683,1,525,False
72,30,PT,PT,,standing,,,,29.633,1,510,False
73,30,CAR_0815,CAR,495,standing,,,,15.3926,1,510,False
74,30,CAR_0645,CAR,405,standing,,,,18.3875,1,420,True
75,30,CAR_0630,CAR,390,standing,,,,12.7332,4,420,True
76,30,CAR_0800,CAR,480,standing,,,,31.6578,1,495,False
77,30,CAR_0730,CAR,450,standing,,,,31.519,1,465,False
78,30,CAR_0745,CAR,465,standing,,,,1.6229,1,510,False
79,30,CAR_0900,CAR,540,standing,,,,21.8361,1,555,False
80,30,PT,PT,,standing,,,,30.1941,1,465,False
81,30,PT,PT,,standing,,,,35.9054,1,450,False
82,30,CAR_0900,CAR,540,standing,,,,24.5223,1,555,False
83,30,PT,PT,,standing,,,,35.1332,1,510,False
84,30,CAR_0930,CAR,570,standing,,,,21.8431,1,585,False
85,30,CAR_0630,CAR,390,standing,,,,13.3203,1,420,True
86,30,CAR_0800,CAR,480,standing,,,,2.9017,2,525,False
87,30,CAR_0830,CAR,510,standing,,,,11.3734,1,525,False
88,30,CAR_0715,CAR,435,standing,,,,20.02,1,525,False
89,30,CAR_0715,CAR,435,standing,,,,17.5965,1,450,False
90,30,PT,PT,,standing,,,,29.1462,1,510,False
91,30,CAR_0645,CAR,405,standing,,,,11.598,1,450,False
92,30,CAR_0745,CAR,465,standing,,,,2.6518,1,480,False
93,30,PT,PT,,standing,,,,38.9163,1,540,False
94,30,CAR_0800,CAR,480,standing,,,,28.1528,1,510,False
95,30,CAR_0645,CAR,405,standing,,,,1.9826,1,420,False
96,30,CAR_0915,CAR,555,standing,,,,14.614,1,570,False
97,30,WFH,WFH,,standing,,,,39.5524,3,,False
98,30,CAR_0730,CAR,450,standing,,,,6.2649,2,480,False
99,30,CAR_0915,CAR,555,standing,,,,24.5451,1,555,False
100,30,CAR_0645,CAR,405,standing,,,,14.6281,1,420,False
101,30,CAR_0830,CAR,510,standing,,,,21.3168,1,525,False
102,30,CAR_0700,CAR,420,standing,,,,19.3501,1,435,False
103,30,WFH,WFH,,standing,,,,14.1295,3,,False
104,30,CAR_0830,CAR,510,standing,,,,16.6713,1,525,False
105,30,PT,PT,,standing,,,,29.0895,1,540,False
106,30,CAR_0830,CAR,510,standing,,,,19.3602,1,525,False
107,30,CAR_0700,CAR,420,standing,,,,31.9452,1,435,False
108,30,PT,PT,,standing,,,,35.3153,2,525,False
109,30,CAR_0700,CAR,420,standing,,,,20.0338,1,495,False
110,30,PT,PT,,standing,,,,32.515,1,555,False
111,30,CAR_0815,CAR,495,standing,,,,15.7923,1,510,False
112,30,CAR_0645,CAR,405,standing,,,,6.8126,1,420,False
113,30,CAR_0745,CAR,465,standing,,,,7.7483,1,480,False
114,30,WFH,WFH,,standing,,,,24.9812,7,,False
115,30,CAR_0845,CAR,525,standing,,,,14.3952,1,540,False
116,30,CAR_0800,CAR,480,standing,,,,17.023,2,510,False
117,30,CAR_0745,CAR,465,standing,,,,16.6161,1,495,False
118,30,CAR_0900,CAR,540,standing,,,,16.7313,1,555,False
119,30,CAR_0830,CAR,510,standing,,,,13.911,1,525,False
120,30,CAR_0845,CAR,525,standing,,,,30.2665,1,555,False
121,30,PT,PT,,standing,,,,30.1943,1,465,False
122,30,CAR_0900,CAR,540,standing,,,,10.2874,1,555,False
123,30,PT,PT,,standing,,,,33.4356,1,435,False
124,30,CAR_0730,CAR,450,standing,,,,13.8869,1,465,False
125,30,WFH,WFH,,standing,,,,29.8302,2,,False
126,30,CAR_0845,CAR,525,standing,,,,13.6862,1,540,False
127,30,PT,PT,,standing,,,,37.0641,1,555,False
128,30,CAR_0715,CAR,435,standing,,,,9.1072,1,495,False
129,30,PT,PT,,standing,,,,29.6461,1,525,False
130,30,CAR_0800,CAR,480,standing,,,,21.8352,1,495,False
131,30,CAR_0630,CAR,390,standing,,,,12.1433,3,420,True
132,30,CAR_0815,CAR,495,standing,,,,15.5334,1,525,False
133,30,PT,PT,,standing,,,,34.6024,1,450,False
134,30,PT,PT,,standing,,,,30.676,1,555,False
135,30,CAR_0630,CAR,390,standing,,,,10.7427,1,420,True
136,30,PT,PT,,standing,,,,34.5433,1,540,False
137,30,PT,PT,,standing,,,,36.0983,2,465,False
138,30,CAR_0815,CAR,495,standing,,,,27.8764,1,510,False
139,30,CAR_0830,CAR,510,standing,,,,21.8177,2,540,False
140,30,WFH,WFH,,standing,,,,23.3061,4,,False
141,30,CAR_0645,CAR,405,standing,,,,17.2337,1,420,True
142,30,CAR_0800,CAR,480,standing,,,,18.2197,1,510,False
143,30,PT,PT,,standing,,,,32.61,2,540,False
144,30,CAR_0700,CAR,420,standing,,,,18.9595,1,510,False
145,30,PT,PT,,standing,,,,31.3362,1,420,False
146,30,CAR_0645,CAR,405,standing,,,,8.6143,1,420,False
147,30,PT,PT,,standing,,,,31.171,1,525,False
148,30,PT,PT,,standing,,,,30.541,1,555,False
149,30,PT,PT,,standing,,,,37.0227,1,525,False
150,30,PT,PT,,standing,,,,34.2198,2,510,False
151,30,PT,PT,,standing,,,,40.4192,1,510,False
152,30,CAR_0715,CAR,435,standing,,,,28.4577,1,450,False
153,30,CAR_0715,CAR,435,standing,,,,30.1083,3,450,False
154,30,CAR_0830,CAR,510,standing,,,,25.802,1,540,False
155,30,CAR_0830,CAR,510,standing,,,,26.949,1,540,False
156,30,CAR_0815,CAR,495,standing,,,,7.2164,1,510,False
157,30,PT,PT,,standing,,,,31.2766,1,495,False
158,30,CAR_0730,CAR,450,standing,,,,1.2868,1,465,False
159,30,WFH,WFH,,standing,,,,16.5627,3,,False
160,30,CAR_0700,CAR,420,standing,,,,18.575,1,450,False
161,30,PT,PT,,standing,,,,31.7909,1,555,False
162,30,CAR_0645,CAR,405,standing,,,,21.8365,2,420,True
163,30,CAR_0645,CAR,405,standing,,,,32.8073,7,420,True
164,30,CAR_0800,CAR,480,standing,,,,19.6598,1,495,False
165,30,CAR_0815,CAR,495,standing,,,,31.93,1,510,False
166,30,CAR_0930,CAR,570,standing,,,,15.7594,1,585,False
167,30,CAR_0745,CAR,465,standing,,,,7.6975,3,510,False
168,30,CAR_0715,CAR,435,standing,,,,20.0112,1,480,False
169,30,CAR_0730,CAR,450,standing,,,,2.1592,1,465,False
170,30,WFH,WFH,,standing,,,,15.2247,5,,False
171,30,CAR_0715,CAR,435,standing,,,,2.9957,1,465,False
172,30,CAR_0645,CAR,405,standing,,,,8.2705,1,420,False
173,30,PT,PT,,standing,,,,29.9017,1,495,False
174,30,CAR_0915,CAR,555,standing,,,,21.2742,1,570,False
175,30,CAR_0900,CAR,540,standing,,,,31.5821,1,555,False
176,30,PT,PT,,standing,,,,29.2828,1,585,False
177,30,PT,PT,,standing,,,,33.9097,1,495,False
178,30,CAR_0745,CAR,465,standing,,,,3.722,1,480,False
179,30,CAR_0700,CAR,420,standing,,,,15.1103,1,435,False
180,30,PT,PT,,standing,,,,30.4602,1,480,False
181,30,PT,PT,,standing,,,,30.6124,1,450,False
182,30,CAR_0700,CAR,420,standing,,,,2.1776,1,465,False
183,30,CAR_0900,CAR,540,standing,,,,22.0488,1,555,False
184,30,PT,PT,,standing,,,,36.5927,1,510,False
185,30,CAR_0630,CAR,390,standing,,,,2.8475,1,420,False
186,30,CAR_0630,CAR,390,standing,,,,2.0295,1,420,False
187,30,CAR_0845,CAR,525,standing,,,,13.2412,1,540,False
188,30,CAR_0815,CAR,495,standing,,,,36.2284,1,525,False
189,30,PT,PT,,standing,,,,34.6608,1,495,False
190,30,WFH,WFH,,standing,,,,25.5988,3,,False
191,30,CAR_0715,CAR,435,standing,,,,26.999,1,510,False
192,30,CAR_0630,CAR,390,standing,,,,23.321,1,420,True
193,30,PT,PT,,standing,,,,29.7035,1,600,False
194,30,CAR_0630,CAR,390,standing,,,,11.9218,3,420,True
195,30,CAR_0645,CAR,405,standing,,,,8.0299,2,465,False
196,30,CAR_0700,CAR,420,standing,,,,0.9034,1,435,False
197,30,PT,PT,,standing,,,,29.5943,1,555,False
198,30,CAR_0645,CAR,405,standing,,,,7.7492,2,420,True
199,30,PT,PT,,standing,,,,32.7424,1,480,False
200,30,CAR_0845,CAR,525,standing,,,,15.1135,1,540,False
201,30,PT,PT,,standing,,,,30.6199,1,555,False
202,30,CAR_0930,CAR,570,standing,,,,29.1115,1,585,False
203,30,CAR_0715,CAR,435,standing,,,,20.0117,1,450,False
204,30,CAR_0845,CAR,525,standing,,,,20.113,1,540,False
205,30,CAR_0715,CAR,435,standing,,,,13.7404,1,495,False
206,30,CAR_0700,CAR,420,standing,,,,30.372,1,510,False
207,30,CAR_0630,CAR,390,standing,,,,0.9531,1,450,False
208,30,CAR_0845,CAR,525,standing,,,,16.9036,1,540,False
209,30,CAR_0700,CAR,420,standing,,,,1.4048,1,450,False
210,30,CAR_0630,CAR,390,standing,,,,1.9915,1,435,False
211,30,PT,PT,,standing,,,,33.3923,1,495,False
212,30,CAR_0630,CAR,390,standing,,,,25.4441,1,525,False
213,30,WFH,WFH,,standing,,,,36.9938,1,,False
214,30,PT,PT,,standing,,,,29.5958,1,555,False
215,30,CAR_0715,CAR,435,standing,,,,10.7643,1,465,False
216,30,CAR_0645,CAR,405,standing,,,,29.7169,1,420,True
217,30,PT,PT,,standing,,,,32.3898,1,510,False
218,30,CAR_0815,CAR,495,standing,,,,24.2643,1,525,False
219,30,PT,PT,,standing,,,,30.3743,1,525,False
220,30,PT,PT,,standing,,,,33.8028,2,525,False
221,30,CAR_0715,CAR,435,standing,,,,26.6877,1,480,False
222,30,CAR_0730,CAR,450,standing,,,,23.7493,1,540,False
223,30,CAR_0915,CAR,555,standing,,,,34.576,1,570,False
224,30,CAR_0730,CAR,450,standing,,,,24.2915,1,480,False
225,30,CAR_0845,CAR,525,standing,,,,26.0713,1,525,False
226,30,CAR_0745,CAR,465,standing,,,,14.3263,1,480,False
227,30,CAR_0830,CAR,510,standing,,,,14.808,1,540,False
228,30,CAR_0715,CAR,435,standing,,,,5.7511,1,450,False
229,30,CAR_0900,CAR,540,standing,,,,3.5287,1,555,False
230,30,PT,PT,,standing,,,,32.0298,1,510,False
231,30,CAR_0830,CAR,510,standing,,,,16.1861,1,525,False
232,30,CAR_0830,CAR,510,standing,,,,10.6084,1,525,False
233,30,CAR_0715,CAR,435,standing,,,,11.4875,1,450,False
234,30,CAR_0930,CAR,570,standing,,,,27.518,1,585,False
235,30,PT,PT,,standing,,,,31.2153,1,570,False
236,30,CAR_0715,CAR,435,standing,,,,20.8699,3,495,False
237,30,CAR_0915,CAR,555,standing,,,,24.8869,1,555,False
238,30,CAR_0900,CAR,540,standing,,,,13.8817,1,555,False
239,30,CAR_0730,CAR,450,standing,,,,8.322,1,465,False
240,30,CAR_0915,CAR,555,standing,,,,14.4887,1,570,False
241,30,CAR_0730,CAR,450,standing,,,,21.328,3,495,False
242,30,CAR_0715,CAR,435,standing,,,,10.5065,1,480,False
243,30,PT,PT,,standing,,,,30.1329,1,540,False
244,30,CAR_0715,CAR,435,standing,,,,21.7206,1,450,False
245,30,CAR_0915,CAR,555,standing,,,,20.9578,1,555,False
246,30,CAR_0700,CAR,420,standing,,,,23.79,2,435,False
247,30,PT,PT,,standing,,,,30.6216,1,570,False
248,30,PT,PT,,standing,,,,31.6977,1,540,False
249,30,CAR_0815,CAR,495,standing,,,,29.4509,1,510,False
250,30,CAR_0645,CAR,405,standing,,,,27.7071,6,420,True
251,30,CAR_0715,CAR,435,standing,,,,20.6759,1,480,False
252,30,PT,PT,,standing,,,,31.687,1,525,False
253,30,CAR_0715,CAR,435,standing,,,,10.6825,3,435,False
254,30,CAR_0830,CAR,510,standing,,,,31.7112,1,525,False
255,30,CAR_0800,CAR,480,standing,,,,27.1699,1,495,False
256,30,CAR_0630,CAR,390,standing,,,,32.4269,1,420,False
257,30,PT,PT,,standing,,,,29.4473,1,450,False
258,30,PT,PT,,standing,,,,29.7633,1,525,False
259,30,CAR_0645,CAR,405,standing,,,,24.7473,6,420,True
260,30,CAR_0615,CAR,375,standing,,,,20.6778,1,420,True
261,30,WFH,WFH,,standing,,,,23.1202,4,,False
262,30,PT,PT,,standing,,,,30.4879,2,570,False
263,30,CAR_0630,CAR,390,standing,,,,11.611,1,420,False
264,30,CAR_0715,CAR,435,standing,,,,2.8048,1,465,False
265,30,PT,PT,,standing,,,,30.8923,1,525,False
266,30,CAR_0630,CAR,390,standing,,,,18.2326,1,420,True
267,30,CAR_0900,CAR,540,standing,,,,30.9524,1,555,False
268,30,PT,PT,,standing,,,,28.7778,1,495,False
269,30,CAR_0700,CAR,420,standing,,,,3.8343,1,435,False
270,30,PT,PT,,standing,,,,28.5785,1,465,False
271,30,PT,PT,,standing,,,,32.9601,1,555,False
272,30,CAR_0930,CAR,570,standing,,,,29.9567,1,600,False
273,30,PT,PT,,standing,,,,32.8596,1,555,False
274,30,CAR_0700,CAR,420,standing,,,,12.6616,1,435,False
275,30,CAR_0815,CAR,495,standing,,,,13.7604,1,510,False
276,30,CAR_0645,CAR,405,standing,,,,41.2259,2,420,True
277,30,WFH,WFH,,standing,,,,19.9404,4,,False
278,30,PT,PT,,standing,,,,32.5009,1,525,False
279,30,CAR_0700,CAR,420,standing,,,,20.0954,1,450,False
280,30,CAR_0700,CAR,420,standing,,,,3.8365,1,435,False
281,30,WFH,WFH,,standing,,,,29.3513,1,,False
282,30,CAR_0730,CAR,450,standing,,,,4.6448,1,465,False
283,30,CAR_0745,CAR,465,standing,,,,4.0235,2,495,False
284,30,PT,PT,,standing,,,,34.3552,1,525,False
285,30,CAR_0645,CAR,405,standing,,,,33.3396,1,420,True
286,30,CAR_0715,CAR,435,standing,,,,13.3585,2,480,False
287,30,CAR_0630,CAR,390,standing,,,,8.6257,1,420,False
288,30,CAR_0900,CAR,540,standing,,,,31.6788,1,555,False
289,30,CAR_0645,CAR,405,standing,,,,20.0548,5,420,True
290,30,PT,PT,,standing,,,,37.4976,1,525,False
291,30,CAR_0830,CAR,510,standing,,,,19.4207,1,525,False
292,30,PT,PT,,standing,,,,40.7859,2,510,False
293,30,PT,PT,,standing,,,,33.1909,1,510,False
294,30,PT,PT,,standing,,,,39.0741,1,525,False
295,30,CAR_0715,CAR,435,standing,,,,15.7059,1,450,False
296,30,PT,PT,,standing,,,,43.1146,1,495,False
297,30,PT,PT,,standing,,,,37.0599,1,465,False
298,30,CAR_0715,CAR,435,standing,,,,7.8764,1,465,False
299,30,CAR_0715,CAR,435,standing,,,,21.2183,1,510,False
