section_id,n_seg,ff_min,km,frc,speed_limit,street_name,adt_twoway,adt_dir,adt_source,peak_ratio,cap_vph,obs_peak_vph,am_volume_veh,expected_commuter_veh,phi,bg_peak_vph,w_factor,n_origins,x_mid,y_mid
0,2,0.025272,0.0211,2,50,Great South Road,21148.0,10574.0,propagated,0.078542,813.183,996.604,2941.76,6.698,0.002277,994.335,1.0,3,1768320.8,5902001.1
1,2,0.117708,0.0981,2,50,Great South Road,21148.0,10574.0,propagated,0.078542,813.183,996.604,2941.76,10.47,0.003559,993.057,1.0,4,1768308.2,5902059.1
2,2,0.074184,0.0618,2,50,Great South Road,15384.0,7692.0,propagated,0.081513,591.546,752.398,2220.917,14.74,0.006637,747.404,1.0,5,1768290.9,5902137.5
3,5,0.279624,0.233,2,50,Great South Road,15384.0,7692.0,count,0.081513,591.546,752.398,2220.917,18.739,0.008438,746.05,1.0,6,1768259.1,5902281.8
4,1,0.070956,0.0591,4,50,Great South Road,15384.0,7692.0,propagated,0.081513,591.546,752.398,2220.917,18.739,0.008438,746.05,1.0,6,1768203.3,5902414.9
5,4,0.067692,0.0564,4,50,Orams Road,14593.0,7296.5,propagated,0.096,561.13,840.557,2481.143,71.081,0.028648,816.476,1.0,18,1768241.8,5902451.9
6,3,0.340572,0.2838,4,50,Orams Road,14593.0,7296.5,count,0.096,561.13,840.557,2481.143,74.699,0.030107,815.251,1.0,19,1768399.8,5902514.3
7,1,0.132708,0.1106,4,50,Orams Road,9806.0,4903.0,count,0.096,377.06,564.826,1667.244,74.699,0.044804,539.52,1.0,19,1768582.4,5902588.0
8,2,0.094104,0.0784,4,50,Orams Road,10885.0,5442.5,propagated,0.096,418.55,626.976,1850.698,74.699,0.040363,601.67,1.0,19,1768670.4,5902623.3
9,1,0.09128399999999999,0.0761,4,50,Orams Road,10885.0,5442.5,count,0.096,418.55,626.976,1850.698,78.332,0.042326,600.439,1.0,20,1768742.3,5902651.5
10,5,0.115908,0.0966,4,50,Orams Road,15286.0,7643.0,count,0.102185,587.777,937.2,2766.412,78.332,0.028315,910.663,1.0,20,1768816.9,5902693.1
11,4,0.42706199999999994,0.7118,0,100,Southern Motorway,126864.0,63432.0,count,0.096,4878.175,7307.366,21569.768,640.056,0.029674,7090.529,1.0,136,1768649.8,5903008.8
12,2,0.061967999999999995,0.1033,0,100,Southern Motorway,69348.0,34674.0,propagated,0.096,2666.569,3994.445,11790.74,640.056,0.054285,3777.608,1.0,136,1768443.4,5903360.3
13,5,0.5220659999999999,0.8701,0,100,Southern Motorway,69348.0,34674.0,count,0.096,2666.569,3994.445,11790.74,642.316,0.054476,3776.842,1.0,137,1768204.6,5903784.2
14,2,0.10031999999999999,0.1672,0,100,Southern Motorway,85980.0,42990.0,propagated,0.096,3306.103,4952.448,14618.558,900.153,0.061576,4647.496,1.0,181,1768018.0,5904268.1
15,5,0.15198599999999998,0.2533,0,100,Southern Motorway,85980.0,42990.0,count,0.096,3306.103,4952.448,14618.558,906.331,0.061999,4645.403,1.0,182,1767943.0,5904464.2
16,3,0.484692,0.8078,0,100,Southern Motorway,99960.0,49980.0,count,0.096,3843.662,5757.696,16995.476,1127.992,0.06637,5375.557,1.0,211,1767750.9,5904958.8
17,4,0.22791,0.3798,0,100,Southern Motorway,99960.0,49980.0,propagated,0.096,3843.662,5757.696,16995.476,1307.385,0.076925,5314.783,1.0,252,1767537.2,5905512.5
18,5,1.1648699999999999,1.9414,0,100,Southern Motorway,117548.0,58774.0,count,0.096,4519.956,6770.765,19985.837,1307.385,0.065416,6327.852,1.0,252,1767170.2,5906602.5
19,5,0.401754,0.6696,0,100,Southern Motorway,101486.0,50743.0,count,0.096,3902.34,5845.594,17254.932,1307.385,0.075769,5402.681,1.0,252,1766241.6,5907520.2
20,1,0.077814,0.1297,0,100,Southern Motorway,101486.0,50743.0,propagated,0.096,3902.34,5845.594,17254.932,1533.065,0.088848,5326.225,1.0,301,1765958.6,5907802.3
21,3,0.35763599999999995,0.5961,0,100,Southern Motorway,121886.0,60943.0,count,0.096,4686.76,7020.634,20723.397,1533.065,0.073977,6501.265,1.0,301,1765785.4,5908118.0
22,5,0.271674,0.4528,0,100,Southern Motorway,106118.0,53059.0,count,0.096,4080.449,6112.397,18042.477,1533.065,0.08497,5593.028,1.0,301,1765588.6,5908603.9
23,1,0.184134,0.3069,0,100,Southern Motorway,106118.0,53059.0,propagated,0.096,4080.449,6112.397,18042.477,1566.427,0.086819,5581.726,1.0,307,1765446.6,5908956.1
24,2,0.070758,0.1179,0,100,Southern Motorway,106118.0,53059.0,propagated,0.096,4080.449,6112.397,18042.477,1574.296,0.087255,5579.06,1.0,308,1765366.7,5909152.8
25,8,0.443646,0.7394,0,100,Southern Motorway,128928.0,64464.0,count,0.096,4957.539,7426.253,21920.696,1574.296,0.071818,6892.916,1.0,308,1765207.9,5909550.8
26,2,0.44127599999999995,0.7355,0,100,Southern Motorway,109346.0,54673.0,count,0.096,4204.572,6298.33,18591.311,1574.296,0.084679,5764.993,1.0,308,1765056.1,5910269.6
27,1,0.113262,0.1888,0,100,Southern Motorway,109346.0,54673.0,propagated,0.096,4204.572,6298.33,18591.311,1667.813,0.089709,5733.311,1.0,331,1764933.7,5910715.0
28,5,0.542982,0.905,0,100,Southern Motorway,117704.0,58852.0,count,0.096,4525.954,6779.75,20012.359,1667.813,0.083339,6214.731,1.0,331,1764782.1,5911240.3
29,3,0.274578,0.4576,0,100,Southern Motorway,117704.0,58852.0,propagated,0.096,4525.954,6779.75,20012.359,1685.249,0.08421,6208.824,1.0,334,1764592.1,5911894.7
30,11,0.4724940000000001,0.7875,0,100,Southern Motorway,78228.0,39114.0,count,0.096,3008.023,4505.933,13300.542,1685.249,0.126705,3935.007,1.0,334,1764209.9,5912356.9
31,1,0.29546999999999995,0.4924,0,100,Southern Motorway,83956.0,41978.0,count,0.096,3228.276,4835.866,14274.433,1685.249,0.118061,4264.94,1.0,334,1763652.6,5912671.3
32,1,0.014868,0.0248,0,100,Southern Motorway,103688.0,51844.0,propagated,0.096,3987.011,5972.429,17629.322,1685.249,0.095594,5401.503,1.0,334,1763412.6,5912765.6
33,9,0.6628379999999999,1.1047,0,100,Southern Motorway,103688.0,51844.0,count,0.096,3987.011,5972.429,17629.322,1962.159,0.111301,5307.692,1.0,374,1762874.4,5912935.7
34,8,0.679368,1.1323,0,100,Southern Motorway,138360.0,69180.0,count,0.096,5320.219,7969.536,23524.35,2241.422,0.095281,7210.191,1.0,443,1762141.2,5913719.4
35,5,0.47844,0.7974,0,100,Southern Motorway,125068.0,62534.0,count,0.096,4809.115,7203.917,21264.408,2241.422,0.105407,6444.572,1.0,443,1761386.4,5914295.2
36,2,0.06277799999999999,0.1046,0,100,Southern Motorway,125068.0,62534.0,propagated,0.096,4809.115,7203.917,21264.408,2367.12,0.111318,6401.988,1.0,471,1761191.1,5914699.2
37,10,0.718074,1.1968,0,100,Southern Motorway,148752.0,74376.0,count,0.096,5719.812,8568.115,25291.226,2367.12,0.093595,7766.186,1.0,471,1760904.9,5915278.2
38,3,0.47285999999999995,0.7881,0,100,Southern Motorway,132814.0,66407.0,count,0.096,5106.964,7650.086,22581.403,2367.12,0.104826,6848.157,1.0,471,1760156.4,5915927.9
39,1,0.028866,0.0481,0,100,Southern Motorway,132814.0,66407.0,propagated,0.096,5106.964,7650.086,22581.403,2653.495,0.117508,6751.14,1.0,520,1759801.7,5916148.0
40,4,0.507168,0.8453,0,100,Southern Motorway,168520.0,84260.0,count,0.096,6479.931,9706.752,28652.237,2653.495,0.09261,8807.806,1.0,520,1759454.1,5916427.1
41,2,0.307812,0.513,0,100,Southern Motorway,150218.0,75109.0,propagated,0.096,5776.183,8652.557,25540.481,2653.495,0.103894,7753.611,1.0,520,1759031.0,5916958.2
42,10,0.38231250000000006,0.5098,0,80,Southern Motorway,150218.0,75109.0,count,0.096,5776.183,8652.557,25540.481,2653.495,0.103894,7753.611,1.0,520,1758733.8,5917374.2
43,5,0.5793,0.7724,0,80,Southern Motorway,159958.0,79979.0,count,0.096,6150.705,9213.581,27196.503,2653.495,0.097568,8314.635,1.0,520,1758228.5,5917747.9
44,5,0.1812825,0.2417,0,80,Southern Motorway,205470.0,102735.0,count,0.096,7900.732,11835.072,34934.579,3759.698,0.107621,10561.368,1.0,720,1757874.4,5918105.7
45,2,0.1001925,0.1336,0,80,Southern Motorway,205470.0,102735.0,propagated,0.096,7900.732,11835.072,34934.579,3765.421,0.107785,10559.43,1.0,721,1757740.3,5918236.8
46,11,0.33837,0.4512,0,80,Southern Motorway,184064.0,92032.0,count,0.096,7077.629,10602.086,31295.07,3765.421,0.12032,9326.444,1.0,721,1757561.0,5918462.6
47,1,0.0525675,0.0701,0,80,Southern Motorway,131284.0,65642.0,propagated,0.096,5048.132,7561.958,22321.268,3765.421,0.168692,6286.316,1.0,721,1757472.1,5918705.3
48,1,0.038505000000000005,0.0513,2,80,Exit 429 Symonds Street,38306.0,19153.0,propagated,0.096,1472.942,2206.426,6512.893,3765.421,0.578149,930.784,1.0,721,1757430.5,5918747.6
49,2,0.06558,0.0874,2,80,Exit 429 Symonds Street,38306.0,19153.0,count,0.096,1472.942,2206.426,6512.893,3774.743,0.57958,927.625,1.0,722,1757371.9,5918784.9
50,1,0.02262,0.0302,2,80,Exit 429 Symonds Street,38306.0,19153.0,propagated,0.096,1472.942,2206.426,6512.893,3783.07,0.580859,924.804,1.0,723,1757320.2,5918813.2
51,4,0.3695775,0.4928,2,80,Exit 429B Wellesley Street,22386.0,11193.0,count,0.096,860.786,1289.434,3806.131,3783.07,0.993941,7.813,1.0,723,1757256.3,5919045.1
52,1,0.039990000000000005,0.0533,2,80,Exit 429B Wellesley Street,9956.0,4978.0,propagated,0.096,382.828,573.466,1692.748,3783.07,1.0,0.0,0.447454,723,1757390.3,5919280.9
53,2,0.040752,0.034,4,50,Coronation Road,14435.0,7217.5,propagated,0.096,555.055,831.456,2454.279,20.077,0.00818,824.654,1.0,5,1764586.1,5906570.3
54,1,0.048912,0.0408,4,50,Coronation Road,14435.0,7217.5,count,0.096,555.055,831.456,2454.279,25.511,0.010394,822.813,1.0,6,1764614.5,5906546.3
55,1,0.029532,0.0246,4,50,Coronation Road,14435.0,7217.5,propagated,0.096,555.055,831.456,2454.279,30.977,0.012622,820.962,1.0,7,1764639.9,5906525.3
56,1,0.019787999999999997,0.0165,4,50,Coronation Road,14435.0,7217.5,propagated,0.096,555.055,831.456,2454.279,36.498,0.014871,819.091,1.0,8,1764655.6,5906511.7
57,1,0.048036,0.04,4,50,Coronation Road,14435.0,7217.5,propagated,0.096,555.055,831.456,2454.279,42.158,0.017177,817.174,1.0,9,1764677.1,5906493.5
58,1,0.021623999999999997,0.018,4,50,Coronation Road,8995.0,4497.5,propagated,0.096,345.876,518.112,1529.355,42.158,0.027566,503.83,1.0,9,1764700.4,5906484.9
59,3,0.38054399999999994,0.3171,4,50,Shirley Road,14819.0,7409.5,count,0.080572,569.82,716.398,2114.652,159.922,0.075626,662.22,1.0,31,1764811.4,5906602.4
60,1,0.153576,0.128,4,50,Shirley Road,14598.0,7299.0,propagated,0.096,561.322,840.845,2481.993,159.922,0.064433,786.667,1.0,31,1764955.5,5906772.2
61,3,0.328884,0.2741,4,50,Shirley Road,14598.0,7299.0,count,0.096,561.322,840.845,2481.993,164.203,0.066158,785.217,1.0,32,1765105.2,5906905.0
62,2,0.06110399999999999,0.0509,4,50,Shirley Road,16970.0,8485.0,propagated,0.078904,652.53,803.401,2371.466,164.203,0.069241,747.773,1.0,32,1765237.6,5906999.0
63,1,0.029892,0.0249,4,50,Shirley Road,16970.0,8485.0,count,0.078904,652.53,803.401,2371.466,166.388,0.070163,747.032,1.0,33,1765270.2,5907018.0
64,3,0.049583999999999996,0.0413,4,50,Shirley Road,16970.0,8485.0,propagated,0.078904,652.53,803.401,2371.466,168.574,0.071084,746.292,1.0,34,1765298.9,5907034.8
65,6,0.19056,0.1588,4,50,Shirley Road,17622.0,8811.0,count,0.096,677.601,1015.027,2996.141,170.732,0.056984,957.187,1.0,35,1765384.6,5907086.5
66,2,0.084564,0.0705,2,50,Great South Road,13410.0,6705.0,propagated,0.096,515.641,772.416,2280.005,170.732,0.074882,714.576,1.0,35,1765473.7,5907098.0
67,2,0.11637599999999998,0.097,2,50,Great South Road,20262.0,10131.0,propagated,0.096,779.114,1167.091,3445.001,170.732,0.049559,1109.251,1.0,35,1765520.8,5907029.5
68,16,0.564708,0.4706,2,50,East Tamaki Road,22098.0,11049.0,count,0.096,849.712,1272.845,3757.164,173.823,0.046264,1213.958,1.0,36,1765752.0,5907112.7
69,2,0.120876,0.1007,2,50,East Tamaki Road,33694.0,16847.0,propagated,0.096,1295.602,1940.774,5728.746,173.823,0.030342,1881.887,1.0,36,1765998.5,5907257.3
70,1,0.035268,0.0294,2,50,East Tamaki Road,33694.0,16847.0,propagated,0.096,1295.602,1940.774,5728.746,176.124,0.030744,1881.107,1.0,37,1766054.8,5907290.2
71,2,0.06503999999999999,0.0542,2,50,East Tamaki Road,33694.0,16847.0,propagated,0.096,1295.602,1940.774,5728.746,214.464,0.037436,1868.118,1.0,46,1766086.4,5907316.9
72,5,0.1151,0.1151,2,60,East Tamaki Road,33694.0,16847.0,propagated,0.096,1295.602,1940.774,5728.746,214.464,0.037436,1868.118,1.0,46,1766139.3,5907381.2
73,2,0.057730000000000004,0.0577,2,60,Entry And Exit 444 East Tamaki Road,20400.0,10200.0,propagated,0.096,784.421,1175.04,3468.465,214.464,0.061833,1102.384,1.0,46,1766193.3,5907447.1
74,5,0.05421,0.0904,2,100,Entry And Exit 444 East Tamaki Road,20400.0,10200.0,propagated,0.096,784.421,1175.04,3468.465,225.68,0.065066,1098.585,1.0,49,1766156.9,5907503.6
75,1,0.09095,0.091,2,60,Entry 444 East Tamaki Road,16498.0,8249.0,propagated,0.096,634.381,950.285,2805.036,225.68,0.080455,873.83,1.0,49,1766100.6,5907568.8
76,2,0.10844999999999999,0.1808,2,100,Entry 444 East Tamaki Road,16498.0,8249.0,propagated,0.096,634.381,950.285,2805.036,225.68,0.080455,873.83,1.0,49,1766061.7,5907687.2
77,3,0.05261999999999999,0.0438,4,50,Saint Georges Road,6539.0,3269.5,propagated,0.119284,251.438,467.999,1381.432,25.195,0.018238,459.463,1.0,6,1751171.4,5914668.0
78,5,0.19608,0.1634,4,50,Saint Georges Road,6539.0,3269.5,count,0.119284,251.438,467.999,1381.432,31.176,0.022568,457.437,1.0,7,1751179.7,5914771.1
79,1,0.05628,0.0469,4,50,Saint Georges Road,11510.0,5755.0,count,0.096,442.583,662.976,1956.962,31.176,0.015931,652.414,1.0,7,1751188.5,5914875.8
80,3,0.08303999999999999,0.0692,4,50,Saint Georges Road,10711.0,5355.5,count,0.096,411.859,616.954,1821.115,31.176,0.017119,606.392,1.0,7,1751193.0,5914934.0
81,5,0.07722,0.0643,4,50,Saint Georges Road,10711.0,5355.5,propagated,0.096,411.859,616.954,1821.115,37.648,0.020673,604.2,1.0,8,1751197.4,5915000.1
82,2,0.011136,0.0093,3,50,Great North Road,21420.0,10710.0,propagated,0.096,823.642,1233.792,3641.888,377.687,0.103706,1105.84,1.0,98,1751197.8,5915033.6
83,1,0.01542,0.0128,3,50,Saint Jude Street,11928.0,5964.0,propagated,0.096,458.655,687.053,2028.032,430.669,0.212358,541.152,1.0,106,1751205.2,5915039.2
84,7,0.317364,0.2645,3,50,Saint Jude Street,11928.0,5964.0,propagated,0.096,458.655,687.053,2028.032,437.814,0.215881,538.731,1.0,107,1751343.8,5915035.6
85,3,0.17075999999999997,0.1423,3,50,Saint Jude Street,11928.0,5964.0,propagated,0.096,458.655,687.053,2028.032,443.988,0.218926,536.64,1.0,108,1751489.5,5915160.1
86,2,0.051059999999999994,0.0426,3,50,Saint Jude Street,11928.0,5964.0,propagated,0.096,458.655,687.053,2028.032,449.636,0.221711,534.726,1.0,109,1751546.5,5915232.7
87,1,0.03954,0.033,3,50,New North Road,23139.0,11569.5,propagated,0.096,889.741,1332.806,3934.156,501.405,0.127449,1162.941,1.0,125,1751579.8,5915248.8
88,1,0.007103999999999999,0.0059,3,50,New North Road,23139.0,11569.5,propagated,0.096,889.741,1332.806,3934.156,506.685,0.128791,1161.152,1.0,126,1751598.6,5915253.6
89,5,0.047352,0.0395,3,50,New North Road,23139.0,11569.5,propagated,0.096,889.741,1332.806,3934.156,511.768,0.130083,1159.43,1.0,127,1751620.3,5915259.1
90,1,0.012023999999999998,0.01,3,50,New North Road,23139.0,11569.5,propagated,0.096,889.741,1332.806,3934.156,516.466,0.131277,1157.839,1.0,128,1751643.8,5915267.2
91,1,0.015390000000000001,0.0103,3,40,New North Road,23139.0,11569.5,propagated,0.096,889.741,1332.806,3934.156,520.965,0.132421,1156.314,1.0,129,1751653.4,5915270.2
92,3,0.10905599999999999,0.0909,3,50,New North Road,23139.0,11569.5,propagated,0.096,889.741,1332.806,3934.156,520.965,0.132421,1156.314,1.0,129,1751697.3,5915295.1
93,6,0.148188,0.1235,3,50,New North Road,23139.0,11569.5,propagated,0.096,889.741,1332.806,3934.156,524.207,0.133245,1155.216,1.0,130,1751787.2,5915353.7
94,3,0.13197599999999998,0.11,3,50,New North Road,23139.0,11569.5,count,0.096,889.741,1332.806,3934.156,527.475,0.134076,1154.109,1.0,131,1751875.5,5915429.0
95,1,0.024047999999999996,0.02,3,50,New North Road,28822.0,14411.0,propagated,0.096,1108.264,1660.147,4900.396,527.475,0.107639,1481.45,1.0,131,1751918.1,5915478.2
96,7,0.121836,0.1015,3,50,New North Road,28822.0,14411.0,count,0.096,1108.264,1660.147,4900.396,530.72,0.108301,1480.351,1.0,132,1751958.0,5915523.9
97,44,1.3503419999999997,2.2506,0,100,Southwestern Motorway,74072.0,37036.0,default,0.096,2848.217,4266.547,12593.926,740.391,0.05879,4015.719,1.0,174,1751750.5,5916656.6
98,10,0.418068,0.6968,0,100,20,74072.0,37036.0,default,0.096,2848.217,4266.547,12593.926,740.391,0.05879,4015.719,1.0,174,1752054.5,5918017.2
99,2,0.028241999999999996,0.0471,0,100,20,74072.0,37036.0,default,0.096,2848.217,4266.547,12593.926,864.543,0.068648,3973.659,1.0,201,1752425.1,5918038.3
100,15,0.7515359999999999,1.2526,0,100,Northwestern Motorway,103056.0,51528.0,count,0.096,3962.709,5936.026,17521.868,2179.583,0.124392,5197.631,1.0,491,1753044.7,5918221.0
101,4,0.253722,0.4229,0,100,Northwestern Motorway,90856.0,45428.0,count,0.096,3493.595,5233.306,15447.59,2179.583,0.141095,4494.911,1.0,491,1753865.7,5918297.6
102,2,0.26448,0.3526,0,80,Northwestern Motorway,90856.0,45428.0,propagated,0.096,3493.595,5233.306,15447.59,2179.583,0.141095,4494.911,1.0,491,1754249.8,5918336.5
103,3,0.09363000000000002,0.1248,0,80,Northwestern Motorway,90856.0,45428.0,propagated,0.096,3493.595,5233.306,15447.59,2187.314,0.141596,4492.292,1.0,496,1754486.5,5918361.8
104,10,0.8174775000000001,1.09,0,80,Northwestern Motorway,125856.0,62928.0,count,0.096,4839.415,7249.306,21398.387,2187.314,0.102219,6508.292,1.0,496,1755088.8,5918292.1
105,5,0.48083250000000005,0.6411,0,80,Northwestern Motorway,107558.0,53779.0,propagated,0.096,4135.82,6195.341,18287.31,2633.852,0.144026,5303.049,1.0,582,1755883.5,5918497.3
106,5,0.30336749999999996,0.4045,0,80,Exit 4A Northern Motorway,23058.0,11529.0,count,0.096,886.626,1328.141,3920.386,2633.852,0.671835,435.85,1.0,582,1756233.5,5918882.6
107,1,0.03189,0.0319,2,60,Te Irirangi Drive,40576.0,20288.0,propagated,0.086948,1560.228,2116.801,6248.34,9.762,0.001562,2113.494,1.0,2,1768920.4,5905878.3
108,1,0.03134,0.0313,2,60,Te Irirangi Drive,40576.0,20288.0,propagated,0.086948,1560.228,2116.801,6248.34,14.836,0.002374,2111.775,1.0,3,1768912.6,5905848.0
109,2,0.5395300000000001,0.5395,2,60,Te Irirangi Drive,40576.0,20288.0,count,0.086948,1560.228,2116.801,6248.34,30.72,0.004917,2106.394,1.0,6,1768841.1,5905571.7
110,3,0.06864999999999999,0.0686,2,60,Te Irirangi Drive,27450.0,13725.0,propagated,0.116284,1055.507,1915.197,5653.248,30.72,0.005434,1904.79,1.0,6,1768691.3,5905323.0
111,1,0.02863,0.0286,2,60,Te Irirangi Drive,27450.0,13725.0,propagated,0.116284,1055.507,1915.197,5653.248,35.283,0.006241,1903.244,1.0,7,1768645.1,5905307.9
112,5,0.2823,0.2823,2,60,Te Irirangi Drive,27450.0,13725.0,count,0.116284,1055.507,1915.197,5653.248,96.192,0.017015,1882.609,1.0,16,1768493.5,5905322.2
113,1,0.10549,0.1055,2,60,Te Irirangi Drive,27112.0,13556.0,count,0.123709,1042.511,2012.399,5940.168,96.192,0.016193,1979.811,1.0,16,1768307.1,5905288.4
114,2,0.12958,0.1296,2,60,Te Irirangi Drive,28516.0,14258.0,count,0.120985,1096.497,2070.005,6110.208,96.192,0.015743,2037.417,1.0,16,1768198.0,5905244.6
115,5,0.28949,0.2895,2,60,Te Irirangi Drive,28516.0,14258.0,propagated,0.120985,1096.497,2070.005,6110.208,98.624,0.016141,2036.593,1.0,17,1768003.5,5905166.7
116,3,0.11923,0.1192,2,60,Te Irirangi Drive,30014.0,15007.0,propagated,0.113414,1154.098,2042.405,6028.739,98.624,0.016359,2008.993,1.0,17,1767814.6,5905088.5
117,3,0.07293,0.0729,2,60,Exit 447 Te Irirangi Drive,19054.0,9527.0,propagated,0.096,732.664,1097.51,3239.613,98.624,0.030443,1064.098,1.0,17,1767754.3,5905098.8
118,1,0.010164000000000001,0.0169,2,100,Exit 447 Te Irirangi Drive,19054.0,9527.0,propagated,0.096,732.664,1097.51,3239.613,98.624,0.030443,1064.098,1.0,17,1767736.5,5905139.9
119,3,0.21085199999999998,0.3514,2,100,Exit 447 Te Irirangi Drive,19054.0,9527.0,count,0.096,732.664,1097.51,3239.613,143.752,0.044373,1048.81,1.0,28,1767655.3,5905304.8
120,2,0.15217199999999997,0.2536,0,100,Southern Motorway,96522.0,48261.0,propagated,0.096,3711.464,5559.667,16410.937,533.029,0.03248,5379.088,1.0,93,1767527.9,5905578.1
121,5,1.047642,1.7461,0,100,Southern Motorway,115576.0,57788.0,count,0.096,4444.128,6657.178,19650.553,533.029,0.027125,6476.599,1.0,93,1767244.0,5906532.8
122,5,0.484794,0.808,0,100,Southern Motorway,99078.0,49539.0,count,0.096,3809.747,5706.893,16845.517,533.029,0.031642,5526.314,1.0,93,1766344.5,5907437.8
123,2,0.455604,0.7593,0,100,Southern Motorway,119356.0,59678.0,count,0.096,4589.477,6874.906,20293.239,1250.85,0.061639,6451.145,1.0,223,1765838.0,5908026.6
124,9,0.49850400000000006,0.8308,0,100,Southern Motorway,107420.0,53710.0,count,0.096,4130.514,6187.392,18263.846,1250.85,0.068488,5763.631,1.0,223,1765540.4,5908763.7
125,4,0.09045600000000001,0.1508,0,100,Southern Motorway,134254.0,67127.0,propagated,0.096,5162.335,7733.03,22826.236,1250.85,0.054799,7309.269,1.0,223,1765357.4,5909218.9
126,5,0.39890999999999993,0.6649,0,100,Southern Motorway,134254.0,67127.0,count,0.096,5162.335,7733.03,22826.236,1403.404,0.061482,7257.587,1.0,252,1765205.5,5909597.1
127,3,0.547806,0.913,0,100,Southern Motorway,120284.0,60142.0,count,0.096,4625.16,6928.358,20451.018,1403.404,0.068623,6452.915,1.0,252,1765048.0,5910368.0
128,6,0.54414,0.9069,0,100,Southern Motorway,130060.0,65030.0,count,0.096,5001.067,7491.456,22113.161,1403.404,0.063465,7016.013,1.0,252,1764795.6,5911242.4
129,3,0.275562,0.4593,0,100,Southern Motorway,130060.0,65030.0,propagated,0.096,5001.067,7491.456,22113.161,1411.013,0.063809,7013.436,1.0,254,1764605.6,5911898.5
130,10,0.6547859999999999,1.0913,0,100,Southern Motorway,93492.0,46746.0,count,0.096,3594.954,5385.139,15895.768,1411.013,0.088767,4907.119,1.0,254,1764091.9,5912437.6
131,6,0.14305199999999998,0.2384,0,100,Southern Motorway,112808.0,56404.0,count,0.096,4337.693,6497.741,19179.929,1411.013,0.073567,6019.721,1.0,254,1763506.3,5912748.8
132,3,0.1149,0.1915,0,100,Southern Motorway,112808.0,56404.0,propagated,0.096,4337.693,6497.741,19179.929,1413.994,0.073723,6018.711,1.0,255,1763301.3,5912813.0
133,2,0.099978,0.1666,0,100,Southern Motorway,112808.0,56404.0,propagated,0.096,4337.693,6497.741,19179.929,1461.27,0.076187,6002.695,1.0,271,1763130.7,5912869.1
134,3,0.732336,1.2206,0,100,Southern Motorway,149168.0,74584.0,count,0.096,5735.808,8592.077,25361.957,2742.226,0.108124,7663.071,1.0,534,1762506.1,5913151.7
135,8,0.7656000000000001,1.276,0,100,Southern Motorway,134086.0,67043.0,count,0.096,5155.875,7723.354,22797.674,2742.226,0.120285,6794.348,1.0,534,1761707.0,5914066.1
136,3,0.100788,0.168,0,100,Southern Motorway,157102.0,78551.0,propagated,0.096,6040.886,9049.075,26710.917,2742.226,0.102663,8120.069,1.0,534,1761245.8,5914592.6
137,4,0.283086,0.4718,0,100,Southern Motorway,157102.0,78551.0,count,0.096,6040.886,9049.075,26710.917,3229.916,0.120921,7954.85,1.0,621,1761130.5,5914891.3
138,2,0.27052200000000004,0.4509,0,100,Southern Motorway,152890.0,76445.0,count,0.096,5878.926,8806.464,25994.781,3229.916,0.124252,7712.239,1.0,621,1760910.3,5915291.4
139,7,0.28153799999999995,0.4692,0,100,Southern Motorway,160846.0,80423.0,count,0.096,6184.85,9264.73,27347.484,3229.916,0.118107,8170.505,1.0,621,1760566.9,5915596.5
140,4,0.455304,0.7588,0,100,Southern Motorway,140760.0,70380.0,count,0.096,5412.504,8107.776,23932.405,3229.916,0.13496,7013.551,1.0,621,1760095.9,5915989.8
141,1,0.013242,0.0221,0,100,Southern Motorway,140760.0,70380.0,propagated,0.096,5412.504,8107.776,23932.405,3340.283,0.139572,6976.161,1.0,653,1759762.2,5916192.9
142,3,0.470958,0.7849,0,100,Southern Motorway,173100.0,86550.0,count,0.096,6656.041,9970.56,29430.941,3340.283,0.113496,8838.945,1.0,653,1759453.3,5916450.9
143,2,0.237708,0.3962,0,100,Southern Motorway,187896.0,93948.0,propagated,0.096,7224.977,10822.81,31946.6,3340.283,0.104558,9691.195,1.0,653,1759085.8,5916912.2
144,1,0.080034,0.1334,0,100,Southern Motorway,187896.0,93948.0,count,0.096,7224.977,10822.81,31946.6,3436.786,0.107579,9658.502,1.0,674,1758926.9,5917124.2
145,4,0.08998500000000001,0.12,0,80,Southern Motorway,187896.0,93948.0,propagated,0.096,7224.977,10822.81,31946.6,3436.786,0.107579,9658.502,1.0,674,1758851.6,5917226.2
146,4,0.15980250000000001,0.2131,0,80,Southern Motorway,187896.0,93948.0,propagated,0.096,7224.977,10822.81,31946.6,3527.046,0.110404,9627.924,1.0,686,1758758.1,5917363.9
147,4,0.49284000000000006,0.6571,0,80,Southern Motorway,163568.0,81784.0,count,0.096,6289.517,9421.517,27810.285,3527.046,0.126825,8226.631,1.0,686,1758445.7,5917656.8
148,6,0.265365,0.3538,0,80,Southern Motorway,178218.0,89109.0,count,0.096,6852.839,10265.357,30301.119,3527.046,0.1164,9070.471,1.0,686,1758032.5,5917938.5
149,1,0.0103725,0.0138,0,80,Southern Motorway,178218.0,89109.0,propagated,0.096,6852.839,10265.357,30301.119,3543.483,0.116942,9064.902,1.0,689,1757917.5,5918081.9
150,6,0.28581000000000006,0.3811,0,80,Southern Motorway,218732.0,109366.0,count,0.096,8410.683,12598.963,37189.42,3543.483,0.095282,11398.508,1.0,689,1757778.2,5918221.4
151,12,0.3915525000000001,0.5221,0,80,Southern Motorway,196326.0,98163.0,count,0.096,7549.127,11308.378,33379.892,3543.483,0.106156,10107.923,1.0,689,1757540.9,5918591.9
152,2,0.0908475,0.1211,2,80,Entry 429 Wellesley Street,28121.0,14060.5,default,0.096,1081.309,1619.77,4781.211,3552.973,0.743112,416.1,1.0,690,1757356.3,5918847.8
153,1,0.041190000000000004,0.0549,2,80,Entry 429 Wellesley Street,28121.0,14060.5,default,0.096,1081.309,1619.77,4781.211,4316.871,0.902882,157.308,1.0,806,1757299.9,5918913.9
154,2,0.09553500000000001,0.1274,2,80,Entry 429 Wellesley Street,28121.0,14060.5,default,0.096,1081.309,1619.77,4781.211,4326.906,0.904981,153.909,1.0,807,1757283.3,5919001.6
155,4,0.3288675000000001,0.4385,2,80,Entry 429 Wellesley Street,28121.0,14060.5,default,0.096,1081.309,1619.77,4781.211,4335.956,0.906874,150.843,1.0,808,1757461.4,5919214.5
156,1,0.1717875,0.229,2,80,Exit 2 Southern Motorway,18216.0,9108.0,count,0.096,700.442,1049.242,3097.136,4335.956,1.0,0.0,0.714291,808,1757644.6,5919493.5
157,3,0.08097750000000001,0.108,0,80,Northwestern Motorway,44198.0,22099.0,propagated,0.096,1699.501,2545.805,7514.667,4353.941,0.579392,1070.785,1.0,810,1757726.9,5919639.4
158,6,0.2152275,0.287,0,80,Northwestern Motorway,44198.0,22099.0,count,0.096,1699.501,2545.805,7514.667,4475.385,0.595553,1029.642,1.0,832,1757859.9,5919784.1
159,1,0.13519199999999998,0.1127,0,50,Stanley Street,55866.0,27933.0,propagated,0.096,2148.159,3217.882,9498.493,4475.385,0.471168,1701.719,1.0,832,1758025.1,5919896.1
160,1,0.09386399999999999,0.0782,1,50,Stanley Street,55866.0,27933.0,count,0.096,2148.159,3217.882,9498.493,4481.855,0.471849,1699.527,1.0,833,1758094.5,5919960.8
161,2,0.039119999999999995,0.0326,1,50,Stanley Street,22621.0,11310.5,propagated,0.127802,869.823,1734.605,5120.18,4481.855,0.875332,216.251,1.0,833,1758128.9,5920004.1
162,2,0.05504,0.0275,4,30,Alten Road,13611.0,6805.5,propagated,0.078613,523.37,642.001,1895.048,4487.219,1.0,0.0,0.422321,834,1758129.0,5920026.5
163,1,0.02553,0.034,2,80,Albany Expressway,27240.0,13620.0,count,0.096,1047.432,1569.024,4631.42,57.708,0.01246,1549.474,1.0,22,1753249.7,5933071.0
164,1,0.01008,0.0134,2,80,Albany Expressway,27240.0,13620.0,propagated,0.096,1047.432,1569.024,4631.42,203.337,0.043904,1500.138,1.0,53,1753269.7,5933058.1
165,2,0.032117999999999994,0.0535,2,100,Exit 412 Greville Road,41760.0,20880.0,propagated,0.096,1605.756,2405.376,7100.151,203.337,0.028638,2336.49,1.0,53,1753297.6,5933039.5
166,2,0.23499599999999998,0.3917,2,100,Exit 412 Greville Road,41760.0,20880.0,count,0.096,1605.756,2405.376,7100.151,207.826,0.029271,2334.969,1.0,54,1753431.0,5932868.0
167,2,0.063168,0.1053,0,100,Northern Motorway,67526.0,33763.0,propagated,0.096,2596.51,3889.498,11480.959,423.456,0.036883,3746.04,1.0,99,1753507.6,5932633.9
168,1,0.00618,0.0103,0,100,Northern Motorway,109286.0,54643.0,propagated,0.096,4202.265,6294.874,18581.11,423.456,0.02279,6151.416,1.0,99,1753516.5,5932576.5
169,5,0.520902,0.8682,0,100,Northern Motorway,109286.0,54643.0,count,0.096,4202.265,6294.874,18581.11,616.353,0.033171,6086.067,1.0,137,1753634.9,5932154.8
170,6,0.136866,0.2281,0,100,Northern Motorway,71462.0,35731.0,propagated,0.096,2747.857,4116.211,12150.167,616.353,0.050728,3907.404,1.0,137,1753887.0,5931668.8
171,7,0.28254,0.4709,0,100,Northern Motorway,71462.0,35731.0,count,0.096,2747.857,4116.211,12150.167,1010.944,0.083204,3773.725,1.0,224,1754075.3,5931375.2
172,2,0.08975999999999999,0.1496,0,100,Northern Motorway,82486.0,41243.0,propagated,0.096,3171.752,4751.194,14024.499,1010.944,0.072084,4408.708,1.0,224,1754264.5,5931128.9
173,2,0.250764,0.4179,0,100,Northern Motorway,82486.0,41243.0,count,0.096,3171.752,4751.194,14024.499,1046.168,0.074596,4396.775,1.0,236,1754450.1,5930914.1
174,3,0.8760899999999999,1.4602,0,100,Northern Motorway,114638.0,57319.0,count,0.096,4408.06,6603.149,19491.071,1095.064,0.056183,6232.165,1.0,245,1755059.3,5930201.6
175,7,0.539586,0.8993,0,100,Northern Motorway,98576.0,49288.0,count,0.096,3790.444,5677.978,16760.166,1095.064,0.065337,5306.994,1.0,245,1755488.3,5929106.8
176,3,0.13016399999999997,0.2169,0,100,Northern Motorway,98576.0,49288.0,propagated,0.096,3790.444,5677.978,16760.166,1350.249,0.080563,5220.543,1.0,288,1755713.0,5928595.8
177,5,0.555696,0.9262,0,100,Northern Motorway,130726.0,65363.0,count,0.096,5026.676,7529.818,22226.398,1350.249,0.06075,7072.383,1.0,288,1755960.4,5928080.9
178,6,0.5903459999999999,0.9839,0,100,Northern Motorway,109062.0,54531.0,count,0.096,4193.652,6281.971,18543.023,1355.876,0.073121,5822.63,1.0,289,1756372.5,5927219.4
179,1,0.004116,0.0069,0,100,Northern Motorway,109062.0,54531.0,propagated,0.096,4193.652,6281.971,18543.023,1515.883,0.08175,5768.423,1.0,313,1756591.6,5926775.2
180,5,0.4764420000000001,0.7941,0,100,Northern Motorway,110436.0,55218.0,propagated,0.096,4246.485,6361.114,18776.636,1515.883,0.080732,5847.566,1.0,313,1756813.9,5926442.7
181,3,0.30163799999999996,0.5027,0,100,Northern Motorway,110436.0,55218.0,count,0.096,4246.485,6361.114,18776.636,1518.542,0.080874,5846.665,1.0,314,1757130.7,5925888.0
182,1,0.12783,0.213,0,100,Northern Motorway,151580.0,75790.0,propagated,0.096,5828.554,8731.008,25772.051,1518.542,0.058922,8216.559,1.0,314,1757076.3,5925538.4
183,6,0.41927400000000004,0.6988,0,100,Northern Motorway,151580.0,75790.0,count,0.096,5828.554,8731.008,25772.051,1563.565,0.060669,8201.306,1.0,325,1756871.6,5925133.2
184,4,0.43472999999999995,0.7245,0,100,Northern Motorway,140984.0,70492.0,count,0.096,5421.117,8120.678,23970.489,1563.565,0.065229,7590.976,1.0,325,1756434.1,5924571.6
185,4,0.054624,0.091,0,100,Northern Motorway,168132.0,84066.0,propagated,0.096,6465.012,9684.403,28586.268,1563.565,0.054696,9154.701,1.0,325,1756200.7,5924238.3
186,3,0.16366799999999998,0.2728,0,100,Northern Motorway,168132.0,84066.0,count,0.096,6465.012,9684.403,28586.268,1776.747,0.062154,9082.48,1.0,394,1756132.4,5924070.3
187,1,0.15639000000000003,0.2085,0,80,Northern Motorway,168132.0,84066.0,propagated,0.096,6465.012,9684.403,28586.268,1776.747,0.062154,9082.48,1.0,394,1756074.8,5923836.5
188,1,0.039345000000000005,0.0525,0,80,Northern Motorway,173502.0,86751.0,propagated,0.096,6671.499,9993.715,29499.29,1776.747,0.06023,9391.792,1.0,394,1756051.2,5923708.7
189,1,0.060015,0.08,2,80,Northern Motorway,173502.0,86751.0,propagated,0.096,6671.499,9993.715,29499.29,1776.747,0.06023,9391.792,1.0,394,1756049.6,5923642.5
190,5,0.6711900000000001,0.8949,2,80,Northern Motorway,89932.0,44966.0,count,0.096,3458.065,5180.083,15290.487,1776.747,0.1162,4578.16,1.0,394,1756031.7,5923170.8
191,8,0.7166775000000001,0.9556,2,80,Northern Motorway,85310.0,42655.0,count,0.096,3280.34,4913.856,14504.643,1776.747,0.122495,4311.933,1.0,394,1755583.0,5922362.0
192,1,0.05432250000000001,0.0724,2,80,Northern Motorway,85310.0,42655.0,propagated,0.096,3280.34,4913.856,14504.643,1780.641,0.122764,4310.614,1.0,395,1755334.6,5921912.3
193,1,0.0851175,0.1135,2,80,Northern Motorway,85310.0,42655.0,propagated,0.096,3280.34,4913.856,14504.643,1783.516,0.122962,4309.64,1.0,396,1755290.1,5921830.2
194,1,0.11748750000000001,0.1567,0,80,Northern Motorway,85310.0,42655.0,propagated,0.096,3280.34,4913.856,14504.643,1783.516,0.122962,4309.64,1.0,396,1755283.2,5921696.9
195,1,0.0031725000000000004,0.0042,0,80,Northern Motorway,156956.0,78478.0,propagated,0.096,6035.272,9040.666,26686.095,1783.516,0.066833,8436.45,1.0,396,1755311.5,5921622.5
196,5,0.4926975,0.6569,0,80,Northern Motorway,156956.0,78478.0,count,0.096,6035.272,9040.666,26686.095,1865.594,0.069909,8408.644,1.0,415,1755554.7,5921401.9
197,3,0.425385,0.5672,4,80,Entry 424 Fanshawe Street,37554.0,18777.0,count,0.096,1444.026,2163.11,6385.034,1869.372,0.292774,1529.808,1.0,416,1756024.3,5921059.7
198,1,0.07131,0.0475,1,40,Entry 424 Fanshawe Street,37554.0,18777.0,propagated,0.096,1444.026,2163.11,6385.034,1890.612,0.296101,1522.612,1.0,419,1756269.0,5920877.5
199,2,0.088248,0.0735,3,50,Henderson Valley Road,20966.0,10483.0,count,0.094629,806.185,1190.395,3513.789,206.096,0.058653,1120.574,1.0,34,1745267.7,5917338.4
200,3,0.070596,0.0588,3,50,Henderson Valley Road,20966.0,10483.0,propagated,0.094629,806.185,1190.395,3513.789,212.509,0.060479,1118.402,1.0,35,1745324.4,5917371.9
201,1,0.030299999999999997,0.0253,3,50,Alderman Drive,12883.0,6441.5,propagated,0.096,495.377,742.061,2190.404,212.509,0.097018,670.068,1.0,35,1745351.4,5917404.1
202,7,0.189156,0.1576,3,50,Alderman Drive,12883.0,6441.5,count,0.096,495.377,742.061,2190.404,456.441,0.208382,587.429,1.0,92,1745425.0,5917455.0
203,3,0.031931999999999995,0.0266,3,50,Alderman Drive,12883.0,6441.5,propagated,0.096,495.377,742.061,2190.404,463.248,0.21149,585.123,1.0,93,1745510.9,5917462.9
204,1,0.006276,0.0052,3,50,Alderman Drive,12883.0,6441.5,propagated,0.096,495.377,742.061,2190.404,470.086,0.214612,582.806,1.0,94,1745523.8,5917472.2
205,1,0.018732,0.0156,3,50,Alderman Drive,20137.0,10068.5,propagated,0.096,774.308,1159.891,3423.748,470.086,0.137302,1000.636,1.0,94,1745530.8,5917479.9
206,1,0.062352,0.052,3,50,Alderman Drive,20137.0,10068.5,propagated,0.096,774.308,1159.891,3423.748,476.873,0.139284,998.337,1.0,95,1745546.5,5917509.7
207,2,0.039492,0.0329,3,50,Alderman Drive,20137.0,10068.5,propagated,0.096,774.308,1159.891,3423.748,483.639,0.14126,996.045,1.0,96,1745577.2,5917533.1
208,5,0.08602799999999998,0.0717,3,50,Alderman Drive,20137.0,10068.5,count,0.096,774.308,1159.891,3423.748,539.829,0.157672,977.009,1.0,108,1745624.2,5917513.5
209,4,0.138396,0.1153,3,50,Alderman Drive,20137.0,10068.5,propagated,0.096,774.308,1159.891,3423.748,546.602,0.15965,974.714,1.0,109,1745684.2,5917442.8
210,2,0.045779999999999994,0.0381,3,50,Edmonton Road,30648.0,15324.0,propagated,0.096,1178.477,1765.325,5210.858,546.602,0.104897,1580.148,1.0,109,1745736.7,5917416.4
211,3,0.05180399999999999,0.0432,3,50,Edmonton Road,30648.0,15324.0,count,0.096,1178.477,1765.325,5210.858,678.056,0.130124,1535.614,1.0,137,1745772.1,5917435.4
212,5,0.299304,0.2494,3,50,Edmonton Road,33119.0,16559.5,count,0.096,1273.492,1907.654,5630.983,678.056,0.120415,1677.943,1.0,137,1745895.3,5917514.6
213,2,0.07538399999999999,0.0628,3,50,Edmonton Road,32393.0,16196.5,propagated,0.096,1245.576,1865.837,5507.548,678.056,0.123114,1636.126,1.0,137,1746003.0,5917621.9
214,6,0.525576,0.438,3,50,Edmonton Road,32393.0,16196.5,count,0.096,1245.576,1865.837,5507.548,682.48,0.123917,1634.628,1.0,138,1746072.2,5917858.6
215,4,0.072492,0.0604,3,50,Edmonton Road,20105.0,10052.5,propagated,0.096,773.077,1158.048,3418.308,682.48,0.199654,926.839,1.0,138,1746060.4,5918106.4
216,14,0.8580119999999999,0.715,3,50,Edmonton Road,20105.0,10052.5,count,0.096,773.077,1158.048,3418.308,685.673,0.200588,925.757,1.0,139,1746209.7,5918459.7
217,7,0.4057799999999999,0.3381,3,50,Edmonton Road,20105.0,10052.5,propagated,0.096,773.077,1158.048,3418.308,742.278,0.217148,906.58,1.0,150,1746586.9,5918785.9
218,3,0.069408,0.0578,3,50,Edmonton Road,15105.5,7552.75,default,0.096,580.837,870.077,2568.28,747.892,0.291203,616.708,1.0,151,1746779.5,5918833.1
219,1,0.024828,0.0207,3,50,Te Atatu Road,43248.0,21624.0,propagated,0.096,1662.972,2491.085,7353.145,753.134,0.102423,2235.94,1.0,152,1746814.0,5918851.7
220,1,0.011819999999999999,0.0098,3,50,Te Atatu Road,43248.0,21624.0,propagated,0.096,1662.972,2491.085,7353.145,758.222,0.103115,2234.216,1.0,153,1746826.4,5918860.2
221,3,0.13330799999999998,0.1111,3,50,Te Atatu Road,43248.0,21624.0,propagated,0.096,1662.972,2491.085,7353.145,763.294,0.103805,2232.498,1.0,154,1746862.9,5918907.8
222,1,0.017436,0.0145,3,50,Te Atatu Road,43248.0,21624.0,propagated,0.096,1662.972,2491.085,7353.145,799.872,0.10878,2220.106,1.0,164,1746899.2,5918957.3
223,3,0.139752,0.1165,3,50,Te Atatu Road,43248.0,21624.0,count,0.096,1662.972,2491.085,7353.145,804.639,0.109428,2218.491,1.0,165,1746931.9,5919014.1
224,3,0.18237599999999998,0.152,3,50,Te Atatu Road,40716.0,20358.0,count,0.096,1565.612,2345.242,6922.648,804.639,0.116233,2072.648,1.0,165,1746999.9,5919130.0
225,2,0.066024,0.055,3,50,Te Atatu Road,44779.0,22389.5,count,0.096,1721.842,2579.27,7613.448,804.639,0.105687,2306.676,1.0,165,1747052.7,5919218.7
226,3,0.104364,0.087,3,50,Te Atatu Road,44779.0,22389.5,propagated,0.096,1721.842,2579.27,7613.448,809.391,0.106311,2305.066,1.0,166,1747089.2,5919279.7
227,1,0.06369599999999999,0.0531,3,50,Te Atatu Road,39790.0,19895.0,propagated,0.096,1530.005,2291.904,6765.206,815.311,0.120515,2015.694,1.0,167,1747134.8,5919333.1
228,3,0.12804,0.1067,3,50,Te Atatu Road,39790.0,19895.0,count,0.096,1530.005,2291.904,6765.206,821.528,0.121434,2013.588,1.0,168,1747188.7,5919391.8
229,2,0.0465,0.0388,3,50,Te Atatu Road,45771.0,22885.5,count,0.096,1759.986,2636.41,7782.113,821.528,0.105566,2358.094,1.0,168,1747236.8,5919446.1
230,4,0.11761199999999998,0.098,3,50,Te Atatu Road,42708.0,21354.0,count,0.096,1642.208,2459.981,7261.333,821.528,0.113137,2181.665,1.0,168,1747270.6,5919503.7
231,1,0.008159999999999999,0.0068,3,50,Te Atatu Road,42708.0,21354.0,propagated,0.096,1642.208,2459.981,7261.333,828.018,0.114031,2179.467,1.0,169,1747279.6,5919555.0
232,1,0.032808,0.0273,3,50,Te Atatu Road,35104.0,17552.0,propagated,0.096,1349.819,2021.99,5968.478,828.018,0.138732,1741.476,1.0,169,1747278.8,5919572.2
233,6,0.219852,0.1832,3,50,Te Atatu Road,35104.0,17552.0,count,0.096,1349.819,2021.99,5968.478,840.837,0.14088,1737.133,1.0,171,1747266.7,5919676.8
234,1,0.054216,0.0452,4,50,Te Atatu Road,26108.0,13054.0,propagated,0.091926,1003.905,1440.002,4250.575,840.837,0.197817,1155.145,1.0,171,1747252.0,5919789.6
235,2,0.013439999999999999,0.0224,4,100,Entry 14 Te Atatu Road,18648.0,9324.0,propagated,0.096,717.053,1074.125,3170.585,840.837,0.265199,789.268,1.0,171,1747250.4,5919823.7
236,1,0.008826,0.0147,4,100,Entry 14 Te Atatu Road,13184.0,6592.0,propagated,0.096,506.951,759.398,2241.579,860.089,0.383698,468.019,1.0,174,1747264.7,5919827.4
237,5,0.18459599999999998,0.3077,4,100,Entry 14 Te Atatu Road,13184.0,6592.0,count,0.096,506.951,759.398,2241.579,933.603,0.416493,443.114,1.0,190,1747342.8,5919690.3
238,1,0.04266,0.0711,4,100,Entry 14 Te Atatu Road,13184.0,6592.0,propagated,0.096,506.951,759.398,2241.579,939.437,0.419096,441.137,1.0,191,1747491.4,5919575.1
239,1,0.133848,0.2231,0,100,Northwestern Motorway,87264.0,43632.0,propagated,0.096,3355.475,5026.406,14836.866,1257.946,0.084785,4600.241,1.0,276,1747617.6,5919502.5
240,9,0.5794560000000001,0.9658,0,100,Northwestern Motorway,100448.0,50224.0,count,0.096,3862.426,5785.805,17078.448,1257.946,0.073657,5359.64,1.0,276,1748152.1,5919242.9
241,5,0.625254,1.0421,0,100,Northwestern Motorway,85182.0,42591.0,count,0.096,3275.418,4906.483,14482.879,1257.946,0.086857,4480.318,1.0,276,1748813.5,5918508.1
242,3,0.32061599999999996,0.5344,0,100,Northwestern Motorway,174840.0,87420.0,propagated,0.096,6722.948,10070.784,29726.781,1257.946,0.042317,9644.619,1.0,276,1749479.4,5918088.2
243,4,0.6467160000000001,1.0779,0,100,Northwestern Motorway,174840.0,87420.0,count,0.096,6722.948,10070.784,29726.781,1315.04,0.044238,9625.277,1.0,290,1750279.3,5918025.8
244,19,0.99141,1.6524,0,100,Northwestern Motorway,73304.0,36652.0,count,0.096,2818.685,4222.31,12463.348,1315.04,0.105513,3776.803,1.0,290,1751636.1,5917954.3
245,8,0.31989599999999996,0.2666,4,50,Taniwha Street,3130.0,1565.0,propagated,0.096,120.355,180.288,532.171,7.713,0.014493,177.675,1.0,2,1767100.7,5917852.3
246,10,0.46724399999999994,0.3894,4,50,West Tamaki Road,3988.0,1994.0,count,0.133149,153.347,318.599,940.435,7.713,0.008202,315.986,1.0,2,1766855.8,5918011.5
247,5,0.066468,0.0554,4,50,West Tamaki Road,3988.0,1994.0,propagated,0.133149,153.347,318.599,940.435,11.713,0.012455,314.631,1.0,3,1766644.3,5918066.3
248,3,0.19835999999999998,0.1653,4,50,West Tamaki Road,5371.0,2685.5,propagated,0.144293,206.526,464.999,1372.577,15.3,0.011147,459.816,1.0,4,1766545.3,5918019.2
249,2,0.154428,0.1287,4,50,West Tamaki Road,5371.0,2685.5,count,0.144293,206.526,464.999,1372.577,18.538,0.013506,458.719,1.0,5,1766411.8,5917958.8
250,2,0.040992,0.0342,4,50,West Tamaki Road,5371.0,2685.5,propagated,0.144293,206.526,464.999,1372.577,21.754,0.015849,457.629,1.0,6,1766336.0,5917928.7
251,1,0.052284,0.0436,4,50,West Tamaki Road,5371.0,2685.5,propagated,0.144293,206.526,464.999,1372.577,24.815,0.018079,456.592,1.0,7,1766297.6,5917925.0
252,1,0.029687999999999996,0.0124,4,25,,8873.0,4436.5,default,0.096,341.185,511.085,1508.613,28.096,0.018624,501.567,1.0,8,1766273.3,5917919.8
253,1,0.03132857142857143,0.0146,4,28,,8873.0,4436.5,default,0.096,341.185,511.085,1508.613,28.096,0.018624,501.567,1.0,8,1766261.2,5917919.0
254,6,0.25383599999999995,0.2115,4,50,West Tamaki Road,7547.0,3773.5,count,0.133298,290.197,603.6,1781.697,31.378,0.017611,592.97,1.0,9,1766152.7,5917924.6
255,11,0.42933600000000005,0.3578,4,50,West Tamaki Road,7783.0,3891.5,count,0.127457,299.272,595.199,1756.899,31.378,0.01786,584.569,1.0,9,1765869.5,5917945.2
256,5,0.116484,0.0971,4,50,West Tamaki Road,7783.0,3891.5,propagated,0.127457,299.272,595.199,1756.899,34.409,0.019585,583.542,1.0,10,1765649.8,5917989.3
257,10,0.5910959999999998,0.4926,4,50,West Tamaki Road,6631.0,3315.5,count,0.108732,254.975,432.601,1276.945,34.409,0.026946,420.944,1.0,10,1765437.2,5918156.9
258,5,0.271896,0.2266,4,50,West Tamaki Road,7292.0,3646.0,count,0.091196,280.392,399.001,1177.765,34.409,0.029216,387.344,1.0,10,1765139.2,5918337.4
259,4,0.19044,0.1587,2,50,Saint Heliers Bay Road,20990.0,10495.0,count,0.096,807.107,1209.024,3568.778,100.004,0.028022,1175.145,1.0,25,1764972.9,5918328.5
260,1,0.07062,0.0588,2,50,Saint Heliers Bay Road,22760.0,11380.0,propagated,0.096,875.168,1310.976,3869.718,100.004,0.025843,1277.097,1.0,25,1764888.2,5918260.2
261,6,0.20785199999999998,0.1732,2,50,Saint Heliers Bay Road,22760.0,11380.0,count,0.096,875.168,1310.976,3869.718,102.002,0.026359,1276.42,1.0,26,1764792.6,5918199.7
262,2,0.021108,0.0176,2,50,Saint Heliers Bay Road,18938.0,9469.0,propagated,0.096,728.204,1090.829,3219.892,102.002,0.031679,1056.273,1.0,26,1764698.4,5918185.3
263,2,0.06856799999999999,0.0571,2,50,Saint Heliers Bay Road,18938.0,9469.0,propagated,0.096,728.204,1090.829,3219.892,145.457,0.045174,1041.551,1.0,39,1764663.9,5918175.6
264,5,0.132504,0.1104,2,50,Saint Heliers Bay Road,23760.0,11880.0,count,0.096,913.62,1368.576,4039.741,145.457,0.036007,1319.298,1.0,39,1764580.8,5918164.8
265,1,0.07704,0.0642,3,50,Saint Heliers Bay Road,23760.0,11880.0,propagated,0.096,913.62,1368.576,4039.741,145.457,0.036007,1319.298,1.0,39,1764495.8,5918168.1
266,1,0.025307999999999997,0.0211,3,50,Kohimarama Road,7010.0,3505.0,propagated,0.096,269.549,403.776,1191.86,145.457,0.122042,354.498,1.0,39,1764478.1,5918205.7
267,3,0.101016,0.0842,3,50,Kohimarama Road,25085.0,12542.5,count,0.096,964.568,1444.896,4265.021,145.457,0.034105,1395.618,1.0,39,1764467.6,5918256.8
268,1,0.062352,0.052,3,50,Kohimarama Road,25085.0,12542.5,propagated,0.096,964.568,1444.896,4265.021,147.578,0.034602,1394.9,1.0,40,1764454.7,5918323.7
269,2,0.069528,0.0579,3,50,Kohimarama Road,25085.0,12542.5,propagated,0.096,964.568,1444.896,4265.021,149.809,0.035125,1394.144,1.0,41,1764443.4,5918377.5
270,1,0.135144,0.1126,3,50,Kohimarama Road,25085.0,12542.5,propagated,0.096,964.568,1444.896,4265.021,152.248,0.035697,1393.318,1.0,42,1764391.5,5918444.2
271,11,0.45176400000000005,0.3765,3,50,Kohimarama Road,19724.0,9862.0,count,0.096,758.427,1136.102,3353.528,152.248,0.045399,1084.524,1.0,42,1764193.9,5918585.6
272,3,0.07555199999999998,0.063,3,50,Kohimarama Road,19724.0,9862.0,propagated,0.096,758.427,1136.102,3353.528,155.73,0.046438,1083.344,1.0,43,1764070.6,5918767.8
273,1,0.10262399999999999,0.0855,3,50,Kohimarama Road,19224.0,9612.0,propagated,0.096,739.201,1107.302,3268.517,155.73,0.047645,1054.544,1.0,43,1764021.6,5918822.8
274,2,0.06258,0.0522,3,50,Kohimarama Road,19224.0,9612.0,propagated,0.096,739.201,1107.302,3268.517,159.795,0.048889,1053.167,1.0,44,1763967.8,5918865.3
275,3,0.169512,0.1413,3,50,Kohimarama Road,19224.0,9612.0,count,0.096,739.201,1107.302,3268.517,164.118,0.050212,1051.702,1.0,45,1763893.8,5918927.2
276,1,0.050436,0.042,3,50,Kohimarama Road,19224.0,9612.0,propagated,0.096,739.201,1107.302,3268.517,168.966,0.051695,1050.06,1.0,46,1763834.9,5918997.5
277,3,0.036516,0.0304,3,50,Kohimarama Road,6697.0,3348.5,propagated,0.096,257.513,385.747,1138.642,168.966,0.148393,328.505,1.0,46,1763812.7,5919026.2
278,1,0.06654,0.0555,3,50,,15105.5,7552.75,default,0.096,580.837,870.077,2568.28,168.966,0.06579,812.835,1.0,46,1763783.2,5919056.3
279,1,0.014796,0.0123,3,50,Kepa Road,21474.0,10737.0,propagated,0.096,825.718,1236.902,3651.068,178.7,0.048945,1176.362,1.0,48,1763755.1,5919073.7
280,1,0.004392,0.0037,3,50,Kepa Road,21474.0,10737.0,propagated,0.096,825.718,1236.902,3651.068,190.084,0.052063,1172.506,1.0,51,1763747.0,5919073.3
281,4,0.097968,0.0816,3,50,Kepa Road,21474.0,10737.0,propagated,0.096,825.718,1236.902,3651.068,194.835,0.053364,1170.896,1.0,52,1763704.4,5919072.8
282,6,0.388644,0.3239,3,50,Kepa Road,21474.0,10737.0,count,0.096,825.718,1236.902,3651.068,199.709,0.054699,1169.245,1.0,53,1763508.5,5919026.8
283,5,0.166848,0.139,3,50,Kepa Road,22656.0,11328.0,count,0.096,871.169,1304.986,3852.037,199.709,0.051845,1237.329,1.0,53,1763281.2,5919071.0
284,2,0.099516,0.0829,3,50,Kepa Road,37451.0,18725.5,propagated,0.096,1440.066,2157.178,6367.524,199.709,0.031364,2089.521,1.0,53,1763174.8,5919100.0
285,8,0.323712,0.2698,3,50,Kepa Road,37451.0,18725.5,count,0.096,1440.066,2157.178,6367.524,203.057,0.031889,2088.387,1.0,54,1763012.2,5919060.0
286,11,0.4668359999999999,0.389,3,50,Kepa Road,21077.0,10538.5,count,0.096,810.453,1214.035,3583.569,203.057,0.056663,1145.244,1.0,54,1762733.0,5918931.3
287,8,0.221568,0.1846,3,50,Kepa Road,18306.0,9153.0,propagated,0.096,703.902,1054.426,3112.438,203.057,0.06524,985.635,1.0,54,1762446.1,5918919.2
288,2,0.10617599999999999,0.0885,3,50,Kepa Road,18306.0,9153.0,count,0.096,703.902,1054.426,3112.438,205.689,0.066086,984.743,1.0,55,1762311.2,5918910.7
289,2,0.230184,0.1918,3,50,Kepa Road,18306.0,9153.0,propagated,0.096,703.902,1054.426,3112.438,209.174,0.067206,983.562,1.0,56,1762172.3,5918893.5
290,1,0.5112,0.426,3,50,Kepa Road,19243.0,9621.5,propagated,0.096,739.932,1108.397,3271.749,209.174,0.063933,1037.533,1.0,56,1761866.6,5918916.4
291,4,0.09572399999999999,0.0798,3,50,Kepa Road,19243.0,9621.5,propagated,0.096,739.932,1108.397,3271.749,214.253,0.065486,1035.813,1.0,57,1761632.1,5919001.2
292,4,0.42154800000000003,0.3513,3,50,Ngapipi Road,14118.0,7059.0,count,0.103343,542.865,875.398,2583.986,219.251,0.08485,801.121,1.0,58,1761467.1,5919132.9
293,6,0.4603919999999999,0.3837,3,50,Ngapipi Road,14437.0,7218.5,count,0.096,555.132,831.571,2454.618,219.251,0.089322,757.294,1.0,58,1761375.6,5919447.0
294,5,0.6383999999999999,0.532,3,50,Ngapipi Road,10982.0,5491.0,count,0.096,422.28,632.563,1867.189,219.251,0.117423,558.286,1.0,58,1761102.4,5919707.3
295,1,0.075984,0.0633,3,50,,15105.5,7552.75,default,0.096,580.837,870.077,2568.28,219.251,0.085369,795.8,1.0,58,1760971.0,5919943.9
296,1,0.038616,0.0322,2,50,Tamaki Drive,18270.0,9135.0,propagated,0.096,702.518,1052.352,3106.316,229.488,0.073878,974.606,1.0,61,1760926.7,5919949.4
297,2,0.14140799999999998,0.1178,2,50,Tamaki Drive,38827.0,19413.5,count,0.096,1492.976,2236.435,6601.473,229.488,0.034763,2158.689,1.0,61,1760855.4,5919925.5
298,1,0.558468,0.4654,2,50,Tamaki Drive,27023.0,13511.5,count,0.095363,1039.088,1546.197,4564.04,229.488,0.050282,1468.451,1.0,61,1760568.6,5919885.9
299,14,1.7773560000000002,1.4811,2,50,Tamaki Drive,18408.0,9204.0,count,0.096,707.824,1060.301,3129.78,229.488,0.073324,982.555,1.0,61,1759800.1,5920431.1
300,1,0.09517199999999999,0.0793,2,50,The Strand,7527.0,3763.5,propagated,0.172712,289.428,780.002,2302.398,229.488,0.099673,702.256,1.0,61,1759041.6,5920528.0
301,2,0.038316,0.0319,3,50,Great North Road,21420.0,10710.0,propagated,0.096,823.642,1233.792,3641.888,38.921,0.010687,1220.606,1.0,6,1751205.8,5915097.4
302,3,0.05404799999999999,0.045,3,50,Great North Road,21420.0,10710.0,propagated,0.096,823.642,1233.792,3641.888,45.9,0.012603,1218.242,1.0,7,1751203.3,5915059.4
303,2,0.11914799999999999,0.0993,3,50,Henderson Valley Road,14341.0,7170.5,propagated,0.096,551.44,826.042,2438.298,180.897,0.07419,764.758,1.0,28,1744792.5,5916085.6
304,3,0.12156,0.1013,3,50,Henderson Valley Road,14341.0,7170.5,propagated,0.096,551.44,826.042,2438.298,184.143,0.075521,763.658,1.0,29,1744870.2,5916148.7
305,5,0.39938399999999996,0.3328,3,50,Henderson Valley Road,14533.0,7266.5,count,0.103076,558.823,898.802,2653.07,184.143,0.069408,836.418,1.0,29,1745039.0,5916284.7
306,4,0.138996,0.1158,3,50,Henderson Valley Road,14524.0,7262.0,count,0.096323,558.477,839.397,2477.719,184.143,0.07432,777.013,1.0,29,1745102.0,5916495.5
307,9,0.16311599999999998,0.1359,3,50,Henderson Valley Road,17259.0,8629.5,count,0.092937,663.643,962.4,2840.797,184.143,0.064821,900.016,1.0,29,1745125.0,5916619.5
308,8,0.22565999999999997,0.1881,3,50,Henderson Valley Road,17259.0,8629.5,propagated,0.092937,663.643,962.4,2840.797,188.418,0.066326,898.568,1.0,30,1745154.8,5916778.9
309,11,0.322464,0.2687,3,50,Henderson Valley Road,18084.0,9042.0,propagated,0.095499,695.366,1036.202,3058.645,188.418,0.061602,972.37,1.0,30,1745174.3,5917006.0
310,2,0.063696,0.0531,3,50,Henderson Valley Road,18084.0,9042.0,count,0.095499,695.366,1036.202,3058.645,191.783,0.062702,971.23,1.0,31,1745186.2,5917166.1
311,2,0.04148399999999999,0.0346,3,50,Henderson Valley Road,18267.0,9133.5,propagated,0.096,702.403,1052.179,3105.805,191.783,0.06175,987.207,1.0,31,1745190.4,5917210.0
312,2,0.06964799999999999,0.058,3,50,Henderson Valley Road,18267.0,9133.5,count,0.096,702.403,1052.179,3105.805,195.868,0.063065,985.823,1.0,32,1745202.7,5917254.8
313,1,0.050027999999999996,0.0417,3,50,Henderson Valley Road,21541.0,10770.5,count,0.096,828.295,1240.762,3662.462,200.646,0.054784,1172.788,1.0,33,1745227.3,5917297.9
314,4,0.18293999999999996,0.1524,1,50,Wolverton Street,28968.0,14484.0,propagated,0.096,1113.878,1668.557,4925.22,8.863,0.0018,1665.554,1.0,3,1751049.4,5913876.3
315,11,0.4647359999999999,0.3873,4,50,Saint Georges Road,5377.0,2688.5,count,0.101172,206.756,326.401,963.465,8.863,0.009199,323.398,1.0,3,1751124.5,5914106.2
316,8,0.27654,0.2304,4,50,Saint Georges Road,5738.0,2869.0,count,0.096898,220.638,333.6,984.715,8.863,0.009001,330.597,1.0,3,1751149.5,5914413.1
317,1,0.005184,0.0043,4,50,Saint Georges Road,5738.0,2869.0,propagated,0.096898,220.638,333.6,984.715,14.053,0.014271,328.839,1.0,4,1751159.6,5914529.5
318,2,0.076764,0.064,4,50,Saint Georges Road,5738.0,2869.0,propagated,0.096898,220.638,333.6,984.715,19.278,0.019577,327.069,1.0,5,1751162.8,5914563.9
319,2,0.060348,0.0503,4,50,Saint Georges Road,6539.0,3269.5,propagated,0.119284,251.438,467.999,1381.432,19.278,0.013955,461.468,1.0,5,1751167.0,5914621.0
320,1,0.206088,0.1717,4,50,Aranui Road,3377.0,1688.5,propagated,0.096,129.852,194.515,574.166,3.212,0.005594,193.427,1.0,1,1762590.7,5913295.9
321,3,0.6111599999999999,0.5093,4,50,Portman Road,2588.0,1294.0,count,0.096,99.514,149.069,440.02,3.212,0.0073,147.981,1.0,1,1762397.8,5913540.8
322,2,0.06502799999999999,0.0542,4,50,Penrose Road,20128.0,10064.0,count,0.096,773.962,1159.373,3422.219,14.578,0.00426,1154.434,1.0,4,1762244.7,5913731.5
323,1,0.04788,0.0399,4,50,Penrose Road,20128.0,10064.0,propagated,0.096,773.962,1159.373,3422.219,18.997,0.005551,1152.937,1.0,5,1762213.0,5913697.0
324,2,0.071256,0.0594,4,50,Penrose Road,20587.0,10293.5,count,0.096,791.611,1185.811,3500.258,18.997,0.005427,1179.375,1.0,5,1762178.3,5913661.2
325,1,0.006252,0.0052,4,50,Penrose Road,20587.0,10293.5,propagated,0.096,791.611,1185.811,3500.258,23.835,0.006809,1177.736,1.0,6,1762155.8,5913638.1
326,3,0.11343600000000001,0.0945,4,50,Penrose Road,20581.0,10290.5,count,0.096,791.381,1185.466,3499.24,23.835,0.006811,1177.391,1.0,6,1762121.3,5913602.4
327,3,0.103212,0.086,4,50,Penrose Road,20123.0,10061.5,count,0.116086,773.77,1401.599,4137.218,23.835,0.005761,1393.524,1.0,6,1762063.1,5913533.3
328,2,0.083952,0.07,4,50,Penrose Road,20048.0,10024.0,count,0.109537,770.886,1317.599,3889.268,29.0,0.007456,1307.774,1.0,7,1762016.7,5913470.7
329,2,0.059244,0.0494,4,50,Penrose Road,14276.0,7138.0,propagated,0.096,548.941,822.298,2427.246,29.0,0.011948,812.473,1.0,7,1761974.1,5913432.1
330,5,0.276072,0.2301,2,50,Great South Road,16462.0,8231.0,propagated,0.096,632.997,948.211,2798.914,33.708,0.012043,936.791,1.0,8,1761856.0,5913494.8
331,2,0.13935599999999998,0.1161,2,50,Great South Road,19190.0,9595.0,propagated,0.096,737.894,1105.344,3262.737,33.708,0.010331,1093.924,1.0,8,1761764.6,5913641.0
332,10,0.38544000000000006,0.3212,2,50,Great South Road,19190.0,9595.0,count,0.096,737.894,1105.344,3262.737,37.832,0.011595,1092.527,1.0,9,1761631.3,5913809.3
333,1,0.027048,0.0225,2,50,Great South Road,19190.0,9595.0,propagated,0.096,737.894,1105.344,3262.737,41.771,0.012802,1091.193,1.0,10,1761464.4,5913831.2
334,1,0.013452,0.0112,2,50,Great South Road,23250.0,11625.0,propagated,0.106452,894.009,1485.005,4383.414,41.771,0.009529,1470.854,1.0,10,1761450.7,5913840.9
335,2,0.062892,0.0524,2,50,Great South Road,23250.0,11625.0,propagated,0.106452,894.009,1485.005,4383.414,65.268,0.01489,1462.894,1.0,16,1761429.4,5913863.2
336,5,0.266244,0.2219,2,50,Great South Road,23250.0,11625.0,count,0.106452,894.009,1485.005,4383.414,69.647,0.015889,1461.41,1.0,17,1761347.3,5913973.0
337,1,0.042395999999999996,0.0353,2,50,Great South Road,23313.0,11656.5,propagated,0.101231,896.431,1415.999,4179.723,69.647,0.016663,1392.404,1.0,17,1761269.7,5914075.7
338,5,0.0876,0.073,2,50,Great South Road,23313.0,11656.5,propagated,0.101231,896.431,1415.999,4179.723,74.725,0.017878,1390.684,1.0,18,1761237.0,5914118.4
339,10,0.26345999999999997,0.2196,2,50,Great South Road,23313.0,11656.5,count,0.101231,896.431,1415.999,4179.723,79.823,0.019098,1388.957,1.0,19,1761148.6,5914234.7
340,1,0.060624000000000004,0.0505,3,50,Great South Road,23313.0,11656.5,propagated,0.101231,896.431,1415.999,4179.723,79.823,0.019098,1388.957,1.0,19,1761109.6,5914340.1
341,5,0.315996,0.2633,3,50,Main Highway,12840.0,6420.0,propagated,0.096,493.724,739.584,2183.092,84.179,0.03856,711.066,1.0,20,1761251.8,5914276.2
342,2,0.04531199999999999,0.0378,3,50,Main Highway,12840.0,6420.0,propagated,0.096,493.724,739.584,2183.092,101.889,0.046672,705.066,1.0,23,1761361.9,5914241.3
343,1,0.005399999999999999,0.0045,3,50,Main Highway,12840.0,6420.0,propagated,0.096,493.724,739.584,2183.092,107.593,0.049285,703.134,1.0,24,1761361.5,5914262.0
344,1,0.009972,0.0083,3,50,Main Highway,12840.0,6420.0,propagated,0.096,493.724,739.584,2183.092,125.698,0.057578,697.0,1.0,28,1761364.0,5914268.0
345,4,0.247554,0.4126,3,100,Entry 435 Ellerslie Panmure Highway,23684.0,11842.0,count,0.096,910.697,1364.198,4026.818,125.698,0.031215,1321.614,1.0,28,1761278.1,5914456.7
346,2,0.035772,0.0298,3,50,Beach Road,14670.0,7335.0,propagated,0.096,564.091,844.992,2494.234,56.659,0.022716,825.797,1.0,8,1755655.7,5934875.1
347,5,0.164532,0.1371,3,50,Beach Road,14217.0,7108.5,count,0.096,546.672,818.899,2417.213,56.659,0.02344,799.704,1.0,8,1755643.8,5934792.5
348,5,0.16986,0.1416,3,50,Beach Road,14217.0,7108.5,propagated,0.096,546.672,818.899,2417.213,62.436,0.02583,797.747,1.0,9,1755601.2,5934660.0
349,2,0.098124,0.0818,3,50,Beach Road,13173.0,6586.5,propagated,0.096,506.528,758.765,2239.711,62.436,0.027877,737.613,1.0,9,1755567.0,5934553.7
350,3,0.159072,0.1326,3,50,Beach Road,13173.0,6586.5,count,0.096,506.528,758.765,2239.711,69.434,0.031001,735.242,1.0,10,1755538.6,5934450.2
351,2,0.11724000000000001,0.0977,3,50,Beach Road,19384.0,9692.0,propagated,0.097606,745.354,1135.197,3350.857,69.434,0.020721,1111.674,1.0,10,1755506.7,5934339.5
352,1,0.011352000000000001,0.0095,3,50,Beach Road,19384.0,9692.0,count,0.097606,745.354,1135.197,3350.857,76.389,0.022797,1109.318,1.0,11,1755492.5,5934288.1
353,2,0.034608,0.0288,3,50,Beach Road,19384.0,9692.0,propagated,0.097606,745.354,1135.197,3350.857,127.53,0.038059,1091.993,1.0,20,1755486.0,5934270.4
354,1,0.017207999999999998,0.0143,3,50,Beach Road,19384.0,9692.0,propagated,0.097606,745.354,1135.197,3350.857,133.966,0.03998,1089.812,1.0,21,1755473.6,5934252.4
355,4,0.136584,0.1138,3,50,Beach Road,19384.0,9692.0,propagated,0.097606,745.354,1135.197,3350.857,140.556,0.041946,1087.58,1.0,22,1755436.2,5934200.2
356,1,0.030371999999999996,0.0253,3,50,Beach Road,19384.0,9692.0,propagated,0.097606,745.354,1135.197,3350.857,146.627,0.043758,1085.523,1.0,23,1755401.4,5934140.8
357,2,0.08126399999999999,0.0677,3,50,Browns Bay Road,15304.0,7652.0,propagated,0.096,588.469,881.51,2602.027,146.627,0.056351,831.836,1.0,23,1755377.8,5934100.4
358,10,0.42061199999999993,0.3505,3,50,Browns Bay Road,15304.0,7652.0,count,0.096,588.469,881.51,2602.027,179.058,0.068815,820.849,1.0,31,1755269.6,5933932.7
359,3,0.06264,0.0522,3,50,Browns Bay Road,15304.0,7652.0,propagated,0.096,588.469,881.51,2602.027,183.284,0.070439,819.417,1.0,32,1755198.2,5933747.1
360,1,0.032184,0.0268,3,50,Browns Bay Road,19034.0,9517.0,propagated,0.096,731.895,1096.358,3236.212,183.284,0.056635,1034.265,1.0,32,1755180.9,5933711.4
361,2,0.024576,0.0205,3,50,Browns Bay Road,19034.0,9517.0,propagated,0.096,731.895,1096.358,3236.212,186.7,0.057691,1033.108,1.0,33,1755171.5,5933689.9
362,4,0.190236,0.1585,3,50,Browns Bay Road,19034.0,9517.0,propagated,0.096,731.895,1096.358,3236.212,189.999,0.05871,1031.99,1.0,34,1755121.0,5933619.9
363,6,0.158532,0.1321,3,50,Browns Bay Road,19034.0,9517.0,count,0.096,731.895,1096.358,3236.212,193.038,0.059649,1030.961,1.0,35,1754984.4,5933570.2
364,6,0.16345200000000001,0.1362,3,50,Browns Bay Road,19034.0,9517.0,propagated,0.096,731.895,1096.358,3236.212,196.114,0.0606,1029.919,1.0,36,1754853.0,5933546.7
365,1,0.00972,0.0081,1,50,East Coast Road,18719.0,9359.5,propagated,0.096,719.783,1078.214,3182.655,196.114,0.06162,1011.775,1.0,36,1754786.9,5933568.2
366,4,0.113508,0.0946,1,50,East Coast Road,18719.0,9359.5,count,0.096,719.783,1078.214,3182.655,199.231,0.062599,1010.719,1.0,37,1754747.4,5933600.6
367,16,0.41821200000000003,0.3485,1,50,East Coast Road,18719.0,9359.5,propagated,0.096,719.783,1078.214,3182.655,201.899,0.063437,1009.815,1.0,38,1754612.8,5933774.4
368,8,0.213672,0.1781,1,50,East Coast Road,17903.0,8951.5,propagated,0.101547,688.406,1090.798,3219.8,201.899,0.062705,1022.399,1.0,38,1754419.3,5933920.1
369,5,0.115068,0.0959,2,50,Greville Road,15980.0,7990.0,propagated,0.096,614.463,920.448,2716.964,201.899,0.074311,852.049,1.0,38,1754288.9,5933929.8
370,4,0.09340799999999999,0.0778,2,50,Greville Road,15980.0,7990.0,propagated,0.096,614.463,920.448,2716.964,203.046,0.074733,851.66,1.0,39,1754226.7,5933869.4
371,2,0.15497999999999998,0.1291,2,50,Greville Road,15980.0,7990.0,propagated,0.096,614.463,920.448,2716.964,204.52,0.075275,851.161,1.0,40,1754144.0,5933808.4
372,6,0.20637750000000005,0.2752,2,80,Greville Road,15980.0,7990.0,propagated,0.096,614.463,920.448,2716.964,204.52,0.075275,851.161,1.0,40,1753983.1,5933686.1
373,5,0.0929175,0.1239,2,80,Greville Road,15980.0,7990.0,propagated,0.096,614.463,920.448,2716.964,206.412,0.075972,850.52,1.0,41,1753823.6,5933566.0
374,7,0.3567375,0.4756,2,80,Greville Road,23323.0,11661.5,propagated,0.096,896.816,1343.405,3965.442,206.412,0.052053,1273.477,1.0,41,1753585.3,5933384.2
375,4,0.0651225,0.0868,2,80,Greville Road,23323.0,11661.5,propagated,0.096,896.816,1343.405,3965.442,209.443,0.052817,1272.45,1.0,42,1753369.0,5933205.7
376,3,0.0543,0.0905,0,100,Northern Motorway,53270.0,26635.0,propagated,0.096,2048.338,3068.352,9057.113,215.631,0.023808,2995.301,1.0,45,1753360.3,5933130.5
377,2,0.253092,0.4218,0,100,Northern Motorway,67526.0,33763.0,count,0.096,2596.51,3889.498,11480.959,215.631,0.018782,3816.447,1.0,45,1753448.2,5932890.5
378,3,0.375408,0.3128,3,50,Saint Lukes Road,32920.0,16460.0,count,0.096,1265.84,1896.192,5597.15,3.402,0.000608,1895.039,1.0,1,1753788.7,5917941.8
379,3,0.09636,0.0803,3,50,Saint Lukes Road,32920.0,16460.0,propagated,0.096,1265.84,1896.192,5597.15,5.784,0.001033,1894.233,1.0,2,1753805.0,5918137.7
380,3,0.093888,0.0782,3,50,Saint Lukes Road,38414.0,19207.0,propagated,0.096,1477.095,2212.646,6531.254,5.784,0.000886,2210.687,1.0,2,1753810.5,5918216.5
381,1,0.008856,0.0074,2,50,Entry 6 Saint Luke's Road,15596.0,7798.0,count,0.096,599.697,898.33,2651.676,5.784,0.002181,896.371,1.0,2,1753817.7,5918257.2
382,2,0.061692,0.0514,2,50,Exit 6 Saint Lukes Road,12200.0,6100.0,propagated,0.096,469.114,702.72,2074.278,5.784,0.002788,700.761,1.0,2,1753846.5,5918256.9
383,1,0.0174225,0.0232,2,80,Exit 6 Saint Lukes Road,12200.0,6100.0,propagated,0.096,469.114,702.72,2074.278,5.784,0.002788,700.761,1.0,2,1753884.0,5918256.2
384,1,0.0177525,0.0237,2,80,Exit 6 Saint Lukes Road,35410.0,17705.0,propagated,0.096,1361.585,2039.616,6020.506,5.784,0.000961,2037.657,1.0,2,1753907.2,5918254.7
385,4,0.21213000000000004,0.2828,2,80,Exit 6 Saint Lukes Road,35410.0,17705.0,count,0.096,1361.585,2039.616,6020.506,45.163,0.007502,2024.316,1.0,9,1754059.6,5918260.9
386,7,0.32859,0.4381,0,80,Northwestern Motorway,92642.0,46321.0,propagated,0.096,3562.27,5336.179,15751.249,69.404,0.004406,5312.666,1.0,16,1754409.0,5918339.5
387,7,0.7630275,1.0174,0,80,Northwestern Motorway,128052.0,64026.0,count,0.096,4923.856,7375.795,21771.755,69.404,0.003188,7352.282,1.0,16,1755131.7,5918268.1
388,2,0.023388,0.0195,4,50,Bond Street,15404.0,7702.0,count,0.096,592.315,887.27,2619.03,395.791,0.151121,753.185,1.0,73,1755629.0,5918302.2
389,4,0.26750399999999996,0.2229,3,50,Edmonton Road,21098.0,10549.0,count,0.096,811.26,1215.245,3587.141,10.317,0.002876,1211.75,1.0,2,1746354.8,5918653.5
390,9,0.32380800000000004,0.2698,3,50,Edmonton Road,21098.0,10549.0,propagated,0.096,811.26,1215.245,3587.141,16.786,0.004679,1209.558,1.0,3,1746557.5,5918776.9
391,5,0.14821199999999998,0.1235,3,50,Edmonton Road,21098.0,10549.0,propagated,0.096,811.26,1215.245,3587.141,22.876,0.006377,1207.495,1.0,4,1746750.3,5918816.5
392,1,0.03342,0.0278,3,50,Te Atatu Road,20693.0,10346.5,propagated,0.096,795.687,1191.917,3518.282,36.578,0.010397,1179.525,1.0,10,1746820.1,5918843.8
393,4,0.143916,0.1199,3,50,Te Atatu Road,43248.0,21624.0,propagated,0.096,1662.972,2491.085,7353.145,36.578,0.004974,2478.693,1.0,10,1746867.9,5918899.3
394,3,0.066936,0.0558,2,50,Newton Road,32789.0,16394.5,count,0.096,1260.803,1888.646,5574.875,21.601,0.003875,1881.328,1.0,3,1756493.4,5918911.2
395,1,0.085272,0.0711,2,50,Newton Road,32789.0,16394.5,propagated,0.096,1260.803,1888.646,5574.875,377.564,0.067726,1760.736,1.0,77,1756434.9,5918934.9
396,1,0.006732,0.0056,2,50,Newton Road,32789.0,16394.5,propagated,0.096,1260.803,1888.646,5574.875,381.53,0.068437,1759.392,1.0,78,1756406.2,5918960.5
397,2,0.027563999999999998,0.023,2,50,Newton Road,32789.0,16394.5,propagated,0.096,1260.803,1888.646,5574.875,389.618,0.069888,1756.652,1.0,80,1756396.9,5918971.3
398,5,0.17634750000000002,0.2351,0,80,Exit 424D Helensville,42710.0,21355.0,propagated,0.096,1642.285,2460.096,7261.673,394.996,0.054395,2326.28,1.0,81,1756486.3,5919048.7
399,1,0.06349,0.0635,4,60,Lambie Drive,27044.0,13522.0,propagated,0.104718,1039.896,1699.196,5015.66,8.261,0.001647,1696.397,1.0,1,1766680.3,5904215.6
400,5,0.10548,0.1055,4,60,Lambie Drive,22554.0,11277.0,propagated,0.096,867.246,1299.11,3834.692,8.261,0.002154,1296.311,1.0,1,1766678.9,5904299.1
401,6,0.10295,0.1029,4,60,Lambie Drive,22554.0,11277.0,propagated,0.096,867.246,1299.11,3834.692,14.398,0.003755,1294.232,1.0,2,1766697.4,5904401.5
402,2,0.0761,0.0761,4,60,Lambie Drive,8160.0,4080.0,propagated,0.096,313.768,470.016,1387.386,14.398,0.010378,465.138,1.0,2,1766714.9,5904484.5
403,6,0.148,0.148,4,60,Lambie Drive,8160.0,4080.0,count,0.096,313.768,470.016,1387.386,18.281,0.013177,463.823,1.0,3,1766722.3,5904596.2
404,1,0.01317,0.0132,4,60,Lambie Drive,8160.0,4080.0,propagated,0.096,313.768,470.016,1387.386,25.242,0.018194,461.465,1.0,5,1766716.3,5904676.7
405,2,0.03488,0.0349,2,60,Cavendish Drive,50382.0,25191.0,propagated,0.096,1937.289,2902.003,8566.087,59.662,0.006965,2881.791,1.0,13,1766732.1,5904685.8
406,8,0.1983,0.1983,2,60,Cavendish Drive,50382.0,25191.0,propagated,0.096,1937.289,2902.003,8566.087,102.786,0.011999,2867.181,1.0,21,1766847.1,5904703.8
407,6,0.18427999999999997,0.1843,2,60,Cavendish Drive,33164.0,16582.0,propagated,0.096,1275.222,1910.246,5638.634,102.786,0.018229,1875.424,1.0,21,1767034.6,5904740.8
408,14,0.34807,0.3481,2,60,Cavendish Drive,33164.0,16582.0,count,0.096,1275.222,1910.246,5638.634,104.49,0.018531,1874.847,1.0,22,1767272.8,5904854.7
409,1,0.0125,0.0125,2,60,Te Irirangi Drive,32958.0,16479.0,propagated,0.096,1267.301,1898.381,5603.611,104.49,0.018647,1862.982,1.0,22,1767432.0,5904937.2
410,1,0.02238,0.0224,2,60,Te Irirangi Drive,32958.0,16479.0,propagated,0.096,1267.301,1898.381,5603.611,141.78,0.025302,1850.349,1.0,30,1767448.1,5904944.1
411,6,0.21317,0.2132,2,60,Te Irirangi Drive,32958.0,16479.0,count,0.096,1267.301,1898.381,5603.611,178.264,0.031812,1837.989,1.0,39,1767557.9,5904987.6
412,1,0.05231,0.0523,2,60,Entry 447 Te Irirangi Drive,17588.0,8794.0,propagated,0.096,676.294,1013.069,2990.361,178.264,0.059613,952.677,1.0,39,1767673.1,5905049.3
413,1,0.01207,0.0121,2,60,Entry 447 Te Irirangi Drive,17588.0,8794.0,propagated,0.096,676.294,1013.069,2990.361,179.393,0.05999,952.295,1.0,41,1767673.4,5905080.6
414,5,0.15526199999999998,0.2588,2,100,Entry 447 Te Irirangi Drive,17588.0,8794.0,propagated,0.096,676.294,1013.069,2990.361,179.393,0.05999,952.295,1.0,41,1767636.3,5905210.9
415,1,0.01965,0.0066,4,20,Hospital Road,11437.0,5718.5,propagated,0.096,439.776,658.771,1944.55,3.245,0.001669,657.672,1.0,1,1763867.4,5907405.7
416,3,0.09348000000000001,0.0312,4,20,Hospital Road,11437.0,5718.5,propagated,0.096,439.776,658.771,1944.55,6.49,0.003338,656.572,1.0,2,1763876.9,5907390.4
417,1,0.18657,0.0622,4,20,Hospital Road,8873.0,4436.5,default,0.096,341.185,511.085,1508.613,6.49,0.004302,508.886,1.0,2,1763897.0,5907348.2
418,3,0.11451599999999999,0.0954,4,50,Hospital Road,10408.0,5204.0,default,0.096,400.208,599.501,1769.598,6.49,0.003667,597.302,1.0,2,1763945.6,5907292.5
419,1,0.04254,0.0354,4,50,Swaffield Road,11785.0,5892.5,count,0.096,453.157,678.816,2003.718,6.49,0.003239,676.617,1.0,2,1763994.2,5907258.1
420,4,0.225228,0.1877,4,50,Swaffield Road,11785.0,5892.5,propagated,0.096,453.157,678.816,2003.718,9.764,0.004873,675.508,1.0,3,1764044.7,5907158.9
421,7,0.5911319999999999,0.4926,4,50,Swaffield Road,13485.0,6742.5,count,0.096,518.525,776.736,2292.757,9.764,0.004259,773.428,1.0,3,1764228.2,5906877.5
422,4,0.18468,0.1539,4,50,Swaffield Road,13485.0,6742.5,propagated,0.096,518.525,776.736,2292.757,14.989,0.006538,771.658,1.0,4,1764472.8,5906666.0
423,2,0.065388,0.0545,4,50,Coronation Road,14435.0,7217.5,propagated,0.096,555.055,831.456,2454.279,14.989,0.006107,826.378,1.0,4,1764552.7,5906599.1
424,3,0.04973999999999999,0.0414,2,50,Great North Road,12426.0,6213.0,propagated,0.095928,477.805,715.201,2111.119,38.879,0.018416,702.03,1.0,10,1755267.7,5918550.8
425,1,0.016523999999999997,0.0138,2,50,Great North Road,12426.0,6213.0,propagated,0.095928,477.805,715.201,2111.119,42.373,0.020071,700.846,1.0,11,1755293.1,5918561.9
426,3,0.12087600000000001,0.1007,2,50,Great North Road,12426.0,6213.0,count,0.095928,477.805,715.201,2111.119,45.844,0.021715,699.67,1.0,12,1755346.8,5918581.3
427,5,0.136284,0.1136,2,50,Great North Road,13133.0,6566.5,count,0.096,504.99,756.461,2232.91,45.844,0.020531,740.93,1.0,12,1755445.7,5918622.6
428,3,0.189264,0.1577,4,50,Bond Street,13898.0,6949.0,count,0.096,534.406,800.525,2362.977,45.844,0.019401,784.994,1.0,12,1755527.7,5918569.2
429,7,0.165804,0.1382,4,50,Bond Street,16734.0,8367.0,count,0.096,643.456,963.878,2845.16,45.844,0.016113,948.347,1.0,12,1755582.2,5918431.4
430,1,0.07077599999999999,0.059,4,50,Bond Street,15404.0,7702.0,propagated,0.096,592.315,887.27,2619.03,50.747,0.019376,870.078,1.0,13,1755616.7,5918339.2
431,3,0.213615,0.2848,2,80,Entry 6 Saint Luke's Road,35000.0,17500.0,propagated,0.096,1345.82,2016.0,5950.797,7.731,0.001299,2013.381,1.0,5,1754283.7,5918363.9
432,3,0.37537199999999993,0.3128,3,50,Boundary Road,8808.0,4404.0,count,0.096,338.685,507.341,1497.561,4.551,0.003039,505.799,1.0,1,1768083.1,5905580.3
433,3,0.296844,0.2474,3,50,Boundary Road,8848.0,4424.0,count,0.096,340.223,509.645,1504.362,4.551,0.003025,508.103,1.0,1,1768343.8,5905476.9
434,1,0.22587599999999997,0.1882,3,50,Boundary Road,10678.0,5339.0,count,0.083817,410.59,536.999,1585.105,4.551,0.002871,535.457,1.0,1,1768545.2,5905393.6
435,1,0.01442,0.0144,3,60,Boundary Road,10678.0,5339.0,propagated,0.083817,410.59,536.999,1585.105,8.8,0.005552,534.018,1.0,2,1768637.6,5905352.7
436,1,0.013810000000000001,0.0138,3,60,Boundary Road,10678.0,5339.0,propagated,0.083817,410.59,536.999,1585.105,13.049,0.008232,532.578,1.0,3,1768647.5,5905343.2
437,3,0.053807999999999995,0.0448,3,50,Boundary Road,10678.0,5339.0,propagated,0.083817,410.59,536.999,1585.105,17.386,0.010968,531.109,1.0,4,1768632.9,5905322.1
438,4,0.112608,0.0938,2,50,Te Irirangi Drive,33042.0,16521.0,count,0.107439,1270.531,2130.0,6287.3,41.376,0.006581,2115.983,1.0,10,1768566.4,5905313.3
439,1,0.0865,0.0865,2,60,Te Irirangi Drive,31170.0,15585.0,count,0.1094,1198.549,2045.999,6039.348,41.376,0.006851,2031.982,1.0,10,1768479.6,5905336.6
440,1,0.08782,0.0878,2,60,Te Irirangi Drive,31170.0,15585.0,propagated,0.1094,1198.549,2045.999,6039.348,45.128,0.007472,2030.711,1.0,11,1768393.3,5905332.8
441,3,0.14897000000000002,0.149,2,60,Te Irirangi Drive,26960.0,13480.0,count,0.096,1036.666,1552.896,4583.814,45.128,0.009845,1537.608,1.0,11,1768282.6,5905290.6
442,4,0.19666999999999998,0.1967,2,60,Te Irirangi Drive,29556.0,14778.0,count,0.096,1136.487,1702.426,5025.194,45.128,0.00898,1687.138,1.0,11,1768122.6,5905226.2
443,2,0.27032,0.2703,2,60,Te Irirangi Drive,30014.0,15007.0,count,0.113414,1154.098,2042.405,6028.739,45.128,0.007485,2027.117,1.0,11,1767905.6,5905139.8
444,1,0.08137,0.0814,2,60,Exit 447 Te Irirangi Drive,19054.0,9527.0,propagated,0.096,732.664,1097.51,3239.613,45.128,0.01393,1082.222,1.0,11,1767754.2,5905113.7
445,3,0.07461599999999999,0.0622,4,50,Central Park Drive,13037.0,6518.5,propagated,0.113753,501.299,889.799,2626.495,32.169,0.012248,878.901,1.0,8,1745505.9,5920328.9
446,2,0.061512,0.0513,4,50,Central Park Drive,13037.0,6518.5,propagated,0.113753,501.299,889.799,2626.495,35.556,0.013537,877.753,1.0,9,1745452.8,5920348.4
447,3,0.09628799999999998,0.0802,4,50,Central Park Drive,13037.0,6518.5,propagated,0.113753,501.299,889.799,2626.495,39.059,0.014871,876.567,1.0,10,1745396.6,5920377.5
448,11,0.345132,0.2876,1,50,Lincoln Road,43593.0,21796.5,count,0.096,1676.238,2510.957,7411.803,54.864,0.007402,2492.37,1.0,16,1745471.1,5920542.0
449,3,0.05613599999999999,0.0468,1,50,Lincoln Road,43593.0,21796.5,propagated,0.096,1676.238,2510.957,7411.803,58.532,0.007897,2491.128,1.0,17,1745471.0,5920709.2
450,4,0.082884,0.0691,1,50,Lincoln Road,43593.0,21796.5,propagated,0.096,1676.238,2510.957,7411.803,117.783,0.015891,2471.055,1.0,32,1745467.9,5920766.9
451,1,0.044747999999999996,0.0373,1,50,Entry 16 Lincoln Road,25956.0,12978.0,propagated,0.096,998.06,1495.066,4413.112,137.385,0.031131,1448.523,1.0,39,1745483.3,5920790.6
452,3,0.19153199999999998,0.3192,1,100,Entry 16 Lincoln Road,25956.0,12978.0,propagated,0.096,998.06,1495.066,4413.112,137.385,0.031131,1448.523,1.0,39,1745615.7,5920671.6
453,3,0.226182,0.377,0,100,Northwestern Motorway,50590.0,25295.0,propagated,0.096,1945.287,2913.984,8601.452,308.557,0.035873,2809.452,1.0,83,1745894.5,5920465.8
454,9,0.552696,0.9212,0,100,Northwestern Motorway,84672.0,42336.0,count,0.096,3255.808,4877.107,14396.167,308.557,0.021433,4772.575,1.0,83,1746437.0,5920110.1
455,1,0.03009,0.0502,0,100,Northwestern Motorway,87264.0,43632.0,propagated,0.096,3355.475,5026.406,14836.866,308.557,0.020797,4921.874,1.0,83,1746862.0,5919875.7
456,4,0.423666,0.7061,0,100,Northwestern Motorway,87264.0,43632.0,count,0.096,3355.475,5026.406,14836.866,313.07,0.021101,4920.345,1.0,84,1747199.5,5919705.5
457,1,0.02796,0.0466,2,100,,19582.0,9791.0,default,0.096,752.967,1127.923,3329.385,1.344,0.000404,1127.468,1.0,1,1751932.8,5918020.3
458,1,0.027504,0.0458,2,100,,29752.0,14876.0,count,0.096,1144.024,1713.715,5058.517,1.344,0.000266,1713.26,1.0,1,1751952.8,5917978.7
459,2,0.093648,0.078,2,50,Great North Road,41549.0,20774.5,propagated,0.096,1597.642,2393.222,7064.275,1.344,0.00019,2392.767,1.0,1,1751964.9,5917996.1
460,1,0.011508,0.0096,2,50,,18992.0,9496.0,default,0.096,730.28,1093.939,3229.072,1.344,0.000416,1093.484,1.0,1,1751986.4,5918026.8
461,3,0.10686,0.089,2,50,Great North Road,41549.0,20774.5,propagated,0.096,1597.642,2393.222,7064.275,1.344,0.00019,2392.767,1.0,1,1752027.0,5918047.5
462,5,0.368316,0.3069,2,50,Great North Road,41549.0,20774.5,propagated,0.096,1597.642,2393.222,7064.275,4.078,0.000577,2391.84,1.0,2,1752223.4,5918050.3
463,2,0.056988,0.0475,3,50,Carrington Road,26599.0,13299.5,propagated,0.096,1022.785,1532.102,4522.434,4.078,0.000902,1530.72,1.0,2,1752389.4,5918061.4
464,1,0.0060479999999999996,0.005,3,50,Carrington Road,26599.0,13299.5,propagated,0.096,1022.785,1532.102,4522.434,23.319,0.005156,1524.202,1.0,8,1752401.7,5918038.8
465,2,0.082764,0.069,2,50,Apirana Avenue,16866.0,8433.0,propagated,0.096,648.531,971.482,2867.605,43.455,0.015154,956.76,1.0,13,1765256.4,5917255.0
466,9,0.4169879999999999,0.3475,2,50,Apirana Avenue,14341.0,7170.5,count,0.096,551.44,826.042,2438.298,43.455,0.017822,811.32,1.0,13,1765217.5,5917459.5
467,9,0.244464,0.2037,2,50,Apirana Avenue,12521.0,6260.5,count,0.096,481.457,721.21,2128.856,43.455,0.020412,706.488,1.0,13,1765136.5,5917722.3
468,3,0.204432,0.1704,2,50,Apirana Avenue,12318.0,6159.0,count,0.096,473.652,709.517,2094.341,43.455,0.020749,694.795,1.0,13,1764999.4,5917846.9
469,1,0.21525599999999998,0.1794,2,50,Apirana Avenue,13227.0,6613.5,count,0.096,508.605,761.875,2248.891,43.455,0.019323,747.153,1.0,13,1764878.0,5917970.4
470,5,0.15561599999999998,0.1297,2,50,Apirana Avenue,11839.0,5919.5,count,0.096,455.233,681.926,2012.898,43.455,0.021588,667.204,1.0,13,1764807.4,5918107.2
471,3,0.068004,0.0567,2,50,Apirana Avenue,6458.0,3229.0,propagated,0.096,248.323,371.981,1098.008,43.455,0.039576,357.259,1.0,13,1764739.2,5918169.7
472,2,0.024432,0.0204,2,50,Saint Heliers Bay Road,18938.0,9469.0,propagated,0.096,728.204,1090.829,3219.892,43.455,0.013496,1076.107,1.0,13,1764701.6,5918176.9
473,2,0.140652,0.1172,3,50,Pakuranga Road,29712.0,14856.0,count,0.096,1142.486,1711.411,5051.716,3.027,0.000599,1710.386,1.0,1,1765951.1,5913349.2
474,3,0.20355999999999996,0.2036,3,60,Pakuranga Road,29712.0,14856.0,propagated,0.096,1142.486,1711.411,5051.716,3.027,0.000599,1710.386,1.0,1,1766106.9,5913310.8
475,6,0.31832,0.3183,3,60,Pakuranga Road,50642.0,25321.0,count,0.103866,1947.286,3155.989,9315.798,7.349,0.000789,3153.499,1.0,2,1766361.3,5913253.9
476,2,0.052570000000000006,0.0526,3,60,Ti Rakau Drive,37240.0,18620.0,propagated,0.096,1431.952,2145.024,6331.648,7.349,0.001161,2142.534,1.0,2,1766523.8,5913256.3
477,7,0.29967,0.2997,3,60,Ti Rakau Drive,37240.0,18620.0,propagated,0.096,1431.952,2145.024,6331.648,21.579,0.003408,2137.714,1.0,6,1766565.9,5913085.2
478,1,0.0072,0.0072,3,60,Pakuranga Highway,22076.5,11038.25,default,0.096,848.886,1271.606,3753.506,21.579,0.005749,1264.296,1.0,6,1766629.4,5912948.4
479,1,0.06387,0.0639,3,60,Pakuranga Highway,22076.5,11038.25,default,0.096,848.886,1271.606,3753.506,25.229,0.006721,1263.059,1.0,7,1766628.6,5912913.7
480,4,0.22526999999999997,0.2253,2,60,Pakuranga Highway,28612.0,14306.0,default,0.096,1100.189,1648.051,4864.691,790.285,0.162453,1380.32,1.0,151,1766511.0,5912836.0
481,11,1.0250625000000002,1.3668,2,80,Pakuranga Highway,28121.0,14060.5,default,0.096,1081.309,1619.77,4781.211,790.285,0.16529,1352.039,1.0,151,1765791.6,5913158.9
482,3,0.07314000000000001,0.0975,2,80,South Eastern Highway,28121.0,14060.5,default,0.096,1081.309,1619.77,4781.211,790.285,0.16529,1352.039,1.0,151,1765112.6,5913374.7
483,5,0.139485,0.186,2,80,South Eastern Highway,28121.0,14060.5,default,0.096,1081.309,1619.77,4781.211,796.028,0.166491,1350.093,1.0,153,1765023.0,5913268.3
484,4,0.40818000000000004,0.5442,2,80,South Eastern Highway,39660.0,19830.0,propagated,0.096,1525.006,2284.416,6743.103,796.028,0.118051,2014.739,1.0,153,1764802.2,5913030.4
485,1,0.07982399999999999,0.0665,2,50,South Eastern Highway,39660.0,19830.0,propagated,0.096,1525.006,2284.416,6743.103,796.028,0.118051,2014.739,1.0,153,1764505.3,5912964.7
486,1,0.07724400000000001,0.0644,2,50,South Eastern Highway,39660.0,19830.0,propagated,0.096,1525.006,2284.416,6743.103,1242.746,0.184299,1863.401,1.0,254,1764443.6,5912943.3
487,5,0.4601175,0.6135,2,80,South Eastern Highway,39660.0,19830.0,count,0.096,1525.006,2284.416,6743.103,1272.521,0.188714,1853.314,1.0,260,1764110.4,5912957.6
488,1,0.008865000000000001,0.0118,2,80,Exit 437 South Eastern Highway,44724.0,22362.0,propagated,0.096,1719.727,2576.102,7604.097,1272.521,0.167347,2145.0,1.0,260,1763803.3,5912901.2
489,3,0.28194,0.3759,2,80,Exit 437 South Eastern Highway,44724.0,22362.0,count,0.096,1719.727,2576.102,7604.097,1274.87,0.167656,2144.204,1.0,261,1763611.7,5912909.1
490,1,0.033582,0.056,2,100,Exit 437 South Eastern Highway,44724.0,22362.0,propagated,0.096,1719.727,2576.102,7604.097,1274.87,0.167656,2144.204,1.0,261,1763405.8,5912873.9
491,1,0.06571199999999999,0.1095,2,100,Exit 437 South Eastern Highway,36360.0,18180.0,propagated,0.096,1398.115,2094.336,6182.028,1277.954,0.206721,1661.393,1.0,262,1763328.7,5912845.4
492,3,0.136992,0.2283,2,100,Exit 437 South Eastern Highway,36360.0,18180.0,count,0.096,1398.115,2094.336,6182.028,1280.956,0.207206,1660.376,1.0,263,1763162.9,5912870.7
493,5,0.179304,0.1494,4,50,Rosebank Road,17565.0,8782.5,propagated,0.096,675.409,1011.744,2986.45,20.444,0.006846,1004.818,1.0,6,1748804.4,5917876.0
494,1,0.04548,0.0379,4,50,Rosebank Road,13177.0,6588.5,propagated,0.096,506.682,758.995,2240.389,25.482,0.011374,750.362,1.0,7,1748812.4,5917963.3
495,6,0.16766399999999998,0.1397,4,50,Rosebank Road,13177.0,6588.5,propagated,0.096,506.682,758.995,2240.389,43.476,0.019406,744.266,1.0,11,1748876.1,5918024.4
496,7,0.196812,0.164,4,50,Rosebank Road,13177.0,6588.5,count,0.096,506.682,758.995,2240.389,48.831,0.021796,742.452,1.0,12,1748987.3,5918127.7
497,1,0.023028,0.0192,4,50,Rosebank Road,13177.0,6588.5,propagated,0.096,506.682,758.995,2240.389,53.156,0.023726,740.987,1.0,13,1749054.0,5918190.2
498,1,0.07725599999999999,0.0644,4,50,Entry 11 Rosebank Road,11396.0,5698.0,count,0.096,438.199,656.41,1937.581,57.093,0.029466,637.068,1.0,14,1749082.2,5918220.7
499,11,0.41313000000000005,0.6886,4,100,Entry 11 Rosebank Road,11396.0,5698.0,propagated,0.096,438.199,656.41,1937.581,57.093,0.029466,637.068,1.0,14,1749412.3,5918140.0
500,2,0.07038,0.0586,2,50,Entry 430 Khyber Pass Road,22406.0,11203.0,propagated,0.096,861.556,1290.586,3809.531,19.639,0.005155,1283.933,1.0,3,1757552.6,5918574.6
501,1,0.008759999999999999,0.0073,2,50,Khyber Pass Road,23524.0,11762.0,propagated,0.096,904.545,1354.982,3999.614,112.439,0.028112,1316.89,1.0,20,1757541.1,5918604.4
502,3,0.082296,0.0686,2,50,Khyber Pass Road,23524.0,11762.0,count,0.096,904.545,1354.982,3999.614,118.683,0.029674,1314.775,1.0,21,1757504.2,5918613.0
503,1,0.024012000000000002,0.02,2,50,Khyber Pass Road,27324.0,13662.0,propagated,0.096,1050.662,1573.862,4645.701,118.683,0.025547,1533.655,1.0,21,1757461.6,5918624.7
504,4,0.095832,0.0799,2,50,Khyber Pass Road,27324.0,13662.0,count,0.096,1050.662,1573.862,4645.701,125.56,0.027027,1531.325,1.0,22,1757413.8,5918638.7
505,2,0.117864,0.0982,2,50,Khyber Pass Road,27324.0,13662.0,propagated,0.096,1050.662,1573.862,4645.701,133.289,0.028691,1528.707,1.0,23,1757328.2,5918663.4
506,1,0.04152,0.0346,2,50,Khyber Pass Road,27324.0,13662.0,propagated,0.096,1050.662,1573.862,4645.701,140.754,0.030298,1526.178,1.0,24,1757264.3,5918681.6
507,1,0.039804,0.0332,2,50,Grafton Road,14921.0,7460.5,propagated,0.107768,573.742,964.804,2847.893,718.894,0.25243,721.258,1.0,111,1757252.2,5918702.4
508,4,0.06683999999999998,0.0557,2,50,Grafton Road,14921.0,7460.5,count,0.107768,573.742,964.804,2847.893,726.625,0.255145,718.639,1.0,112,1757264.3,5918745.3
509,1,0.04854,0.0404,2,50,Grafton Road,14921.0,7460.5,propagated,0.107768,573.742,964.804,2847.893,735.501,0.258261,715.632,1.0,113,1757275.8,5918791.8
510,2,0.025596,0.0213,2,50,Grafton Road,14921.0,7460.5,propagated,0.107768,573.742,964.804,2847.893,744.864,0.261549,712.46,1.0,114,1757284.8,5918821.1
511,2,0.078372,0.0653,2,50,Grafton Road,14921.0,7460.5,propagated,0.107768,573.742,964.804,2847.893,754.284,0.264857,709.269,1.0,115,1757299.6,5918861.7
512,3,0.121722,0.2029,3,100,Entry 448 Manukau,13980.0,6990.0,propagated,0.096,537.559,805.248,2376.918,221.662,0.093256,730.154,1.0,29,1767918.0,5904484.0
513,3,0.083484,0.0696,4,50,Onehunga Mall,10750.0,5375.0,propagated,0.096,413.359,619.2,1827.745,163.657,0.08954,563.757,1.0,22,1758958.6,5912931.1
514,7,0.23470799999999997,0.1956,4,50,Onehunga Mall,12672.0,6336.0,count,0.096,487.264,729.907,2154.528,163.657,0.07596,674.464,1.0,22,1758947.0,5913062.9
515,1,0.05431199999999999,0.0453,4,50,Onehunga Mall,12672.0,6336.0,propagated,0.096,487.264,729.907,2154.528,169.917,0.078865,672.343,1.0,23,1758936.5,5913182.9
516,1,0.039924,0.0333,4,50,Onehunga Mall,12672.0,6336.0,propagated,0.096,487.264,729.907,2154.528,178.994,0.083078,669.268,1.0,25,1758933.2,5913222.4
517,3,0.34564799999999996,0.288,4,50,Onehunga Mall,7754.0,3877.0,count,0.096,298.157,446.63,1318.355,178.994,0.135771,385.991,1.0,25,1758919.0,5913382.4
518,2,0.19611599999999998,0.1634,4,50,Onehunga Mall,5604.0,2802.0,count,0.096,215.485,322.79,952.806,178.994,0.18786,262.151,1.0,25,1758899.7,5913607.0
519,2,0.111876,0.0932,4,50,Onehunga Mall,5577.0,2788.5,count,0.096,214.447,321.235,948.216,178.994,0.188769,260.596,1.0,25,1758887.9,5913734.9
520,2,0.035567999999999995,0.0296,4,50,Campbell Road,17250.0,8625.0,propagated,0.094377,663.297,976.802,2883.309,183.564,0.063664,914.615,1.0,26,1758889.3,5913792.9
521,2,0.256404,0.2137,4,50,Campbell Road,17250.0,8625.0,count,0.094377,663.297,976.802,2883.309,188.248,0.065289,913.028,1.0,27,1758994.8,5913853.5
522,2,0.023712,0.0198,4,50,Campbell Road,17611.0,8805.5,propagated,0.096,677.178,1014.394,2994.272,188.248,0.062869,950.62,1.0,27,1759096.4,5913911.1
523,3,0.2439,0.2032,4,50,Campbell Road,17611.0,8805.5,count,0.096,677.178,1014.394,2994.272,192.682,0.06435,949.118,1.0,28,1759193.2,5913966.6
524,3,0.27324,0.2277,4,50,Campbell Road,17961.0,8980.5,count,0.096,690.636,1034.554,3053.78,192.682,0.063096,969.278,1.0,28,1759372.1,5914083.3
525,2,0.024071999999999996,0.0201,4,50,,10408.0,5204.0,default,0.096,400.208,599.501,1769.598,192.682,0.108885,534.225,1.0,28,1759433.8,5914187.8
526,2,0.30266400000000004,0.2522,4,50,Campbell Road,19273.0,9636.5,count,0.090126,741.085,1042.199,3076.347,192.682,0.062633,976.923,1.0,28,1759510.6,5914295.5
527,4,0.138108,0.1151,4,50,Campbell Road,19301.0,9650.5,propagated,0.092845,742.162,1075.201,3173.761,195.81,0.061697,1008.865,1.0,29,1759610.6,5914449.6
528,3,0.06276,0.0523,4,50,Campbell Road,19301.0,9650.5,propagated,0.092845,742.162,1075.201,3173.761,199.033,0.062712,1007.773,1.0,30,1759656.4,5914519.7
529,5,0.35546399999999995,0.2962,4,50,Campbell Road,19301.0,9650.5,count,0.092845,742.162,1075.201,3173.761,202.05,0.063663,1006.751,1.0,31,1759762.1,5914658.3
530,6,0.258972,0.2158,4,50,Campbell Road,17129.0,8564.5,count,0.096,658.644,986.63,2912.319,202.05,0.069378,918.18,1.0,31,1759924.0,5914856.5
531,1,0.119976,0.1,4,50,Campbell Road,15639.0,7819.5,count,0.096,601.351,900.806,2658.985,202.05,0.075988,832.356,1.0,31,1760022.9,5914979.3
532,2,0.12804000000000001,0.1067,4,50,Campbell Road,15611.0,7805.5,count,0.096,600.274,899.194,2654.227,202.05,0.076124,830.744,1.0,31,1760088.1,5915059.7
533,6,0.38396399999999997,0.32,4,50,Campbell Road,15781.0,7890.5,count,0.096,606.811,908.986,2683.131,202.05,0.075304,840.536,1.0,31,1760223.3,5915224.9
534,2,0.04092,0.0341,2,50,Great South Road,27707.0,13853.5,propagated,0.096,1065.39,1595.923,4710.82,209.176,0.044403,1525.059,1.0,33,1760272.6,5915383.1
535,4,0.15948,0.1329,2,50,Great South Road,27707.0,13853.5,count,0.096,1065.39,1595.923,4710.82,212.126,0.04503,1524.059,1.0,34,1760211.5,5915440.0
536,3,0.105264,0.0877,2,50,Great South Road,27707.0,13853.5,propagated,0.096,1065.39,1595.923,4710.82,286.375,0.060791,1498.905,1.0,49,1760136.3,5915518.7
537,7,0.23090399999999997,0.1924,2,50,Great South Road,26404.0,13202.0,count,0.096,1015.287,1520.87,4489.28,286.375,0.063791,1423.852,1.0,49,1760034.6,5915614.9
538,4,0.13205999999999998,0.11,2,50,Great South Road,31067.0,15533.5,count,0.096,1194.588,1789.459,5282.097,286.375,0.054216,1692.441,1.0,49,1759925.6,5915719.5
539,1,0.013907999999999998,0.0116,2,50,Great South Road,17325.0,8662.5,propagated,0.096,666.181,997.92,2945.644,286.375,0.09722,900.902,1.0,49,1759885.6,5915764.4
540,3,0.15205200000000002,0.1267,2,50,Green Lane E,32778.0,16389.0,count,0.096,1260.38,1888.013,5573.007,286.375,0.051386,1790.995,1.0,49,1759932.4,5915805.6
541,2,0.044772,0.0373,2,50,Green Lane E,40554.0,20277.0,propagated,0.096,1559.382,2335.91,6895.102,286.375,0.041533,2238.892,1.0,49,1759999.1,5915853.4
542,4,0.218076,0.1817,2,50,Entry 433 Green Lane E,35706.0,17853.0,propagated,0.096,1372.967,2056.666,6070.834,286.375,0.047172,1959.648,1.0,49,1760082.7,5915922.9
543,3,0.159582,0.266,2,100,Entry 433 Green Lane E,35706.0,17853.0,propagated,0.096,1372.967,2056.666,6070.834,286.375,0.047172,1959.648,1.0,49,1759929.9,5916059.9
544,3,0.052584000000000006,0.0438,2,50,Queenstown Road,6522.0,3261.0,propagated,0.096,250.784,375.667,1108.888,8.055,0.007264,372.938,1.0,3,1757393.3,5912319.7
545,13,0.19856399999999996,0.1655,2,50,Queenstown Road,6522.0,3261.0,propagated,0.096,250.784,375.667,1108.888,593.088,0.534849,174.742,1.0,102,1757434.2,5912412.0
546,4,0.06529199999999999,0.0544,2,50,Queenstown Road,6522.0,3261.0,propagated,0.096,250.784,375.667,1108.888,831.091,0.749481,94.112,1.0,142,1757452.6,5912512.7
547,3,0.14328000000000002,0.1194,2,50,Queenstown Road,23518.0,11759.0,propagated,0.096,904.314,1354.637,3998.596,831.091,0.207846,1073.082,1.0,142,1757478.7,5912595.3
548,8,0.381072,0.3176,2,50,Queenstown Road,23518.0,11759.0,count,0.096,904.314,1354.637,3998.596,832.992,0.208321,1072.438,1.0,143,1757515.4,5912809.7
549,3,0.073416,0.0612,2,50,Queenstown Road,21297.0,10648.5,count,0.096,818.912,1226.707,3620.974,832.992,0.230046,944.507,1.0,143,1757536.7,5912998.1
550,1,0.021972,0.0183,2,50,Queenstown Road,21297.0,10648.5,propagated,0.096,818.912,1226.707,3620.974,834.635,0.2305,943.951,1.0,144,1757543.6,5913037.4
551,17,0.646872,0.5391,2,50,Pah Road,16963.0,8481.5,count,0.096,652.261,977.069,2884.097,834.635,0.289392,694.313,1.0,144,1757591.2,5913311.8
552,3,0.074412,0.062,2,50,Pah Road,16963.0,8481.5,propagated,0.096,652.261,977.069,2884.097,853.293,0.295861,687.992,1.0,148,1757646.9,5913606.9
553,1,0.04937999999999999,0.0412,2,50,Pah Road,16963.0,8481.5,propagated,0.096,652.261,977.069,2884.097,856.416,0.296944,686.934,1.0,149,1757659.8,5913656.8
554,6,0.35746799999999995,0.2979,2,50,Pah Road,18973.0,9486.5,count,0.096,729.55,1092.845,3225.843,856.416,0.265486,802.71,1.0,149,1757705.6,5913820.0
555,9,0.308448,0.257,2,50,Pah Road,15985.0,7992.5,count,0.093588,614.655,897.603,2649.53,856.416,0.323233,607.468,1.0,149,1757778.3,5914088.0
556,2,0.10377600000000001,0.0865,2,50,Pah Road,17752.0,8876.0,count,0.096,682.6,1022.515,3018.244,856.416,0.283746,732.38,1.0,149,1757824.3,5914253.5
557,1,0.053928,0.0449,2,50,Pah Road,17752.0,8876.0,propagated,0.096,682.6,1022.515,3018.244,859.163,0.284657,731.449,1.0,150,1757841.5,5914316.4
558,9,0.274884,0.2291,2,50,Pah Road,17057.0,8528.5,count,0.088351,655.876,904.202,2669.009,861.99,0.322963,612.179,1.0,151,1757878.5,5914448.1
559,6,0.19411199999999998,0.1618,2,50,Pah Road,15600.0,7800.0,propagated,0.096,599.851,898.56,2652.355,861.99,0.32499,606.537,1.0,151,1757928.7,5914637.2
560,4,0.08939999999999998,0.0745,2,50,Pah Road,15600.0,7800.0,count,0.096,599.851,898.56,2652.355,863.634,0.32561,605.98,1.0,152,1757959.4,5914751.5
561,1,0.037247999999999996,0.031,2,50,Manukau Road,27058.0,13529.0,propagated,0.096,1040.434,1558.541,4600.477,863.634,0.187727,1265.961,1.0,152,1757971.1,5914802.9
562,4,0.096708,0.0806,2,50,Manukau Road,27058.0,13529.0,count,0.096,1040.434,1558.541,4600.477,919.99,0.199977,1246.869,1.0,161,1757989.2,5914854.7
563,3,0.08180399999999999,0.0682,2,50,Manukau Road,27289.0,13644.5,count,0.096,1049.317,1571.846,4639.75,919.99,0.198284,1260.173,1.0,161,1758008.1,5914926.5
564,1,0.202668,0.1689,2,50,Manukau Road,22134.0,11067.0,count,0.096,851.097,1274.918,3763.283,919.99,0.244465,963.246,1.0,161,1758038.8,5915041.2
565,2,0.177624,0.148,2,50,Manukau Road,26766.0,13383.0,count,0.096,1029.206,1541.722,4550.831,919.99,0.202159,1230.05,1.0,161,1758055.3,5915197.4
566,1,0.036696,0.0306,2,50,Manukau Road,26692.0,13346.0,propagated,0.096,1026.361,1537.459,4538.247,919.99,0.202719,1225.786,1.0,161,1758064.0,5915285.7
567,6,0.161844,0.1349,2,50,Manukau Road,26692.0,13346.0,count,0.096,1026.361,1537.459,4538.247,921.679,0.203091,1225.214,1.0,162,1758084.3,5915365.5
568,1,0.014724,0.0123,2,50,Manukau Road,26692.0,13346.0,propagated,0.096,1026.361,1537.459,4538.247,924.129,0.203631,1224.384,1.0,163,1758100.6,5915437.1
569,2,0.044808,0.0373,2,50,Manukau Road,24024.0,12012.0,propagated,0.080544,923.771,1160.993,3427.001,924.129,0.269661,847.918,1.0,163,1758105.3,5915461.4
570,5,0.13958399999999999,0.1163,2,50,Manukau Road,24024.0,12012.0,count,0.080544,923.771,1160.993,3427.001,928.709,0.270998,846.367,1.0,165,1758118.0,5915537.2
571,1,0.028092,0.0234,2,50,Manukau Road,24024.0,12012.0,propagated,0.080544,923.771,1160.993,3427.001,932.342,0.272058,845.136,1.0,166,1758129.2,5915606.3
572,4,0.161004,0.1342,2,50,Manukau Road,21667.0,10833.5,count,0.092768,833.139,1206.003,3559.861,936.081,0.262954,888.879,1.0,167,1758141.7,5915683.8
573,2,0.067836,0.0565,2,50,Manukau Road,23633.0,11816.5,propagated,0.09656,908.736,1369.201,4041.586,936.081,0.231612,1052.077,1.0,167,1758157.7,5915777.8
574,2,0.074016,0.0617,2,50,Manukau Road,23633.0,11816.5,count,0.09656,908.736,1369.201,4041.586,940.524,0.232712,1050.572,1.0,168,1758166.8,5915836.6
575,5,0.15216,0.1268,2,50,Manukau Road,24449.0,12224.5,count,0.092069,940.113,1350.597,3986.671,940.524,0.235917,1031.968,1.0,168,1758183.4,5915929.3
576,7,0.16744799999999999,0.1395,2,50,Manukau Road,18166.0,9083.0,count,0.088572,698.519,965.399,2849.65,940.524,0.330049,646.77,1.0,168,1758201.4,5916061.2
577,4,0.15115199999999998,0.126,2,50,Manukau Road,18456.0,9228.0,count,0.091732,709.67,1015.803,2998.431,940.524,0.313672,697.174,1.0,168,1758216.7,5916192.9
578,15,0.54168,0.4514,2,50,Manukau Road,18456.0,9228.0,propagated,0.091732,709.67,1015.803,2998.431,944.489,0.314994,695.831,1.0,169,1758238.5,5916480.6
579,1,0.147744,0.1231,2,50,Manukau Road,15765.0,7882.5,propagated,0.096,606.196,908.064,2680.409,944.489,0.352367,588.092,1.0,169,1758259.5,5916767.0
580,19,0.6446399999999999,0.5372,2,50,Manukau Road,15765.0,7882.5,count,0.096,606.196,908.064,2680.409,946.725,0.353202,587.334,1.0,170,1758315.0,5917091.0
581,5,0.13778400000000002,0.1148,2,50,Manukau Road,8852.0,4426.0,count,0.096,340.377,509.875,1505.041,946.725,0.629036,189.145,1.0,170,1758376.3,5917410.4
582,6,0.088632,0.0739,2,50,Alpers Avenue,9406.0,4703.0,propagated,0.096,361.68,541.786,1599.235,1006.816,0.629561,200.699,1.0,179,1758353.5,5917475.3
583,1,0.023208,0.0193,2,50,Alpers Avenue,9406.0,4703.0,propagated,0.096,361.68,541.786,1599.235,1012.392,0.633048,198.81,1.0,180,1758307.7,5917485.9
584,9,0.28131599999999995,0.2344,2,50,Alpers Avenue,9406.0,4703.0,count,0.096,361.68,541.786,1599.235,1017.143,0.636018,197.2,1.0,181,1758183.9,5917514.6
585,1,0.018732,0.0156,2,50,Gillies Avenue,19869.0,9934.5,propagated,0.089536,764.003,1067.394,3150.717,1101.026,0.349453,694.39,1.0,199,1758071.7,5917548.0
586,1,0.04776,0.0398,2,50,Gillies Avenue,19869.0,9934.5,propagated,0.089536,764.003,1067.394,3150.717,1106.203,0.351096,692.637,1.0,200,1758078.0,5917575.0
587,4,0.13512,0.1126,2,50,Gillies Avenue,28264.0,14132.0,count,0.079536,1086.807,1348.803,3981.375,1106.203,0.277844,974.046,1.0,200,1758094.6,5917649.3
588,1,0.13569599999999998,0.1131,2,50,Entry 431 Gillies Avenue,45512.0,22756.0,count,0.096,1750.027,2621.491,7738.076,1106.203,0.142956,2246.734,1.0,200,1758111.1,5917760.0
589,3,0.18368250000000003,0.2449,2,80,Entry 431 Gillies Avenue,45512.0,22756.0,propagated,0.096,1750.027,2621.491,7738.076,1106.203,0.142956,2246.734,1.0,200,1758012.3,5917907.4
590,1,0.014627999999999999,0.0122,4,50,Shore Road,16143.0,8071.5,propagated,0.096,620.731,929.837,2744.678,37.023,0.013489,917.294,1.0,8,1760597.4,5918666.0
591,3,0.1731,0.1442,4,50,Shore Road,16143.0,8071.5,propagated,0.096,620.731,929.837,2744.678,40.224,0.014655,916.21,1.0,9,1760519.8,5918677.8
592,7,0.16292399999999999,0.1358,4,50,Shore Road,16143.0,8071.5,propagated,0.096,620.731,929.837,2744.678,43.457,0.015833,915.115,1.0,10,1760389.1,5918699.0
593,13,0.830292,0.6919,4,50,Shore Road,15723.0,7861.5,count,0.096,604.581,905.645,2673.269,43.457,0.016256,890.923,1.0,10,1759990.5,5918622.4
594,7,0.300216,0.2502,4,50,Shore Road,16465.0,8232.5,count,0.096,633.112,948.384,2799.425,43.457,0.015524,933.662,1.0,10,1759532.5,5918553.9
595,6,0.137376,0.1145,4,50,Shore Road,17425.0,8712.5,count,0.096,670.026,1003.68,2962.647,46.957,0.01585,987.772,1.0,11,1759381.5,5918655.0
596,23,0.715272,0.5961,4,50,Ayr Street,10658.0,5329.0,count,0.096,409.821,613.901,1812.103,46.957,0.025913,597.993,1.0,11,1759069.2,5918803.7
597,8,0.36228,0.3019,2,50,Parnell Road,14311.0,7155.5,count,0.096,550.287,824.314,2433.197,102.113,0.041967,789.72,1.0,23,1758925.3,5919137.0
598,4,0.209316,0.1744,2,50,Parnell Road,13553.0,6776.5,count,0.096,521.14,780.653,2304.319,102.113,0.044314,746.059,1.0,23,1758892.5,5919361.2
599,1,0.159792,0.1332,2,50,Parnell Road,13671.0,6835.5,count,0.096,525.677,787.45,2324.382,102.113,0.043931,752.856,1.0,23,1758816.4,5919494.4
600,1,0.067164,0.056,2,50,Parnell Road,12376.0,6188.0,count,0.096073,475.882,713.4,2105.803,102.113,0.048491,678.806,1.0,23,1758775.6,5919579.7
601,2,0.14260799999999998,0.1188,2,50,Parnell Road,13854.0,6927.0,count,0.096,532.714,797.99,2355.494,102.113,0.043351,763.396,1.0,23,1758738.1,5919658.8
602,2,0.082704,0.0689,2,50,Parnell Road,13282.0,6641.0,count,0.096,510.719,765.043,2258.242,102.113,0.045218,730.449,1.0,23,1758697.3,5919743.7
603,2,0.038928000000000004,0.0324,2,50,Parnell Road,13265.0,6632.5,count,0.096,510.066,764.064,2255.352,102.113,0.045276,729.47,1.0,23,1758676.0,5919789.9
604,1,0.03429599999999999,0.0286,2,50,Parnell Road,12566.0,6283.0,count,0.096,483.188,723.802,2136.507,102.113,0.047794,689.208,1.0,23,1758662.3,5919817.1
605,1,0.099144,0.0826,2,50,Parnell Road,13383.0,6691.5,count,0.096,514.603,770.861,2275.415,102.113,0.044877,736.267,1.0,23,1758638.4,5919867.0
606,2,0.119208,0.0993,2,50,Parnell Road,13652.0,6826.0,count,0.08702,524.947,712.798,2104.026,102.113,0.048532,678.204,1.0,23,1758599.1,5919948.7
607,4,0.098544,0.0821,2,50,Parnell Road,14380.0,7190.0,count,0.096,552.94,828.288,2444.927,102.113,0.041765,793.694,1.0,23,1758557.1,5920028.3
608,2,0.097956,0.0816,2,50,Parnell Rise,20157.0,10078.5,count,0.096,775.077,1161.043,3427.148,102.113,0.029795,1126.449,1.0,23,1758497.7,5920081.4
609,5,0.14821199999999998,0.1235,2,50,Parnell Rise,17037.0,8518.5,count,0.09855,655.107,1007.398,2973.621,102.113,0.03434,972.804,1.0,23,1758406.9,5920128.9
610,6,0.11887199999999999,0.0991,2,50,Parnell Rise,10755.0,5377.5,propagated,0.096,413.551,619.488,1828.595,102.113,0.055842,584.894,1.0,23,1758308.1,5920177.0
611,1,0.05244,0.0524,3,60,Roscommon Road,30792.0,15396.0,propagated,0.096,1184.014,1773.619,5235.341,61.659,0.011777,1752.73,1.0,13,1766153.2,5900210.8
612,2,0.21673,0.2167,3,60,Roscommon Road,26728.0,13364.0,count,0.096,1027.745,1539.533,4544.369,61.659,0.013568,1518.644,1.0,13,1766102.2,5900335.6
613,5,0.15977,0.1598,3,60,Roscommon Road,30002.0,15001.0,count,0.096,1153.637,1728.115,5101.023,61.659,0.012088,1707.226,1.0,13,1766030.9,5900509.8
614,1,0.26265,0.2626,3,60,Roscommon Road,27878.0,13939.0,count,0.096,1071.965,1605.773,4739.895,61.659,0.013009,1584.884,1.0,13,1765952.4,5900705.9
615,2,0.12779000000000001,0.1278,3,60,Roscommon Road,28156.0,14078.0,count,0.102571,1082.655,1732.793,5114.831,61.659,0.012055,1711.904,1.0,13,1765878.2,5900886.6
616,1,0.17843,0.1784,3,60,Roscommon Road,28128.0,14064.0,count,0.096,1081.578,1620.173,4782.401,61.659,0.012893,1599.284,1.0,13,1765819.9,5901028.2
617,1,0.04249,0.0425,3,60,Roscommon Road,32298.0,16149.0,propagated,0.096,1241.923,1860.365,5491.396,61.659,0.011228,1839.476,1.0,13,1765777.9,5901130.6
618,6,0.28041000000000005,0.2804,3,60,Roscommon Road,32298.0,16149.0,count,0.096,1241.923,1860.365,5491.396,66.281,0.01207,1837.91,1.0,14,1765716.6,5901279.8
619,2,0.04138,0.0414,3,60,Roscommon Road,32298.0,16149.0,propagated,0.096,1241.923,1860.365,5491.396,78.992,0.014385,1833.604,1.0,17,1765653.6,5901427.6
620,1,0.03452,0.0345,3,60,Roscommon Road,34752.0,17376.0,propagated,0.096,1336.284,2001.715,5908.631,78.992,0.013369,1974.954,1.0,17,1765638.9,5901462.4
621,8,0.33468,0.3347,3,60,Roscommon Road,34752.0,17376.0,count,0.096,1336.284,2001.715,5908.631,89.639,0.015171,1971.347,1.0,19,1765569.3,5901633.6
622,13,0.79948,0.7995,3,60,Roscommon Road,28688.0,14344.0,count,0.122281,1103.111,2104.798,6212.909,89.639,0.014428,2074.43,1.0,19,1765355.8,5902159.1
623,5,0.25457,0.2546,3,60,Roscommon Road,34772.0,17386.0,propagated,0.096,1337.053,2002.867,5912.031,89.639,0.015162,1972.499,1.0,19,1765155.9,5902646.3
624,2,0.04976250000000001,0.0663,3,80,Roscommon Road,34772.0,17386.0,propagated,0.096,1337.053,2002.867,5912.031,89.639,0.015162,1972.499,1.0,19,1765094.6,5902794.5
625,1,0.021855000000000003,0.0291,3,80,Roscommon Road,34772.0,17386.0,propagated,0.096,1337.053,2002.867,5912.031,94.791,0.016034,1970.754,1.0,20,1765076.1,5902838.6
626,5,0.13138500000000003,0.1752,3,80,Roscommon Road,34772.0,17386.0,propagated,0.096,1337.053,2002.867,5912.031,114.5,0.019367,1964.077,1.0,24,1765036.8,5902932.8
627,9,0.24989250000000002,0.3332,3,80,Roscommon Road,34772.0,17386.0,count,0.096,1337.053,2002.867,5912.031,119.538,0.020219,1962.37,1.0,25,1764941.2,5903168.3
628,7,0.21457500000000002,0.2861,3,80,Roscommon Road,33072.0,16536.0,count,0.096,1271.685,1904.947,5622.992,119.538,0.021259,1864.45,1.0,25,1764824.5,5903454.7
629,6,0.13652999999999998,0.1365,3,60,Roscommon Road,33072.0,16536.0,propagated,0.096,1271.685,1904.947,5622.992,119.538,0.021259,1864.45,1.0,25,1764771.0,5903655.2
630,2,0.05897999999999999,0.059,2,60,Cavendish Drive,20048.0,10024.0,propagated,0.096,770.886,1154.765,3408.617,119.538,0.035069,1114.268,1.0,25,1764805.4,5903746.7
631,2,0.198204,0.3303,0,100,Southwestern Motorway,59388.0,29694.0,propagated,0.096,2283.587,3420.749,10097.313,132.887,0.013161,3375.73,1.0,30,1764979.2,5903738.6
632,5,0.09637799999999999,0.1606,0,100,Southwestern Motorway,59388.0,29694.0,propagated,0.096,2283.587,3420.749,10097.313,135.642,0.013433,3374.796,1.0,32,1765223.8,5903721.7
633,9,0.631362,1.0523,0,100,Southwestern Motorway,68922.0,34461.0,count,0.096,2650.189,3969.907,11718.309,135.642,0.011575,3923.954,1.0,32,1765827.6,5903776.8
634,5,0.34604999999999997,0.5768,0,100,Southwestern Motorway,41238.0,20619.0,count,0.096,1585.684,2375.309,7011.4,135.642,0.019346,2329.356,1.0,32,1766637.0,5903867.5
635,1,0.101154,0.1686,0,100,Southwestern Motorway,41238.0,20619.0,propagated,0.096,1585.684,2375.309,7011.4,257.837,0.036774,2287.959,1.0,44,1767005.9,5903918.4
636,6,0.24757800000000002,0.4126,0,100,Southwestern Motorway,53070.0,26535.0,count,0.096,2040.648,3056.832,9023.108,257.837,0.028575,2969.482,1.0,44,1767295.4,5903938.8
637,1,0.21012599999999998,0.3502,0,100,Exit 1 Southern Motorway,16632.0,8316.0,count,0.096,639.534,958.003,2827.818,257.837,0.091179,870.653,1.0,44,1767676.6,5903936.2
638,1,0.055878,0.0931,0,100,Exit 1 Southern Motorway,36438.0,18219.0,count,0.096,1401.114,2098.829,6195.29,257.837,0.041618,2011.479,1.0,44,1767898.5,5903941.6
639,4,0.18777000000000002,0.313,0,100,Entry 449 Southwestern Motorway,74072.0,37036.0,default,0.096,2848.217,4266.547,12593.926,257.837,0.020473,4179.197,1.0,44,1768061.6,5904036.8
640,6,0.07250399999999999,0.0604,3,50,Mount Albert Road,16711.0,8355.5,propagated,0.088564,642.571,887.996,2621.173,14.622,0.005578,883.042,1.0,2,1756325.6,5913738.0
641,2,0.03018,0.0252,3,50,Mount Albert Road,16711.0,8355.5,propagated,0.088564,642.571,887.996,2621.173,29.792,0.011366,877.903,1.0,4,1756368.1,5913735.8
642,1,0.018588,0.0155,3,50,Mount Albert Road,19907.0,9953.5,propagated,0.096,765.464,1146.643,3384.643,29.792,0.008802,1136.55,1.0,4,1756388.1,5913737.9
643,1,0.038099999999999995,0.0318,3,50,Mount Albert Road,19907.0,9953.5,propagated,0.096,765.464,1146.643,3384.643,37.062,0.01095,1134.087,1.0,5,1756411.8,5913740.3
644,2,0.0951,0.0792,3,50,Mount Albert Road,19907.0,9953.5,propagated,0.096,765.464,1146.643,3384.643,44.568,0.013168,1131.544,1.0,6,1756467.1,5913744.8
645,5,0.188604,0.1572,3,50,Mount Albert Road,19907.0,9953.5,propagated,0.096,765.464,1146.643,3384.643,52.382,0.015476,1128.897,1.0,7,1756584.5,5913755.4
646,9,0.41858400000000007,0.3488,4,50,Mount Eden Road,15026.0,7513.0,count,0.096,577.78,865.498,2554.763,363.015,0.142093,742.516,1.0,51,1756687.4,5913934.4
647,1,0.112248,0.0935,4,50,Mount Eden Road,16010.0,8005.0,count,0.096,615.617,922.176,2722.065,363.015,0.13336,799.194,1.0,51,1756717.1,5914153.1
648,2,0.070716,0.0589,4,50,Mount Eden Road,16010.0,8005.0,propagated,0.096,615.617,922.176,2722.065,367.542,0.135023,797.661,1.0,52,1756726.9,5914228.4
649,5,0.281808,0.2348,4,50,Mount Eden Road,14444.0,7222.0,count,0.088757,555.401,769.204,2270.524,367.542,0.161875,644.689,1.0,52,1756747.1,5914373.9
650,1,0.213444,0.1779,4,50,Mount Eden Road,14444.0,7222.0,propagated,0.088757,555.401,769.204,2270.524,370.773,0.163298,643.594,1.0,53,1756731.3,5914576.0
651,6,0.287388,0.2395,4,50,Mount Eden Road,11957.0,5978.5,count,0.096,459.771,688.723,2032.962,370.773,0.182381,563.113,1.0,53,1756595.7,5914735.3
652,2,0.015179999999999999,0.0126,4,50,Mount Eden Road,12906.0,6453.0,propagated,0.096,496.262,743.386,2194.315,370.773,0.16897,617.776,1.0,53,1756530.1,5914839.1
653,7,0.122316,0.1019,4,50,Mount Eden Road,12906.0,6453.0,count,0.096,496.262,743.386,2194.315,374.003,0.170442,616.682,1.0,54,1756539.6,5914895.1
654,4,0.15320399999999998,0.1277,4,50,Mount Eden Road,15302.0,7651.0,count,0.096,588.393,881.395,2601.688,374.003,0.143754,754.691,1.0,54,1756579.8,5915002.4
655,14,0.43844400000000006,0.3654,4,50,Mount Eden Road,16694.0,8347.0,count,0.096,641.918,961.574,2838.359,374.003,0.131767,834.87,1.0,54,1756645.8,5915239.7
656,5,0.195,0.1625,4,50,Mount Eden Road,13400.0,6700.0,propagated,0.096,515.257,771.84,2278.305,374.003,0.164158,645.136,1.0,54,1756715.1,5915494.4
657,4,0.283788,0.2365,4,50,Mount Eden Road,13400.0,6700.0,count,0.096,515.257,771.84,2278.305,379.429,0.16654,643.298,1.0,55,1756765.9,5915687.1
658,3,0.087456,0.0729,4,50,Mount Eden Road,18257.0,9128.5,count,0.096,702.018,1051.603,3104.105,379.429,0.122235,923.061,1.0,55,1756805.3,5915836.7
659,1,0.031584,0.0263,4,50,Mount Eden Road,18257.0,9128.5,propagated,0.096,702.018,1051.603,3104.105,385.742,0.124268,920.922,1.0,56,1756818.1,5915884.8
660,1,0.015923999999999997,0.0133,4,50,Mount Eden Road,18257.0,9128.5,propagated,0.096,702.018,1051.603,3104.105,398.263,0.128302,916.68,1.0,58,1756823.4,5915903.5
661,6,0.161052,0.1342,4,50,Mount Eden Road,16789.0,8394.5,count,0.096,645.571,967.046,2854.511,415.671,0.145619,826.226,1.0,61,1756841.8,5915974.9
662,7,0.29437199999999997,0.2453,4,50,Mount Eden Road,16789.0,8394.5,propagated,0.096,645.571,967.046,2854.511,421.967,0.147825,824.093,1.0,62,1756890.9,5916158.6
663,1,0.0168,0.014,4,50,Mount Eden Road,10678.0,5339.0,propagated,0.096,410.59,615.053,1815.504,427.175,0.235293,470.335,1.0,63,1756924.0,5916284.0
664,3,0.08207999999999999,0.0684,4,50,Mount Eden Road,10678.0,5339.0,propagated,0.096,410.59,615.053,1815.504,432.506,0.238229,468.529,1.0,64,1756934.3,5916323.7
665,3,0.132684,0.1106,4,50,Mount Eden Road,10678.0,5339.0,propagated,0.096,410.59,615.053,1815.504,437.339,0.240891,466.892,1.0,65,1756944.5,5916411.4
666,13,0.3262439999999999,0.2719,4,50,Mount Eden Road,10678.0,5339.0,count,0.096,410.59,615.053,1815.504,441.149,0.24299,465.601,1.0,66,1756976.6,5916592.2
667,4,0.26644799999999996,0.222,4,50,Mount Eden Road,16311.0,8155.5,count,0.096,627.191,939.514,2773.243,441.149,0.159073,790.062,1.0,66,1757028.3,5916825.4
668,1,0.09349199999999999,0.0779,4,50,Mount Eden Road,16311.0,8155.5,propagated,0.096,627.191,939.514,2773.243,446.178,0.160887,788.359,1.0,67,1756997.2,5916969.8
669,4,0.29735999999999996,0.2478,4,50,Mount Eden Road,10741.0,5370.5,count,0.113118,413.013,729.0,2151.851,446.178,0.207346,577.845,1.0,67,1756971.2,5917124.2
670,4,0.119028,0.0992,4,50,Mount Eden Road,11649.0,5824.5,count,0.113486,447.927,793.199,2341.352,446.178,0.190564,642.044,1.0,67,1756967.7,5917297.7
671,4,0.128184,0.1068,4,50,Mount Eden Road,16094.0,8047.0,count,0.096868,618.846,935.396,2761.087,449.451,0.16278,783.132,1.0,68,1756995.8,5917396.6
672,3,0.183192,0.1527,4,50,Mount Eden Road,10569.0,5284.5,count,0.096,406.399,608.774,1796.969,449.451,0.250116,456.51,1.0,68,1757012.4,5917524.0
673,2,0.031007999999999997,0.0258,4,50,Mount Eden Road,11677.0,5838.5,propagated,0.109874,449.004,769.799,2272.281,449.451,0.197797,617.535,1.0,68,1757055.3,5917602.3
674,3,0.095016,0.0792,4,50,Mount Eden Road,11677.0,5838.5,count,0.109874,449.004,769.799,2272.281,452.586,0.199177,616.473,1.0,69,1757057.0,5917655.0
675,2,0.10922399999999999,0.091,4,50,Mount Eden Road,12494.0,6247.0,count,0.106611,480.419,799.199,2359.063,452.586,0.19185,645.873,1.0,69,1757054.1,5917739.7
676,2,0.04255199999999999,0.0355,4,50,Mount Eden Road,22886.0,11443.0,propagated,0.096,880.012,1318.234,3891.142,452.586,0.116312,1164.908,1.0,69,1757047.0,5917802.3
677,5,0.055836,0.0465,4,50,Mount Eden Road,22886.0,11443.0,count,0.096,880.012,1318.234,3891.142,455.86,0.117153,1163.799,1.0,70,1757053.3,5917843.1
678,2,0.055428,0.0462,4,50,Mount Eden Road,22886.0,11443.0,propagated,0.096,880.012,1318.234,3891.142,459.29,0.118035,1162.637,1.0,71,1757049.1,5917888.5
679,2,0.092004,0.0767,4,50,Mount Eden Road,10411.0,5205.5,propagated,0.096,400.324,599.674,1770.108,459.29,0.25947,444.077,1.0,71,1757014.1,5917938.4
680,1,0.059736,0.0498,4,50,Mount Eden Road,10411.0,5205.5,count,0.096,400.324,599.674,1770.108,463.524,0.261862,442.642,1.0,72,1756975.5,5917988.9
681,3,0.031967999999999996,0.0266,4,50,Mount Eden Road,9262.0,4631.0,count,0.095444,356.142,530.401,1565.629,463.524,0.296062,373.369,1.0,72,1756952.9,5918019.7
682,2,0.07575599999999999,0.0631,4,50,Mount Eden Road,14580.0,7290.0,count,0.097805,560.63,855.598,2525.541,467.755,0.18521,697.133,1.0,73,1756926.2,5918055.4
683,2,0.057804,0.0482,4,50,Mount Eden Road,11452.0,5726.0,count,0.099895,440.352,686.399,2026.102,467.755,0.230864,527.934,1.0,73,1756900.9,5918104.0
684,2,0.141744,0.1181,4,50,Mount Eden Road,11452.0,5726.0,propagated,0.099895,440.352,686.399,2026.102,473.974,0.233934,525.827,1.0,74,1756908.1,5918185.1
685,10,0.09845999999999999,0.082,4,50,Mount Eden Road,14066.0,7033.0,propagated,0.096,540.866,810.202,2391.541,473.974,0.198188,649.63,1.0,74,1756947.4,5918277.0
686,1,0.104844,0.0874,4,50,Mount Eden Road,14066.0,7033.0,count,0.096,540.866,810.202,2391.541,481.841,0.201477,646.965,1.0,75,1756986.9,5918351.2
687,4,0.04335599999999999,0.0361,4,50,Mount Eden Road,12297.0,6148.5,count,0.096,472.844,708.307,2090.769,489.591,0.234168,542.444,1.0,76,1757025.8,5918399.1
688,2,0.033743999999999996,0.0281,4,50,Boston Road,12191.0,6095.5,propagated,0.102945,468.768,753.001,2222.696,489.591,0.220269,587.138,1.0,76,1757047.3,5918412.5
689,2,0.083232,0.0694,4,50,Boston Road,12191.0,6095.5,propagated,0.102945,468.768,753.001,2222.696,497.717,0.223925,584.385,1.0,77,1757096.1,5918410.0
690,1,0.032976,0.0275,4,50,Boston Road,12191.0,6095.5,count,0.102945,468.768,753.001,2222.696,505.58,0.227463,581.722,1.0,78,1757144.2,5918407.5
691,2,0.032508,0.0271,4,50,Boston Road,12191.0,6095.5,propagated,0.102945,468.768,753.001,2222.696,513.162,0.230874,579.153,1.0,79,1757170.1,5918409.4
692,1,0.030168,0.0251,4,50,Nugent Street,6838.0,3419.0,propagated,0.112167,262.935,460.199,1358.408,520.66,0.383287,283.811,1.0,80,1757181.4,5918426.3
693,6,0.17491199999999998,0.1458,4,50,Nugent Street,6838.0,3419.0,count,0.112167,262.935,460.199,1358.408,542.619,0.399452,276.372,1.0,83,1757199.4,5918509.3
694,3,0.132948,0.1108,4,50,Nugent Street,6838.0,3419.0,propagated,0.112167,262.935,460.199,1358.408,549.88,0.404797,273.912,1.0,84,1757233.5,5918632.7
695,1,0.011111999999999999,0.0093,3,50,,15105.5,7552.75,default,0.096,580.837,870.077,2568.28,2.942,0.001146,869.08,1.0,1,1754401.5,5937691.4
696,3,0.3304079999999999,0.2753,3,50,Glenvar Road,10808.0,5404.0,count,0.096,415.589,622.541,1837.607,27.895,0.01518,613.091,1.0,8,1754307.0,5937590.8
697,1,0.066048,0.055,3,50,Glenvar Road,10808.0,5404.0,propagated,0.096,415.589,622.541,1837.607,31.276,0.01702,611.945,1.0,9,1754201.2,5937463.8
698,3,0.38606399999999996,0.3217,3,50,Glenvar Road,12270.0,6135.0,count,0.096,471.806,706.752,2086.179,31.276,0.014992,696.156,1.0,9,1754091.6,5937310.8
699,6,0.296844,0.2474,3,50,Glenvar Road,8872.0,4436.0,count,0.096,341.146,511.027,1508.441,31.276,0.020734,500.431,1.0,9,1753953.8,5937069.7
700,2,0.325308,0.2711,3,50,Glenvar Road,9280.0,4640.0,count,0.096,356.835,534.528,1577.811,31.276,0.019822,523.932,1.0,9,1753788.2,5936874.7
701,2,0.03048,0.0254,3,50,Glenvar Road,9280.0,4640.0,propagated,0.096,356.835,534.528,1577.811,34.429,0.021821,522.864,1.0,10,1753787.0,5936747.4
702,3,0.15717599999999998,0.131,1,50,East Coast Road,12864.0,6432.0,propagated,0.096,494.647,740.966,2187.172,44.51,0.02035,725.887,1.0,13,1753831.0,5936694.0
703,10,0.392688,0.3272,1,50,East Coast Road,20086.0,10043.0,count,0.096,772.347,1156.954,3415.079,44.51,0.013033,1141.875,1.0,13,1753934.0,5936493.0
704,9,0.37037999999999993,0.3087,1,50,East Coast Road,20787.0,10393.5,count,0.096,799.302,1197.331,3534.263,44.51,0.012594,1182.252,1.0,13,1754118.1,5936246.1
705,1,0.18781199999999998,0.1565,2,50,East Coast Road,20787.0,10393.5,propagated,0.096,799.302,1197.331,3534.263,44.51,0.012594,1182.252,1.0,13,1754261.7,5936066.4
706,1,0.102528,0.0854,2,50,Oteha Valley Road,21451.0,10725.5,propagated,0.096,824.834,1235.578,3647.16,44.51,0.012204,1220.499,1.0,13,1754266.3,5935969.1
707,1,0.035628,0.0297,2,50,Oteha Valley Road,21451.0,10725.5,propagated,0.096,824.834,1235.578,3647.16,206.247,0.05655,1165.706,1.0,37,1754230.9,5935924.9
708,7,0.297288,0.2477,2,50,Oteha Valley Road,26119.0,13059.5,count,0.096,1004.328,1504.454,4440.824,206.247,0.046443,1434.582,1.0,37,1754102.2,5935882.3
709,14,0.555072,0.4626,2,50,Oteha Valley Road,26797.0,13398.5,count,0.096,1030.398,1543.507,4556.1,206.247,0.045268,1473.635,1.0,37,1753847.1,5935657.9
710,12,0.50898,0.4241,2,50,Oteha Valley Road,28288.0,14144.0,count,0.096,1087.73,1629.389,4809.605,206.247,0.042882,1559.517,1.0,37,1753475.8,5935438.9
711,7,0.299232,0.2494,2,50,Oteha Valley Road,30197.0,15098.5,count,0.096,1161.135,1739.347,5134.177,206.247,0.040171,1669.475,1.0,37,1753243.9,5935195.2
712,3,0.14199599999999998,0.1183,2,50,Oteha Valley Road,34149.0,17074.5,count,0.096,1313.097,1966.982,5806.106,206.247,0.035522,1897.11,1.0,37,1753096.6,5935085.3
713,1,0.075072,0.0626,2,50,Entry 410 Oteha Valley Road,21954.0,10977.0,propagated,0.096,844.175,1264.55,3732.679,206.247,0.055254,1194.678,1.0,37,1753031.3,5935024.8
714,4,0.279792,0.4663,2,100,Entry 410 Oteha Valley Road,21954.0,10977.0,propagated,0.096,844.175,1264.55,3732.679,206.247,0.055254,1194.678,1.0,37,1753055.2,5934763.9
715,5,0.31332000000000004,0.5222,0,100,Northern Motorway,70486.0,35243.0,count,0.096,2710.328,4059.994,11984.226,206.247,0.01721,3990.122,1.0,37,1753124.5,5934275.5
716,5,0.292398,0.4873,0,100,Northern Motorway,71108.0,35554.0,count,0.096,2734.245,4095.821,12089.98,206.247,0.017059,4025.949,1.0,37,1753159.1,5933772.2
717,7,0.24486600000000003,0.4081,0,100,Northern Motorway,53136.0,26568.0,count,0.096,2043.185,3060.634,9034.331,206.247,0.022829,2990.762,1.0,37,1753277.5,5933341.9
718,4,0.23332199999999997,0.3889,0,100,Northern Motorway,63308.0,31654.0,count,0.096,2434.319,3646.541,10763.802,206.247,0.019161,3576.669,1.0,37,1753436.2,5932976.3
719,2,0.062411999999999995,0.104,0,100,Northern Motorway,63308.0,31654.0,propagated,0.096,2434.319,3646.541,10763.802,211.258,0.019627,3574.971,1.0,38,1753508.3,5932740.5
720,9,0.5658719999999999,0.9431,0,100,Northern Motorway,97194.0,48597.0,count,0.096,3737.304,5598.374,16525.192,211.258,0.012784,5526.804,1.0,38,1753629.7,5932232.3
721,6,0.137742,0.2296,0,100,Northern Motorway,76398.0,38199.0,propagated,0.096,2937.656,4400.525,12989.4,211.258,0.016264,4328.955,1.0,38,1753888.3,5931707.4
722,1,0.029176923076923076,0.0379,0,78,Upper Harbour Motorway,100374.0,50187.0,default,0.096,3859.581,5781.542,17065.864,211.258,0.012379,5709.972,1.0,38,1753947.1,5931590.5
723,2,0.03294,0.0274,3,50,Tristram Avenue,30885.0,15442.5,propagated,0.096,1187.59,1778.976,5251.153,8.34,0.001588,1776.151,1.0,1,1755552.5,5929034.8
724,1,0.014868,0.0124,3,50,Exit 417 Tristram Avenue,16629.0,8314.5,count,0.096,639.418,957.83,2827.307,17.4,0.006154,951.935,1.0,2,1755568.1,5929033.6
725,1,0.035676,0.0297,3,50,Entry 417 Tristram Avenue,29098.0,14549.0,count,0.096,1118.876,1676.045,4947.323,25.691,0.005193,1667.341,1.0,3,1755575.6,5929014.0
726,1,0.04694399999999999,0.0391,3,50,Entry 417 Tristram Avenue,29098.0,14549.0,propagated,0.096,1118.876,1676.045,4947.323,90.082,0.018208,1645.527,1.0,15,1755586.7,5928981.6
727,3,0.08624399999999999,0.1437,3,100,Entry 417 Tristram Avenue,29098.0,14549.0,propagated,0.096,1118.876,1676.045,4947.323,90.082,0.018208,1645.527,1.0,15,1755614.5,5928894.4
728,1,0.28401,0.4734,3,100,Entry 417 Tristram Avenue,29098.0,14549.0,propagated,0.096,1118.876,1676.045,4947.323,99.5,0.020112,1642.337,1.0,16,1755731.0,5928609.3
729,3,0.18126,0.3021,0,100,Northern Motorway,120414.0,60207.0,propagated,0.096,4630.159,6935.846,20473.121,151.597,0.007405,6884.488,1.0,31,1755892.6,5928257.7
730,3,0.303498,0.5058,0,100,Northern Motorway,120414.0,60207.0,count,0.096,4630.159,6935.846,20473.121,441.91,0.021585,6786.137,1.0,81,1756067.5,5927893.7
731,4,0.5086919999999999,0.8478,0,100,Northern Motorway,102380.0,51190.0,count,0.096,3936.716,5897.088,17406.931,441.91,0.025387,5747.379,1.0,81,1756360.7,5927283.8
732,4,0.19540799999999997,0.3257,0,100,Northern Motorway,102380.0,51190.0,propagated,0.096,3936.716,5897.088,17406.931,685.731,0.039394,5664.777,1.0,129,1756623.0,5926759.2
733,5,0.4853639999999999,0.8089,0,100,Northern Motorway,110956.0,55478.0,count,0.096,4266.48,6391.066,18865.048,685.731,0.036349,6158.755,1.0,129,1756950.4,5926296.4
734,2,0.18948600000000002,0.3158,0,100,Northern Motorway,110956.0,55478.0,propagated,0.096,4266.48,6391.066,18865.048,740.803,0.039269,6140.098,1.0,143,1757151.7,5925786.3
735,5,0.5688,0.948,0,100,Northern Motorway,139980.0,69990.0,count,0.096,5382.511,8062.848,23799.787,886.72,0.037257,7762.447,1.0,177,1756935.3,5925198.4
736,10,0.471114,0.7852,0,100,Northern Motorway,132852.0,66426.0,count,0.096,5108.425,7652.275,22587.864,886.72,0.039256,7351.874,1.0,177,1756408.0,5924511.3
737,1,0.04032,0.0538,0,80,Northern Motorway,132852.0,66426.0,propagated,0.096,5108.425,7652.275,22587.864,886.72,0.039256,7351.874,1.0,177,1756192.0,5924155.6
738,6,0.5723925000000001,0.7632,0,80,Northern Motorway,170348.0,85174.0,propagated,0.096,6550.221,9812.045,28963.039,886.72,0.030616,9511.644,1.0,177,1756103.4,5923756.7
739,7,0.8006025,1.0675,0,80,Northern Motorway,164294.0,82147.0,count,0.096,6317.433,9463.334,27933.72,886.72,0.031744,9162.933,1.0,177,1755897.6,5922894.8
740,10,0.7734675,1.0313,0,80,Northern Motorway,154862.0,77431.0,count,0.096,5954.754,8920.051,26330.066,886.72,0.033677,8619.65,1.0,177,1755388.6,5921977.2
741,1,0.26529,0.3537,0,80,Northern Motorway,137376.0,68688.0,count,0.096,5282.382,7912.858,23357.049,886.72,0.037964,7612.457,1.0,177,1755569.3,5921417.0
742,2,0.275175,0.3669,0,80,Northern Motorway,112326.0,56163.0,propagated,0.096,4319.159,6469.978,19097.979,886.72,0.04643,6169.577,1.0,177,1755809.6,5921165.5
743,1,0.0517425,0.069,1,80,Northern Motorway,112326.0,56163.0,propagated,0.096,4319.159,6469.978,19097.979,886.72,0.04643,6169.577,1.0,177,1756014.5,5921094.6
744,6,0.138465,0.1846,1,80,Exit 424A Fanshawe Street,25184.0,12592.0,count,0.096,968.375,1450.598,4281.852,893.628,0.208701,1147.856,1.0,178,1756120.3,5921025.2
745,3,0.22469999999999998,0.1872,4,50,Don McKinnon Drive,9768.0,4884.0,propagated,0.096,375.599,562.637,1660.783,22.588,0.013601,554.985,1.0,5,1752674.3,5933623.6
746,1,0.006971999999999999,0.0058,4,50,Don McKinnon Drive,9768.0,4884.0,propagated,0.096,375.599,562.637,1660.783,32.531,0.019588,551.616,1.0,7,1752584.5,5933591.1
747,9,0.35709599999999997,0.2976,4,50,Mercari Way,10408.0,5204.0,default,0.096,400.208,599.501,1769.598,32.531,0.018383,588.48,1.0,7,1752569.2,5933441.7
748,3,0.2998725,0.3998,2,80,Albany Expressway,57542.0,28771.0,count,0.096,2212.605,3314.419,9783.45,145.629,0.014885,3265.083,1.0,31,1752721.1,5933244.8
749,5,0.28699500000000006,0.3827,2,80,Albany Expressway,28436.0,14218.0,count,0.096,1093.421,1637.914,4834.769,145.629,0.030121,1588.578,1.0,31,1753103.4,5933163.6
750,1,0.0104925,0.014,2,80,Greville Road,23323.0,11661.5,propagated,0.096,896.816,1343.405,3965.442,145.629,0.036725,1294.069,1.0,31,1753268.0,5933067.6
751,1,0.03993000000000001,0.0133,4,20,Hospital Road,11437.0,5718.5,propagated,0.096,439.776,658.771,1944.55,6.676,0.003433,656.509,1.0,2,1763577.1,5907961.0
752,9,0.6516,0.543,4,50,Hospital Road,11437.0,5718.5,count,0.096,439.776,658.771,1944.55,6.676,0.003433,656.509,1.0,2,1763452.7,5908210.0
753,2,0.1032,0.086,2,50,Mangere Road,30299.0,15149.5,count,0.096,1165.057,1745.222,5151.519,51.738,0.010043,1727.694,1.0,15,1763418.6,5908507.2
754,4,0.158772,0.1323,2,50,Mangere Road,28433.0,14216.5,count,0.096,1093.306,1637.741,4834.258,51.738,0.010702,1620.213,1.0,15,1763476.2,5908599.5
755,2,0.047028,0.0392,2,50,Mangere Road,28433.0,14216.5,propagated,0.096,1093.306,1637.741,4834.258,54.755,0.011326,1619.191,1.0,16,1763521.0,5908672.6
756,6,0.316392,0.2637,2,50,Mangere Road,30645.0,15322.5,count,0.096,1178.362,1765.152,5210.348,54.755,0.010509,1746.602,1.0,16,1763601.6,5908800.8
757,7,0.321936,0.2683,3,50,Walmsley Road,21792.0,10896.0,propagated,0.096,837.946,1255.219,3705.136,54.755,0.014778,1236.669,1.0,16,1763604.5,5908990.4
758,5,0.23733600000000002,0.1978,3,50,Walmsley Road,21792.0,10896.0,propagated,0.096,837.946,1255.219,3705.136,58.47,0.015781,1235.411,1.0,17,1763446.4,5909160.9
759,2,0.07464,0.0622,3,50,Walmsley Road,21792.0,10896.0,propagated,0.096,837.946,1255.219,3705.136,101.958,0.027518,1220.678,1.0,27,1763361.5,5909258.6
760,5,0.24213599999999996,0.2018,3,50,Walmsley Road,21792.0,10896.0,count,0.096,837.946,1255.219,3705.136,106.853,0.028839,1219.02,1.0,28,1763343.2,5909388.9
761,3,0.06375600000000001,0.0531,3,50,Walmsley Road,22538.0,11269.0,count,0.096,866.631,1298.189,3831.974,106.853,0.027885,1261.99,1.0,28,1763331.0,5909515.7
762,6,0.38219999999999993,0.3185,3,50,Saleyards Road,16839.0,8419.5,count,0.096,647.493,969.926,2863.012,111.25,0.038858,932.237,1.0,29,1763311.7,5909700.3
763,1,0.058775999999999995,0.049,3,50,Saleyards Road,16839.0,8419.5,propagated,0.096,647.493,969.926,2863.012,114.34,0.039937,931.19,1.0,30,1763293.5,5909883.3
764,7,0.32772,0.2731,3,50,Saleyards Road,16638.0,8319.0,propagated,0.082883,639.764,827.404,2442.318,114.34,0.046816,788.668,1.0,30,1763283.1,5910043.8
765,5,0.19907999999999998,0.1659,3,50,Saleyards Road,16638.0,8319.0,count,0.082883,639.764,827.404,2442.318,117.573,0.04814,787.573,1.0,31,1763317.1,5910260.5
766,2,0.10919999999999999,0.091,3,50,Saleyards Road,16638.0,8319.0,propagated,0.082883,639.764,827.404,2442.318,121.272,0.049654,786.32,1.0,32,1763377.8,5910373.9
767,5,0.271344,0.2261,3,50,Saleyards Road,16638.0,8319.0,propagated,0.082883,639.764,827.404,2442.318,124.724,0.051068,785.15,1.0,33,1763441.1,5910517.2
768,2,0.021203999999999997,0.0177,3,50,Portage Road,7134.0,3567.0,propagated,0.096,274.317,410.918,1212.941,124.724,0.102828,368.664,1.0,33,1763441.0,5910633.6
769,2,0.081456,0.0679,3,50,Great South Road,8462.0,4231.0,propagated,0.096,325.381,487.411,1438.732,124.724,0.08669,445.157,1.0,33,1763476.1,5910657.6
770,2,0.06643199999999999,0.0554,2,50,Great South Road,8462.0,4231.0,propagated,0.096,325.381,487.411,1438.732,132.009,0.091754,442.689,1.0,35,1763476.2,5910716.1
771,3,0.09228,0.0769,2,50,Great South Road,21173.0,10586.5,propagated,0.096,814.144,1219.565,3599.893,132.009,0.03667,1174.843,1.0,35,1763461.2,5910780.5
772,17,0.8251080000000001,0.6876,2,50,Great South Road,21173.0,10586.5,count,0.096,814.144,1219.565,3599.893,134.831,0.037454,1173.887,1.0,36,1763405.7,5911158.8
773,2,0.039216,0.0327,2,50,Great South Road,21173.0,10586.5,propagated,0.096,814.144,1219.565,3599.893,138.431,0.038454,1172.668,1.0,37,1763318.0,5911505.8
774,22,0.48018,0.4002,2,50,Great South Road,11828.0,5914.0,propagated,0.096,454.81,681.293,2011.03,138.431,0.068836,634.396,1.0,37,1763268.6,5911716.1
775,14,0.5084879999999999,0.4237,2,50,Great South Road,11828.0,5914.0,count,0.096,454.81,681.293,2011.03,151.104,0.075138,630.102,1.0,40,1763025.2,5912043.7
776,11,0.518952,0.4325,2,50,Great South Road,24140.0,12070.0,count,0.096,928.231,1390.464,4104.35,151.104,0.036816,1339.273,1.0,40,1762792.0,5912403.0
777,12,0.30156,0.2513,2,50,Great South Road,21219.0,10609.5,propagated,0.096187,815.913,1224.595,3614.74,151.104,0.041802,1173.404,1.0,40,1762585.4,5912673.7
778,1,0.018264,0.0152,2,50,Great South Road,19276.0,9638.0,propagated,0.096,741.201,1110.298,3277.36,151.104,0.046105,1059.107,1.0,40,1762498.0,5912773.7
779,1,0.027528,0.0229,2,50,South Eastern Highway,56278.0,28139.0,propagated,0.096,2164.002,3241.613,9568.542,256.615,0.026819,3154.677,1.0,63,1762500.0,5912787.5
780,1,0.035747999999999995,0.0298,2,50,South Eastern Highway,56278.0,28139.0,count,0.096,2164.002,3241.613,9568.542,267.285,0.027934,3151.063,1.0,66,1762518.5,5912806.8
781,2,0.05244,0.0699,2,80,South Eastern Highway,33714.0,16857.0,count,0.096,1296.371,1941.926,5732.146,267.285,0.046629,1851.376,1.0,66,1762553.1,5912842.7
782,1,0.024315000000000003,0.0324,2,80,Entry 437 South Eastern Highway,34672.0,17336.0,propagated,0.096,1333.208,1997.107,5895.029,267.285,0.045341,1906.557,1.0,66,1762588.5,5912879.1
783,4,0.10610250000000002,0.1415,2,80,Entry 437 South Eastern Highway,34672.0,17336.0,propagated,0.096,1333.208,1997.107,5895.029,271.216,0.046008,1905.225,1.0,67,1762648.6,5912938.9
784,3,0.182004,0.3033,2,100,Entry 437 South Eastern Highway,34672.0,17336.0,propagated,0.096,1333.208,1997.107,5895.029,274.819,0.046619,1904.004,1.0,68,1762501.8,5913101.9
785,1,0.04974,0.0414,3,50,Jellicoe Road,16615.0,8307.5,propagated,0.096,638.88,957.024,2824.928,18.502,0.00655,950.756,1.0,3,1765010.1,5914921.2
786,1,0.034404,0.0287,3,50,Jellicoe Road,16615.0,8307.5,propagated,0.096,638.88,957.024,2824.928,25.199,0.00892,948.487,1.0,4,1765001.4,5914887.5
787,3,0.038244,0.0319,3,50,Jellicoe Road,4412.0,2206.0,propagated,0.096,169.65,254.131,750.14,25.199,0.033592,245.594,1.0,4,1764992.7,5914859.3
788,1,0.05262,0.0438,3,50,Jellicoe Road,4191.0,2095.5,propagated,0.096,161.152,241.402,712.567,25.199,0.035364,232.865,1.0,4,1764981.4,5914823.5
789,3,0.07237199999999999,0.0603,3,50,Jellicoe Road,4191.0,2095.5,count,0.096,161.152,241.402,712.567,31.914,0.044787,230.59,1.0,5,1764967.9,5914772.7
790,3,0.03149999999999999,0.0262,3,50,Queens Road,26942.0,13471.0,propagated,0.096,1035.974,1551.859,4580.753,53.154,0.011604,1533.852,1.0,8,1764941.3,5914741.9
791,7,0.26439599999999996,0.2203,3,50,Ellerslie-Panmure Highway,20956.0,10478.0,count,0.096,805.8,1207.066,3562.998,154.233,0.043287,1154.815,1.0,24,1764828.4,5914773.2
792,1,0.070284,0.0586,3,50,Ellerslie-Panmure Highway,20956.0,10478.0,propagated,0.096,805.8,1207.066,3562.998,202.997,0.056974,1138.295,1.0,37,1764696.4,5914818.1
793,5,0.10990799999999999,0.0916,3,50,Ellerslie-Panmure Highway,20956.0,10478.0,propagated,0.096,805.8,1207.066,3562.998,209.631,0.058836,1136.048,1.0,38,1764626.0,5914844.6
794,2,0.028415999999999997,0.0237,3,50,Ellerslie-Panmure Highway,20956.0,10478.0,propagated,0.096,805.8,1207.066,3562.998,215.575,0.060504,1134.034,1.0,39,1764571.2,5914861.9
795,2,0.06626399999999999,0.0552,3,50,Ellerslie-Panmure Highway,31465.0,15732.5,propagated,0.096,1209.892,1812.384,5349.766,221.659,0.041433,1737.291,1.0,40,1764533.5,5914873.6
796,7,0.18599999999999997,0.155,3,50,Ellerslie-Panmure Highway,31465.0,15732.5,propagated,0.096,1209.892,1812.384,5349.766,227.418,0.04251,1735.34,1.0,41,1764433.1,5914904.9
797,4,0.21702,0.1808,3,50,Ellerslie-Panmure Highway,31465.0,15732.5,count,0.096,1209.892,1812.384,5349.766,344.685,0.06443,1695.612,1.0,59,1764272.4,5914948.4
798,3,0.14835599999999996,0.1236,3,50,Ellerslie-Panmure Highway,35457.0,17728.5,count,0.096,1363.393,2042.323,6028.497,350.642,0.058164,1923.533,1.0,60,1764127.6,5914996.0
799,1,0.01626,0.0136,3,50,Ellerslie-Panmure Highway,35457.0,17728.5,propagated,0.096,1363.393,2042.323,6028.497,356.936,0.059208,1921.401,1.0,61,1764062.7,5915018.4
800,1,0.05577599999999999,0.0465,3,50,Ellerslie-Panmure Highway,35457.0,17728.5,propagated,0.096,1363.393,2042.323,6028.497,401.244,0.066558,1906.39,1.0,69,1764033.7,5915026.1
801,6,0.33718799999999993,0.281,3,50,Ellerslie-Panmure Highway,21168.0,10584.0,count,0.096,813.952,1219.277,3599.043,401.244,0.111486,1083.344,1.0,69,1763877.0,5915071.8
802,11,0.611664,0.5097,3,50,Ellerslie-Panmure Highway,20811.0,10405.5,count,0.096,800.225,1198.714,3538.345,401.244,0.113399,1062.781,1.0,69,1763485.6,5915032.7
803,6,0.127776,0.1065,3,50,Ellerslie-Panmure Highway,21920.0,10960.0,propagated,0.096,842.868,1262.592,3726.899,401.244,0.107662,1126.659,1.0,69,1763179.8,5915006.1
804,7,0.484776,0.404,3,50,Ellerslie-Panmure Highway,21920.0,10960.0,count,0.096,842.868,1262.592,3726.899,404.418,0.108513,1125.584,1.0,70,1762924.8,5914998.3
805,1,0.023363999999999996,0.0195,3,50,Harrison Road,15105.5,7552.75,default,0.096,580.837,870.077,2568.28,404.418,0.157466,733.069,1.0,70,1762719.6,5914945.9
806,3,0.11134799999999999,0.0928,3,50,Ellerslie-Panmure Highway,24234.0,12117.0,propagated,0.096,931.846,1395.878,4120.331,404.418,0.098152,1258.87,1.0,70,1762665.3,5914931.7
807,1,0.03204,0.0267,3,50,Ellerslie-Panmure Highway,24234.0,12117.0,propagated,0.096,931.846,1395.878,4120.331,407.466,0.098892,1257.837,1.0,71,1762608.0,5914915.9
808,3,0.11868,0.0989,3,50,Ellerslie-Panmure Highway,24234.0,12117.0,count,0.096,931.846,1395.878,4120.331,410.619,0.099657,1256.769,1.0,72,1762547.5,5914899.3
809,1,0.02172,0.0181,3,50,Ellerslie-Panmure Highway,24234.0,12117.0,propagated,0.096,931.846,1395.878,4120.331,413.983,0.100473,1255.63,1.0,73,1762491.1,5914883.7
810,2,0.124236,0.1035,3,50,Ellerslie-Panmure Highway,22800.0,11400.0,count,0.096,876.706,1313.28,3876.519,413.983,0.106792,1173.032,1.0,73,1762432.4,5914867.7
811,1,0.01308,0.0109,3,50,Ellerslie-Panmure Highway,23555.0,11777.5,count,0.096,905.737,1356.768,4004.886,413.983,0.103369,1216.52,1.0,73,1762377.3,5914852.6
812,3,0.15351599999999999,0.1279,3,50,Main Highway,25523.0,12761.5,count,0.096,981.41,1470.125,4339.492,413.983,0.095399,1329.877,1.0,73,1762310.9,5914833.3
813,1,0.090336,0.0753,3,50,Main Highway,25523.0,12761.5,propagated,0.096,981.41,1470.125,4339.492,417.286,0.09616,1328.758,1.0,74,1762214.1,5914803.2
814,2,0.04278,0.0356,3,50,Main Highway,25523.0,12761.5,propagated,0.096,981.41,1470.125,4339.492,421.123,0.097044,1327.458,1.0,75,1762165.5,5914776.2
815,5,0.297108,0.2476,3,50,Main Highway,25597.0,12798.5,count,0.096,984.256,1474.387,4352.072,424.915,0.097635,1330.435,1.0,76,1762029.5,5914765.9
816,3,0.079452,0.0662,3,50,Main Highway,25597.0,12798.5,propagated,0.096,984.256,1474.387,4352.072,429.291,0.098641,1328.953,1.0,77,1761883.3,5914732.3
817,3,0.082248,0.0685,3,50,Main Highway,12840.0,6420.0,propagated,0.096,493.724,739.584,2183.092,429.291,0.196644,594.15,1.0,77,1761821.5,5914705.8
818,4,0.186324,0.1553,3,50,Main Highway,12840.0,6420.0,propagated,0.096,493.724,739.584,2183.092,434.408,0.198987,592.416,1.0,78,1761718.3,5914662.0
819,4,0.46437599999999996,0.387,3,50,Main Highway,12840.0,6420.0,propagated,0.096,493.724,739.584,2183.092,474.695,0.217442,578.768,1.0,85,1761511.2,5914503.1
820,1,0.010284,0.0086,3,50,Main Highway,12840.0,6420.0,propagated,0.096,493.724,739.584,2183.092,480.659,0.220173,576.747,1.0,86,1761422.9,5914331.9
821,1,0.073296,0.0611,3,50,Exit 435 Ellerslie Panmure Highway,23016.0,11508.0,propagated,0.096,885.011,1325.722,3913.245,480.659,0.122829,1162.885,1.0,86,1761392.7,5914346.4
822,3,0.204198,0.3403,3,100,Exit 435 Ellerslie Panmure Highway,23016.0,11508.0,count,0.096,885.011,1325.722,3913.245,487.69,0.124625,1160.503,1.0,87,1761288.9,5914517.9
823,3,0.203376,0.1695,3,50,Beach Road,8154.0,4077.0,propagated,0.114177,313.538,558.6,1648.867,11.187,0.006785,554.81,1.0,2,1756233.5,5936140.5
824,1,0.0822,0.0685,3,50,Beach Road,17126.0,8563.0,propagated,0.096,658.529,986.458,2911.811,11.187,0.003842,982.668,1.0,2,1756136.3,5936072.6
825,1,0.03732,0.0311,3,50,Beach Road,17126.0,8563.0,propagated,0.096,658.529,986.458,2911.811,19.505,0.006699,979.85,1.0,3,1756103.6,5936034.8
826,1,0.123144,0.1026,3,50,Beach Road,17126.0,8563.0,propagated,0.096,658.529,986.458,2911.811,27.889,0.009578,977.01,1.0,4,1756050.3,5935994.4
827,1,0.009167999999999999,0.0076,3,50,Beach Road,17126.0,8563.0,propagated,0.096,658.529,986.458,2911.811,36.914,0.012677,973.952,1.0,5,1756004.6,5935963.5
828,1,0.06084,0.0507,3,50,Beach Road,17126.0,8563.0,propagated,0.096,658.529,986.458,2911.811,46.042,0.015812,970.86,1.0,6,1755983.6,5935943.3
829,5,0.30034799999999995,0.2503,3,50,Beach Road,17126.0,8563.0,propagated,0.096,658.529,986.458,2911.811,55.678,0.019121,967.596,1.0,7,1755887.3,5935828.0
830,1,0.015576,0.013,4,50,Carlisle Road,5635.0,2817.5,propagated,0.096,216.677,324.576,958.078,65.303,0.06816,302.453,1.0,8,1755816.6,5935724.4
831,2,0.283092,0.2359,4,50,Carlisle Road,5635.0,2817.5,count,0.096,216.677,324.576,958.078,75.246,0.078538,299.084,1.0,9,1755713.8,5935793.8
832,3,0.248832,0.2074,4,50,Carlisle Road,7690.0,3845.0,count,0.096,295.696,442.944,1307.475,84.038,0.064275,414.474,1.0,10,1755501.1,5935833.8
833,2,0.025751999999999997,0.0215,4,50,Carlisle Road,14867.0,7433.5,propagated,0.096,571.666,856.339,2527.728,84.038,0.033246,827.869,1.0,10,1755423.3,5935916.6
834,4,0.307824,0.2565,4,50,Carlisle Road,14867.0,7433.5,count,0.096,571.666,856.339,2527.728,149.914,0.059308,805.551,1.0,19,1755293.5,5935948.9
835,2,0.217944,0.1816,4,50,Carlisle Road,14867.0,7433.5,propagated,0.096,571.666,856.339,2527.728,153.916,0.060891,804.196,1.0,20,1755085.3,5935885.3
836,3,0.378276,0.3152,4,50,Carlisle Road,17705.0,8852.5,count,0.096,680.793,1019.808,3010.253,153.916,0.051131,967.665,1.0,20,1754852.8,5935940.5
837,1,0.051804,0.0432,4,50,Carlisle Road,15683.0,7841.5,propagated,0.096,603.043,903.341,2666.468,153.916,0.057723,851.198,1.0,20,1754681.2,5935946.4
838,2,0.132876,0.1107,4,50,Carlisle Road,15683.0,7841.5,count,0.096,603.043,903.341,2666.468,156.685,0.058761,850.26,1.0,21,1754605.4,5935950.6
839,4,0.18774,0.1564,4,50,Carlisle Road,19773.0,9886.5,count,0.096,760.311,1138.925,3361.861,156.685,0.046607,1085.844,1.0,21,1754474.7,5935976.9
840,5,0.08567999999999999,0.0714,4,50,Carlisle Road,19773.0,9886.5,propagated,0.096,760.311,1138.925,3361.861,158.631,0.047185,1085.184,1.0,22,1754362.4,5935996.5
841,1,0.012564,0.0105,2,50,Oteha Valley Road,21451.0,10725.5,propagated,0.096,824.834,1235.578,3647.16,160.429,0.043987,1181.228,1.0,23,1754321.7,5935992.9
842,5,0.11298,0.0942,2,50,Oteha Valley Road,21451.0,10725.5,count,0.096,824.834,1235.578,3647.16,161.738,0.044346,1180.785,1.0,24,1754277.2,5935966.4
843,2,0.10296,0.0858,4,50,Stoddard Road,17526.0,8763.0,propagated,0.096,673.91,1009.498,2979.82,5.886,0.001975,1007.504,1.0,1,1753378.0,5914768.4
844,3,0.16121999999999997,0.1344,4,50,Stoddard Road,17526.0,8763.0,propagated,0.096,673.91,1009.498,2979.82,11.51,0.003863,1005.599,1.0,2,1753288.5,5914832.6
845,6,0.15768,0.1314,4,50,Richardson Road,8893.0,4446.5,propagated,0.10199,341.954,544.198,1606.355,19.29,0.012009,537.663,1.0,4,1753226.1,5914800.0
846,1,0.011004,0.0092,4,50,Richardson Road,8893.0,4446.5,propagated,0.10199,341.954,544.198,1606.355,24.837,0.015462,535.784,1.0,5,1753220.8,5914730.1
847,2,0.053832,0.0449,4,50,Richardson Road,9747.0,4873.5,propagated,0.108546,374.792,634.799,1873.79,24.837,0.013255,626.385,1.0,5,1753218.5,5914703.0
848,1,0.07014,0.1169,1,100,Exit 19 Maioro Street,23126.0,11563.0,default,0.096,889.241,1332.058,3931.948,66.227,0.016843,1309.622,1.0,11,1753167.7,5914712.4
849,22,0.8630039999999999,1.4383,0,100,Southwestern Motorway,74072.0,37036.0,default,0.096,2848.217,4266.547,12593.926,66.227,0.005259,4244.111,1.0,11,1752464.7,5915035.2
850,2,0.028452,0.0237,3,50,New North Road,28822.0,14411.0,propagated,0.096,1108.264,1660.147,4900.396,74.968,0.015298,1634.749,1.0,13,1751998.4,5915571.3
851,1,0.030552,0.0255,3,50,Forrest Hill Road,17070.0,8535.0,propagated,0.094376,656.376,966.599,2853.192,12.804,0.004488,962.261,1.0,4,1756013.6,5929519.7
852,3,0.187224,0.156,3,50,Forrest Hill Road,18058.0,9029.0,propagated,0.094584,694.366,1024.799,3024.985,12.804,0.004233,1020.461,1.0,4,1756042.5,5929433.8
853,2,0.081348,0.0678,3,50,Forrest Hill Road,18058.0,9029.0,propagated,0.094584,694.366,1024.799,3024.985,17.453,0.00577,1018.886,1.0,5,1756078.9,5929327.7
854,2,0.10214399999999998,0.0851,3,50,Forrest Hill Road,18058.0,9029.0,count,0.094584,694.366,1024.799,3024.985,22.523,0.007446,1017.169,1.0,6,1756103.5,5929255.1
855,1,0.0423,0.0352,3,50,Tristram Avenue,18375.0,9187.5,propagated,0.096,706.556,1058.4,3124.168,22.523,0.007209,1050.77,1.0,6,1756093.5,5929205.8
856,2,0.101268,0.0844,3,50,Tristram Avenue,18375.0,9187.5,count,0.096,706.556,1058.4,3124.168,36.941,0.011824,1045.885,1.0,9,1756038.8,5929184.7
857,2,0.22254000000000002,0.1854,3,50,Tristram Avenue,20697.0,10348.5,count,0.096,795.841,1192.147,3518.961,36.941,0.010498,1179.632,1.0,9,1755910.5,5929143.2
858,1,0.01986,0.0166,3,50,Tristram Avenue,20127.0,10063.5,propagated,0.096,773.923,1159.315,3422.048,46.375,0.013552,1143.604,1.0,10,1755814.0,5929112.3
859,2,0.196788,0.164,3,50,Tristram Avenue,20127.0,10063.5,count,0.096,773.923,1159.315,3422.048,56.025,0.016372,1140.335,1.0,11,1755730.1,5929080.1
860,1,0.11312399999999999,0.0943,3,50,Entry 417 Tristram Avenue,29098.0,14549.0,propagated,0.096,1118.876,1676.045,4947.323,56.025,0.011324,1657.065,1.0,11,1755609.8,5929035.5
861,3,0.118956,0.0991,2,50,Great North Road,10947.0,5473.5,count,0.096,420.934,630.547,1861.239,12.538,0.006736,626.299,1.0,3,1756187.5,5919200.0
862,1,0.028475999999999998,0.0237,2,50,Great North Road,14866.0,7433.0,count,0.096,571.627,856.282,2527.56,12.538,0.004961,852.034,1.0,3,1756231.7,5919242.8
863,2,0.0141,0.0118,2,50,Karangahape Road,20667.0,10333.5,propagated,0.074467,794.687,923.406,2725.695,18.123,0.006649,917.266,1.0,4,1756244.6,5919255.1
864,1,0.050783999999999996,0.0423,4,50,Moire Road,5436.0,2718.0,propagated,0.096,209.025,313.114,924.245,45.846,0.049604,297.582,1.0,12,1744705.2,5922814.1
865,5,0.30996,0.2583,4,50,Moire Road,10670.0,5335.0,count,0.096,410.283,614.592,1814.143,45.846,0.025271,599.06,1.0,12,1744653.4,5922672.7
866,5,0.113004,0.0942,4,50,Moire Road,10562.0,5281.0,count,0.096,406.13,608.371,1795.78,52.109,0.029017,590.718,1.0,13,1744611.5,5922502.6
867,1,0.0075239999999999994,0.0063,4,50,Royal Road,10678.0,5339.0,count,0.096,410.59,615.053,1815.504,58.727,0.032347,595.158,1.0,14,1744581.0,5922467.1
868,3,0.029064,0.0242,4,50,Royal Road,10678.0,5339.0,propagated,0.096,410.59,615.053,1815.504,65.345,0.035993,592.916,1.0,15,1744571.3,5922478.7
869,1,0.105456,0.0879,4,50,Entry 18 Royal Road,19566.0,9783.0,propagated,0.096,752.352,1127.002,3326.667,65.345,0.019643,1104.865,1.0,15,1744522.5,5922502.0
870,2,0.051828,0.0432,4,50,Entry 18 Royal Road,19566.0,9783.0,propagated,0.096,752.352,1127.002,3326.667,71.818,0.021589,1102.672,1.0,16,1744477.6,5922461.3
871,2,0.22419599999999998,0.3737,4,100,Entry 18 Royal Road,19566.0,9783.0,propagated,0.096,752.352,1127.002,3326.667,71.818,0.021589,1102.672,1.0,16,1744462.3,5922256.3
872,9,0.7665720000000001,1.2776,0,100,Northwestern Motorway,75722.0,37861.0,count,0.096,2911.662,4361.587,12874.464,168.319,0.013074,4304.564,1.0,43,1744686.5,5921486.3
873,7,0.45532799999999995,0.7589,0,100,Northwestern Motorway,50590.0,25295.0,count,0.096,1945.287,2913.984,8601.452,168.319,0.019569,2856.961,1.0,43,1745429.1,5920790.0
874,3,0.0953,0.0476,3,30,Hopetoun Street,11358.0,5679.0,propagated,0.10169,436.738,692.997,2045.578,9.86,0.00482,689.657,1.0,1,1756469.8,5919519.6
875,3,0.171684,0.1431,4,50,Mahunga Drive,19314.0,9657.0,propagated,0.092679,742.662,1074.001,3170.219,14.084,0.004443,1069.23,1.0,2,1759962.3,5909266.3
876,6,0.30594,0.255,4,50,Mahunga Drive,17214.0,8607.0,count,0.110782,661.913,1144.201,3377.434,18.754,0.005553,1137.848,1.0,3,1759896.1,5909453.8
877,2,0.173028,0.1442,4,50,Mahunga Drive,17214.0,8607.0,propagated,0.110782,661.913,1144.201,3377.434,22.166,0.006563,1136.692,1.0,4,1759854.3,5909648.8
878,8,0.8354639999999999,0.6962,4,50,Mahunga Drive,16977.0,8488.5,count,0.113978,652.8,1161.003,3427.03,25.587,0.007466,1152.335,1.0,5,1759741.3,5910053.5
879,1,0.036239999999999994,0.0302,4,50,Exit 12 Mahunga Drive,23330.0,11665.0,propagated,0.096,897.085,1343.808,3966.631,25.587,0.006451,1335.14,1.0,5,1759514.1,5910278.7
880,1,0.016943999999999997,0.0141,4,50,Exit 12 Mahunga Drive,23330.0,11665.0,propagated,0.096,897.085,1343.808,3966.631,35.056,0.008838,1331.932,1.0,7,1759502.1,5910297.2
881,2,0.19521,0.3254,4,100,Exit 12 Mahunga Drive,23330.0,11665.0,count,0.096,897.085,1343.808,3966.631,35.056,0.008838,1331.932,1.0,7,1759445.2,5910457.1
882,10,0.528306,0.8805,0,100,Southwestern Motorway,125118.0,62559.0,count,0.096,4811.037,7206.797,21272.91,212.886,0.010007,7134.676,1.0,36,1759272.3,5911031.7
883,3,0.593436,0.9891,0,100,Southwestern Motorway,91588.0,45794.0,count,0.096,3521.742,5275.469,15572.046,212.886,0.013671,5203.348,1.0,36,1758602.0,5911653.5
884,4,0.347058,0.5784,0,100,Southwestern Motorway,112062.0,56031.0,count,0.096,4309.008,6454.771,19053.091,236.183,0.012396,6374.757,1.0,39,1757950.1,5912087.3
885,4,0.391176,0.326,2,50,Entry 15 Queenstown Road,24042.0,12021.0,count,0.096,924.463,1384.819,4087.687,236.183,0.057779,1304.805,1.0,39,1757559.9,5912315.4
886,3,0.03174,0.0264,2,50,Queenstown Road,6522.0,3261.0,propagated,0.096,250.784,375.667,1108.888,236.183,0.212991,295.653,1.0,39,1757456.3,5912440.3
887,1,0.043475999999999994,0.0362,2,50,Queenstown Road,6522.0,3261.0,propagated,0.096,250.784,375.667,1108.888,238.003,0.214632,295.037,1.0,40,1757447.9,5912468.7
888,6,0.243012,0.2025,3,50,Mount Albert Road,11080.0,5540.0,propagated,0.12509,426.048,831.598,2454.698,6.451,0.002628,829.413,1.0,2,1753307.2,5916243.3
889,5,0.31525200000000003,0.2627,3,50,Mount Albert Road,8010.0,4005.0,propagated,0.096,308.001,461.376,1361.882,6.451,0.004737,459.191,1.0,2,1753131.6,5916396.2
890,1,0.05052,0.0421,3,50,Mount Albert Road,8010.0,4005.0,propagated,0.096,308.001,461.376,1361.882,12.479,0.009163,457.148,1.0,3,1753016.8,5916496.2
891,3,0.11862,0.0989,3,50,Mount Albert Road,8010.0,4005.0,count,0.096,308.001,461.376,1361.882,18.542,0.013615,455.094,1.0,4,1752963.0,5916541.3
892,1,0.03922799999999999,0.0327,3,50,Mount Albert Road,8010.0,4005.0,propagated,0.096,308.001,461.376,1361.882,24.551,0.018027,453.059,1.0,5,1752913.2,5916584.0
893,1,0.033204,0.0277,3,50,Mount Albert Road,8010.0,4005.0,propagated,0.096,308.001,461.376,1361.882,31.785,0.023339,450.608,1.0,6,1752890.8,5916604.4
894,4,0.089088,0.0742,3,50,Carrington Road,9694.0,4847.0,propagated,0.091809,372.754,533.998,1576.247,48.039,0.030477,517.723,1.0,8,1752852.5,5916637.6
895,1,0.014735999999999999,0.0123,3,50,Carrington Road,9694.0,4847.0,propagated,0.091809,372.754,533.998,1576.247,55.909,0.03547,515.057,1.0,9,1752819.7,5916665.6
896,1,0.03888,0.0324,3,50,Carrington Road,9694.0,4847.0,count,0.091809,372.754,533.998,1576.247,63.7,0.040412,512.418,1.0,10,1752802.6,5916680.4
897,3,0.053003999999999996,0.0442,3,50,Carrington Road,11484.0,5742.0,count,0.097788,441.583,673.798,1988.906,63.7,0.032028,652.218,1.0,10,1752774.0,5916706.3
898,1,0.062652,0.0522,3,50,Carrington Road,17375.0,8687.5,count,0.096,668.104,1000.8,2954.146,63.7,0.021563,979.22,1.0,10,1752739.0,5916739.2
899,7,0.24275999999999998,0.2023,3,50,Carrington Road,11848.0,5924.0,count,0.096,455.579,682.445,2014.43,63.7,0.031622,660.865,1.0,10,1752644.3,5916823.9
900,2,0.04308,0.0359,3,50,Carrington Road,18290.0,9145.0,propagated,0.096,703.287,1053.504,3109.716,63.7,0.020484,1031.924,1.0,10,1752564.6,5916910.4
901,2,0.06260399999999999,0.0522,3,50,Carrington Road,18290.0,9145.0,propagated,0.096,703.287,1053.504,3109.716,81.426,0.026184,1025.919,1.0,14,1752551.9,5916952.3
902,5,0.132456,0.1104,3,50,Carrington Road,18290.0,9145.0,count,0.096,703.287,1053.504,3109.716,85.977,0.027648,1024.377,1.0,15,1752529.4,5917030.4
903,1,0.08238000000000001,0.0686,3,50,Carrington Road,18290.0,9145.0,propagated,0.096,703.287,1053.504,3109.716,90.479,0.029096,1022.852,1.0,16,1752504.4,5917116.6
904,5,0.15522,0.1294,3,50,Carrington Road,13364.0,6682.0,count,0.105507,513.873,845.997,2497.201,90.479,0.036232,815.345,1.0,16,1752487.1,5917214.3
905,4,0.151344,0.1261,3,50,Carrington Road,15468.0,7734.0,count,0.09219,594.776,855.597,2525.538,94.211,0.037303,823.68,1.0,17,1752468.0,5917340.6
906,2,0.038315999999999996,0.0319,3,50,Carrington Road,15468.0,7734.0,propagated,0.09219,594.776,855.597,2525.538,97.407,0.038569,822.598,1.0,18,1752456.2,5917418.4
907,5,0.26502000000000003,0.2208,3,50,Carrington Road,15704.0,7852.0,count,0.086729,603.85,817.195,2412.183,97.407,0.040381,784.196,1.0,18,1752437.0,5917543.4
908,4,0.315396,0.2628,3,50,Carrington Road,17100.0,8550.0,count,0.089942,657.529,922.805,2723.921,100.833,0.037018,888.645,1.0,19,1752417.6,5917784.3
909,3,0.085992,0.0717,3,50,Carrington Road,16797.0,8398.5,count,0.087813,645.878,884.997,2612.32,100.833,0.038599,850.837,1.0,19,1752408.0,5917951.0
910,2,0.059747999999999996,0.0498,3,50,Carrington Road,26599.0,13299.5,count,0.096,1022.785,1532.102,4522.434,100.833,0.022296,1497.942,1.0,19,1752403.7,5918011.5
911,1,0.05682,0.0474,1,50,Great North Road,16573.0,8286.5,propagated,0.096,637.265,954.605,2817.788,7.283,0.002585,952.138,1.0,1,1745460.6,5917243.7
912,1,0.037884,0.0316,1,50,Great North Road,10501.0,5250.5,propagated,0.096,403.784,604.858,1785.41,7.283,0.004079,602.391,1.0,1,1745496.2,5917227.1
913,9,0.21339599999999997,0.1778,1,50,Great North Road,10501.0,5250.5,count,0.096,403.784,604.858,1785.41,14.741,0.008256,599.864,1.0,2,1745599.5,5917228.4
914,1,0.013524,0.0113,1,50,Great North Road,10501.0,5250.5,propagated,0.096,403.784,604.858,1785.41,21.315,0.011938,597.637,1.0,3,1745693.1,5917234.1
915,1,0.041652,0.0347,1,50,Great North Road,25444.0,12722.0,propagated,0.096,978.373,1465.574,4326.058,21.315,0.004927,1458.353,1.0,3,1745716.5,5917233.3
916,7,0.244944,0.2041,3,50,Edmonton Road,30648.0,15324.0,propagated,0.096,1178.477,1765.325,5210.858,131.454,0.025227,1720.791,1.0,28,1745735.3,5917330.9
917,1,0.013272,0.0111,4,50,Marina View Drive,3174.0,1587.0,propagated,0.096,122.047,182.822,539.651,4.487,0.008315,181.302,1.0,1,1746262.2,5924593.9
918,9,0.2780639999999999,0.2317,4,50,Marina View Drive,3174.0,1587.0,propagated,0.096,122.047,182.822,539.651,8.745,0.016205,179.859,1.0,2,1746360.2,5924524.5
919,2,0.10952400000000001,0.0913,4,50,Marina View Drive,3174.0,1587.0,propagated,0.096,122.047,182.822,539.651,12.13,0.022477,178.713,1.0,3,1746393.0,5924370.6
920,6,0.304848,0.254,4,50,Marina View Drive,10408.0,5204.0,default,0.096,400.208,599.501,1769.598,12.13,0.006855,595.392,1.0,3,1746389.6,5924197.4
921,10,0.6799679999999999,0.5666,4,50,Luckens Road,4730.0,2365.0,propagated,0.108668,181.878,308.4,910.33,12.13,0.013325,304.291,1.0,3,1746216.2,5923845.4
922,8,0.8008559999999999,0.6674,4,50,Luckens Road,4730.0,2365.0,count,0.108668,181.878,308.4,910.33,15.667,0.01721,303.092,1.0,4,1745635.3,5923818.8
923,1,0.031931999999999995,0.0266,4,50,Moire Road,5190.0,2595.0,propagated,0.096,199.566,298.944,882.418,20.614,0.023361,291.96,1.0,5,1745341.3,5923974.3
924,3,0.19244399999999998,0.1604,4,50,Moire Road,5190.0,2595.0,count,0.096,199.566,298.944,882.418,25.562,0.028968,290.284,1.0,6,1745302.8,5923891.1
925,3,0.313104,0.2609,4,50,Moire Road,6295.0,3147.5,count,0.096,242.055,362.592,1070.293,25.562,0.023883,353.932,1.0,6,1745177.3,5923744.1
926,4,0.2985,0.2488,4,50,Moire Road,7524.0,3762.0,count,0.104067,289.313,469.8,1386.748,25.562,0.018433,461.14,1.0,6,1744981.4,5923605.9
927,4,0.13061999999999999,0.1088,4,50,Moire Road,10261.0,5130.5,count,0.096,394.556,591.034,1744.605,25.562,0.014652,582.374,1.0,6,1744908.2,5923443.5
928,3,0.023003999999999997,0.0192,4,50,Moire Road,10261.0,5130.5,propagated,0.096,394.556,591.034,1744.605,28.662,0.016429,581.324,1.0,7,1744897.2,5923380.7
929,4,0.062652,0.0522,4,50,Moire Road,10261.0,5130.5,propagated,0.096,394.556,591.034,1744.605,31.762,0.018206,580.274,1.0,8,1744891.0,5923345.6
930,1,0.006323999999999999,0.0053,4,50,Moire Road,10261.0,5130.5,propagated,0.096,394.556,591.034,1744.605,35.28,0.020222,579.082,1.0,9,1744883.2,5923317.7
931,1,0.061056,0.0509,4,50,Moire Road,10261.0,5130.5,propagated,0.096,394.556,591.034,1744.605,38.225,0.02191,578.084,1.0,10,1744873.9,5923291.2
932,1,0.07134,0.0594,4,50,Moire Road,9973.0,4986.5,propagated,0.104081,383.482,622.8,1838.371,38.225,0.020793,609.85,1.0,10,1744856.0,5923239.4
933,4,0.20146799999999998,0.1679,4,50,Moire Road,9973.0,4986.5,count,0.104081,383.482,622.8,1838.371,41.587,0.022622,608.711,1.0,11,1744818.1,5923131.9
934,2,0.039768,0.0331,4,50,Moire Road,10554.0,5277.0,count,0.096,405.822,607.91,1794.419,41.587,0.023176,593.821,1.0,11,1744785.6,5923036.8
935,3,0.23941199999999999,0.1995,4,50,Moire Road,5436.0,2718.0,count,0.096,209.025,313.114,924.245,41.587,0.044996,299.025,1.0,11,1744746.3,5922927.7
936,8,0.470784,0.3923,4,50,Caribbean Drive,9457.0,4728.5,propagated,0.096,363.641,544.723,1607.905,9.81,0.006101,541.4,1.0,2,1753633.2,5931065.1
937,1,0.012612,0.021,4,100,Caribbean Drive,9457.0,4728.5,propagated,0.096,363.641,544.723,1607.905,9.81,0.006101,541.4,1.0,2,1753695.2,5931245.5
938,2,0.056415,0.0752,1,80,Upper Harbour Highway,30430.0,15215.0,count,0.096,1170.094,1752.768,5173.793,11.622,0.002246,1748.831,1.0,3,1753727.9,5931266.2
939,3,0.32108400000000004,0.2676,1,50,Upper Harbour Highway,30430.0,15215.0,propagated,0.096,1170.094,1752.768,5173.793,11.622,0.002246,1748.831,1.0,3,1753891.5,5931317.5
940,2,0.10459199999999999,0.0872,1,50,Exit 414 Upper Harbour Highway,20796.0,10398.0,propagated,0.096,799.648,1197.85,3535.795,11.622,0.003287,1193.913,1.0,3,1754057.0,5931338.7
941,1,0.0042,0.007,1,100,Exit 414 Upper Harbour Highway,20796.0,10398.0,propagated,0.096,799.648,1197.85,3535.795,11.622,0.003287,1193.913,1.0,3,1754088.8,5931304.4
942,2,0.19563000000000003,0.326,1,100,Exit 414 Upper Harbour Highway,32152.0,16076.0,propagated,0.096,1236.309,1851.955,5466.572,11.622,0.002126,1848.018,1.0,3,1754196.8,5931178.1
943,2,0.248268,0.4138,1,100,Exit 414 Upper Harbour Highway,32152.0,16076.0,count,0.096,1236.309,1851.955,5466.572,48.897,0.008945,1835.39,1.0,9,1754438.2,5930898.0
944,2,0.013404,0.0112,4,50,Saint Marks Road,12556.0,6278.0,propagated,0.100749,482.803,759.003,2240.413,16.245,0.007251,753.5,1.0,2,1758609.7,5917574.1
945,1,0.006472500000000001,0.0086,4,80,Saint Mark's Road Entry,11670.0,5835.0,propagated,0.096,448.735,672.192,1984.166,16.245,0.008187,666.689,1.0,2,1758616.4,5917573.8
946,2,0.0114975,0.0153,4,80,Saint Mark's Road Entry,11670.0,5835.0,count,0.096,448.735,672.192,1984.166,24.395,0.012295,663.928,1.0,3,1758624.4,5917564.8
947,3,0.077685,0.1036,4,80,Saint Mark's Road Entry,11670.0,5835.0,propagated,0.096,448.735,672.192,1984.166,90.261,0.045491,641.614,1.0,12,1758659.6,5917517.0
948,2,0.179625,0.2395,4,80,Saint Mark's Road Entry,11118.0,5559.0,count,0.096,427.509,640.397,1890.314,90.261,0.047749,609.819,1.0,12,1758761.7,5917379.7
949,1,0.024695999999999996,0.0206,4,50,Rimu Road,12611.0,6305.5,propagated,0.096,484.918,726.394,2144.158,13.724,0.006401,721.745,1.0,3,1759313.3,5910204.8
950,1,0.04707599999999999,0.0392,4,50,Rimu Road,12611.0,6305.5,propagated,0.096,484.918,726.394,2144.158,18.761,0.00875,720.038,1.0,4,1759339.1,5910217.6
951,1,0.038808,0.0323,4,50,Rimu Road,10354.0,5177.0,propagated,0.096,398.132,596.39,1760.415,18.761,0.010657,590.034,1.0,4,1759373.4,5910227.4
952,1,0.09018,0.0752,4,50,Entry 12 Mahunga Drive,22832.0,11416.0,propagated,0.096,877.936,1315.123,3881.959,18.761,0.004833,1308.767,1.0,4,1759411.6,5910260.3
953,2,0.18192,0.1516,4,50,Entry 12 Mahunga Drive,22832.0,11416.0,propagated,0.096,877.936,1315.123,3881.959,23.901,0.006157,1307.026,1.0,5,1759400.2,5910372.4
954,5,0.16183799999999998,0.2697,4,100,Entry 12 Mahunga Drive,22832.0,11416.0,propagated,0.096,877.936,1315.123,3881.959,23.901,0.006157,1307.026,1.0,5,1759362.5,5910579.6
955,6,0.42325199999999996,0.7054,0,100,Southwestern Motorway,126532.0,63266.0,count,0.096,4865.408,7288.243,21513.321,538.211,0.025018,7105.909,1.0,92,1759242.2,5911050.6
956,1,0.027828,0.0464,0,100,Southwestern Motorway,102564.0,51282.0,propagated,0.096,3943.791,5907.686,17438.214,538.211,0.030864,5725.352,1.0,92,1759022.5,5911352.2
957,3,0.41401200000000005,0.69,0,100,Southwestern Motorway,102564.0,51282.0,count,0.096,3943.791,5907.686,17438.214,545.728,0.031295,5722.805,1.0,93,1758718.8,5911559.0
958,4,0.260286,0.4338,0,100,Southwestern Motorway,116606.0,58303.0,count,0.096,4483.734,6716.506,19825.676,582.846,0.029399,6519.051,1.0,98,1758243.8,5911858.8
959,7,0.395334,0.6589,2,100,Exit 15 Queenstown Road,32220.0,16110.0,count,0.096,1238.923,1855.872,5478.134,582.846,0.106395,1658.417,1.0,98,1757783.0,5912149.7
960,1,0.086772,0.0723,2,50,Exit 15 Queenstown Road,32220.0,16110.0,propagated,0.096,1238.923,1855.872,5478.134,582.846,0.106395,1658.417,1.0,98,1757445.4,5912290.3
961,2,0.051275999999999995,0.0427,2,50,Queenstown Road,6522.0,3261.0,propagated,0.096,250.784,375.667,1108.888,585.032,0.527584,177.471,1.0,99,1757414.4,5912314.5
962,7,0.321492,0.2679,3,50,West Coast Road,24716.0,12358.0,count,0.096,950.38,1423.642,4202.284,59.708,0.014208,1403.414,1.0,14,1747634.5,5913543.3
963,3,0.141456,0.1179,3,50,West Coast Road,22989.0,11494.5,count,0.096,883.973,1324.166,3908.652,64.581,0.016523,1302.287,1.0,15,1747809.0,5913487.2
964,5,0.16159199999999999,0.1347,3,50,West Coast Road,20688.0,10344.0,count,0.096,795.495,1191.629,3517.432,64.581,0.01836,1169.75,1.0,15,1747896.6,5913575.1
965,1,0.022199999999999998,0.0185,3,50,West Coast Road,24434.0,12217.0,propagated,0.096,939.536,1407.398,4154.335,64.581,0.015545,1385.519,1.0,15,1747944.0,5913635.6
966,5,0.147456,0.1229,3,50,West Coast Road,24434.0,12217.0,count,0.096,939.536,1407.398,4154.335,68.965,0.016601,1384.034,1.0,16,1747987.5,5913691.6
967,1,0.01278,0.0106,3,50,West Coast Road,18899.0,9449.5,propagated,0.096,726.704,1088.582,3213.259,68.965,0.021463,1065.218,1.0,16,1748028.8,5913744.5
968,6,0.17852400000000002,0.1488,3,50,West Coast Road,18899.0,9449.5,count,0.096,726.704,1088.582,3213.259,72.766,0.022646,1063.93,1.0,17,1748076.6,5913808.1
969,6,0.06444,0.0537,3,50,West Coast Road,14548.0,7274.0,propagated,0.096,559.4,837.965,2473.492,72.766,0.029418,813.313,1.0,17,1748133.7,5913886.4
970,1,0.03808235294117647,0.0216,3,34,West Coast Road,14548.0,7274.0,propagated,0.096,559.4,837.965,2473.492,72.766,0.029418,813.313,1.0,17,1748161.1,5913911.3
971,1,0.014142857142857143,0.0082,3,35,West Coast Road,14548.0,7274.0,count,0.096,559.4,837.965,2473.492,74.823,0.03025,812.617,1.0,18,1748168.7,5913924.7
972,1,0.015405405405405406,0.0095,3,37,West Coast Road,14548.0,7274.0,propagated,0.096,559.4,837.965,2473.492,74.823,0.03025,812.617,1.0,18,1748173.3,5913932.3
973,1,0.03523333333333333,0.0211,3,36,West Coast Road,14548.0,7274.0,propagated,0.096,559.4,837.965,2473.492,74.823,0.03025,812.617,1.0,18,1748181.8,5913945.1
974,1,0.024634285714285713,0.0144,3,35,West Coast Road,14548.0,7274.0,propagated,0.096,559.4,837.965,2473.492,74.823,0.03025,812.617,1.0,18,1748192.5,5913959.2
975,1,0.026647058823529413,0.0151,3,34,West Coast Road,14548.0,7274.0,propagated,0.096,559.4,837.965,2473.492,74.823,0.03025,812.617,1.0,18,1748201.6,5913970.7
976,1,0.046599999999999996,0.0256,3,33,West Coast Road,19676.0,9838.0,propagated,0.096,756.582,1133.338,3345.369,74.823,0.022366,1107.99,1.0,18,1748214.6,5913986.5
977,2,0.044567999999999997,0.0371,3,50,West Coast Road,19676.0,9838.0,propagated,0.096,756.582,1133.338,3345.369,74.823,0.022366,1107.99,1.0,18,1748236.7,5914006.1
978,3,0.083916,0.0699,1,50,Great North Road,30540.0,15270.0,count,0.096,1174.324,1759.104,5192.495,79.811,0.01537,1732.066,1.0,21,1748287.0,5913992.2
979,1,0.033276,0.0277,1,50,Great North Road,30540.0,15270.0,propagated,0.096,1174.324,1759.104,5192.495,106.257,0.020464,1723.106,1.0,30,1748333.2,5913980.6
980,8,0.30724799999999997,0.256,1,50,Great North Road,39360.0,19680.0,count,0.096,1513.471,2267.136,6692.096,106.257,0.015878,2231.138,1.0,30,1748466.8,5913933.5
981,9,0.377556,0.3146,1,50,Great North Road,25072.0,12536.0,count,0.096,964.069,1444.147,4262.81,106.257,0.024927,1408.149,1.0,30,1748741.0,5913872.3
982,10,0.3990119999999999,0.3325,1,50,Great North Road,40217.0,20108.5,count,0.096,1546.424,2316.499,6837.805,106.257,0.01554,2280.501,1.0,30,1749063.8,5913897.2
983,6,0.10885199999999999,0.0907,1,50,Great North Road,40217.0,20108.5,propagated,0.096,1546.424,2316.499,6837.805,108.07,0.015805,2279.887,1.0,31,1749274.9,5913912.5
984,8,0.17609999999999998,0.1468,1,50,Great North Road,40217.0,20108.5,propagated,0.096,1546.424,2316.499,6837.805,110.176,0.016113,2279.174,1.0,32,1749391.8,5913924.2
985,5,0.17737199999999997,0.1478,1,50,Great North Road,40217.0,20108.5,propagated,0.096,1546.424,2316.499,6837.805,133.509,0.019525,2271.269,1.0,39,1749538.9,5913913.1
986,1,0.040332,0.0336,1,50,Great North Road,40217.0,20108.5,propagated,0.096,1546.424,2316.499,6837.805,135.765,0.019855,2270.505,1.0,40,1749627.4,5913894.3
987,2,0.057132,0.0476,1,50,Great North Road,15105.0,7552.5,propagated,0.096,580.817,870.048,2568.194,135.765,0.052864,824.054,1.0,40,1749667.5,5913889.2
988,4,0.073776,0.0615,3,50,Great North Road,15105.0,7552.5,propagated,0.096,580.817,870.048,2568.194,138.159,0.053796,823.243,1.0,41,1749721.5,5913895.5
989,25,0.6570239999999998,0.5475,3,50,Great North Road,15105.0,7552.5,count,0.096,580.817,870.048,2568.194,236.575,0.092117,789.902,1.0,65,1749966.2,5914064.7
990,6,0.13958399999999999,0.1163,3,50,Great North Road,24767.0,12383.5,count,0.096,952.341,1426.579,4210.953,236.575,0.056181,1346.433,1.0,65,1750213.7,5914286.2
991,1,0.04542,0.0378,3,50,Great North Road,24767.0,12383.5,propagated,0.096,952.341,1426.579,4210.953,241.794,0.05742,1344.664,1.0,66,1750271.7,5914337.2
992,2,0.091668,0.0764,3,50,Great North Road,16043.0,8021.5,count,0.096,616.885,924.077,2727.676,241.794,0.088645,842.162,1.0,66,1750314.2,5914374.7
993,1,0.02052,0.0171,3,50,Great North Road,17435.0,8717.5,propagated,0.096,670.411,1004.256,2964.347,241.794,0.081567,922.341,1.0,66,1750349.1,5914405.7
994,3,0.098352,0.082,3,50,Great North Road,17435.0,8717.5,count,0.096,670.411,1004.256,2964.347,246.748,0.083239,920.663,1.0,67,1750386.8,5914438.2
995,4,0.070188,0.0585,3,50,Great North Road,25405.0,12702.5,propagated,0.096,976.873,1463.328,4319.428,246.748,0.057125,1379.735,1.0,67,1750439.6,5914484.0
996,1,0.020255999999999996,0.0169,3,50,Great North Road,21128.0,10564.0,propagated,0.096,812.414,1216.973,3592.242,246.748,0.068689,1133.38,1.0,67,1750468.1,5914508.5
997,1,0.032808,0.0273,3,50,Great North Road,21128.0,10564.0,count,0.096,812.414,1216.973,3592.242,251.507,0.070014,1131.768,1.0,68,1750485.4,5914522.4
998,7,0.156324,0.1303,3,50,Great North Road,21128.0,10564.0,propagated,0.096,812.414,1216.973,3592.242,319.425,0.088921,1108.759,1.0,87,1750549.6,5914567.9
999,10,0.362544,0.3021,3,50,Great North Road,21690.0,10845.0,count,0.096,834.024,1249.344,3687.794,319.425,0.086617,1141.13,1.0,87,1750750.8,5914641.7
1000,4,0.16186799999999998,0.1349,3,50,Great North Road,21690.0,10845.0,propagated,0.096,834.024,1249.344,3687.794,325.869,0.088364,1138.947,1.0,88,1750933.6,5914760.9
1001,6,0.32426399999999994,0.2702,3,50,Great North Road,21420.0,10710.0,count,0.096,823.642,1233.792,3641.888,325.869,0.089478,1123.395,1.0,88,1751067.9,5914912.4
1002,1,0.03546,0.0296,3,50,Great North Road,21420.0,10710.0,propagated,0.096,823.642,1233.792,3641.888,332.922,0.091415,1121.005,1.0,89,1751170.8,5915019.6
1003,2,0.01398,0.0116,3,50,Great North Road,21420.0,10710.0,propagated,0.096,823.642,1233.792,3641.888,340.039,0.093369,1118.594,1.0,90,1751190.3,5915026.2
1004,1,0.1012,0.0506,4,30,Union Street,19779.0,9889.5,propagated,0.079124,760.542,938.996,2771.714,12.552,0.004529,934.744,1.0,1,1756503.8,5920120.7
1005,1,0.10945999999999999,0.0547,4,30,Sam Wrigley Street,8873.0,4436.5,default,0.096,341.185,511.085,1508.613,24.013,0.015917,502.95,1.0,2,1756482.9,5920168.4
1006,1,0.017772,0.0148,2,50,Grafton Road,18554.0,9277.0,propagated,0.096,713.438,1068.71,3154.601,5.147,0.001632,1066.966,1.0,1,1757770.5,5919629.5
1007,3,0.06867599999999999,0.0572,2,50,Wellesley Street E,11952.0,5976.0,propagated,0.098394,459.578,705.603,2082.788,88.58,0.04253,675.594,1.0,17,1757764.0,5919654.3
1008,5,0.31332,0.2611,4,50,Richard Pearse Drive,10255.0,5127.5,count,0.115066,394.325,708.001,2089.866,24.26,0.011608,699.782,1.0,6,1758827.3,5906358.1
1009,2,0.149052,0.1242,4,50,Richard Pearse Drive,10858.0,5429.0,count,0.110886,417.512,722.4,2132.369,24.26,0.011377,714.181,1.0,6,1758849.0,5906549.1
1010,1,0.043848,0.0365,4,50,Richard Pearse Drive,10858.0,5429.0,propagated,0.110886,417.512,722.4,2132.369,31.716,0.014874,711.655,1.0,7,1758863.2,5906627.2
1011,1,0.10755599999999998,0.0896,4,50,Richard Pearse Drive,10858.0,5429.0,propagated,0.110886,417.512,722.4,2132.369,39.207,0.018387,709.118,1.0,8,1758872.8,5906689.7
1012,1,0.015623999999999999,0.013,4,50,Ascot Road,18439.0,9219.5,propagated,0.09648,709.016,1067.397,3150.726,53.05,0.016837,1049.425,1.0,10,1758887.0,5906733.3
1013,2,0.09331199999999999,0.0778,4,50,Ascot Road,18439.0,9219.5,count,0.09648,709.016,1067.397,3150.726,60.14,0.019088,1047.023,1.0,11,1758932.3,5906728.8
1014,2,0.032112,0.0268,4,50,Ascot Road,18439.0,9219.5,propagated,0.09648,709.016,1067.397,3150.726,67.888,0.021547,1044.398,1.0,12,1758984.3,5906723.3
1015,1,0.0273,0.0273,4,60,Ascot Road,18439.0,9219.5,propagated,0.09648,709.016,1067.397,3150.726,67.888,0.021547,1044.398,1.0,12,1759011.1,5906721.5
1016,1,0.01722,0.0172,4,60,Ascot Road,18439.0,9219.5,propagated,0.09648,709.016,1067.397,3150.726,76.339,0.024229,1041.535,1.0,13,1759033.0,5906718.9
1017,2,0.05076,0.0508,3,60,Kirkbride Road,20808.0,10404.0,propagated,0.092993,800.109,1160.999,3427.019,76.339,0.022276,1135.137,1.0,13,1759062.7,5906704.1
1018,1,0.00543,0.0054,3,60,Kirkbride Road,20808.0,10404.0,propagated,0.092993,800.109,1160.999,3427.019,113.519,0.033125,1122.541,1.0,18,1759085.7,5906689.1
1019,6,0.07005,0.07,3,60,Kirkbride Road,20808.0,10404.0,propagated,0.092993,800.109,1160.999,3427.019,121.967,0.03559,1119.679,1.0,19,1759114.9,5906665.0
1020,2,0.04211,0.0421,3,60,Kirkbride Road,20808.0,10404.0,propagated,0.092993,800.109,1160.999,3427.019,130.44,0.038062,1116.809,1.0,20,1759160.8,5906635.7
1021,1,0.06191,0.0619,3,60,Entry 2 Kirkbride Road,22076.5,11038.25,default,0.096,848.886,1271.606,3753.506,138.944,0.037017,1224.535,1.0,21,1759208.1,5906619.1
1022,4,0.256554,0.4276,3,100,Entry 2 Kirkbride Road,15033.0,7516.5,default,0.096,578.049,865.901,2555.953,163.67,0.064035,810.453,1.0,24,1759352.6,5906811.4
1023,3,0.09874799999999999,0.1646,0,100,Airport Motorway,74072.0,37036.0,default,0.096,2848.217,4266.547,12593.926,260.506,0.020685,4178.293,1.0,46,1759546.3,5907034.4
1024,8,0.8857979999999999,1.4763,0,100,Airport Motorway,74072.0,37036.0,default,0.096,2848.217,4266.547,12593.926,279.015,0.022155,4172.023,1.0,51,1760162.9,5907572.0
1025,2,0.285312,0.4755,0,100,Southwestern Motorway,98438.0,49219.0,count,0.096,3785.138,5670.029,16736.702,293.289,0.017524,5570.669,1.0,55,1759943.2,5908478.9
1026,11,0.36459600000000003,0.6077,0,100,Southwestern Motorway,89510.0,44755.0,count,0.096,3441.839,5155.776,15218.738,301.975,0.019842,5053.473,1.0,56,1759769.4,5908991.4
1027,2,0.12094799999999999,0.2016,0,100,Southwestern Motorway,89510.0,44755.0,propagated,0.096,3441.839,5155.776,15218.738,514.31,0.033795,4981.539,1.0,87,1759673.1,5909384.4
1028,2,0.603834,1.0064,0,100,Southwestern Motorway,103700.0,51850.0,count,0.096,3987.472,5973.12,17631.361,514.31,0.02917,5798.883,1.0,87,1759527.5,5909969.9
1029,2,0.157236,0.2621,0,100,Southwestern Motorway,126532.0,63266.0,propagated,0.096,4865.408,7288.243,21513.321,514.31,0.023907,7114.006,1.0,87,1759373.5,5910585.0
1030,2,0.179568,0.1496,4,50,Stoddard Road,13437.0,6718.5,count,0.096,516.68,773.971,2284.595,8.315,0.00364,771.154,1.0,2,1754165.7,5914219.2
1031,5,0.209268,0.1744,4,50,Stoddard Road,14090.0,7045.0,count,0.096,541.789,811.584,2395.621,8.315,0.003471,808.767,1.0,2,1754033.3,5914311.8
1032,3,0.084024,0.07,4,50,Sandringham Road Extension,9711.0,4855.5,count,0.096,373.407,559.354,1651.092,13.683,0.008287,554.718,1.0,3,1753985.4,5914386.3
1033,1,0.017016,0.0142,4,50,Sandringham Road Extension,14589.0,7294.5,propagated,0.096,560.976,840.326,2480.461,13.683,0.005516,835.69,1.0,3,1754011.1,5914419.5
1034,3,0.081696,0.0681,4,50,Sandringham Road Extension,14589.0,7294.5,count,0.096,560.976,840.326,2480.461,19.253,0.007762,833.804,1.0,4,1754035.3,5914453.0
1035,1,0.119208,0.0993,4,50,Sandringham Road Extension,14094.0,7047.0,count,0.096,541.942,811.814,2396.3,19.253,0.008034,805.292,1.0,4,1754084.4,5914521.0
1036,3,0.12326400000000001,0.1027,4,50,Sandringham Road Extension,13869.0,6934.5,propagated,0.096,533.291,798.854,2358.045,19.253,0.008165,792.332,1.0,4,1754142.2,5914603.4
1037,3,0.10617599999999999,0.0885,4,50,Sandringham Road Extension,13869.0,6934.5,count,0.096,533.291,798.854,2358.045,25.026,0.010613,790.376,1.0,5,1754194.5,5914683.4
1038,6,0.113136,0.0943,4,50,Sandringham Road Extension,14208.0,7104.0,count,0.096,546.326,818.381,2415.684,25.026,0.01036,809.903,1.0,5,1754231.7,5914766.8
1039,4,0.062976,0.0525,4,50,Sandringham Road Extension,14208.0,7104.0,propagated,0.096,546.326,818.381,2415.684,30.764,0.012735,807.959,1.0,6,1754258.9,5914834.7
1040,2,0.15697199999999997,0.1308,4,50,Sandringham Road Extension,12852.0,6426.0,count,0.096,494.185,740.275,2185.132,30.764,0.014079,729.853,1.0,6,1754298.1,5914917.4
1041,1,0.026736,0.0223,4,50,Sandringham Road Extension,12739.0,6369.5,count,0.096,489.84,733.766,2165.919,30.764,0.014204,723.344,1.0,6,1754339.1,5914981.8
1042,1,0.026723999999999998,0.0223,4,50,Sandringham Road Extension,12739.0,6369.5,propagated,0.096,489.84,733.766,2165.919,37.113,0.017135,721.193,1.0,7,1754351.9,5914999.9
1043,2,0.09662399999999999,0.0805,4,50,Sandringham Road Extension,12758.0,6379.0,count,0.096,490.571,734.861,2169.151,37.113,0.017109,722.288,1.0,7,1754381.6,5915042.0
1044,3,0.09842400000000001,0.082,4,50,Sandringham Road Extension,12670.0,6335.0,count,0.096,487.187,729.792,2154.188,37.113,0.017228,717.219,1.0,7,1754428.0,5915108.6
1045,4,0.084924,0.0708,4,50,Sandringham Road,12670.0,6335.0,propagated,0.096,487.187,729.792,2154.188,71.024,0.03297,705.731,1.0,13,1754470.4,5915171.9
1046,2,0.177156,0.1476,4,50,Sandringham Road,16489.0,8244.5,count,0.096,634.035,949.766,2803.504,71.024,0.025334,925.705,1.0,13,1754529.2,5915264.6
1047,1,0.007463999999999999,0.0062,4,50,Sandringham Road,16489.0,8244.5,propagated,0.096,634.035,949.766,2803.504,76.751,0.027377,923.764,1.0,14,1754570.5,5915329.4
1048,1,0.126864,0.1057,4,50,Sandringham Road,18272.0,9136.0,count,0.096,702.595,1052.467,3106.655,82.477,0.026548,1024.526,1.0,15,1754600.3,5915376.6
1049,4,0.1626,0.1355,4,50,Sandringham Road,23197.0,11598.5,count,0.096,891.971,1336.147,3944.018,82.477,0.020912,1308.206,1.0,15,1754665.1,5915478.5
1050,10,0.21598799999999996,0.18,4,50,Sandringham Road,16534.0,8267.0,count,0.096,635.765,952.358,2811.155,82.477,0.029339,924.417,1.0,15,1754729.5,5915614.8
1051,4,0.215592,0.1797,4,50,Sandringham Road,16019.0,8009.5,count,0.096,615.963,922.694,2723.594,82.477,0.030282,894.753,1.0,15,1754731.9,5915790.0
1052,4,0.16415999999999997,0.1368,4,50,Sandringham Road,16019.0,8009.5,propagated,0.096,615.963,922.694,2723.594,85.433,0.031368,893.751,1.0,16,1754773.9,5915942.4
1053,12,0.3700319999999999,0.3084,4,50,Sandringham Road,19779.0,9889.5,count,0.096,760.542,1139.27,3362.879,89.999,0.026762,1108.78,1.0,17,1754834.0,5916156.4
1054,3,0.122076,0.1017,4,50,Sandringham Road,16775.0,8387.5,count,0.096,645.032,966.24,2852.132,96.422,0.033807,933.574,1.0,18,1754889.0,5916354.0
1055,2,0.04556399999999999,0.038,4,50,Sandringham Road,16775.0,8387.5,propagated,0.096,645.032,966.24,2852.132,102.983,0.036107,931.352,1.0,19,1754907.4,5916421.4
1056,1,0.011976,0.01,4,50,Sandringham Road,17008.0,8504.0,propagated,0.096,653.992,979.661,2891.748,102.983,0.035613,944.773,1.0,19,1754913.5,5916444.6
1057,2,0.053208,0.0443,4,50,Sandringham Road,17008.0,8504.0,propagated,0.096,653.992,979.661,2891.748,155.047,0.053617,927.134,1.0,28,1754920.4,5916470.6
1058,2,0.014303999999999999,0.0119,4,50,Sandringham Road,17008.0,8504.0,propagated,0.096,653.992,979.661,2891.748,208.85,0.072223,908.907,1.0,37,1754928.1,5916497.7
1059,1,0.01428,0.0119,4,50,Sandringham Road,17008.0,8504.0,count,0.096,653.992,979.661,2891.748,215.266,0.074441,906.734,1.0,38,1754931.6,5916509.2
1060,1,0.010428,0.0087,4,50,Sandringham Road,17008.0,8504.0,propagated,0.096,653.992,979.661,2891.748,221.744,0.076682,904.539,1.0,39,1754934.4,5916519.2
1061,1,0.046248,0.0385,4,50,Sandringham Road,17008.0,8504.0,propagated,0.096,653.992,979.661,2891.748,228.235,0.078926,902.34,1.0,40,1754940.6,5916541.8
1062,1,0.08409599999999999,0.0701,4,50,Sandringham Road,15379.0,7689.5,propagated,0.096,591.353,885.83,2614.779,228.235,0.087287,808.509,1.0,40,1754955.0,5916593.7
1063,3,0.10655999999999999,0.0888,4,50,Sandringham Road,15379.0,7689.5,count,0.096,591.353,885.83,2614.779,234.541,0.089698,806.373,1.0,41,1754976.3,5916670.4
1064,1,0.118644,0.0989,4,50,Sandringham Road,18068.0,9034.0,count,0.096,694.751,1040.717,3071.972,234.541,0.076349,961.26,1.0,41,1755001.7,5916761.0
1065,2,0.12698399999999999,0.1058,4,50,Sandringham Road,18068.0,9034.0,propagated,0.096,694.751,1040.717,3071.972,240.099,0.078158,959.377,1.0,42,1755029.3,5916859.3
1066,2,0.112116,0.0934,4,50,Sandringham Road,14683.0,7341.5,propagated,0.096,564.591,845.741,2496.445,240.099,0.096176,764.401,1.0,42,1755056.5,5916955.3
1067,7,0.24748799999999999,0.2062,4,50,Sandringham Road,14683.0,7341.5,count,0.096,564.591,845.741,2496.445,243.172,0.097407,763.36,1.0,43,1755097.2,5917099.9
1068,7,0.24291599999999997,0.2024,4,50,Sandringham Road,13888.0,6944.0,count,0.096,534.021,799.949,2361.277,243.172,0.102983,717.568,1.0,43,1755151.8,5917296.5
1069,9,0.31435199999999996,0.262,4,50,Sandringham Road,9864.0,4932.0,count,0.129258,379.291,765.001,2258.118,243.172,0.107688,682.62,1.0,43,1755215.2,5917519.8
1070,8,0.261252,0.2177,4,50,Sandringham Road,16999.0,8499.5,count,0.096,653.646,979.142,2890.216,243.172,0.084136,896.761,1.0,43,1755316.3,5917731.2
1071,2,0.093216,0.0777,4,50,Sandringham Road,15827.0,7913.5,propagated,0.096,608.58,911.635,2690.95,243.172,0.090367,829.254,1.0,43,1755439.6,5917810.9
1072,6,0.209112,0.1743,4,50,Sandringham Road,15827.0,7913.5,count,0.096,608.58,911.635,2690.95,250.407,0.093055,826.803,1.0,44,1755560.7,5917809.4
1073,9,0.159768,0.1331,4,50,Sandringham Road,15891.0,7945.5,propagated,0.096,611.041,915.322,2701.833,250.407,0.09268,830.49,1.0,44,1755691.8,5917839.4
1074,3,0.05951999999999999,0.0496,4,50,Sandringham Road,15891.0,7945.5,count,0.096,611.041,915.322,2701.833,257.074,0.095148,828.231,1.0,45,1755712.8,5917928.1
1075,4,0.123012,0.1025,4,50,Bond Street,13821.0,6910.5,count,0.096,531.445,796.09,2349.886,304.753,0.129688,692.846,1.0,54,1755710.9,5918003.3
1076,1,0.046296,0.0386,4,50,Bond Street,13821.0,6910.5,propagated,0.096,531.445,796.09,2349.886,311.769,0.132674,690.469,1.0,55,1755701.1,5918073.4
1077,3,0.05946,0.0495,4,50,Bond Street,16243.0,8121.5,propagated,0.096,624.576,935.597,2761.68,311.769,0.112891,829.976,1.0,55,1755690.6,5918115.8
1078,2,0.054972,0.0458,4,50,Bond Street,16243.0,8121.5,propagated,0.096,624.576,935.597,2761.68,319.086,0.115541,827.498,1.0,56,1755675.9,5918160.9
1079,1,0.042359999999999995,0.0353,4,50,Bond Street,16243.0,8121.5,count,0.096,624.576,935.597,2761.68,326.388,0.118185,825.024,1.0,57,1755663.0,5918199.4
1080,2,0.09672,0.0806,4,50,Bond Street,15404.0,7702.0,propagated,0.096,592.315,887.27,2619.03,326.388,0.124622,776.697,1.0,57,1755645.2,5918254.8
1081,1,0.049991999999999995,0.0417,3,50,Entry 443 Highbrook Drive,11936.0,5968.0,count,0.096,458.963,687.514,2029.393,12.979,0.006396,683.117,1.0,2,1765575.9,5908891.3
1082,1,0.030875675675675677,0.019,3,37,Highbrook Drive,38156.0,19078.0,propagated,0.10326,1467.175,2363.993,6977.997,19.729,0.002827,2357.309,1.0,3,1765592.0,5908886.7
1083,1,0.012588,0.0105,3,50,Highbrook Drive,38156.0,19078.0,count,0.10326,1467.175,2363.993,6977.997,19.729,0.002827,2357.309,1.0,3,1765596.4,5908900.7
1084,1,0.085572,0.0713,3,50,Exit 443 Highbrook Drive,26834.0,13417.0,propagated,0.096,1031.821,1545.638,4562.39,33.227,0.007283,1534.381,1.0,5,1765563.3,5908905.2
1085,1,0.016871999999999998,0.0141,3,50,Exit 443 Highbrook Drive,26834.0,13417.0,propagated,0.096,1031.821,1545.638,4562.39,145.805,0.031958,1496.242,1.0,28,1765527.7,5908928.5
1086,7,0.24509999999999998,0.4085,3,100,Exit 443 Highbrook Drive,26834.0,13417.0,count,0.096,1031.821,1545.638,4562.39,152.554,0.033437,1493.956,1.0,29,1765413.6,5909103.8
1087,1,0.04632,0.0386,4,50,Exit 4 Greenhithe Road,8374.0,4187.0,propagated,0.096,321.997,482.342,1423.769,9.609,0.006749,479.087,1.0,2,1750522.4,5929181.5
1088,1,0.013818,0.023,4,100,Exit 4 Greenhithe Road,8374.0,4187.0,propagated,0.096,321.997,482.342,1423.769,9.609,0.006749,479.087,1.0,2,1750532.0,5929210.4
1089,2,0.21199800000000002,0.3533,4,100,Exit 4 Greenhithe Road,8374.0,4187.0,count,0.096,321.997,482.342,1423.769,20.898,0.014678,475.262,1.0,4,1750593.9,5929387.8
1090,1,0.028745999999999997,0.0479,0,100,Upper Harbour Motorway,42528.0,21264.0,propagated,0.096,1635.287,2449.613,7230.729,73.919,0.010223,2424.571,1.0,15,1750688.2,5929563.8
1091,1,0.610536,1.0176,0,100,Upper Harbour Motorway,50902.0,25451.0,count,0.096,1957.284,2931.955,8654.498,73.919,0.008541,2906.913,1.0,15,1751121.4,5929862.6
1092,4,0.48226199999999997,0.8038,0,100,Upper Harbour Motorway,27656.0,13828.0,count,0.096,1063.429,1592.986,4702.151,73.919,0.01572,1567.944,1.0,15,1751855.4,5930370.7
1093,1,0.15637500000000001,0.2085,0,80,Upper Harbour Motorway,27656.0,13828.0,propagated,0.096,1063.429,1592.986,4702.151,73.919,0.01572,1567.944,1.0,15,1752149.9,5930780.8
1094,2,0.1626975,0.2169,0,80,Upper Harbour Motorway,35050.0,17525.0,propagated,0.096,1347.743,2018.88,5959.298,73.919,0.012404,1993.838,1.0,15,1752309.4,5930921.2
1095,4,0.2679975,0.3573,0,80,Upper Harbour Motorway,35050.0,17525.0,count,0.096,1347.743,2018.88,5959.298,125.215,0.021012,1976.46,1.0,30,1752556.8,5931065.8
1096,9,0.2867025,0.3823,0,80,Upper Harbour Motorway,32772.0,16386.0,count,0.096,1260.149,1887.667,5571.986,125.215,0.022472,1845.247,1.0,30,1752912.7,5931159.8
1097,1,0.032736,0.0546,0,100,Upper Harbour Motorway,32772.0,16386.0,propagated,0.096,1260.149,1887.667,5571.986,125.215,0.022472,1845.247,1.0,30,1753130.1,5931180.1
1098,1,0.03931139240506329,0.0518,0,79,Upper Harbour Motorway,32772.0,16386.0,propagated,0.096,1260.149,1887.667,5571.986,125.215,0.022472,1845.247,1.0,30,1753183.4,5931184.1
1099,1,0.009746153846153845,0.0127,0,78,Upper Harbour Motorway,32772.0,16386.0,propagated,0.096,1260.149,1887.667,5571.986,125.215,0.022472,1845.247,1.0,30,1753215.6,5931187.4
1100,1,0.037376470588235296,0.053,0,85,Upper Harbour Motorway,32772.0,16386.0,propagated,0.096,1260.149,1887.667,5571.986,125.215,0.022472,1845.247,1.0,30,1753248.2,5931191.8
1101,1,0.00858139534883721,0.0123,0,86,Upper Harbour Motorway,32772.0,16386.0,propagated,0.096,1260.149,1887.667,5571.986,125.215,0.022472,1845.247,1.0,30,1753280.5,5931196.3
1102,1,0.009306,0.0155,0,100,Upper Harbour Motorway,32772.0,16386.0,propagated,0.096,1260.149,1887.667,5571.986,125.215,0.022472,1845.247,1.0,30,1753293.9,5931198.8
1103,3,0.24996976744186047,0.3583,0,86,Upper Harbour Motorway,32772.0,16386.0,propagated,0.096,1260.149,1887.667,5571.986,125.215,0.022472,1845.247,1.0,30,1753476.7,5931237.3
1104,2,0.022735714285714286,0.0318,0,84,Upper Harbour Motorway,32772.0,16386.0,propagated,0.096,1260.149,1887.667,5571.986,125.215,0.022472,1845.247,1.0,30,1753661.3,5931299.7
1105,1,0.009307142857142856,0.013,0,84,Upper Harbour Motorway,32772.0,16386.0,propagated,0.096,1260.149,1887.667,5571.986,183.333,0.032903,1825.558,1.0,49,1753681.7,5931308.4
1106,1,0.031221686746987953,0.0432,0,83,Upper Harbour Motorway,32772.0,16386.0,propagated,0.096,1260.149,1887.667,5571.986,183.333,0.032903,1825.558,1.0,49,1753707.4,5931320.0
1107,1,0.1115475,0.1487,0,80,Upper Harbour Motorway,32772.0,16386.0,propagated,0.096,1260.149,1887.667,5571.986,183.333,0.032903,1825.558,1.0,49,1753793.3,5931363.1
1108,1,0.10693076923076922,0.139,0,78,Upper Harbour Motorway,32772.0,16386.0,propagated,0.096,1260.149,1887.667,5571.986,183.333,0.032903,1825.558,1.0,49,1753904.5,5931452.1
1109,2,0.04533076923076923,0.0589,0,78,Upper Harbour Motorway,100374.0,50187.0,default,0.096,3859.581,5781.542,17065.864,183.333,0.010743,5719.433,1.0,49,1753943.6,5931542.0
1110,5,0.163872,0.1366,4,50,Carr Road,9846.0,4923.0,count,0.110908,378.598,655.2,1934.009,15.71,0.008123,649.878,1.0,2,1756091.3,5913289.2
1111,2,0.10704,0.0892,4,50,Carr Road,9542.0,4771.0,count,0.110145,366.909,630.602,1861.401,15.71,0.00844,625.28,1.0,2,1756189.4,5913233.2
1112,1,0.01698,0.0142,4,50,Carr Road,9542.0,4771.0,propagated,0.110145,366.909,630.602,1861.401,22.127,0.011887,623.106,1.0,3,1756234.3,5913207.7
1113,1,0.031776,0.0265,4,50,Carr Road,9542.0,4771.0,propagated,0.110145,366.909,630.602,1861.401,29.129,0.015649,620.734,1.0,4,1756253.6,5913201.6
1114,2,0.035928,0.0299,4,50,Hayr Road,10866.0,5433.0,propagated,0.096,417.819,625.882,1847.469,127.561,0.069046,582.667,1.0,22,1756276.1,5913203.7
1115,1,0.011352000000000001,0.0095,4,50,Hayr Road,10866.0,5433.0,propagated,0.096,417.819,625.882,1847.469,151.865,0.082202,574.433,1.0,25,1756289.0,5913218.1
1116,5,0.22976399999999997,0.1915,4,50,Hayr Road,11718.0,5859.0,count,0.096,450.581,674.957,1992.327,159.994,0.080305,620.755,1.0,26,1756345.4,5913301.4
1117,3,0.14687999999999998,0.1224,4,50,Hayr Road,10244.0,5122.0,count,0.096,393.902,590.054,1741.712,170.234,0.097739,532.382,1.0,27,1756433.1,5913431.5
1118,1,0.039636,0.033,4,50,Warren Avenue,9466.0,4733.0,propagated,0.096,363.987,545.242,1609.437,170.234,0.105772,487.57,1.0,27,1756481.1,5913491.2
1119,2,0.072144,0.0601,4,50,Warren Avenue,9466.0,4733.0,propagated,0.096,363.987,545.242,1609.437,180.581,0.112201,484.065,1.0,28,1756525.1,5913505.8
1120,2,0.084048,0.07,4,50,Warren Avenue,9466.0,4733.0,propagated,0.096,363.987,545.242,1609.437,191.105,0.11874,480.5,1.0,29,1756582.8,5913533.6
1121,6,0.253824,0.2115,4,50,Warren Avenue,9466.0,4733.0,count,0.096,363.987,545.242,1609.437,200.991,0.124883,477.151,1.0,30,1756619.5,5913667.5
1122,1,0.027024,0.0225,4,50,Owens Road,6958.0,3479.0,propagated,0.103622,267.549,432.601,1276.945,10.189,0.007979,429.149,1.0,2,1757802.6,5917153.4
1123,1,0.025452,0.0212,4,50,Owens Road,6958.0,3479.0,propagated,0.103622,267.549,432.601,1276.945,20.163,0.01579,425.77,1.0,4,1757824.5,5917155.2
1124,3,0.18070799999999998,0.1506,4,50,Owens Road,6958.0,3479.0,propagated,0.103622,267.549,432.601,1276.945,25.348,0.019851,424.014,1.0,5,1757910.2,5917162.5
1125,4,0.17030399999999998,0.1419,2,50,Gillies Avenue,21287.0,10643.5,count,0.08268,818.528,1056.005,3117.099,63.167,0.020265,1034.605,1.0,14,1758001.1,5917235.2
1126,3,0.107616,0.0897,2,50,Gillies Avenue,21208.0,10604.0,count,0.096,815.49,1221.581,3605.843,68.142,0.018898,1198.496,1.0,15,1758027.1,5917348.6
1127,1,0.014412,0.012,2,50,Gillies Avenue,21208.0,10604.0,propagated,0.096,815.49,1221.581,3605.843,73.234,0.02031,1196.771,1.0,16,1758038.6,5917397.6
1128,1,0.054252,0.0452,2,50,Gillies Avenue,21127.0,10563.5,propagated,0.096,812.375,1216.915,3592.07,73.234,0.020388,1192.105,1.0,16,1758044.9,5917425.3
1129,1,0.06202799999999999,0.0517,2,50,Gillies Avenue,21127.0,10563.5,count,0.096,812.375,1216.915,3592.07,78.519,0.021859,1190.314,1.0,17,1758055.6,5917472.8
1130,1,0.05195999999999999,0.0433,2,50,Gillies Avenue,19869.0,9934.5,count,0.089536,764.003,1067.394,3150.717,78.519,0.024921,1040.793,1.0,17,1758065.3,5917519.2
1131,2,0.042024,0.035,4,50,Picton Street,2608.0,1304.0,propagated,0.102377,100.283,160.2,472.876,5.259,0.011121,158.418,1.0,1,1755783.1,5919661.9
1132,1,0.076365,0.0509,4,40,Picton Street,2608.0,1304.0,propagated,0.102377,100.283,160.2,472.876,5.259,0.011121,158.418,1.0,1,1755743.6,5919645.2
1133,6,0.252,0.168,2,40,Ponsonby Road,28160.0,14080.0,count,0.096,1082.808,1622.016,4787.841,18.539,0.003872,1615.735,1.0,4,1755782.2,5919581.4
1134,3,0.156735,0.1045,2,40,Ponsonby Road,28160.0,14080.0,propagated,0.096,1082.808,1622.016,4787.841,24.336,0.005083,1613.771,1.0,5,1755893.9,5919504.1
1135,2,0.027405000000000006,0.0183,2,40,Ponsonby Road,28160.0,14080.0,propagated,0.096,1082.808,1622.016,4787.841,43.13,0.009008,1607.404,1.0,9,1755944.1,5919468.8
1136,1,0.027405000000000002,0.0183,2,40,Ponsonby Road,28160.0,14080.0,propagated,0.096,1082.808,1622.016,4787.841,49.414,0.010321,1605.276,1.0,10,1755959.2,5919458.1
1137,4,0.150165,0.1001,2,40,Ponsonby Road,20985.0,10492.5,propagated,0.096,806.915,1208.736,3567.928,49.414,0.013849,1191.996,1.0,10,1756007.3,5919423.5
1138,3,0.10909500000000001,0.0727,3,40,Hopetoun Street,11780.0,5890.0,propagated,0.106791,452.965,754.799,2228.004,49.414,0.022179,738.059,1.0,10,1756082.7,5919385.4
1139,1,0.047664,0.0397,1,50,Great North Road,16573.0,8286.5,propagated,0.096,637.265,954.605,2817.788,7.568,0.002686,952.041,1.0,1,1745453.0,5917239.7
1140,2,0.074424,0.062,1,50,Great North Road,16573.0,8286.5,propagated,0.096,637.265,954.605,2817.788,15.066,0.005347,949.501,1.0,2,1745498.7,5917218.9
1141,9,0.246528,0.2054,1,50,Great North Road,25444.0,12722.0,propagated,0.096,978.373,1465.574,4326.058,15.066,0.003483,1460.47,1.0,2,1745630.7,5917227.4
1142,1,0.012023999999999998,0.01,3,50,Edmonton Road,30648.0,15324.0,propagated,0.096,1178.477,1765.325,5210.858,95.479,0.018323,1732.979,1.0,21,1745733.3,5917223.9
1143,8,0.15679200000000001,0.1307,2,50,Albany Highway,18992.0,9496.0,default,0.096,730.28,1093.939,3229.072,1.487,0.000461,1093.435,1.0,1,1751139.5,5932240.3
1144,1,0.030239999999999996,0.0252,3,50,Rosedale Road,9210.0,4605.0,propagated,0.096,354.143,530.496,1565.91,1.487,0.00095,529.992,1.0,1,1751149.2,5932306.3
1145,4,0.05759999999999999,0.048,3,50,Rosedale Road,9210.0,4605.0,propagated,0.096,354.143,530.496,1565.91,3.282,0.002096,529.384,1.0,2,1751185.5,5932311.4
1146,7,0.2766,0.2305,3,50,Rosedale Road,9210.0,4605.0,count,0.096,354.143,530.496,1565.91,4.892,0.003124,528.839,1.0,3,1751321.9,5932333.2
1147,2,0.042588,0.0355,3,50,Rosedale Road,9210.0,4605.0,propagated,0.096,354.143,530.496,1565.91,7.456,0.004761,527.97,1.0,4,1751452.2,5932355.1
1148,3,0.059148,0.0493,3,50,Rosedale Road,9210.0,4605.0,propagated,0.096,354.143,530.496,1565.91,10.147,0.00648,527.058,1.0,5,1751490.8,5932360.1
1149,7,0.266712,0.2223,3,50,Rosedale Road,10104.0,5052.0,count,0.096,388.519,581.99,1717.909,10.147,0.005907,578.552,1.0,5,1751625.9,5932372.2
1150,5,0.23803199999999997,0.1984,3,50,Rosedale Road,10104.0,5052.0,propagated,0.096,388.519,581.99,1717.909,15.165,0.008828,576.852,1.0,6,1751836.0,5932372.6
1151,8,0.21989999999999996,0.1832,3,50,Rosedale Road,14413.0,7206.5,propagated,0.096,554.209,830.189,2450.539,15.165,0.006188,825.051,1.0,6,1752020.5,5932420.9
1152,2,0.061368,0.0511,3,50,Rosedale Road,14413.0,7206.5,count,0.096,554.209,830.189,2450.539,21.609,0.008818,822.868,1.0,7,1752129.4,5932464.6
1153,1,0.046236,0.0385,3,50,Rosedale Road,14413.0,7206.5,propagated,0.096,554.209,830.189,2450.539,28.026,0.011437,820.694,1.0,8,1752173.5,5932471.2
1154,2,0.019476,0.0162,3,50,Rosedale Road,14413.0,7206.5,propagated,0.096,554.209,830.189,2450.539,47.351,0.019323,814.148,1.0,11,1752200.7,5932468.6
1155,12,0.5371319999999999,0.4476,3,50,Rosedale Road,13984.0,6992.0,count,0.123141,537.713,1033.202,3049.789,76.096,0.024951,1007.422,1.0,16,1752431.9,5932447.7
1156,3,0.14089200000000002,0.1174,3,50,Rosedale Road,14413.0,7206.5,propagated,0.096,554.209,830.189,2450.539,80.204,0.032729,803.018,1.0,17,1752707.6,5932421.0
1157,8,0.5248919999999999,0.4374,3,50,Rosedale Road,14413.0,7206.5,count,0.096,554.209,830.189,2450.539,83.382,0.034026,801.941,1.0,18,1752983.7,5932393.1
1158,3,0.20376,0.1698,3,50,Rosedale Road,16649.0,8324.5,count,0.097303,640.187,971.999,2869.131,83.382,0.029062,943.751,1.0,18,1753275.8,5932443.3
1159,1,0.024444,0.0204,3,50,Rosedale Road,16649.0,8324.5,propagated,0.097303,640.187,971.999,2869.131,88.211,0.030745,942.115,1.0,19,1753352.8,5932489.0
1160,2,0.020964,0.0175,3,50,Rosedale Road,16649.0,8324.5,propagated,0.097303,640.187,971.999,2869.131,103.671,0.036133,936.878,1.0,22,1753369.0,5932495.0
1161,2,0.19745999999999997,0.1646,3,50,Rosedale Road,18149.0,9074.5,propagated,0.100391,697.865,1093.198,3226.885,103.671,0.032127,1058.077,1.0,22,1753448.7,5932526.5
1162,3,0.074724,0.0623,1,50,Lincoln Road,29521.0,14760.5,count,0.096,1135.141,1700.41,5019.243,5.017,0.001,1698.71,1.0,3,1745247.3,5919202.6
1163,4,0.199644,0.1664,1,50,Lincoln Road,29521.0,14760.5,propagated,0.096,1135.141,1700.41,5019.243,15.805,0.003149,1695.056,1.0,6,1745258.4,5919316.3
1164,10,0.441888,0.3682,1,50,Lincoln Road,32063.0,16031.5,count,0.096,1232.886,1846.829,5451.441,15.805,0.002899,1841.475,1.0,6,1745291.2,5919581.6
1165,20,0.5223359999999999,0.4353,1,50,Lincoln Road,45429.0,22714.5,count,0.096,1746.836,2616.71,7723.963,15.805,0.002046,2611.356,1.0,6,1745317.9,5919981.6
1166,9,0.27963599999999994,0.233,1,50,Lincoln Road,43593.0,21796.5,propagated,0.096,1676.238,2510.957,7411.803,15.805,0.002132,2505.603,1.0,6,1745352.7,5920312.4
1167,1,0.005376000000000001,0.0045,4,50,Lunn Avenue,17911.0,8955.5,propagated,0.096,688.714,1031.674,3045.279,38.227,0.012553,1018.724,1.0,7,1764058.2,5915045.6
1168,2,0.029435999999999997,0.0245,4,50,Lunn Avenue,17911.0,8955.5,propagated,0.096,688.714,1031.674,3045.279,44.308,0.01455,1016.663,1.0,8,1764058.6,5915031.6
1169,4,0.16899599999999998,0.1408,4,50,Summerland Drive,9435.0,4717.5,count,0.114997,362.795,650.998,1921.606,3.298,0.001716,649.881,1.0,1,1743473.8,5918033.7
1170,1,0.082644,0.0689,4,50,Summerland Drive,9435.0,4717.5,propagated,0.114997,362.795,650.998,1921.606,6.587,0.003428,648.766,1.0,2,1743546.3,5917957.8
1171,7,0.27198,0.2266,4,50,Summerland Drive,6986.0,3493.0,count,0.116232,268.626,487.198,1438.103,6.587,0.00458,484.966,1.0,2,1743669.3,5917878.9
1172,1,0.060011999999999996,0.05,4,50,Summerland Drive,6310.0,3155.0,count,0.12504,242.632,473.401,1397.378,9.834,0.007037,470.069,1.0,3,1743704.6,5917756.8
1173,2,0.03744,0.0312,4,50,Summerland Drive,6310.0,3155.0,propagated,0.12504,242.632,473.401,1397.378,13.118,0.009388,468.957,1.0,4,1743705.0,5917717.1
1174,1,0.053135999999999996,0.0443,4,50,Summerland Drive,6398.0,3199.0,propagated,0.130666,246.016,501.601,1480.618,13.118,0.00886,497.157,1.0,4,1743701.7,5917680.1
1175,3,0.23981999999999998,0.1998,4,50,Summerland Drive,6398.0,3199.0,count,0.130666,246.016,501.601,1480.618,16.383,0.011065,496.051,1.0,5,1743663.7,5917564.9
1176,2,0.15700799999999998,0.1308,4,50,Summerland Drive,7281.0,3640.5,propagated,0.096,279.969,419.386,1237.937,16.383,0.013234,413.836,1.0,5,1743618.8,5917406.0
1177,5,0.27815999999999996,0.2318,4,50,Summerland Drive,7281.0,3640.5,count,0.096,279.969,419.386,1237.937,20.146,0.016274,412.561,1.0,6,1743602.6,5917227.5
1178,2,0.167796,0.1398,4,50,Summerland Drive,7591.0,3795.5,propagated,0.096,291.889,437.242,1290.644,20.146,0.015609,430.417,1.0,6,1743717.0,5917083.6
1179,4,0.20712,0.1726,4,50,Summerland Drive,7591.0,3795.5,count,0.096,291.889,437.242,1290.644,26.747,0.020724,428.181,1.0,7,1743829.2,5916975.1
1180,2,0.036287999999999994,0.0302,4,50,Sturges Road,6106.0,3053.0,propagated,0.102358,234.788,374.999,1106.916,33.434,0.030205,363.672,1.0,8,1743902.5,5916913.3
1181,1,0.056484,0.0471,4,50,Sturges Road,6106.0,3053.0,propagated,0.102358,234.788,374.999,1106.916,94.921,0.085753,342.842,1.0,21,1743938.7,5916924.1
1182,2,0.028524,0.0238,4,50,Sturges Road,6106.0,3053.0,propagated,0.102358,234.788,374.999,1106.916,100.878,0.091134,340.824,1.0,22,1743966.9,5916944.6
1183,3,0.11224799999999999,0.0935,4,50,Sturges Road,11780.0,5890.0,propagated,0.096,452.965,678.528,2002.868,100.878,0.050367,644.353,1.0,22,1743992.7,5916997.1
1184,7,0.294324,0.2453,4,50,Sturges Road,11780.0,5890.0,count,0.096,452.965,678.528,2002.868,106.994,0.05342,642.281,1.0,23,1744063.9,5917150.6
1185,1,0.052272,0.0436,4,50,Sturges Road,11780.0,5890.0,propagated,0.096,452.965,678.528,2002.868,111.849,0.055844,640.636,1.0,24,1744126.4,5917280.8
1186,4,0.171876,0.1432,4,50,Sturges Road,11500.0,5750.0,count,0.096,442.198,662.4,1955.262,111.849,0.057204,624.508,1.0,24,1744167.4,5917365.1
1187,2,0.11098799999999998,0.0925,4,50,Sturges Road,8124.0,4062.0,count,0.096,312.384,467.942,1381.264,111.849,0.080976,430.05,1.0,24,1744220.0,5917470.3
1188,5,0.331248,0.276,4,50,Sturges Road,6582.0,3291.0,count,0.096,253.091,379.123,1119.089,111.849,0.099946,341.231,1.0,24,1744351.7,5917597.9
1189,10,0.49027200000000004,0.4086,4,50,Sturges Road,17217.0,8608.5,count,0.085555,662.028,883.8,2608.787,111.849,0.042874,845.908,1.0,24,1744598.4,5917835.0
1190,1,0.013488,0.0112,2,50,Swanson Road,25693.0,12846.5,propagated,0.096,987.947,1479.917,4368.396,210.648,0.048221,1408.554,1.0,50,1744778.3,5917935.0
1191,12,0.38881199999999994,0.324,2,50,Swanson Road,25693.0,12846.5,count,0.096,987.947,1479.917,4368.396,213.11,0.048784,1407.72,1.0,51,1744917.8,5917842.5
1192,4,0.085224,0.071,1,50,Great North Road,15961.0,7980.5,propagated,0.096,613.732,919.354,2713.735,216.699,0.079853,845.941,1.0,52,1745071.1,5917721.0
1193,1,0.008952,0.0075,1,50,Great North Road,15961.0,7980.5,propagated,0.096,613.732,919.354,2713.735,220.567,0.081278,844.631,1.0,53,1745098.3,5917694.2
1194,6,0.22399200000000002,0.1867,1,50,Great North Road,15961.0,7980.5,count,0.096,613.732,919.354,2713.735,224.932,0.082887,843.152,1.0,54,1745154.2,5917615.0
1195,5,0.172008,0.1433,1,50,Great North Road,24747.0,12373.5,propagated,0.096,951.572,1425.427,4207.553,224.932,0.053459,1349.225,1.0,54,1745254.5,5917485.1
1196,1,0.021528000000000002,0.0179,1,50,Great North Road,24747.0,12373.5,propagated,0.096,951.572,1425.427,4207.553,230.935,0.054886,1347.191,1.0,55,1745313.1,5917429.3
1197,3,0.04911599999999999,0.0409,3,50,Alderman Drive,12883.0,6441.5,propagated,0.096,495.377,742.061,2190.404,237.108,0.108249,661.734,1.0,56,1745339.4,5917417.0
1198,1,0.09734571428571427,0.1136,4,70,Upper Harbour Drive,6261.0,3130.5,count,0.144705,240.748,543.599,1604.587,29.934,0.018655,533.458,1.0,7,1751658.6,5929324.7
1199,1,0.14285142857142855,0.1667,4,70,Upper Harbour Drive,6261.0,3130.5,propagated,0.144705,240.748,543.599,1604.587,33.321,0.020766,532.311,1.0,8,1751769.9,5929409.5
1200,5,0.3183771428571428,0.3714,4,70,Upper Harbour Drive,5560.0,2780.0,count,0.096,213.793,320.256,945.327,36.53,0.038643,307.88,1.0,9,1751901.1,5929635.7
1201,2,0.12161142857142856,0.1419,4,70,Upper Harbour Drive,5660.0,2830.0,propagated,0.096,217.638,326.016,962.329,36.53,0.03796,313.64,1.0,9,1752045.4,5929844.5
1202,3,0.22325142857142855,0.2605,4,70,Upper Harbour Drive,5660.0,2830.0,count,0.096,217.638,326.016,962.329,39.841,0.041401,312.519,1.0,10,1752177.9,5929995.9
1203,6,0.24530571428571424,0.2862,4,70,Upper Harbour Drive,5906.0,2953.0,count,0.096,227.098,340.186,1004.156,39.841,0.039676,326.689,1.0,10,1752351.6,5930204.8
1204,2,0.0386,0.0386,4,60,Upper Harbour Drive,5906.0,2953.0,propagated,0.096,227.098,340.186,1004.156,39.841,0.039676,326.689,1.0,10,1752304.2,5930356.3
1205,8,0.25351,0.2535,2,60,Albany Highway,28612.0,14306.0,default,0.096,1100.189,1648.051,4864.691,39.841,0.00819,1634.554,1.0,10,1752246.5,5930488.8
1206,3,0.02029,0.0203,2,60,Albany Highway,28612.0,14306.0,default,0.096,1100.189,1648.051,4864.691,42.363,0.008708,1633.699,1.0,11,1752164.0,5930594.5
1207,3,0.08226,0.0823,2,60,Albany Highway,28612.0,14306.0,default,0.096,1100.189,1648.051,4864.691,44.921,0.009234,1632.833,1.0,12,1752129.0,5930630.7
1208,1,0.05905,0.059,2,60,Exit 2 Albany Highway,7394.0,3697.0,propagated,0.096,284.314,425.894,1257.147,44.921,0.035732,410.676,1.0,12,1752107.8,5930686.6
1209,1,0.0078,0.0078,2,60,Exit 2 Albany Highway,7394.0,3697.0,propagated,0.096,284.314,425.894,1257.147,51.296,0.040804,408.516,1.0,15,1752121.7,5930716.5
1210,1,0.2857875,0.381,2,80,Exit 2 Albany Highway,7394.0,3697.0,count,0.096,284.314,425.894,1257.147,51.296,0.040804,408.516,1.0,15,1752255.5,5930857.6
1211,2,0.150588,0.1255,3,50,Browns Road,14449.0,7224.5,propagated,0.096,555.593,832.262,2456.658,52.342,0.021306,814.53,1.0,12,1767339.3,5902086.7
1212,9,0.6036360000000001,0.503,3,50,Browns Road,10227.0,5113.5,count,0.101398,393.249,622.198,1836.594,52.342,0.028499,604.466,1.0,12,1767630.3,5902204.4
1213,7,0.416628,0.3472,3,50,Browns Road,13302.0,6651.0,count,0.096,511.489,766.195,2261.642,52.342,0.023143,748.463,1.0,12,1768024.8,5902362.8
1214,1,0.038808,0.0323,4,50,Orams Road,14593.0,7296.5,propagated,0.096,561.13,840.557,2481.143,52.342,0.021096,822.825,1.0,12,1768201.0,5902434.1
1215,3,0.03857,0.0386,3,60,Pakuranga Road,42476.0,21238.0,propagated,0.140456,1633.287,3579.605,10566.221,749.612,0.070944,3325.653,1.0,139,1766627.2,5913303.2
1216,1,0.04722,0.0472,3,60,Pakuranga Road,84826.0,42413.0,count,0.096,3261.729,4885.978,14422.353,749.612,0.051976,4632.026,1.0,139,1766587.9,5913287.1
1217,4,0.21567,0.2157,3,60,Ti Rakau Drive,20136.0,10068.0,propagated,0.096,774.269,1159.834,3423.58,749.612,0.218956,905.882,1.0,139,1766554.3,5913183.8
1218,4,0.16855,0.1686,3,60,Ti Rakau Drive,20136.0,10068.0,propagated,0.096,774.269,1159.834,3423.58,753.855,0.220195,904.444,1.0,140,1766606.8,5912999.7
1219,1,0.012199999999999999,0.0122,2,60,Pakuranga Highway,28612.0,14306.0,default,0.096,1100.189,1648.051,4864.691,753.855,0.154965,1392.661,1.0,140,1766655.4,5912930.1
1220,1,0.056780000000000004,0.0568,2,60,Pakuranga Highway,28612.0,14306.0,default,0.096,1100.189,1648.051,4864.691,765.056,0.157267,1388.867,1.0,144,1766630.0,5912907.3
1221,1,0.01026,0.0086,3,50,Henderson Valley Road,5133.0,2566.5,propagated,0.096,197.374,295.661,872.727,63.279,0.072507,274.223,1.0,9,1743992.5,5915445.8
1222,10,0.47497199999999995,0.3958,3,50,Henderson Valley Road,5133.0,2566.5,count,0.096,197.374,295.661,872.727,71.412,0.081826,271.468,1.0,10,1744150.7,5915571.8
1223,4,0.05114400000000001,0.0426,3,50,Henderson Valley Road,5133.0,2566.5,propagated,0.096,197.374,295.661,872.727,78.06,0.089444,269.216,1.0,11,1744318.8,5915711.6
1224,1,0.007908,0.0066,3,50,Henderson Valley Road,5133.0,2566.5,propagated,0.096,197.374,295.661,872.727,97.587,0.111818,262.601,1.0,15,1744333.1,5915726.9
1225,1,0.04312799999999999,0.0359,3,50,Henderson Valley Road,15584.0,7792.0,propagated,0.096,599.236,897.638,2649.634,97.587,0.03683,864.578,1.0,15,1744350.8,5915736.2
1226,7,0.43771199999999993,0.3648,3,50,Henderson Valley Road,15584.0,7792.0,count,0.096,599.236,897.638,2649.634,173.378,0.065435,838.901,1.0,26,1744508.7,5915858.7
1227,3,0.157164,0.131,3,50,Henderson Valley Road,14341.0,7170.5,count,0.096,551.44,826.042,2438.298,177.69,0.072875,765.845,1.0,27,1744702.2,5916013.8
1228,1,0.037224,0.031,3,50,Weymouth Road,7609.0,3804.5,propagated,0.096,292.581,438.278,1293.702,24.852,0.01921,429.859,1.0,5,1766342.6,5899808.4
1229,1,0.06544799999999999,0.0545,3,50,Roscommon Road,56648.0,28324.0,propagated,0.096,2178.229,3262.925,9631.45,24.852,0.00258,3254.506,1.0,5,1766308.8,5899832.8
1230,5,0.13703,0.137,3,60,Roscommon Road,56648.0,28324.0,count,0.096,2178.229,3262.925,9631.45,30.013,0.003116,3252.757,1.0,6,1766270.9,5899920.4
1231,3,0.12084,0.1208,3,60,Roscommon Road,30792.0,15396.0,propagated,0.096,1184.014,1773.619,5235.341,30.013,0.005733,1763.451,1.0,6,1766221.5,5900039.1
1232,1,0.06306,0.0631,3,60,Roscommon Road,30792.0,15396.0,count,0.096,1184.014,1773.619,5235.341,53.927,0.010301,1755.35,1.0,11,1766187.1,5900124.7
1233,1,0.03499,0.035,3,60,Roscommon Road,30792.0,15396.0,propagated,0.096,1184.014,1773.619,5235.341,57.924,0.011064,1753.996,1.0,12,1766169.3,5900170.6
1234,3,0.07787999999999999,0.0649,3,50,Main Highway,12840.0,6420.0,propagated,0.096,493.724,739.584,2183.092,4.991,0.002286,737.893,1.0,1,1761814.4,5914715.8
1235,2,0.04224,0.0352,3,50,Main Highway,12840.0,6420.0,propagated,0.096,493.724,739.584,2183.092,9.991,0.004577,736.199,1.0,2,1761768.3,5914697.4
1236,4,0.144204,0.1202,3,50,Main Highway,12840.0,6420.0,propagated,0.096,493.724,739.584,2183.092,40.287,0.018454,725.936,1.0,7,1761697.8,5914664.6
1237,2,0.106992,0.0892,3,50,Northcote Road,25528.0,12764.0,count,0.084104,981.603,1288.204,3802.5,92.567,0.024344,1256.844,1.0,15,1756151.2,5926949.8
1238,3,0.13468799999999997,0.1122,3,50,Northcote Road,25528.0,12764.0,propagated,0.084104,981.603,1288.204,3802.5,101.315,0.026644,1253.881,1.0,16,1756223.5,5927019.3
1239,1,0.109764,0.0915,3,50,Northcote Road,14469.0,7234.5,propagated,0.10132,556.362,879.599,2596.386,101.315,0.039022,845.276,1.0,16,1756298.4,5927088.5
1240,1,0.08861999999999999,0.0738,3,50,Exit 419 Northcote Road,14640.0,7320.0,propagated,0.096,562.937,843.264,2489.133,107.695,0.043266,806.779,1.0,17,1756367.0,5927124.9
1241,1,0.020676,0.0172,3,50,Exit 419 Northcote Road,14640.0,7320.0,propagated,0.096,562.937,843.264,2489.133,153.728,0.06176,791.184,1.0,23,1756397.9,5927092.3
1242,1,0.008106,0.0135,3,100,Exit 419 Northcote Road,14640.0,7320.0,propagated,0.096,562.937,843.264,2489.133,153.728,0.06176,791.184,1.0,23,1756406.6,5927079.9
1243,2,0.20817,0.347,3,100,Exit 419 Northcote Road,14640.0,7320.0,count,0.096,562.937,843.264,2489.133,160.007,0.064282,789.057,1.0,24,1756499.6,5926925.3
1244,2,0.087876,0.0732,4,50,Target Road,20183.0,10091.5,propagated,0.096,776.077,1162.541,3431.57,64.654,0.018841,1140.638,1.0,12,1755059.6,5929229.6
1245,3,0.06101999999999999,0.0508,3,50,Wairau Road,28687.0,14343.5,propagated,0.096,1103.073,1652.371,4877.443,108.041,0.022151,1615.769,1.0,25,1755081.0,5929174.6
1246,1,0.028104,0.0234,3,50,Wairau Road,28687.0,14343.5,propagated,0.096,1103.073,1652.371,4877.443,115.293,0.023638,1613.312,1.0,26,1755105.7,5929146.8
1247,5,0.094092,0.0784,3,50,Wairau Road,28687.0,14343.5,propagated,0.096,1103.073,1652.371,4877.443,123.013,0.025221,1610.697,1.0,27,1755144.8,5929114.4
1248,1,0.046404,0.0387,3,50,Wairau Road,28687.0,14343.5,propagated,0.096,1103.073,1652.371,4877.443,145.067,0.029742,1603.225,1.0,30,1755192.6,5929082.4
1249,1,0.03216,0.0268,3,50,Wairau Road,28687.0,14343.5,propagated,0.096,1103.073,1652.371,4877.443,153.13,0.031396,1600.494,1.0,31,1755222.6,5929069.2
1250,1,0.019247999999999998,0.016,3,50,Wairau Road,28687.0,14343.5,propagated,0.096,1103.073,1652.371,4877.443,161.509,0.033113,1597.655,1.0,32,1755242.1,5929060.6
1251,5,0.21339599999999997,0.1778,3,50,Wairau Road,28687.0,14343.5,count,0.096,1103.073,1652.371,4877.443,169.823,0.034818,1594.839,1.0,33,1755329.7,5929021.9
1252,1,0.010631999999999999,0.0089,3,50,Wairau Road,28687.0,14343.5,propagated,0.096,1103.073,1652.371,4877.443,178.392,0.036575,1591.936,1.0,34,1755393.7,5928954.6
1253,1,0.054144,0.0451,3,50,Tristram Avenue,30885.0,15442.5,propagated,0.096,1187.59,1778.976,5251.153,195.298,0.037191,1712.813,1.0,36,1755416.4,5928960.4
1254,1,0.030947999999999996,0.0258,3,50,Tristram Avenue,30885.0,15442.5,count,0.096,1187.59,1778.976,5251.153,212.442,0.040456,1707.005,1.0,38,1755448.1,5928977.0
1255,1,0.108912,0.0908,3,50,Exit 417 Tristram Avenue,16629.0,8314.5,propagated,0.096,639.418,957.83,2827.307,212.442,0.075139,885.859,1.0,38,1755499.5,5928968.5
1256,1,0.0081,0.0068,3,50,Exit 417 Tristram Avenue,16629.0,8314.5,propagated,0.096,639.418,957.83,2827.307,237.409,0.08397,877.401,1.0,41,1755528.5,5928929.4
1257,3,0.16197,0.27,3,100,Exit 417 Tristram Avenue,32150.0,16075.0,count,0.096,1236.232,1851.84,5466.232,245.886,0.044983,1768.539,1.0,42,1755593.7,5928807.1
1258,1,0.012674999999999999,0.0068,3,32,Highbrook Drive,38156.0,19078.0,propagated,0.10326,1467.175,2363.993,6977.997,6.749,0.000967,2361.707,1.0,1,1765591.4,5908874.1
1259,3,0.14504399999999998,0.1209,4,50,Neilson Street,21554.0,10777.0,propagated,0.090285,828.794,1167.602,3446.509,22.313,0.006474,1160.043,1.0,6,1760995.3,5911870.7
1260,21,0.854256,0.7119,4,50,Neilson Street,26964.0,13482.0,count,0.079105,1036.82,1279.792,3777.67,22.313,0.005907,1272.233,1.0,6,1761315.8,5912079.3
1261,4,0.15848399999999999,0.1321,4,50,Neilson Street,26964.0,13482.0,propagated,0.079105,1036.82,1279.792,3777.67,27.25,0.007213,1270.56,1.0,7,1761532.4,5912437.1
1262,1,0.033576,0.028,3,50,Church Street,38071.0,19035.5,propagated,0.096,1463.906,2192.89,6472.938,94.857,0.014654,2160.755,1.0,20,1761609.5,5912455.9
1263,7,0.40002,0.3334,3,50,Church Street,38071.0,19035.5,count,0.096,1463.906,2192.89,6472.938,99.614,0.015389,2159.143,1.0,21,1761788.3,5912477.6
1264,5,0.177972,0.1483,3,50,Church Street,12922.0,6461.0,propagated,0.096,496.877,744.307,2197.034,99.614,0.04534,710.56,1.0,21,1762025.9,5912509.4
1265,13,0.5430119999999999,0.4525,3,50,South Eastern Highway,107344.0,53672.0,count,0.096,4127.591,6183.014,18250.923,99.614,0.005458,6149.267,1.0,21,1762304.0,5912604.4
1266,1,0.026063999999999997,0.0217,3,50,South Eastern Highway,56278.0,28139.0,propagated,0.096,2164.002,3241.613,9568.542,99.614,0.010411,3207.866,1.0,21,1762477.3,5912763.0
1267,1,0.013116,0.0109,2,50,South Eastern Highway,56278.0,28139.0,propagated,0.096,2164.002,3241.613,9568.542,105.51,0.011027,3205.869,1.0,23,1762488.6,5912775.0
1268,3,0.102972,0.0858,3,50,Bader Drive,16074.0,8037.0,propagated,0.093318,618.077,899.996,2656.594,7.135,0.002686,897.579,1.0,2,1760067.3,5907154.1
1269,3,0.124356,0.1036,3,50,Bader Drive,16074.0,8037.0,count,0.093318,618.077,899.996,2656.594,10.935,0.004116,896.291,1.0,3,1760003.5,5907223.1
1270,2,0.07361999999999999,0.0614,3,50,Bader Drive,19460.0,9730.0,count,0.096,748.276,1120.896,3308.643,10.935,0.003305,1117.191,1.0,3,1759952.7,5907288.2
1271,2,0.06928799999999999,0.0577,3,50,Bader Drive,19460.0,9730.0,propagated,0.096,748.276,1120.896,3308.643,14.875,0.004496,1115.857,1.0,4,1759917.0,5907335.7
1272,1,0.037308,0.0311,3,50,Bader Drive,15390.0,7695.0,propagated,0.097336,591.776,898.801,2653.067,14.875,0.005607,893.762,1.0,4,1759890.7,5907371.5
1273,1,0.024324,0.0405,3,100,Exit 1 Bader Drive,3232.0,1616.0,propagated,0.096,124.277,186.163,549.513,14.875,0.027069,181.124,1.0,4,1759867.4,5907370.3
1274,3,0.21948599999999996,0.3658,3,100,Exit 1 Bader Drive,3232.0,1616.0,count,0.096,124.277,186.163,549.513,18.509,0.033683,179.893,1.0,5,1759738.7,5907215.3
1275,1,0.035304,0.0294,3,50,Wairau Road,28687.0,14343.5,propagated,0.096,1103.073,1652.371,4877.443,8.489,0.00174,1649.495,1.0,1,1755412.5,5928920.8
1276,1,0.062088,0.0517,3,50,Wairau Road,28687.0,14343.5,propagated,0.096,1103.073,1652.371,4877.443,17.143,0.003515,1646.563,1.0,2,1755416.6,5928954.8
1277,3,0.10504799999999999,0.0875,3,50,Symonds Street,25748.0,12874.0,count,0.096,990.062,1483.085,4377.747,140.747,0.032151,1435.403,1.0,17,1756953.5,5918716.7
1278,1,0.027444,0.0229,3,50,Symonds Street,25748.0,12874.0,propagated,0.096,990.062,1483.085,4377.747,151.783,0.034671,1431.664,1.0,18,1756970.2,5918768.3
1279,1,0.014988,0.0125,3,50,Symonds Street,25748.0,12874.0,propagated,0.096,990.062,1483.085,4377.747,195.255,0.044602,1416.937,1.0,22,1756975.0,5918785.2
1280,1,0.03864,0.0322,3,50,Symonds Street,25748.0,12874.0,propagated,0.096,990.062,1483.085,4377.747,206.296,0.047124,1413.196,1.0,23,1756979.8,5918806.9
1281,1,0.01596,0.0133,3,50,Symonds Street,5425.0,2712.5,propagated,0.096,208.602,312.48,922.374,216.862,0.235113,239.012,1.0,24,1756986.5,5918828.8
1282,9,0.31121999999999994,0.2593,3,50,Symonds Street,5425.0,2712.5,count,0.096,208.602,312.48,922.374,227.967,0.247152,235.25,1.0,25,1757022.2,5918960.5
1283,1,0.022487999999999998,0.0187,3,50,Symonds Street,16763.0,8381.5,propagated,0.096,644.571,965.549,2850.092,238.394,0.083644,884.786,1.0,26,1757073.1,5919089.5
1284,1,0.008471999999999999,0.0071,3,50,Symonds Street,16763.0,8381.5,propagated,0.096,644.571,965.549,2850.092,364.417,0.127861,842.092,1.0,37,1757075.4,5919101.9
1285,2,0.054324,0.0453,3,50,Symonds Street,16763.0,8381.5,propagated,0.096,644.571,965.549,2850.092,375.458,0.131735,838.352,1.0,38,1757086.4,5919125.6
1286,1,0.0121125,0.0161,0,80,Northwestern Motorway,25906.0,12953.0,propagated,0.096,996.138,1492.186,4404.611,375.458,0.085242,1364.989,1.0,38,1757103.5,5919143.3
1287,6,0.3548475000000001,0.4731,0,80,Northwestern Motorway,39306.0,19653.0,count,0.096,1511.394,2264.026,6682.916,375.458,0.056182,2136.829,1.0,38,1757338.8,5919153.3
1288,2,0.2519775,0.336,0,80,Northwestern Motorway,22866.0,11433.0,count,0.096,879.243,1317.082,3887.742,375.458,0.096575,1189.885,1.0,38,1757572.4,5919476.9
1289,1,0.11229,0.1497,0,80,Northwestern Motorway,35296.0,17648.0,propagated,0.096,1357.202,2033.05,6001.125,375.458,0.062565,1905.853,1.0,38,1757723.0,5919667.3
1290,4,0.1513875,0.2018,0,80,Northwestern Motorway,35296.0,17648.0,count,0.096,1357.202,2033.05,6001.125,389.997,0.064987,1900.928,1.0,40,1757846.7,5919791.8
1291,1,0.038055000000000005,0.0507,0,80,Northwestern Motorway,35296.0,17648.0,propagated,0.096,1357.202,2033.05,6001.125,404.039,0.067327,1896.17,1.0,42,1757949.0,5919865.8
1292,1,0.15522,0.1294,0,50,Stanley Street,40238.0,20119.0,count,0.096,1547.232,2317.709,6841.377,404.039,0.059058,2180.829,1.0,42,1758026.1,5919912.6
1293,1,0.111804,0.0932,4,50,Alten Road,13611.0,6805.5,propagated,0.078613,523.37,642.001,1895.048,410.467,0.2166,502.944,1.0,43,1758097.7,5919995.3
1294,3,0.19068000000000002,0.1589,4,50,Appian Way,10408.0,5204.0,default,0.096,400.208,599.501,1769.598,3.832,0.002165,598.203,1.0,1,1752306.9,5934301.4
1295,1,0.021587999999999996,0.018,4,50,Don McKinnon Drive,6497.0,3248.5,propagated,0.096,249.823,374.227,1104.637,12.772,0.011562,369.9,1.0,3,1752329.9,5934224.8
1296,2,0.07056,0.0588,4,50,Don McKinnon Drive,6497.0,3248.5,propagated,0.096,249.823,374.227,1104.637,16.436,0.014879,368.659,1.0,4,1752320.5,5934189.0
1297,4,0.35622,0.2968,4,50,Don McKinnon Drive,6497.0,3248.5,propagated,0.096,249.823,374.227,1104.637,21.19,0.019183,367.048,1.0,5,1752235.1,5934033.4
1298,1,0.072696,0.0606,4,50,Don McKinnon Drive,9768.0,4884.0,propagated,0.096,375.599,562.637,1660.783,21.19,0.012759,555.458,1.0,5,1752217.4,5933857.5
1299,5,0.16400399999999998,0.1367,4,50,Don McKinnon Drive,9768.0,4884.0,propagated,0.096,375.599,562.637,1660.783,25.456,0.015328,554.013,1.0,6,1752258.3,5933774.7
1300,1,0.03474,0.029,4,50,Don McKinnon Drive,9768.0,4884.0,propagated,0.096,375.599,562.637,1660.783,30.892,0.018601,552.171,1.0,7,1752307.8,5933708.7
1301,7,0.317856,0.2649,4,50,Don McKinnon Drive,9768.0,4884.0,count,0.096,375.599,562.637,1660.783,36.426,0.021933,550.297,1.0,8,1752427.7,5933625.0
1302,1,0.006852,0.0057,4,50,Don McKinnon Drive,9768.0,4884.0,propagated,0.096,375.599,562.637,1660.783,72.969,0.043937,537.917,1.0,15,1752558.1,5933591.0
1303,1,0.096348,0.0803,4,50,Mercari Way,22395.0,11197.5,count,0.096,861.133,1289.952,3807.66,72.969,0.019164,1265.232,1.0,15,1752564.7,5933548.7
1304,6,0.19949999999999998,0.1662,4,50,Mercari Way,22395.0,11197.5,propagated,0.096,861.133,1289.952,3807.66,78.859,0.020711,1263.236,1.0,16,1752555.6,5933426.5
1305,2,0.040824,0.034,4,50,Mercari Way,22395.0,11197.5,propagated,0.096,861.133,1289.952,3807.66,83.932,0.022043,1261.518,1.0,17,1752505.6,5933340.9
1306,1,0.0061275,0.0082,2,80,Albany Expressway,57542.0,28771.0,propagated,0.096,2212.605,3314.419,9783.45,103.112,0.010539,3279.487,1.0,22,1752498.2,5933325.5
1307,1,0.02556,0.0341,2,80,Albany Expressway,57542.0,28771.0,propagated,0.096,2212.605,3314.419,9783.45,108.282,0.011068,3277.735,1.0,23,1752516.8,5933315.2
1308,12,0.200568,0.1671,2,50,Onewa Road,26640.0,13320.0,propagated,0.096,1024.361,1534.464,4529.407,212.107,0.046829,1462.607,1.0,68,1755607.0,5924640.3
1309,4,0.08964,0.0747,2,50,Onewa Road,34356.0,17178.0,propagated,0.096,1321.057,1978.906,5841.303,212.107,0.036312,1907.049,1.0,68,1755718.9,5924595.2
1310,7,0.229044,0.1909,2,50,Onewa Road,34356.0,17178.0,count,0.096,1321.057,1978.906,5841.303,213.181,0.036495,1906.685,1.0,69,1755842.7,5924546.7
1311,6,0.214584,0.1788,2,50,Onewa Road,33831.0,16915.5,count,0.096,1300.87,1948.666,5752.042,213.181,0.037062,1876.445,1.0,69,1756025.3,5924528.1
1312,9,0.234792,0.3913,2,100,Exit 421 Onewa Road,27148.0,13574.0,count,0.096,1043.895,1563.725,4615.779,213.181,0.046185,1491.504,1.0,69,1756227.8,5924383.3
1313,2,0.13973999999999998,0.1164,2,50,Te Horeta Road,28028.0,14014.0,propagated,0.096,1077.733,1614.413,4765.399,6.493,0.001363,1612.213,1.0,1,1764641.7,5914721.8
1314,2,0.059736,0.0498,2,50,Te Horeta Road,28028.0,14014.0,propagated,0.096,1077.733,1614.413,4765.399,23.48,0.004927,1606.458,1.0,4,1764699.5,5914780.3
1315,10,0.271344,0.2261,3,50,Ellerslie-Panmure Highway,19113.0,9556.5,propagated,0.130121,734.933,1492.202,4404.658,106.337,0.024142,1456.177,1.0,16,1764608.9,5914836.1
1316,2,0.089844,0.0749,3,50,Ellerslie-Panmure Highway,19113.0,9556.5,count,0.130121,734.933,1492.202,4404.658,112.007,0.025429,1454.256,1.0,17,1764465.9,5914882.1
1317,3,0.07675199999999999,0.064,3,50,Ellerslie-Panmure Highway,19113.0,9556.5,propagated,0.130121,734.933,1492.202,4404.658,117.268,0.026624,1452.474,1.0,18,1764400.0,5914903.6
1318,1,0.016547999999999997,0.0138,3,50,Ellerslie-Panmure Highway,31465.0,15732.5,propagated,0.096,1209.892,1812.384,5349.766,117.268,0.02192,1772.656,1.0,18,1764363.5,5914916.6
1319,4,0.141192,0.1177,2,50,Hobsonville Road,22301.0,11150.5,propagated,0.096,857.518,1284.538,3791.679,6.353,0.001676,1282.386,1.0,2,1746732.5,5926076.3
1320,2,0.07247999999999999,0.0604,2,50,Brigham Creek Road,13476.0,6738.0,propagated,0.096,518.179,776.218,2291.228,20.223,0.008826,769.367,1.0,6,1746657.6,5926029.6
1321,1,0.036084,0.0301,2,50,Brigham Creek Road,13476.0,6738.0,propagated,0.096,518.179,776.218,2291.228,23.704,0.010346,768.188,1.0,7,1746618.7,5926031.3
1322,1,0.025967999999999998,0.0216,2,50,Brigham Creek Road,13476.0,6738.0,count,0.096,518.179,776.218,2291.228,25.549,0.011151,767.563,1.0,8,1746595.4,5926042.8
1323,2,0.180012,0.15,2,50,Brigham Creek Road,13476.0,6738.0,propagated,0.096,518.179,776.218,2291.228,31.92,0.013931,765.404,1.0,10,1746513.2,5926065.2
1324,1,0.07325999999999999,0.061,2,50,Brigham Creek Road,21274.0,10637.0,propagated,0.096,818.028,1225.382,3617.063,31.92,0.008825,1214.568,1.0,10,1746410.4,5926088.6
1325,2,0.06267600000000001,0.0522,2,50,Brigham Creek Road,21274.0,10637.0,propagated,0.096,818.028,1225.382,3617.063,32.602,0.009013,1214.337,1.0,11,1746354.7,5926096.3
1326,1,0.013,0.0078,2,36,Brigham Creek Road,21274.0,10637.0,propagated,0.096,818.028,1225.382,3617.063,32.602,0.009013,1214.337,1.0,11,1746327.2,5926086.0
1327,1,0.038289473684210526,0.0242,2,38,Brigham Creek Road,21274.0,10637.0,propagated,0.096,818.028,1225.382,3617.063,32.602,0.009013,1214.337,1.0,11,1746313.7,5926078.6
1328,1,0.011895000000000001,0.0079,2,40,Brigham Creek Road,21274.0,10637.0,propagated,0.096,818.028,1225.382,3617.063,32.602,0.009013,1214.337,1.0,11,1746297.5,5926079.6
1329,6,0.29184,0.2432,2,50,Brigham Creek Road,21274.0,10637.0,count,0.096,818.028,1225.382,3617.063,32.602,0.009013,1214.337,1.0,11,1746185.4,5926041.2
1330,1,0.04272,0.0356,2,50,Entry 9 Brigham Creek Road,6140.0,3070.0,count,0.096,236.095,353.664,1043.94,32.602,0.03123,342.619,1.0,11,1746092.0,5925965.9
1331,4,0.15102,0.2517,2,100,Entry 9 Brigham Creek Road,6140.0,3070.0,propagated,0.096,236.095,353.664,1043.94,32.602,0.03123,342.619,1.0,11,1745955.0,5925929.0
1332,1,0.143616,0.2394,0,100,Upper Harbour Motorway,33754.0,16877.0,propagated,0.096,1297.909,1944.23,5738.947,32.602,0.005681,1933.185,1.0,11,1745735.6,5925819.5
1333,9,0.480054,0.8001,0,100,Upper Harbour Motorway,39894.0,19947.0,count,0.096,1534.004,2297.894,6782.887,32.602,0.004807,2286.849,1.0,11,1745289.9,5925552.3
1334,4,0.132882,0.2215,0,100,Upper Harbour Motorway,35252.0,17626.0,propagated,0.096,1355.51,2030.515,5993.642,32.602,0.005439,2019.47,1.0,11,1744853.1,5925287.7
1335,7,0.6228420000000001,1.0381,0,100,Upper Harbour Motorway,35252.0,17626.0,count,0.096,1355.51,2030.515,5993.642,67.36,0.011239,2007.695,1.0,20,1744312.5,5924965.7
1336,2,0.35526599999999997,0.5921,0,100,Upper Harbour Motorway,74072.0,37036.0,default,0.096,2848.217,4266.547,12593.926,67.36,0.005349,4243.727,1.0,20,1743920.2,5924326.4
1337,9,0.35664,0.5944,0,100,Northwestern Motorway,44424.0,22212.0,count,0.096,1708.192,2558.822,7553.09,67.36,0.008918,2536.002,1.0,20,1744092.8,5923762.4
1338,9,0.863988,1.44,0,100,Northwestern Motorway,58736.0,29368.0,count,0.096,2258.517,3383.194,9986.459,96.501,0.009663,3350.502,1.0,27,1744365.1,5922782.2
1339,1,0.03358,0.0336,4,60,Chapel Road,19660.0,9830.0,count,0.096,755.966,1132.416,3342.648,20.125,0.006021,1125.598,1.0,6,1770486.2,5910459.9
1340,1,0.02411,0.0241,4,60,Chapel Road,19660.0,9830.0,propagated,0.096,755.966,1132.416,3342.648,23.271,0.006962,1124.532,1.0,7,1770493.0,5910488.1
1341,3,0.09187000000000001,0.0919,4,60,Chapel Road,19660.0,9830.0,propagated,0.096,755.966,1132.416,3342.648,26.57,0.007949,1123.415,1.0,8,1770506.5,5910544.6
1342,6,0.23847000000000002,0.2385,4,60,Chapel Road,16517.0,8258.5,count,0.096,635.112,951.379,2808.266,26.57,0.009461,942.378,1.0,8,1770546.6,5910704.8
1343,4,0.1459,0.1459,4,60,Chapel Road,17469.0,8734.5,count,0.096,671.718,1006.214,2970.127,30.949,0.01042,995.729,1.0,9,1770580.0,5910893.6
1344,4,0.18165,0.1816,4,60,Chapel Road,20213.0,10106.5,count,0.096,777.23,1164.269,3436.671,30.949,0.009006,1153.784,1.0,9,1770599.4,5911056.5
1345,1,0.08142,0.0814,4,60,Ti Rakau Drive,14258.0,7129.0,default,0.096,548.249,821.261,2424.185,36.736,0.015154,808.816,1.0,10,1770608.9,5911187.1
1346,2,0.02943,0.0294,3,60,Ti Rakau Drive,22076.5,11038.25,default,0.096,848.886,1271.606,3753.506,48.452,0.012908,1255.192,1.0,12,1770592.9,5911231.1
1347,1,0.02779,0.0278,3,60,Ti Rakau Drive,22076.5,11038.25,default,0.096,848.886,1271.606,3753.506,54.618,0.014551,1253.103,1.0,13,1770566.0,5911240.1
1348,2,0.01694,0.0169,3,60,Ti Rakau Drive,22076.5,11038.25,default,0.096,848.886,1271.606,3753.506,60.784,0.016194,1251.014,1.0,14,1770544.6,5911246.1
1349,2,0.06334000000000001,0.0633,3,60,Ti Rakau Drive,22076.5,11038.25,default,0.096,848.886,1271.606,3753.506,67.021,0.017856,1248.901,1.0,15,1770506.4,5911258.7
1350,2,0.025759999999999998,0.0258,3,60,Ti Rakau Drive,22076.5,11038.25,default,0.096,848.886,1271.606,3753.506,72.943,0.019433,1246.895,1.0,16,1770463.2,5911269.6
1351,4,0.11963,0.1196,3,60,Ti Rakau Drive,22076.5,11038.25,default,0.096,848.886,1271.606,3753.506,78.864,0.021011,1244.889,1.0,17,1770392.9,5911287.9
1352,1,0.01299,0.013,3,60,Ti Rakau Drive,22076.5,11038.25,default,0.096,848.886,1271.606,3753.506,101.434,0.027024,1237.242,1.0,23,1770328.5,5911303.9
1353,1,0.02574,0.0257,3,60,Ti Rakau Drive,22076.5,11038.25,default,0.096,848.886,1271.606,3753.506,106.762,0.028443,1235.437,1.0,24,1770309.4,5911308.1
1354,11,0.49998999999999993,0.5,2,60,Ti Rakau Drive,28612.0,14306.0,default,0.096,1100.189,1648.051,4864.691,133.431,0.027428,1602.847,1.0,32,1770057.0,5911260.6
1355,27,0.8184000000000002,0.8184,2,60,Ti Rakau Drive,31820.0,15910.0,propagated,0.096,1223.543,1832.832,5410.125,133.431,0.024663,1787.628,1.0,32,1769435.3,5911413.2
1356,1,0.00928,0.0093,2,60,Ti Rakau Drive,31820.0,15910.0,propagated,0.096,1223.543,1832.832,5410.125,136.87,0.025299,1786.463,1.0,33,1769039.2,5911530.0
1357,1,0.031030000000000002,0.031,2,60,Ti Rakau Drive,31820.0,15910.0,propagated,0.096,1223.543,1832.832,5410.125,140.478,0.025966,1785.241,1.0,34,1769019.6,5911534.7
1358,10,0.23789,0.2379,2,60,Ti Rakau Drive,31820.0,15910.0,count,0.096,1223.543,1832.832,5410.125,213.285,0.039423,1760.576,1.0,50,1768888.8,5911566.2
1359,9,0.31784999999999997,0.3178,2,60,Ti Rakau Drive,37664.0,18832.0,count,0.096,1448.256,2169.446,6403.736,213.285,0.033306,2097.19,1.0,50,1768619.0,5911633.8
1360,6,0.19145,0.1914,2,60,Ti Rakau Drive,22874.0,11437.0,propagated,0.096,879.551,1317.542,3889.1,254.926,0.065549,1231.179,1.0,57,1768374.5,5911704.8
1361,1,0.12843000000000002,0.1284,2,60,Ti Rakau Drive,22874.0,11437.0,propagated,0.096,879.551,1317.542,3889.1,433.223,0.111394,1170.776,1.0,96,1768225.2,5911757.6
1362,11,0.49954999999999994,0.4996,2,60,Ti Rakau Drive,41506.0,20753.0,propagated,0.086108,1595.989,2144.399,6329.803,435.786,0.068847,1996.764,1.0,97,1767935.8,5911869.8
1363,15,0.8474200000000001,0.8474,2,60,Ti Rakau Drive,30368.0,15184.0,count,0.090622,1167.71,1651.205,4874.001,435.786,0.08941,1503.57,1.0,97,1767344.6,5912172.1
1364,3,0.30854,0.3085,2,60,Ti Rakau Drive,62988.0,31494.0,propagated,0.099066,2422.015,3743.982,11051.427,435.786,0.039433,3596.347,1.0,97,1766930.4,5912574.5
1365,4,0.17701000000000003,0.177,2,60,Ti Rakau Drive,62988.0,31494.0,count,0.099066,2422.015,3743.982,11051.427,436.607,0.039507,3596.069,1.0,98,1766794.9,5912773.6
1366,1,0.06257,0.0626,2,60,Ti Rakau Drive,37240.0,18620.0,propagated,0.096,1431.952,2145.024,6331.648,436.607,0.068956,1997.111,1.0,98,1766712.4,5912860.7
1367,3,0.31749,0.3175,2,60,Pakuranga Highway,28612.0,14306.0,default,0.096,1100.189,1648.051,4864.691,436.607,0.08975,1500.138,1.0,98,1766554.4,5912836.3
1368,1,0.0759525,0.1013,2,80,Pakuranga Highway,28121.0,14060.5,default,0.096,1081.309,1619.77,4781.211,436.607,0.091317,1471.857,1.0,98,1766356.2,5912864.8
1369,5,0.8082750000000001,1.0777,2,80,Pakuranga Highway,28121.0,14060.5,default,0.096,1081.309,1619.77,4781.211,439.99,0.092025,1470.711,1.0,99,1765831.4,5913131.4
1370,3,0.076575,0.1021,2,80,Pakuranga Highway,28121.0,14060.5,default,0.096,1081.309,1619.77,4781.211,443.394,0.092737,1469.558,1.0,100,1765290.2,5913366.8
1371,7,0.5038575,0.6718,2,80,South Eastern Highway,117042.0,58521.0,count,0.096,4500.499,6741.619,19899.804,443.394,0.022281,6591.407,1.0,100,1765012.3,5913185.6
1372,3,0.1352925,0.1804,2,80,South Eastern Highway,117252.0,58626.0,propagated,0.096,4508.574,6753.715,19935.509,443.394,0.022241,6603.503,1.0,100,1764673.2,5913001.5
1373,2,0.0345825,0.0461,2,80,South Eastern Highway,117252.0,58626.0,propagated,0.096,4508.574,6753.715,19935.509,446.718,0.022408,6602.377,1.0,101,1764564.8,5912968.2
1374,2,0.08345999999999999,0.0696,2,50,South Eastern Highway,117252.0,58626.0,propagated,0.096,4508.574,6753.715,19935.509,446.718,0.022408,6602.377,1.0,101,1764510.8,5912947.3
1375,1,0.020339999999999997,0.017,4,50,Carbine Road,12249.0,6124.5,propagated,0.096,470.999,705.542,2082.608,446.718,0.214499,554.204,1.0,101,1764476.4,5912944.3
1376,2,0.06558,0.0546,4,50,Neilson Street,32683.0,16341.5,propagated,0.096,1256.727,1882.541,5556.855,14.878,0.002677,1877.501,1.0,2,1759282.6,5911774.1
1377,2,0.072576,0.0605,4,50,Neilson Street,32683.0,16341.5,propagated,0.096,1256.727,1882.541,5556.855,23.311,0.004195,1874.644,1.0,3,1759225.3,5911777.8
1378,2,0.146892,0.1224,4,50,Neilson Street,13683.0,6841.5,propagated,0.096,526.139,788.141,2326.422,23.311,0.01002,780.244,1.0,3,1759134.7,5911791.6
1379,1,0.020387999999999996,0.017,4,50,Neilson Street,13683.0,6841.5,propagated,0.096,526.139,788.141,2326.422,32.449,0.013948,777.148,1.0,4,1759065.7,5911801.3
1380,5,0.10293599999999999,0.0858,4,50,Onehunga Mall,10872.0,5436.0,count,0.096,418.05,626.227,1848.487,88.86,0.048072,596.123,1.0,11,1759053.4,5911844.5
1381,1,0.040188,0.0335,4,50,Onehunga Mall,9547.0,4773.5,propagated,0.096,367.101,549.907,1623.207,97.487,0.060058,516.881,1.0,12,1759048.3,5911903.9
1382,3,0.03948,0.0329,4,50,Onehunga Mall,9547.0,4773.5,propagated,0.096,367.101,549.907,1623.207,105.225,0.064825,514.259,1.0,13,1759042.1,5911936.6
1383,2,0.049524,0.0413,4,50,Onehunga Mall,9547.0,4773.5,count,0.096,367.101,549.907,1623.207,113.012,0.069623,511.621,1.0,14,1759039.5,5911970.5
1384,1,0.060504,0.0504,4,50,Onehunga Mall,9547.0,4773.5,propagated,0.096,367.101,549.907,1623.207,120.682,0.074348,509.023,1.0,15,1759038.1,5912016.2
1385,1,0.153972,0.1283,4,50,Onehunga Mall,9723.0,4861.5,count,0.096,373.869,560.045,1653.132,120.682,0.073002,519.161,1.0,15,1759030.4,5912105.1
1386,1,0.017939999999999998,0.015,4,50,Onehunga Mall,9723.0,4861.5,propagated,0.096,373.869,560.045,1653.132,127.291,0.077,516.922,1.0,16,1759026.8,5912176.1
1387,2,0.014532,0.0121,4,50,Church Street,7919.0,3959.5,propagated,0.096,304.501,456.134,1346.409,127.291,0.094541,413.011,1.0,16,1759030.4,5912188.8
1388,1,0.005867999999999999,0.0049,4,50,Church Street,7919.0,3959.5,propagated,0.096,304.501,456.134,1346.409,139.379,0.103519,408.915,1.0,18,1759027.1,5912196.3
1389,1,0.015431999999999998,0.0129,4,50,Onehunga Mall,8329.0,4164.5,propagated,0.096,320.267,479.75,1416.118,139.379,0.098423,432.531,1.0,18,1759023.6,5912203.7
1390,2,0.124284,0.1036,4,50,Onehunga Mall,8329.0,4164.5,count,0.096,320.267,479.75,1416.118,158.222,0.111729,426.148,1.0,21,1759016.5,5912261.3
1391,3,0.138444,0.1154,4,50,Onehunga Mall,6100.0,3050.0,count,0.096,234.557,351.36,1037.139,158.222,0.152556,297.758,1.0,21,1759006.7,5912370.2
1392,2,0.031066666666666666,0.0093,4,18,Arthur Street,8873.0,4436.5,default,0.096,341.185,511.085,1508.613,158.222,0.104879,457.483,1.0,21,1759007.4,5912429.0
1393,2,0.036221052631578946,0.0115,4,19,Arthur Street,8873.0,4436.5,default,0.096,341.185,511.085,1508.613,158.222,0.104879,457.483,1.0,21,1759009.0,5912437.9
1394,7,0.431484,0.3596,4,50,Onehunga Mall,12203.0,6101.5,propagated,0.096,469.23,702.893,2074.788,158.222,0.076259,649.291,1.0,21,1758985.3,5912620.3
1395,3,0.11755199999999999,0.098,4,50,Onehunga Mall,10750.0,5375.0,count,0.096,413.359,619.2,1827.745,158.222,0.086567,565.598,1.0,21,1758965.7,5912847.7
1396,5,0.199716,0.1664,2,50,Glenfield Road,17111.0,8555.5,propagated,0.086669,657.952,889.796,2626.486,16.658,0.006342,884.153,1.0,5,1753684.2,5928214.0
1397,1,0.084252,0.0702,2,50,Glenfield Road,17111.0,8555.5,propagated,0.086669,657.952,889.796,2626.486,20.34,0.007744,882.905,1.0,6,1753735.5,5928320.5
1398,2,0.07542,0.0628,2,50,Glenfield Road,29449.0,14724.5,propagated,0.096,1132.373,1696.262,5006.999,20.34,0.004062,1689.371,1.0,6,1753752.7,5928384.3
1399,3,0.10148399999999999,0.0846,2,50,Glenfield Road,29449.0,14724.5,propagated,0.096,1132.373,1696.262,5006.999,22.535,0.004501,1688.628,1.0,7,1753747.0,5928457.9
1400,2,0.04134,0.0344,4,50,Chivalry Road,6196.0,3098.0,propagated,0.096,238.249,356.89,1053.462,22.535,0.021391,349.256,1.0,7,1753757.9,5928502.0
1401,9,0.328908,0.2741,4,50,Chivalry Road,6196.0,3098.0,count,0.096,238.249,356.89,1053.462,23.986,0.022769,348.764,1.0,8,1753912.2,5928499.4
1402,6,0.317916,0.2649,4,50,Chivalry Road,5690.0,2845.0,count,0.096,218.792,327.744,967.43,23.986,0.024794,319.618,1.0,8,1754028.5,5928267.5
1403,4,0.204636,0.1705,4,50,Chivalry Road,5886.0,2943.0,count,0.096,226.328,339.034,1000.755,23.986,0.023968,330.908,1.0,8,1754218.2,5928192.1
1404,1,0.035976,0.03,4,50,Chivalry Road,5886.0,2943.0,propagated,0.096,226.328,339.034,1000.755,27.26,0.027239,329.799,1.0,9,1754316.2,5928170.6
1405,2,0.19404,0.1617,4,50,Chivalry Road,5668.0,2834.0,count,0.118031,217.946,401.4,1184.846,30.583,0.025812,391.039,1.0,10,1754410.0,5928151.4
1406,2,0.07248,0.0604,4,50,Chivalry Road,5668.0,2834.0,propagated,0.118031,217.946,401.4,1184.846,33.788,0.028517,389.953,1.0,11,1754518.6,5928129.9
1407,5,0.16927199999999998,0.1411,4,50,Chivalry Road,5808.0,2904.0,count,0.106577,223.329,371.4,1096.293,33.788,0.03082,359.953,1.0,11,1754617.2,5928109.4
1408,1,0.050952,0.0425,4,50,Chivalry Road,5808.0,2904.0,propagated,0.106577,223.329,371.4,1096.293,39.152,0.035713,358.136,1.0,12,1754707.6,5928091.4
1409,4,0.152472,0.1271,4,50,Chivalry Road,4882.0,2441.0,propagated,0.111225,187.723,325.8,961.691,39.152,0.040712,312.536,1.0,12,1754790.3,5928073.7
1410,3,0.10125600000000001,0.0844,4,50,Chivalry Road,4882.0,2441.0,count,0.111225,187.723,325.8,961.691,45.226,0.047028,310.478,1.0,13,1754890.7,5928045.1
1411,2,0.09721199999999999,0.081,4,50,Chivalry Road,4882.0,2441.0,propagated,0.111225,187.723,325.8,961.691,51.549,0.053602,308.336,1.0,14,1754948.6,5927986.1
1412,3,0.14201999999999998,0.1184,4,50,Chivalry Road,4882.0,2441.0,propagated,0.111225,187.723,325.8,961.691,57.988,0.060298,306.155,1.0,15,1755016.4,5927912.4
1413,2,0.11247599999999999,0.0937,3,50,Archers Road,12445.0,6222.5,count,0.096,478.535,716.832,2115.933,95.427,0.045099,684.503,1.0,21,1755101.2,5927936.4
1414,2,0.15443999999999997,0.1287,3,50,Archers Road,12445.0,6222.5,propagated,0.096,478.535,716.832,2115.933,101.512,0.047975,682.442,1.0,22,1755184.3,5928010.5
1415,9,0.313956,0.2616,3,50,Archers Road,15713.0,7856.5,count,0.096,604.196,905.069,2671.568,101.512,0.037997,870.679,1.0,22,1755326.9,5928144.5
1416,5,0.191244,0.1594,3,50,Archers Road,15713.0,7856.5,propagated,0.096,604.196,905.069,2671.568,107.102,0.04009,868.785,1.0,23,1755480.0,5928289.0
1417,8,0.140496,0.1171,3,50,Archers Road,15713.0,7856.5,propagated,0.096,604.196,905.069,2671.568,112.881,0.042253,866.827,1.0,24,1755580.4,5928383.7
1418,2,0.038279999999999995,0.0319,3,50,Archers Road,15713.0,7856.5,propagated,0.096,604.196,905.069,2671.568,119.257,0.044639,864.667,1.0,25,1755635.0,5928433.8
1419,3,0.082188,0.0685,3,50,Wairau Road,26819.0,13409.5,propagated,0.096,1031.244,1544.774,4559.839,181.307,0.039762,1483.351,1.0,33,1755661.9,5928415.5
1420,10,0.256332,0.2136,3,50,Wairau Road,19798.0,9899.0,propagated,0.096,761.273,1140.365,3366.111,181.307,0.053862,1078.942,1.0,33,1755725.4,5928289.8
1421,1,0.02052,0.0171,3,50,Wairau Road,19798.0,9899.0,propagated,0.096,761.273,1140.365,3366.111,188.475,0.055992,1076.514,1.0,34,1755791.3,5928195.8
1422,3,0.215916,0.1799,3,50,Wairau Road,19798.0,9899.0,count,0.096,761.273,1140.365,3366.111,202.603,0.060189,1071.728,1.0,36,1755870.3,5928140.2
1423,10,0.294336,0.2453,4,50,Carbine Road,18576.0,9288.0,count,0.093723,714.284,1044.599,3083.431,9.998,0.003242,1041.212,1.0,3,1764534.8,5912653.9
1424,5,0.131616,0.1097,4,50,Carbine Road,18576.0,9288.0,propagated,0.093723,714.284,1044.599,3083.431,13.424,0.004354,1040.051,1.0,4,1764500.3,5912828.5
1425,1,0.013247999999999998,0.011,4,50,Carbine Road,12249.0,6124.5,propagated,0.096,470.999,705.542,2082.608,13.424,0.006446,700.994,1.0,4,1764487.5,5912887.4
1426,1,0.103176,0.086,4,50,South Eastern Highway,117252.0,58626.0,propagated,0.096,4508.574,6753.715,19935.509,13.424,0.000673,6749.167,1.0,4,1764456.7,5912920.8
1427,1,0.020315999999999997,0.0169,2,50,South Eastern Highway,117252.0,58626.0,propagated,0.096,4508.574,6753.715,19935.509,13.424,0.000673,6749.167,1.0,4,1764406.1,5912915.6
1428,5,0.594855,0.7931,2,80,South Eastern Highway,117252.0,58626.0,count,0.096,4508.574,6753.715,19935.509,13.424,0.000673,6749.167,1.0,4,1764007.3,5912930.0
1429,5,0.17319,0.2309,2,80,South Eastern Highway,55806.0,27903.0,propagated,0.094255,2145.852,3155.997,9315.822,13.424,0.001441,3151.449,1.0,4,1763504.3,5912841.3
1430,2,0.119736,0.1996,2,100,Exit 438 Mount Wellington Highway,19316.0,9658.0,propagated,0.096,742.739,1112.602,3284.161,47.277,0.014395,1096.586,1.0,16,1763306.5,5912820.7
1431,2,0.030899999999999997,0.0258,4,50,Boston Road,12191.0,6095.5,propagated,0.102945,468.768,753.001,2222.696,7.295,0.003282,750.53,1.0,1,1757198.6,5918399.8
1432,1,0.012839999999999999,0.0107,4,50,Boston Road,12191.0,6095.5,propagated,0.102945,468.768,753.001,2222.696,14.4,0.006479,748.123,1.0,2,1757195.8,5918414.7
1433,1,0.028104,0.0234,4,50,Nugent Street,6838.0,3419.0,propagated,0.112167,262.935,460.199,1358.408,14.4,0.010601,455.321,1.0,2,1757186.9,5918427.8
1434,1,0.11706000000000001,0.1561,2,80,Albany Expressway,18035.0,9017.5,propagated,0.096,693.482,1038.816,3066.361,52.657,0.017172,1020.977,1.0,19,1752687.8,5933243.9
1435,4,0.33537750000000005,0.4472,2,80,Albany Expressway,27240.0,13620.0,propagated,0.096,1047.432,1569.024,4631.42,52.657,0.01137,1551.185,1.0,19,1752983.9,5933186.1
1436,1,0.0275475,0.0367,2,80,Albany Expressway,27240.0,13620.0,propagated,0.096,1047.432,1569.024,4631.42,54.285,0.011721,1550.633,1.0,20,1753206.7,5933097.1
1437,1,0.011085,0.0148,2,80,Albany Expressway,27240.0,13620.0,propagated,0.096,1047.432,1569.024,4631.42,55.996,0.01209,1550.054,1.0,21,1753229.0,5933084.4
1438,1,0.073296,0.0611,3,50,Cook Street,8686.0,4343.0,propagated,0.096,333.994,500.314,1476.819,14.603,0.009888,495.367,1.0,3,1772272.4,5914955.8
1439,1,0.0207,0.0173,3,50,Picton Street,10885.0,5442.5,propagated,0.098576,418.55,643.8,1900.359,14.603,0.007684,638.853,1.0,3,1772263.9,5914991.2
1440,2,0.06086399999999999,0.0507,3,50,Picton Street,10885.0,5442.5,count,0.098576,418.55,643.8,1900.359,30.011,0.015792,633.633,1.0,7,1772248.7,5915017.0
1441,1,0.172308,0.1436,3,50,Picton Street,12815.0,6407.5,count,0.096,492.762,738.144,2178.842,30.011,0.013774,727.977,1.0,7,1772177.8,5915083.5
1442,2,0.20629199999999998,0.1719,3,50,Picton Street,12284.0,6142.0,count,0.105666,472.344,778.801,2298.852,30.011,0.013055,768.634,1.0,7,1772062.6,5915191.2
1443,1,0.024456,0.0204,3,50,Picton Street,12608.0,6304.0,propagated,0.096,484.803,726.221,2143.648,30.011,0.014,716.054,1.0,7,1771997.8,5915257.1
1444,4,0.112272,0.0936,3,50,Picton Street,12608.0,6304.0,count,0.096,484.803,726.221,2143.648,33.565,0.015658,714.85,1.0,8,1771953.8,5915290.3
1445,3,0.25989599999999996,0.2166,3,50,Ridge Road,12464.0,6232.0,count,0.096,479.266,717.926,2119.163,33.565,0.015839,706.555,1.0,8,1771805.9,5915300.9
1446,2,0.11013599999999998,0.0918,3,50,Ridge Road,16224.0,8112.0,propagated,0.101146,623.845,984.596,2906.315,33.565,0.011549,973.225,1.0,8,1771652.7,5915311.5
1447,5,0.207,0.1725,3,50,Ridge Road,16224.0,8112.0,count,0.101146,623.845,984.596,2906.315,38.167,0.013132,971.666,1.0,9,1771524.2,5915292.6
1448,8,0.43298400000000004,0.3608,3,50,Ridge Road,14391.0,7195.5,count,0.089917,553.363,776.397,2291.756,78.036,0.034051,749.96,1.0,19,1771360.9,5915093.5
1449,9,0.327564,0.273,3,50,Ridge Road,16469.0,8234.5,count,0.095938,633.266,948.002,2798.297,78.036,0.027887,921.565,1.0,19,1771201.3,5914819.7
1450,4,0.184668,0.1539,3,50,Ridge Road,20698.0,10349.0,count,0.091168,795.879,1132.197,3342.001,78.036,0.02335,1105.76,1.0,19,1771060.3,5914659.9
1451,2,0.04061999999999999,0.0338,3,50,Pakuranga Road,44922.0,22461.0,propagated,0.096,1727.341,2587.507,7637.762,78.036,0.010217,2561.07,1.0,19,1770983.8,5914608.5
1452,1,0.05932799999999999,0.0494,3,50,Pakuranga Road,44922.0,22461.0,propagated,0.096,1727.341,2587.507,7637.762,166.998,0.021865,2530.932,1.0,35,1770942.1,5914608.2
1453,5,0.21122999999999997,0.2112,3,60,Pakuranga Road,44922.0,22461.0,propagated,0.096,1727.341,2587.507,7637.762,166.998,0.021865,2530.932,1.0,35,1770812.1,5914617.0
1454,6,0.0986,0.0986,3,60,Pakuranga Road,44922.0,22461.0,count,0.096,1727.341,2587.507,7637.762,172.304,0.022559,2529.134,1.0,36,1770657.7,5914627.6
1455,1,0.2093,0.2093,3,60,Pakuranga Road,44922.0,22461.0,propagated,0.096,1727.341,2587.507,7637.762,176.822,0.023151,2527.604,1.0,37,1770504.2,5914639.0
1456,7,0.2759299999999999,0.2759,3,60,Pakuranga Road,50970.0,25485.0,count,0.096,1959.898,2935.872,8666.061,176.822,0.020404,2875.969,1.0,37,1770262.2,5914656.1
1457,2,0.01782,0.0178,3,60,Pakuranga Road,50970.0,25485.0,propagated,0.096,1959.898,2935.872,8666.061,182.989,0.021116,2873.879,1.0,38,1770116.2,5914672.4
1458,3,0.02212,0.0221,3,60,Pakuranga Road,50970.0,25485.0,propagated,0.096,1959.898,2935.872,8666.061,189.23,0.021836,2871.765,1.0,39,1770096.9,5914676.5
1459,3,0.0686,0.0686,3,60,Pakuranga Road,50970.0,25485.0,propagated,0.096,1959.898,2935.872,8666.061,195.548,0.022565,2869.625,1.0,40,1770054.8,5914692.7
1460,2,0.05638,0.0564,3,60,Pakuranga Road,50338.0,25169.0,propagated,0.096,1935.597,2899.469,8558.607,195.548,0.022848,2833.222,1.0,40,1769998.0,5914719.3
1461,2,0.049699999999999994,0.0497,3,60,Pakuranga Road,50338.0,25169.0,propagated,0.096,1935.597,2899.469,8558.607,202.108,0.023615,2830.999,1.0,41,1769948.5,5914734.5
1462,2,0.03478,0.0348,3,60,Pakuranga Road,50338.0,25169.0,propagated,0.096,1935.597,2899.469,8558.607,209.068,0.024428,2828.641,1.0,42,1769909.8,5914752.0
1463,2,0.02998,0.03,3,60,Pakuranga Road,50338.0,25169.0,propagated,0.096,1935.597,2899.469,8558.607,216.217,0.025263,2826.219,1.0,43,1769880.1,5914764.1
1464,2,0.02563,0.0256,3,60,Pakuranga Road,50338.0,25169.0,propagated,0.096,1935.597,2899.469,8558.607,223.803,0.026149,2823.649,1.0,44,1769853.4,5914770.5
1465,1,0.01145,0.0114,3,60,Pakuranga Road,50338.0,25169.0,propagated,0.096,1935.597,2899.469,8558.607,231.031,0.026994,2821.201,1.0,45,1769835.1,5914772.9
1466,2,0.04,0.04,3,60,Pakuranga Road,50338.0,25169.0,propagated,0.096,1935.597,2899.469,8558.607,271.599,0.031734,2807.457,1.0,51,1769809.3,5914774.2
1467,2,0.08341,0.0834,3,60,Pakuranga Road,50338.0,25169.0,propagated,0.096,1935.597,2899.469,8558.607,279.252,0.032628,2804.865,1.0,52,1769748.2,5914766.3
1468,1,0.03843,0.0384,3,60,Pakuranga Road,34376.0,17188.0,propagated,0.096,1321.826,1980.058,5844.704,279.252,0.047779,1885.454,1.0,52,1769691.5,5914744.7
1469,5,0.11943,0.1194,3,60,Pakuranga Road,34376.0,17188.0,propagated,0.096,1321.826,1980.058,5844.704,287.157,0.049131,1882.775,1.0,53,1769623.5,5914704.8
1470,3,0.10841,0.1084,3,60,Pakuranga Road,34376.0,17188.0,propagated,0.096,1321.826,1980.058,5844.704,295.703,0.050593,1879.88,1.0,54,1769526.6,5914644.8
1471,1,0.030440000000000002,0.0304,3,60,Pakuranga Road,34376.0,17188.0,propagated,0.096,1321.826,1980.058,5844.704,468.605,0.080176,1821.305,1.0,85,1769466.2,5914614.1
1472,2,0.04244,0.0424,3,60,Pakuranga Road,34376.0,17188.0,propagated,0.096,1321.826,1980.058,5844.704,477.097,0.081629,1818.428,1.0,86,1769435.3,5914595.0
1473,2,0.06399,0.064,3,60,Pakuranga Road,30074.0,15037.0,propagated,0.096,1156.405,1732.262,5113.264,477.097,0.093306,1570.632,1.0,86,1769390.4,5914566.2
1474,7,0.16424999999999998,0.1642,3,60,Pakuranga Road,30074.0,15037.0,count,0.096,1156.405,1732.262,5113.264,484.775,0.094807,1568.031,1.0,87,1769293.3,5914506.0
1475,5,0.16484,0.1648,3,60,Pakuranga Road,30074.0,15037.0,propagated,0.096,1156.405,1732.262,5113.264,510.063,0.099753,1559.464,1.0,91,1769155.0,5914416.9
1476,10,0.41667,0.4167,3,60,Pakuranga Road,30074.0,15037.0,propagated,0.096,1156.405,1732.262,5113.264,516.055,0.100925,1557.434,1.0,92,1768929.3,5914234.3
1477,1,0.04209,0.0421,3,60,Pakuranga Road,35184.0,17592.0,propagated,0.096,1352.895,2026.598,5982.08,516.055,0.086267,1851.77,1.0,92,1768742.8,5914102.7
1478,6,0.25758000000000003,0.2576,3,60,Pakuranga Road,35184.0,17592.0,propagated,0.096,1352.895,2026.598,5982.08,613.251,0.102515,1818.842,1.0,113,1768614.0,5914028.3
1479,1,0.01455,0.0146,3,60,Pakuranga Road,35184.0,17592.0,propagated,0.096,1352.895,2026.598,5982.08,619.514,0.103562,1816.72,1.0,114,1768494.0,5913964.9
1480,1,0.02004,0.02,3,60,Pakuranga Road,35184.0,17592.0,propagated,0.096,1352.895,2026.598,5982.08,626.285,0.104694,1814.426,1.0,115,1768480.4,5913955.2
1481,4,0.20702,0.207,3,60,Pakuranga Road,35474.0,17737.0,propagated,0.095676,1364.046,2036.406,6011.031,633.37,0.105368,1821.834,1.0,116,1768379.0,5913904.2
1482,4,0.32886000000000004,0.3289,3,60,Pakuranga Road,35474.0,17737.0,count,0.095676,1364.046,2036.406,6011.031,656.825,0.10927,1813.888,1.0,120,1768139.9,5913782.5
1483,12,0.31436000000000003,0.3144,3,60,Pakuranga Road,42802.0,21401.0,count,0.110415,1645.823,2835.59,8370.05,656.825,0.078473,2613.072,1.0,120,1767853.6,5913636.0
1484,2,0.12495,0.125,3,60,Pakuranga Road,39828.0,19914.0,propagated,0.096,1531.466,2294.093,6771.667,656.825,0.096996,2071.575,1.0,120,1767657.9,5913536.6
1485,3,0.09044999999999999,0.0904,3,60,Pakuranga Road,39828.0,19914.0,propagated,0.096,1531.466,2294.093,6771.667,712.838,0.105268,2052.599,1.0,130,1767558.6,5913496.9
1486,8,0.17359999999999998,0.1736,3,60,Pakuranga Road,39828.0,19914.0,propagated,0.096,1531.466,2294.093,6771.667,716.232,0.105769,2051.449,1.0,131,1767432.8,5913457.4
1487,4,0.13066,0.1307,3,60,Pakuranga Road,85540.0,42770.0,propagated,0.096,3289.184,4927.104,14543.748,716.232,0.049247,4684.46,1.0,131,1767285.7,5913421.4
1488,3,0.05885,0.0588,3,60,Pakuranga Road,85540.0,42770.0,propagated,0.096,3289.184,4927.104,14543.748,719.415,0.049466,4683.382,1.0,132,1767192.0,5913409.8
1489,8,0.20149,0.2015,3,60,Pakuranga Road,85540.0,42770.0,propagated,0.096,3289.184,4927.104,14543.748,722.475,0.049676,4682.345,1.0,133,1767063.2,5913390.6
1490,3,0.12513000000000002,0.1251,3,60,Pakuranga Road,85540.0,42770.0,count,0.096,3289.184,4927.104,14543.748,726.461,0.04995,4680.995,1.0,134,1766901.7,5913366.9
1491,2,0.12708,0.1271,3,60,Pakuranga Road,85540.0,42770.0,propagated,0.096,3289.184,4927.104,14543.748,731.128,0.050271,4679.414,1.0,135,1766778.2,5913341.9
1492,1,0.02638,0.0264,3,60,Pakuranga Road,42476.0,21238.0,propagated,0.140456,1633.287,3579.605,10566.221,735.79,0.069636,3330.335,1.0,136,1766703.6,5913323.2
1493,1,0.03572,0.0357,3,60,Pakuranga Road,42476.0,21238.0,propagated,0.140456,1633.287,3579.605,10566.221,740.382,0.070071,3328.78,1.0,137,1766673.6,5913315.4
1494,1,0.01111,0.0111,3,60,Pakuranga Road,42476.0,21238.0,propagated,0.140456,1633.287,3579.605,10566.221,745.013,0.070509,3327.211,1.0,138,1766651.2,5913309.8
1495,5,0.203604,0.1697,4,50,Cryers Road,15190.0,7595.0,count,0.096,584.086,874.944,2582.646,9.148,0.003542,871.845,1.0,2,1768501.2,5911078.4
1496,2,0.047939999999999997,0.04,4,50,Cryers Road,15190.0,7595.0,propagated,0.096,584.086,874.944,2582.646,16.203,0.006274,869.455,1.0,3,1768597.1,5911120.2
1497,1,0.029939999999999998,0.025,4,50,Cryers Road,12578.0,6289.0,propagated,0.096,483.649,724.493,2138.547,16.203,0.007577,719.004,1.0,3,1768626.7,5911133.6
1498,1,0.097032,0.0809,4,50,,10408.0,5204.0,default,0.096,400.208,599.501,1769.598,23.127,0.013069,591.666,1.0,4,1768661.2,5911172.0
1499,2,0.12394799999999999,0.1033,4,50,Trugood Drive,12390.0,6195.0,propagated,0.096,476.42,713.664,2106.582,30.167,0.01432,703.444,1.0,5,1768649.3,5911260.5
1500,5,0.254448,0.212,4,50,Trugood Drive,12390.0,6195.0,count,0.096,476.42,713.664,2106.582,36.984,0.017556,701.135,1.0,6,1768558.7,5911386.0
1501,14,0.27959999999999996,0.233,4,50,Trugood Drive,12390.0,6195.0,propagated,0.096,476.42,713.664,2106.582,41.641,0.019767,699.557,1.0,7,1768467.1,5911566.6
1502,3,0.31836,0.2653,2,50,Ash Street,22180.0,11090.0,count,0.096,852.865,1277.568,3771.105,14.39,0.003816,1272.693,1.0,4,1751013.5,5915659.7
1503,3,0.08657999999999999,0.0722,2,50,Great North Road,35136.0,17568.0,propagated,0.096,1351.049,2023.834,5973.921,14.39,0.002409,2018.959,1.0,4,1751106.9,5915798.3
1504,4,0.09859199999999999,0.0822,2,50,Great North Road,35136.0,17568.0,propagated,0.096,1351.049,2023.834,5973.921,21.808,0.003651,2016.446,1.0,6,1751145.5,5915864.0
1505,1,0.009588,0.008,2,50,Great North Road,27296.0,13648.0,propagated,0.096,1049.586,1572.25,4640.943,21.808,0.004699,1564.862,1.0,6,1751167.1,5915903.9
1506,3,0.202656,0.1689,2,50,Great North Road,27296.0,13648.0,count,0.096,1049.586,1572.25,4640.943,24.24,0.005223,1564.038,1.0,7,1751207.3,5915983.0
1507,15,0.5651639999999999,0.471,2,50,Great North Road,26335.0,13167.5,count,0.096,1012.633,1516.896,4477.55,24.24,0.005414,1508.684,1.0,7,1751398.1,5916238.7
1508,17,0.5750759999999999,0.4792,2,50,Great North Road,37277.0,18638.5,count,0.096,1433.375,2147.155,6337.938,24.24,0.003825,2138.943,1.0,7,1751590.4,5916662.6
1509,5,0.27564,0.2297,2,50,Great North Road,39247.0,19623.5,count,0.096,1509.126,2260.627,6672.883,24.24,0.003633,2252.415,1.0,7,1751674.0,5917007.4
1510,7,0.188784,0.1573,2,50,Great North Road,41075.0,20537.5,count,0.096,1579.416,2365.92,6983.685,24.24,0.003471,2357.708,1.0,7,1751722.7,5917194.2
1511,6,0.204216,0.1702,2,50,Great North Road,40885.0,20442.5,count,0.096,1572.11,2354.976,6951.381,24.24,0.003487,2346.764,1.0,7,1751776.5,5917347.3
1512,7,0.31132799999999994,0.2594,2,50,Great North Road,43962.0,21981.0,count,0.096,1690.427,2532.211,7474.54,24.24,0.003243,2523.999,1.0,7,1751869.0,5917541.0
1513,8,0.17189999999999997,0.1432,2,50,Great North Road,41549.0,20774.5,count,0.096,1597.642,2393.222,7064.275,24.24,0.003431,2385.01,1.0,7,1751955.7,5917723.0
1514,1,0.17497500000000002,0.2333,2,80,,15772.0,7886.0,count,0.096,606.465,908.467,2681.599,24.24,0.009039,900.255,1.0,7,1752031.4,5917893.0
1515,2,0.0696975,0.0929,2,80,,28121.0,14060.5,default,0.096,1081.309,1619.77,4781.211,24.24,0.00507,1611.558,1.0,7,1752171.9,5917970.9
1516,1,0.1347225,0.1796,2,80,,35810.0,17905.0,count,0.096,1376.966,2062.656,6088.515,24.24,0.003981,2054.444,1.0,7,1752305.9,5917994.2
1517,1,0.0069675,0.0093,2,80,Exit 8 Great North Road,28121.0,14060.5,default,0.096,1081.309,1619.77,4781.211,24.24,0.00507,1611.558,1.0,7,1752400.1,5917998.8
1518,1,0.28813500000000003,0.3842,2,80,,28121.0,14060.5,default,0.096,1081.309,1619.77,4781.211,24.24,0.00507,1611.558,1.0,7,1752593.9,5918026.5
1519,11,0.6892575000000001,0.919,0,80,Northwestern Motorway,108238.0,54119.0,count,0.096,4161.968,6234.509,18402.925,24.24,0.001317,6226.297,1.0,7,1753200.1,5918261.1
1520,4,0.4076775,0.5436,0,80,Northwestern Motorway,92642.0,46321.0,count,0.096,3562.27,5336.179,15751.249,24.24,0.001539,5327.967,1.0,7,1753923.7,5918276.6
1521,1,0.013919999999999998,0.0116,4,50,Ascot Avenue,11061.0,5530.5,propagated,0.096,425.318,637.114,1880.623,4.451,0.002367,635.606,1.0,2,1760517.6,5916208.6
1522,9,0.30403199999999997,0.2534,2,50,Green Lane E,41268.0,20634.0,count,0.096,1586.837,2377.037,7016.5,109.427,0.015596,2339.966,1.0,31,1760413.9,5916141.9
1523,5,0.20114400000000002,0.1676,2,50,Green Lane E,41732.0,20866.0,count,0.096,1604.679,2403.763,7095.39,109.427,0.015422,2366.692,1.0,31,1760242.2,5916020.4
1524,1,0.018335999999999998,0.0153,2,50,Green Lane E,41732.0,20866.0,propagated,0.096,1604.679,2403.763,7095.39,110.367,0.015555,2366.373,1.0,32,1760160.7,5915987.3
1525,1,0.07206,0.06,2,50,Exit 433 Green Lane E,32340.0,16170.0,propagated,0.096,1243.538,1862.784,5498.536,110.367,0.020072,1825.394,1.0,32,1760123.2,5915993.2
1526,4,0.223128,0.3719,2,100,Exit 433 Green Lane E,32340.0,16170.0,count,0.096,1243.538,1862.784,5498.536,110.367,0.020072,1825.394,1.0,32,1759934.5,5916098.3
1527,4,0.17504399999999998,0.1459,4,50,Richardson Road,17904.0,8952.0,count,0.096,688.445,1031.27,3044.086,3.119,0.001025,1030.213,1.0,1,1754168.0,5913093.0
1528,1,0.036336,0.0303,4,50,Richardson Road,17016.0,8508.0,propagated,0.096,654.299,980.122,2893.109,3.119,0.001078,979.065,1.0,1,1754117.2,5913165.2
1529,3,0.12588,0.1049,4,50,Richardson Road,17016.0,8508.0,count,0.096,654.299,980.122,2893.109,6.081,0.002102,978.062,1.0,2,1754076.8,5913219.1
1530,3,0.132684,0.1106,4,50,Richardson Road,15365.0,7682.5,count,0.096,590.815,885.024,2612.4,6.081,0.002328,882.964,1.0,2,1754014.2,5913306.7
1531,1,0.039972,0.0333,4,50,Richardson Road,15365.0,7682.5,propagated,0.096,590.815,885.024,2612.4,9.374,0.003588,881.848,1.0,3,1753971.9,5913364.8
1532,5,0.103464,0.0862,4,50,Richardson Road,18175.0,9087.5,count,0.096,698.865,1046.88,3090.164,9.374,0.003033,1043.704,1.0,3,1753938.3,5913413.8
1533,1,0.025692,0.0214,4,50,Richardson Road,18175.0,9087.5,propagated,0.096,698.865,1046.88,3090.164,12.49,0.004042,1042.649,1.0,4,1753907.2,5913458.1
1534,5,0.505992,0.4217,4,50,Richardson Road,11915.0,5957.5,count,0.089803,458.156,642.002,1895.051,12.49,0.006591,637.771,1.0,4,1753777.6,5913637.6
1535,8,0.37204800000000005,0.31,4,50,Richardson Road,15147.0,7573.5,count,0.096,582.432,872.467,2575.334,12.49,0.00485,868.236,1.0,4,1753565.1,5913935.0
1536,1,0.038796,0.0323,4,50,Richardson Road,13493.0,6746.5,propagated,0.096,518.833,777.197,2294.118,12.49,0.005444,772.966,1.0,4,1753466.1,5914074.8
1537,3,0.09671999999999999,0.0806,4,50,Richardson Road,13493.0,6746.5,count,0.096,518.833,777.197,2294.118,16.52,0.007201,771.6,1.0,5,1753433.2,5914121.0
1538,2,0.025584000000000003,0.0213,4,50,Richardson Road,13493.0,6746.5,propagated,0.096,518.833,777.197,2294.118,21.075,0.009187,770.057,1.0,6,1753403.5,5914162.8
1539,3,0.037644,0.0314,4,50,Richardson Road,13493.0,6746.5,propagated,0.096,518.833,777.197,2294.118,25.84,0.011264,768.443,1.0,7,1753389.1,5914184.8
1540,4,0.067284,0.0561,4,50,Richardson Road,17093.0,8546.5,propagated,0.096,657.26,984.557,2906.2,25.84,0.008891,975.803,1.0,7,1753369.1,5914222.2
1541,2,0.042455999999999994,0.0354,4,50,Richardson Road,17093.0,8546.5,propagated,0.096,657.26,984.557,2906.2,31.244,0.010751,973.972,1.0,8,1753347.1,5914261.8
1542,3,0.164796,0.1373,1,50,Maioro Street,19274.0,9637.0,propagated,0.096,741.124,1110.182,3277.018,31.244,0.009534,1099.597,1.0,8,1753392.7,5914320.1
1543,3,0.10802399999999998,0.09,1,50,Entry 19 Maioro Street,25072.0,12536.0,default,0.096,964.069,1444.147,4262.81,31.244,0.007329,1433.562,1.0,8,1753477.4,5914395.2
1544,4,0.15618600000000002,0.2603,1,100,Entry 19 Maioro Street,23126.0,11563.0,default,0.096,889.241,1332.058,3931.948,65.519,0.016663,1309.862,1.0,13,1753384.6,5914514.8
1545,1,0.025404,0.0423,1,100,Entry 19 Maioro Street,23126.0,11563.0,default,0.096,889.241,1332.058,3931.948,71.447,0.018171,1307.853,1.0,14,1753266.4,5914609.6
1546,1,0.026879999999999998,0.0448,1,100,Entry 19 Maioro Street,23126.0,11563.0,default,0.096,889.241,1332.058,3931.948,77.373,0.019678,1305.846,1.0,15,1753231.5,5914636.1
1547,1,0.007463999999999999,0.0124,1,100,Entry 19 Maioro Street,23126.0,11563.0,default,0.096,889.241,1332.058,3931.948,128.896,0.032782,1288.391,1.0,28,1753209.1,5914653.1
1548,7,0.159354,0.2656,1,100,Entry 19 Maioro Street,23126.0,11563.0,default,0.096,889.241,1332.058,3931.948,134.703,0.034259,1286.424,1.0,29,1753090.4,5914725.4
1549,20,0.77643,1.294,0,100,Southwestern Motorway,74072.0,37036.0,default,0.096,2848.217,4266.547,12593.926,134.703,0.010696,4220.913,1.0,29,1752392.3,5915061.3
1550,1,0.009528,0.0079,3,50,Albert Road,3765.0,1882.5,propagated,0.096,144.772,216.864,640.136,39.542,0.061771,203.468,1.0,7,1760402.3,5923072.4
1551,1,0.031824,0.0265,3,50,Lake Road,13165.0,6582.5,propagated,0.087277,506.221,689.401,2034.963,39.542,0.019431,676.005,1.0,7,1760390.6,5923084.1
1552,3,0.19824,0.1652,3,50,Lake Road,13165.0,6582.5,count,0.087277,506.221,689.401,2034.963,79.096,0.038869,662.605,1.0,15,1760352.6,5923171.0
1553,8,0.23888399999999996,0.1991,3,50,Lake Road,13165.0,6582.5,propagated,0.087277,506.221,689.401,2034.963,84.34,0.041445,660.828,1.0,16,1760288.5,5923341.5
1554,3,0.500892,0.4174,3,50,Lake Road,18362.0,9181.0,count,0.096,706.056,1057.651,3121.958,84.34,0.027015,1029.078,1.0,16,1760170.2,5923626.2
1555,5,0.192228,0.1602,3,50,Lake Road,15694.0,7847.0,count,0.096,603.466,903.974,2668.336,84.34,0.031608,875.401,1.0,16,1760047.5,5923887.6
1556,12,0.38763600000000004,0.323,3,50,Lake Road,15694.0,7847.0,propagated,0.096,603.466,903.974,2668.336,88.491,0.033163,873.995,1.0,17,1759964.1,5924114.3
1557,6,0.18594,0.1549,3,50,Lake Road,17932.0,8966.0,propagated,0.096,689.521,1032.883,3048.848,88.491,0.029024,1002.904,1.0,17,1759887.3,5924340.6
1558,5,0.164592,0.1372,3,50,Lake Road,17932.0,8966.0,propagated,0.096,689.521,1032.883,3048.848,123.502,0.040508,991.043,1.0,26,1759837.4,5924477.6
1559,6,0.18105599999999997,0.1509,3,50,Lake Road,17932.0,8966.0,count,0.096,689.521,1032.883,3048.848,127.873,0.041941,989.562,1.0,27,1759789.0,5924612.9
1560,5,0.27322799999999997,0.2277,3,50,Lake Road,19023.0,9511.5,count,0.096,731.472,1095.725,3234.344,127.873,0.039536,1052.404,1.0,27,1759725.0,5924791.0
1561,7,0.407844,0.3399,3,50,Lake Road,22400.0,11200.0,count,0.078527,861.325,1055.403,3115.322,127.873,0.041046,1012.082,1.0,27,1759630.5,5925058.7
1562,13,0.59574,0.4965,3,50,Lake Road,27852.0,13926.0,count,0.096,1070.965,1604.275,4735.474,130.955,0.027654,1559.91,1.0,28,1759489.6,5925453.0
1563,8,0.362928,0.3024,3,50,Lake Road,29116.0,14558.0,count,0.096,1119.568,1677.082,4950.384,130.955,0.026454,1632.717,1.0,28,1759356.0,5925829.2
1564,6,0.115224,0.096,3,50,Lake Road,29116.0,14558.0,propagated,0.096,1119.568,1677.082,4950.384,133.968,0.027062,1631.697,1.0,29,1759275.7,5926009.3
1565,1,0.09108000000000001,0.0759,3,50,Lake Road,26546.0,13273.0,propagated,0.096,1020.747,1529.05,4513.426,133.968,0.029682,1483.665,1.0,29,1759198.6,5926045.3
1566,2,0.257316,0.2144,3,50,Lake Road,26546.0,13273.0,count,0.096,1020.747,1529.05,4513.426,137.339,0.030429,1482.523,1.0,30,1759055.9,5926069.0
1567,2,0.158868,0.1324,3,50,Lake Road,27567.0,13783.5,count,0.096,1060.006,1587.859,4687.017,137.339,0.029302,1541.332,1.0,30,1758885.1,5926097.7
1568,5,0.193164,0.161,3,50,Lake Road,27665.0,13832.5,count,0.096,1063.775,1593.504,4703.68,137.339,0.029198,1546.977,1.0,30,1758740.2,5926121.5
1569,2,0.09561599999999999,0.0797,3,50,Lake Road,32815.0,16407.5,count,0.096,1261.802,1890.144,5579.297,137.339,0.024616,1843.617,1.0,30,1758658.5,5926203.4
1570,2,0.06264,0.0522,3,50,Lake Road,32815.0,16407.5,propagated,0.096,1261.802,1890.144,5579.297,140.465,0.025176,1842.558,1.0,31,1758622.2,5926258.6
1571,5,0.18586799999999998,0.1549,3,50,Lake Road,33385.0,16692.5,count,0.096,1283.72,1922.976,5676.21,140.465,0.024746,1875.39,1.0,31,1758568.7,5926346.9
1572,7,0.178452,0.1487,3,50,Lake Road,36785.0,18392.5,count,0.096,1414.457,2118.816,6254.288,140.465,0.022459,2071.23,1.0,31,1758490.0,5926475.7
1573,2,0.063516,0.0529,3,50,Lake Road,34344.0,17172.0,propagated,0.096,1320.595,1978.214,5839.261,140.465,0.024055,1930.628,1.0,31,1758441.5,5926563.0
1574,1,0.05599199999999999,0.0467,2,50,Esmonde Road,33269.0,16634.5,propagated,0.096,1279.26,1916.294,5656.486,140.465,0.024833,1868.708,1.0,31,1758401.6,5926569.9
1575,12,0.779436,0.6495,2,50,Esmonde Road,33269.0,16634.5,count,0.096,1279.26,1916.294,5656.486,144.299,0.02551,1867.409,1.0,33,1758104.7,5926388.6
1576,7,0.22970000000000002,0.2297,2,60,Esmonde Road,33269.0,16634.5,propagated,0.096,1279.26,1916.294,5656.486,144.299,0.02551,1867.409,1.0,33,1757680.1,5926281.1
1577,7,0.19474,0.1947,2,60,Esmonde Road,33269.0,16634.5,propagated,0.096,1279.26,1916.294,5656.486,145.917,0.025796,1866.861,1.0,34,1757493.7,5926184.9
1578,11,0.3382,0.3382,2,60,Entry 420 Esmonde Road,29024.0,14512.0,count,0.096,1116.031,1671.782,4934.74,145.917,0.029569,1622.349,1.0,34,1757276.4,5926031.2
1579,4,0.17099399999999998,0.285,2,100,Entry 420 Esmonde Road,29024.0,14512.0,propagated,0.096,1116.031,1671.782,4934.74,145.917,0.029569,1622.349,1.0,34,1757166.0,5925765.3
1580,5,0.17340999999999998,0.1734,3,60,Botany Road,40889.0,20444.5,propagated,0.096,1572.264,2355.206,6952.06,4.23,0.000608,2353.773,1.0,1,1770396.6,5911633.6
1581,3,0.14185000000000003,0.1418,3,60,Botany Road,40889.0,20444.5,propagated,0.096,1572.264,2355.206,6952.06,10.132,0.001457,2351.773,1.0,2,1770374.4,5911477.6
1582,3,0.04967,0.0497,3,60,Botany Road,40889.0,20444.5,propagated,0.096,1572.264,2355.206,6952.06,15.621,0.002247,2349.914,1.0,3,1770353.4,5911383.9
1583,1,0.04188,0.0419,3,60,Botany Road,40889.0,20444.5,propagated,0.096,1572.264,2355.206,6952.06,20.909,0.003008,2348.122,1.0,4,1770343.5,5911339.1
1584,3,0.07593,0.0759,2,60,Ti Rakau Drive,22790.0,11395.0,propagated,0.113208,876.321,1548.006,4569.38,122.291,0.026763,1506.576,1.0,26,1770301.6,5911327.1
1585,2,0.07424,0.0742,2,60,Ti Rakau Drive,22790.0,11395.0,propagated,0.113208,876.321,1548.006,4569.38,158.09,0.034598,1494.449,1.0,34,1770226.8,5911333.1
1586,17,0.70021,0.7002,2,60,Ti Rakau Drive,37300.0,18650.0,count,0.096,1434.26,2148.48,6341.849,162.391,0.025606,2093.465,1.0,35,1769854.2,5911255.5
1587,9,0.35223000000000004,0.3522,2,60,Ti Rakau Drive,58250.0,29125.0,count,0.096,2239.829,3355.2,9903.826,162.391,0.016397,3300.185,1.0,35,1769368.9,5911455.4
1588,9,0.26745,0.2674,2,60,Ti Rakau Drive,86468.0,43234.0,count,0.096,3324.868,4980.557,14701.529,162.391,0.011046,4925.542,1.0,35,1769069.9,5911536.2
1589,2,0.06368,0.0637,2,60,Ti Rakau Drive,38990.0,19495.0,count,0.096,1499.243,2245.824,6629.188,162.391,0.024496,2190.809,1.0,35,1768909.0,5911576.2
1590,1,0.01858,0.0186,2,60,Ti Rakau Drive,38990.0,19495.0,propagated,0.096,1499.243,2245.824,6629.188,167.176,0.025218,2189.188,1.0,36,1768869.2,5911586.6
1591,3,0.11036,0.1104,2,60,Ti Rakau Drive,38990.0,19495.0,propagated,0.096,1499.243,2245.824,6629.188,171.892,0.02593,2187.591,1.0,37,1768806.6,5911601.5
1592,2,0.07152,0.0715,2,60,Ti Rakau Drive,38990.0,19495.0,propagated,0.096,1499.243,2245.824,6629.188,176.533,0.02663,2186.018,1.0,38,1768718.5,5911623.1
1593,6,0.22707,0.2271,2,60,Ti Rakau Drive,38868.0,19434.0,count,0.096,1494.552,2238.797,6608.446,176.533,0.026713,2178.991,1.0,38,1768573.7,5911659.8
1594,2,0.02461,0.0246,2,60,Ti Rakau Drive,38868.0,19434.0,propagated,0.096,1494.552,2238.797,6608.446,178.298,0.02698,2178.394,1.0,39,1768452.0,5911692.9
1595,6,0.1606,0.1606,2,60,Ti Rakau Drive,22874.0,11437.0,count,0.096,879.551,1317.542,3889.1,178.298,0.045846,1257.139,1.0,39,1768363.3,5911719.5
1596,1,0.0411,0.0342,4,50,Makora Road,13321.0,6660.5,propagated,0.096,512.219,767.29,2264.874,6.88,0.003038,764.959,1.0,1,1744340.4,5922548.9
1597,3,0.05064,0.0422,4,50,Royal Road,17713.0,8856.5,count,0.096,681.1,1020.269,3011.614,35.29,0.011718,1008.314,1.0,10,1744378.2,5922554.5
1598,3,0.227304,0.3788,0,100,Northwestern Motorway,57760.0,28880.0,propagated,0.096,2220.988,3326.976,9820.515,35.29,0.003593,3315.021,1.0,10,1744420.7,5922366.9
1599,1,0.071544,0.1192,0,100,Northwestern Motorway,73478.0,36739.0,propagated,0.096,2825.376,4232.333,12492.934,35.29,0.002825,4220.378,1.0,10,1744444.7,5922118.8
1600,9,0.7596359999999999,1.2661,0,100,Northwestern Motorway,73478.0,36739.0,count,0.096,2825.376,4232.333,12492.934,59.252,0.004743,4212.26,1.0,15,1744670.3,5921480.8
1601,9,0.27759,0.4627,0,100,Northwestern Motorway,47522.0,23761.0,propagated,0.096,1827.316,2737.267,8079.821,59.252,0.007333,2717.194,1.0,15,1745297.8,5920887.0
1602,5,0.19677,0.1968,3,60,Smales Road,18042.0,9021.0,propagated,0.096,693.751,1039.219,3067.55,6.199,0.002021,1037.119,1.0,2,1769341.9,5909809.0
1603,1,0.033710000000000004,0.0337,3,60,Smales Road,18042.0,9021.0,propagated,0.096,693.751,1039.219,3067.55,9.164,0.002987,1036.114,1.0,3,1769237.4,5909760.7
1604,1,0.11544,0.1154,3,60,Smales Road,18042.0,9021.0,propagated,0.096,693.751,1039.219,3067.55,12.256,0.003995,1035.067,1.0,4,1769169.2,5909730.2
1605,13,0.5030899999999999,0.5031,3,60,Smales Road,18719.0,9359.5,propagated,0.096,719.783,1078.214,3182.655,16.386,0.005149,1072.663,1.0,5,1768861.6,5909735.9
1606,2,0.05403,0.054,3,60,Harris Road,11403.0,5701.5,propagated,0.096,438.468,656.813,1938.77,16.386,0.008452,651.262,1.0,5,1768635.6,5909812.1
1607,3,0.05698,0.057,3,60,Harris Road,11403.0,5701.5,propagated,0.096,438.468,656.813,1938.77,22.797,0.011758,649.09,1.0,6,1768646.9,5909866.2
1608,6,0.34264000000000006,0.3426,3,60,Harris Road,11403.0,5701.5,count,0.096,438.468,656.813,1938.77,29.292,0.015109,646.89,1.0,7,1768691.7,5910060.8
1609,3,0.21527,0.2153,3,60,Harris Road,23149.0,11574.5,count,0.096,890.125,1333.382,3935.856,29.292,0.007442,1323.459,1.0,7,1768755.7,5910332.5
1610,1,0.10612,0.1061,3,60,Harris Road,23149.0,11574.5,propagated,0.096,890.125,1333.382,3935.856,32.293,0.008205,1322.442,1.0,8,1768792.1,5910488.8
1611,6,0.16141,0.1614,3,60,Harris Road,24426.0,12213.0,count,0.096,939.229,1406.938,4152.977,32.293,0.007776,1395.998,1.0,8,1768823.1,5910619.1
1612,2,0.10034000000000001,0.1003,3,60,Harris Road,24426.0,12213.0,propagated,0.096,939.229,1406.938,4152.977,36.259,0.008731,1394.654,1.0,9,1768852.8,5910746.8
1613,16,0.31482000000000004,0.3148,3,60,Harris Road,20271.0,10135.5,count,0.104632,779.46,1272.597,3756.432,36.259,0.009653,1260.313,1.0,9,1768899.5,5910949.0
1614,1,0.00855,0.0086,3,60,Harris Road,22592.0,11296.0,propagated,0.096,868.708,1301.299,3841.154,36.259,0.00944,1289.015,1.0,9,1768935.8,5911106.4
1615,1,0.027030000000000002,0.027,3,60,Harris Road,22592.0,11296.0,propagated,0.096,868.708,1301.299,3841.154,42.207,0.010988,1287.0,1.0,10,1768939.7,5911123.5
1616,3,0.09051000000000001,0.0905,3,60,Harris Road,22592.0,11296.0,propagated,0.096,868.708,1301.299,3841.154,47.891,0.012468,1285.075,1.0,11,1768952.9,5911181.1
1617,1,0.02804,0.028,3,60,Harris Road,22592.0,11296.0,count,0.096,868.708,1301.299,3841.154,53.379,0.013897,1283.215,1.0,12,1768966.5,5911239.0
1618,2,0.03068,0.0307,3,60,Harris Road,22592.0,11296.0,propagated,0.096,868.708,1301.299,3841.154,58.868,0.015326,1281.356,1.0,13,1768973.8,5911267.6
1619,2,0.02984,0.0298,3,60,Harris Road,22592.0,11296.0,propagated,0.096,868.708,1301.299,3841.154,64.035,0.016671,1279.605,1.0,14,1768981.0,5911296.9
1620,1,0.03671,0.0367,3,60,Harris Road,22717.0,11358.5,propagated,0.095523,873.514,1301.998,3843.217,64.035,0.016662,1280.304,1.0,14,1768988.4,5911329.0
1621,8,0.15243,0.1524,3,60,Harris Road,22717.0,11358.5,count,0.095523,873.514,1301.998,3843.217,68.978,0.017948,1278.63,1.0,15,1769009.8,5911420.6
1622,2,0.05198,0.052,3,60,Harris Road,22717.0,11358.5,propagated,0.095523,873.514,1301.998,3843.217,72.808,0.018945,1277.332,1.0,16,1769022.0,5911519.2
1623,1,0.108315,0.1444,3,80,Roscommon Road,29666.0,14833.0,propagated,0.075844,1140.717,1349.993,3984.888,3.425,0.000859,1348.833,1.0,1,1764826.2,5903414.9
1624,5,0.15618,0.1562,3,60,Roscommon Road,29666.0,14833.0,propagated,0.075844,1140.717,1349.993,3984.888,6.129,0.001538,1347.917,1.0,2,1764770.1,5903554.5
1625,2,0.03361,0.0336,3,60,Roscommon Road,29666.0,14833.0,propagated,0.075844,1140.717,1349.993,3984.888,8.316,0.002087,1347.176,1.0,3,1764756.7,5903647.4
1626,2,0.0645,0.0645,3,60,Roscommon Road,29666.0,14833.0,propagated,0.075844,1140.717,1349.993,3984.888,10.379,0.002605,1346.477,1.0,4,1764765.9,5903695.6
1627,2,0.057859999999999995,0.0579,2,60,Cavendish Drive,20048.0,10024.0,propagated,0.096,770.886,1154.765,3408.617,10.379,0.003045,1151.249,1.0,4,1764790.5,5903751.4
1628,1,0.009623999999999999,0.016,0,100,Southwestern Motorway,59388.0,29694.0,propagated,0.096,2283.587,3420.749,10097.313,13.349,0.001322,3416.227,1.0,5,1764810.3,5903775.5
1629,3,0.070476,0.0587,3,50,Church Street,17189.0,8594.5,propagated,0.096,660.951,990.086,2922.52,47.476,0.016245,974.002,1.0,9,1760660.9,5912353.7
1630,4,0.128796,0.1073,3,50,Church Street,17189.0,8594.5,count,0.096,660.951,990.086,2922.52,51.911,0.017762,972.5,1.0,10,1760743.4,5912363.3
1631,10,0.181332,0.1511,3,50,Church Street,16383.0,8191.5,count,0.096,629.959,943.661,2785.484,51.911,0.018636,926.075,1.0,10,1760871.6,5912377.5
1632,2,0.055811999999999994,0.0465,3,50,Church Street,16383.0,8191.5,propagated,0.096,629.959,943.661,2785.484,57.011,0.020467,924.347,1.0,11,1760970.0,5912388.3
1633,1,0.010739999999999998,0.009,3,50,Church Street,16856.0,8428.0,propagated,0.096,648.147,970.906,2865.905,57.011,0.019893,951.592,1.0,11,1760997.6,5912391.6
1634,7,0.47385599999999994,0.3949,3,50,Church Street,16856.0,8428.0,count,0.096,648.147,970.906,2865.905,62.541,0.021822,949.718,1.0,12,1761198.2,5912413.5
1635,1,0.07672799999999999,0.0639,3,50,Church Street,16856.0,8428.0,propagated,0.096,648.147,970.906,2865.905,67.608,0.02359,948.002,1.0,13,1761425.8,5912441.2
1636,4,0.16633199999999998,0.1386,3,50,Church Street,38071.0,19035.5,propagated,0.096,1463.906,2192.89,6472.938,67.608,0.010445,2169.986,1.0,13,1761526.4,5912447.5
1637,1,0.019847999999999998,0.0331,3,100,Entry 448 Southwestern Motorway,15033.0,7516.5,default,0.096,578.049,865.901,2555.953,5.256,0.002056,864.12,1.0,1,1768137.7,5904092.8
1638,3,0.15149399999999996,0.2525,0,100,Exit 449 Southwestern Motorway,27724.0,13862.0,count,0.096,1066.043,1596.902,4713.71,176.234,0.037388,1537.198,1.0,24,1768094.8,5904194.5
1639,2,0.030978000000000002,0.0516,0,100,Exit 449 Southwestern Motorway,14150.0,7075.0,count,0.096,544.096,815.04,2405.822,176.234,0.073253,755.336,1.0,24,1768028.7,5904331.1
1640,3,0.07113,0.1186,0,100,Exit 449 Southwestern Motorway,14150.0,7075.0,propagated,0.096,544.096,815.04,2405.822,188.715,0.078441,751.107,1.0,26,1767991.4,5904407.4
1641,2,0.08582999999999999,0.143,0,100,Southern Motorway,81538.0,40769.0,count,0.096,3135.299,4696.589,13863.317,200.869,0.014489,4628.539,1.0,29,1767934.8,5904524.1
1642,1,0.132564,0.2209,0,100,Southern Motorway,96522.0,48261.0,propagated,0.096,3711.464,5559.667,16410.937,200.869,0.01224,5491.617,1.0,29,1767870.4,5904694.3
1643,4,0.426234,0.7104,0,100,Southern Motorway,96522.0,48261.0,count,0.096,3711.464,5559.667,16410.937,389.277,0.023721,5427.788,1.0,65,1767700.7,5905127.8
1644,2,0.07758,0.0646,3,50,Remuera Road,20923.0,10461.5,propagated,0.096,804.531,1205.165,3557.387,5.618,0.001579,1203.262,1.0,1,1760925.6,5916734.2
1645,3,0.08119199999999999,0.0677,3,50,Remuera Road,20923.0,10461.5,count,0.096,804.531,1205.165,3557.387,11.935,0.003355,1201.122,1.0,2,1760860.3,5916746.9
1646,5,0.18438,0.1536,3,50,Remuera Road,14521.0,7260.5,count,0.114248,558.361,995.397,2938.197,11.935,0.004062,991.354,1.0,2,1760752.0,5916768.9
1647,1,0.0393,0.0328,3,50,Remuera Road,17452.0,8726.0,propagated,0.096,671.064,1005.235,2967.237,11.935,0.004022,1001.192,1.0,2,1760660.9,5916786.9
1648,3,0.18613199999999996,0.1551,3,50,Remuera Road,17452.0,8726.0,count,0.096,671.064,1005.235,2967.237,23.971,0.008079,997.114,1.0,4,1760568.7,5916805.3
1649,6,0.291516,0.2429,3,50,Remuera Road,18320.0,9160.0,count,0.096,704.441,1055.232,3114.817,23.971,0.007696,1047.111,1.0,4,1760371.6,5916833.5
1650,6,0.21895199999999998,0.1825,3,50,Remuera Road,17470.0,8735.0,propagated,0.104408,671.756,1094.405,3230.447,23.971,0.00742,1086.284,1.0,4,1760160.7,5916859.8
1651,3,0.13773599999999997,0.1148,3,50,Remuera Road,17470.0,8735.0,count,0.104408,671.756,1094.405,3230.447,27.084,0.008384,1085.23,1.0,5,1760013.5,5916880.4
1652,18,0.49694399999999994,0.4141,3,50,Remuera Road,17470.0,8735.0,propagated,0.104408,671.756,1094.405,3230.447,30.665,0.009492,1084.016,1.0,6,1759765.0,5916966.9
1653,1,0.041688,0.0347,4,50,Market Road,11959.0,5979.5,propagated,0.096,459.847,688.838,2033.301,30.665,0.015081,678.449,1.0,6,1759564.1,5917033.6
1654,3,0.13118400000000002,0.1093,4,50,Market Road,11959.0,5979.5,count,0.096,459.847,688.838,2033.301,35.915,0.017663,676.671,1.0,7,1759506.4,5916990.9
1655,6,0.283944,0.2366,4,50,Market Road,11959.0,5979.5,propagated,0.096,459.847,688.838,2033.301,41.924,0.020619,674.635,1.0,8,1759368.6,5916886.2
1656,1,0.04602,0.0384,4,50,Market Road,13644.0,6822.0,propagated,0.096,524.639,785.894,2319.789,41.924,0.018072,771.691,1.0,8,1759259.7,5916802.7
1657,1,0.018864,0.0157,4,50,Market Road,13644.0,6822.0,propagated,0.096,524.639,785.894,2319.789,47.333,0.020404,769.859,1.0,9,1759236.4,5916790.5
1658,1,0.01728,0.0144,4,50,Market Road,13644.0,6822.0,propagated,0.096,524.639,785.894,2319.789,52.392,0.022585,768.145,1.0,10,1759224.2,5916782.2
1659,2,0.08682,0.0724,4,50,Mount Hobson Road,10408.0,5204.0,default,0.096,400.208,599.501,1769.598,90.229,0.050988,568.933,1.0,20,1759195.7,5916806.5
1660,1,0.077232,0.0644,4,50,Exit 432 Market Road,14796.0,7398.0,propagated,0.096,568.936,852.25,2515.658,90.229,0.035867,821.682,1.0,20,1759150.9,5916858.0
1661,1,0.041597999999999996,0.0693,4,100,Exit 432 Market Road,14796.0,7398.0,propagated,0.096,568.936,852.25,2515.658,90.229,0.035867,821.682,1.0,20,1759105.0,5916906.8
1662,2,0.10821,0.1804,4,100,Exit 432 Market Road,14796.0,7398.0,count,0.096,568.936,852.25,2515.658,96.502,0.038361,819.557,1.0,21,1759027.6,5917004.6
1663,4,0.08468399999999998,0.0706,3,50,New North Road,11169.0,5584.5,propagated,0.096,429.47,643.334,1898.983,5.651,0.002976,641.42,1.0,1,1754320.6,5917457.3
1664,3,0.253656,0.2114,3,50,New North Road,11169.0,5584.5,propagated,0.096,429.47,643.334,1898.983,35.648,0.018772,631.257,1.0,6,1754433.4,5917537.1
1665,2,0.045264,0.0377,3,50,New North Road,12979.0,6489.5,propagated,0.096,499.069,747.59,2206.724,35.648,0.016154,735.513,1.0,6,1754551.4,5917576.4
1666,5,0.248856,0.2074,3,50,New North Road,12979.0,6489.5,count,0.096,499.069,747.59,2206.724,38.575,0.017481,734.522,1.0,7,1754650.5,5917647.5
1667,5,0.06744,0.0562,3,50,New North Road,12979.0,6489.5,propagated,0.096,499.069,747.59,2206.724,41.72,0.018906,733.456,1.0,8,1754759.0,5917718.2
1668,6,0.196104,0.1634,3,50,New North Road,11448.0,5724.0,count,0.097048,440.198,666.603,1967.668,41.72,0.021203,652.469,1.0,8,1754867.4,5917735.8
1669,2,0.3132,0.261,3,50,New North Road,14884.0,7442.0,count,0.096,572.32,857.318,2530.618,41.72,0.016486,843.184,1.0,8,1755077.9,5917763.8
1670,5,0.458772,0.3823,3,50,New North Road,14884.0,7442.0,propagated,0.096,572.32,857.318,2530.618,47.679,0.018841,841.165,1.0,9,1755382.1,5917858.2
1671,2,0.18856799999999999,0.1571,3,50,New North Road,16337.0,8168.5,propagated,0.098549,628.19,965.997,2851.415,47.679,0.016721,949.844,1.0,9,1755639.7,5917936.1
1672,2,0.11125199999999999,0.0927,4,50,Apollo Drive,10308.0,5154.0,propagated,0.096,396.363,593.741,1752.595,4.741,0.002705,592.135,1.0,1,1754189.4,5932540.2
1673,9,0.28281599999999996,0.2357,4,50,Apollo Drive,13874.0,6937.0,propagated,0.096,533.483,799.142,2358.895,8.021,0.0034,796.425,1.0,2,1754266.9,5932396.5
1674,1,0.03564,0.0297,4,50,Apollo Drive,13874.0,6937.0,propagated,0.096,533.483,799.142,2358.895,11.259,0.004773,795.328,1.0,3,1754347.6,5932302.4
1675,6,0.159612,0.133,4,50,Apollo Drive,13874.0,6937.0,count,0.096,533.483,799.142,2358.895,14.549,0.006168,794.213,1.0,4,1754398.9,5932239.4
1676,3,0.152868,0.1274,4,50,Apollo Drive,13874.0,6937.0,propagated,0.096,533.483,799.142,2358.895,17.901,0.007589,793.078,1.0,5,1754487.2,5932152.3
1677,6,0.19234800000000002,0.1603,4,50,Apollo Drive,17191.0,8595.5,propagated,0.106393,661.028,1097.401,3239.291,17.901,0.005526,1091.337,1.0,5,1754607.1,5932073.9
1678,8,0.266784,0.2223,4,50,Apollo Drive,17191.0,8595.5,count,0.106393,661.028,1097.401,3239.291,20.855,0.006438,1090.336,1.0,6,1754792.1,5932027.0
1679,8,0.212508,0.1771,4,50,Apollo Drive,17191.0,8595.5,propagated,0.106393,661.028,1097.401,3239.291,24.082,0.007434,1089.243,1.0,7,1754923.4,5931883.8
1680,2,0.076284,0.0636,1,50,Constellation Drive,19590.0,9795.0,propagated,0.096,753.275,1128.384,3330.746,31.799,0.009547,1117.611,1.0,9,1754890.4,5931789.6
1681,4,0.129324,0.1078,1,50,Constellation Drive,22984.0,11492.0,count,0.096,883.781,1323.878,3907.802,31.799,0.008137,1313.105,1.0,9,1754817.3,5931744.1
1682,10,0.45447600000000005,0.3787,1,50,Constellation Drive,22984.0,11492.0,propagated,0.096,883.781,1323.878,3907.802,36.193,0.009262,1311.617,1.0,10,1754608.7,5931619.8
1683,12,0.346464,0.2887,1,50,Constellation Drive,22984.0,11492.0,propagated,0.096,883.781,1323.878,3907.802,38.551,0.009865,1310.818,1.0,11,1754318.4,5931458.4
1684,5,0.082092,0.0684,1,50,Entry 414 Upper Harbour Highway,30800.0,15400.0,propagated,0.096,1184.322,1774.08,5236.701,38.551,0.007362,1761.02,1.0,11,1754157.2,5931386.7
1685,1,0.03066,0.0256,1,50,Entry 414 Upper Harbour Highway,30800.0,15400.0,propagated,0.096,1184.322,1774.08,5236.701,42.169,0.008053,1759.794,1.0,13,1754155.2,5931346.4
1686,3,0.15139799999999998,0.2523,1,100,Entry 414 Upper Harbour Highway,30800.0,15400.0,propagated,0.096,1184.322,1774.08,5236.701,42.169,0.008053,1759.794,1.0,13,1754236.2,5931233.5
1687,5,0.25271999999999994,0.4212,1,100,Entry 414 Upper Harbour Highway,30800.0,15400.0,propagated,0.096,1184.322,1774.08,5236.701,45.326,0.008655,1758.725,1.0,14,1754443.5,5930968.4
1688,5,0.959988,1.6,0,100,Northern Motorway,107198.0,53599.0,count,0.096,4121.977,6174.605,18226.101,45.326,0.002487,6159.25,1.0,14,1755088.5,5930193.9
1689,1,0.032736,0.0546,0,100,Northern Motorway,91316.0,45658.0,propagated,0.096,3511.283,5259.802,15525.8,45.326,0.002919,5244.447,1.0,14,1755382.6,5929423.7
1690,8,0.6572939999999999,1.0955,0,100,Northern Motorway,91316.0,45658.0,count,0.096,3511.283,5259.802,15525.8,52.097,0.003356,5242.153,1.0,15,1755594.9,5928889.4
1691,3,0.045540000000000004,0.0607,3,80,Trig Road,4122.0,2061.0,propagated,0.096,158.499,237.427,700.833,21.003,0.029969,230.312,1.0,6,1744417.9,5925060.8
1692,2,0.036652500000000005,0.0489,3,80,Trig Road,4122.0,2061.0,propagated,0.096,158.499,237.427,700.833,25.845,0.036878,228.671,1.0,7,1744444.3,5925012.7
1693,1,0.036945,0.0493,3,80,Exit 10 Trig Road,4642.0,2321.0,propagated,0.096,178.494,267.379,789.245,25.845,0.032746,258.623,1.0,7,1744480.9,5924993.8
1694,2,0.20468999999999998,0.3411,3,100,Exit 10 Trig Road,4642.0,2321.0,count,0.096,178.494,267.379,789.245,30.169,0.038225,257.158,1.0,8,1744624.2,5925125.8
1695,1,0.025044,0.0209,3,50,Wellesley Street E,11952.0,5976.0,propagated,0.098394,459.578,705.603,2082.788,7.415,0.00356,703.091,1.0,1,1757721.4,5919771.4
1696,3,0.089748,0.0748,2,50,Wellesley Street E,11952.0,5976.0,propagated,0.098394,459.578,705.603,2082.788,7.415,0.00356,703.091,1.0,1,1757748.2,5919732.1
1697,1,0.00936,0.0125,2,80,Entry 2A Wellesley Street,14746.0,7373.0,propagated,0.096,567.013,849.37,2507.157,12.759,0.005089,845.048,1.0,2,1757761.0,5919694.6
1698,1,0.008976,0.0075,2,50,Wellesley Street E,11952.0,5976.0,propagated,0.098394,459.578,705.603,2082.788,32.864,0.015779,694.469,1.0,5,1757757.8,5919686.3
1699,2,0.20659199999999997,0.1722,4,50,Richardson Road,6474.0,3237.0,count,0.114921,248.938,446.399,1317.674,3.07,0.00233,445.359,1.0,1,1755413.8,5912092.7
1700,4,0.07256399999999999,0.0605,4,50,Richardson Road,6474.0,3237.0,propagated,0.114921,248.938,446.399,1317.674,5.978,0.004537,444.374,1.0,2,1755307.4,5912140.4
1701,7,0.35072400000000004,0.2923,4,50,Richardson Road,6398.0,3199.0,count,0.120975,246.016,464.399,1370.806,5.978,0.004361,462.374,1.0,2,1755145.8,5912211.5
1702,2,0.27747599999999994,0.2312,4,50,Richardson Road,6450.0,3225.0,count,0.109147,248.015,422.399,1246.831,5.978,0.004795,420.374,1.0,2,1754906.7,5912317.0
1703,1,0.10332,0.0861,4,50,Richardson Road,7908.0,3954.0,propagated,0.104957,304.078,498.0,1469.989,5.978,0.004067,495.975,1.0,2,1754778.8,5912406.8
1704,2,0.07023599999999999,0.0585,4,50,Richardson Road,7908.0,3954.0,count,0.104957,304.078,498.0,1469.989,12.36,0.008408,493.813,1.0,3,1754728.4,5912459.2
1705,4,0.08027999999999999,0.0669,4,50,Richardson Road,7908.0,3954.0,propagated,0.104957,304.078,498.0,1469.989,18.712,0.012729,491.661,1.0,4,1754685.0,5912505.0
1706,1,0.011519999999999999,0.0096,3,50,Richardson Road,11321.0,5660.5,propagated,0.096,435.315,652.09,1924.829,18.712,0.009721,645.751,1.0,4,1754667.1,5912536.4
1707,1,0.027252,0.0227,3,50,Dominion Road,11114.0,5557.0,propagated,0.096,427.356,640.166,1889.632,18.712,0.009902,633.827,1.0,4,1754669.5,5912551.8
1708,5,0.49649999999999994,0.4138,3,50,Dominion Road,11114.0,5557.0,count,0.096,427.356,640.166,1889.632,55.702,0.029478,621.295,1.0,13,1754742.4,5912755.7
1709,4,0.335616,0.2797,3,50,Dominion Road,11431.0,5715.5,count,0.096,439.545,658.426,1943.531,55.702,0.02866,639.555,1.0,13,1754836.0,5913089.5
1710,1,0.063816,0.0532,3,50,Dominion Road,11641.0,5820.5,count,0.103943,447.62,726.0,2142.995,58.685,0.027385,706.119,1.0,14,1754881.1,5913249.5
1711,1,0.05352,0.0446,3,50,Dominion Road,11641.0,5820.5,propagated,0.103943,447.62,726.0,2142.995,62.506,0.029168,704.824,1.0,15,1754894.0,5913296.4
1712,2,0.011112,0.0093,3,50,Dominion Road,11641.0,5820.5,propagated,0.103943,447.62,726.0,2142.995,67.449,0.031474,703.15,1.0,16,1754900.7,5913322.5
1713,6,0.24663600000000002,0.2055,3,50,Dominion Road,15480.0,7740.0,count,0.096,595.237,891.648,2631.952,72.555,0.027567,867.068,1.0,17,1754930.3,5913426.0
1714,1,0.020232,0.0169,2,50,Dominion Road,15480.0,7740.0,propagated,0.096,595.237,891.648,2631.952,82.838,0.031474,863.584,1.0,19,1754964.7,5913530.9
1715,2,0.05893199999999999,0.0491,2,50,Dominion Road,24985.0,12492.5,propagated,0.096,960.723,1439.136,4248.019,82.838,0.0195,1411.072,1.0,19,1754973.2,5913562.5
1716,1,0.084228,0.0702,2,50,Dominion Road,24985.0,12492.5,propagated,0.096,960.723,1439.136,4248.019,88.083,0.020735,1409.295,1.0,20,1754988.1,5913620.5
1717,3,0.101916,0.0849,2,50,Dominion Road,24985.0,12492.5,propagated,0.096,960.723,1439.136,4248.019,93.022,0.021898,1407.622,1.0,21,1755004.8,5913695.1
1718,1,0.00966,0.008,2,50,Dominion Road,24985.0,12492.5,propagated,0.096,960.723,1439.136,4248.019,97.318,0.022909,1406.167,1.0,22,1755011.4,5913738.6
1719,1,0.008256,0.0069,2,50,Dominion Road,24985.0,12492.5,propagated,0.096,960.723,1439.136,4248.019,101.636,0.023926,1404.704,1.0,23,1755009.1,5913745.5
1720,1,0.011004,0.0092,2,50,Dominion Road,16318.0,8159.0,propagated,0.096,627.46,939.917,2774.432,101.636,0.036633,905.485,1.0,23,1755012.9,5913752.5
1721,3,0.197556,0.1646,2,50,Dominion Road,16318.0,8159.0,count,0.096,627.46,939.917,2774.432,120.713,0.043509,899.022,1.0,27,1755043.1,5913832.6
1722,4,0.23982,0.1998,2,50,Dominion Road,14157.0,7078.5,count,0.096,544.365,815.443,2407.012,120.713,0.050151,774.548,1.0,27,1755092.6,5914008.0
1723,7,0.24109199999999997,0.2009,2,50,Dominion Road,17810.0,8905.0,count,0.096,684.83,1025.856,3028.106,120.713,0.039864,984.961,1.0,27,1755146.8,5914200.7
1724,1,0.037956,0.0316,2,50,Dominion Road,17810.0,8905.0,propagated,0.096,684.83,1025.856,3028.106,168.888,0.055773,968.64,1.0,36,1755178.5,5914312.3
1725,5,0.09381599999999998,0.0782,2,50,Dominion Road,22752.0,11376.0,propagated,0.096,874.86,1310.515,3868.357,168.888,0.043659,1253.299,1.0,36,1755193.3,5914365.3
1726,5,0.11695199999999999,0.0975,2,50,Dominion Road,22752.0,11376.0,propagated,0.096,874.86,1310.515,3868.357,172.367,0.044558,1252.121,1.0,37,1755211.9,5914450.4
1727,3,0.114432,0.0954,2,50,Dominion Road,21227.0,10613.5,count,0.096,816.221,1222.675,3609.073,175.181,0.048539,1163.328,1.0,38,1755243.7,5914540.7
1728,2,0.114384,0.0953,2,50,Dominion Road,27222.0,13611.0,count,0.096,1046.74,1567.987,4628.359,175.181,0.037849,1508.64,1.0,38,1755267.9,5914632.6
1729,2,0.08140800000000001,0.0678,2,50,Dominion Road,22303.0,11151.5,count,0.096,857.595,1284.653,3792.018,175.181,0.046197,1225.305,1.0,38,1755290.2,5914710.9
1730,7,0.24532799999999996,0.2044,2,50,Dominion Road,21376.0,10688.0,count,0.096,821.95,1231.258,3634.408,175.181,0.048201,1171.911,1.0,38,1755326.9,5914841.7
1731,3,0.203628,0.1697,2,50,Dominion Road,19001.0,9500.5,count,0.096,730.626,1094.458,3230.604,175.181,0.054225,1035.111,1.0,38,1755377.8,5915021.7
1732,5,0.15465600000000002,0.1289,2,50,Dominion Road,21925.0,10962.5,count,0.096,843.06,1262.88,3727.749,175.181,0.046994,1203.533,1.0,38,1755419.0,5915165.7
1733,4,0.105024,0.0875,2,50,Dominion Road,21300.0,10650.0,count,0.096,819.028,1226.88,3621.485,175.181,0.048373,1167.533,1.0,38,1755448.1,5915270.1
1734,4,0.13133999999999998,0.1094,2,50,Dominion Road,21508.0,10754.0,count,0.096,827.026,1238.861,3656.85,175.181,0.047905,1179.513,1.0,38,1755474.0,5915364.5
1735,6,0.1557,0.1298,2,50,Dominion Road,21503.0,10751.5,count,0.096,826.833,1238.573,3656.0,175.181,0.047916,1179.226,1.0,38,1755506.1,5915479.9
1736,4,0.066756,0.0556,2,50,Dominion Road,23072.0,11536.0,count,0.096,887.165,1328.947,3922.765,175.181,0.044658,1269.6,1.0,38,1755530.6,5915569.4
1737,12,0.25727999999999995,0.2144,2,50,Dominion Road,20507.0,10253.5,count,0.096,788.535,1181.203,3486.656,175.181,0.050243,1121.855,1.0,38,1755567.3,5915699.2
1738,10,0.254676,0.2122,2,50,Dominion Road,21650.0,10825.0,count,0.096,832.486,1247.04,3680.993,175.181,0.047591,1187.693,1.0,38,1755625.1,5915904.5
1739,1,0.008628,0.0072,2,50,Dominion Road,18680.0,9340.0,propagated,0.096,718.283,1075.968,3176.025,175.181,0.055157,1016.62,1.0,38,1755654.8,5916009.9
1740,5,0.075744,0.0631,2,50,Dominion Road,18680.0,9340.0,count,0.096,718.283,1075.968,3176.025,178.389,0.056167,1015.534,1.0,39,1755664.0,5916043.7
1741,1,0.011988,0.01,2,50,Dominion Road,21725.0,10862.5,propagated,0.096,835.37,1251.36,3693.745,178.389,0.048295,1190.926,1.0,39,1755674.4,5916078.9
1742,3,0.072264,0.0602,2,50,Dominion Road,21725.0,10862.5,count,0.096,835.37,1251.36,3693.745,181.664,0.049182,1189.816,1.0,40,1755683.7,5916113.1
1743,1,0.012168,0.0101,2,50,Dominion Road,21725.0,10862.5,propagated,0.096,835.37,1251.36,3693.745,185.221,0.050145,1188.611,1.0,41,1755692.5,5916146.8
1744,5,0.089532,0.0746,2,50,Dominion Road,18504.0,9252.0,count,0.096,711.516,1065.83,3146.1,185.221,0.058873,1003.081,1.0,41,1755704.4,5916187.6
1745,3,0.062868,0.0524,2,50,Dominion Road,21317.0,10658.5,count,0.096,819.681,1227.859,3624.375,188.756,0.05208,1163.913,1.0,42,1755721.7,5916248.8
1746,1,0.009876,0.0082,2,50,Dominion Road,21317.0,10658.5,propagated,0.096,819.681,1227.859,3624.375,202.709,0.055929,1159.186,1.0,46,1755729.7,5916277.7
1747,2,0.014952,0.0125,2,50,Dominion Road,21317.0,10658.5,propagated,0.096,819.681,1227.859,3624.375,217.736,0.060075,1154.095,1.0,49,1755732.5,5916287.6
1748,4,0.119892,0.0999,2,50,Dominion Road,21059.0,10529.5,count,0.096,809.761,1212.998,3580.508,217.736,0.060811,1139.234,1.0,49,1755747.5,5916341.7
1749,1,0.062495999999999996,0.0521,2,50,Dominion Road,21059.0,10529.5,propagated,0.096,809.761,1212.998,3580.508,221.011,0.061726,1138.124,1.0,50,1755767.9,5916415.2
1750,2,0.046008,0.0383,2,50,Dominion Road,21059.0,10529.5,propagated,0.096,809.761,1212.998,3580.508,224.287,0.062641,1137.014,1.0,51,1755780.4,5916458.7
1751,4,0.18432,0.1536,2,50,Dominion Road,22295.0,11147.5,count,0.096,857.287,1284.192,3790.658,224.287,0.059168,1208.208,1.0,51,1755805.7,5916551.0
1752,1,0.0846,0.0705,2,50,Dominion Road,19852.0,9926.0,count,0.096,763.349,1143.475,3375.291,224.287,0.06645,1067.491,1.0,51,1755836.1,5916659.2
1753,10,0.35444400000000004,0.2954,2,50,Dominion Road,21286.0,10643.0,count,0.096,818.489,1226.074,3619.106,224.287,0.061973,1150.09,1.0,51,1755885.4,5916835.4
1754,6,0.33984,0.2832,2,50,Dominion Road,28585.0,14292.5,count,0.096,1099.15,1646.496,4860.101,224.287,0.046149,1570.512,1.0,51,1755963.8,5917113.6
1755,5,0.12242399999999999,0.102,2,50,Dominion Road,20105.0,10052.5,count,0.096,773.077,1158.048,3418.308,224.287,0.065613,1082.064,1.0,51,1756012.8,5917299.6
1756,9,0.20318399999999998,0.1693,2,50,Dominion Road,17979.0,8989.5,count,0.096,691.329,1035.59,3056.838,224.287,0.073372,959.606,1.0,51,1756051.4,5917429.3
1757,8,0.309888,0.2582,2,50,Dominion Road,24698.0,12349.0,count,0.096,949.687,1422.605,4199.223,224.287,0.053412,1346.621,1.0,51,1756108.4,5917635.2
1758,3,0.038099999999999995,0.0318,2,50,Dominion Road,27233.0,13616.5,propagated,0.096,1047.163,1568.621,4630.231,227.379,0.049107,1491.59,1.0,52,1756147.1,5917775.0
1759,2,0.076788,0.064,2,50,Dominion Road,27233.0,13616.5,count,0.096,1047.163,1568.621,4630.231,231.385,0.049973,1490.233,1.0,53,1756160.5,5917820.8
1760,2,0.037079999999999995,0.0309,2,50,Dominion Road,23069.0,11534.5,count,0.088951,887.049,1231.206,3634.254,231.385,0.063668,1152.818,1.0,53,1756173.6,5917866.5
1761,1,0.050328,0.0419,2,50,Dominion Road,19822.0,9911.0,count,0.094693,762.196,1126.203,3324.308,236.206,0.071054,1046.182,1.0,54,1756183.4,5917901.9
1762,1,0.037272,0.0311,2,50,Dominion Road,19822.0,9911.0,propagated,0.094693,762.196,1126.203,3324.308,241.725,0.072714,1044.312,1.0,55,1756193.4,5917937.2
1763,3,0.13451999999999997,0.1121,2,50,Dominion Road,27996.0,13998.0,count,0.082476,1076.502,1385.399,4089.399,241.725,0.05911,1303.508,1.0,55,1756213.3,5918005.6
1764,1,0.017929999999999998,0.0179,2,60,Dominion Road,25597.0,12798.5,propagated,0.096,984.256,1474.387,4352.072,241.725,0.055543,1392.496,1.0,55,1756231.1,5918068.1
1765,3,0.11301,0.113,2,60,Dominion Road,25597.0,12798.5,count,0.096,984.256,1474.387,4352.072,252.774,0.058081,1388.753,1.0,57,1756245.9,5918131.2
1766,1,0.01268,0.0127,2,60,Dominion Road,16012.0,8006.0,propagated,0.128404,615.693,1233.603,3641.33,252.774,0.069418,1147.969,1.0,57,1756263.1,5918191.3
1767,1,0.01973,0.0197,2,60,Dominion Road,16012.0,8006.0,propagated,0.128404,615.693,1233.603,3641.33,258.319,0.070941,1146.09,1.0,58,1756267.8,5918206.6
1768,1,0.09198999999999999,0.092,2,60,Dominion Road,16012.0,8006.0,count,0.128404,615.693,1233.603,3641.33,263.834,0.072455,1144.222,1.0,59,1756283.6,5918260.2
1769,1,0.05042,0.0504,2,60,Ian McKinnon Drive,14318.0,7159.0,count,0.089049,550.556,765.002,2258.121,263.834,0.116838,675.621,1.0,59,1756303.8,5918328.8
1770,3,0.04761,0.0476,2,60,Ian McKinnon Drive,14318.0,7159.0,propagated,0.089049,550.556,765.002,2258.121,269.582,0.119383,673.674,1.0,60,1756318.0,5918375.5
1771,1,0.02646,0.0265,2,60,Ian McKinnon Drive,24693.0,12346.5,propagated,0.096,949.495,1422.317,4198.373,291.633,0.069463,1323.518,1.0,63,1756328.3,5918410.9
1772,2,0.07594000000000001,0.0759,2,60,Ian McKinnon Drive,24693.0,12346.5,count,0.096,949.495,1422.317,4198.373,297.599,0.070884,1321.497,1.0,64,1756342.8,5918459.9
1773,2,0.03364,0.0336,2,60,Ian McKinnon Drive,30484.0,15242.0,count,0.096,1172.171,1755.878,5182.973,297.599,0.057419,1655.058,1.0,64,1756357.2,5918513.1
1774,2,0.04141,0.0414,2,60,Ian McKinnon Drive,18927.0,9463.5,count,0.099118,727.781,1125.604,3322.54,297.599,0.08957,1024.784,1.0,64,1756367.7,5918549.4
1775,2,0.17654,0.1765,2,60,Ian McKinnon Drive,19934.0,9967.0,propagated,0.096418,766.502,1153.198,3403.992,297.599,0.087426,1052.378,1.0,64,1756394.3,5918654.9
1776,2,0.060910000000000006,0.0609,2,60,Ian McKinnon Drive,19934.0,9967.0,count,0.096418,766.502,1153.198,3403.992,303.665,0.089208,1050.323,1.0,65,1756421.0,5918770.5
1777,3,0.06287999999999999,0.0629,3,60,Ian McKinnon Drive,19934.0,9967.0,propagated,0.096418,766.502,1153.198,3403.992,303.665,0.089208,1050.323,1.0,65,1756435.4,5918830.6
1778,1,0.01366,0.0137,3,60,Ian McKinnon Drive,19934.0,9967.0,propagated,0.096418,766.502,1153.198,3403.992,308.904,0.090748,1048.548,1.0,66,1756444.2,5918867.5
1779,1,0.04926,0.0493,3,60,Ian McKinnon Drive,19934.0,9967.0,propagated,0.096418,766.502,1153.198,3403.992,355.963,0.104572,1032.606,1.0,74,1756456.4,5918896.8
1780,3,0.08952,0.0746,4,50,Bleakhouse Road,9274.0,4637.0,propagated,0.107721,356.604,599.403,1769.308,3.389,0.001915,598.255,1.0,1,1771213.5,5915954.9
1781,1,0.052464,0.0437,4,50,Bleakhouse Road,9274.0,4637.0,propagated,0.107721,356.604,599.403,1769.308,6.71,0.003792,597.13,1.0,2,1771200.8,5915897.6
1782,1,0.04064399999999999,0.0339,4,50,Bleakhouse Road,9274.0,4637.0,propagated,0.107721,356.604,599.403,1769.308,10.305,0.005824,595.912,1.0,3,1771192.0,5915860.0
1783,2,0.063012,0.0525,4,50,Bleakhouse Road,9274.0,4637.0,count,0.107721,356.604,599.403,1769.308,13.9,0.007856,594.694,1.0,4,1771182.1,5915817.5
1784,1,0.044340000000000004,0.037,4,50,Bleakhouse Road,9080.0,4540.0,count,0.096,349.144,523.008,1543.807,17.668,0.011444,517.022,1.0,5,1771170.2,5915774.7
1785,2,0.121752,0.1015,4,50,Bleakhouse Road,9491.0,4745.5,count,0.096,364.948,546.682,1613.687,17.668,0.010949,540.696,1.0,5,1771138.2,5915713.1
1786,1,0.026136,0.0218,4,50,Bleakhouse Road,11971.0,5985.5,propagated,0.131651,460.309,945.596,2791.195,17.668,0.00633,939.61,1.0,5,1771138.8,5915657.6
1787,2,0.120588,0.1005,4,50,Bleakhouse Road,11971.0,5985.5,count,0.131651,460.309,945.596,2791.195,21.215,0.007601,938.409,1.0,6,1771153.9,5915598.5
1788,1,0.091836,0.0765,4,50,Bleakhouse Road,11971.0,5985.5,propagated,0.131651,460.309,945.596,2791.195,25.507,0.009138,936.955,1.0,7,1771197.1,5915524.3
1789,1,0.048108000000000005,0.0401,4,50,Bleakhouse Road,10975.0,5487.5,propagated,0.142506,422.011,938.402,2769.96,25.507,0.009208,929.761,1.0,7,1771240.6,5915485.0
1790,2,0.15486,0.129,4,50,Bleakhouse Road,10975.0,5487.5,count,0.142506,422.011,938.402,2769.96,30.141,0.010881,928.191,1.0,8,1771303.4,5915427.9
1791,2,0.16638,0.1386,4,50,Bleakhouse Road,13404.0,6702.0,count,0.112653,515.411,906.0,2674.316,30.141,0.011271,895.789,1.0,8,1771402.0,5915337.3
1792,2,0.054252,0.0452,4,50,Bleakhouse Road,13404.0,6702.0,propagated,0.112653,515.411,906.0,2674.316,35.041,0.013103,894.129,1.0,9,1771459.1,5915270.4
1793,8,0.32915999999999995,0.2743,3,50,Beach Road,5533.0,2766.5,count,0.117658,212.755,390.601,1152.97,50.786,0.044048,373.396,1.0,14,1757720.0,5930369.4
1794,5,0.49169999999999997,0.4098,3,50,Beach Road,6397.0,3198.5,count,0.152884,245.977,586.799,1732.104,50.786,0.02932,569.594,1.0,14,1757702.2,5930139.7
1795,7,0.239952,0.2,3,50,Beach Road,5270.0,2635.0,count,0.096,202.642,303.552,896.02,50.786,0.05668,286.347,1.0,14,1757604.2,5929863.1
1796,1,0.014772,0.0123,3,50,Beach Road,6322.0,3161.0,propagated,0.096,243.094,364.147,1074.883,50.786,0.047248,346.942,1.0,14,1757561.8,5929768.9
1797,3,0.04194,0.035,3,50,Beach Road,6322.0,3161.0,count,0.096,243.094,364.147,1074.883,54.435,0.050643,345.706,1.0,15,1757555.1,5929746.3
1798,17,0.492216,0.4102,3,50,Inga Road,8461.0,4230.5,count,0.129654,325.342,658.201,1942.867,54.435,0.028018,639.76,1.0,15,1757499.8,5929534.1
1799,6,0.14046,0.1171,3,50,Inga Road,8910.0,4455.0,count,0.096,342.607,513.216,1514.903,54.435,0.035933,494.775,1.0,15,1757641.9,5929316.7
1800,2,0.16865999999999998,0.1406,3,50,Omana Road,9627.0,4813.5,propagated,0.096,370.177,554.515,1636.809,54.435,0.033257,536.074,1.0,15,1757661.1,5929202.3
1801,1,0.024239999999999998,0.0202,3,50,Omana Road,9627.0,4813.5,propagated,0.096,370.177,554.515,1636.809,58.109,0.035501,534.829,1.0,16,1757632.3,5929128.1
1802,12,0.3884279999999999,0.3237,3,50,Omana Road,9627.0,4813.5,count,0.096,370.177,554.515,1636.809,61.782,0.037745,533.585,1.0,17,1757493.4,5929056.5
1803,1,0.028932,0.0241,3,50,Shakespeare Road,13563.0,6781.5,propagated,0.095996,521.524,781.196,2305.922,65.61,0.028453,758.969,1.0,18,1757386.0,5928928.1
1804,1,0.00966,0.008,3,50,Shakespeare Road,13563.0,6781.5,propagated,0.095996,521.524,781.196,2305.922,81.291,0.035253,753.656,1.0,22,1757376.0,5928915.5
1805,6,0.224472,0.1871,3,50,Shakespeare Road,13563.0,6781.5,propagated,0.095996,521.524,781.196,2305.922,88.706,0.038469,751.144,1.0,24,1757314.1,5928839.8
1806,9,0.27337199999999995,0.2278,3,50,Shakespeare Road,13563.0,6781.5,count,0.095996,521.524,781.196,2305.922,92.256,0.040008,749.942,1.0,25,1757175.3,5928685.6
1807,7,0.35322,0.2943,3,50,Shakespeare Road,13563.0,6781.5,propagated,0.095996,521.524,781.196,2305.922,95.645,0.041478,748.794,1.0,26,1757001.7,5928490.8
1808,5,0.229248,0.191,3,50,Shakespeare Road,14079.0,7039.5,propagated,0.095035,541.366,802.799,2369.689,98.76,0.041676,769.341,1.0,27,1756839.4,5928310.6
1809,9,0.32055599999999995,0.2671,3,50,Shakespeare Road,14079.0,7039.5,count,0.095035,541.366,802.799,2369.689,101.773,0.042948,768.321,1.0,28,1756687.0,5928139.5
1810,5,0.13818,0.1151,3,50,Shakespeare Road,15123.0,7561.5,count,0.096,581.51,871.085,2571.255,101.773,0.039581,836.607,1.0,28,1756559.9,5927996.4
1811,1,0.05166,0.043,3,50,Shakespeare Road,16208.0,8104.0,count,0.094336,623.23,917.399,2707.964,101.773,0.037583,882.921,1.0,28,1756512.3,5927935.1
1812,4,0.1734,0.1445,3,50,Shakespeare Road,16444.0,8222.0,count,0.096449,632.305,951.604,2808.93,101.773,0.036232,917.126,1.0,28,1756460.6,5927859.1
1813,1,0.0156,0.013,3,50,Shakespeare Road,16444.0,8222.0,propagated,0.096449,632.305,951.604,2808.93,109.54,0.038997,914.494,1.0,29,1756443.6,5927782.9
1814,2,0.020724,0.0173,3,50,Taharoto Road,26736.0,13368.0,propagated,0.093731,1028.053,1503.595,4438.288,143.185,0.032261,1455.087,1.0,34,1756449.2,5927770.0
1815,2,0.041496,0.0346,3,50,Taharoto Road,26736.0,13368.0,propagated,0.093731,1028.053,1503.595,4438.288,151.233,0.034075,1452.361,1.0,35,1756466.8,5927750.9
1816,2,0.143304,0.1194,3,50,Taharoto Road,26736.0,13368.0,count,0.093731,1028.053,1503.595,4438.288,159.136,0.035855,1449.683,1.0,36,1756513.3,5927691.4
1817,4,0.138684,0.1156,3,50,Taharoto Road,26736.0,13368.0,propagated,0.093731,1028.053,1503.595,4438.288,167.109,0.037652,1446.982,1.0,37,1756594.5,5927606.6
1818,2,0.08660399999999999,0.0722,3,50,Taharoto Road,26736.0,13368.0,propagated,0.093731,1028.053,1503.595,4438.288,175.262,0.039489,1444.22,1.0,38,1756659.2,5927538.7
1819,1,0.056424,0.047,3,50,Taharoto Road,25498.0,12749.0,propagated,0.092478,980.449,1414.802,4176.19,175.262,0.041967,1355.427,1.0,38,1756691.4,5927491.0
1820,1,0.13746,0.1146,3,50,Northcote Road,13319.0,6659.5,propagated,0.090022,512.142,719.402,2123.519,175.262,0.082534,660.027,1.0,38,1756644.2,5927429.0
1821,2,0.07935600000000001,0.0661,3,50,Northcote Road,13319.0,6659.5,count,0.090022,512.142,719.402,2123.519,183.453,0.086391,657.252,1.0,39,1756579.5,5927365.8
1822,3,0.071964,0.06,3,50,Northcote Road,13319.0,6659.5,propagated,0.090022,512.142,719.402,2123.519,191.85,0.090345,654.407,1.0,40,1756532.0,5927324.0
1823,3,0.134544,0.1121,3,50,Northcote Road,12444.0,6222.0,propagated,0.1072,478.497,800.398,2362.602,191.85,0.081203,735.403,1.0,40,1756467.6,5927267.5
1824,1,0.015804,0.0132,3,50,Exit 419 Northcote Road,18034.0,9017.0,propagated,0.096,693.443,1038.758,3066.189,191.85,0.06257,973.763,1.0,40,1756429.8,5927223.2
1825,5,0.20148,0.3358,3,100,Entry 419 Northcote Road,18694.0,9347.0,count,0.096,718.822,1076.774,3178.404,243.822,0.076712,994.172,1.0,48,1756489.0,5927059.2
1826,2,0.037236,0.0621,4,100,Exit 13 Neilson Street,23968.0,11984.0,propagated,0.096,921.618,1380.557,4075.106,8.17,0.002005,1377.789,1.0,1,1758778.2,5911443.2
1827,2,0.036108,0.0301,4,50,Exit 13 Neilson Street,23968.0,11984.0,propagated,0.096,921.618,1380.557,4075.106,8.17,0.002005,1377.789,1.0,1,1758732.7,5911436.9
1828,1,0.019271999999999997,0.0161,4,50,Onehunga Harbour Road,10408.0,5204.0,default,0.096,400.208,599.501,1769.598,22.64,0.012794,591.831,1.0,3,1758717.1,5911446.8
1829,1,0.024312,0.0203,4,50,Onehunga Harbour Road,10408.0,5204.0,default,0.096,400.208,599.501,1769.598,29.804,0.016842,589.404,1.0,4,1758713.7,5911465.1
1830,3,0.241164,0.4019,4,100,Entry 13 Neilson Street,14042.0,7021.0,count,0.096,539.943,808.819,2387.459,37.118,0.015547,796.244,1.0,5,1758587.1,5911625.1
1831,2,0.02846,0.0285,3,60,Chapel Road,11298.0,5649.0,propagated,0.123827,434.431,839.398,2477.722,82.621,0.033346,811.408,1.0,19,1770782.1,5911373.1
1832,1,0.034390000000000004,0.0344,3,60,Chapel Road,11298.0,5649.0,propagated,0.123827,434.431,839.398,2477.722,89.047,0.035939,809.231,1.0,20,1770758.6,5911352.4
1833,3,0.11909,0.1191,3,60,Chapel Road,11298.0,5649.0,propagated,0.123827,434.431,839.398,2477.722,95.49,0.038539,807.048,1.0,21,1770699.8,5911303.4
1834,8,0.22625,0.2262,3,60,Ti Rakau Drive,22790.0,11395.0,propagated,0.113208,876.321,1548.006,4569.38,95.49,0.020898,1515.656,1.0,21,1770545.7,5911263.4
1835,5,0.10149999999999999,0.1015,3,60,Ti Rakau Drive,22790.0,11395.0,propagated,0.113208,876.321,1548.006,4569.38,101.382,0.022187,1513.66,1.0,22,1770388.0,5911307.7
1836,2,0.0816,0.0816,3,60,Walmsley Road,17525.0,8762.5,propagated,0.096,673.871,1009.44,2979.649,18.102,0.006075,1003.307,1.0,2,1759459.5,5908660.0
1837,2,0.03777,0.0378,3,60,Coronation Road,10200.0,5100.0,propagated,0.096,392.21,587.52,1734.232,148.321,0.085525,537.272,1.0,23,1759460.9,5908716.6
1838,6,0.08428,0.0843,3,60,Coronation Road,10200.0,5100.0,propagated,0.096,392.21,587.52,1734.232,156.781,0.090404,534.406,1.0,24,1759483.6,5908773.6
1839,3,0.07525,0.0752,3,60,Coronation Road,10200.0,5100.0,propagated,0.096,392.21,587.52,1734.232,164.693,0.094966,531.726,1.0,25,1759521.2,5908843.4
1840,1,0.01781,0.0178,3,60,Coronation Road,10200.0,5100.0,propagated,0.096,392.21,587.52,1734.232,189.723,0.109399,523.246,1.0,28,1759535.5,5908884.1
1841,2,0.041826,0.0697,3,100,Entry 10 Coronation Road,14190.0,7095.0,count,0.096,545.634,817.344,2412.623,204.049,0.084576,748.217,1.0,30,1759559.1,5908906.7
1842,4,0.25679399999999997,0.428,3,100,Entry 10 Coronation Road,14190.0,7095.0,propagated,0.096,545.634,817.344,2412.623,212.335,0.08801,745.41,1.0,31,1759725.9,5909075.2
1843,2,0.083952,0.07,4,50,Vestey Drive,8255.0,4127.5,propagated,0.096,317.421,475.488,1403.538,25.863,0.018427,466.726,1.0,3,1763852.2,5912030.6
1844,2,0.07824,0.0652,4,50,Vestey Drive,8255.0,4127.5,propagated,0.096,317.421,475.488,1403.538,33.565,0.023915,464.117,1.0,4,1763913.7,5912057.5
1845,1,0.00912,0.0076,4,50,Vestey Drive,8255.0,4127.5,propagated,0.096,317.421,475.488,1403.538,40.708,0.029004,461.697,1.0,5,1763948.1,5912066.6
1846,1,0.027587999999999998,0.023,4,50,Vestey Drive,8255.0,4127.5,propagated,0.096,317.421,475.488,1403.538,47.836,0.034082,459.282,1.0,6,1763962.3,5912072.1
1847,1,0.012312,0.0103,3,50,Mount Wellington Highway,19141.0,9570.5,propagated,0.089755,736.01,1030.8,3042.699,187.625,0.061664,967.237,1.0,25,1763975.2,5912081.2
1848,2,0.043188,0.036,3,50,Mount Wellington Highway,19141.0,9570.5,propagated,0.089755,736.01,1030.8,3042.699,194.558,0.063943,964.888,1.0,26,1763975.7,5912103.2
1849,1,0.075012,0.0625,3,50,Mount Wellington Highway,19141.0,9570.5,propagated,0.089755,736.01,1030.8,3042.699,201.35,0.066175,962.587,1.0,27,1763967.1,5912151.6
1850,1,0.033887999999999995,0.0282,3,50,Mount Wellington Highway,19141.0,9570.5,propagated,0.089755,736.01,1030.8,3042.699,207.451,0.06818,960.52,1.0,28,1763959.1,5912196.2
1851,2,0.033336,0.0278,3,50,Mount Wellington Highway,19141.0,9570.5,propagated,0.089755,736.01,1030.8,3042.699,213.445,0.07015,958.489,1.0,29,1763954.7,5912223.6
1852,1,0.038759999999999996,0.0323,3,50,Mount Wellington Highway,17833.0,8916.5,propagated,0.086581,685.715,926.399,2734.53,219.398,0.080232,852.072,1.0,30,1763948.4,5912253.2
1853,1,0.041124,0.0343,3,50,Mount Wellington Highway,17833.0,8916.5,propagated,0.086581,685.715,926.399,2734.53,225.38,0.08242,850.045,1.0,31,1763940.3,5912285.4
1854,2,0.113088,0.0942,3,50,Mount Wellington Highway,17833.0,8916.5,propagated,0.086581,685.715,926.399,2734.53,260.264,0.095177,838.227,1.0,36,1763925.8,5912347.6
1855,1,0.148644,0.1239,3,50,Entry 438 Mount Wellington Highway,33160.0,16580.0,count,0.096,1275.068,1910.016,5637.955,264.919,0.046988,1820.267,1.0,37,1763893.4,5912451.5
1856,8,0.323064,0.5384,2,100,Entry 438 Mount Wellington Highway,19732.0,9866.0,propagated,0.096,758.735,1136.563,3354.889,274.087,0.081698,1043.708,1.0,39,1763646.8,5912661.7
1857,1,0.036252,0.0302,4,50,Abbotts Way,21197.0,10598.5,propagated,0.096,815.067,1220.947,3603.972,42.459,0.011781,1206.563,1.0,12,1761426.3,5915924.8
1858,6,0.31721999999999995,0.2643,4,50,Ladies Mile,20110.0,10055.0,count,0.097116,773.27,1171.802,3458.907,52.635,0.015217,1153.97,1.0,14,1761324.6,5916016.3
1859,4,0.219792,0.1832,4,50,Ladies Mile,8102.0,4051.0,count,0.117132,311.538,569.402,1680.752,52.635,0.031316,551.57,1.0,14,1761234.5,5916208.9
1860,3,0.230172,0.1918,4,50,Ladies Mile,10405.0,5202.5,count,0.120711,400.093,753.599,2224.462,52.635,0.023662,735.767,1.0,14,1761217.9,5916395.4
1861,5,0.164292,0.1369,4,50,Ladies Mile,9672.0,4836.0,count,0.120658,371.908,700.203,2066.848,52.635,0.025466,682.371,1.0,14,1761226.3,5916559.3
1862,1,0.045911999999999994,0.0383,4,50,Ladies Mile,9672.0,4836.0,propagated,0.120658,371.908,700.203,2066.848,55.721,0.026959,681.326,1.0,15,1761222.0,5916644.8
1863,4,0.09925199999999999,0.0827,2,50,Remuera Road,15803.0,7901.5,propagated,0.096,607.657,910.253,2686.87,99.955,0.037201,876.39,1.0,28,1761173.7,5916650.2
1864,4,0.182496,0.1521,2,50,Green Lane E,13653.0,6826.5,count,0.096,524.985,786.413,2321.321,99.955,0.04306,752.55,1.0,28,1761074.3,5916603.5
1865,7,0.4086239999999999,0.3405,2,50,Green Lane E,15138.0,7569.0,count,0.096,582.086,871.949,2573.805,99.955,0.038835,838.086,1.0,28,1760873.1,5916461.2
1866,8,0.21343199999999998,0.1779,2,50,Green Lane E,25083.0,12541.5,propagated,0.096,964.492,1444.781,4264.682,99.955,0.023438,1410.918,1.0,28,1760660.3,5916315.1
1867,3,0.102696,0.0856,2,50,Green Lane E,41268.0,20634.0,propagated,0.096,1586.837,2377.037,7016.5,99.955,0.014246,2343.174,1.0,28,1760552.7,5916239.9
1868,2,0.038124,0.0318,3,50,West Coast Road,19585.0,9792.5,propagated,0.096,753.082,1128.096,3329.896,36.535,0.010972,1115.719,1.0,9,1746045.0,5913978.4
1869,1,0.010656,0.0089,3,50,West Coast Road,24153.0,12076.5,propagated,0.096,928.731,1391.213,4106.561,36.535,0.008897,1378.836,1.0,9,1746065.1,5913980.5
1870,11,0.48625199999999996,0.4052,3,50,West Coast Road,24153.0,12076.5,count,0.096,928.731,1391.213,4106.561,39.801,0.009692,1377.729,1.0,10,1746266.8,5914024.3
1871,4,0.378696,0.3156,3,50,West Coast Road,24640.0,12320.0,count,0.096,947.457,1419.264,4189.361,39.801,0.0095,1405.78,1.0,10,1746626.5,5914021.8
1872,3,0.267264,0.2227,3,50,West Coast Road,22803.0,11401.5,count,0.096,876.821,1313.453,3877.03,39.801,0.010266,1299.969,1.0,10,1746876.1,5913924.1
1873,5,0.255264,0.2127,3,50,West Coast Road,26438.0,13219.0,count,0.096,1016.594,1522.829,4495.063,39.801,0.008854,1509.345,1.0,10,1747075.7,5913837.3
1874,1,0.025979999999999996,0.0216,3,50,West Coast Road,26438.0,13219.0,propagated,0.096,1016.594,1522.829,4495.063,44.625,0.009928,1507.711,1.0,11,1747185.3,5913800.8
1875,1,0.02052,0.0171,3,50,West Coast Road,13642.0,6821.0,propagated,0.096,524.562,785.779,2319.45,44.625,0.019239,770.661,1.0,11,1747204.0,5913794.7
1876,6,0.118608,0.0988,3,50,West Coast Road,13642.0,6821.0,propagated,0.096,524.562,785.779,2319.45,54.299,0.02341,767.384,1.0,13,1747257.3,5913775.5
1877,6,0.31487999999999994,0.2624,3,50,West Coast Road,20371.0,10185.5,count,0.096,783.306,1173.37,3463.535,54.299,0.015677,1154.975,1.0,13,1747412.1,5913687.7
1878,1,0.01316,0.0132,2,60,Cavendish Drive,50382.0,25191.0,propagated,0.096,1937.289,2902.003,8566.087,6.961,0.000813,2899.645,1.0,2,1766710.8,5904669.5
1879,6,0.09749999999999999,0.0812,1,50,East Coast Road,22291.0,11145.5,propagated,0.096,857.134,1283.962,3789.979,2.391,0.000631,1283.152,1.0,1,1754890.2,5933118.8
1880,4,0.09021599999999999,0.0752,3,50,Rosedale Road,13036.0,6518.0,propagated,0.096,501.26,750.874,2216.418,2.391,0.001079,750.064,1.0,1,1754835.2,5933166.5
1881,5,0.21088800000000002,0.1757,3,50,Rosedale Road,13036.0,6518.0,propagated,0.096,501.26,750.874,2216.418,8.816,0.003978,747.887,1.0,3,1754711.8,5933176.8
1882,2,0.047195999999999995,0.0393,3,50,Rosedale Road,12689.0,6344.5,propagated,0.123178,487.917,937.803,2768.192,8.816,0.003185,934.816,1.0,3,1754607.5,5933155.5
1883,3,0.199104,0.1659,3,50,Rosedale Road,12689.0,6344.5,propagated,0.123178,487.917,937.803,2768.192,13.006,0.004698,933.397,1.0,4,1754508.4,5933130.6
1884,5,0.16738799999999998,0.1395,3,50,Rosedale Road,12689.0,6344.5,count,0.123178,487.917,937.803,2768.192,18.86,0.006813,931.414,1.0,5,1754360.1,5933096.1
1885,4,0.09702,0.0808,3,50,Rosedale Road,12689.0,6344.5,propagated,0.123178,487.917,937.803,2768.192,25.11,0.009071,929.296,1.0,6,1754253.2,5933116.5
1886,4,0.03516,0.0293,3,50,Rosedale Road,12689.0,6344.5,propagated,0.123178,487.917,937.803,2768.192,63.183,0.022825,916.398,1.0,12,1754203.0,5933122.6
1887,7,0.318252,0.2652,3,50,Rosedale Road,12302.0,6151.0,count,0.096,473.037,708.595,2091.62,82.549,0.039467,680.629,1.0,15,1754072.1,5933077.0
1888,2,0.170592,0.1422,3,50,Rosedale Road,12302.0,6151.0,propagated,0.096,473.037,708.595,2091.62,89.226,0.042659,678.367,1.0,16,1753934.9,5932928.8
1889,8,0.382152,0.3185,3,50,Rosedale Road,16256.0,8128.0,count,0.096,625.076,936.346,2763.891,89.226,0.032283,906.118,1.0,16,1753755.6,5932784.6
1890,5,0.19254,0.1604,3,50,Rosedale Road,18149.0,9074.5,count,0.100391,697.865,1093.198,3226.885,89.226,0.027651,1062.97,1.0,16,1753581.7,5932619.7
1891,5,0.157152,0.131,4,50,Lake Road,10182.0,5091.0,count,0.096,391.518,586.483,1731.171,9.173,0.005299,583.375,1.0,2,1755612.5,5925749.4
1892,1,0.029879999999999997,0.0249,4,50,Lake Road,10182.0,5091.0,propagated,0.096,391.518,586.483,1731.171,12.281,0.007094,582.322,1.0,3,1755604.2,5925671.5
1893,1,0.038004,0.0317,4,50,Lake Road,10182.0,5091.0,propagated,0.096,391.518,586.483,1731.171,26.952,0.015569,577.352,1.0,6,1755604.4,5925644.1
1894,1,0.015179999999999999,0.0126,4,50,Lake Road,10182.0,5091.0,propagated,0.096,391.518,586.483,1731.171,30.103,0.017389,576.285,1.0,7,1755603.0,5925621.9
1895,1,0.031271999999999994,0.0261,4,50,Lake Road,10182.0,5091.0,propagated,0.096,391.518,586.483,1731.171,33.275,0.019221,575.21,1.0,8,1755608.6,5925604.1
1896,2,0.027516,0.0229,4,50,Lake Road,12078.0,6039.0,propagated,0.096,464.423,695.693,2053.536,33.275,0.016204,684.42,1.0,8,1755619.3,5925583.6
1897,4,0.323496,0.2696,4,50,Lake Road,12078.0,6039.0,count,0.096,464.423,695.693,2053.536,36.31,0.017682,683.392,1.0,9,1755627.0,5925442.9
1898,12,0.37141199999999996,0.3095,4,50,Lake Road,10948.0,5474.0,count,0.096,420.972,630.605,1861.41,39.353,0.021142,617.273,1.0,10,1755580.4,5925157.2
1899,6,0.41838,0.3486,4,50,Lake Road,10125.0,5062.5,count,0.096,389.326,583.2,1721.481,39.353,0.02286,569.868,1.0,10,1755497.3,5924839.4
1900,1,0.02581,0.0258,3,60,Manukau Station Road,11730.0,5865.0,count,0.104007,451.042,732.001,2160.709,8.617,0.003988,729.082,1.0,1,1767211.2,5904102.5
1901,4,0.23586000000000001,0.2359,3,60,Manukau Station Road,12228.0,6114.0,count,0.096,470.191,704.333,2079.039,33.856,0.016284,692.863,1.0,4,1767334.0,5904147.2
1902,2,0.07385,0.0739,3,60,Manukau Station Road,12228.0,6114.0,propagated,0.096,470.191,704.333,2079.039,39.003,0.01876,691.12,1.0,5,1767477.9,5904204.1
1903,7,0.20753000000000002,0.2075,3,60,Manukau Station Road,15966.0,7983.0,propagated,0.096,613.925,919.642,2714.585,39.003,0.014368,906.429,1.0,5,1767608.8,5904255.3
1904,3,0.078768,0.0656,3,50,Manukau Station Road,15966.0,7983.0,propagated,0.096,613.925,919.642,2714.585,39.003,0.014368,906.429,1.0,5,1767741.6,5904278.7
1905,1,0.014591999999999999,0.0122,3,50,Manukau Station Road,15966.0,7983.0,count,0.096,613.925,919.642,2714.585,45.159,0.016636,904.343,1.0,6,1767780.5,5904279.4
1906,1,0.044304,0.0369,3,50,Redoubt Road,13986.0,6993.0,propagated,0.096,537.79,805.594,2377.94,45.159,0.018991,790.295,1.0,6,1767804.2,5904284.2
1907,1,0.021504000000000002,0.0179,3,50,Redoubt Road,13986.0,6993.0,propagated,0.096,537.79,805.594,2377.94,62.18,0.026149,784.529,1.0,9,1767831.0,5904291.1
1908,3,0.055824,0.0465,3,50,Redoubt Road,13986.0,6993.0,propagated,0.096,537.79,805.594,2377.94,68.162,0.028664,782.502,1.0,10,1767862.3,5904298.8
1909,1,0.009,0.015,3,100,Entry 448 Manukau,13980.0,6990.0,propagated,0.096,537.559,805.248,2376.918,74.339,0.031275,780.064,1.0,11,1767881.4,5904310.8
1910,1,0.04416,0.0736,3,100,Entry 448 Manukau,13980.0,6990.0,count,0.096,537.559,805.248,2376.918,215.481,0.090656,732.248,1.0,28,1767886.7,5904352.1
1911,6,0.181728,0.1514,2,50,Blockhouse Bay Road,13401.0,6700.5,count,0.096,515.295,771.898,2278.476,40.006,0.017558,758.345,1.0,13,1751592.8,5914328.7
1912,3,0.29484,0.2457,2,50,Blockhouse Bay Road,13401.0,6700.5,propagated,0.096,515.295,771.898,2278.476,42.479,0.018644,757.507,1.0,14,1751587.2,5914526.9
1913,6,0.183444,0.1529,2,50,Blockhouse Bay Road,14833.0,7416.5,propagated,0.096,570.359,854.381,2521.948,42.479,0.016844,839.99,1.0,14,1751580.7,5914726.3
1914,4,0.141084,0.1176,2,50,Blockhouse Bay Road,14833.0,7416.5,propagated,0.096,570.359,854.381,2521.948,46.795,0.018555,838.528,1.0,15,1751576.2,5914861.1
1915,3,0.149364,0.1245,2,50,Blockhouse Bay Road,14833.0,7416.5,count,0.096,570.359,854.381,2521.948,51.769,0.020527,836.843,1.0,16,1751572.7,5914981.6
1916,7,0.241344,0.2011,2,50,Blockhouse Bay Road,16120.0,8060.0,count,0.096,619.846,928.512,2740.767,51.769,0.018889,910.974,1.0,16,1751567.6,5915144.3
1917,1,0.057035999999999996,0.0475,3,50,Ian Sage Avenue,1985.0,992.5,propagated,0.2,76.327,238.2,703.115,3.455,0.004914,237.03,1.0,1,1755286.1,5937873.8
1918,1,0.01578,0.0132,3,50,,15105.5,7552.75,default,0.096,580.837,870.077,2568.28,3.455,0.001345,868.907,1.0,1,1755273.8,5937889.5
1919,1,0.010535999999999998,0.0088,3,50,,15105.5,7552.75,default,0.096,580.837,870.077,2568.28,17.954,0.006991,863.995,1.0,5,1755263.5,5937886.9
1920,1,0.051095999999999996,0.0426,3,50,Ashley Avenue,2718.0,1359.0,propagated,0.2,104.513,326.16,962.754,17.954,0.018649,320.078,1.0,5,1755238.9,5937884.9
1921,2,0.130488,0.1087,3,50,Ashley Avenue,2718.0,1359.0,count,0.2,104.513,326.16,962.754,21.251,0.022073,318.961,1.0,6,1755173.2,5937849.1
1922,5,0.29013599999999995,0.2418,3,50,Glenvar Road,4472.0,2236.0,propagated,0.14915,171.957,400.199,1181.301,21.251,0.017989,393.0,1.0,6,1755015.0,5937797.3
1923,6,0.38150399999999995,0.3179,3,50,Glenvar Road,4472.0,2236.0,count,0.14915,171.957,400.199,1181.301,24.953,0.021123,391.745,1.0,7,1754750.0,5937717.3
1924,3,0.232464,0.1937,3,50,Glenvar Road,10808.0,5404.0,propagated,0.096,415.589,622.541,1837.607,24.953,0.013579,614.087,1.0,7,1754494.6,5937693.9
1925,6,0.19927199999999998,0.1661,2,50,Atkinson Avenue,15087.0,7543.5,count,0.096,580.125,869.011,2565.133,34.675,0.013518,857.264,1.0,6,1764192.5,5910048.3
1926,1,0.033108,0.0276,2,50,Princes Street,17181.0,8590.5,propagated,0.081136,660.644,836.399,2468.869,42.37,0.017162,822.045,1.0,8,1764188.6,5910132.8
1927,3,0.18453599999999998,0.1538,2,50,Princes Street,17181.0,8590.5,count,0.081136,660.644,836.399,2468.869,46.887,0.018991,820.515,1.0,9,1764277.0,5910153.0
1928,2,0.194664,0.1622,2,50,Princes Street,17181.0,8590.5,propagated,0.081136,660.644,836.399,2468.869,89.107,0.036092,806.211,1.0,21,1764430.3,5910190.1
1929,2,0.041831999999999994,0.0349,2,50,Princes Street,16762.0,8381.0,propagated,0.089249,644.532,897.595,2649.507,89.107,0.033632,867.407,1.0,21,1764526.2,5910212.0
1930,1,0.123744,0.1031,2,50,Princes Street,16762.0,8381.0,propagated,0.089249,644.532,897.595,2649.507,91.626,0.034582,866.554,1.0,22,1764593.3,5910228.3
1931,5,0.224412,0.187,2,50,Princes Street,16762.0,8381.0,count,0.089249,644.532,897.595,2649.507,93.517,0.035296,865.913,1.0,23,1764734.7,5910260.6
1932,6,0.156624,0.1305,2,50,Princes Street,21725.0,10862.5,propagated,0.084603,835.37,1102.8,3255.228,93.517,0.028728,1071.118,1.0,23,1764889.1,5910297.8
1933,1,0.10777199999999999,0.0898,2,50,Entry 441 Princes Street,8360.0,4180.0,count,0.096,321.459,481.536,1421.39,93.517,0.065793,449.854,1.0,23,1764988.4,5910338.0
1934,3,0.14658599999999997,0.2443,2,100,Entry 441 Princes Street,8360.0,4180.0,propagated,0.096,321.459,481.536,1421.39,93.517,0.065793,449.854,1.0,23,1764979.7,5910504.6
1935,2,0.010176,0.017,3,100,Exit 2 Lambie Drive,26826.0,13413.0,propagated,0.096,1031.513,1545.178,4561.032,8.882,0.001947,1542.169,1.0,1,1766587.5,5903901.1
1936,1,0.013542,0.0226,3,100,Exit 2 Lambie Drive,26826.0,13413.0,propagated,0.096,1031.513,1545.178,4561.032,18.021,0.003951,1539.073,1.0,2,1766604.6,5903910.8
1937,3,0.065964,0.1099,3,100,Exit 2 Lambie Drive,26826.0,13413.0,propagated,0.096,1031.513,1545.178,4561.032,27.458,0.00602,1535.876,1.0,3,1766661.0,5903945.8
1938,2,0.08196,0.082,3,60,Exit 2 Lambie Drive,26826.0,13413.0,propagated,0.096,1031.513,1545.178,4561.032,37.826,0.008293,1532.363,1.0,4,1766743.0,5903995.9
1939,1,0.01225,0.0122,3,60,Lambie Drive,27044.0,13522.0,count,0.104718,1039.896,1699.196,5015.66,69.217,0.0138,1675.747,1.0,7,1766782.4,5904009.4
1940,1,0.026539999999999998,0.0265,3,60,Entry 2 Lambie Drive,11832.0,5916.0,count,0.096,454.964,681.523,2011.709,122.196,0.060742,640.126,1.0,12,1766773.5,5903997.7
1941,3,0.16355399999999998,0.2726,3,100,Entry 2 Lambie Drive,11832.0,5916.0,propagated,0.096,454.964,681.523,2011.709,122.196,0.060742,640.126,1.0,12,1766786.3,5903905.0
1942,1,0.021408,0.0178,4,50,Rosebank Road,23492.0,11746.0,propagated,0.097352,903.314,1372.196,4050.426,12.724,0.003141,1367.885,1.0,4,1749172.7,5917105.9
1943,18,0.5958839999999999,0.4966,4,50,Rosebank Road,23492.0,11746.0,count,0.097352,903.314,1372.196,4050.426,15.985,0.003946,1366.781,1.0,5,1748958.2,5917229.3
1944,12,0.4352039999999999,0.3627,4,50,Rosebank Road,17565.0,8782.5,count,0.096,675.409,1011.744,2986.45,15.985,0.005353,1006.329,1.0,5,1748821.4,5917620.5
1945,1,0.04917,0.0492,3,60,Pakuranga Road,35184.0,17592.0,count,0.096,1352.895,2026.598,5982.08,13.549,0.002265,2022.008,1.0,2,1768212.9,5913833.9
1946,2,0.29371,0.2937,3,60,Pakuranga Road,39984.0,19992.0,count,0.096,1537.465,2303.078,6798.189,13.549,0.001993,2298.488,1.0,2,1768060.7,5913755.2
1947,1,0.03848,0.0385,3,60,Pakuranga Road,39828.0,19914.0,propagated,0.096,1531.466,2294.093,6771.667,13.549,0.002001,2289.503,1.0,2,1767913.4,5913678.3
1948,2,0.07087999999999998,0.0709,3,60,Pakuranga Road,39828.0,19914.0,propagated,0.096,1531.466,2294.093,6771.667,51.442,0.007597,2276.666,1.0,9,1767864.7,5913653.4
1949,6,0.26473,0.2647,3,60,Pakuranga Road,39828.0,19914.0,count,0.096,1531.466,2294.093,6771.667,56.013,0.008272,2275.117,1.0,10,1767715.3,5913577.1
1950,1,0.00456,0.0038,4,50,Saint Marks Road,12556.0,6278.0,propagated,0.100749,482.803,759.003,2240.413,8.062,0.003598,756.272,1.0,1,1758603.9,5917569.1
1951,2,0.060072,0.0501,4,50,Rosebank Road,12819.0,6409.5,count,0.079257,492.916,609.597,1799.399,10.063,0.005592,606.188,1.0,2,1751141.8,5915483.2
1952,3,0.13074,0.109,3,50,Great North Road,14293.0,7146.5,count,0.096,549.594,823.277,2430.136,10.063,0.004141,819.868,1.0,2,1751179.1,5915429.8
1953,1,0.009012,0.0075,3,50,Great North Road,14421.0,7210.5,propagated,0.096,554.516,830.65,2451.9,10.063,0.004104,827.241,1.0,2,1751192.5,5915372.9
1954,3,0.17053199999999996,0.1421,3,50,Great North Road,14421.0,7210.5,count,0.096,554.516,830.65,2451.9,17.311,0.00706,824.785,1.0,3,1751210.0,5915300.0
1955,2,0.10408799999999999,0.0867,3,50,Great North Road,14421.0,7210.5,propagated,0.096,554.516,830.65,2451.9,24.634,0.010047,822.305,1.0,4,1751213.3,5915186.7
1956,1,0.036708,0.0306,3,50,Great North Road,14421.0,7210.5,propagated,0.096,554.516,830.65,2451.9,31.928,0.013022,819.833,1.0,5,1751208.2,5915128.5
1957,3,0.22155600000000003,0.1846,4,50,Shore Road,16143.0,8071.5,propagated,0.096,620.731,929.837,2744.678,33.807,0.012317,918.384,1.0,7,1760689.6,5918637.6
1958,1,0.046116,0.0384,4,50,Sabulite Road,9320.0,4660.0,propagated,0.096,358.373,536.832,1584.612,3.532,0.002229,535.635,1.0,1,1747603.9,5914886.1
1959,6,0.231348,0.1928,4,50,Sabulite Road,9320.0,4660.0,count,0.096,358.373,536.832,1584.612,7.064,0.004458,534.439,1.0,2,1747536.2,5914792.4
1960,2,0.062208,0.0518,1,50,Great North Road,33044.0,16522.0,propagated,0.096,1270.608,1903.334,5618.231,21.21,0.003775,1896.149,1.0,6,1747500.8,5914698.1
1961,5,0.39470399999999994,0.3289,1,50,Great North Road,27065.0,13532.5,count,0.096,1040.703,1558.944,4601.666,21.21,0.004609,1551.759,1.0,6,1747644.8,5914573.6
1962,6,0.16716,0.1393,1,50,Great North Road,27065.0,13532.5,propagated,0.096,1040.703,1558.944,4601.666,23.275,0.005058,1551.059,1.0,7,1747825.1,5914424.1
1963,9,0.486456,0.4054,1,50,Great North Road,28006.0,14003.0,propagated,0.096,1076.887,1613.146,4761.659,23.275,0.004888,1605.261,1.0,7,1748029.0,5914244.1
1964,3,0.041904,0.0349,1,50,Great North Road,30540.0,15270.0,propagated,0.096,1174.324,1759.104,5192.495,23.275,0.004482,1751.219,1.0,7,1748182.9,5914089.5
1965,7,0.19128,0.1594,1,50,Great North Road,30540.0,15270.0,propagated,0.096,1174.324,1759.104,5192.495,24.86,0.004788,1750.682,1.0,8,1748250.0,5914020.6
1966,5,0.095856,0.0799,3,50,Atkinson Avenue,15087.0,7543.5,propagated,0.096,580.125,869.011,2565.133,4.517,0.001761,867.481,1.0,1,1764153.5,5910222.9
1967,1,0.07858799999999999,0.0655,3,50,Princes Street,17181.0,8590.5,propagated,0.081136,660.644,836.399,2468.869,4.517,0.00183,834.869,1.0,1,1764177.4,5910155.5
1968,7,0.5059319999999999,0.4216,4,50,Meola Road,10898.0,5449.0,propagated,0.096,419.05,627.725,1852.909,6.334,0.003418,625.579,1.0,2,1752187.6,5918985.2
1969,1,0.037487999999999994,0.0312,4,50,Point Chevalier Road,10408.0,5204.0,default,0.096,400.208,599.501,1769.598,6.334,0.003579,597.355,1.0,2,1752015.2,5918863.6
1970,10,0.84024,0.7002,4,50,Point Chevalier Road,10408.0,5204.0,default,0.096,400.208,599.501,1769.598,9.146,0.005168,596.403,1.0,3,1752199.3,5918547.5
1971,4,0.10439999999999999,0.087,4,50,Point Chevalier Road,10408.0,5204.0,default,0.096,400.208,599.501,1769.598,12.426,0.007022,595.291,1.0,4,1752392.7,5918205.3
1972,3,0.08233199999999999,0.0686,4,50,Point Chevalier Road,10408.0,5204.0,default,0.096,400.208,599.501,1769.598,16.007,0.009046,594.078,1.0,5,1752392.2,5918128.1
1973,2,0.048636,0.0405,3,50,Carrington Road,26599.0,13299.5,propagated,0.096,1022.785,1532.102,4522.434,16.007,0.003539,1526.679,1.0,5,1752400.0,5918074.3
1974,1,0.014868,0.0124,3,50,Carrington Road,26599.0,13299.5,propagated,0.096,1022.785,1532.102,4522.434,19.241,0.004255,1525.584,1.0,6,1752401.6,5918047.6
1975,1,0.022452,0.0187,2,50,Buckley Avenue,6792.0,3396.0,propagated,0.096,261.166,391.219,1154.794,5.107,0.004422,389.489,1.0,1,1747680.0,5926837.0
1976,1,0.057912,0.0483,2,50,Buckley Avenue,6792.0,3396.0,propagated,0.096,261.166,391.219,1154.794,10.418,0.009022,387.69,1.0,2,1747710.4,5926850.7
1977,5,0.1644,0.137,2,50,Squadron Drive,18992.0,9496.0,default,0.096,730.28,1093.939,3229.072,40.141,0.012431,1080.34,1.0,8,1747711.9,5926923.2
1978,1,0.071436,0.0595,2,50,Exit 8 Squadron Drive,5508.0,2754.0,propagated,0.096,211.794,317.261,936.486,40.141,0.042863,303.662,1.0,8,1747699.9,5927015.9
1979,3,0.199056,0.3318,2,100,Exit 8 Squadron Drive,5508.0,2754.0,count,0.096,211.794,317.261,936.486,40.141,0.042863,303.662,1.0,8,1747838.8,5927152.4
1980,1,0.27207,0.4534,0,100,Upper Harbour Motorway,47666.0,23833.0,count,0.096,1832.853,2745.562,8104.307,40.141,0.004953,2731.963,1.0,8,1748139.1,5927404.0
1981,8,0.726054,1.2101,0,100,Upper Harbour Motorway,44014.0,22007.0,count,0.096,1692.426,2535.206,7483.381,40.141,0.005364,2521.607,1.0,8,1748908.6,5927704.5
1982,2,0.176736,0.2946,0,100,Upper Harbour Motorway,74072.0,37036.0,default,0.096,2848.217,4266.547,12593.926,53.02,0.00421,4248.585,1.0,11,1749597.4,5927991.0
1983,3,1.062054,1.7701,0,100,Upper Harbour Motorway,42528.0,21264.0,count,0.096,1635.287,2449.613,7230.729,53.02,0.007333,2431.651,1.0,11,1750285.2,5928752.9
1984,8,0.49639,0.4964,4,60,Albany Heights Road,1282.0,641.0,count,0.2,49.295,153.84,454.102,10.391,0.022883,150.32,1.0,3,1749669.7,5935718.6
1985,1,0.22473,0.2996,2,80,Dairy Flat Highway,9306.0,4653.0,propagated,0.096,357.834,536.026,1582.233,24.737,0.015634,527.646,1.0,7,1749629.1,5935429.4
1986,15,1.0834575,1.4446,2,80,Dairy Flat Highway,28121.0,14060.5,default,0.096,1081.309,1619.77,4781.211,24.737,0.005174,1611.39,1.0,7,1750130.8,5934749.6
1987,24,0.7703519999999999,0.642,2,50,Dairy Flat Highway,18992.0,9496.0,default,0.096,730.28,1093.939,3229.072,24.737,0.007661,1085.559,1.0,7,1751080.4,5934592.6
1988,1,0.032987999999999996,0.0275,2,50,Dairy Flat Highway,18992.0,9496.0,default,0.096,730.28,1093.939,3229.072,25.913,0.008025,1085.16,1.0,8,1751320.7,5934361.6
1989,12,0.499464,0.4162,2,50,Dairy Flat Highway,18992.0,9496.0,default,0.096,730.28,1093.939,3229.072,27.089,0.008389,1084.762,1.0,9,1751479.7,5934207.5
1990,1,0.0123,0.0102,2,50,Dairy Flat Highway,18992.0,9496.0,default,0.096,730.28,1093.939,3229.072,31.791,0.009845,1083.169,1.0,13,1751629.1,5934055.1
1991,1,0.036228,0.0302,2,50,Albany Expressway,20013.0,10006.5,propagated,0.096,769.54,1152.749,3402.666,31.791,0.009343,1141.979,1.0,13,1751643.5,5934040.4
1992,2,0.028475999999999998,0.0237,2,50,Albany Expressway,20013.0,10006.5,propagated,0.096,769.54,1152.749,3402.666,32.967,0.009689,1141.58,1.0,14,1751661.6,5934020.9
1993,1,0.020172,0.0168,2,50,Albany Expressway,20013.0,10006.5,propagated,0.096,769.54,1152.749,3402.666,34.142,0.010034,1141.182,1.0,15,1751675.5,5934006.5
1994,8,0.26782500000000004,0.3571,2,80,Albany Expressway,20013.0,10006.5,count,0.096,769.54,1152.749,3402.666,34.142,0.010034,1141.182,1.0,15,1751802.8,5933869.5
1995,6,0.20747999999999997,0.2766,2,80,Albany Expressway,17825.0,8912.5,count,0.096,685.407,1026.72,3030.656,34.142,0.011266,1015.153,1.0,15,1752042.7,5933662.5
1996,1,0.0426975,0.0569,2,80,Albany Expressway,17825.0,8912.5,propagated,0.096,685.407,1026.72,3030.656,38.503,0.012705,1013.676,1.0,16,1752171.8,5933557.1
1997,7,0.329445,0.4393,2,80,Albany Expressway,18035.0,9017.5,count,0.096,693.482,1038.816,3066.361,38.503,0.012557,1025.772,1.0,16,1752363.8,5933400.2
1998,2,0.049425000000000004,0.0659,2,80,Albany Expressway,18035.0,9017.5,propagated,0.096,693.482,1038.816,3066.361,48.081,0.01568,1022.527,1.0,18,1752581.9,5933275.5
1999,1,0.060947999999999995,0.0508,3,50,Wairau Road,21225.0,10612.5,count,0.101249,816.144,1289.406,3806.048,7.035,0.001848,1287.023,1.0,1,1756275.5,5927953.7
2000,2,0.11362799999999999,0.0947,3,50,Wairau Road,21225.0,10612.5,propagated,0.101249,816.144,1289.406,3806.048,13.244,0.00348,1284.919,1.0,2,1756224.4,5928005.5
2001,1,0.042756,0.0356,3,50,Wairau Road,19470.0,9735.0,propagated,0.096,748.66,1121.472,3310.343,19.592,0.005918,1114.835,1.0,3,1756181.2,5928053.5
2002,3,0.025883999999999997,0.0216,3,50,Wairau Road,19470.0,9735.0,propagated,0.096,748.66,1121.472,3310.343,26.046,0.007868,1112.648,1.0,4,1756161.3,5928074.2
2003,1,0.037596,0.0313,3,50,Wairau Road,19470.0,9735.0,propagated,0.096,748.66,1121.472,3310.343,32.35,0.009772,1110.513,1.0,5,1756139.9,5928089.1
2004,4,0.046728,0.0389,3,50,Wairau Road,19470.0,9735.0,propagated,0.096,748.66,1121.472,3310.343,38.696,0.011689,1108.363,1.0,6,1756106.5,5928099.8
2005,3,0.029316,0.0244,3,50,Wairau Road,19470.0,9735.0,propagated,0.096,748.66,1121.472,3310.343,81.746,0.024694,1093.778,1.0,13,1756076.2,5928107.0
2006,1,0.10618799999999999,0.0885,3,50,Wairau Road,19470.0,9735.0,propagated,0.096,748.66,1121.472,3310.343,87.709,0.026495,1091.758,1.0,14,1756020.3,5928113.6
2007,2,0.022643999999999997,0.0189,3,50,Wairau Road,19798.0,9899.0,propagated,0.096,761.273,1140.365,3366.111,87.709,0.026056,1110.651,1.0,14,1755966.9,5928120.3
2008,1,0.015756,0.0131,4,50,Church Street,2474.0,1237.0,propagated,0.096,95.13,142.502,420.635,5.782,0.013746,140.543,1.0,1,1760753.8,5922699.6
2009,1,0.036312,0.0303,4,50,Vauxhall Road,6426.0,3213.0,propagated,0.096,247.093,370.138,1092.568,5.782,0.005292,368.179,1.0,1,1760756.4,5922721.2
2010,3,0.150936,0.1258,4,50,Vauxhall Road,6426.0,3213.0,count,0.096,247.093,370.138,1092.568,9.591,0.008778,366.889,1.0,2,1760775.5,5922796.4
2011,1,0.017532,0.0146,4,50,Vauxhall Road,6426.0,3213.0,propagated,0.096,247.093,370.138,1092.568,15.308,0.014011,364.952,1.0,3,1760787.7,5922864.9
2012,3,0.09562799999999999,0.0797,4,50,Vauxhall Road,6426.0,3213.0,propagated,0.096,247.093,370.138,1092.568,21.026,0.019245,363.015,1.0,4,1760801.1,5922909.0
2013,7,0.298176,0.2485,4,50,Vauxhall Road,3755.0,1877.5,count,0.096,144.387,216.288,638.436,21.026,0.032934,209.165,1.0,4,1760858.1,5923060.9
2014,1,0.12708,0.1059,4,50,Vauxhall Road,5320.0,2660.0,propagated,0.096,204.565,306.432,904.521,21.026,0.023245,299.309,1.0,4,1760910.5,5923230.4
2015,1,0.025008,0.0208,4,50,Albert Road,3437.0,1718.5,propagated,0.096,132.16,197.971,584.368,21.026,0.035981,190.848,1.0,4,1760915.4,5923284.6
2016,3,0.46486799999999995,0.3874,4,50,Albert Road,3437.0,1718.5,count,0.096,132.16,197.971,584.368,25.73,0.04403,189.254,1.0,5,1760725.2,5923224.4
2017,3,0.198708,0.1656,4,50,Albert Road,3765.0,1882.5,count,0.096,144.772,216.864,640.136,32.618,0.050955,205.814,1.0,6,1760484.9,5923089.8
2018,4,0.114504,0.0954,3,50,Wairau Road,21225.0,10612.5,propagated,0.101249,816.144,1289.406,3806.048,6.637,0.001744,1287.158,1.0,1,1756384.1,5927838.5
2019,5,0.046079999999999996,0.0384,3,50,Taharoto Road,26736.0,13368.0,propagated,0.093731,1028.053,1503.595,4438.288,33.645,0.007581,1492.197,1.0,5,1756430.9,5927790.8
2020,2,0.02267,0.0227,3,60,Highbrook Drive,25850.0,12925.0,propagated,0.096,993.984,1488.96,4395.089,3.0,0.000683,1487.944,1.0,1,1766993.3,5910535.5
2021,7,0.37038,0.3704,3,60,Highbrook Drive,25850.0,12925.0,count,0.096,993.984,1488.96,4395.089,6.0,0.001365,1486.927,1.0,2,1766816.0,5910458.9
2022,5,0.26302,0.263,3,60,Highbrook Drive,25850.0,12925.0,propagated,0.096,993.984,1488.96,4395.089,9.144,0.002081,1485.862,1.0,3,1766538.3,5910307.0
2023,5,0.76496,0.765,3,60,Highbrook Drive,38438.0,19219.0,count,0.096,1478.018,2214.029,6535.336,9.144,0.001399,2210.931,1.0,3,1766058.0,5910131.6
2024,1,0.026269999999999998,0.0263,3,60,Highbrook Drive,31494.0,15747.0,propagated,0.096,1211.007,1814.054,5354.696,9.144,0.001708,1810.956,1.0,3,1765855.1,5909817.1
2025,1,0.15500999999999998,0.155,3,60,Highbrook Drive,37976.0,18988.0,propagated,0.101116,1460.253,2303.989,6800.878,93.951,0.013815,2272.16,1.0,19,1765840.2,5909742.2
2026,2,0.19368,0.1937,3,60,Highbrook Drive,37976.0,18988.0,propagated,0.101116,1460.253,2303.989,6800.878,96.876,0.014245,2271.17,1.0,20,1765789.3,5909576.9
2027,4,0.31562,0.3156,3,60,Highbrook Drive,37976.0,18988.0,count,0.101116,1460.253,2303.989,6800.878,100.381,0.01476,2269.982,1.0,21,1765641.8,5909370.1
2028,4,0.10677,0.1068,3,60,Highbrook Drive,38156.0,19078.0,propagated,0.10326,1467.175,2363.993,6977.997,105.828,0.015166,2328.141,1.0,22,1765571.3,5909172.3
2029,1,0.295308,0.2461,3,50,Highbrook Drive,38156.0,19078.0,propagated,0.10326,1467.175,2363.993,6977.997,105.828,0.015166,2328.141,1.0,22,1765574.0,5908996.8
2030,1,0.033324,0.0278,4,50,Sturges Road,5094.0,2547.0,propagated,0.105614,195.874,322.799,952.833,47.961,0.050335,306.551,1.0,11,1743584.2,5916757.8
2031,2,0.018491999999999998,0.0154,4,50,Sturges Road,5094.0,2547.0,propagated,0.105614,195.874,322.799,952.833,54.958,0.057679,304.18,1.0,12,1743596.7,5916775.5
2032,7,0.356736,0.2973,4,50,Sturges Road,6106.0,3053.0,count,0.102358,234.788,374.999,1106.916,54.958,0.04965,356.38,1.0,12,1743735.7,5916842.1
2033,3,0.063,0.0525,4,50,Sturges Road,6106.0,3053.0,propagated,0.102358,234.788,374.999,1106.916,61.487,0.055548,354.169,1.0,13,1743894.8,5916901.0
2034,3,0.05652,0.0471,4,50,Pupuke Road,10408.0,5204.0,default,0.096,400.208,599.501,1769.598,6.588,0.003723,597.269,1.0,3,1753930.3,5925532.3
2035,4,0.132192,0.1102,2,50,Birkenhead Avenue,19832.0,9916.0,propagated,0.096,762.58,1142.323,3371.891,92.746,0.027506,1110.903,1.0,31,1753909.5,5925471.2
2036,2,0.193272,0.1611,2,50,Birkenhead Avenue,19832.0,9916.0,count,0.096,762.58,1142.323,3371.891,94.254,0.027953,1110.392,1.0,32,1753913.4,5925335.7
2037,2,0.14499599999999999,0.1208,2,50,Birkenhead Avenue,21827.0,10913.5,count,0.096,839.292,1257.235,3711.086,94.254,0.025398,1225.304,1.0,32,1753918.3,5925194.7
2038,3,0.23742000000000002,0.1978,2,50,Birkenhead Avenue,19873.0,9936.5,count,0.096,764.157,1144.685,3378.863,94.254,0.027895,1112.754,1.0,32,1753923.4,5925035.3
2039,3,0.07413600000000001,0.0618,2,50,Birkenhead Avenue,19586.0,9793.0,propagated,0.087307,753.121,1025.997,3028.522,94.254,0.031122,994.066,1.0,32,1753927.6,5924906.0
2040,1,0.032471999999999994,0.0271,2,50,Birkenhead Avenue,19586.0,9793.0,propagated,0.087307,753.121,1025.997,3028.522,95.861,0.031653,993.521,1.0,33,1753926.7,5924861.9
2041,1,0.07381199999999999,0.0615,2,50,Onewa Road,25553.0,12776.5,propagated,0.096,982.564,1471.853,4344.592,95.861,0.022064,1439.377,1.0,33,1753928.3,5924819.1
2042,5,0.327372,0.2728,2,50,Onewa Road,25553.0,12776.5,count,0.096,982.564,1471.853,4344.592,169.044,0.038909,1414.585,1.0,55,1754092.3,5924814.9
2043,6,0.287496,0.2396,2,50,Onewa Road,26028.0,13014.0,count,0.096,1000.829,1499.213,4425.353,169.762,0.038361,1441.701,1.0,56,1754347.7,5924800.4
2044,6,0.28513199999999994,0.2376,2,50,Onewa Road,25010.0,12505.0,count,0.096,961.685,1440.576,4252.269,169.762,0.039923,1383.064,1.0,56,1754585.1,5924779.0
2045,5,0.2211,0.1842,2,50,Onewa Road,14837.0,7418.5,count,0.102716,570.512,914.398,2699.106,169.762,0.062896,856.886,1.0,56,1754794.9,5924760.6
2046,8,0.24664799999999995,0.2055,2,50,Onewa Road,25517.0,12758.5,count,0.096,981.18,1469.779,4338.47,169.762,0.039129,1412.267,1.0,56,1754989.1,5924743.6
2047,5,0.19375199999999998,0.1615,2,50,Onewa Road,24633.0,12316.5,count,0.096,947.188,1418.861,4188.171,169.762,0.040534,1361.349,1.0,56,1755172.2,5924728.0
2048,3,0.14102399999999998,0.1175,2,50,Onewa Road,24633.0,12316.5,propagated,0.096,947.188,1418.861,4188.171,171.155,0.040866,1360.877,1.0,57,1755311.2,5924716.6
2049,9,0.199332,0.1661,2,50,Onewa Road,26640.0,13320.0,count,0.096,1024.361,1534.464,4529.407,171.155,0.037788,1476.48,1.0,57,1755451.6,5924700.5
2050,4,0.175224,0.146,2,50,Great South Road,20082.0,10041.0,count,0.073847,772.193,889.797,2626.489,3.142,0.001196,888.733,1.0,1,1769014.6,5900712.4
2051,2,0.075984,0.0633,2,50,Great South Road,20082.0,10041.0,propagated,0.073847,772.193,889.797,2626.489,7.453,0.002838,887.272,1.0,2,1768960.5,5900801.0
2052,1,0.033095999999999993,0.0276,3,50,Great South Road,20082.0,10041.0,propagated,0.073847,772.193,889.797,2626.489,7.453,0.002838,887.272,1.0,2,1768934.9,5900836.8
2053,1,0.026495999999999995,0.0221,3,50,Alfriston Road,15964.0,7982.0,propagated,0.096,613.848,919.526,2714.242,12.159,0.00448,915.407,1.0,3,1768952.4,5900852.2
2054,2,0.06171599999999999,0.0514,3,50,Alfriston Road,15964.0,7982.0,propagated,0.096,613.848,919.526,2714.242,77.51,0.028557,893.267,1.0,17,1768984.7,5900868.4
2055,2,0.046271999999999994,0.0386,3,50,Alfriston Road,15964.0,7982.0,propagated,0.096,613.848,919.526,2714.242,82.116,0.030254,891.707,1.0,18,1769026.4,5900885.9
2056,3,0.20030399999999998,0.1669,3,50,Alfriston Road,15964.0,7982.0,count,0.096,613.848,919.526,2714.242,87.094,0.032088,890.02,1.0,19,1769121.4,5900925.9
2057,5,0.275976,0.23,3,50,Alfriston Road,8702.0,4351.0,count,0.096,334.609,501.235,1479.538,87.094,0.058866,471.729,1.0,19,1769304.5,5901002.2
2058,1,0.22523999999999997,0.1877,3,50,Alfriston Road,16000.0,8000.0,count,0.096,615.232,921.6,2720.364,87.094,0.032016,892.094,1.0,19,1769497.1,5901081.8
2059,5,0.21298799999999996,0.1775,3,50,Alfriston Road,14302.0,7151.0,count,0.096,549.941,823.795,2431.665,87.094,0.035817,794.289,1.0,19,1769665.9,5901151.4
2060,4,0.13663199999999998,0.1139,3,50,Alfriston Road,19502.0,9751.0,count,0.089786,749.891,1050.604,3101.156,87.094,0.028084,1021.098,1.0,19,1769800.5,5901207.7
2061,2,0.376938,0.6282,0,100,Southern Motorway,97080.0,48540.0,propagated,0.096,3732.92,5591.808,16505.811,482.815,0.029251,5428.241,1.0,102,1769714.7,5901511.9
2062,1,0.00675,0.0112,0,100,Southern Motorway,74072.0,37036.0,default,0.096,2848.217,4266.547,12593.926,482.815,0.038337,4102.98,1.0,102,1769577.2,5901800.0
2063,1,0.17279999999999998,0.288,0,100,Southern Motorway,74072.0,37036.0,default,0.096,2848.217,4266.547,12593.926,503.698,0.039995,4095.905,1.0,106,1769522.6,5901939.4
2064,1,0.068604,0.1143,0,100,Southern Motorway,126864.0,63432.0,propagated,0.096,4878.175,7307.366,21569.768,503.698,0.023352,7136.724,1.0,106,1769446.8,5902125.7
2065,8,0.47439,0.7907,0,100,Southern Motorway,126864.0,63432.0,propagated,0.096,4878.175,7307.366,21569.768,561.723,0.026042,7117.067,1.0,116,1769159.9,5902467.0
2066,1,0.03138,0.0262,2,50,Khyber Pass Road,25450.0,12725.0,propagated,0.096,978.603,1465.92,4327.079,11.041,0.002552,1462.18,1.0,1,1756987.3,5918783.6
2067,6,0.20438,0.2044,3,60,Whitford Road,11502.0,5751.0,count,0.096,442.275,662.515,1955.601,15.907,0.008134,657.126,1.0,5,1772330.3,5911767.7
2068,3,0.27929000000000004,0.2793,3,60,Whitford Road,11871.0,5935.5,count,0.096,456.464,683.77,2018.341,20.621,0.010217,676.784,1.0,6,1772170.0,5911784.7
2069,1,0.10719,0.1072,3,60,Whitford Road,10971.0,5485.5,propagated,0.096,421.857,631.93,1865.321,20.621,0.011055,624.944,1.0,6,1772203.0,5911970.4
2070,2,0.100656,0.0839,3,50,Whitford Road,10971.0,5485.5,count,0.096,421.857,631.93,1865.321,20.621,0.011055,624.944,1.0,6,1772183.6,5912061.8
2071,2,0.016416,0.0137,3,50,Whitford Road,10971.0,5485.5,propagated,0.096,421.857,631.93,1865.321,25.795,0.013829,623.191,1.0,7,1772147.4,5912085.8
2072,1,0.025991999999999998,0.0217,3,50,Whitford Road,10971.0,5485.5,propagated,0.096,421.857,631.93,1865.321,31.073,0.016658,621.403,1.0,8,1772134.8,5912096.1
2073,1,0.106032,0.0884,3,50,Whitford Road,14494.0,7247.0,propagated,0.102456,557.323,890.998,2630.034,43.596,0.016576,876.229,1.0,11,1772099.1,5912132.4
2074,3,0.184632,0.1539,3,50,Whitford Road,14494.0,7247.0,count,0.102456,557.323,890.998,2630.034,49.593,0.018856,874.197,1.0,12,1772001.8,5912204.0
2075,3,0.266832,0.2224,3,50,Whitford Road,13719.0,6859.5,count,0.10511,527.523,865.202,2553.89,49.593,0.019419,848.401,1.0,12,1771848.4,5912313.7
2076,1,0.008544,0.0071,3,50,Whitford Road,13719.0,6859.5,propagated,0.10511,527.523,865.202,2553.89,54.982,0.021529,846.575,1.0,13,1771748.7,5912365.6
2077,1,0.047532,0.0396,3,50,Chapel Road,21507.0,10753.5,propagated,0.101269,826.987,1306.795,3857.377,54.982,0.014254,1288.168,1.0,13,1771727.5,5912358.2
2078,1,0.0516,0.043,3,50,Chapel Road,21507.0,10753.5,propagated,0.101269,826.987,1306.795,3857.377,63.292,0.016408,1285.353,1.0,15,1771692.4,5912338.0
2079,4,0.14340999999999998,0.1434,3,60,Chapel Road,21507.0,10753.5,count,0.101269,826.987,1306.795,3857.377,63.292,0.016408,1285.353,1.0,15,1771618.6,5912280.7
2080,2,0.14664000000000002,0.1466,3,60,Chapel Road,22487.0,11243.5,count,0.096,864.67,1295.251,3823.301,67.781,0.017728,1272.288,1.0,16,1771503.3,5912192.3
2081,1,0.14984999999999998,0.1498,3,60,Chapel Road,21698.0,10849.0,count,0.096,834.331,1249.805,3689.155,67.781,0.018373,1226.842,1.0,16,1771386.3,5912101.5
2082,1,0.00475,0.0048,3,60,Chapel Road,21698.0,10849.0,propagated,0.096,834.331,1249.805,3689.155,70.691,0.019162,1225.856,1.0,17,1771328.2,5912050.7
2083,3,0.24625999999999998,0.2463,3,60,Chapel Road,22003.0,11001.5,count,0.096,846.059,1267.373,3741.012,70.691,0.018896,1243.424,1.0,17,1771246.3,5911955.8
2084,4,0.32998000000000005,0.33,3,60,Chapel Road,15456.0,7728.0,count,0.096,594.314,890.266,2627.873,70.691,0.0269,866.317,1.0,17,1771069.3,5911728.3
2085,2,0.2314,0.2314,3,60,Chapel Road,11298.0,5649.0,count,0.123827,434.431,839.398,2477.722,70.691,0.028531,815.449,1.0,17,1770896.6,5911506.6
2086,1,0.047009999999999996,0.047,3,60,Chapel Road,11298.0,5649.0,propagated,0.123827,434.431,839.398,2477.722,76.637,0.03093,813.435,1.0,18,1770807.1,5911401.2
2087,1,0.011172,0.0093,4,50,Ascot Road,18439.0,9219.5,propagated,0.09648,709.016,1067.397,3150.726,13.843,0.004394,1062.707,1.0,2,1758875.9,5906734.1
2088,5,0.071856,0.0599,2,50,Great South Road,27707.0,13853.5,propagated,0.096,1065.39,1595.923,4710.82,7.126,0.001513,1593.509,1.0,2,1760304.9,5915348.9
2089,2,0.09657,0.0966,3,60,Walmsley Road,25313.0,12656.5,propagated,0.084423,973.335,1282.2,3784.778,74.413,0.019661,1256.991,1.0,13,1760021.7,5908801.3
2090,3,0.06534000000000001,0.0653,3,60,Walmsley Road,17719.0,8859.5,propagated,0.096,681.331,1020.614,3012.632,74.413,0.0247,995.404,1.0,13,1759944.0,5908779.2
2091,2,0.021630000000000003,0.0216,3,60,Exit 10 Walmsley Road,12068.0,6034.0,propagated,0.096,464.039,695.117,2051.835,74.413,0.036267,669.907,1.0,13,1759901.6,5908773.8
2092,1,0.03041,0.0304,3,60,Exit 10 Walmsley Road,12068.0,6034.0,propagated,0.096,464.039,695.117,2051.835,83.107,0.040504,666.962,1.0,14,1759881.6,5908788.4
2093,1,0.07928,0.0793,3,60,Exit 10 Walmsley Road,12068.0,6034.0,propagated,0.096,464.039,695.117,2051.835,141.505,0.068965,647.178,1.0,21,1759856.7,5908836.8
2094,1,0.03068,0.0307,3,60,Exit 10 Walmsley Road,12068.0,6034.0,propagated,0.096,464.039,695.117,2051.835,150.339,0.073271,644.185,1.0,22,1759833.6,5908886.4
2095,5,0.09236399999999999,0.1539,3,100,Exit 10 Walmsley Road,12068.0,6034.0,count,0.096,464.039,695.117,2051.835,150.339,0.073271,644.185,1.0,22,1759802.7,5908973.2
2096,2,0.01677,0.028,3,100,Exit 10 Walmsley Road,12068.0,6034.0,propagated,0.096,464.039,695.117,2051.835,158.794,0.077391,641.321,1.0,23,1759774.2,5909059.5
2097,1,0.094524,0.1575,0,100,Southwestern Motorway,89720.0,44860.0,propagated,0.096,3449.913,5167.872,15254.443,177.83,0.011658,5107.627,1.0,29,1759746.8,5909146.3
2098,4,0.6726779999999999,1.1211,0,100,Southwestern Motorway,101788.0,50894.0,count,0.096,3913.952,5862.989,17306.278,177.83,0.010275,5802.744,1.0,29,1759593.6,5909767.3
2099,2,0.18251999999999996,0.3042,0,100,Southwestern Motorway,125118.0,62559.0,propagated,0.096,4811.037,7206.797,21272.91,177.83,0.008359,7146.552,1.0,29,1759421.3,5910459.0
2100,1,0.027492,0.0229,4,50,Browns Bay Road,5556.0,2778.0,propagated,0.096,213.639,320.026,944.648,6.955,0.007363,317.67,1.0,1,1755504.7,5934296.4
2101,1,0.021204,0.0177,4,50,Market Road,13644.0,6822.0,propagated,0.096,524.639,785.894,2319.789,4.669,0.002013,784.312,1.0,1,1759178.7,5916734.2
2102,2,0.04840799999999999,0.0403,4,50,Market Road,13644.0,6822.0,propagated,0.096,524.639,785.894,2319.789,9.226,0.003977,782.768,1.0,2,1759201.9,5916751.9
2103,2,0.016956,0.0141,4,50,Mount Hobson Road,10408.0,5204.0,default,0.096,400.208,599.501,1769.598,9.226,0.005214,596.375,1.0,2,1759218.9,5916771.3
2104,2,0.19876,0.1988,4,60,Porchester Road,16365.0,8182.5,count,0.089765,629.267,881.403,2601.711,9.937,0.003819,878.037,1.0,2,1771308.9,5900130.7
2105,6,0.17271,0.1727,4,60,Porchester Road,15569.0,7784.5,count,0.096,598.659,896.774,2647.083,9.937,0.003754,893.408,1.0,2,1771244.8,5900304.6
2106,1,0.30054000000000003,0.3005,4,60,Porchester Road,4210.0,2105.0,count,0.096,161.883,242.496,715.796,9.937,0.013882,239.13,1.0,2,1771163.6,5900527.2
2107,2,0.04254,0.0425,4,60,Porchester Road,10294.0,5147.0,count,0.096,395.825,592.934,1750.213,9.937,0.005678,589.568,1.0,2,1771103.9,5900688.1
2108,1,0.11944,0.1194,4,60,Porchester Road,15618.0,7809.0,count,0.096,600.543,899.597,2655.416,13.223,0.00498,895.117,1.0,3,1771075.8,5900763.7
2109,3,0.32708000000000004,0.3271,4,60,Porchester Road,15822.0,7911.0,count,0.089369,608.388,848.398,2504.288,13.223,0.00528,843.918,1.0,3,1770998.1,5900973.4
2110,1,0.10389,0.1039,4,60,Porchester Road,11004.0,5502.0,propagated,0.096,423.126,633.83,1870.929,13.223,0.007068,629.35,1.0,3,1770923.5,5901175.8
2111,2,0.15574,0.1557,4,60,Porchester Road,11004.0,5502.0,propagated,0.096,423.126,633.83,1870.929,19.946,0.010661,627.073,1.0,4,1770878.3,5901297.1
2112,1,0.09639,0.0964,4,60,Porchester Road,11004.0,5502.0,count,0.096,423.126,633.83,1870.929,27.57,0.014736,624.49,1.0,5,1770834.4,5901415.1
2113,4,0.064,0.064,4,60,Porchester Road,14663.0,7331.5,count,0.094455,563.822,830.996,2452.921,35.397,0.014431,819.004,1.0,6,1770806.9,5901490.6
2114,1,0.02128,0.0213,4,60,Porchester Road,14663.0,7331.5,propagated,0.094455,563.822,830.996,2452.921,42.963,0.017515,816.441,1.0,7,1770792.2,5901530.9
2115,2,0.10441199999999999,0.087,4,50,Porchester Road,14663.0,7331.5,propagated,0.094455,563.822,830.996,2452.921,42.963,0.017515,816.441,1.0,7,1770772.1,5901581.1
2116,1,0.033636,0.028,3,50,Alfriston Road,10046.0,5023.0,propagated,0.117659,386.289,709.201,2093.408,222.24,0.106162,633.911,1.0,37,1770722.3,5901595.5
2117,7,0.41706,0.3475,3,50,Alfriston Road,10046.0,5023.0,count,0.117659,386.289,709.201,2093.408,229.643,0.109698,631.403,1.0,38,1770549.4,5901522.7
2118,9,0.358272,0.2986,3,50,Alfriston Road,12600.0,6300.0,count,0.096,484.495,725.76,2142.287,229.643,0.107195,647.962,1.0,38,1770251.7,5901397.6
2119,3,0.036252000000000006,0.0302,3,50,Alfriston Road,12600.0,6300.0,propagated,0.096,484.495,725.76,2142.287,232.635,0.108592,646.948,1.0,39,1770100.4,5901333.1
2120,5,0.17093999999999998,0.1424,3,50,Alfriston Road,15531.0,7765.5,count,0.096,597.198,894.586,2640.625,232.635,0.088098,815.774,1.0,39,1770021.0,5901299.6
2121,2,0.132768,0.1106,3,50,Alfriston Road,16913.0,8456.5,count,0.1069,650.339,1084.8,3202.096,232.635,0.072651,1005.988,1.0,39,1769904.1,5901251.3
2122,2,0.29773199999999994,0.2481,4,50,Bairds Road,10018.0,5009.0,count,0.098722,385.212,593.398,1751.583,60.39,0.034477,572.939,1.0,12,1766988.0,5907285.1
2123,1,0.150504,0.1254,4,50,Bairds Road,10111.0,5055.5,count,0.087133,388.788,528.601,1560.316,60.39,0.038704,508.142,1.0,12,1766895.2,5907437.6
2124,1,0.048479999999999995,0.0404,4,50,Bairds Road,10838.0,5419.0,count,0.083318,416.743,541.8,1599.277,67.381,0.042132,518.973,1.0,13,1766900.1,5907520.5
2125,1,0.065304,0.0544,4,50,Bairds Road,10838.0,5419.0,propagated,0.083318,416.743,541.8,1599.277,74.309,0.046464,516.626,1.0,14,1766902.8,5907568.2
2126,1,0.015372,0.0128,4,50,Bairds Road,10319.0,5159.5,propagated,0.096,396.786,594.374,1754.464,74.309,0.042354,569.2,1.0,14,1766904.8,5907601.5
2127,1,0.04861,0.0486,4,60,Bairds Road,10319.0,5159.5,propagated,0.096,396.786,594.374,1754.464,74.309,0.042354,569.2,1.0,14,1766900.6,5907631.7
2128,3,0.18139,0.1814,3,60,East Tamaki Road,36306.0,18153.0,propagated,0.089131,1396.038,1941.594,5731.166,80.463,0.01404,1914.335,1.0,15,1766790.6,5907640.9
2129,9,0.26846000000000003,0.2685,3,60,East Tamaki Road,32724.0,16362.0,propagated,0.096,1258.303,1884.902,5563.824,80.463,0.014462,1857.643,1.0,15,1766566.0,5907629.8
2130,1,0.01182,0.0118,4,60,Otara Road,8264.0,4132.0,propagated,0.114956,317.767,569.998,1682.511,80.463,0.047823,542.739,1.0,15,1766431.1,5907624.0
2131,4,0.10646,0.1065,3,60,East Tamaki Road,32724.0,16362.0,propagated,0.096,1258.303,1884.902,5563.824,698.264,0.125501,1648.345,1.0,125,1766383.4,5907606.7
2132,2,0.069546,0.1159,3,100,Exit 444 East Tamaki Road,20278.0,10139.0,propagated,0.096,779.73,1168.013,3447.722,707.023,0.20507,928.489,1.0,127,1766283.6,5907575.8
2133,3,0.069114,0.1152,2,100,Exit 444 East Tamaki Road,20278.0,10139.0,propagated,0.096,779.73,1168.013,3447.722,714.632,0.207277,925.911,1.0,129,1766182.5,5907629.1
2134,1,0.059334,0.0989,2,100,Exit 444 East Tamaki Road,20278.0,10139.0,count,0.096,779.73,1168.013,3447.722,717.821,0.208202,924.831,1.0,130,1766098.4,5907695.9
2135,1,0.029302500000000002,0.0391,3,80,Alfriston Road,7443.0,3721.5,propagated,0.108961,286.198,486.598,1436.332,13.555,0.009437,482.006,1.0,4,1773269.1,5901846.3
2136,7,0.57696,0.7693,3,80,Alfriston Road,7443.0,3721.5,count,0.108961,286.198,486.598,1436.332,16.697,0.011625,480.941,1.0,5,1772897.2,5901687.8
2137,1,0.03459310344827586,0.0167,3,29,Alfriston Road,12344.0,6172.0,propagated,0.096,474.651,711.014,2098.76,16.697,0.007956,705.357,1.0,5,1772545.1,5901526.8
2138,1,0.02290588235294118,0.013,3,34,Alfriston Road,12344.0,6172.0,propagated,0.096,474.651,711.014,2098.76,50.558,0.024089,693.886,1.0,11,1772533.6,5901520.5
2139,1,0.0746475,0.0995,3,80,Alfriston Road,12344.0,6172.0,propagated,0.096,474.651,711.014,2098.76,55.921,0.026645,692.069,1.0,12,1772493.8,5901487.6
2140,2,0.04680000000000001,0.0624,3,80,Alfriston Road,12344.0,6172.0,propagated,0.096,474.651,711.014,2098.76,62.112,0.029595,689.972,1.0,13,1772428.8,5901439.6
2141,1,0.019035,0.0254,3,80,Alfriston Road,12344.0,6172.0,propagated,0.096,474.651,711.014,2098.76,67.555,0.032188,688.128,1.0,14,1772390.7,5901418.0
2142,9,0.601845,0.8025,3,80,Alfriston Road,12344.0,6172.0,count,0.096,474.651,711.014,2098.76,72.998,0.034781,686.284,1.0,15,1771985.9,5901369.3
2143,8,0.39936000000000005,0.5325,3,80,Alfriston Road,16618.0,8309.0,propagated,0.096,638.995,957.197,2825.439,72.998,0.025836,932.467,1.0,15,1771326.5,5901421.5
2144,2,0.11335500000000001,0.1511,3,80,Alfriston Road,16618.0,8309.0,propagated,0.096,638.995,957.197,2825.439,80.96,0.028654,929.77,1.0,16,1771016.3,5901559.8
2145,2,0.043115999999999995,0.0359,3,50,Alfriston Road,16618.0,8309.0,count,0.096,638.995,957.197,2825.439,80.96,0.028654,929.77,1.0,16,1770943.4,5901618.7
2146,1,0.019572,0.0163,3,50,Alfriston Road,16618.0,8309.0,propagated,0.096,638.995,957.197,2825.439,88.854,0.031448,927.095,1.0,17,1770922.3,5901633.1
2147,1,0.015323999999999999,0.0128,3,50,Alfriston Road,16618.0,8309.0,propagated,0.096,638.995,957.197,2825.439,96.749,0.034242,924.421,1.0,18,1770909.7,5901641.1
2148,1,0.036899999999999995,0.0184,3,30,Alfriston Road,16618.0,8309.0,propagated,0.096,638.995,957.197,2825.439,104.928,0.037137,921.65,1.0,19,1770897.2,5901644.3
2149,1,0.046308,0.0386,3,50,Alfriston Road,16618.0,8309.0,propagated,0.096,638.995,957.197,2825.439,113.26,0.040086,918.827,1.0,20,1770871.1,5901643.7
2150,4,0.10551599999999998,0.0879,3,50,Alfriston Road,16618.0,8309.0,propagated,0.096,638.995,957.197,2825.439,164.018,0.05805,901.631,1.0,28,1770809.8,5901631.3
2151,1,0.009492,0.0079,3,50,Alfriston Road,10046.0,5023.0,propagated,0.117659,386.289,709.201,2093.408,164.018,0.07835,653.635,1.0,28,1770765.9,5901613.0
2152,1,0.033936,0.0283,3,50,Alfriston Road,10046.0,5023.0,propagated,0.117659,386.289,709.201,2093.408,179.276,0.085638,648.466,1.0,30,1770748.8,5901606.1
2153,4,0.096936,0.0808,3,50,Ian Sage Avenue,1985.0,992.5,propagated,0.2,76.327,238.2,703.115,14.498,0.02062,233.288,1.0,4,1755283.6,5937850.8
2154,3,0.09527999999999999,0.0794,3,50,Browns Road,19011.0,9505.5,count,0.085792,731.011,978.595,2888.601,44.899,0.015544,963.384,1.0,10,1766934.2,5901923.9
2155,1,0.015672,0.0131,3,50,Browns Road,15001.0,7500.5,propagated,0.096,576.818,864.058,2550.513,44.899,0.017604,848.847,1.0,10,1766977.1,5901941.1
2156,4,0.160068,0.1334,3,50,Browns Road,15001.0,7500.5,count,0.096,576.818,864.058,2550.513,49.491,0.019404,847.292,1.0,11,1767045.1,5901968.6
2157,3,0.225024,0.1875,3,50,Browns Road,14449.0,7224.5,count,0.096,555.593,832.262,2456.658,49.491,0.020146,815.496,1.0,11,1767194.2,5902028.5
2158,4,0.25445999999999996,0.212,4,50,Onehunga Mall,22940.0,11470.0,count,0.096,882.089,1321.344,3900.322,16.199,0.004153,1315.856,1.0,2,1759089.2,5911589.5
2159,1,0.029952,0.025,4,50,Onehunga Mall,22940.0,11470.0,propagated,0.096,882.089,1321.344,3900.322,25.408,0.006514,1312.736,1.0,3,1759066.6,5911703.8
2160,1,0.06534,0.0544,4,50,Onehunga Mall,10872.0,5436.0,propagated,0.096,418.05,626.227,1848.487,25.408,0.013745,617.619,1.0,3,1759062.8,5911743.3
2161,1,0.02682,0.0224,4,50,Onehunga Mall,10872.0,5436.0,propagated,0.096,418.05,626.227,1848.487,34.373,0.018595,614.582,1.0,4,1759059.1,5911781.6
2162,1,0.011376,0.0095,4,50,Onehunga Mall,10872.0,5436.0,propagated,0.096,418.05,626.227,1848.487,48.22,0.026086,609.891,1.0,6,1759057.6,5911797.2
2163,2,0.08359199999999999,0.0697,4,50,Walters Road,13943.0,6971.5,propagated,0.096,536.136,803.117,2370.628,56.106,0.023667,784.11,1.0,12,1772054.9,5898014.4
2164,2,0.04752,0.0396,4,50,Walters Road,13943.0,6971.5,propagated,0.096,536.136,803.117,2370.628,62.479,0.026355,781.95,1.0,13,1772003.9,5897995.3
2165,2,0.058499999999999996,0.0488,4,50,Walters Road,13943.0,6971.5,count,0.096,536.136,803.117,2370.628,68.562,0.028921,779.89,1.0,14,1771962.5,5897980.6
2166,1,0.040799999999999996,0.034,4,50,Walters Road,13767.0,6883.5,count,0.096,529.369,792.979,2340.703,74.644,0.03189,767.691,1.0,15,1771923.6,5897966.0
2167,2,0.136464,0.1137,4,50,Walters Road,5612.0,2806.0,count,0.096,215.793,323.251,954.167,74.644,0.078229,297.963,1.0,15,1771854.1,5897940.3
2168,1,0.04284,0.0357,4,50,Walters Road,16618.0,8309.0,propagated,0.096,638.995,957.197,2825.439,74.644,0.026419,931.909,1.0,15,1771784.1,5897914.6
2169,9,0.312336,0.2603,4,50,Walters Road,16618.0,8309.0,count,0.096,638.995,957.197,2825.439,79.509,0.02814,930.261,1.0,16,1771645.6,5897863.0
2170,4,0.07317599999999999,0.061,2,50,Great South Road,30044.0,15022.0,propagated,0.096,1155.252,1730.534,5108.163,81.14,0.015884,1703.046,1.0,17,1771496.8,5897851.9
2171,3,0.13607999999999998,0.1134,2,50,Great South Road,30044.0,15022.0,propagated,0.096,1155.252,1730.534,5108.163,87.762,0.017181,1700.802,1.0,21,1771435.9,5897913.2
2172,5,0.24865199999999998,0.2072,2,50,Great South Road,30044.0,15022.0,count,0.096,1155.252,1730.534,5108.163,89.016,0.017426,1700.377,1.0,22,1771322.7,5898026.2
2173,10,0.40594800000000003,0.3383,2,50,Great South Road,24555.0,12277.5,count,0.096,944.189,1414.368,4174.909,89.016,0.021322,1384.211,1.0,22,1771114.7,5898202.8
2174,3,0.23752800000000002,0.1979,2,50,Great South Road,27992.0,13996.0,count,0.096,1076.348,1612.339,4759.277,89.016,0.018704,1582.182,1.0,22,1770911.5,5898377.5
2175,10,0.291564,0.243,2,50,Great South Road,28117.0,14058.5,count,0.096,1081.155,1619.539,4780.53,90.947,0.019024,1588.728,1.0,23,1770754.3,5898531.4
2176,9,0.44220000000000004,0.3685,2,50,Great South Road,30203.0,15101.5,count,0.096,1161.366,1739.693,5135.198,120.517,0.023469,1698.864,1.0,29,1770536.6,5898746.0
2177,17,0.414312,0.3453,2,50,Great South Road,22395.0,11197.5,count,0.096,861.133,1289.952,3807.66,120.517,0.031651,1249.123,1.0,29,1770281.4,5898996.3
2178,6,0.188292,0.1569,2,50,Great South Road,42994.0,21497.0,count,0.096,1653.205,2476.454,7309.958,120.517,0.016487,2435.625,1.0,29,1770098.9,5899165.4
2179,4,0.157152,0.131,2,50,Great South Road,32566.0,16283.0,propagated,0.096,1252.228,1875.802,5536.963,120.517,0.021766,1834.973,1.0,29,1769997.3,5899266.9
2180,1,0.0237,0.0198,2,50,Great South Road,32566.0,16283.0,count,0.096,1252.228,1875.802,5536.963,122.149,0.022061,1834.421,1.0,30,1769943.6,5899319.2
2181,1,0.01476,0.0123,2,50,Great South Road,32566.0,16283.0,propagated,0.096,1252.228,1875.802,5536.963,123.78,0.022355,1833.868,1.0,31,1769932.3,5899330.5
2182,1,0.1017,0.0848,2,50,Great South Road,32566.0,16283.0,propagated,0.096,1252.228,1875.802,5536.963,125.412,0.02265,1833.315,1.0,32,1769897.2,5899364.9
2183,1,0.0132,0.011,2,50,Great South Road,16490.0,8245.0,propagated,0.096,634.073,949.824,2803.675,125.412,0.044731,907.337,1.0,32,1769862.9,5899398.5
2184,1,0.010062,0.0168,2,100,Entry 453 Takanini,23654.0,11827.0,propagated,0.096,909.544,1362.47,4021.717,126.803,0.03153,1319.512,1.0,33,1769859.1,5899410.2
2185,10,0.27688199999999996,0.4615,2,100,Entry 453 Takanini,23654.0,11827.0,propagated,0.096,909.544,1362.47,4021.717,162.236,0.04034,1307.508,1.0,43,1769861.3,5899649.4
2186,4,0.09096,0.1516,2,100,Entry 453 Takanini,23654.0,11827.0,propagated,0.096,909.544,1362.47,4021.717,163.086,0.040551,1307.22,1.0,44,1769868.0,5899955.8
2187,2,0.7225919999999999,1.2043,0,100,Southern Motorway,97080.0,48540.0,count,0.096,3732.92,5591.808,16505.811,163.086,0.009881,5536.558,1.0,44,1769887.1,5900632.1
2188,2,0.033491999999999994,0.0279,3,50,Pine Avenue,4282.0,2141.0,propagated,0.096,164.651,246.643,728.037,7.221,0.009918,244.197,1.0,1,1743731.2,5915192.9
2189,1,0.019488,0.0162,3,50,Pine Avenue,4282.0,2141.0,propagated,0.096,164.651,246.643,728.037,14.446,0.019842,241.749,1.0,2,1743713.5,5915206.4
2190,2,0.038616,0.0322,3,50,Henderson Valley Road,5133.0,2566.5,propagated,0.096,197.374,295.661,872.727,14.446,0.016553,290.767,1.0,2,1743719.4,5915222.1
2191,1,0.18436799999999998,0.1536,3,50,Henderson Valley Road,5133.0,2566.5,propagated,0.096,197.374,295.661,872.727,24.738,0.028346,287.28,1.0,4,1743788.3,5915284.0
2192,1,0.046668,0.0389,3,50,Henderson Valley Road,5133.0,2566.5,propagated,0.096,197.374,295.661,872.727,32.087,0.036766,284.791,1.0,5,1743863.4,5915343.7
2193,1,0.009228,0.0077,3,50,Henderson Valley Road,5133.0,2566.5,propagated,0.096,197.374,295.661,872.727,39.665,0.045449,282.223,1.0,6,1743881.8,5915357.9
2194,2,0.015191999999999999,0.0127,3,50,Henderson Valley Road,5133.0,2566.5,propagated,0.096,197.374,295.661,872.727,47.242,0.054131,279.656,1.0,7,1743890.1,5915364.2
2195,5,0.1452,0.121,3,50,Henderson Valley Road,5133.0,2566.5,propagated,0.096,197.374,295.661,872.727,54.93,0.062941,277.052,1.0,8,1743942.0,5915405.6
2196,1,0.21700999999999998,0.217,4,60,Popes Road,3995.0,1997.5,propagated,0.096,153.616,230.112,679.241,5.534,0.008147,228.237,1.0,1,1771013.6,5899912.0
2197,1,0.033288,0.0277,4,50,Popes Road,3995.0,1997.5,count,0.096,153.616,230.112,679.241,5.534,0.008147,228.237,1.0,1,1770899.3,5899868.2
2198,2,0.039732,0.0331,4,50,Popes Road,3995.0,1997.5,propagated,0.096,153.616,230.112,679.241,9.544,0.014051,226.879,1.0,2,1770870.4,5899857.5
2199,2,0.233568,0.1946,4,50,Takanini School Road,5103.0,2551.5,count,0.096,196.221,293.933,867.627,9.544,0.011,290.7,1.0,2,1770883.4,5899758.3
2200,5,0.43124399999999996,0.3594,4,50,Spartan Road,4371.0,2185.5,count,0.104553,168.074,274.201,809.382,9.544,0.011792,270.968,1.0,2,1770739.1,5899612.6
2201,4,0.31988399999999995,0.2666,4,50,Spartan Road,6483.0,3241.5,count,0.096,249.284,373.421,1102.258,9.544,0.008659,370.188,1.0,2,1770440.6,5899518.9
2202,5,0.28129200000000004,0.2344,4,50,Spartan Road,7635.0,3817.5,count,0.094826,293.581,434.398,1282.249,9.544,0.007443,431.165,1.0,2,1770201.1,5899445.3
2203,5,0.23742,0.1978,4,50,Spartan Road,6494.0,3247.0,count,0.089005,249.707,346.799,1023.676,9.544,0.009323,343.566,1.0,2,1769992.7,5899409.1
2204,4,0.087864,0.0732,2,50,Great South Road,16490.0,8245.0,propagated,0.096,634.073,949.824,2803.675,9.544,0.003404,946.591,1.0,2,1769886.0,5899393.6
2205,2,0.06031199999999999,0.0503,3,50,Akoranga Drive,14610.0,7305.0,propagated,0.116769,561.784,1023.597,3021.437,3.439,0.001138,1022.432,1.0,1,1756590.9,5926207.7
2206,3,0.07722,0.0643,3,50,Akoranga Drive,14610.0,7305.0,propagated,0.116769,561.784,1023.597,3021.437,32.633,0.0108,1012.542,1.0,7,1756620.0,5926158.7
2207,12,0.568668,0.4739,3,50,Akoranga Drive,14610.0,7305.0,count,0.116769,561.784,1023.597,3021.437,36.486,0.012076,1011.236,1.0,8,1756774.5,5925940.0
2208,1,0.091404,0.0762,3,50,Exit 420 Akoranga Drive,15105.5,7552.75,default,0.096,580.837,870.077,2568.28,36.486,0.014206,857.716,1.0,8,1757006.1,5925820.4
2209,1,0.022278,0.0371,2,100,Exit 420 Esmonde Road,41142.0,20571.0,propagated,0.096,1581.992,2369.779,6995.076,42.887,0.006131,2355.25,1.0,10,1757033.8,5925772.7
2210,3,0.19552199999999997,0.3259,2,100,Exit 420 Esmonde Road,41142.0,20571.0,count,0.096,1581.992,2369.779,6995.076,45.023,0.006436,2354.526,1.0,11,1757067.1,5925599.1
2211,2,0.105636,0.088,4,50,Panama Road,10158.0,5079.0,count,0.096,390.595,585.101,1727.092,17.435,0.010095,579.194,1.0,3,1764556.4,5911653.7
2212,2,0.038832,0.0324,4,50,Panama Road,9528.0,4764.0,count,0.096,366.371,548.813,1619.978,17.435,0.010762,542.906,1.0,3,1764615.4,5911666.3
2213,1,0.030299999999999997,0.0253,4,50,Panama Road,10029.0,5014.5,propagated,0.096,385.635,577.67,1705.157,17.435,0.010225,571.763,1.0,3,1764643.5,5911672.4
2214,1,0.070008,0.0583,3,50,Manukau Road,16096.0,8048.0,propagated,0.096,618.923,927.13,2736.688,56.357,0.020593,908.037,1.0,9,1758199.1,5913550.2
2215,4,0.14030399999999998,0.1169,3,50,Manukau Road,13915.0,6957.5,count,0.096,535.06,801.504,2365.867,56.357,0.023821,782.411,1.0,9,1758184.3,5913637.1
2216,6,0.241944,0.2016,3,50,Manukau Road,15199.0,7599.5,count,0.096,584.432,875.462,2584.175,56.357,0.021809,856.369,1.0,9,1758156.8,5913794.0
2217,10,0.46116000000000007,0.3843,3,50,Manukau Road,13608.0,6804.0,count,0.096,523.255,783.821,2313.67,56.357,0.024358,764.728,1.0,9,1758106.6,5914082.4
2218,4,0.527508,0.4396,3,50,Manukau Road,14565.0,7282.5,count,0.096,560.053,838.944,2476.382,56.357,0.022758,819.851,1.0,9,1758035.9,5914488.3
2219,5,0.11494799999999998,0.0958,3,50,Manukau Road,27058.0,13529.0,propagated,0.096,1040.434,1558.541,4600.477,56.357,0.01225,1539.448,1.0,9,1757991.4,5914752.6
2220,1,0.021744,0.0181,2,50,Manukau Road,27058.0,13529.0,propagated,0.096,1040.434,1558.541,4600.477,56.357,0.01225,1539.448,1.0,9,1757979.7,5914807.3
2221,3,0.02778,0.0231,4,50,Lunn Avenue,22060.0,11030.0,propagated,0.096,848.251,1270.656,3750.702,9.46,0.002522,1267.451,1.0,3,1763250.4,5915911.3
2222,3,0.084384,0.0703,4,50,Lunn Avenue,22060.0,11030.0,propagated,0.096,848.251,1270.656,3750.702,12.586,0.003356,1266.392,1.0,4,1763221.3,5915948.3
2223,1,0.004776,0.004,4,50,Lunn Avenue,22060.0,11030.0,propagated,0.096,848.251,1270.656,3750.702,15.621,0.004165,1265.364,1.0,5,1763196.7,5915976.2
2224,1,0.004307999999999999,0.0036,4,50,Abbotts Way,20591.0,10295.5,propagated,0.096,791.765,1186.042,3500.94,15.621,0.004462,1180.75,1.0,5,1763194.0,5915978.4
2225,4,0.1362,0.1135,4,50,Abbotts Way,20591.0,10295.5,propagated,0.096,791.765,1186.042,3500.94,18.657,0.005329,1179.721,1.0,6,1763142.1,5916004.3
2226,4,0.069468,0.0579,4,50,Abbotts Way,20591.0,10295.5,propagated,0.096,791.765,1186.042,3500.94,21.96,0.006273,1178.602,1.0,7,1763061.9,5916035.1
2227,2,0.166308,0.1386,4,50,Abbotts Way,20591.0,10295.5,count,0.096,791.765,1186.042,3500.94,25.061,0.007158,1177.552,1.0,8,1762964.3,5916037.1
2228,4,0.257928,0.2149,4,50,Abbotts Way,20591.0,10295.5,propagated,0.096,791.765,1186.042,3500.94,27.84,0.007952,1176.61,1.0,9,1762792.0,5916059.7
2229,2,0.56256,0.4688,4,50,Abbotts Way,21316.0,10658.0,count,0.096,819.643,1227.802,3624.207,27.84,0.007682,1218.37,1.0,9,1762461.5,5916112.3
2230,7,0.43376400000000004,0.3615,4,50,Abbotts Way,21359.0,10679.5,count,0.096,821.296,1230.278,3631.515,27.84,0.007666,1220.846,1.0,9,1762049.1,5916070.6
2231,8,0.256056,0.2134,4,50,Abbotts Way,21197.0,10598.5,count,0.096,815.067,1220.947,3603.972,31.837,0.008834,1210.161,1.0,10,1761767.0,5916014.4
2232,5,0.278304,0.2319,4,50,Abbotts Way,21197.0,10598.5,propagated,0.096,815.067,1220.947,3603.972,37.112,0.010298,1208.374,1.0,11,1761549.0,5915969.6
2233,3,0.07370571428571429,0.086,4,70,Wiri Station Road,14162.0,7081.0,propagated,0.096,544.557,815.731,2407.862,6.146,0.002552,813.649,1.0,2,1766036.9,5903302.2
2234,4,0.2400857142857143,0.2801,4,70,Wiri Station Road,14686.0,7343.0,propagated,0.12311,564.706,1084.796,3202.084,6.146,0.001919,1082.714,1.0,2,1766206.7,5903370.6
2235,7,0.20044285714285712,0.2338,4,70,Wiri Station Road,14686.0,7343.0,count,0.12311,564.706,1084.796,3202.084,9.821,0.003067,1081.469,1.0,3,1766445.0,5903466.6
2236,1,0.06257142857142857,0.073,4,70,Wiri Station Road,14686.0,7343.0,propagated,0.12311,564.706,1084.796,3202.084,15.614,0.004876,1079.506,1.0,4,1766586.5,5903525.7
2237,1,0.04192285714285714,0.0489,4,70,Wiri Station Road,14488.0,7244.0,propagated,0.12079,557.093,1050.003,3099.382,15.614,0.005038,1044.713,1.0,4,1766641.9,5903551.3
2238,4,0.05430857142857143,0.0634,4,70,Wiri Station Road,14488.0,7244.0,propagated,0.12079,557.093,1050.003,3099.382,23.38,0.007543,1042.082,1.0,5,1766693.3,5903574.3
2239,3,0.06562285714285714,0.0766,4,70,Wiri Station Road,14488.0,7244.0,propagated,0.12079,557.093,1050.003,3099.382,31.646,0.01021,1039.282,1.0,6,1766756.7,5903603.2
2240,8,0.17782285714285714,0.2075,4,70,Wiri Station Road,15670.0,7835.0,count,0.096,602.543,902.592,2664.257,40.488,0.015197,888.876,1.0,8,1766864.4,5903671.5
2241,1,0.01109142857142857,0.0129,4,70,Wiri Station Road,15670.0,7835.0,propagated,0.096,602.543,902.592,2664.257,77.603,0.029127,876.302,1.0,12,1766961.9,5903721.7
2242,4,0.07568,0.0757,4,60,Lambie Drive,25244.0,12622.0,propagated,0.088259,970.682,1336.806,3945.963,77.603,0.019666,1310.516,1.0,12,1766942.0,5903753.8
2243,1,0.00543,0.0054,4,60,Lambie Drive,25244.0,12622.0,propagated,0.088259,970.682,1336.806,3945.963,125.186,0.031725,1294.396,1.0,17,1766918.7,5903787.5
2244,1,0.00428,0.0043,4,60,Lambie Drive,25244.0,12622.0,propagated,0.088259,970.682,1336.806,3945.963,135.025,0.034219,1291.062,1.0,18,1766916.1,5903792.0
2245,1,0.01653,0.0165,4,60,Lambie Drive,25244.0,12622.0,propagated,0.088259,970.682,1336.806,3945.963,145.107,0.036774,1287.647,1.0,19,1766911.0,5903801.0
2246,1,0.11871999999999999,0.1187,4,60,Exit 2 Lambie Drive,13988.0,6994.0,propagated,0.096,537.867,805.709,2378.279,145.107,0.061013,756.55,1.0,19,1766939.0,5903854.6
2247,1,0.01207,0.0121,3,60,Exit 2 Lambie Drive,13988.0,6994.0,propagated,0.096,537.867,805.709,2378.279,154.356,0.064902,753.417,1.0,20,1767001.0,5903874.1
2248,2,0.06726599999999999,0.1121,3,100,Exit 2 Lambie Drive,13988.0,6994.0,propagated,0.096,537.867,805.709,2378.279,154.356,0.064902,753.417,1.0,20,1767062.4,5903884.2
2249,1,0.087276,0.1455,3,100,Exit 2 Lambie Drive,13988.0,6994.0,count,0.096,537.867,805.709,2378.279,163.575,0.068779,750.293,1.0,21,1767189.1,5903904.9
2250,5,0.25069199999999997,0.4178,0,100,Southwestern Motorway,68956.0,34478.0,count,0.096,2651.496,3971.866,11724.091,163.575,0.013952,3916.45,1.0,21,1767468.4,5903922.6
2251,3,0.060516,0.1009,0,100,Entry 1 Southern Motorway,74072.0,37036.0,default,0.096,2848.217,4266.547,12593.926,163.575,0.012988,4211.131,1.0,21,1767727.1,5903911.0
2252,4,0.09761999999999998,0.1627,0,100,Entry 1 Southern Motorway,74072.0,37036.0,default,0.096,2848.217,4266.547,12593.926,170.978,0.013576,4208.623,1.0,23,1767857.8,5903895.3
2253,6,0.187464,0.3124,0,100,Exit 449 Southwestern Motorway,27724.0,13862.0,propagated,0.096,1066.043,1596.902,4713.71,170.978,0.036272,1538.978,1.0,23,1768080.7,5903936.2
2254,1,0.047015999999999995,0.0392,3,50,Mount Albert Road,26428.0,13214.0,propagated,0.096,1016.209,1522.253,4493.362,7.605,0.001692,1519.677,1.0,2,1757619.1,5913582.3
2255,1,0.02281,0.0228,2,60,Cavendish Drive,25848.0,12924.0,propagated,0.096,993.907,1488.845,4394.749,2.924,0.000665,1487.854,1.0,1,1766335.8,5904593.1
2256,1,0.00888,0.0089,2,60,Cavendish Drive,24418.0,12209.0,propagated,0.096,938.921,1406.477,4151.617,2.924,0.000704,1405.486,1.0,1,1766351.9,5904594.2
2257,8,0.21469,0.2147,2,60,Cavendish Drive,24418.0,12209.0,count,0.096,938.921,1406.477,4151.617,6.07,0.001462,1404.421,1.0,2,1766461.4,5904616.3
2258,1,0.01712,0.0171,2,60,Cavendish Drive,50382.0,25191.0,propagated,0.096,1937.289,2902.003,8566.087,6.07,0.000709,2899.947,1.0,2,1766573.7,5904643.9
2259,6,0.13892,0.1389,2,60,Cavendish Drive,50382.0,25191.0,count,0.096,1937.289,2902.003,8566.087,9.636,0.001125,2898.739,1.0,3,1766649.6,5904662.2
2260,1,0.093276,0.1555,4,100,Entry 4 Greenhithe Road,8102.0,4051.0,propagated,0.096,311.538,466.675,1377.524,20.583,0.014942,459.702,1.0,5,1750547.3,5929393.4
2261,2,0.120204,0.2003,0,100,Upper Harbour Motorway,40200.0,20100.0,propagated,0.096,1545.77,2315.52,6834.915,29.136,0.004263,2305.649,1.0,7,1750651.2,5929536.8
2262,1,0.557292,0.9288,0,100,Upper Harbour Motorway,48302.0,24151.0,count,0.096,1857.309,2782.195,8212.439,29.136,0.003548,2772.324,1.0,7,1751100.5,5929866.3
2263,5,0.49398600000000004,0.8233,0,100,Upper Harbour Motorway,27074.0,13537.0,count,0.096,1041.049,1559.462,4603.195,29.136,0.00633,1549.591,1.0,7,1751818.3,5930339.3
2264,2,0.270225,0.3603,0,80,Upper Harbour Motorway,27074.0,13537.0,propagated,0.096,1041.049,1559.462,4603.195,29.136,0.00633,1549.591,1.0,7,1752167.7,5930814.8
2265,1,0.0791775,0.1056,0,80,Upper Harbour Motorway,27074.0,13537.0,propagated,0.096,1041.049,1559.462,4603.195,56.307,0.012232,1540.386,1.0,18,1752346.9,5930963.1
2266,5,0.36932250000000005,0.4924,0,80,Upper Harbour Motorway,35892.0,17946.0,propagated,0.096,1380.119,2067.379,6102.457,56.307,0.009227,2048.303,1.0,18,1752611.4,5931101.0
2267,1,0.006914634146341463,0.0094,0,82,Upper Harbour Motorway,35892.0,17946.0,propagated,0.096,1380.119,2067.379,6102.457,56.307,0.009227,2048.303,1.0,18,1752853.5,5931166.2
2268,2,0.2179575,0.2906,0,80,Upper Harbour Motorway,35892.0,17946.0,count,0.096,1380.119,2067.379,6102.457,56.307,0.009227,2048.303,1.0,18,1753002.3,5931183.2
2269,3,0.051790588235294116,0.0734,0,85,Upper Harbour Motorway,35892.0,17946.0,propagated,0.096,1380.119,2067.379,6102.457,56.307,0.009227,2048.303,1.0,18,1753183.7,5931198.4
2270,1,0.02877906976744186,0.0412,0,86,Upper Harbour Motorway,35892.0,17946.0,propagated,0.096,1380.119,2067.379,6102.457,56.307,0.009227,2048.303,1.0,18,1753240.5,5931205.5
2271,2,0.2413241379310345,0.3499,0,87,Upper Harbour Motorway,35892.0,17946.0,propagated,0.096,1380.119,2067.379,6102.457,56.307,0.009227,2048.303,1.0,18,1753431.1,5931248.3
2272,2,0.04266976744186047,0.0612,0,86,Upper Harbour Motorway,35892.0,17946.0,propagated,0.096,1380.119,2067.379,6102.457,56.307,0.009227,2048.303,1.0,18,1753624.2,5931319.0
2273,1,0.010369411764705882,0.0147,0,85,Upper Harbour Motorway,35892.0,17946.0,propagated,0.096,1380.119,2067.379,6102.457,56.307,0.009227,2048.303,1.0,18,1753658.5,5931334.9
2274,1,0.020076,0.0335,1,100,Upper Harbour Highway,23126.0,11563.0,default,0.096,889.241,1332.058,3931.948,58.119,0.014781,1312.369,1.0,19,1753670.7,5931322.0
2275,4,0.19590000000000002,0.1959,3,60,Ormiston Road,17408.0,8704.0,count,0.096,669.372,1002.701,2959.757,89.962,0.030395,972.224,1.0,16,1770580.6,5907156.2
2276,5,0.17589,0.1759,3,60,Ormiston Road,17726.0,8863.0,count,0.096,681.6,1021.018,3013.825,89.962,0.02985,990.541,1.0,16,1770398.7,5907192.8
2277,3,0.08320999999999999,0.0832,3,60,Ormiston Road,17726.0,8863.0,propagated,0.096,681.6,1021.018,3013.825,93.081,0.030885,989.484,1.0,17,1770269.6,5907198.8
2278,3,0.168,0.168,3,60,Ormiston Road,8956.0,4478.0,count,0.096,344.376,515.866,1522.725,93.081,0.061128,484.332,1.0,17,1770150.1,5907231.8
2279,1,0.09018999999999999,0.0902,3,60,Ormiston Road,8956.0,4478.0,propagated,0.096,344.376,515.866,1522.725,99.225,0.065163,482.251,1.0,18,1770033.5,5907286.5
2280,3,0.14228,0.1423,3,60,Ormiston Road,23220.0,11610.0,count,0.096,892.855,1337.472,3947.929,99.225,0.025133,1303.857,1.0,18,1769921.8,5907318.4
2281,1,0.03592,0.0359,3,60,Ormiston Road,23538.0,11769.0,propagated,0.096,905.083,1355.789,4001.997,99.225,0.024794,1322.174,1.0,18,1769834.8,5907339.1
2282,8,0.16747,0.1675,3,60,Ormiston Road,23538.0,11769.0,count,0.096,905.083,1355.789,4001.997,105.604,0.026388,1320.013,1.0,19,1769736.2,5907363.2
2283,3,0.08583,0.0858,3,60,Ormiston Road,27500.0,13750.0,propagated,0.096,1057.43,1584.0,4675.626,174.805,0.037386,1524.78,1.0,30,1769613.3,5907392.2
2284,12,0.24808999999999998,0.2481,3,60,Ormiston Road,27500.0,13750.0,propagated,0.096,1057.43,1584.0,4675.626,238.001,0.050902,1503.37,1.0,41,1769450.7,5907428.0
2285,1,0.019510000000000003,0.0195,3,60,Ormiston Road,27500.0,13750.0,propagated,0.096,1057.43,1584.0,4675.626,251.707,0.053834,1498.727,1.0,45,1769320.6,5907458.1
2286,2,0.030010000000000002,0.03,3,60,Ormiston Road,27500.0,13750.0,propagated,0.096,1057.43,1584.0,4675.626,262.064,0.056049,1495.218,1.0,47,1769296.9,5907465.4
2287,2,0.08112,0.0811,3,60,Ormiston Road,27500.0,13750.0,propagated,0.096,1057.43,1584.0,4675.626,267.254,0.057159,1493.46,1.0,48,1769243.1,5907479.1
2288,12,0.40740000000000004,0.4074,3,60,Ormiston Road,27500.0,13750.0,propagated,0.096,1057.43,1584.0,4675.626,357.39,0.076437,1462.924,1.0,65,1769006.7,5907538.2
2289,8,0.16190999999999997,0.1619,3,60,Ormiston Road,27500.0,13750.0,propagated,0.096,1057.43,1584.0,4675.626,360.536,0.07711,1461.858,1.0,66,1768729.6,5907600.5
2290,5,0.22927999999999998,0.2293,3,60,Ormiston Road,22076.5,11038.25,default,0.096,848.886,1271.606,3753.506,360.536,0.096053,1149.464,1.0,66,1768542.1,5907651.2
2291,1,0.04444,0.0444,3,60,Ormiston Road,22076.5,11038.25,default,0.096,848.886,1271.606,3753.506,366.432,0.097624,1147.467,1.0,67,1768409.9,5907686.0
2292,1,0.014539999999999999,0.0145,3,60,Ormiston Road,22076.5,11038.25,default,0.096,848.886,1271.606,3753.506,372.63,0.099275,1145.367,1.0,68,1768381.1,5907693.3
2293,5,0.19368,0.1937,3,60,Ormiston Road,22076.5,11038.25,default,0.096,848.886,1271.606,3753.506,378.661,0.100882,1143.324,1.0,69,1768279.4,5907715.2
2294,2,0.074988,0.0625,3,50,Ormiston Road,15105.5,7552.75,default,0.096,580.837,870.077,2568.28,385.187,0.149979,739.584,1.0,70,1768163.5,5907758.6
2295,3,0.06207,0.0621,3,60,Preston Road,26396.0,13198.0,propagated,0.096,1014.979,1520.41,4487.922,428.599,0.095501,1375.21,1.0,77,1768156.4,5907818.6
2296,4,0.11304,0.113,3,60,East Tamaki Road,23488.0,11744.0,propagated,0.108992,903.161,1536.002,4533.946,428.599,0.094531,1390.802,1.0,77,1768078.4,5907814.3
2297,3,0.0541,0.0541,3,60,East Tamaki Road,23488.0,11744.0,propagated,0.108992,903.161,1536.002,4533.946,435.165,0.095979,1388.578,1.0,78,1767997.0,5907793.0
2298,6,0.29507,0.2951,3,60,East Tamaki Road,23488.0,11744.0,propagated,0.108992,903.161,1536.002,4533.946,520.942,0.114898,1359.518,1.0,96,1767836.9,5907760.6
2299,1,0.13323,0.1332,3,60,East Tamaki Road,36306.0,18153.0,propagated,0.089131,1396.038,1941.594,5731.166,520.942,0.090896,1765.11,1.0,96,1767630.5,5907704.3
2300,1,0.10940000000000001,0.1094,3,60,East Tamaki Road,36306.0,18153.0,propagated,0.089131,1396.038,1941.594,5731.166,532.489,0.092911,1761.198,1.0,98,1767513.2,5907672.2
2301,8,0.23541,0.2354,3,60,East Tamaki Road,36306.0,18153.0,propagated,0.089131,1396.038,1941.594,5731.166,535.718,0.093475,1760.104,1.0,99,1767344.2,5907646.6
2302,2,0.02534,0.0253,3,60,East Tamaki Road,36306.0,18153.0,propagated,0.089131,1396.038,1941.594,5731.166,541.872,0.094548,1758.02,1.0,100,1767213.9,5907650.3
2303,1,0.26768000000000003,0.2677,3,60,East Tamaki Road,37428.0,18714.0,count,0.096,1439.181,2155.853,6363.613,541.872,0.085152,1972.279,1.0,100,1767067.5,5907653.8
2304,2,0.06327,0.0633,3,60,East Tamaki Road,74722.0,37361.0,count,0.096,2873.21,4303.987,12704.441,541.872,0.042652,4120.413,1.0,100,1766902.3,5907658.4
2305,3,0.17165000000000002,0.1716,3,60,East Tamaki Road,74722.0,37361.0,propagated,0.096,2873.21,4303.987,12704.441,564.652,0.044445,4112.695,1.0,103,1766785.1,5907652.8
2306,3,0.12490000000000001,0.1249,3,60,East Tamaki Road,74722.0,37361.0,propagated,0.096,2873.21,4303.987,12704.441,573.176,0.045116,4109.807,1.0,104,1766637.1,5907644.8
2307,1,0.041280000000000004,0.0413,3,60,East Tamaki Road,74722.0,37361.0,propagated,0.096,2873.21,4303.987,12704.441,580.966,0.045729,4107.168,1.0,105,1766554.2,5907640.0
2308,3,0.09164000000000001,0.0916,3,60,East Tamaki Road,32724.0,16362.0,propagated,0.096,1258.303,1884.902,5563.824,588.344,0.105745,1685.584,1.0,106,1766487.7,5907636.6
2309,1,0.01148,0.0115,3,60,East Tamaki Road,32724.0,16362.0,propagated,0.096,1258.303,1884.902,5563.824,595.814,0.107087,1683.053,1.0,107,1766436.4,5907631.2
2310,1,0.08348399999999999,0.0696,3,50,Sel Peacock Drive,13840.0,6920.0,propagated,0.096,532.176,797.184,2353.115,9.411,0.003999,793.996,1.0,3,1745254.8,5917829.7
2311,1,0.029663999999999996,0.0247,3,50,Sel Peacock Drive,13840.0,6920.0,propagated,0.096,532.176,797.184,2353.115,13.199,0.005609,792.712,1.0,4,1745288.1,5917796.4
2312,1,0.040799999999999996,0.034,3,50,Sel Peacock Drive,12252.0,6126.0,propagated,0.096,471.114,705.715,2083.118,13.199,0.006336,701.243,1.0,4,1745308.3,5917774.4
2313,1,0.027528,0.0229,3,50,Sel Peacock Drive,12252.0,6126.0,propagated,0.096,471.114,705.715,2083.118,17.38,0.008343,699.827,1.0,5,1745327.5,5917753.6
2314,1,0.027287999999999996,0.0227,3,50,Sel Peacock Drive,12252.0,6126.0,propagated,0.096,471.114,705.715,2083.118,21.677,0.010406,698.371,1.0,6,1745342.8,5917736.7
2315,1,0.089292,0.0744,3,50,Sel Peacock Drive,12252.0,6126.0,count,0.096,471.114,705.715,2083.118,26.14,0.012548,696.859,1.0,7,1745375.9,5917701.0
2316,1,0.020999999999999998,0.0175,3,50,Sel Peacock Drive,12252.0,6126.0,propagated,0.096,471.114,705.715,2083.118,31.629,0.015183,695.0,1.0,8,1745409.3,5917669.4
2317,2,0.081372,0.0678,3,50,Sel Peacock Drive,12252.0,6126.0,propagated,0.096,471.114,705.715,2083.118,37.176,0.017846,693.121,1.0,9,1745443.9,5917644.1
2318,5,0.10755599999999998,0.0896,3,50,Sel Peacock Drive,15177.0,7588.5,propagated,0.088357,583.586,804.597,2374.997,43.236,0.018205,789.95,1.0,10,1745508.7,5917599.7
2319,2,0.03606,0.03,3,50,Sel Peacock Drive,15177.0,7588.5,propagated,0.088357,583.586,804.597,2374.997,49.573,0.020873,787.803,1.0,11,1745556.5,5917564.9
2320,4,0.024155999999999997,0.0201,3,50,Alderman Drive,20137.0,10068.5,propagated,0.096,774.308,1159.891,3423.748,49.573,0.014479,1143.097,1.0,11,1745574.7,5917550.1
2321,1,0.022512,0.0188,3,50,Alderman Drive,20137.0,10068.5,propagated,0.096,774.308,1159.891,3423.748,56.19,0.016412,1140.855,1.0,12,1745586.8,5917537.6
2322,1,0.016050000000000002,0.0161,2,60,Albany Highway,28612.0,14306.0,default,0.096,1100.189,1648.051,4864.691,5.818,0.001196,1646.08,1.0,3,1752032.6,5930726.4
2323,1,0.004019999999999999,0.004,2,60,Albany Highway,28612.0,14306.0,default,0.096,1100.189,1648.051,4864.691,7.958,0.001636,1645.355,1.0,4,1752039.2,5930719.0
2324,2,0.025079999999999998,0.0251,2,60,Entry 2 Albany Highway,8816.0,4408.0,count,0.096,338.993,507.802,1498.922,7.958,0.005309,505.106,1.0,4,1752047.5,5930727.9
2325,2,0.2391525,0.3189,2,80,Entry 2 Albany Highway,8816.0,4408.0,propagated,0.096,338.993,507.802,1498.922,27.171,0.018127,498.597,1.0,11,1752172.0,5930845.9
2326,1,0.010464000000000001,0.0087,4,50,Te Atatu Road,24847.0,12423.5,propagated,0.096,955.417,1431.187,4224.555,3.051,0.000722,1430.153,1.0,1,1747218.4,5920557.1
2327,1,0.037308,0.0311,4,50,Te Atatu Road,24847.0,12423.5,propagated,0.096,955.417,1431.187,4224.555,50.353,0.011919,1414.129,1.0,12,1747212.8,5920541.6
2328,1,0.19580399999999998,0.1632,4,50,Te Atatu Road,23375.0,11687.5,count,0.096,898.816,1346.4,3974.282,50.353,0.01267,1329.342,1.0,12,1747204.5,5920444.7
2329,2,0.196236,0.1635,4,50,Te Atatu Road,16020.0,8010.0,count,0.096,616.001,922.752,2723.765,50.353,0.018487,905.694,1.0,12,1747192.3,5920281.8
2330,1,0.11542799999999999,0.0962,4,50,Te Atatu Road,16020.0,8010.0,propagated,0.096,616.001,922.752,2723.765,55.152,0.020248,904.068,1.0,13,1747182.3,5920152.7
2331,3,0.162684,0.1356,4,50,Te Atatu Road,27996.0,13998.0,propagated,0.09162,1076.502,1538.996,4542.784,60.636,0.013348,1518.454,1.0,14,1747190.7,5920038.0
2332,2,0.017532,0.0146,4,50,Te Atatu Road,27996.0,13998.0,propagated,0.09162,1076.502,1538.996,4542.784,67.013,0.014752,1516.293,1.0,15,1747215.6,5919968.3
2333,1,0.009504,0.0079,4,50,Te Atatu Road,27996.0,13998.0,propagated,0.09162,1076.502,1538.996,4542.784,73.514,0.016183,1514.091,1.0,16,1747218.8,5919957.8
2334,1,0.083352,0.1389,4,100,Entry 14 Te Atatu Road,13184.0,6592.0,propagated,0.096,506.951,759.398,2241.579,73.514,0.032796,734.493,1.0,16,1747247.0,5919890.9
2335,2,0.4046519999999999,0.3372,4,50,Greenhithe Road,3152.0,1576.0,count,0.14467,121.201,273.6,807.608,5.333,0.006603,271.793,1.0,1,1750886.4,5929220.0
2336,2,0.205104,0.1709,4,50,Greenhithe Road,3152.0,1576.0,propagated,0.14467,121.201,273.6,807.608,11.289,0.013978,269.776,1.0,2,1750636.2,5929187.3
2337,1,0.041022,0.0684,4,100,Exit 4 Greenhithe Road,8374.0,4187.0,propagated,0.096,321.997,482.342,1423.769,11.289,0.007929,478.518,1.0,2,1750529.8,5929187.5
2338,1,0.01758,0.0146,4,50,Campbell Road,12221.0,6110.5,count,0.096,469.922,703.93,2077.849,5.671,0.002729,702.009,1.0,1,1758246.0,5913421.8
2339,1,0.01236,0.0103,3,50,Manukau Road,16096.0,8048.0,propagated,0.096,618.923,927.13,2736.688,25.617,0.009361,918.452,1.0,4,1758237.6,5913424.6
2340,2,0.03966,0.033,3,50,Manukau Road,16096.0,8048.0,propagated,0.096,618.923,927.13,2736.688,38.089,0.013918,914.226,1.0,6,1758222.9,5913438.5
2341,3,0.03378,0.0282,3,50,Manukau Road,16096.0,8048.0,propagated,0.096,618.923,927.13,2736.688,44.33,0.016198,912.112,1.0,7,1758216.3,5913468.3
2342,2,0.04998,0.0416,3,50,Manukau Road,16096.0,8048.0,count,0.096,618.923,927.13,2736.688,50.075,0.018298,910.166,1.0,8,1758206.8,5913501.1
2343,1,0.046236,0.0385,2,50,Wellesley Street E,11952.0,5976.0,propagated,0.098394,459.578,705.603,2082.788,13.762,0.006607,700.941,1.0,2,1757749.2,5919708.0
2344,5,0.40310999999999997,0.4031,4,60,Chapel Road,17784.0,8892.0,count,0.096,683.83,1024.358,3023.684,13.821,0.004571,1019.676,1.0,4,1770385.0,5910048.9
2345,5,0.12436999999999998,0.1244,4,60,Chapel Road,19660.0,9830.0,propagated,0.096,755.966,1132.416,3342.648,13.821,0.004135,1127.734,1.0,4,1770448.1,5910305.3
2346,4,0.08059,0.0806,4,60,Chapel Road,19660.0,9830.0,propagated,0.096,755.966,1132.416,3342.648,16.979,0.00508,1126.664,1.0,5,1770472.6,5910404.7
2347,2,0.083088,0.0692,4,50,Glenmore Road,6588.0,3294.0,propagated,0.096,253.322,379.469,1120.111,7.631,0.006813,376.884,1.0,2,1768158.4,5914636.3
2348,4,0.399168,0.3326,4,50,Glenmore Road,5780.0,2890.0,count,0.142907,222.253,495.601,1462.907,7.631,0.005216,493.016,1.0,2,1768110.1,5914441.4
2349,2,0.067164,0.056,4,50,Glenmore Road,8394.0,4197.0,count,0.11949,322.766,601.799,1776.381,7.631,0.004296,599.214,1.0,2,1768062.8,5914252.6
2350,6,0.24227999999999997,0.2019,4,50,Glenmore Road,8394.0,4197.0,propagated,0.11949,322.766,601.799,1776.381,12.807,0.00721,597.46,1.0,3,1768030.5,5914128.0
2351,1,0.016572,0.0138,4,50,Glenmore Road,8394.0,4197.0,propagated,0.11949,322.766,601.799,1776.381,18.976,0.010682,595.37,1.0,4,1768004.9,5914023.4
2352,2,0.076944,0.0641,4,50,Glenmore Road,13404.0,6702.0,propagated,0.103104,515.411,829.204,2447.631,18.976,0.007753,822.775,1.0,4,1767995.5,5913985.3
2353,5,0.23065199999999997,0.1922,4,50,Glenmore Road,13404.0,6702.0,propagated,0.103104,515.411,829.204,2447.631,25.367,0.010364,820.61,1.0,5,1767965.5,5913861.0
2354,4,0.04033,0.0403,4,60,Glenmore Road,13404.0,6702.0,count,0.103104,515.411,829.204,2447.631,25.367,0.010364,820.61,1.0,5,1767937.3,5913748.4
2355,3,0.07226,0.0723,4,60,Glenmore Road,13404.0,6702.0,propagated,0.103104,515.411,829.204,2447.631,31.786,0.012986,818.436,1.0,6,1767922.4,5913693.9
2356,2,0.065385,0.0872,4,80,Bush Road,17632.0,8816.0,count,0.106114,677.986,1122.601,3313.676,9.578,0.00289,1119.356,1.0,2,1752509.4,5933295.7
2357,1,0.011364,0.0095,3,50,West Coast Road,5990.0,2995.0,propagated,0.096,230.327,345.024,1018.436,5.523,0.005423,343.153,1.0,1,1745057.3,5914097.8
2358,2,0.062016,0.0517,3,50,West Coast Road,5990.0,2995.0,propagated,0.096,230.327,345.024,1018.436,11.021,0.010821,341.29,1.0,2,1745080.6,5914080.5
2359,5,0.15486,0.129,3,50,West Coast Road,5498.0,2749.0,propagated,0.096,211.409,316.685,934.786,22.455,0.024022,309.078,1.0,5,1745166.4,5914055.0
2360,7,0.137244,0.1144,3,50,West Coast Road,5498.0,2749.0,count,0.096,211.409,316.685,934.786,27.143,0.029037,307.49,1.0,6,1745284.4,5914024.4
2361,3,0.077028,0.0642,3,50,West Coast Road,17987.0,8993.5,propagated,0.096,691.636,1036.051,3058.199,27.143,0.008875,1026.856,1.0,6,1745370.7,5914001.1
2362,2,0.214296,0.1786,3,50,West Coast Road,17987.0,8993.5,count,0.096,691.636,1036.051,3058.199,30.672,0.010029,1025.66,1.0,7,1745487.9,5913970.4
2363,3,0.048048,0.04,3,50,West Coast Road,17987.0,8993.5,propagated,0.096,691.636,1036.051,3058.199,33.74,0.011033,1024.621,1.0,8,1745593.6,5913942.9
2364,9,0.5048999999999999,0.4208,3,50,West Coast Road,19585.0,9792.5,count,0.096,753.082,1128.096,3329.896,33.74,0.010132,1116.666,1.0,8,1745820.7,5913957.8
2365,1,0.014052,0.0117,1,50,Exit 16 Lincoln Road,34082.0,17041.0,propagated,0.096,1310.521,1963.123,5794.715,3.668,0.000633,1961.88,1.0,1,1745469.2,5920680.7
2366,1,0.01308,0.0131,4,60,Chapel Road,21395.0,10697.5,propagated,0.096,822.681,1232.352,3637.637,6.603,0.001815,1230.115,1.0,2,1770328.1,5909818.8
2367,2,0.02931,0.0293,4,60,Chapel Road,21395.0,10697.5,propagated,0.096,822.681,1232.352,3637.637,10.236,0.002814,1228.884,1.0,3,1770332.6,5909839.3
2368,2,0.022355999999999997,0.0186,2,50,Great South Road,14754.0,7377.0,propagated,0.096,567.321,849.83,2508.515,1.88,0.000749,849.193,1.0,1,1768523.2,5901292.8
2369,2,0.14589599999999997,0.1216,2,50,Great South Road,14701.0,7350.5,count,0.096,565.283,846.778,2499.506,1.88,0.000752,846.141,1.0,1,1768487.1,5901352.9
2370,4,0.147012,0.1225,2,50,Great South Road,17716.0,8858.0,count,0.085347,681.216,907.204,2677.87,1.88,0.000702,906.567,1.0,1,1768438.4,5901464.0
2371,5,0.282024,0.235,2,50,Great South Road,20071.0,10035.5,count,0.082158,771.77,989.396,2920.483,1.88,0.000644,988.759,1.0,1,1768399.4,5901638.7
2372,6,0.223416,0.1862,2,50,Great South Road,21148.0,10574.0,count,0.078542,813.183,996.604,2941.76,1.88,0.000639,995.967,1.0,1,1768354.4,5901844.4
2373,3,0.068616,0.0572,2,50,Great South Road,21148.0,10574.0,propagated,0.078542,813.183,996.604,2941.76,3.604,0.001225,995.383,1.0,2,1768328.4,5901963.1
2374,2,0.07518,0.0626,4,50,Portage Road,10211.0,5105.5,propagated,0.096,392.633,588.154,1736.104,3.79,0.002183,586.87,1.0,1,1750660.8,5912834.9
2375,3,0.056147999999999997,0.0468,4,50,Portage Road,10211.0,5105.5,propagated,0.096,392.633,588.154,1736.104,44.974,0.025905,572.918,1.0,12,1750652.3,5912888.2
2376,7,0.4816559999999999,0.4014,4,50,Portage Road,9131.0,4565.5,count,0.096,351.105,525.946,1552.479,44.974,0.028969,510.71,1.0,12,1750629.0,5913111.1
2377,4,0.435156,0.3626,4,50,Portage Road,11193.0,5596.5,count,0.096,430.393,644.717,1903.065,44.974,0.023632,629.481,1.0,12,1750542.2,5913482.7
2378,7,0.165264,0.1377,4,50,Portage Road,11193.0,5596.5,propagated,0.096,430.393,644.717,1903.065,48.006,0.025226,628.454,1.0,13,1750501.9,5913728.5
2379,2,0.011184,0.0093,4,50,Portage Road,11193.0,5596.5,propagated,0.096,430.393,644.717,1903.065,59.972,0.031513,624.4,1.0,17,1750510.4,5913800.9
2380,5,0.15782399999999996,0.1315,4,50,Portage Road,8973.0,4486.5,propagated,0.096,345.03,516.845,1525.615,59.972,0.03931,496.528,1.0,17,1750537.4,5913865.8
2381,3,0.152808,0.1273,4,50,Portage Road,8973.0,4486.5,propagated,0.096,345.03,516.845,1525.615,63.091,0.041354,495.471,1.0,18,1750587.0,5913985.6
2382,9,0.41502,0.3458,4,50,Portage Road,8973.0,4486.5,count,0.096,345.03,516.845,1525.615,67.918,0.044518,493.836,1.0,19,1750603.1,5914217.4
2383,6,0.214704,0.1789,4,50,Portage Road,10942.0,5471.0,propagated,0.096,420.742,630.259,1860.389,67.918,0.036507,607.25,1.0,19,1750491.6,5914452.3
2384,1,0.041979999999999996,0.042,4,60,Lambie Drive,22554.0,11277.0,propagated,0.096,867.246,1299.11,3834.692,8.585,0.002239,1296.202,1.0,1,1766696.8,5904210.9
2385,3,0.08549000000000001,0.0855,4,60,Lambie Drive,22554.0,11277.0,propagated,0.096,867.246,1299.11,3834.692,16.799,0.004381,1293.419,1.0,2,1766690.6,5904274.4
2386,10,0.24117,0.2412,4,60,Lambie Drive,22554.0,11277.0,count,0.096,867.246,1299.11,3834.692,23.456,0.006117,1291.164,1.0,3,1766733.3,5904429.3
2387,5,0.1021,0.1021,4,60,Lambie Drive,22554.0,11277.0,propagated,0.096,867.246,1299.11,3834.692,27.015,0.007045,1289.958,1.0,4,1766738.0,5904599.2
2388,2,0.05095,0.0509,4,60,Cavendish Drive,59374.0,29687.0,propagated,0.096,2283.049,3419.942,10094.931,30.41,0.003012,3409.64,1.0,5,1766749.9,5904667.6
2389,9,0.21219,0.2122,2,60,Cavendish Drive,59374.0,29687.0,count,0.096,2283.049,3419.942,10094.931,30.41,0.003012,3409.64,1.0,5,1766877.0,5904694.6
2390,1,0.054520000000000006,0.0545,2,60,Cavendish Drive,59374.0,29687.0,propagated,0.096,2283.049,3419.942,10094.931,33.042,0.003273,3408.748,1.0,6,1767008.1,5904719.0
2391,7,0.18396999999999997,0.184,2,60,Cavendish Drive,16150.0,8075.0,count,0.096,621.0,930.24,2745.868,33.042,0.012033,919.046,1.0,6,1767120.6,5904757.7
2392,12,0.26499,0.265,2,60,Cavendish Drive,31056.0,15528.0,count,0.099691,1194.165,1857.602,5483.24,33.414,0.006094,1846.282,1.0,7,1767314.0,5904869.4
2393,1,0.012060000000000001,0.0121,2,60,Te Irirangi Drive,33404.0,16702.0,propagated,0.111903,1284.451,2242.805,6620.276,33.414,0.005047,2231.485,1.0,7,1767439.4,5904928.2
2394,1,0.0121,0.0121,2,60,Great South Road,25127.0,12563.5,propagated,0.096,966.183,1447.315,4272.162,37.29,0.008729,1434.682,1.0,8,1767441.3,5904935.4
2395,2,0.06756999999999999,0.0676,4,60,Accent Drive,15268.0,7634.0,propagated,0.105777,587.085,969.002,2860.285,13.504,0.004721,964.427,1.0,2,1769772.2,5908328.2
2396,7,0.24153,0.2415,4,60,Accent Drive,15268.0,7634.0,count,0.105777,587.085,969.002,2860.285,20.828,0.007282,961.946,1.0,3,1769718.1,5908468.6
2397,2,0.052852500000000004,0.0705,2,80,Te Irirangi Drive,30206.0,15103.0,propagated,0.07568,1161.481,1371.594,4048.649,20.828,0.005144,1364.538,1.0,3,1769601.5,5908441.0
2398,2,0.12459,0.1661,2,80,Te Irirangi Drive,30206.0,15103.0,propagated,0.07568,1161.481,1371.594,4048.649,26.551,0.006558,1362.599,1.0,4,1769572.8,5908326.6
2399,8,0.243705,0.3249,2,80,Te Irirangi Drive,30206.0,15103.0,count,0.07568,1161.481,1371.594,4048.649,32.422,0.008008,1360.61,1.0,5,1769501.1,5908091.9
2400,3,0.0910875,0.1214,2,80,Te Irirangi Drive,30206.0,15103.0,propagated,0.07568,1161.481,1371.594,4048.649,35.898,0.008867,1359.433,1.0,6,1769437.2,5907878.1
2401,9,0.23498249999999998,0.3133,2,80,Te Irirangi Drive,30206.0,15103.0,propagated,0.07568,1161.481,1371.594,4048.649,40.138,0.009914,1357.996,1.0,7,1769383.8,5907667.5
2402,1,0.017205,0.0229,2,80,Te Irirangi Drive,34528.0,17264.0,propagated,0.08706,1327.671,1803.605,5323.853,40.138,0.007539,1790.007,1.0,7,1769340.2,5907504.9
2403,1,0.020775000000000002,0.0277,2,80,Te Irirangi Drive,34528.0,17264.0,propagated,0.08706,1327.671,1803.605,5323.853,45.203,0.008491,1788.291,1.0,8,1769334.4,5907480.6
2404,3,0.060989999999999996,0.061,3,60,Ormiston Road,27500.0,13750.0,propagated,0.096,1057.43,1584.0,4675.626,50.502,0.010801,1566.891,1.0,9,1769302.0,5907474.3
2405,2,0.028720000000000002,0.0287,3,60,Ormiston Road,27500.0,13750.0,propagated,0.096,1057.43,1584.0,4675.626,86.454,0.01849,1554.711,1.0,16,1769258.9,5907486.7
2406,2,0.039990000000000005,0.04,3,60,Ormiston Road,27500.0,13750.0,propagated,0.096,1057.43,1584.0,4675.626,90.135,0.019278,1553.464,1.0,17,1769225.2,5907492.7
2407,5,0.034725,0.0463,3,80,Coatesville-Riverhead Highway,6727.0,3363.5,propagated,0.096,258.667,387.475,1143.743,14.346,0.012543,382.615,1.0,4,1748952.2,5935896.5
2408,15,0.51327,0.6844,2,80,Dairy Flat Highway,9306.0,4653.0,propagated,0.096,357.834,536.026,1582.233,14.346,0.009067,531.166,1.0,4,1749274.8,5935758.7
2409,1,0.061967999999999995,0.0516,3,50,Tripoli Road,8706.0,4353.0,propagated,0.096,334.763,501.466,1480.219,18.898,0.012767,495.064,1.0,5,1765605.8,5914659.9
2410,2,0.12385199999999999,0.1032,3,50,Tripoli Road,8706.0,4353.0,propagated,0.096,334.763,501.466,1480.219,24.578,0.016604,493.14,1.0,6,1765560.1,5914596.9
2411,3,0.0933,0.0778,3,50,Tripoli Road,8706.0,4353.0,propagated,0.096,334.763,501.466,1480.219,31.229,0.021098,490.886,1.0,7,1765517.0,5914517.3
2412,2,0.052079999999999994,0.0434,3,50,Kings Road,15105.5,7552.75,default,0.096,580.837,870.077,2568.28,38.738,0.015083,856.953,1.0,8,1765481.5,5914480.3
2413,2,0.015804,0.0132,3,50,Queens Road,26942.0,13471.0,propagated,0.096,1035.974,1551.859,4580.753,46.101,0.010064,1536.241,1.0,9,1765454.3,5914481.9
2414,1,0.055104,0.0459,3,50,Queens Road,26942.0,13471.0,propagated,0.096,1035.974,1551.859,4580.753,68.794,0.015018,1528.553,1.0,12,1765434.5,5914497.5
2415,1,0.023136,0.0193,3,50,Queens Road,26942.0,13471.0,propagated,0.096,1035.974,1551.859,4580.753,76.611,0.016725,1525.905,1.0,13,1765409.1,5914518.3
2416,1,0.0567,0.0472,3,50,Queens Road,26942.0,13471.0,propagated,0.096,1035.974,1551.859,4580.753,84.65,0.018479,1523.181,1.0,14,1765383.3,5914539.3
2417,1,0.06784799999999999,0.0565,3,50,Queens Road,26942.0,13471.0,count,0.096,1035.974,1551.859,4580.753,92.928,0.020287,1520.377,1.0,15,1765343.6,5914572.6
2418,1,0.057227999999999994,0.0477,3,50,Queens Road,16090.0,8045.0,count,0.096,618.693,926.784,2735.666,92.928,0.033969,895.302,1.0,15,1765303.4,5914605.2
2419,2,0.2193,0.1828,3,50,Queens Road,29400.0,14700.0,count,0.105714,1130.489,1864.795,5504.472,92.928,0.016882,1833.313,1.0,15,1765198.7,5914649.6
2420,6,0.227544,0.1896,3,50,Queens Road,8114.0,4057.0,count,0.096,312.0,467.366,1379.564,101.079,0.073269,433.123,1.0,16,1765021.1,5914706.2
2421,1,0.009647999999999999,0.008,3,50,Ellerslie-Panmure Highway,20956.0,10478.0,propagated,0.096,805.8,1207.066,3562.998,101.079,0.028369,1172.823,1.0,16,1764934.2,5914731.2
2422,1,0.095772,0.0798,4,50,Neilson Street,27284.0,13642.0,propagated,0.093425,1049.124,1529.405,4514.474,12.54,0.002778,1525.157,1.0,3,1760454.4,5911822.5
2423,3,0.145968,0.1216,4,50,Neilson Street,25423.0,12711.5,propagated,0.093695,977.565,1429.205,4218.705,12.54,0.002972,1424.957,1.0,3,1760554.3,5911834.6
2424,4,0.150456,0.1254,4,50,Neilson Street,25423.0,12711.5,count,0.093695,977.565,1429.205,4218.705,15.75,0.003733,1423.869,1.0,4,1760677.2,5911848.8
2425,6,0.184008,0.1533,4,50,Neilson Street,21554.0,10777.0,count,0.090285,828.794,1167.602,3446.509,15.75,0.00457,1162.266,1.0,4,1760815.5,5911866.0
2426,2,0.05195999999999999,0.0433,4,50,Neilson Street,21554.0,10777.0,propagated,0.090285,828.794,1167.602,3446.509,18.972,0.005505,1161.175,1.0,5,1760913.3,5911876.3
2427,2,0.08971199999999999,0.0748,3,50,Esmonde Road,33269.0,16634.5,propagated,0.096,1279.26,1916.294,5656.486,3.834,0.000678,1914.995,1.0,2,1758416.7,5926559.1
2428,2,0.059988,0.05,2,50,Mount Wellington Highway,35480.0,17740.0,propagated,0.096,1364.277,2043.648,6032.408,23.899,0.003962,2035.552,1.0,8,1763809.0,5912957.1
2429,3,0.079692,0.0664,2,50,Mount Wellington Highway,35480.0,17740.0,propagated,0.096,1364.277,2043.648,6032.408,28.351,0.0047,2034.043,1.0,10,1763819.4,5912899.3
2430,5,0.071412,0.0595,2,50,Mount Wellington Highway,24080.0,12040.0,propagated,0.096,925.924,1387.008,4094.148,28.351,0.006925,1377.403,1.0,10,1763830.1,5912837.4
2431,3,0.19597199999999998,0.1633,2,50,Mount Wellington Highway,24080.0,12040.0,propagated,0.096,925.924,1387.008,4094.148,31.03,0.007579,1376.496,1.0,11,1763850.7,5912728.0
2432,10,0.292038,0.4867,2,100,Exit 438 Mount Wellington Highway,19316.0,9658.0,count,0.096,742.739,1112.602,3284.161,31.03,0.009448,1102.09,1.0,11,1763654.8,5912715.8
2433,3,0.012797999999999997,0.0213,2,100,Exit 438 Mount Wellington Highway,19316.0,9658.0,propagated,0.096,742.739,1112.602,3284.161,33.853,0.010308,1101.133,1.0,12,1763411.7,5912787.3
2434,2,0.08256,0.0688,2,50,Grafton Road Entry,6818.0,3409.0,propagated,0.096,262.166,392.717,1159.216,5.825,0.005025,390.744,1.0,1,1757725.4,5919597.5
2435,1,0.016523999999999997,0.0138,2,50,Grafton Road Entry,6818.0,3409.0,propagated,0.096,262.166,392.717,1159.216,10.914,0.009415,389.02,1.0,2,1757758.0,5919622.4
2436,4,0.319305,0.4257,3,80,Trig Road,4122.0,2061.0,count,0.096,158.499,237.427,700.833,7.327,0.010455,234.945,1.0,3,1744393.2,5925402.7
2437,3,0.033990000000000006,0.0453,3,80,Trig Road,4122.0,2061.0,propagated,0.096,158.499,237.427,700.833,11.684,0.016672,233.469,1.0,4,1744360.4,5925172.1
2438,2,0.054277500000000006,0.0724,3,80,Trig Road,4122.0,2061.0,propagated,0.096,158.499,237.427,700.833,16.414,0.023421,231.866,1.0,5,1744385.2,5925119.3
2439,5,0.12578399999999998,0.1048,3,50,Akoranga Drive,14477.0,7238.5,propagated,0.096,556.67,833.875,2461.419,6.803,0.002764,831.57,1.0,1,1756179.7,5926567.5
2440,1,0.10101600000000001,0.0842,3,50,Akoranga Drive,14477.0,7238.5,propagated,0.096,556.67,833.875,2461.419,12.792,0.005197,829.541,1.0,2,1756255.5,5926511.2
2441,2,0.12108000000000001,0.1009,3,50,Akoranga Drive,14477.0,7238.5,propagated,0.096,556.67,833.875,2461.419,19.562,0.007947,827.248,1.0,3,1756329.0,5926455.8
2442,1,0.1329,0.1108,3,50,Akoranga Drive,14610.0,7305.0,propagated,0.116769,561.784,1023.597,3021.437,23.002,0.007613,1015.804,1.0,4,1756409.2,5926387.3
2443,2,0.01842,0.0154,3,50,Akoranga Drive,14610.0,7305.0,propagated,0.116769,561.784,1023.597,3021.437,26.105,0.00864,1014.753,1.0,5,1756453.9,5926342.7
2444,5,0.251652,0.2097,3,50,Akoranga Drive,14610.0,7305.0,propagated,0.116769,561.784,1023.597,3021.437,29.194,0.009662,1013.707,1.0,6,1756534.5,5926264.9
2445,9,0.28119000000000005,0.2812,4,60,Chapel Road,17558.0,8779.0,count,0.106561,675.14,1122.599,3313.67,13.931,0.004204,1117.879,1.0,2,1769962.9,5908305.4
2446,1,0.02543,0.0254,4,60,Chapel Road,17558.0,8779.0,propagated,0.106561,675.14,1122.599,3313.67,20.25,0.006111,1115.739,1.0,3,1769926.0,5908156.9
2447,1,0.02794,0.0279,4,60,Chapel Road,17558.0,8779.0,propagated,0.106561,675.14,1122.599,3313.67,27.554,0.008315,1113.264,1.0,4,1769920.0,5908131.0
2448,3,0.03,0.03,4,60,Chapel Road,17558.0,8779.0,propagated,0.106561,675.14,1122.599,3313.67,48.3,0.014576,1106.236,1.0,8,1769914.1,5908102.2
2449,2,0.59445,0.5944,4,60,Chapel Road,18177.0,9088.5,count,0.096,698.942,1046.995,3090.503,55.538,0.017971,1028.18,1.0,9,1769842.2,5907798.2
2450,1,0.015179999999999999,0.0152,4,60,Chapel Road,18518.0,9259.0,propagated,0.096,712.054,1066.637,3148.482,55.538,0.01764,1047.822,1.0,9,1769784.6,5907505.8
2451,3,0.09682,0.0968,4,60,Chapel Road,18518.0,9259.0,count,0.096,712.054,1066.637,3148.482,62.75,0.01993,1045.379,1.0,10,1769761.3,5907455.1
2452,1,0.10897,0.109,4,60,,14258.0,7129.0,default,0.096,548.249,821.261,2424.185,62.75,0.025885,800.003,1.0,10,1769708.9,5907377.7
2453,3,0.28036799999999995,0.2336,3,50,Buckland Road,14139.0,7069.5,count,0.096,543.673,814.406,2403.951,11.505,0.004786,810.508,1.0,2,1761097.5,5907415.7
2454,1,0.013307999999999999,0.0111,3,50,Robertson Road,16415.0,8207.5,propagated,0.096,631.19,945.504,2790.924,11.505,0.004122,941.606,1.0,2,1760996.5,5907352.2
2455,4,0.074352,0.062,4,50,Robertson Road,16415.0,8207.5,propagated,0.096,631.19,945.504,2790.924,11.505,0.004122,941.606,1.0,2,1760965.4,5907369.2
2456,1,0.12020399999999999,0.1002,4,50,Robertson Road,16415.0,8207.5,count,0.096,631.19,945.504,2790.924,20.949,0.007506,938.407,1.0,4,1760923.0,5907435.5
2457,2,0.26754,0.223,4,50,Robertson Road,16738.0,8369.0,count,0.096,643.61,964.109,2845.842,25.995,0.009134,955.302,1.0,5,1760864.8,5907586.4
2458,2,0.28993199999999997,0.2416,4,50,Robertson Road,16427.0,8213.5,propagated,0.096,631.651,946.195,2792.963,25.995,0.009307,937.388,1.0,5,1760790.0,5907805.8
2459,5,0.299028,0.2492,4,50,Robertson Road,16427.0,8213.5,count,0.096,631.651,946.195,2792.963,28.963,0.01037,936.383,1.0,6,1760722.3,5908041.7
2460,9,0.486732,0.4056,4,50,Robertson Road,16033.0,8016.5,count,0.096,616.501,923.501,2725.976,28.963,0.010625,913.689,1.0,6,1760627.9,5908355.6
2461,2,0.058896000000000004,0.0491,4,50,Robertson Road,11538.0,5769.0,propagated,0.096,443.659,664.589,1961.723,28.963,0.014764,654.777,1.0,6,1760563.3,5908573.6
2462,9,0.338424,0.282,4,50,Robertson Road,11538.0,5769.0,count,0.096,443.659,664.589,1961.723,33.437,0.017045,653.261,1.0,7,1760515.8,5908732.1
2463,3,0.059609999999999996,0.0596,4,60,Robertson Road,11538.0,5769.0,propagated,0.096,443.659,664.589,1961.723,33.437,0.017045,653.261,1.0,7,1760467.5,5908895.7
2464,1,0.09664,0.0966,3,60,Walmsley Road,25313.0,12656.5,propagated,0.084423,973.335,1282.2,3784.778,43.411,0.01147,1267.493,1.0,9,1760412.2,5908910.5
2465,5,0.16235,0.1624,3,60,Walmsley Road,25313.0,12656.5,count,0.084423,973.335,1282.2,3784.778,49.731,0.01314,1265.352,1.0,10,1760288.0,5908875.1
2466,5,0.14697,0.147,3,60,Walmsley Road,25313.0,12656.5,propagated,0.084423,973.335,1282.2,3784.778,57.449,0.015179,1262.738,1.0,11,1760138.8,5908835.0
2467,4,0.027336,0.0228,1,50,19,25072.0,12536.0,default,0.096,964.069,1444.147,4262.81,1.71,0.000401,1443.568,1.0,1,1746521.4,5916509.1
2468,1,0.004272,0.0036,1,50,19,25072.0,12536.0,default,0.096,964.069,1444.147,4262.81,3.421,0.000803,1442.988,1.0,2,1746533.8,5916509.9
2469,3,0.053939999999999995,0.0449,4,50,Te Atatu Road,15959.0,7979.5,propagated,0.096,613.655,919.238,2713.392,3.421,0.001261,918.079,1.0,2,1746552.6,5916523.3
2470,5,0.068964,0.0575,4,50,Te Atatu Road,15959.0,7979.5,count,0.096,613.655,919.238,2713.392,8.667,0.003194,916.302,1.0,5,1746581.2,5916565.1
2471,2,0.272208,0.2268,4,50,Te Atatu Road,18707.0,9353.5,count,0.096,719.322,1077.523,3180.615,8.667,0.002725,1074.587,1.0,5,1746641.9,5916692.8
2472,5,0.39472799999999997,0.3289,4,50,Te Atatu Road,19605.0,9802.5,count,0.096,753.851,1129.248,3333.296,8.667,0.0026,1126.312,1.0,5,1746679.3,5916967.5
2473,3,0.25608,0.2134,4,50,Te Atatu Road,20324.0,10162.0,count,0.096,781.498,1170.662,3455.542,8.667,0.002508,1167.726,1.0,5,1746720.7,5917235.3
2474,3,0.301236,0.251,4,50,Te Atatu Road,20483.0,10241.5,count,0.096,787.612,1179.821,3482.577,8.667,0.002489,1176.885,1.0,5,1746757.2,5917464.8
2475,6,0.26699999999999996,0.2225,4,50,Te Atatu Road,40805.0,20402.5,count,0.096,1569.034,2350.368,6937.779,8.667,0.001249,2347.432,1.0,5,1746728.0,5917693.7
2476,5,0.24598799999999998,0.205,4,50,Te Atatu Road,24648.0,12324.0,count,0.096,947.765,1419.725,4190.722,8.667,0.002068,1416.789,1.0,5,1746647.6,5917891.6
2477,5,0.258768,0.2156,4,50,Te Atatu Road,25296.0,12648.0,count,0.096,972.682,1457.05,4300.897,8.667,0.002015,1454.114,1.0,5,1746691.2,5918092.4
2478,5,0.24657600000000002,0.2055,4,50,Te Atatu Road,16250.0,8125.0,count,0.096,624.845,936.0,2762.87,8.667,0.003137,933.064,1.0,5,1746757.0,5918292.3
2479,2,0.033288,0.0277,4,50,Te Atatu Road,24946.0,12473.0,propagated,0.077728,959.224,1163.402,3434.112,8.667,0.002524,1160.466,1.0,5,1746794.2,5918402.6
2480,1,0.239388,0.1995,4,50,Te Atatu Road,24946.0,12473.0,count,0.077728,959.224,1163.402,3434.112,13.703,0.00399,1158.76,1.0,6,1746822.9,5918512.2
2481,9,0.27114,0.226,4,50,Te Atatu Road,20693.0,10346.5,count,0.096,795.687,1191.917,3518.282,13.703,0.003895,1187.275,1.0,6,1746818.5,5918724.8
2482,2,0.23959200000000003,0.1997,4,50,Tennessee Avenue,8954.0,4477.0,count,0.096,344.299,515.75,1522.383,3.186,0.002093,514.671,1.0,1,1762270.0,5908035.8
2483,2,0.1878,0.1565,4,50,Tennessee Avenue,5884.0,2942.0,propagated,0.096,226.252,338.918,1000.413,3.186,0.003185,337.839,1.0,1,1762432.7,5907963.7
2484,3,0.237732,0.1981,4,50,Tennessee Avenue,5884.0,2942.0,count,0.096,226.252,338.918,1000.413,6.612,0.006609,336.678,1.0,2,1762597.4,5907898.1
2485,6,0.343476,0.2862,4,50,Tennessee Avenue,5794.0,2897.0,count,0.096,222.791,333.734,985.111,9.034,0.009171,330.673,1.0,3,1762822.4,5907808.3
2486,11,0.36146399999999995,0.3012,2,50,Massey Road,23143.0,11571.5,count,0.096,889.895,1333.037,3934.838,15.473,0.003932,1327.795,1.0,5,1763034.1,5907883.5
2487,2,0.078888,0.0657,2,50,Massey Road,28460.0,14230.0,propagated,0.096,1094.344,1639.296,4838.848,15.473,0.003198,1634.054,1.0,5,1763130.8,5908039.4
2488,3,0.053531999999999996,0.0446,2,50,Massey Road,28460.0,14230.0,propagated,0.096,1094.344,1639.296,4838.848,19.671,0.004065,1632.632,1.0,6,1763159.1,5908086.7
2489,2,0.018576,0.0155,2,50,Massey Road,28460.0,14230.0,propagated,0.096,1094.344,1639.296,4838.848,23.919,0.004943,1631.193,1.0,7,1763174.7,5908111.9
2490,3,0.048347999999999995,0.0403,2,50,Massey Road,28460.0,14230.0,propagated,0.096,1094.344,1639.296,4838.848,27.971,0.005781,1629.82,1.0,8,1763190.1,5908135.7
2491,2,0.0636,0.053,2,50,Massey Road,28460.0,14230.0,count,0.096,1094.344,1639.296,4838.848,31.783,0.006568,1628.529,1.0,9,1763213.6,5908176.2
2492,4,0.068916,0.0574,2,50,Massey Road,28460.0,14230.0,propagated,0.096,1094.344,1639.296,4838.848,35.266,0.007288,1627.349,1.0,10,1763242.4,5908223.2
2493,2,0.051336,0.0428,2,50,Massey Road,28460.0,14230.0,propagated,0.096,1094.344,1639.296,4838.848,45.062,0.009313,1624.03,1.0,13,1763268.8,5908265.9
2494,5,0.22466399999999997,0.1872,2,50,Massey Road,23837.0,11918.5,count,0.096,916.58,1373.011,4052.832,45.062,0.011119,1357.745,1.0,13,1763330.2,5908363.1
2495,2,0.039084,0.0326,2,50,Mangere Road,30299.0,15149.5,propagated,0.096,1165.057,1745.222,5151.519,45.062,0.008747,1729.956,1.0,13,1763387.8,5908456.7
2496,1,0.072888,0.0607,4,50,Wiseley Road,2724.0,1362.0,propagated,0.096,104.743,156.902,463.141,19.52,0.042147,150.289,1.0,4,1746285.5,5924925.9
2497,4,0.090168,0.0751,4,50,Wiseley Road,2724.0,1362.0,count,0.096,104.743,156.902,463.141,24.474,0.052844,148.611,1.0,5,1746221.3,5924903.2
2498,5,0.5207280000000001,0.4339,4,50,Marina View Drive,3174.0,1587.0,count,0.096,122.047,182.822,539.651,24.474,0.045352,174.531,1.0,5,1746016.0,5925020.8
2499,3,0.18525599999999998,0.1544,2,50,Hobsonville Road,6723.0,3361.5,propagated,0.122713,258.513,495.0,1461.133,26.79,0.018335,485.924,1.0,6,1745823.5,5925112.1
2500,7,0.46569599999999994,0.3881,2,50,Hobsonville Road,11763.0,5881.5,count,0.096,452.311,677.549,1999.978,26.79,0.013395,668.473,1.0,6,1745683.0,5924883.0
2501,11,0.44616,0.3718,2,50,Hobsonville Road,13301.0,6650.5,count,0.096,511.45,766.138,2261.474,26.79,0.011846,757.062,1.0,6,1745533.8,5924543.4
2502,11,0.44485199999999997,0.3707,2,50,Hobsonville Road,13301.0,6650.5,propagated,0.096,511.45,766.138,2261.474,29.141,0.012886,756.266,1.0,7,1745182.2,5924425.3
2503,10,0.740556,0.6171,2,50,Hobsonville Road,16432.0,8216.0,count,0.096,631.843,946.483,2793.814,29.141,0.010431,936.611,1.0,7,1744726.5,5924239.3
2504,10,0.41816399999999987,0.3485,2,50,Hobsonville Road,17652.0,8826.0,count,0.096,678.755,1016.755,3001.241,29.141,0.00971,1006.883,1.0,7,1744273.9,5924098.7
2505,2,0.133164,0.111,2,50,Entry 19 Hobsonville Road,14312.0,7156.0,propagated,0.096,550.325,824.371,2433.365,29.141,0.011976,814.499,1.0,7,1744057.0,5924058.8
2506,8,0.32930999999999994,0.5489,2,100,Entry 19 Hobsonville Road,14312.0,7156.0,propagated,0.096,550.325,824.371,2433.365,29.141,0.011976,814.499,1.0,7,1744113.7,5923743.4
2507,7,0.152856,0.1274,4,50,Richardson Road,7949.0,3974.5,count,0.096,305.655,457.862,1351.51,45.831,0.033911,442.335,1.0,12,1753256.9,5914455.2
2508,2,0.071376,0.0595,4,50,Richardson Road,9747.0,4873.5,count,0.108546,374.792,634.799,1873.79,45.831,0.024459,619.272,1.0,12,1753221.2,5914541.7
2509,8,0.09738,0.0811,4,50,Richardson Road,9747.0,4873.5,propagated,0.108546,374.792,634.799,1873.79,51.523,0.027497,617.344,1.0,13,1753210.7,5914608.7
2510,1,0.010739999999999998,0.009,3,50,Cook Street,9950.0,4975.0,propagated,0.096,382.597,573.12,1691.727,4.888,0.002889,571.464,1.0,1,1772289.7,5914818.5
2511,5,0.126768,0.1056,3,50,Cook Street,8686.0,4343.0,count,0.096,333.994,500.314,1476.819,9.777,0.00662,497.002,1.0,2,1772285.1,5914873.4
2512,1,0.023639999999999998,0.0197,4,50,Don McKinnon Drive,12956.0,6478.0,propagated,0.10034,498.184,780.003,2302.401,12.849,0.005581,775.65,1.0,3,1752856.8,5933817.7
2513,3,0.20052,0.1671,4,50,Don McKinnon Drive,12956.0,6478.0,propagated,0.10034,498.184,780.003,2302.401,17.341,0.007532,774.128,1.0,4,1752794.4,5933752.2
2514,2,0.158748,0.1323,4,50,Puhinui Road,11880.0,5940.0,propagated,0.096,456.81,684.288,2019.871,17.743,0.008784,678.277,1.0,4,1766308.5,5905199.7
2515,3,0.07347599999999999,0.0612,4,50,Puhinui Road,11880.0,5940.0,count,0.096,456.81,684.288,2019.871,23.929,0.011847,676.181,1.0,5,1766398.3,5905235.7
2516,1,0.016056,0.0134,3,50,Puhinui Road,11880.0,5940.0,propagated,0.096,456.81,684.288,2019.871,23.929,0.011847,676.181,1.0,5,1766433.2,5905249.3
2517,1,0.028272,0.0236,4,50,Lambie Drive,19584.0,9792.0,propagated,0.096,753.044,1128.038,3329.725,30.449,0.009145,1117.723,1.0,6,1766446.6,5905243.4
2518,6,0.18686999999999998,0.1869,4,60,Lambie Drive,19584.0,9792.0,count,0.096,753.044,1128.038,3329.725,30.449,0.009145,1117.723,1.0,6,1766499.8,5905152.5
2519,3,0.08094000000000001,0.0809,4,60,Lambie Drive,19584.0,9792.0,propagated,0.096,753.044,1128.038,3329.725,37.133,0.011152,1115.458,1.0,7,1766566.6,5905036.4
2520,8,0.21303,0.213,4,60,Lambie Drive,19584.0,9792.0,propagated,0.096,753.044,1128.038,3329.725,43.124,0.012951,1113.429,1.0,8,1766639.7,5904908.8
2521,6,0.09361,0.0936,4,60,Lambie Drive,22554.0,11277.0,propagated,0.096,867.246,1299.11,3834.692,43.124,0.011246,1284.501,1.0,8,1766705.0,5904770.9
2522,1,0.05094,0.0509,4,60,Entry 2 Lambie Drive,11832.0,5916.0,propagated,0.096,454.964,681.523,2011.709,43.124,0.021437,666.914,1.0,8,1766731.5,5904705.1
2523,2,0.035736,0.0298,2,50,Swanson Road,21439.0,10719.5,propagated,0.099632,824.372,1281.606,3783.024,98.798,0.026116,1248.135,1.0,26,1743918.2,5919060.6
2524,3,0.11224799999999999,0.0935,2,50,Swanson Road,17870.0,8935.0,count,0.096,687.137,1029.312,3038.307,98.798,0.032517,995.841,1.0,26,1743939.4,5919002.6
2525,15,0.534192,0.4452,2,50,Swanson Road,15111.0,7555.5,count,0.096,581.048,870.394,2569.215,98.798,0.038455,836.923,1.0,26,1744025.8,5918747.7
2526,17,0.570216,0.4752,2,50,Swanson Road,18601.0,9300.5,count,0.096,715.246,1071.418,3162.595,98.798,0.03124,1037.947,1.0,26,1744247.8,5918353.7
2527,9,0.35873999999999995,0.299,2,50,Swanson Road,19081.0,9540.5,count,0.096,733.703,1099.066,3244.206,98.798,0.030454,1065.595,1.0,26,1744547.3,5918109.3
2528,3,0.16114799999999999,0.1343,2,50,Swanson Road,25693.0,12846.5,propagated,0.096,987.947,1479.917,4368.396,98.798,0.022617,1446.446,1.0,26,1744720.8,5917979.5
2529,1,0.014712,0.0123,1,50,Wolverton Street,26054.0,13027.0,propagated,0.096,1001.828,1500.71,4429.772,17.978,0.004058,1494.619,1.0,5,1751463.1,5914125.7
2530,4,0.108996,0.0908,1,50,Wolverton Street,30883.0,15441.5,propagated,0.096,1187.513,1778.861,5250.814,17.978,0.003424,1772.77,1.0,5,1751506.8,5914152.7
2531,2,0.07325999999999999,0.0611,1,50,Wolverton Street,8400.0,4200.0,count,0.096,322.997,483.84,1428.191,17.978,0.012588,477.749,1.0,5,1751568.8,5914195.3
2532,2,0.055055999999999994,0.0459,2,50,Blockhouse Bay Road,13401.0,6700.5,propagated,0.096,515.295,771.898,2278.476,37.284,0.016364,759.267,1.0,12,1751595.9,5914229.9
2533,1,0.082644,0.0689,4,50,Church Street,9593.0,4796.5,propagated,0.096,368.87,552.557,1631.029,5.499,0.003371,550.694,1.0,1,1759458.7,5912228.0
2534,2,0.24153599999999997,0.2013,4,50,Church Street,9632.0,4816.0,count,0.096,370.37,554.803,1637.659,5.499,0.003358,552.94,1.0,1,1759324.3,5912216.9
2535,3,0.184992,0.1542,4,50,Church Street,7919.0,3959.5,count,0.096,304.501,456.134,1346.409,5.499,0.004084,454.271,1.0,1,1759147.7,5912200.8
2536,3,0.050615999999999994,0.0422,4,50,Church Street,7919.0,3959.5,propagated,0.096,304.501,456.134,1346.409,12.089,0.008979,452.039,1.0,2,1759049.5,5912192.5
2537,7,0.156408,0.1303,4,50,Hayr Road,10866.0,5433.0,count,0.096,417.819,625.882,1847.469,98.431,0.053279,592.536,1.0,18,1756237.6,5913138.5
2538,2,0.08229600000000001,0.1372,3,100,Entry 2 Lambie Drive,14106.0,7053.0,propagated,0.096,542.404,812.506,2398.342,9.249,0.003856,809.373,1.0,1,1766688.7,5903834.8
2539,3,0.12447999999999998,0.1245,3,60,Entry 2 Lambie Drive,14106.0,7053.0,count,0.096,542.404,812.506,2398.342,9.249,0.003856,809.373,1.0,1,1766819.5,5903841.6
2540,1,0.1172,0.1172,3,60,Exit 2 Lambie Drive,13988.0,6994.0,propagated,0.096,537.867,805.709,2378.279,9.249,0.003889,802.576,1.0,1,1766936.8,5903867.2
2541,1,0.014119999999999999,0.0141,4,60,Lambie Drive,21132.0,10566.0,propagated,0.096,812.568,1217.203,3592.921,6.467,0.0018,1215.012,1.0,1,1766535.5,5905057.0
2542,7,0.15507000000000004,0.1551,4,60,Lambie Drive,21132.0,10566.0,count,0.096,812.568,1217.203,3592.921,12.405,0.003453,1213.0,1.0,2,1766577.5,5904983.4
2543,5,0.14905000000000002,0.149,4,60,Lambie Drive,21132.0,10566.0,propagated,0.096,812.568,1217.203,3592.921,17.741,0.004938,1211.193,1.0,3,1766653.6,5904851.7
2544,1,0.04051,0.0405,4,60,Lambie Drive,21132.0,10566.0,propagated,0.096,812.568,1217.203,3592.921,21.226,0.005908,1210.012,1.0,4,1766691.0,5904764.5
2545,1,0.04464,0.0446,4,60,Lambie Drive,8160.0,4080.0,propagated,0.096,313.768,470.016,1387.386,21.226,0.015299,462.825,1.0,4,1766703.5,5904723.7
2546,1,0.0201,0.0201,4,60,Lambie Drive,8160.0,4080.0,propagated,0.096,313.768,470.016,1387.386,24.784,0.017864,461.62,1.0,5,1766712.4,5904692.9
2547,1,0.01785,0.0178,3,60,Walmsley Road,17719.0,8859.5,propagated,0.096,681.331,1020.614,3012.632,27.46,0.009115,1011.311,1.0,3,1759838.2,5908749.5
2548,2,0.03862,0.0386,3,60,Walmsley Road,17719.0,8859.5,propagated,0.096,681.331,1020.614,3012.632,36.28,0.012043,1008.323,1.0,4,1759863.7,5908759.9
2549,1,0.03675,0.0368,3,60,Exit 10 Walmsley Road,12068.0,6034.0,propagated,0.096,464.039,695.117,2051.835,58.399,0.028462,675.333,1.0,7,1759878.4,5908783.1
2550,3,0.404376,0.337,3,50,The Parade,1705.0,852.5,count,0.096,65.561,98.208,289.889,4.29,0.014799,96.755,1.0,1,1769293.2,5918801.6
2551,3,0.21909599999999999,0.1826,3,50,The Parade,1705.0,852.5,propagated,0.096,65.561,98.208,289.889,7.683,0.026503,95.605,1.0,2,1769394.0,5918562.7
2552,1,0.11869199999999999,0.0989,3,50,The Parade,2283.0,1141.5,propagated,0.096,87.786,131.501,388.163,7.683,0.019793,128.898,1.0,2,1769467.1,5918441.9
2553,7,0.46244399999999997,0.3854,3,50,The Parade,2283.0,1141.5,count,0.096,87.786,131.501,388.163,10.777,0.027764,127.85,1.0,3,1769575.9,5918225.9
2554,2,0.42310799999999993,0.3526,3,50,The Parade,3030.0,1515.0,count,0.096,116.51,174.528,515.169,10.777,0.020919,170.877,1.0,3,1769679.5,5917874.4
2555,6,0.559764,0.4665,3,50,The Parade,2895.0,1447.5,count,0.096,111.319,166.752,492.216,10.777,0.021895,163.101,1.0,3,1769857.1,5917513.8
2556,1,0.10938,0.0912,3,50,Laings Road,3097.0,1548.5,propagated,0.096,119.086,178.387,526.56,10.777,0.020467,174.736,1.0,3,1769936.1,5917269.8
2557,1,0.114648,0.0955,3,50,Laings Road,3097.0,1548.5,count,0.096,119.086,178.387,526.56,15.833,0.030069,173.023,1.0,4,1770014.1,5917218.6
2558,3,0.278232,0.2319,3,50,Bucklands Beach Road,14214.0,7107.0,count,0.096,546.557,818.726,2416.702,31.287,0.012946,808.127,1.0,7,1770088.6,5917080.8
2559,1,0.032976,0.0275,3,50,Bucklands Beach Road,14214.0,7107.0,propagated,0.096,546.557,818.726,2416.702,36.317,0.015028,806.423,1.0,8,1770149.7,5916967.9
2560,4,0.31402800000000003,0.2617,3,50,Bucklands Beach Road,14620.0,7310.0,count,0.096,562.168,842.112,2485.733,36.317,0.01461,829.809,1.0,8,1770265.5,5916881.5
2561,1,0.027672,0.0231,3,50,Bucklands Beach Road,12362.0,6181.0,propagated,0.096,475.344,712.051,2101.821,41.373,0.019684,698.035,1.0,9,1770358.8,5916781.0
2562,1,0.025104,0.0209,3,50,Bucklands Beach Road,12362.0,6181.0,propagated,0.096,475.344,712.051,2101.821,46.429,0.02209,696.322,1.0,10,1770366.8,5916764.0
2563,2,0.124008,0.1033,3,50,Bucklands Beach Road,12362.0,6181.0,count,0.096,475.344,712.051,2101.821,57.496,0.027355,692.573,1.0,12,1770353.1,5916703.2
2564,1,0.055091999999999995,0.0459,3,50,Bucklands Beach Road,12362.0,6181.0,propagated,0.096,475.344,712.051,2101.821,62.618,0.029792,690.837,1.0,13,1770335.0,5916630.9
2565,4,0.13771199999999997,0.1148,3,50,Bucklands Beach Road,9660.0,4830.0,count,0.096,371.446,556.416,1642.42,62.618,0.038125,535.202,1.0,13,1770315.8,5916553.1
2566,2,0.081156,0.0676,3,50,Bucklands Beach Road,9660.0,4830.0,propagated,0.096,371.446,556.416,1642.42,68.536,0.041729,533.198,1.0,14,1770294.1,5916464.1
2567,4,0.245304,0.2044,3,50,Bucklands Beach Road,13912.0,6956.0,count,0.095026,534.944,793.201,2341.358,68.536,0.029272,769.982,1.0,14,1770261.8,5916332.1
2568,1,0.34075199999999994,0.284,3,50,Bucklands Beach Road,12659.0,6329.5,count,0.096,486.764,729.158,2152.317,68.536,0.031843,705.939,1.0,14,1770203.5,5916095.2
2569,2,0.131184,0.1093,3,50,Bucklands Beach Road,14471.0,7235.5,count,0.108355,556.439,940.803,2777.047,73.477,0.026459,915.911,1.0,15,1770156.2,5915904.2
2570,1,0.07857600000000001,0.0655,3,50,Bucklands Beach Road,14471.0,7235.5,propagated,0.108355,556.439,940.803,2777.047,88.239,0.031774,910.91,1.0,18,1770135.1,5915819.1
2571,2,0.10414799999999999,0.0868,3,50,Bucklands Beach Road,17159.0,8579.5,count,0.096,659.798,988.358,2917.42,88.239,0.030246,958.465,1.0,18,1770116.5,5915745.1
2572,7,0.1629,0.1358,3,50,Bucklands Beach Road,17159.0,8579.5,propagated,0.096,659.798,988.358,2917.42,92.908,0.031846,956.883,1.0,19,1770085.8,5915642.7
2573,3,0.28670399999999996,0.2389,3,50,Bucklands Beach Road,17762.0,8881.0,count,0.096,682.984,1023.091,3019.944,92.908,0.030765,991.616,1.0,19,1770044.5,5915460.3
2574,2,0.145692,0.1214,3,50,Bucklands Beach Road,18214.0,9107.0,count,0.096,700.365,1049.126,3096.794,92.908,0.030001,1017.651,1.0,19,1770001.2,5915285.5
2575,1,0.08618399999999998,0.0718,3,50,Bucklands Beach Road,19204.0,9602.0,count,0.096,738.432,1106.15,3265.116,92.908,0.028455,1074.675,1.0,19,1769975.9,5915192.4
2576,2,0.149004,0.1242,3,50,Bucklands Beach Road,18977.0,9488.5,count,0.096,729.704,1093.075,3226.522,92.908,0.028795,1061.6,1.0,19,1769949.9,5915097.9
2577,6,0.2793,0.2328,3,50,Bucklands Beach Road,21768.0,10884.0,count,0.096,837.023,1253.837,3701.056,92.908,0.025103,1222.362,1.0,19,1769902.5,5914925.8
2578,2,0.06014,0.0601,3,60,Bucklands Beach Road,21768.0,10884.0,propagated,0.096,837.023,1253.837,3701.056,92.908,0.025103,1222.362,1.0,19,1769846.6,5914793.7
2579,3,0.046560000000000004,0.0466,3,60,Pakuranga Road,50338.0,25169.0,propagated,0.096,1935.597,2899.469,8558.607,122.021,0.014257,2858.131,1.0,23,1769795.2,5914783.6
2580,1,0.07181,0.0718,3,60,Pakuranga Road,32652.0,16326.0,propagated,0.096,1255.535,1880.755,5551.583,129.674,0.023358,1836.824,1.0,24,1769736.4,5914775.8
2581,2,0.06258999999999999,0.0626,3,60,Pakuranga Road,32652.0,16326.0,count,0.096,1255.535,1880.755,5551.583,137.353,0.024741,1834.223,1.0,25,1769675.2,5914749.2
2582,4,0.1822,0.1822,3,60,Pakuranga Road,34376.0,17188.0,count,0.096,1321.826,1980.058,5844.704,137.353,0.0235,1933.526,1.0,25,1769569.9,5914686.7
2583,1,0.02215,0.0222,3,60,Pakuranga Road,34376.0,17188.0,propagated,0.096,1321.826,1980.058,5844.704,172.902,0.029583,1921.483,1.0,31,1769483.4,5914632.3
2584,2,0.019451612903225807,0.01,4,31,,8873.0,4436.5,default,0.096,341.185,511.085,1508.613,5.533,0.003668,509.211,1.0,1,1770625.3,5916305.7
2585,1,0.01918,0.0096,4,30,,8873.0,4436.5,default,0.096,341.185,511.085,1508.613,5.533,0.003668,509.211,1.0,1,1770616.1,5916307.8
2586,3,0.251148,0.2093,4,50,Macleans Road,5776.0,2888.0,count,0.186288,222.099,645.6,1905.672,11.066,0.005807,641.851,1.0,2,1770580.3,5916405.1
2587,11,0.42937200000000003,0.3578,4,50,Macleans Road,5476.0,2738.0,count,0.096,210.563,315.418,931.046,11.066,0.011886,311.669,1.0,2,1770499.0,5916675.9
2588,2,0.092112,0.0768,3,50,Hillsborough Road,13975.0,6987.5,count,0.096,537.367,804.96,2376.068,56.017,0.023576,785.983,1.0,7,1756813.0,5913413.2
2589,2,0.189984,0.1583,3,50,Hillsborough Road,13975.0,6987.5,propagated,0.096,537.367,804.96,2376.068,65.756,0.027674,782.683,1.0,8,1756843.4,5913525.3
2590,2,0.099744,0.0831,3,50,Hillsborough Road,16194.0,8097.0,propagated,0.096,622.692,932.774,2753.348,65.756,0.023882,910.497,1.0,8,1756914.5,5913622.5
2591,6,0.10523999999999999,0.0877,3,50,Hillsborough Road,16194.0,8097.0,propagated,0.096,622.692,932.774,2753.348,73.063,0.026536,908.022,1.0,9,1756962.4,5913693.1
2592,3,0.03372,0.0281,3,50,Hillsborough Road,16194.0,8097.0,count,0.096,622.692,932.774,2753.348,79.937,0.029033,905.693,1.0,10,1756995.5,5913741.0
2593,1,0.047411999999999996,0.0395,3,50,Mount Albert Road,28449.0,14224.5,propagated,0.096,1093.921,1638.662,4836.977,86.583,0.0179,1609.33,1.0,11,1756983.4,5913756.3
2594,1,0.02076,0.0173,3,50,Mount Albert Road,28449.0,14224.5,propagated,0.096,1093.921,1638.662,4836.977,93.617,0.019354,1606.947,1.0,12,1756955.4,5913760.2
2595,5,0.139932,0.1166,3,50,Mount Albert Road,21309.0,10654.5,count,0.096,819.374,1227.398,3623.014,93.617,0.02584,1195.683,1.0,12,1756888.5,5913761.7
2596,3,0.18326399999999998,0.1527,3,50,Mount Albert Road,19907.0,9953.5,count,0.096,765.464,1146.643,3384.643,93.617,0.027659,1114.928,1.0,12,1756754.0,5913762.3
2597,1,0.017412,0.0145,3,50,Mount Albert Road,19907.0,9953.5,propagated,0.096,765.464,1146.643,3384.643,101.473,0.02998,1112.266,1.0,13,1756670.2,5913762.7
2598,1,0.020112,0.0168,4,50,Metcalfe Road,5068.0,2534.0,propagated,0.096,194.875,291.917,861.676,3.388,0.003932,290.769,1.0,1,1743117.8,5918561.0
2599,1,0.100716,0.0839,4,50,Metcalfe Road,5068.0,2534.0,propagated,0.096,194.875,291.917,861.676,13.611,0.015796,287.306,1.0,4,1743156.8,5918592.2
2600,2,0.055716,0.0464,4,50,Metcalfe Road,5068.0,2534.0,propagated,0.096,194.875,291.917,861.676,18.281,0.021216,285.724,1.0,5,1743205.4,5918635.5
2601,5,0.22704000000000002,0.1892,4,50,Metcalfe Road,5068.0,2534.0,propagated,0.096,194.875,291.917,861.676,22.996,0.026688,284.126,1.0,6,1743294.8,5918712.6
2602,1,0.066912,0.0558,4,50,Metcalfe Road,16171.0,8085.5,propagated,0.088677,621.807,860.397,2539.706,28.195,0.011102,850.845,1.0,7,1743385.8,5918794.6
2603,5,0.4007759999999999,0.334,4,50,Metcalfe Road,16171.0,8085.5,count,0.088677,621.807,860.397,2539.706,33.248,0.013091,849.133,1.0,8,1743489.5,5918959.6
2604,7,0.29369999999999996,0.2448,4,50,Metcalfe Road,16445.0,8222.5,count,0.092125,632.343,908.997,2683.163,33.248,0.012391,897.733,1.0,8,1743683.9,5919158.3
2605,3,0.021084,0.0176,2,50,Swanson Road,24726.0,12363.0,propagated,0.094031,950.764,1395.006,4117.757,33.248,0.008074,1383.742,1.0,8,1743794.1,5919219.5
2606,5,0.128892,0.1074,2,50,Swanson Road,24726.0,12363.0,count,0.094031,950.764,1395.006,4117.757,96.821,0.023513,1362.205,1.0,25,1743835.5,5919180.0
2607,5,0.092976,0.0775,2,50,Swanson Road,21439.0,10719.5,count,0.099632,824.372,1281.606,3783.024,96.821,0.025594,1248.805,1.0,25,1743892.5,5919107.3
2608,1,0.072348,0.0603,3,50,Beach Road,13359.0,6679.5,count,0.085485,513.68,685.196,2022.551,34.004,0.016812,673.676,1.0,4,1755668.9,5935319.3
2609,3,0.137436,0.1145,3,50,Beach Road,13359.0,6679.5,propagated,0.085485,513.68,685.196,2022.551,39.372,0.019467,671.858,1.0,5,1755666.3,5935232.2
2610,4,0.10512,0.0876,3,50,Beach Road,14670.0,7335.0,propagated,0.096,564.091,844.992,2494.234,39.372,0.015785,831.654,1.0,5,1755662.9,5935131.3
2611,3,0.187524,0.1563,3,50,Beach Road,14670.0,7335.0,count,0.096,564.091,844.992,2494.234,45.183,0.018115,829.685,1.0,6,1755660.1,5935009.2
2612,1,0.04962,0.0414,3,50,Beach Road,14670.0,7335.0,propagated,0.096,564.091,844.992,2494.234,50.743,0.020344,827.801,1.0,7,1755657.0,5934910.5
2613,4,0.13002,0.1084,3,50,Lagoon Drive,29741.0,14870.5,count,0.096,1143.601,1713.082,5056.648,9.339,0.001847,1709.918,1.0,2,1765424.4,5913867.1
2614,3,0.215472,0.1796,3,50,Lagoon Drive,29741.0,14870.5,propagated,0.096,1143.601,1713.082,5056.648,14.169,0.002802,1708.282,1.0,3,1765344.8,5913985.6
2615,1,0.19332,0.1611,3,50,Lagoon Drive,35130.0,17565.0,propagated,0.096,1350.819,2023.488,5972.9,14.169,0.002372,2018.688,1.0,3,1765255.8,5914130.4
2616,7,0.20045999999999997,0.167,3,50,Lagoon Drive,35130.0,17565.0,count,0.096,1350.819,2023.488,5972.9,21.493,0.003598,2016.207,1.0,4,1765224.1,5914291.0
2617,4,0.27132,0.2261,3,50,Lagoon Drive,35130.0,17565.0,propagated,0.096,1350.819,2023.488,5972.9,29.924,0.00501,2013.35,1.0,5,1765181.5,5914480.7
2618,1,0.0117,0.0098,3,50,Lagoon Drive,35130.0,17565.0,propagated,0.096,1350.819,2023.488,5972.9,38.28,0.006409,2010.52,1.0,6,1765104.4,5914569.7
2619,1,0.118848,0.099,3,50,Lagoon Drive,35130.0,17565.0,propagated,0.096,1350.819,2023.488,5972.9,46.637,0.007808,2007.688,1.0,7,1765064.1,5914606.3
2620,7,0.155832,0.1299,3,50,Lagoon Drive,35130.0,17565.0,propagated,0.096,1350.819,2023.488,5972.9,55.085,0.009222,2004.826,1.0,8,1764973.8,5914674.9
2621,2,0.016211999999999997,0.0135,3,50,Ellerslie-Panmure Highway,19113.0,9556.5,propagated,0.130121,734.933,1492.202,4404.658,55.085,0.012506,1473.54,1.0,8,1764920.7,5914722.2
2622,3,0.06894,0.0574,3,50,Ellerslie-Panmure Highway,19113.0,9556.5,propagated,0.130121,734.933,1492.202,4404.658,61.737,0.014016,1471.287,1.0,9,1764888.5,5914737.3
2623,2,0.09214800000000001,0.0768,3,50,Ellerslie-Panmure Highway,19113.0,9556.5,propagated,0.130121,734.933,1492.202,4404.658,68.715,0.015601,1468.923,1.0,10,1764825.6,5914761.3
2624,1,0.048,0.04,3,50,Ellerslie-Panmure Highway,19113.0,9556.5,propagated,0.130121,734.933,1492.202,4404.658,75.964,0.017246,1466.467,1.0,11,1764770.7,5914780.4
2625,4,0.045551999999999995,0.038,3,50,Ellerslie-Panmure Highway,19113.0,9556.5,propagated,0.130121,734.933,1492.202,4404.658,82.857,0.018811,1464.132,1.0,12,1764733.9,5914793.4
2626,1,0.031584,0.0263,3,50,Mount Wellington Highway,19141.0,9570.5,propagated,0.089755,736.01,1030.8,3042.699,123.518,0.040595,988.955,1.0,17,1764011.6,5911941.0
2627,2,0.129288,0.1077,3,50,Mount Wellington Highway,19141.0,9570.5,propagated,0.089755,736.01,1030.8,3042.699,132.6,0.04358,985.878,1.0,18,1763995.0,5912005.3
2628,2,0.02736,0.0228,3,50,Mount Wellington Highway,19141.0,9570.5,propagated,0.089755,736.01,1030.8,3042.699,139.789,0.045942,983.443,1.0,19,1763973.2,5912065.3
2629,2,0.13662,0.1138,3,50,Balmoral Road,20625.0,10312.5,propagated,0.096,793.072,1188.0,3506.72,15.027,0.004285,1182.909,1.0,3,1755688.5,5916249.0
2630,1,0.045011999999999996,0.0375,3,50,Beach Road,4258.0,2129.0,propagated,0.11954,163.729,305.401,901.478,4.624,0.005129,303.834,1.0,1,1756381.4,5937595.0
2631,1,0.10138,0.0507,3,30,Beach Road,4258.0,2129.0,propagated,0.11954,163.729,305.401,901.478,4.624,0.005129,303.834,1.0,1,1756406.5,5937559.6
2632,8,0.39514,0.1976,3,30,Beach Road,10593.0,5296.5,count,0.096,407.322,610.157,1801.052,4.624,0.002567,608.59,1.0,1,1756495.2,5937473.7
2633,1,0.01848,0.0154,3,50,Beach Road,10593.0,5296.5,propagated,0.096,407.322,610.157,1801.052,4.624,0.002567,608.59,1.0,1,1756541.4,5937382.5
2634,4,0.281796,0.2348,4,50,Deep Creek Road,6987.0,3493.5,count,0.096,268.664,402.451,1187.949,4.624,0.003892,400.884,1.0,1,1756481.3,5937276.1
2635,10,0.442524,0.3688,4,50,Deep Creek Road,7480.0,3740.0,count,0.098262,287.621,441.0,1301.737,4.624,0.003552,439.433,1.0,1,1756325.9,5937017.1
2636,8,0.43914,0.366,4,50,Deep Creek Road,6872.0,3436.0,count,0.113504,264.242,468.0,1381.435,4.624,0.003347,466.433,1.0,1,1756184.6,5936678.8
2637,2,0.09313199999999999,0.0776,4,50,Deep Creek Road,9142.0,4571.0,count,0.096,351.528,526.579,1554.348,10.702,0.006885,522.953,1.0,2,1756082.5,5936482.0
2638,7,0.34581599999999996,0.2882,4,50,Deep Creek Road,9142.0,4571.0,propagated,0.096,351.528,526.579,1554.348,17.026,0.010954,520.811,1.0,3,1755948.7,5936358.5
2639,4,0.344352,0.287,4,50,Deep Creek Road,9117.0,4558.5,propagated,0.096,350.567,525.139,1550.097,17.026,0.010984,519.371,1.0,3,1755770.3,5936137.8
2640,1,0.012528,0.0104,4,50,Deep Creek Road,9117.0,4558.5,propagated,0.096,350.567,525.139,1550.097,25.148,0.016224,516.619,1.0,4,1755700.7,5936006.2
2641,3,0.10774800000000001,0.0898,4,50,Deep Creek Road,9117.0,4558.5,count,0.096,350.567,525.139,1550.097,33.27,0.021463,513.868,1.0,5,1755683.7,5935959.4
2642,1,0.009336,0.0078,4,50,Firth Road,8548.0,4274.0,propagated,0.096,328.688,492.365,1453.355,33.27,0.022892,481.094,1.0,5,1755661.5,5935917.0
2643,1,0.020963999999999997,0.0175,4,50,Firth Road,8548.0,4274.0,propagated,0.096,328.688,492.365,1453.355,42.081,0.028954,478.109,1.0,6,1755649.9,5935912.6
2644,1,0.11978399999999999,0.0998,4,50,Firth Road,8548.0,4274.0,propagated,0.096,328.688,492.365,1453.355,50.887,0.035013,475.126,1.0,7,1755592.1,5935907.9
2645,1,0.10735199999999999,0.0895,4,50,Firth Road,8548.0,4274.0,propagated,0.096,328.688,492.365,1453.355,58.804,0.040461,472.443,1.0,8,1755497.7,5935911.2
2646,1,0.041879999999999994,0.0349,4,50,Firth Road,8548.0,4274.0,count,0.096,328.688,492.365,1453.355,65.876,0.045327,470.048,1.0,9,1755436.9,5935923.3
2647,3,0.04074,0.034,2,50,Kitchener Road,10973.0,5486.5,propagated,0.096,421.934,632.045,1865.66,15.681,0.008405,626.733,1.0,4,1757350.1,5928951.2
2648,1,0.03552,0.0296,3,50,Shakespeare Road,13563.0,6781.5,propagated,0.095996,521.524,781.196,2305.922,15.681,0.0068,775.884,1.0,4,1757373.8,5928932.9
2649,5,0.11371199999999998,0.0948,4,50,Neilson Street,25958.0,12979.0,count,0.091841,998.137,1430.405,4222.247,7.8,0.001847,1427.763,1.0,1,1758811.0,5911782.8
2650,3,0.18797999999999998,0.1566,4,50,Exit 13 Neilson Street,20474.0,10237.0,propagated,0.096,787.266,1179.302,3481.045,23.297,0.006693,1171.409,1.0,3,1758687.4,5911762.8
2651,3,0.28564199999999995,0.4761,4,100,Exit 13 Neilson Street,20474.0,10237.0,count,0.096,787.266,1179.302,3481.045,23.297,0.006693,1171.409,1.0,3,1758390.2,5911800.5
2652,2,0.09507,0.0951,2,60,Great South Road,26876.0,13438.0,count,0.096,1033.436,1548.058,4569.533,5.656,0.001238,1546.142,1.0,1,1767728.3,5904390.6
2653,4,0.06933,0.0693,3,60,Great South Road,26876.0,13438.0,propagated,0.096,1033.436,1548.058,4569.533,11.583,0.002535,1544.134,1.0,2,1767779.5,5904326.8
2654,1,0.011210000000000001,0.0112,3,60,Redoubt Road,30089.0,15044.5,propagated,0.096,1156.982,1733.126,5115.814,135.009,0.026391,1687.388,1.0,16,1767808.5,5904301.6
2655,3,0.078624,0.0655,3,50,Redoubt Road,30089.0,15044.5,propagated,0.096,1156.982,1733.126,5115.814,135.009,0.026391,1687.388,1.0,16,1767846.3,5904308.7
2656,4,0.111564,0.093,2,50,Albany Highway,18992.0,9496.0,default,0.096,730.28,1093.939,3229.072,19.213,0.00595,1087.43,1.0,7,1751928.1,5930833.0
2657,2,0.142548,0.1188,2,50,Entry 2 Albany Highway,8816.0,4408.0,propagated,0.096,338.993,507.802,1498.922,19.213,0.012818,501.293,1.0,7,1752005.1,5930762.3
2658,2,0.027839999999999997,0.0232,3,50,Allens Road,12257.0,6128.5,propagated,0.107122,471.306,787.797,2325.407,6.544,0.002814,785.58,1.0,1,1768541.5,5909761.1
2659,3,0.0807,0.0672,3,50,Allens Road,12257.0,6128.5,propagated,0.107122,471.306,787.797,2325.407,12.993,0.005587,783.395,1.0,2,1768497.2,5909768.5
2660,2,0.069216,0.0577,3,50,Allens Road,12257.0,6128.5,propagated,0.107122,471.306,787.797,2325.407,19.459,0.008368,781.205,1.0,3,1768435.4,5909777.8
2661,1,0.040968,0.0341,3,50,Allens Road,14600.0,7300.0,propagated,0.103836,561.399,909.603,2684.952,25.586,0.009529,900.935,1.0,4,1768389.7,5909784.8
2662,2,0.019332000000000002,0.0161,3,50,Allens Road,14600.0,7300.0,propagated,0.103836,561.399,909.603,2684.952,31.7,0.011807,898.864,1.0,5,1768365.3,5909788.5
2663,2,0.039552,0.033,3,50,Allens Road,14600.0,7300.0,propagated,0.103836,561.399,909.603,2684.952,37.747,0.014059,896.815,1.0,6,1768341.3,5909792.8
2664,1,0.019548,0.0163,3,50,Allens Road,14600.0,7300.0,propagated,0.103836,561.399,909.603,2684.952,43.539,0.016216,894.853,1.0,7,1768316.9,5909797.3
2665,12,0.366648,0.3055,3,50,Allens Road,14600.0,7300.0,count,0.103836,561.399,909.603,2684.952,49.331,0.018373,892.891,1.0,8,1768177.3,5909866.7
2666,15,0.48375599999999996,0.4031,3,50,Allens Road,13181.0,6590.5,count,0.096,506.836,759.226,2241.071,49.331,0.022012,742.514,1.0,8,1767966.9,5910151.3
2667,2,0.052872,0.0441,3,50,Allens Road,13181.0,6590.5,propagated,0.096,506.836,759.226,2241.071,54.126,0.024152,740.889,1.0,9,1767835.7,5910332.3
2668,1,0.06537599999999999,0.0545,3,50,Highbrook Drive,26200.0,13100.0,propagated,0.096,1007.442,1509.12,4454.597,54.126,0.012151,1490.783,1.0,9,1767792.7,5910354.2
2669,1,0.012288,0.0102,3,50,Highbrook Drive,26200.0,13100.0,propagated,0.096,1007.442,1509.12,4454.597,58.864,0.013214,1489.178,1.0,10,1767761.0,5910361.1
2670,2,0.041184,0.0343,3,50,Highbrook Drive,26200.0,13100.0,propagated,0.096,1007.442,1509.12,4454.597,63.902,0.014345,1487.471,1.0,11,1767739.2,5910366.4
2671,1,0.013872,0.0116,3,50,Highbrook Drive,26200.0,13100.0,propagated,0.096,1007.442,1509.12,4454.597,68.88,0.015463,1485.785,1.0,12,1767717.1,5910371.9
2672,5,0.19790399999999997,0.1649,3,50,Highbrook Drive,26200.0,13100.0,propagated,0.096,1007.442,1509.12,4454.597,73.858,0.01658,1484.099,1.0,13,1767631.5,5910393.1
2673,9,0.311268,0.2594,3,50,Highbrook Drive,26200.0,13100.0,count,0.096,1007.442,1509.12,4454.597,78.362,0.017591,1482.573,1.0,14,1767425.7,5910445.4
2674,2,0.177864,0.1482,3,50,Highbrook Drive,27162.0,13581.0,count,0.083462,1044.433,1360.197,4015.008,78.362,0.019517,1333.65,1.0,14,1767227.6,5910492.0
2675,3,0.15975999999999999,0.1598,3,60,Highbrook Drive,27162.0,13581.0,propagated,0.083462,1044.433,1360.197,4015.008,78.362,0.019517,1333.65,1.0,14,1767081.4,5910534.3
2676,8,0.39602,0.396,3,60,Highbrook Drive,35122.0,17561.0,count,0.098855,1350.511,2083.191,6149.13,78.362,0.012744,2056.644,1.0,14,1766816.5,5910486.6
2677,5,0.17865999999999999,0.1787,3,60,Highbrook Drive,35122.0,17561.0,propagated,0.098855,1350.511,2083.191,6149.13,81.399,0.013237,2055.615,1.0,15,1766565.0,5910346.9
2678,4,0.24777999999999997,0.2478,3,60,Highbrook Drive,40060.0,20030.0,propagated,0.105941,1540.387,2546.398,7516.417,81.399,0.010829,2518.822,1.0,15,1766376.5,5910248.1
2679,2,0.6167,0.6167,3,60,Highbrook Drive,40060.0,20030.0,count,0.105941,1540.387,2546.398,7516.417,84.807,0.011283,2517.667,1.0,16,1765981.4,5910088.2
2680,2,0.042707999999999996,0.0356,4,50,Church Street,13050.0,6525.0,propagated,0.096,501.799,751.68,2218.797,22.909,0.010325,743.919,1.0,5,1760581.5,5912345.5
2681,1,0.021396,0.0178,3,50,Church Street,13050.0,6525.0,propagated,0.096,501.799,751.68,2218.797,22.909,0.010325,743.919,1.0,5,1760608.2,5912348.5
2682,1,0.017964,0.015,3,50,Church Street,13050.0,6525.0,propagated,0.096,501.799,751.68,2218.797,42.722,0.019255,737.207,1.0,8,1760624.3,5912349.8
2683,1,0.030276,0.0252,4,50,Porchester Road,14663.0,7331.5,propagated,0.094455,563.822,830.996,2452.921,15.259,0.006221,825.827,1.0,2,1770766.5,5901599.6
2684,4,0.18558,0.1546,4,50,Morrin Road,15537.0,7768.5,propagated,0.096,597.429,894.931,2641.643,23.68,0.008964,886.909,1.0,4,1764792.0,5915966.2
2685,2,0.041496,0.0346,4,50,Morrin Road,10498.0,5249.0,propagated,0.096,403.669,604.685,1784.9,23.68,0.013267,596.663,1.0,4,1764824.7,5915878.1
2686,6,0.212076,0.1767,4,50,Morrin Road,10498.0,5249.0,count,0.096,403.669,604.685,1784.9,26.883,0.015061,595.578,1.0,5,1764897.1,5915802.7
2687,1,0.08809199999999999,0.0734,4,50,Morrin Road,10498.0,5249.0,propagated,0.096,403.669,604.685,1784.9,30.099,0.016863,594.488,1.0,6,1764971.6,5915707.9
2688,10,0.35441999999999996,0.2953,4,50,Morrin Road,15811.0,7905.5,count,0.096,607.965,910.714,2688.231,30.099,0.011197,900.517,1.0,6,1765011.0,5915527.9
2689,1,0.013884,0.0116,4,50,Morrin Road,15811.0,7905.5,propagated,0.096,607.965,910.714,2688.231,33.256,0.012371,899.448,1.0,7,1765055.2,5915383.2
2690,1,0.018564,0.0155,4,50,Morrin Road,15811.0,7905.5,propagated,0.096,607.965,910.714,2688.231,36.441,0.013556,898.369,1.0,8,1765059.3,5915370.3
2691,7,0.7995840000000001,0.6663,2,50,Te Horeta Road,28028.0,14014.0,propagated,0.096,1077.733,1614.413,4765.399,48.764,0.010233,1597.893,1.0,13,1764935.7,5915064.6
2692,2,0.067008,0.0558,3,50,Browns Road,14165.0,7082.5,count,0.096,544.673,815.904,2408.373,39.854,0.016548,802.402,1.0,9,1766826.6,5901880.3
2693,2,0.058176,0.0485,3,50,Browns Road,19011.0,9505.5,propagated,0.085792,731.011,978.595,2888.601,39.854,0.013797,965.093,1.0,9,1766875.1,5901899.7
2694,1,0.021047999999999997,0.0175,4,50,Union Road,11954.0,5977.0,propagated,0.096,459.655,688.55,2032.451,63.021,0.031007,667.2,1.0,12,1770956.4,5914313.2
2695,1,0.030263999999999996,0.0252,4,50,Botany Road,9857.0,4928.5,propagated,0.097088,379.021,574.198,1694.909,63.021,0.037183,552.848,1.0,12,1770953.9,5914331.0
2696,1,0.018779999999999998,0.0156,4,50,Botany Road,12429.0,6214.5,propagated,0.116904,477.92,871.8,2573.365,63.021,0.02449,850.45,1.0,12,1770945.4,5914346.6
2697,1,0.03042,0.0254,4,50,Botany Road,12429.0,6214.5,propagated,0.116904,477.92,871.8,2573.365,69.473,0.026997,848.264,1.0,13,1770943.9,5914367.2
2698,1,0.019524,0.0163,4,50,Botany Road,12429.0,6214.5,propagated,0.116904,477.92,871.8,2573.365,75.925,0.029504,846.078,1.0,14,1770941.0,5914388.3
2699,3,0.19058399999999998,0.1588,4,50,Botany Road,12429.0,6214.5,count,0.116904,477.92,871.8,2573.365,82.906,0.032217,843.713,1.0,15,1770928.3,5914475.2
2700,3,0.08248799999999999,0.0687,4,50,Botany Road,12429.0,6214.5,propagated,0.116904,477.92,871.8,2573.365,88.962,0.03457,841.662,1.0,16,1770973.5,5914574.3
2701,1,0.02262,0.0189,4,50,Luckens Road,4730.0,2365.0,propagated,0.108668,181.878,308.4,910.33,4.947,0.005434,306.724,1.0,1,1745342.3,5924000.1
2702,1,0.037475999999999995,0.0312,4,50,Moire Road,5190.0,2595.0,propagated,0.096,199.566,298.944,882.418,4.947,0.005606,297.268,1.0,1,1745335.3,5923980.9
2703,5,0.23569000000000004,0.2357,3,60,Redoubt Road,17274.0,8637.0,propagated,0.096,664.22,994.982,2936.972,44.832,0.015265,979.794,1.0,12,1769857.2,5904683.7
2704,1,0.038279999999999995,0.0319,3,50,Redoubt Road,17274.0,8637.0,propagated,0.096,664.22,994.982,2936.972,44.832,0.015265,979.794,1.0,12,1769723.8,5904688.5
2705,2,0.049715999999999996,0.0414,3,50,Redoubt Road,17274.0,8637.0,propagated,0.096,664.22,994.982,2936.972,49.963,0.017012,978.056,1.0,13,1769686.9,5904689.8
2706,2,0.18596400000000002,0.155,3,50,Redoubt Road,17274.0,8637.0,propagated,0.096,664.22,994.982,2936.972,54.819,0.018665,976.411,1.0,14,1769589.4,5904683.8
2707,1,0.047363999999999996,0.0395,3,50,Redoubt Road,18361.0,9180.5,propagated,0.096,706.017,1057.594,3121.789,54.819,0.01756,1039.023,1.0,14,1769495.0,5904660.7
2708,8,0.25986,0.2166,3,50,Redoubt Road,18361.0,9180.5,propagated,0.096,706.017,1057.594,3121.789,60.188,0.01928,1037.204,1.0,15,1769370.4,5904679.6
2709,1,0.06553199999999999,0.0546,3,50,Redoubt Road,18361.0,9180.5,propagated,0.096,706.017,1057.594,3121.789,67.173,0.021517,1034.837,1.0,16,1769238.3,5904708.8
2710,3,0.15700799999999998,0.1308,3,50,Redoubt Road,18361.0,9180.5,propagated,0.096,706.017,1057.594,3121.789,75.567,0.024206,1031.994,1.0,17,1769148.9,5904684.7
2711,6,0.329376,0.2745,3,50,Redoubt Road,18361.0,9180.5,count,0.096,706.017,1057.594,3121.789,82.849,0.026539,1029.527,1.0,18,1768956.9,5904619.4
2712,2,0.057516,0.0479,3,50,Redoubt Road,18361.0,9180.5,propagated,0.096,706.017,1057.594,3121.789,89.75,0.02875,1027.189,1.0,19,1768807.9,5904560.3
2713,1,0.042359999999999995,0.0353,3,50,Redoubt Road,36276.0,18138.0,propagated,0.096,1394.885,2089.498,6167.747,89.75,0.014552,2059.093,1.0,19,1768767.5,5904550.6
2714,2,0.10104,0.0842,3,50,Redoubt Road,36276.0,18138.0,propagated,0.096,1394.885,2089.498,6167.747,109.508,0.017755,2052.399,1.0,23,1768709.5,5904537.3
2715,3,0.072528,0.0604,3,50,Redoubt Road,36276.0,18138.0,propagated,0.096,1394.885,2089.498,6167.747,115.885,0.018789,2050.239,1.0,24,1768638.5,5904523.3
2716,3,0.027323999999999998,0.0228,3,50,Redoubt Road,36276.0,18138.0,propagated,0.096,1394.885,2089.498,6167.747,122.125,0.019801,2048.125,1.0,25,1768598.1,5904512.8
2717,4,0.084144,0.0701,3,50,Redoubt Road,36276.0,18138.0,count,0.096,1394.885,2089.498,6167.747,128.078,0.020766,2046.108,1.0,26,1768552.8,5904502.4
2718,1,0.011628,0.0097,3,50,Redoubt Road,36276.0,18138.0,propagated,0.096,1394.885,2089.498,6167.747,134.631,0.021828,2043.888,1.0,27,1768514.3,5904491.8
2719,2,0.11804399999999998,0.0984,3,50,Redoubt Road,36276.0,18138.0,propagated,0.096,1394.885,2089.498,6167.747,141.52,0.022945,2041.554,1.0,28,1768462.4,5904477.3
2720,2,0.064152,0.0535,3,50,Redoubt Road,33429.0,16714.5,propagated,0.096,1285.412,1925.51,5683.69,141.52,0.024899,1877.566,1.0,28,1768389.1,5904456.6
2721,3,0.19482,0.1624,3,50,Redoubt Road,33429.0,16714.5,count,0.096,1285.412,1925.51,5683.69,148.784,0.026177,1875.105,1.0,29,1768284.9,5904427.7
2722,1,0.013307999999999999,0.0111,3,50,Redoubt Road,33429.0,16714.5,propagated,0.096,1285.412,1925.51,5683.69,154.945,0.027261,1873.018,1.0,30,1768202.6,5904400.3
2723,1,0.032244,0.0269,3,50,Redoubt Road,22708.0,11354.0,propagated,0.111767,873.168,1522.803,4494.986,161.131,0.035847,1468.215,1.0,31,1768184.7,5904394.6
2724,2,0.04787999999999999,0.0399,3,50,Redoubt Road,22708.0,11354.0,propagated,0.111767,873.168,1522.803,4494.986,167.344,0.037229,1466.111,1.0,32,1768153.1,5904385.3
2725,2,0.02916,0.0243,3,50,Redoubt Road,22708.0,11354.0,propagated,0.111767,873.168,1522.803,4494.986,173.54,0.038607,1464.011,1.0,33,1768121.7,5904383.8
2726,2,0.09422399999999999,0.0785,3,50,Exit 448 Manukau,14984.0,7492.0,propagated,0.096,576.165,863.078,2547.62,173.54,0.068118,804.286,1.0,33,1768078.7,5904398.0
2727,1,0.019679999999999996,0.0164,3,50,Exit 448 Manukau,14984.0,7492.0,propagated,0.096,576.165,863.078,2547.62,179.763,0.070561,802.178,1.0,34,1768054.6,5904438.5
2728,2,0.251712,0.4195,3,100,Exit 448 Manukau,14984.0,7492.0,count,0.096,576.165,863.078,2547.62,185.734,0.072905,800.155,1.0,35,1767922.3,5904609.0
2729,1,0.033684,0.0281,4,50,Bush Road,13481.0,6740.5,propagated,0.096,518.371,776.506,2292.078,6.338,0.002765,774.359,1.0,1,1752147.5,5932515.5
2730,1,0.065136,0.0543,4,50,Rosedale Road,14413.0,7206.5,propagated,0.096,554.209,830.189,2450.539,12.779,0.005215,825.86,1.0,2,1752170.0,5932484.3
2731,2,0.077952,0.065,4,50,Central Park Drive,20546.0,10273.0,count,0.096,790.035,1183.45,3493.289,14.467,0.004141,1178.549,1.0,3,1745911.2,5918833.8
2732,1,0.026495999999999995,0.0221,4,50,Central Park Drive,20546.0,10273.0,propagated,0.096,790.035,1183.45,3493.289,19.786,0.005664,1176.747,1.0,4,1745916.1,5918791.4
2733,2,0.065052,0.0542,4,50,School Road,8733.0,4366.5,propagated,0.096,335.801,503.021,1484.809,19.786,0.013326,496.318,1.0,4,1745923.7,5918753.9
2734,4,0.15304,0.0765,4,30,School Road,8733.0,4366.5,count,0.096,335.801,503.021,1484.809,19.786,0.013326,496.318,1.0,4,1745968.4,5918721.7
2735,1,0.022420000000000002,0.0112,4,30,School Road,8733.0,4366.5,propagated,0.096,335.801,503.021,1484.809,25.05,0.016871,494.535,1.0,5,1746011.3,5918712.9
2736,1,0.018539999999999997,0.0093,4,30,School Road,8733.0,4366.5,propagated,0.096,335.801,503.021,1484.809,30.225,0.020356,492.781,1.0,6,1746018.4,5918707.8
2737,1,0.026879999999999998,0.0134,4,30,School Road,8733.0,4366.5,propagated,0.096,335.801,503.021,1484.809,35.4,0.023841,491.028,1.0,7,1746029.2,5918707.7
2738,6,0.2734,0.1367,4,30,School Road,5946.0,2973.0,count,0.096,228.636,342.49,1010.957,45.729,0.045233,326.998,1.0,9,1746099.0,5918707.9
2739,1,0.03848,0.0192,4,30,School Road,5946.0,2973.0,propagated,0.096,228.636,342.49,1010.957,51.157,0.050603,325.159,1.0,10,1746177.1,5918709.5
2740,1,0.1899,0.095,4,30,School Road,5941.0,2970.5,propagated,0.096,228.443,342.202,1010.106,51.157,0.050645,324.871,1.0,10,1746234.5,5918713.2
2741,9,0.29734,0.1487,4,30,School Road,5941.0,2970.5,count,0.096,228.443,342.202,1010.106,56.604,0.056038,323.026,1.0,11,1746354.4,5918733.9
2742,3,0.053855999999999994,0.0449,4,50,Bairds Road,19821.0,9910.5,count,0.096,762.157,1141.69,3370.023,15.209,0.004513,1136.538,1.0,2,1766901.4,5907831.3
2743,2,0.087696,0.0731,4,50,Bairds Road,19821.0,9910.5,propagated,0.096,762.157,1141.69,3370.023,22.779,0.006759,1133.973,1.0,3,1766910.3,5907772.9
2744,2,0.070632,0.0589,4,50,Bairds Road,10319.0,5159.5,propagated,0.096,396.786,594.374,1754.464,22.779,0.012983,586.657,1.0,3,1766909.1,5907706.8
2745,1,0.0429,0.0429,4,60,Bairds Road,10319.0,5159.5,propagated,0.096,396.786,594.374,1754.464,22.779,0.012983,586.657,1.0,3,1766890.7,5907664.4
2746,1,0.00297,0.005,1,100,Exit 16 Lincoln Road,25132.0,12566.0,propagated,0.096,966.376,1447.603,4273.012,2.722,0.000637,1446.681,1.0,1,1745287.9,5920944.8
2747,1,0.01386,0.0231,1,100,Exit 16 Lincoln Road,34082.0,17041.0,propagated,0.096,1310.521,1963.123,5794.715,2.722,0.00047,1962.201,1.0,1,1745298.5,5920935.2
2748,2,0.078168,0.1303,1,100,Exit 16 Lincoln Road,34082.0,17041.0,propagated,0.096,1310.521,1963.123,5794.715,5.459,0.000942,1961.274,1.0,2,1745354.8,5920882.9
2749,2,0.089916,0.0749,1,50,Exit 16 Lincoln Road,34082.0,17041.0,count,0.096,1310.521,1963.123,5794.715,5.459,0.000942,1961.274,1.0,2,1745436.5,5920821.1
2750,1,0.056369999999999996,0.0564,2,60,Entry 444 East Tamaki Road,16498.0,8249.0,count,0.096,634.381,950.285,2805.036,8.759,0.003123,947.318,1.0,2,1766355.7,5907531.6
2751,1,0.01494,0.0149,2,60,Exit 444 East Tamaki Road,20278.0,10139.0,propagated,0.096,779.73,1168.013,3447.722,8.759,0.002541,1165.046,1.0,2,1766332.6,5907557.8
2752,1,0.019030000000000002,0.019,3,60,East Tamaki Road,32724.0,16362.0,propagated,0.096,1258.303,1884.902,5563.824,8.759,0.001574,1881.935,1.0,2,1766333.7,5907568.3
2753,4,0.144492,0.1204,4,50,Rangatira Road,5620.0,2810.0,count,0.096,216.1,323.712,955.528,20.296,0.021241,316.836,1.0,6,1750836.3,5926172.5
2754,2,0.09991199999999999,0.0833,4,50,Rangatira Road,5620.0,2810.0,propagated,0.096,216.1,323.712,955.528,23.397,0.024486,315.786,1.0,7,1750848.2,5926071.3
2755,3,0.294792,0.2457,4,50,Rangatira Road,7432.0,3716.0,count,0.096,285.775,428.083,1263.609,23.397,0.018516,420.157,1.0,7,1750868.2,5925907.8
2756,1,0.17903999999999998,0.1492,4,50,Rangatira Road,7432.0,3716.0,propagated,0.096,285.775,428.083,1263.609,26.517,0.020985,419.1,1.0,8,1750891.9,5925711.3
2757,9,0.5904599999999999,0.492,4,50,Rangatira Road,7855.0,3927.5,count,0.096,302.04,452.448,1335.529,26.517,0.019855,443.465,1.0,8,1751048.3,5925435.5
2758,9,0.463308,0.3861,4,50,Rangatira Road,8358.0,4179.0,count,0.096,321.382,481.421,1421.051,26.517,0.01866,472.438,1.0,8,1751386.9,5925195.7
2759,4,0.1713,0.1427,4,50,Rangatira Road,8358.0,4179.0,propagated,0.096,321.382,481.421,1421.051,30.246,0.021284,471.174,1.0,9,1751583.3,5925061.0
2760,6,0.34474800000000005,0.2873,4,50,Rangatira Road,10983.0,5491.5,propagated,0.091232,422.318,601.201,1774.616,30.246,0.017044,590.954,1.0,9,1751752.8,5924945.0
2761,10,0.35874,0.2989,4,50,Rangatira Road,10983.0,5491.5,count,0.091232,422.318,601.201,1774.616,34.64,0.01952,589.466,1.0,10,1751977.7,5925127.2
2762,1,0.01218,0.0102,4,50,Birkdale Road,10408.0,5204.0,default,0.096,400.208,599.501,1769.598,38.348,0.02167,586.51,1.0,11,1752093.1,5925229.1
2763,5,0.114864,0.0957,4,50,Verran Road,17253.0,8626.5,count,0.096,663.412,993.773,2933.403,38.348,0.013073,980.782,1.0,11,1752139.6,5925248.8
2764,4,0.058728,0.0489,4,50,Verran Road,17253.0,8626.5,propagated,0.096,663.412,993.773,2933.403,41.569,0.014171,979.69,1.0,12,1752210.8,5925252.5
2765,1,0.012143999999999999,0.0101,4,50,Waipa Street,17209.0,8604.5,propagated,0.096,661.72,991.238,2925.921,41.569,0.014207,977.155,1.0,12,1752235.1,5925237.1
2766,1,0.053219999999999996,0.0444,4,50,Waipa Street,17209.0,8604.5,propagated,0.096,661.72,991.238,2925.921,44.9,0.015346,976.027,1.0,13,1752236.9,5925209.9
2767,5,0.16164,0.1347,4,50,Waipa Street,17209.0,8604.5,propagated,0.096,661.72,991.238,2925.921,48.382,0.016536,974.847,1.0,14,1752236.2,5925120.8
2768,3,0.10436400000000001,0.087,4,50,Waipa Street,17209.0,8604.5,count,0.096,661.72,991.238,2925.921,52.569,0.017967,973.429,1.0,15,1752297.0,5925033.3
2769,3,0.19158,0.1597,4,50,Waipa Street,19109.0,9554.5,count,0.096,734.779,1100.678,3248.964,52.569,0.01618,1082.869,1.0,15,1752385.8,5924947.6
2770,6,0.125832,0.1049,4,50,Waipa Street,19109.0,9554.5,propagated,0.096,734.779,1100.678,3248.964,56.255,0.017315,1081.62,1.0,16,1752476.8,5924852.3
2771,2,0.08016,0.0668,4,50,Waipa Street,19109.0,9554.5,propagated,0.096,734.779,1100.678,3248.964,59.52,0.01832,1080.514,1.0,17,1752521.6,5924779.1
2772,2,0.15899999999999997,0.1325,4,50,Mokoia Road,20729.0,10364.5,propagated,0.096,797.072,1193.99,3524.401,59.52,0.016888,1173.826,1.0,17,1752607.4,5924744.9
2773,7,0.19451999999999997,0.1621,4,50,Mokoia Road,20729.0,10364.5,count,0.096,797.072,1193.99,3524.401,62.777,0.017812,1172.723,1.0,18,1752754.7,5924749.0
2774,4,0.178704,0.1489,4,50,Mokoia Road,20729.0,10364.5,propagated,0.096,797.072,1193.99,3524.401,66.024,0.018733,1171.623,1.0,19,1752910.0,5924752.7
2775,9,0.3766919999999999,0.3139,4,50,Mokoia Road,20380.0,10190.0,count,0.096,783.652,1173.888,3465.064,66.024,0.019054,1151.521,1.0,19,1753138.5,5924723.9
2776,6,0.262416,0.2187,4,50,Mokoia Road,25855.0,12927.5,count,0.096,994.176,1489.248,4395.939,66.024,0.015019,1466.881,1.0,19,1753400.2,5924676.7
2777,4,0.09644399999999999,0.0804,4,50,Highbury Bypass,21249.0,10624.5,propagated,0.096,817.067,1223.942,3612.813,66.024,0.018275,1201.575,1.0,19,1753540.4,5924723.5
2778,2,0.07814399999999999,0.0651,4,50,Highbury Bypass,21249.0,10624.5,propagated,0.096,817.067,1223.942,3612.813,68.758,0.019032,1200.648,1.0,20,1753605.3,5924757.0
2779,7,0.286896,0.2391,4,50,Highbury Bypass,21249.0,10624.5,propagated,0.096,817.067,1223.942,3612.813,71.337,0.019746,1199.775,1.0,21,1753744.6,5924814.1
2780,3,0.062688,0.0522,4,50,Highbury Bypass,21249.0,10624.5,propagated,0.096,817.067,1223.942,3612.813,73.182,0.020256,1199.15,1.0,22,1753889.1,5924808.4
2781,2,0.048960000000000004,0.0408,2,50,Onewa Road,25553.0,12776.5,propagated,0.096,982.564,1471.853,4344.592,73.182,0.016844,1447.061,1.0,22,1753935.5,5924806.5
2782,1,0.092124,0.0768,3,50,Sylvia Park Road,15418.0,7709.0,propagated,0.096,592.853,888.077,2621.412,34.883,0.013307,876.259,1.0,5,1763923.1,5912267.0
2783,2,0.07453199999999999,0.0621,4,50,Maioro Street,19274.0,9637.0,propagated,0.096,741.124,1110.182,3277.018,7.569,0.00231,1107.618,1.0,1,1753593.2,5914468.6
2784,1,0.013092,0.0109,1,50,Entry 19 Maioro Street,25072.0,12536.0,default,0.096,964.069,1444.147,4262.81,14.923,0.003501,1439.091,1.0,2,1753564.3,5914453.1
2785,1,0.019644000000000002,0.0164,4,50,Maioro Street,19274.0,9637.0,propagated,0.096,741.124,1110.182,3277.018,14.923,0.004554,1105.126,1.0,2,1753566.3,5914461.9
2786,1,0.049763999999999996,0.0829,4,100,Exit 19 Maioro Street,14419.0,7209.5,default,0.096,554.439,830.534,2451.557,34.347,0.01401,818.898,1.0,5,1753534.2,5914480.3
2787,4,0.20079,0.3347,1,100,Exit 19 Maioro Street,23126.0,11563.0,default,0.096,889.241,1332.058,3931.948,41.39,0.010527,1318.036,1.0,6,1753358.6,5914591.9
2788,1,0.039108000000000004,0.0326,4,50,Frost Road,7359.0,3679.5,propagated,0.096,282.968,423.878,1251.196,41.003,0.032771,409.987,1.0,7,1755996.5,5913827.6
2789,4,0.07459199999999999,0.0622,3,50,Mount Albert Road,16711.0,8355.5,propagated,0.088564,642.571,887.996,2621.173,41.003,0.015643,874.105,1.0,7,1755979.5,5913862.7
2790,6,0.213528,0.1779,3,50,Mount Albert Road,16628.0,8314.0,count,0.096,639.38,957.773,2827.139,41.003,0.014503,943.882,1.0,7,1755900.3,5913952.5
2791,5,0.18592799999999995,0.1549,3,50,Mount Albert Road,15181.0,7590.5,count,0.096,583.74,874.426,2581.117,41.003,0.015886,860.535,1.0,7,1755763.9,5914047.8
2792,3,0.28019999999999995,0.2335,3,50,Mount Albert Road,16144.0,8072.0,count,0.096,620.769,929.894,2744.846,44.968,0.016383,914.66,1.0,8,1755584.6,5914117.6
2793,1,0.140232,0.1169,3,50,Mount Albert Road,14741.0,7370.5,propagated,0.096,566.821,849.082,2506.307,44.968,0.017942,833.848,1.0,8,1755415.1,5914162.6
2794,5,0.135816,0.1132,3,50,Mount Albert Road,14741.0,7370.5,count,0.096,566.821,849.082,2506.307,48.175,0.019222,832.761,1.0,9,1755303.8,5914192.3
2795,5,0.13685999999999998,0.114,3,50,Mount Albert Road,17628.0,8814.0,count,0.090821,677.832,960.596,2835.472,48.175,0.01699,944.275,1.0,9,1755216.2,5914258.8
2796,2,0.044868000000000005,0.0748,2,100,Entry 444 East Tamaki Road,16498.0,8249.0,propagated,0.096,634.381,950.285,2805.036,4.461,0.00159,948.774,1.0,1,1766377.3,5907450.1
2797,1,0.01909,0.0191,2,60,Entry 444 East Tamaki Road,16498.0,8249.0,propagated,0.096,634.381,950.285,2805.036,4.461,0.00159,948.774,1.0,1,1766365.6,5907495.5
2798,1,0.041736,0.0348,4,50,Mahunga Drive,15445.0,7722.5,propagated,0.096,593.891,889.632,2626.002,8.577,0.003266,886.726,1.0,1,1760080.8,5908904.0
2799,2,0.08555999999999998,0.0856,4,60,Mahunga Drive,15445.0,7722.5,propagated,0.096,593.891,889.632,2626.002,8.577,0.003266,886.726,1.0,1,1760093.0,5908846.1
2800,1,0.03018,0.0252,4,50,Lunn Avenue,17911.0,8955.5,propagated,0.096,688.714,1031.674,3045.279,15.618,0.005129,1026.383,1.0,3,1763911.1,5915253.2
2801,1,0.17868,0.1489,4,50,Lunn Avenue,17911.0,8955.5,count,0.096,688.714,1031.674,3045.279,20.687,0.006793,1024.666,1.0,4,1763961.3,5915182.2
2802,3,0.07387200000000001,0.0616,4,50,Lunn Avenue,17911.0,8955.5,propagated,0.096,688.714,1031.674,3045.279,26.283,0.008631,1022.77,1.0,5,1764022.4,5915096.4
2803,2,0.03504,0.0292,4,50,Lunn Avenue,17911.0,8955.5,propagated,0.096,688.714,1031.674,3045.279,32.145,0.010556,1020.784,1.0,6,1764048.9,5915059.3
2804,1,0.016272,0.0136,4,50,Kaka Street,20892.0,10446.0,propagated,0.096,803.339,1203.379,3552.115,24.031,0.006765,1195.238,1.0,6,1763263.5,5909180.7
2805,1,0.016392,0.0137,4,50,Kaka Street,20892.0,10446.0,propagated,0.096,803.339,1203.379,3552.115,28.958,0.008152,1193.569,1.0,7,1763277.3,5909182.1
2806,4,0.10561199999999998,0.088,4,50,Kaka Street,20892.0,10446.0,count,0.096,803.339,1203.379,3552.115,33.884,0.009539,1191.9,1.0,8,1763327.4,5909189.5
2807,1,0.029592,0.0247,4,50,Kaka Street,20892.0,10446.0,propagated,0.096,803.339,1203.379,3552.115,38.576,0.01086,1190.31,1.0,9,1763370.3,5909225.3
2808,6,0.127476,0.1062,3,50,Archers Road,16075.0,8037.5,propagated,0.096,618.116,925.92,2733.116,17.533,0.006415,919.98,1.0,3,1754866.5,5927714.8
2809,2,0.040235999999999994,0.0335,3,50,Archers Road,16075.0,8037.5,propagated,0.096,618.116,925.92,2733.116,24.285,0.008885,917.693,1.0,4,1754917.4,5927762.7
2810,2,0.07505999999999999,0.0626,3,50,Archers Road,12445.0,6222.5,propagated,0.096,478.535,716.832,2115.933,24.285,0.011477,708.605,1.0,4,1754951.9,5927796.0
2811,2,0.065364,0.0545,3,50,Archers Road,12445.0,6222.5,propagated,0.096,478.535,716.832,2115.933,30.965,0.014634,706.342,1.0,5,1754992.5,5927838.0
2812,4,0.08773199999999999,0.0731,3,50,Archers Road,12445.0,6222.5,propagated,0.096,478.535,716.832,2115.933,37.439,0.017694,704.148,1.0,6,1755040.4,5927879.9
2813,5,0.10867,0.1087,4,60,Chapel Road,18518.0,9259.0,propagated,0.096,712.054,1066.637,3148.482,14.806,0.004703,1061.621,1.0,2,1769710.7,5907272.6
2814,1,0.039439999999999996,0.0394,4,60,Ormiston Road,27500.0,13750.0,propagated,0.096,1057.43,1584.0,4675.626,14.806,0.003167,1578.984,1.0,2,1769717.1,5907343.8
2815,3,0.14220000000000002,0.1422,3,60,Ormiston Road,27500.0,13750.0,count,0.096,1057.43,1584.0,4675.626,63.197,0.013516,1562.59,1.0,11,1769638.0,5907377.3
2816,1,0.2085,0.2085,3,60,Mill Road,12014.0,6007.0,propagated,0.110122,461.962,793.803,2343.135,5.363,0.002289,791.986,1.0,1,1772439.4,5901787.5
2817,4,0.12052500000000002,0.1607,3,80,Mill Road,12014.0,6007.0,propagated,0.110122,461.962,793.803,2343.135,5.363,0.002289,791.986,1.0,1,1772504.1,5901614.3
2818,1,0.0324,0.0184,3,34,Alfriston Road,12344.0,6172.0,propagated,0.096,474.651,711.014,2098.76,5.363,0.002555,709.197,1.0,1,1772526.6,5901532.4
2819,6,0.13494,0.1124,4,50,Market Road,13644.0,6822.0,propagated,0.096,524.639,785.894,2319.789,23.739,0.010233,777.852,1.0,7,1759145.6,5916715.5
2820,4,0.04908,0.0409,4,50,Market Road,13644.0,6822.0,propagated,0.096,524.639,785.894,2319.789,28.611,0.012333,776.201,1.0,8,1759201.9,5916766.1
2821,2,0.13988399999999998,0.1166,4,50,Fortunes Road,10938.0,5469.0,count,0.096,420.588,630.029,1859.71,25.287,0.013597,621.462,1.0,4,1769094.6,5914666.7
2822,2,0.134052,0.1117,4,50,Fortunes Road,10870.0,5435.0,count,0.096,417.973,626.112,1848.148,25.287,0.013682,617.545,1.0,4,1769156.2,5914570.8
2823,3,0.07067999999999999,0.0707,4,60,Fortunes Road,10870.0,5435.0,propagated,0.096,417.973,626.112,1848.148,25.287,0.013682,617.545,1.0,4,1769204.6,5914493.2
2824,1,0.01748,0.0175,3,60,Browns Road,17139.0,8569.5,propagated,0.096,659.029,987.206,2914.019,4.994,0.001714,985.514,1.0,1,1765669.9,5901411.8
2825,3,0.23908799999999997,0.1992,4,50,Gossamer Drive,14805.0,7402.5,propagated,0.096,569.282,852.768,2517.187,6.19,0.002459,850.671,1.0,2,1768151.4,5912269.9
2826,1,0.046979999999999994,0.0392,4,50,Gossamer Drive,12201.0,6100.5,propagated,0.106958,469.153,782.997,2311.238,6.19,0.002678,780.9,1.0,2,1768108.9,5912160.6
2827,1,0.08411999999999999,0.0701,4,50,Gossamer Drive,12201.0,6100.5,propagated,0.106958,469.153,782.997,2311.238,8.786,0.003801,780.02,1.0,3,1768075.5,5912117.4
2828,6,0.25056,0.2088,4,50,Gossamer Drive,12201.0,6100.5,count,0.106958,469.153,782.997,2311.238,11.201,0.004846,779.202,1.0,4,1767975.0,5912022.3
2829,1,0.04488,0.0449,4,60,Gossamer Drive,12201.0,6100.5,propagated,0.106958,469.153,782.997,2311.238,11.201,0.004846,779.202,1.0,4,1767889.3,5911932.8
2830,3,0.20454,0.2045,2,60,Ti Rakau Drive,41506.0,20753.0,propagated,0.086108,1595.989,2144.399,6329.803,11.201,0.00177,2140.604,1.0,4,1767773.7,5911976.5
2831,8,0.56924,0.5692,2,60,Ti Rakau Drive,30680.0,15340.0,count,0.096,1179.707,1767.168,5216.299,11.201,0.002147,1763.373,1.0,4,1767421.7,5912124.4
2832,5,0.22899,0.229,2,60,Ti Rakau Drive,46222.0,23111.0,count,0.096,1777.328,2662.387,7858.792,11.201,0.001425,2658.592,1.0,4,1767135.0,5912401.3
2833,10,0.5924900000000001,0.5925,2,60,Ti Rakau Drive,20136.0,10068.0,count,0.096,774.269,1159.834,3423.58,11.201,0.003272,1156.039,1.0,4,1766866.3,5912706.2
2834,1,0.01201,0.012,3,60,Pakuranga Highway,22076.5,11038.25,default,0.096,848.886,1271.606,3753.506,11.201,0.002984,1267.811,1.0,4,1766663.7,5912921.6
2835,1,0.011890000000000001,0.0119,2,60,Ti Rakau Drive,37240.0,18620.0,propagated,0.096,1431.952,2145.024,6331.648,11.201,0.001769,2141.229,1.0,4,1766655.2,5912921.8
2836,4,0.109644,0.0914,3,50,Broadway,18374.0,9187.0,count,0.096,706.517,1058.342,3123.997,35.048,0.011219,1046.469,1.0,5,1758390.0,5917533.2
2837,3,0.025439999999999997,0.0212,3,50,Broadway,18374.0,9187.0,propagated,0.096,706.517,1058.342,3123.997,41.228,0.013197,1044.375,1.0,6,1758389.6,5917477.1
2838,2,0.021012,0.0175,4,50,Penrose Road,20128.0,10064.0,propagated,0.096,773.962,1159.373,3422.219,11.366,0.003321,1155.522,1.0,3,1762268.8,5913757.8
2839,1,0.009888,0.0082,4,50,Seymour Road,11294.0,5647.0,propagated,0.096,434.277,650.534,1920.236,19.998,0.010414,643.759,1.0,4,1745042.4,5914574.0
2840,1,0.015168,0.0126,4,50,Seymour Road,11294.0,5647.0,propagated,0.096,434.277,650.534,1920.236,24.586,0.012804,642.205,1.0,5,1745047.9,5914582.8
2841,3,0.31341600000000003,0.2612,4,50,Seymour Road,11294.0,5647.0,count,0.096,434.277,650.534,1920.236,29.109,0.015159,640.673,1.0,6,1745132.8,5914689.3
2842,8,0.305268,0.2544,4,50,Seymour Road,11294.0,5647.0,propagated,0.096,434.277,650.534,1920.236,32.246,0.016793,639.61,1.0,7,1745287.7,5914892.1
2843,2,0.0279,0.0232,4,50,Seymour Road,11294.0,5647.0,propagated,0.096,434.277,650.534,1920.236,35.632,0.018556,638.463,1.0,8,1745341.8,5915020.0
2844,1,0.154272,0.1286,4,50,Seymour Road,14215.0,7107.5,propagated,0.101724,546.595,867.604,2560.98,35.632,0.013913,855.533,1.0,8,1745370.0,5915090.4
2845,6,0.12025199999999998,0.1002,4,50,Seymour Road,14215.0,7107.5,propagated,0.101724,546.595,867.604,2560.98,38.867,0.015177,854.437,1.0,9,1745431.8,5915184.5
2846,3,0.041076,0.0342,4,50,Seymour Road,14215.0,7107.5,propagated,0.101724,546.595,867.604,2560.98,42.474,0.016585,853.215,1.0,10,1745488.3,5915220.6
2847,3,0.12246,0.1021,4,50,Seymour Road,14215.0,7107.5,propagated,0.101724,546.595,867.604,2560.98,46.128,0.018012,851.977,1.0,11,1745546.2,5915258.0
2848,1,0.014519999999999998,0.0121,4,50,Seymour Road,14215.0,7107.5,propagated,0.101724,546.595,867.604,2560.98,49.514,0.019334,850.83,1.0,12,1745583.8,5915297.4
2849,4,0.23072399999999998,0.1923,4,50,Seymour Road,14215.0,7107.5,count,0.101724,546.595,867.604,2560.98,52.899,0.020656,849.683,1.0,13,1745668.4,5915344.7
2850,2,0.038784,0.0323,4,50,Sunnyside Road,14181.0,7090.5,propagated,0.096,545.288,816.826,2411.094,52.899,0.02194,798.905,1.0,13,1745718.8,5915441.8
2851,3,0.143376,0.1195,4,50,Sunnyside Road,14181.0,7090.5,count,0.096,545.288,816.826,2411.094,56.854,0.02358,797.565,1.0,14,1745683.7,5915508.9
2852,6,0.349896,0.2916,4,50,Millbrook Road,12225.0,6112.5,count,0.096,470.076,704.16,2078.528,56.854,0.027353,684.899,1.0,14,1745597.6,5915695.4
2853,8,0.737868,0.6149,4,50,Millbrook Road,13261.0,6630.5,count,0.096,509.912,763.834,2254.673,56.854,0.025216,744.573,1.0,14,1745529.8,5916136.9
2854,10,0.6941279999999999,0.5784,4,50,Vitasovich Avenue,16250.0,8125.0,count,0.096,624.845,936.0,2762.87,72.677,0.026305,911.379,1.0,17,1745592.5,5916720.3
2855,2,0.017976,0.015,4,50,Edsel Street,21081.0,10540.5,propagated,0.096,810.607,1214.266,3584.251,72.677,0.020277,1189.645,1.0,17,1745696.6,5916995.8
2856,1,0.05949599999999999,0.0496,4,50,Edsel Street,21081.0,10540.5,propagated,0.096,810.607,1214.266,3584.251,76.514,0.021347,1188.345,1.0,18,1745702.2,5917027.7
2857,4,0.20448,0.1704,4,50,Edsel Street,21081.0,10540.5,count,0.096,810.607,1214.266,3584.251,80.413,0.022435,1187.024,1.0,19,1745721.0,5917134.8
2858,2,0.030029999999999998,0.03,3,60,Cascades Road,25342.0,12671.0,propagated,0.096,974.451,1459.699,4308.716,4.969,0.001153,1458.016,1.0,1,1769980.5,5912923.0
2859,1,0.0039700000000000004,0.004,3,60,Cascades Road,25342.0,12671.0,propagated,0.096,974.451,1459.699,4308.716,9.873,0.002291,1456.354,1.0,2,1769964.8,5912920.6
2860,1,0.033710000000000004,0.0337,4,60,Cascades Road,25342.0,12671.0,propagated,0.096,974.451,1459.699,4308.716,9.873,0.002291,1456.354,1.0,2,1769948.4,5912911.3
2861,1,0.009949999999999999,0.0099,4,60,Cascades Road,9887.0,4943.5,propagated,0.096,380.175,569.491,1681.015,14.88,0.008852,564.45,1.0,3,1769928.5,5912902.7
2862,2,0.17865999999999999,0.1787,4,60,Cascades Road,9887.0,4943.5,count,0.096,380.175,569.491,1681.015,51.951,0.030905,551.891,1.0,11,1769836.5,5912918.8
2863,2,0.051432000000000005,0.0429,4,50,Cascades Road,9887.0,4943.5,propagated,0.096,380.175,569.491,1681.015,56.757,0.033764,550.263,1.0,12,1769729.6,5912946.6
2864,2,0.07318799999999999,0.061,4,50,Cascades Road,14989.0,7494.5,propagated,0.096,576.357,863.366,2548.47,61.676,0.024201,842.472,1.0,13,1769679.5,5912959.1
2865,1,0.073224,0.061,4,50,Cascades Road,14989.0,7494.5,propagated,0.096,576.357,863.366,2548.47,66.727,0.026183,840.76,1.0,14,1769620.0,5912973.5
2866,6,0.213192,0.1777,4,50,Cascades Road,14989.0,7494.5,count,0.096,576.357,863.366,2548.47,71.458,0.02804,839.158,1.0,15,1769509.7,5913016.8
2867,8,0.295656,0.2464,4,50,Cascades Road,12458.0,6229.0,count,0.096,479.035,717.581,2118.144,71.458,0.033736,693.373,1.0,15,1769369.2,5913175.0
2868,1,0.022008,0.0183,4,50,Cascades Road,12458.0,6229.0,propagated,0.096,479.035,717.581,2118.144,74.5,0.035172,692.342,1.0,16,1769284.3,5913276.6
2869,1,0.07621199999999999,0.0635,4,50,Cascades Road,12458.0,6229.0,propagated,0.096,479.035,717.581,2118.144,77.543,0.036609,691.311,1.0,17,1769257.7,5913307.6
2870,9,0.621852,0.5182,4,50,Cascades Road,15196.0,7598.0,count,0.096,584.317,875.29,2583.667,77.543,0.030013,849.02,1.0,17,1769098.8,5913549.5
2871,8,0.345588,0.288,4,50,Cascades Road,13877.0,6938.5,count,0.096,533.598,799.315,2359.405,82.4,0.034924,771.4,1.0,18,1768910.9,5913906.5
2872,2,0.053064,0.0442,4,50,Cascades Road,13877.0,6938.5,propagated,0.096,533.598,799.315,2359.405,87.376,0.037033,769.714,1.0,19,1768830.9,5914050.7
2873,3,0.06920000000000001,0.0692,4,60,Cascades Road,18473.0,9236.5,propagated,0.096,710.324,1064.045,3140.831,92.334,0.029398,1032.764,1.0,20,1768795.6,5914094.9
2874,1,0.03829,0.0383,3,60,Pakuranga Road,35184.0,17592.0,propagated,0.096,1352.895,2026.598,5982.08,97.196,0.016248,1993.67,1.0,21,1768746.4,5914092.8
2875,2,0.04836,0.0403,2,50,Great North Road,35136.0,17568.0,propagated,0.096,1351.049,2023.834,5973.921,3.656,0.000612,2022.595,1.0,1,1751104.1,5915774.7
2876,2,0.045612,0.038,2,50,Great North Road,35136.0,17568.0,count,0.096,1351.049,2023.834,5973.921,7.418,0.001242,2021.321,1.0,2,1751122.0,5915809.3
2877,2,0.14214,0.1184,4,50,Hobsonville Point Road,10408.0,5204.0,default,0.096,400.208,599.501,1769.598,10.002,0.005652,596.113,1.0,2,1747879.9,5926613.2
2878,7,0.22812,0.1901,4,50,Squadron Drive,10408.0,5204.0,default,0.096,400.208,599.501,1769.598,13.935,0.007875,594.78,1.0,3,1747795.4,5926682.9
2879,1,0.04827599999999999,0.0402,4,50,Squadron Drive,10408.0,5204.0,default,0.096,400.208,599.501,1769.598,19.428,0.010979,592.919,1.0,4,1747758.4,5926792.0
2880,1,0.063276,0.0527,4,50,Squadron Drive,10408.0,5204.0,default,0.096,400.208,599.501,1769.598,24.921,0.014083,591.058,1.0,5,1747741.5,5926834.3
2881,1,0.028763999999999998,0.024,4,50,Forrest Hill Road,18058.0,9029.0,propagated,0.094584,694.366,1024.799,3024.985,4.856,0.001605,1023.154,1.0,1,1756148.6,5929123.4
2882,2,0.099852,0.0832,4,50,Forrest Hill Road,18058.0,9029.0,propagated,0.094584,694.366,1024.799,3024.985,9.712,0.003211,1021.509,1.0,2,1756128.1,5929172.6
2883,1,0.029028,0.0242,3,50,Tristram Avenue,18375.0,9187.5,propagated,0.096,706.556,1058.4,3124.168,14.418,0.004615,1053.515,1.0,3,1756090.6,5929200.5
2884,8,0.29747999999999997,0.2975,3,60,Manukau Station Road,17814.0,8907.0,count,0.096,684.984,1026.086,3028.784,107.075,0.035352,989.811,1.0,11,1767284.8,5904144.4
2885,1,0.044829999999999995,0.0448,3,60,Manukau Station Road,22150.0,11075.0,propagated,0.096,851.712,1275.84,3766.004,107.075,0.028432,1239.565,1.0,11,1767443.4,5904208.9
2886,9,0.31551999999999997,0.3155,3,60,Manukau Station Road,22150.0,11075.0,count,0.096,851.712,1275.84,3766.004,112.147,0.029779,1237.847,1.0,12,1767611.3,5904274.4
2887,1,0.01245,0.0124,3,60,Manukau Station Road,22150.0,11075.0,propagated,0.096,851.712,1275.84,3766.004,123.427,0.032774,1234.026,1.0,14,1767772.4,5904299.0
2888,1,0.0248,0.0248,3,60,Redoubt Road,30089.0,15044.5,propagated,0.096,1156.982,1733.126,5115.814,123.427,0.024127,1691.312,1.0,14,1767790.7,5904300.3
2889,6,0.211248,0.176,4,50,Market Road,9805.0,4902.5,count,0.096,377.022,564.768,1667.073,8.725,0.005234,561.812,1.0,3,1758675.9,5916352.9
2890,1,0.12277199999999999,0.1023,4,50,Market Road,9805.0,4902.5,propagated,0.096,377.022,564.768,1667.073,11.851,0.007109,560.753,1.0,4,1758786.3,5916437.8
2891,3,0.276456,0.2304,4,50,Market Road,10301.0,5150.5,count,0.096,396.094,593.338,1751.406,11.851,0.006767,589.323,1.0,4,1758918.3,5916538.7
2892,5,0.09559200000000001,0.0797,4,50,Market Road,13644.0,6822.0,propagated,0.096,524.639,785.894,2319.789,11.851,0.005109,781.879,1.0,4,1759040.6,5916633.8
2893,1,0.04368,0.0364,4,50,Market Road,13644.0,6822.0,count,0.096,524.639,785.894,2319.789,19.482,0.008398,779.294,1.0,6,1759087.2,5916669.0
2894,7,0.19689600000000002,0.1641,4,50,Orakei Road,21257.0,10628.5,propagated,0.096,817.374,1224.403,3614.173,5.171,0.001431,1222.651,1.0,1,1761434.9,5918766.2
2895,4,0.240132,0.2001,4,50,Orakei Road,21257.0,10628.5,count,0.096,817.374,1224.403,3614.173,9.893,0.002737,1221.051,1.0,2,1761260.7,5918714.9
2896,7,0.345336,0.2878,4,50,Orakei Road,21257.0,10628.5,propagated,0.096,817.374,1224.403,3614.173,14.446,0.003997,1219.509,1.0,3,1761142.3,5918504.6
2897,1,0.032855999999999996,0.0274,4,50,Shore Road,16143.0,8071.5,propagated,0.096,620.731,929.837,2744.678,14.446,0.005263,924.943,1.0,3,1761068.5,5918391.6
2898,11,0.28644,0.2387,4,50,Shore Road,16143.0,8071.5,propagated,0.096,620.731,929.837,2744.678,18.714,0.006818,923.497,1.0,4,1760955.9,5918456.2
2899,5,0.12376799999999999,0.1031,4,50,Shore Road,16143.0,8071.5,count,0.096,620.731,929.837,2744.678,23.901,0.008708,921.74,1.0,5,1760799.1,5918514.3
2900,1,0.025307999999999997,0.0211,4,50,Shore Road,16143.0,8071.5,propagated,0.096,620.731,929.837,2744.678,28.805,0.010495,920.078,1.0,6,1760758.2,5918561.4
2901,1,0.013776,0.0115,4,50,Aspiring Avenue,10043.0,5021.5,propagated,0.096,386.173,578.477,1707.539,33.517,0.019629,567.122,1.0,5,1768777.7,5905022.1
2902,1,0.005976,0.005,3,50,Hollyford Drive,21569.0,10784.5,propagated,0.073114,829.371,946.198,2792.972,48.563,0.017388,929.746,1.0,7,1768771.5,5905023.3
2903,1,0.09341999999999999,0.0778,3,50,Hollyford Drive,21569.0,10784.5,propagated,0.073114,829.371,946.198,2792.972,55.567,0.019895,927.373,1.0,8,1768761.0,5905063.5
2904,3,0.22979999999999998,0.1915,3,50,Hollyford Drive,21569.0,10784.5,count,0.073114,829.371,946.198,2792.972,60.909,0.021808,925.563,1.0,9,1768710.3,5905188.1
2905,2,0.05354,0.0535,3,60,Hollyford Drive,21569.0,10784.5,propagated,0.073114,829.371,946.198,2792.972,60.909,0.021808,925.563,1.0,9,1768655.8,5905295.3
2906,2,0.02064,0.0172,3,50,Sunnybrae Road,12199.0,6099.5,propagated,0.096,469.076,702.662,2074.107,6.474,0.003121,700.469,1.0,1,1755011.0,5927846.8
2907,1,0.030754838709677424,0.0159,4,31,Wallace Road,3189.0,1594.5,propagated,0.096,122.623,183.686,542.201,5.803,0.010703,181.72,1.0,1,1758784.5,5908236.4
2908,1,0.02569655172413793,0.0124,4,29,Wallace Road,3189.0,1594.5,propagated,0.096,122.623,183.686,542.201,5.803,0.010703,181.72,1.0,1,1758782.5,5908248.8
2909,2,0.335568,0.2796,4,50,Wallace Road,3189.0,1594.5,count,0.096,122.623,183.686,542.201,5.803,0.010703,181.72,1.0,1,1758761.7,5908390.3
2910,1,0.277512,0.2313,4,50,Miller Road,2334.0,1167.0,count,0.112254,89.747,157.201,464.023,22.224,0.047894,149.672,1.0,5,1758820.7,5908554.9
2911,1,0.111948,0.0933,4,50,Miller Road,2334.0,1167.0,propagated,0.112254,89.747,157.201,464.023,28.958,0.062406,147.391,1.0,6,1758977.6,5908592.5
2912,2,0.08016,0.0668,4,50,Miller Road,4364.0,2182.0,propagated,0.120073,167.805,314.399,928.038,36.672,0.039516,301.975,1.0,7,1759057.4,5908597.1
2913,6,0.26773199999999997,0.2231,4,50,Miller Road,4364.0,2182.0,count,0.120073,167.805,314.399,928.038,44.567,0.048023,299.301,1.0,8,1759202.2,5908606.1
2914,4,0.11737,0.1174,4,60,Miller Road,4364.0,2182.0,propagated,0.120073,167.805,314.399,928.038,52.57,0.056646,296.589,1.0,9,1759372.1,5908617.2
2915,2,0.07028999999999999,0.0703,3,60,Coronation Road,10200.0,5100.0,propagated,0.096,392.21,587.52,1734.232,130.219,0.075087,543.405,1.0,21,1759440.9,5908666.4
2916,5,0.10606000000000002,0.1061,3,60,Aviemore Drive,15956.0,7978.0,propagated,0.096,613.54,919.066,2712.884,4.27,0.001574,917.619,1.0,1,1769736.2,5914282.6
2917,9,0.26319,0.2632,3,60,Aviemore Drive,15956.0,7978.0,propagated,0.096,613.54,919.066,2712.884,10.922,0.004026,915.366,1.0,2,1769769.4,5914463.4
2918,4,0.07765,0.0776,3,60,Aviemore Drive,15956.0,7978.0,propagated,0.096,613.54,919.066,2712.884,18.577,0.006848,912.773,1.0,3,1769813.6,5914627.1
2919,4,0.07461000000000001,0.0746,3,60,Aviemore Drive,15956.0,7978.0,propagated,0.096,613.54,919.066,2712.884,25.989,0.00958,910.261,1.0,4,1769835.1,5914700.1
2920,2,0.03285,0.0329,3,60,Aviemore Drive,15956.0,7978.0,propagated,0.096,613.54,919.066,2712.884,33.339,0.012289,907.771,1.0,5,1769844.1,5914752.3
2921,1,0.011869999999999999,0.0119,3,60,Aviemore Drive,15956.0,7978.0,propagated,0.096,613.54,919.066,2712.884,40.567,0.014953,905.323,1.0,6,1769834.4,5914770.3
2922,1,0.010335,0.0138,2,80,Entry 430 Khyber Pass Road,22406.0,11203.0,propagated,0.096,861.556,1290.586,3809.531,13.119,0.003444,1286.142,1.0,2,1757563.5,5918540.2
2923,5,0.056076,0.0467,3,50,Mount Albert Road,16711.0,8355.5,propagated,0.088564,642.571,887.996,2621.173,15.17,0.005787,882.857,1.0,2,1756333.2,5913729.1
2924,1,0.024636,0.0205,1,50,Wolverton Street,27017.0,13508.5,propagated,0.096,1038.858,1556.179,4593.505,3.584,0.00078,1554.965,1.0,1,1751324.8,5914042.2
2925,2,0.114372,0.0953,1,50,Wolverton Street,26054.0,13027.0,count,0.096,1001.828,1500.71,4429.772,7.168,0.001618,1498.282,1.0,2,1751374.3,5914071.8
2926,1,0.022955999999999997,0.0191,1,50,Wolverton Street,26054.0,13027.0,propagated,0.096,1001.828,1500.71,4429.772,10.797,0.002437,1497.052,1.0,3,1751423.4,5914101.4
2927,1,0.036648,0.0305,1,50,Wolverton Street,26054.0,13027.0,propagated,0.096,1001.828,1500.71,4429.772,14.395,0.00325,1495.833,1.0,4,1751445.0,5914114.4
2928,1,0.006732,0.0056,4,50,Northcote Road,21130.0,10565.0,propagated,0.096,812.491,1217.088,3592.581,6.97,0.00194,1214.727,1.0,1,1755949.8,5926773.1
2929,1,0.012347999999999998,0.0103,3,50,Northcote Road,21130.0,10565.0,count,0.096,812.491,1217.088,3592.581,20.935,0.005827,1209.996,1.0,3,1755955.7,5926778.5
2930,2,0.01194,0.0099,3,50,Akoranga Drive,14477.0,7238.5,propagated,0.096,556.67,833.875,2461.419,30.923,0.012563,823.399,1.0,5,1755964.4,5926779.9
2931,1,0.055116,0.0459,3,50,Northcote Road,21130.0,10565.0,propagated,0.096,812.491,1217.088,3592.581,69.612,0.019377,1193.505,1.0,12,1755985.7,5926792.7
2932,1,0.044016,0.0367,3,50,Northcote Road,21130.0,10565.0,propagated,0.096,812.491,1217.088,3592.581,76.335,0.021248,1191.227,1.0,13,1756015.4,5926821.3
2933,5,0.13061999999999999,0.1088,3,50,Northcote Road,25528.0,12764.0,propagated,0.084104,981.603,1288.204,3802.5,76.335,0.020075,1262.343,1.0,13,1756067.6,5926871.2
2934,1,0.018684,0.0156,3,50,Northcote Road,25528.0,12764.0,propagated,0.084104,981.603,1288.204,3802.5,84.473,0.022215,1259.586,1.0,14,1756114.2,5926912.5
2935,2,0.07877999999999999,0.0394,3,30,Beach Road,12127.0,6063.5,propagated,0.121877,466.307,886.801,2617.645,3.657,0.001397,885.562,1.0,1,1756549.9,5932663.1
2936,6,0.17992,0.09,3,30,Beach Road,12127.0,6063.5,propagated,0.121877,466.307,886.801,2617.645,7.452,0.002847,884.276,1.0,2,1756568.1,5932602.1
2937,1,0.13396,0.067,3,30,Beach Road,9826.0,4913.0,propagated,0.14197,377.829,836.998,2470.637,22.359,0.00905,829.423,1.0,6,1756625.9,5932558.8
2938,3,0.152976,0.1275,3,50,Beach Road,9826.0,4913.0,propagated,0.14197,377.829,836.998,2470.637,22.359,0.00905,829.423,1.0,6,1756641.9,5932464.6
2939,13,0.48867599999999994,0.4072,3,50,Beach Road,9826.0,4913.0,count,0.14197,377.829,836.998,2470.637,26.109,0.010568,828.153,1.0,7,1756841.3,5932386.5
2940,1,0.042456,0.0354,3,50,Beach Road,9074.0,4537.0,propagated,0.137646,348.913,749.4,2212.067,26.109,0.011803,740.555,1.0,7,1756834.8,5932194.7
2941,2,0.084012,0.07,3,50,Beach Road,9074.0,4537.0,propagated,0.137646,348.913,749.4,2212.067,29.918,0.013525,739.264,1.0,8,1756830.6,5932142.8
2942,6,0.47546399999999994,0.3962,3,50,Beach Road,9074.0,4537.0,count,0.137646,348.913,749.4,2212.067,33.792,0.015276,737.952,1.0,9,1756965.7,5931956.7
2943,1,0.026976,0.0225,3,50,Beach Road,9074.0,4537.0,propagated,0.137646,348.913,749.4,2212.067,37.272,0.016849,736.773,1.0,10,1757143.9,5931874.1
2944,1,0.020808,0.0173,3,50,Beach Road,9074.0,4537.0,propagated,0.137646,348.913,749.4,2212.067,40.752,0.018423,735.594,1.0,11,1757163.5,5931874.0
2945,3,0.13602,0.1134,3,50,Beach Road,8352.0,4176.0,propagated,0.118056,321.151,591.602,1746.281,40.752,0.023336,577.796,1.0,11,1757209.5,5931831.3
2946,12,0.34105199999999997,0.2842,3,50,Beach Road,8352.0,4176.0,count,0.118056,321.151,591.602,1746.281,43.535,0.02493,576.853,1.0,12,1757292.7,5931651.0
2947,7,0.516504,0.4304,3,50,Beach Road,9474.0,4737.0,count,0.13479,364.294,766.2,2261.657,43.535,0.019249,751.451,1.0,12,1757387.6,5931316.9
2948,11,0.5595720000000001,0.4663,3,50,Beach Road,8099.0,4049.5,count,0.137548,311.423,668.401,1972.976,43.535,0.022066,653.652,1.0,12,1757438.0,5930910.6
2949,4,0.230568,0.1921,3,50,Beach Road,5533.0,2766.5,propagated,0.117658,212.755,390.601,1152.97,43.535,0.037759,375.852,1.0,12,1757630.3,5930655.5
2950,2,0.094356,0.0786,3,50,Beach Road,5533.0,2766.5,propagated,0.117658,212.755,390.601,1152.97,47.106,0.040856,374.643,1.0,13,1757697.6,5930541.9
2951,1,0.019007142857142854,0.0089,2,28,32,12913.0,6456.5,default,0.096,496.531,743.789,2195.505,1.845,0.00084,743.164,1.0,1,1746192.1,5925621.5
2952,2,0.0374,0.0168,2,27,32,12913.0,6456.5,default,0.096,496.531,743.789,2195.505,1.845,0.00084,743.164,1.0,1,1746200.4,5925630.6
2953,12,0.57192,0.4766,2,50,Hobsonville Road,10761.0,5380.5,count,0.096,413.782,619.834,1829.616,1.845,0.001008,619.209,1.0,1,1746334.4,5925834.5
2954,3,0.10433999999999999,0.087,2,50,Hobsonville Road,23825.0,11912.5,propagated,0.096,916.119,1372.32,4050.792,1.845,0.000455,1371.695,1.0,1,1746563.0,5925988.8
2955,1,0.044508,0.0371,2,50,Brigham Creek Road,13476.0,6738.0,propagated,0.096,518.179,776.218,2291.228,1.845,0.000805,775.593,1.0,1,1746612.3,5926023.3
2956,5,0.11803199999999998,0.0984,4,50,Beach Haven Road,10651.0,5325.5,propagated,0.096,409.552,613.498,1810.914,3.24,0.001789,612.4,1.0,1,1751640.9,5927303.3
2957,3,0.083976,0.07,4,50,Beach Haven Road,10651.0,5325.5,propagated,0.096,409.552,613.498,1810.914,12.71,0.007019,609.192,1.0,4,1751717.0,5927336.5
2958,2,0.05135999999999999,0.0428,4,50,Beach Haven Road,10651.0,5325.5,propagated,0.096,409.552,613.498,1810.914,16.188,0.008939,608.014,1.0,5,1751766.8,5927363.1
2959,9,0.2819879999999999,0.235,4,50,Beach Haven Road,10651.0,5325.5,propagated,0.096,409.552,613.498,1810.914,19.665,0.010859,606.836,1.0,6,1751888.9,5927429.4
2960,9,0.9961559999999999,0.8301,4,50,Kaipatiki Road,15025.0,7512.5,count,0.096,577.741,865.44,2554.592,22.696,0.008884,857.751,1.0,7,1752370.6,5927631.6
2961,2,0.033408,0.0278,4,50,Kaipatiki Road,14395.0,7197.5,propagated,0.096,553.517,829.152,2447.478,22.696,0.009273,821.463,1.0,7,1752668.7,5927915.6
2962,1,0.028379999999999996,0.0236,4,50,Stanley Road,10408.0,5204.0,default,0.096,400.208,599.501,1769.598,22.696,0.012826,591.812,1.0,7,1752685.6,5927900.7
2963,1,0.024936,0.0208,4,50,Stanley Road,10408.0,5204.0,default,0.096,400.208,599.501,1769.598,27.644,0.015622,590.136,1.0,8,1752698.7,5927883.6
2964,6,0.306564,0.2555,4,50,Stanley Road,10408.0,5204.0,default,0.096,400.208,599.501,1769.598,32.722,0.018491,588.416,1.0,9,1752789.4,5927780.1
2965,6,0.395976,0.33,4,50,Stanley Road,10408.0,5204.0,default,0.096,400.208,599.501,1769.598,37.637,0.021269,586.75,1.0,10,1752964.6,5927546.6
2966,1,0.047484,0.0396,4,50,Stanley Road,10408.0,5204.0,default,0.096,400.208,599.501,1769.598,40.929,0.023129,585.635,1.0,11,1753063.5,5927390.3
2967,1,0.09038399999999999,0.0753,4,50,Stanley Road,10408.0,5204.0,default,0.096,400.208,599.501,1769.598,44.342,0.025058,584.479,1.0,12,1753110.9,5927360.0
2968,2,0.08781599999999999,0.0732,4,50,Stanley Road,10408.0,5204.0,default,0.096,400.208,599.501,1769.598,48.038,0.027146,583.227,1.0,13,1753161.4,5927310.1
2969,6,0.227892,0.1899,4,50,Stanley Road,10408.0,5204.0,default,0.096,400.208,599.501,1769.598,51.436,0.029066,582.076,1.0,14,1753197.8,5927183.5
2970,2,0.129336,0.1078,4,50,Stanley Road,10408.0,5204.0,default,0.096,400.208,599.501,1769.598,54.272,0.030669,581.115,1.0,15,1753247.6,5927047.8
2971,6,0.272256,0.2269,4,50,Roberts Road,10408.0,5204.0,default,0.096,400.208,599.501,1769.598,54.272,0.030669,581.115,1.0,15,1753389.6,5927020.3
2972,2,0.059183999999999994,0.0493,4,50,Roberts Road,10408.0,5204.0,default,0.096,400.208,599.501,1769.598,57.101,0.032268,580.156,1.0,16,1753522.5,5927058.3
2973,3,0.07506,0.0626,2,50,Glenfield Road,22812.0,11406.0,count,0.096,877.167,1313.971,3878.559,69.725,0.017977,1290.35,1.0,21,1753566.3,5927044.5
2974,3,0.196296,0.1636,2,50,Glenfield Road,19512.0,9756.0,count,0.096,750.275,1123.891,3317.484,72.545,0.021867,1099.314,1.0,22,1753644.6,5926963.0
2975,4,0.085968,0.0716,2,50,Glenfield Road,19842.0,9921.0,propagated,0.096,762.965,1142.899,3373.591,72.545,0.021504,1118.322,1.0,22,1753726.4,5926878.8
2976,9,0.217404,0.1812,2,50,Glenfield Road,19842.0,9921.0,count,0.096,762.965,1142.899,3373.591,75.091,0.022258,1117.46,1.0,23,1753812.6,5926786.3
2977,3,0.054216,0.0452,2,50,Glenfield Road,19842.0,9921.0,propagated,0.096,762.965,1142.899,3373.591,86.158,0.025539,1113.711,1.0,28,1753826.2,5926679.6
2978,6,0.508224,0.4235,2,50,Glenfield Road,25295.0,12647.5,count,0.096,972.643,1456.992,4300.726,86.158,0.020033,1427.804,1.0,28,1753789.8,5926448.4
2979,11,0.392352,0.327,2,50,Glenfield Road,21325.0,10662.5,count,0.096,819.989,1228.32,3625.736,86.158,0.023763,1199.132,1.0,28,1753770.3,5926078.2
2980,3,0.23805599999999996,0.1984,2,50,Glenfield Road,21378.0,10689.0,count,0.096,822.027,1231.373,3634.747,86.158,0.023704,1202.185,1.0,28,1753842.4,5925825.3
2981,4,0.250236,0.2085,2,50,Glenfield Road,21237.0,10618.5,count,0.096,816.605,1223.251,3610.773,86.158,0.023861,1194.063,1.0,28,1753897.1,5925629.5
2982,4,0.15348,0.1279,3,50,Balmoral Road,20625.0,10312.5,propagated,0.096,793.072,1188.0,3506.72,10.462,0.002983,1184.456,1.0,3,1755821.2,5916205.5
2983,1,0.079164,0.066,3,50,Balmoral Road,20625.0,10312.5,propagated,0.096,793.072,1188.0,3506.72,13.953,0.003979,1183.273,1.0,4,1755732.8,5916241.8
2984,1,0.008028,0.0067,2,50,Massey Road,25232.0,12616.0,propagated,0.096,970.221,1453.363,4290.014,3.038,0.000708,1452.334,1.0,1,1761739.8,5906568.9
2985,5,0.06670799999999999,0.0556,2,50,Exit 7 Massey Road,10746.0,5373.0,propagated,0.096,413.205,618.97,1827.066,9.26,0.005068,615.833,1.0,3,1761718.2,5906585.7
2986,1,0.021744,0.0181,2,50,Exit 7 Massey Road,10746.0,5373.0,propagated,0.096,413.205,618.97,1827.066,12.239,0.006699,614.824,1.0,4,1761689.8,5906609.3
2987,3,0.15778799999999998,0.263,2,100,Exit 7 Massey Road,10746.0,5373.0,count,0.096,413.205,618.97,1827.066,12.239,0.006699,614.824,1.0,4,1761574.0,5906689.0
2988,1,0.033198,0.0553,0,100,Southwestern Motorway,48734.0,24367.0,propagated,0.096,1873.92,2807.078,8285.888,19.036,0.002297,2800.629,1.0,6,1761438.6,5906771.1
2989,2,0.499962,0.8333,0,100,Southwestern Motorway,59480.0,29740.0,count,0.096,2287.125,3426.048,10112.954,19.036,0.001882,3419.599,1.0,6,1761074.4,5907025.2
2990,1,0.425208,0.7087,0,100,Southwestern Motorway,34976.0,17488.0,count,0.096,1344.897,2014.618,5946.718,19.036,0.003201,2008.169,1.0,6,1760483.6,5907512.6
2991,3,0.32166,0.5361,0,100,Southwestern Motorway,100560.0,50280.0,count,0.096,3866.733,5792.256,17097.49,19.036,0.001113,5785.807,1.0,6,1760157.5,5908042.4
2992,10,0.500742,0.8346,0,100,Southwestern Motorway,89720.0,44860.0,count,0.096,3449.913,5167.872,15254.443,19.036,0.001248,5161.423,1.0,6,1759886.3,5908670.9
2993,2,0.045059999999999996,0.0376,4,50,Williamson Avenue,8576.0,4288.0,count,0.127332,329.764,655.2,1934.009,7.116,0.003679,652.789,1.0,2,1755362.1,5919040.1
2994,2,0.086892,0.0724,4,50,Williamson Avenue,10721.0,5360.5,count,0.127413,412.244,819.597,2419.273,7.116,0.002941,817.186,1.0,2,1755405.9,5919073.1
2995,2,0.241512,0.2013,4,50,Williamson Avenue,9634.0,4817.0,count,0.120511,370.447,696.602,2056.219,7.116,0.003461,694.191,1.0,2,1755515.3,5919155.5
2996,2,0.240696,0.2006,4,50,Williamson Avenue,9397.0,4698.5,count,0.12206,361.333,688.199,2031.415,7.116,0.003503,685.788,1.0,2,1755676.8,5919275.0
2997,2,0.182568,0.1521,4,50,Williamson Avenue,9552.0,4776.0,count,0.096,367.294,550.195,1624.057,7.116,0.004382,547.784,1.0,2,1755817.5,5919381.1
2998,2,0.05195999999999999,0.0433,4,50,Williamson Avenue,18012.0,9006.0,propagated,0.096,692.597,1037.491,3062.45,12.566,0.004103,1033.234,1.0,3,1755896.2,5919439.0
2999,2,0.04764,0.0318,4,40,Williamson Avenue,18012.0,9006.0,count,0.096,692.597,1037.491,3062.45,12.566,0.004103,1033.234,1.0,3,1755925.3,5919462.7
3000,1,0.009816,0.0082,3,50,West Coast Road,13642.0,6821.0,propagated,0.096,524.562,785.779,2319.45,9.673,0.00417,782.502,1.0,2,1747206.1,5913787.7
3001,4,0.0847,0.0423,4,30,School Road,8733.0,4366.5,propagated,0.096,335.801,503.021,1484.809,5.154,0.003471,501.275,1.0,1,1746005.4,5918720.1
3002,1,0.0176,0.0088,4,30,School Road,5946.0,2973.0,propagated,0.096,228.636,342.49,1010.957,5.154,0.005098,340.744,1.0,1,1746030.0,5918717.7
3003,1,0.01073,0.0107,3,60,Ormiston Road,18880.0,9440.0,propagated,0.096,725.974,1087.488,3210.03,13.228,0.004121,1083.007,1.0,2,1771334.3,5907011.4
3004,1,0.02441,0.0244,3,60,Ormiston Road,16986.0,8493.0,propagated,0.110208,653.146,1123.196,3315.432,20.109,0.006065,1116.384,1.0,3,1771317.0,5907008.1
3005,7,0.19064000000000003,0.1906,3,60,Ormiston Road,16986.0,8493.0,count,0.110208,653.146,1123.196,3315.432,33.861,0.010213,1111.725,1.0,6,1771209.8,5906996.7
3006,6,0.17692,0.1769,3,60,Ormiston Road,16986.0,8493.0,propagated,0.110208,653.146,1123.196,3315.432,40.248,0.01214,1109.561,1.0,7,1771028.9,5907016.9
3007,8,0.37623999999999996,0.3762,3,60,Ormiston Road,18318.0,9159.0,count,0.118899,704.364,1306.795,3857.377,40.248,0.010434,1293.16,1.0,7,1770760.1,5907080.3
3008,6,0.15473,0.1547,3,60,Ormiston Road,16618.0,8309.0,propagated,0.108076,638.995,1077.604,3180.854,40.248,0.012653,1063.969,1.0,7,1770509.6,5907162.2
3009,6,0.31632000000000005,0.3163,3,60,Ormiston Road,16618.0,8309.0,count,0.108076,638.995,1077.604,3180.854,43.423,0.013651,1062.893,1.0,8,1770276.1,5907188.7
3010,5,0.29359,0.2936,3,60,Ormiston Road,24444.0,12222.0,count,0.099411,939.921,1458.001,4303.704,48.391,0.011244,1441.607,1.0,9,1769991.7,5907290.3
3011,5,0.14639999999999997,0.1464,3,60,Ormiston Road,23724.0,11862.0,count,0.098297,912.235,1399.199,4130.134,48.391,0.011717,1382.805,1.0,9,1769777.6,5907341.7
3012,2,0.049991999999999995,0.0417,3,50,Garnet Road,8928.0,4464.0,propagated,0.103271,343.299,553.202,1632.933,16.401,0.010044,547.646,1.0,3,1753348.6,5919752.6
3013,1,0.009830769230769231,0.0043,3,26,Garnet Road,8928.0,4464.0,propagated,0.103271,343.299,553.202,1632.933,16.401,0.010044,547.646,1.0,3,1753332.5,5919767.2
3014,1,0.007671428571428571,0.0036,3,28,Garnet Road,8928.0,4464.0,propagated,0.103271,343.299,553.202,1632.933,16.401,0.010044,547.646,1.0,3,1753329.1,5919765.7
3015,1,0.011883870967741936,0.0061,3,31,Garnet Road,8928.0,4464.0,propagated,0.103271,343.299,553.202,1632.933,21.687,0.013281,545.855,1.0,4,1753324.4,5919766.9
3016,1,0.025241379310344828,0.0122,3,29,Garnet Road,8928.0,4464.0,propagated,0.103271,343.299,553.202,1632.933,41.74,0.025561,539.061,1.0,8,1753320.2,5919774.7
3017,12,0.28202399999999994,0.235,3,50,Garnet Road,8928.0,4464.0,propagated,0.103271,343.299,553.202,1632.933,46.996,0.02878,537.281,1.0,9,1753244.8,5919867.7
3018,2,0.041436,0.0345,3,50,West End Road,11401.0,5700.5,propagated,0.096,438.391,656.698,1938.431,46.996,0.024244,640.777,1.0,9,1753167.7,5919974.1
3019,6,0.379092,0.3159,3,50,West End Road,11401.0,5700.5,count,0.096,438.391,656.698,1938.431,51.462,0.026548,639.264,1.0,10,1753291.2,5920096.4
3020,7,0.41725199999999996,0.3477,3,50,West End Road,12379.0,6189.5,count,0.096,475.997,713.03,2104.711,51.462,0.024451,695.596,1.0,10,1753599.2,5920194.8
3021,8,0.088968,0.0741,3,50,West End Road,10077.0,5038.5,propagated,0.119182,387.481,720.598,2127.05,51.462,0.024194,703.164,1.0,10,1753783.0,5920283.3
3022,18,0.6591480000000001,0.5493,3,50,West End Road,10077.0,5038.5,count,0.119182,387.481,720.598,2127.05,54.653,0.025694,702.083,1.0,11,1754073.2,5920384.0
3023,1,0.01667586206896552,0.0081,3,29,Jervois Road,7658.0,3829.0,propagated,0.096,294.465,441.101,1302.035,54.653,0.041975,422.586,1.0,11,1754259.7,5920552.0
3024,1,0.031091999999999998,0.0259,3,50,Jervois Road,7658.0,3829.0,propagated,0.096,294.465,441.101,1302.035,54.653,0.041975,422.586,1.0,11,1754275.1,5920556.6
3025,1,0.079044,0.0659,3,50,Jervois Road,7658.0,3829.0,propagated,0.096,294.465,441.101,1302.035,58.065,0.044596,421.43,1.0,12,1754320.6,5920560.2
3026,3,0.227568,0.1896,3,50,Jervois Road,7658.0,3829.0,count,0.096,294.465,441.101,1302.035,61.409,0.047164,420.297,1.0,13,1754413.0,5920646.7
3027,6,0.22208399999999998,0.1851,3,50,Jervois Road,12577.0,6288.5,count,0.118311,483.611,892.798,2635.347,61.409,0.023302,871.994,1.0,13,1754543.1,5920781.1
3028,4,0.181248,0.151,3,50,Jervois Road,15467.0,7733.5,count,0.117541,594.737,1090.804,3219.818,64.615,0.020068,1068.914,1.0,14,1754678.4,5920864.9
3029,1,0.039504,0.0329,3,50,Jervois Road,8952.0,4476.0,count,0.096,344.222,515.635,1522.043,64.615,0.042453,493.745,1.0,14,1754770.2,5920873.8
3030,2,0.066408,0.0553,3,50,Jervois Road,8952.0,4476.0,propagated,0.096,344.222,515.635,1522.043,67.499,0.044348,492.768,1.0,15,1754814.5,5920877.4
3031,1,0.039504,0.0329,3,50,Jervois Road,17441.0,8720.5,propagated,0.102746,670.641,1075.196,3173.747,67.499,0.021268,1052.329,1.0,15,1754858.2,5920881.6
3032,8,0.285348,0.2378,3,50,Jervois Road,17441.0,8720.5,count,0.102746,670.641,1075.196,3173.747,70.12,0.022094,1051.441,1.0,16,1754992.7,5920894.3
3033,3,0.06101999999999999,0.0508,3,50,Jervois Road,17823.0,8911.5,propagated,0.092465,685.33,988.802,2918.73,70.12,0.024024,965.047,1.0,16,1755136.6,5920907.8
3034,6,0.118656,0.0989,2,50,Jervois Road,17823.0,8911.5,propagated,0.092465,685.33,988.802,2918.73,70.12,0.024024,965.047,1.0,16,1755202.9,5920884.1
3035,8,0.305568,0.2546,2,50,Shelly Beach Road,8296.0,4148.0,count,0.096,318.998,477.85,1410.51,70.12,0.049713,454.095,1.0,16,1755293.4,5920968.4
3036,3,0.143916,0.1199,2,50,Shelly Beach Road,7424.0,3712.0,count,0.091595,285.468,408.001,1204.331,70.12,0.058223,384.246,1.0,16,1755363.3,5921142.1
3037,8,0.32872799999999996,0.2739,2,50,Shelly Beach Road,6500.0,3250.0,count,0.096,249.938,374.4,1105.148,70.12,0.063449,350.645,1.0,16,1755398.5,5921324.7
3038,4,0.111864,0.0932,2,50,Shelly Beach Road,6500.0,3250.0,propagated,0.096,249.938,374.4,1105.148,74.416,0.067336,349.189,1.0,17,1755295.7,5921476.1
3039,4,0.0764325,0.1019,2,80,Shelly Beach Road,6500.0,3250.0,propagated,0.096,249.938,374.4,1105.148,74.416,0.067336,349.189,1.0,17,1755299.2,5921571.3
3040,5,0.179004,0.1492,4,50,Terrace Atatu Road,5031.0,2515.5,count,0.096,193.452,289.786,855.386,6.857,0.008016,287.463,1.0,2,1746957.0,5922429.0
3041,2,0.101628,0.0847,4,50,Terrace Atatu Road,6479.0,3239.5,count,0.096,249.131,373.19,1101.576,6.857,0.006225,370.867,1.0,2,1747034.7,5922342.1
3042,2,0.067164,0.056,4,50,Terrace Atatu Road,6479.0,3239.5,propagated,0.096,249.131,373.19,1101.576,11.366,0.010318,369.339,1.0,3,1747081.1,5922289.4
3043,6,0.274692,0.2289,4,50,Terrace Atatu Road,7887.0,3943.5,count,0.096,303.271,454.291,1340.969,11.366,0.008476,450.44,1.0,3,1747120.5,5922152.9
3044,4,0.27128399999999997,0.2261,4,50,Terrace Atatu Road,8681.0,4340.5,count,0.096,333.802,500.026,1475.969,11.366,0.007701,496.175,1.0,3,1747175.6,5921932.3
3045,1,0.055608000000000005,0.0463,4,50,Terrace Atatu Road,8681.0,4340.5,propagated,0.096,333.802,500.026,1475.969,15.575,0.010552,494.75,1.0,4,1747207.4,5921800.2
3046,4,0.143352,0.1195,4,50,Terrace Atatu Road,10919.0,5459.5,propagated,0.096,419.857,628.934,1856.477,15.575,0.00839,623.658,1.0,4,1747227.0,5921719.8
3047,2,0.03984,0.0332,4,50,Terrace Atatu Road,10919.0,5459.5,count,0.096,419.857,628.934,1856.477,20.913,0.011265,621.849,1.0,5,1747245.8,5921645.9
3048,3,0.17036400000000002,0.142,4,50,Terrace Atatu Road,10919.0,5459.5,propagated,0.096,419.857,628.934,1856.477,26.378,0.014209,619.998,1.0,6,1747267.0,5921560.7
3049,3,0.040223999999999996,0.0335,4,50,Te Atatu Road,10919.0,5459.5,propagated,0.096,419.857,628.934,1856.477,31.928,0.017198,618.117,1.0,7,1747273.6,5921478.9
3050,1,0.030852,0.0257,4,50,Te Atatu Road,10919.0,5459.5,propagated,0.096,419.857,628.934,1856.477,42.802,0.023055,614.434,1.0,10,1747281.2,5921453.3
3051,1,0.007932,0.0066,4,50,Te Atatu Road,10919.0,5459.5,propagated,0.096,419.857,628.934,1856.477,47.302,0.025479,612.909,1.0,11,1747280.9,5921437.1
3052,8,0.306336,0.2553,4,50,Te Atatu Road,19094.0,9547.0,count,0.088771,734.202,1016.996,3001.953,47.302,0.015757,1000.971,1.0,11,1747270.7,5921306.3
3053,4,0.06372,0.0531,4,50,Te Atatu Road,16346.0,8173.0,count,0.096,628.536,941.53,2779.193,47.302,0.01702,925.505,1.0,11,1747258.9,5921152.3
3054,5,0.158328,0.1319,4,50,Te Atatu Road,24986.0,12493.0,count,0.082686,960.762,1239.595,3659.017,47.302,0.012928,1223.57,1.0,11,1747253.3,5921060.3
3055,4,0.21868800000000002,0.1822,4,50,Te Atatu Road,23015.0,11507.5,count,0.096,884.973,1325.664,3913.074,47.302,0.012088,1309.639,1.0,11,1747242.2,5920904.0
3056,5,0.31938,0.2662,4,50,Te Atatu Road,24847.0,12423.5,count,0.096,955.417,1431.187,4224.555,47.302,0.011197,1415.162,1.0,11,1747223.0,5920679.9
3057,1,0.05132,0.0257,4,30,Westhaven Drive,2935.0,1467.5,propagated,0.096,112.857,169.056,499.017,25.044,0.050187,160.572,1.0,4,1756180.0,5920996.1
3058,2,0.138396,0.1153,4,50,Don McKinnon Drive,12956.0,6478.0,propagated,0.10034,498.184,780.003,2302.401,8.483,0.003684,777.129,1.0,2,1752886.6,5933874.8
3059,1,0.073596,0.0613,4,50,Ocean View Road,6916.0,3458.0,propagated,0.096,265.934,398.362,1175.879,6.615,0.005626,396.121,1.0,2,1754912.2,5925803.1
3060,5,0.552288,0.4602,4,50,Ocean View Road,6916.0,3458.0,count,0.096,265.934,398.362,1175.879,9.71,0.008258,395.072,1.0,3,1755106.1,5925976.1
3061,11,0.6186719999999999,0.5156,4,50,Ocean View Road,10971.0,5485.5,count,0.096,421.857,631.93,1865.321,9.71,0.005206,628.64,1.0,3,1755461.4,5926309.8
3062,5,0.13300800000000002,0.1108,4,50,Ocean View Road,15474.0,7737.0,propagated,0.096,595.006,891.302,2630.931,9.71,0.003691,888.012,1.0,3,1755690.7,5926523.1
3063,1,0.02574,0.0214,4,50,Ocean View Road,15474.0,7737.0,propagated,0.096,595.006,891.302,2630.931,16.962,0.006447,885.556,1.0,4,1755736.6,5926568.1
3064,1,0.016956,0.0141,4,50,Ocean View Road,15474.0,7737.0,propagated,0.096,595.006,891.302,2630.931,24.152,0.00918,883.12,1.0,5,1755750.2,5926578.8
3065,5,0.176292,0.1469,4,50,Northcote Road,21433.0,10716.5,count,0.096,824.142,1234.541,3644.099,24.152,0.006628,1226.359,1.0,5,1755808.8,5926634.3
3066,3,0.09813599999999999,0.0818,4,50,Northcote Road,21130.0,10565.0,propagated,0.096,812.491,1217.088,3592.581,24.152,0.006723,1208.906,1.0,5,1755892.6,5926712.4
3067,2,0.06048,0.0504,4,50,Northcote Road,21130.0,10565.0,propagated,0.096,812.491,1217.088,3592.581,31.619,0.008801,1206.376,1.0,6,1755943.4,5926753.9
3068,1,0.011364,0.0095,3,50,Northcote Road,21130.0,10565.0,propagated,0.096,812.491,1217.088,3592.581,38.689,0.010769,1203.981,1.0,7,1755965.4,5926773.9
3069,8,0.593208,0.4943,4,50,Gossamer Drive,14805.0,7402.5,count,0.096,569.282,852.768,2517.187,3.016,0.001198,851.746,1.0,1,1768218.3,5912609.6
3070,3,0.111012,0.0925,2,50,Oteha Valley Road,17776.0,8888.0,propagated,0.097435,683.523,1039.203,3067.503,2.014,0.000657,1038.521,1.0,1,1751762.0,5934286.1
3071,6,0.277764,0.2315,2,50,Oteha Valley Road,17776.0,8888.0,propagated,0.097435,683.523,1039.203,3067.503,5.295,0.001726,1037.409,1.0,2,1751674.9,5934154.4
3072,2,0.060815999999999995,0.0507,2,50,Albany Expressway,20013.0,10006.5,propagated,0.096,769.54,1152.749,3402.666,5.295,0.001556,1150.955,1.0,2,1751673.0,5934024.6
3073,12,0.31188000000000005,0.4158,2,80,Albany Expressway,20013.0,10006.5,propagated,0.096,769.54,1152.749,3402.666,5.295,0.001556,1150.955,1.0,2,1751834.2,5933856.0
3074,1,0.12537,0.1672,2,80,Albany Expressway,57542.0,28771.0,propagated,0.096,2212.605,3314.419,9783.45,5.295,0.000541,3312.625,1.0,2,1752055.7,5933667.3
3075,1,0.0279375,0.0372,2,80,Albany Expressway,57542.0,28771.0,propagated,0.096,2212.605,3314.419,9783.45,9.604,0.000982,3311.165,1.0,3,1752134.6,5933602.2
3076,7,0.301935,0.4026,2,80,Albany Expressway,57542.0,28771.0,propagated,0.096,2212.605,3314.419,9783.45,14.071,0.001438,3309.652,1.0,4,1752305.9,5933463.9
3077,1,0.02412,0.0322,2,80,Albany Expressway,57542.0,28771.0,propagated,0.096,2212.605,3314.419,9783.45,19.18,0.00196,3307.921,1.0,5,1752481.0,5933335.8
3078,2,0.06702,0.0558,4,50,Main Highway,12124.0,6062.0,count,0.12999,466.192,945.599,2791.204,52.052,0.018649,927.965,1.0,9,1761015.5,5915070.3
3079,2,0.03518399999999999,0.0293,4,50,Main Highway,13200.0,6600.0,count,0.119773,507.566,948.602,2800.068,52.052,0.01859,930.968,1.0,9,1760975.5,5915055.3
3080,3,0.153456,0.1279,4,50,Main Highway,13200.0,6600.0,propagated,0.119773,507.566,948.602,2800.068,57.21,0.020432,929.22,1.0,10,1760901.0,5915067.5
3081,8,0.299772,0.2498,4,50,Main Highway,7285.0,3642.5,count,0.096,280.123,419.616,1238.616,57.21,0.046189,400.235,1.0,10,1760729.3,5915146.2
3082,2,0.07744799999999999,0.0645,4,50,Main Highway,7285.0,3642.5,propagated,0.096,280.123,419.616,1238.616,60.874,0.049147,398.993,1.0,11,1760586.2,5915211.6
3083,3,0.18590399999999999,0.1549,4,50,Main Highway,7285.0,3642.5,propagated,0.096,280.123,419.616,1238.616,64.646,0.052192,397.715,1.0,12,1760487.0,5915258.5
3084,2,0.111384,0.0928,4,50,Main Highway,7285.0,3642.5,propagated,0.096,280.123,419.616,1238.616,67.919,0.054835,396.607,1.0,13,1760374.0,5915309.1
3085,9,0.11691599999999999,0.0974,2,50,Great South Road,16843.0,8421.5,count,0.096,647.647,970.157,2863.694,71.299,0.024898,946.002,1.0,14,1760303.8,5915369.3
3086,2,0.043607999999999994,0.0363,2,50,Great South Road,16843.0,8421.5,propagated,0.096,647.647,970.157,2863.694,74.249,0.025928,945.003,1.0,15,1760256.3,5915416.3
3087,4,0.11647199999999999,0.0971,2,50,Great South Road,27707.0,13853.5,propagated,0.096,1065.39,1595.923,4710.82,74.249,0.015761,1570.769,1.0,15,1760206.7,5915461.0
3088,1,0.005723999999999999,0.0048,2,50,East Coast Road,25605.0,12802.5,propagated,0.111814,984.563,1717.798,5070.569,2.212,0.000436,1717.049,1.0,1,1755382.0,5931819.7
3089,1,0.022128000000000002,0.0184,2,50,East Coast Road,25605.0,12802.5,propagated,0.111814,984.563,1717.798,5070.569,3.541,0.000698,1716.598,1.0,2,1755374.7,5931822.4
3090,3,0.11950799999999999,0.0996,4,50,Sunset Road,11684.0,5842.0,propagated,0.131804,449.273,923.999,2727.446,3.541,0.001298,922.799,1.0,2,1755326.6,5931813.8
3091,2,0.021779999999999997,0.0182,4,50,Sunset Road,11684.0,5842.0,propagated,0.131804,449.273,923.999,2727.446,6.299,0.002309,921.865,1.0,3,1755296.9,5931764.0
3092,6,0.188688,0.1572,4,50,Sunset Road,11684.0,5842.0,count,0.131804,449.273,923.999,2727.446,9.058,0.003321,920.93,1.0,4,1755255.6,5931686.3
3093,9,0.350472,0.2921,4,50,Sunset Road,11684.0,5842.0,propagated,0.131804,449.273,923.999,2727.446,12.308,0.004513,919.829,1.0,5,1755124.0,5931511.6
3094,1,0.084204,0.0702,4,50,Sunset Road,11684.0,5842.0,propagated,0.131804,449.273,923.999,2727.446,15.985,0.005861,918.584,1.0,6,1754963.2,5931428.9
3095,3,0.25717199999999996,0.2143,4,50,Sunset Road,11065.0,5532.5,propagated,0.096,425.471,637.344,1881.302,19.518,0.010375,630.732,1.0,7,1754837.9,5931362.5
3096,7,0.25264800000000004,0.2105,4,50,Sunset Road,11065.0,5532.5,propagated,0.096,425.471,637.344,1881.302,22.672,0.012051,629.663,1.0,8,1754660.7,5931245.8
3097,3,0.11604,0.0967,4,50,Sunset Road,11065.0,5532.5,count,0.096,425.471,637.344,1881.302,25.805,0.013717,628.602,1.0,9,1754512.4,5931207.5
3098,4,0.060371999999999995,0.0503,4,50,Sunset Road,11065.0,5532.5,propagated,0.096,425.471,637.344,1881.302,28.995,0.015412,627.521,1.0,10,1754441.3,5931193.0
3099,2,0.042660000000000003,0.0356,4,50,Sunset Road,14055.0,7027.5,propagated,0.118036,540.443,995.398,2938.2,28.995,0.009868,985.575,1.0,10,1754400.6,5931180.8
3100,3,0.04623599999999999,0.0385,4,50,Sunset Road,14055.0,7027.5,propagated,0.118036,540.443,995.398,2938.2,32.179,0.010952,984.496,1.0,11,1754371.0,5931159.0
3101,4,0.10565999999999999,0.088,4,50,Sunset Road,14055.0,7027.5,count,0.118036,540.443,995.398,2938.2,35.223,0.011988,983.465,1.0,12,1754333.4,5931109.4
3102,3,0.039923999999999994,0.0333,2,50,Green Lane W,20611.0,10305.5,propagated,0.096,792.534,1187.194,3504.34,2.156,0.000615,1186.464,1.0,1,1758170.1,5915482.6
3103,2,0.05368799999999999,0.0447,2,50,Green Lane W,20611.0,10305.5,propagated,0.096,792.534,1187.194,3504.34,4.58,0.001307,1185.642,1.0,2,1758131.3,5915480.6
3104,1,0.044399999999999995,0.037,4,50,Picton Street,3530.0,1765.0,propagated,0.096,135.736,203.328,600.18,5.733,0.009552,201.386,1.0,1,1756042.3,5919770.1
3105,3,0.43858,0.2193,4,30,Hepburn Street,4318.0,2159.0,count,0.096,166.036,248.717,734.159,11.661,0.015883,244.767,1.0,2,1756102.9,5919872.7
3106,1,0.01462,0.0073,4,30,Hepburn Street,4318.0,2159.0,propagated,0.096,166.036,248.717,734.159,17.815,0.024266,242.682,1.0,3,1756146.2,5919977.4
3107,2,0.11599999999999999,0.058,4,30,Hepburn Street,4318.0,2159.0,propagated,0.096,166.036,248.717,734.159,24.066,0.03278,240.564,1.0,4,1756159.1,5920007.0
3108,1,0.09794,0.049,4,30,Hepburn Street,4318.0,2159.0,propagated,0.096,166.036,248.717,734.159,30.808,0.041964,238.28,1.0,5,1756178.8,5920056.7
3109,1,0.017920000000000002,0.009,4,30,Wellington Street,13165.0,6582.5,propagated,0.093202,506.221,736.203,2173.112,30.808,0.014177,725.766,1.0,5,1756192.2,5920078.7
3110,2,0.16686,0.0834,4,30,Wellington Street,13165.0,6582.5,propagated,0.093202,506.221,736.203,2173.112,37.779,0.017385,723.404,1.0,6,1756236.0,5920064.5
3111,1,0.009179999999999999,0.0046,4,30,Wellington Street,13165.0,6582.5,propagated,0.093202,506.221,736.203,2173.112,45.371,0.020878,720.832,1.0,7,1756277.7,5920050.5
3112,3,0.19610000000000002,0.0981,4,30,Wellington Street,13165.0,6582.5,propagated,0.093202,506.221,736.203,2173.112,52.963,0.024372,718.26,1.0,8,1756326.0,5920032.9
3113,2,0.04082,0.0204,4,30,Wellington Street,13165.0,6582.5,propagated,0.093202,506.221,736.203,2173.112,61.908,0.028488,715.23,1.0,9,1756381.7,5920017.0
3114,3,0.09522,0.0476,4,30,Wellington Street,13165.0,6582.5,propagated,0.093202,506.221,736.203,2173.112,71.93,0.0331,711.835,1.0,10,1756413.9,5920006.3
3115,1,0.04708,0.0235,4,30,Wellington Street,16759.0,8379.5,propagated,0.080613,644.417,810.596,2392.704,71.93,0.030062,786.228,1.0,10,1756448.9,5920000.1
3116,2,0.011182500000000001,0.0149,4,80,Entry 425 Wellington Street,25694.0,12847.0,count,0.096,987.986,1479.974,4368.564,71.93,0.016465,1455.606,1.0,10,1756466.8,5919995.0
3117,1,0.00764,0.0038,4,30,Wellington Street,16759.0,8379.5,propagated,0.080613,644.417,810.596,2392.704,93.232,0.038965,779.011,1.0,12,1756475.1,5919991.9
3118,1,0.007212,0.012,3,100,Entry 417 Tristram Avenue,16062.0,8031.0,propagated,0.096,617.616,925.171,2730.905,16.419,0.006012,919.609,1.0,2,1755477.9,5929042.9
3119,1,0.034595999999999995,0.0288,3,50,Entry 417 Tristram Avenue,16062.0,8031.0,count,0.096,617.616,925.171,2730.905,16.419,0.006012,919.609,1.0,2,1755484.2,5929023.4
3120,2,0.10341600000000001,0.0862,3,50,Exit 417 Tristram Avenue,16629.0,8314.5,propagated,0.096,639.418,957.83,2827.307,24.967,0.008831,949.372,1.0,3,1755506.8,5928970.9
3121,4,0.127188,0.106,4,50,Roberta Avenue,2683.0,1341.5,propagated,0.096,103.167,154.541,456.172,4.929,0.010805,152.871,1.0,1,1767373.4,5918570.9
3122,2,0.10700399999999999,0.0892,4,50,Roberta Avenue,2683.0,1341.5,propagated,0.096,103.167,154.541,456.172,9.638,0.021128,151.276,1.0,2,1767400.9,5918664.5
3123,3,0.18296399999999996,0.1525,3,50,Riddell Road,3078.0,1539.0,propagated,0.109487,118.355,202.201,596.854,16.275,0.027268,196.687,1.0,4,1767314.2,5918706.4
3124,4,0.16464,0.1372,3,50,Riddell Road,2669.0,1334.5,propagated,0.170476,102.628,273.0,805.837,16.275,0.020196,267.486,1.0,4,1767186.6,5918766.1
3125,8,0.556068,0.4634,3,50,Riddell Road,2669.0,1334.5,count,0.170476,102.628,273.0,805.837,21.154,0.026251,265.833,1.0,5,1766929.9,5918900.6
3126,6,0.48045599999999994,0.4004,3,50,Riddell Road,4704.0,2352.0,propagated,0.096,180.878,270.95,799.786,21.154,0.02645,263.783,1.0,5,1766519.1,5919031.3
3127,4,0.24318,0.2026,3,50,Riddell Road,4704.0,2352.0,count,0.096,180.878,270.95,799.786,26.439,0.033058,261.993,1.0,6,1766225.0,5919082.9
3128,1,0.144516,0.1204,3,50,Riddell Road,4948.0,2474.0,count,0.096,190.26,285.005,841.273,30.976,0.03682,274.511,1.0,7,1766064.9,5919065.5
3129,2,0.215796,0.1798,3,50,Riddell Road,5352.0,2676.0,count,0.096,205.795,308.275,909.961,30.976,0.034041,297.781,1.0,7,1765917.8,5919075.5
3130,2,0.058775999999999995,0.049,2,50,Saint Heliers Bay Road,7786.0,3893.0,propagated,0.096,299.387,448.474,1323.798,61.496,0.046454,427.64,1.0,13,1765820.8,5919080.1
3131,3,0.14866799999999997,0.1239,2,50,Saint Heliers Bay Road,13097.0,6548.5,propagated,0.096,503.606,754.387,2226.788,61.496,0.027616,733.554,1.0,13,1765777.1,5919005.4
3132,1,0.020604,0.0172,2,50,Saint Heliers Bay Road,13097.0,6548.5,count,0.096,503.606,754.387,2226.788,63.545,0.028537,732.859,1.0,14,1765733.9,5918950.4
3133,3,0.12734399999999998,0.1061,2,50,Saint Heliers Bay Road,13097.0,6548.5,propagated,0.096,503.606,754.387,2226.788,65.594,0.029457,732.165,1.0,15,1765686.0,5918911.9
3134,5,0.25491600000000003,0.2124,2,50,Saint Heliers Bay Road,13068.0,6534.0,count,0.096,502.491,752.717,2221.858,65.594,0.029522,730.495,1.0,15,1765561.8,5918812.3
3135,9,0.345024,0.2875,2,50,Saint Heliers Bay Road,14270.0,7135.0,count,0.096,548.71,821.952,2426.225,65.594,0.027035,799.73,1.0,15,1765368.2,5918654.2
3136,6,0.347028,0.2892,2,50,Saint Heliers Bay Road,15423.0,7711.5,count,0.096,593.045,888.365,2622.262,65.594,0.025014,866.143,1.0,15,1765146.6,5918469.8
3137,3,0.065028,0.0542,3,50,Grafton Road,9033.0,4516.5,propagated,0.116683,347.337,632.399,1866.705,6.157,0.003298,630.313,1.0,1,1757876.1,5919789.8
3138,1,0.021599999999999998,0.018,3,50,Grafton Road,7591.0,3795.5,propagated,0.109603,291.889,499.198,1473.525,6.157,0.004178,497.112,1.0,1,1757873.2,5919825.7
3139,2,0.036276,0.0302,3,50,Alderman Drive,12883.0,6441.5,propagated,0.096,495.377,742.061,2190.404,6.766,0.003089,739.769,1.0,1,1745517.0,5917479.5
3140,2,0.084732,0.0706,3,50,Alderman Drive,20137.0,10068.5,propagated,0.096,774.308,1159.891,3423.748,6.766,0.001976,1157.599,1.0,1,1745544.0,5917521.7
3141,11,0.46112400000000003,0.3843,4,50,Boundary Road,4140.0,2070.0,count,0.135749,159.191,337.201,995.345,7.287,0.007321,334.732,1.0,4,1752721.2,5912829.7
3142,8,0.565524,0.4713,4,50,Boundary Road,8110.0,4055.0,count,0.116153,311.846,565.2,1668.348,7.287,0.004368,562.731,1.0,4,1752854.4,5913235.8
3143,6,0.15820800000000002,0.1318,4,50,Boundary Road,25540.0,12770.0,count,0.096,982.064,1471.104,4342.382,7.287,0.001678,1468.635,1.0,4,1752949.2,5913521.6
3144,3,0.118836,0.099,4,50,New Windsor Road,37692.0,18846.0,propagated,0.096,1449.333,2171.059,6408.498,7.287,0.001137,2168.59,1.0,4,1752945.3,5913629.7
3145,6,0.558684,0.4656,4,50,New Windsor Road,37692.0,18846.0,propagated,0.096,1449.333,2171.059,6408.498,10.449,0.00163,2167.519,1.0,5,1752797.3,5913869.4
3146,15,0.7528319999999998,0.6274,1,50,Maioro Street,39589.0,19794.5,propagated,0.096,1522.276,2280.326,6731.03,10.449,0.001552,2276.786,1.0,5,1752961.9,5914142.8
3147,5,0.088536,0.0738,1,50,Maioro Street,19274.0,9637.0,propagated,0.096,741.124,1110.182,3277.018,10.449,0.003189,1106.642,1.0,5,1753295.6,5914248.0
3148,3,0.071712,0.0598,4,50,Richardson Road,17093.0,8546.5,propagated,0.096,657.26,984.557,2906.2,21.754,0.007485,977.187,1.0,8,1753315.0,5914296.4
3149,4,0.065316,0.0544,4,50,Richardson Road,17093.0,8546.5,propagated,0.096,657.26,984.557,2906.2,27.559,0.009483,975.221,1.0,9,1753300.1,5914349.8
3150,1,0.019452,0.0162,4,50,Richardson Road,7949.0,3974.5,propagated,0.096,305.655,457.862,1351.51,33.606,0.024866,446.477,1.0,10,1753287.6,5914382.6
3151,1,0.008280000000000001,0.0069,4,50,Richardson Road,7949.0,3974.5,propagated,0.096,305.655,457.862,1351.51,39.654,0.029341,444.428,1.0,11,1753283.4,5914393.3
3152,4,0.087744,0.0731,4,50,Panama Road,11334.0,5667.0,propagated,0.096,435.815,652.838,1927.037,7.073,0.00367,650.442,1.0,1,1764111.0,5911568.9
3153,1,0.005604,0.0047,4,50,Panama Road,11334.0,5667.0,propagated,0.096,435.815,652.838,1927.037,14.828,0.007695,647.815,1.0,2,1764081.0,5911591.2
3154,3,0.111444,0.0929,3,50,Mount Wellington Highway,15997.0,7998.5,propagated,0.096,615.117,921.427,2719.854,77.658,0.028552,895.118,1.0,12,1764070.5,5911638.5
3155,3,0.071244,0.0594,3,50,Mount Wellington Highway,15997.0,7998.5,propagated,0.096,615.117,921.427,2719.854,86.364,0.031753,892.169,1.0,13,1764055.7,5911713.2
3156,1,0.021228,0.0177,3,50,Mount Wellington Highway,15997.0,7998.5,count,0.096,615.117,921.427,2719.854,95.012,0.034933,889.239,1.0,14,1764048.0,5911751.1
3157,1,0.01002,0.0084,3,50,Mount Wellington Highway,15997.0,7998.5,propagated,0.096,615.117,921.427,2719.854,104.418,0.038391,886.052,1.0,15,1764045.6,5911763.9
3158,1,0.052247999999999996,0.0435,3,50,Mount Wellington Highway,15997.0,7998.5,propagated,0.096,615.117,921.427,2719.854,114.002,0.041915,882.806,1.0,16,1764040.8,5911789.5
3159,2,0.14373599999999997,0.1198,3,50,Mount Wellington Highway,19141.0,9570.5,count,0.089755,736.01,1030.8,3042.699,114.002,0.037467,992.179,1.0,16,1764025.2,5911869.7
3160,3,0.08262,0.0688,3,50,Wairau Road,26819.0,13409.5,count,0.096,1031.244,1544.774,4559.839,16.631,0.003647,1539.14,1.0,2,1755529.3,5928680.2
3161,2,0.049164,0.041,3,50,Wairau Road,26819.0,13409.5,propagated,0.096,1031.244,1544.774,4559.839,25.071,0.005498,1536.28,1.0,3,1755553.8,5928630.9
3162,1,0.04164,0.0347,3,50,Wairau Road,26819.0,13409.5,propagated,0.096,1031.244,1544.774,4559.839,33.235,0.007289,1533.515,1.0,4,1755570.7,5928596.8
3163,3,0.07432799999999999,0.0619,3,50,Wairau Road,26819.0,13409.5,propagated,0.096,1031.244,1544.774,4559.839,41.081,0.009009,1530.857,1.0,5,1755591.8,5928553.5
3164,2,0.072372,0.0603,3,50,Wairau Road,26819.0,13409.5,propagated,0.096,1031.244,1544.774,4559.839,48.539,0.010645,1528.33,1.0,6,1755619.3,5928499.3
3165,2,0.035676,0.0297,3,50,Wairau Road,26819.0,13409.5,propagated,0.096,1031.244,1544.774,4559.839,55.317,0.012131,1526.034,1.0,7,1755639.1,5928459.0
3166,2,0.028104000000000004,0.0234,2,50,Swanson Road,15285.0,7642.5,propagated,0.096,587.739,880.416,2598.798,3.09,0.001189,879.369,1.0,1,1743661.3,5919370.5
3167,3,0.045216,0.0377,2,50,Swanson Road,27754.0,13877.0,propagated,0.096,1067.197,1598.63,4718.811,54.321,0.011512,1580.227,1.0,14,1743681.5,5919349.0
3168,2,0.085476,0.0712,2,50,Swanson Road,27754.0,13877.0,count,0.096,1067.197,1598.63,4718.811,60.501,0.012821,1578.134,1.0,16,1743721.6,5919321.2
3169,5,0.092628,0.0772,2,50,Swanson Road,27754.0,13877.0,propagated,0.096,1067.197,1598.63,4718.811,63.573,0.013472,1577.093,1.0,17,1743767.7,5919263.6
3170,2,0.031596,0.0263,2,50,Swanson Road,24726.0,12363.0,propagated,0.094031,950.764,1395.006,4117.757,63.573,0.015439,1373.469,1.0,17,1743804.1,5919234.3
3171,1,0.02718,0.0272,2,60,Exit 444 East Tamaki Road,20278.0,10139.0,propagated,0.096,779.73,1168.013,3447.722,3.916,0.001136,1166.686,1.0,1,1766251.2,5907581.8
3172,1,0.0075239999999999994,0.0125,2,100,Exit 444 East Tamaki Road,20278.0,10139.0,propagated,0.096,779.73,1168.013,3447.722,7.609,0.002207,1165.435,1.0,2,1766234.8,5907593.0
3173,5,0.14563500000000001,0.1942,2,80,Te Irirangi Drive,27806.0,13903.0,count,0.096,1069.196,1601.626,4727.654,3.745,0.000792,1600.357,1.0,1,1769901.8,5909750.8
3174,1,0.006622500000000001,0.0088,2,80,Te Irirangi Drive,27806.0,13903.0,propagated,0.096,1069.196,1601.626,4727.654,7.281,0.00154,1599.159,1.0,2,1769925.1,5909849.6
3175,1,0.0177,0.0236,2,80,Te Irirangi Drive,27806.0,13903.0,propagated,0.096,1069.196,1601.626,4727.654,10.617,0.002246,1598.029,1.0,3,1769927.9,5909865.7
3176,8,0.30801,0.4107,2,80,Te Irirangi Drive,27806.0,13903.0,propagated,0.096,1069.196,1601.626,4727.654,13.849,0.002929,1596.934,1.0,4,1769981.9,5910076.0
3177,2,0.2530725,0.3374,2,80,Te Irirangi Drive,28988.0,14494.0,propagated,0.096,1114.647,1669.709,4928.621,13.849,0.00281,1665.017,1.0,4,1770062.2,5910441.1
3178,5,0.114675,0.1529,2,80,Te Irirangi Drive,28988.0,14494.0,propagated,0.096,1114.647,1669.709,4928.621,15.489,0.003143,1664.462,1.0,5,1770107.7,5910681.7
3179,2,0.1530825,0.2041,2,80,Te Irirangi Drive,28988.0,14494.0,count,0.096,1114.647,1669.709,4928.621,17.258,0.003502,1663.862,1.0,6,1770142.5,5910857.0
3180,8,0.1302825,0.1737,2,80,Te Irirangi Drive,26170.0,13085.0,count,0.096,1006.289,1507.392,4449.496,17.258,0.003879,1501.545,1.0,6,1770207.8,5911034.1
3181,1,0.024195,0.0323,2,80,Te Irirangi Drive,26170.0,13085.0,propagated,0.096,1006.289,1507.392,4449.496,21.848,0.00491,1499.99,1.0,7,1770250.6,5911127.8
3182,6,0.07979,0.0798,2,60,Te Irirangi Drive,26170.0,13085.0,propagated,0.096,1006.289,1507.392,4449.496,26.669,0.005994,1498.357,1.0,8,1770275.0,5911178.0
3183,2,0.10021000000000001,0.1002,2,60,Ti Rakau Drive,28612.0,14306.0,default,0.096,1100.189,1648.051,4864.691,26.669,0.005482,1639.016,1.0,8,1770301.8,5911262.9
3184,2,0.03396,0.0283,4,50,Vauxhall Road,5320.0,2660.0,propagated,0.096,204.565,306.432,904.521,3.786,0.004186,305.149,1.0,1,1761032.9,5923593.5
3185,1,0.006408,0.0053,4,50,Vauxhall Road,5320.0,2660.0,propagated,0.096,204.565,306.432,904.521,7.697,0.008509,303.824,1.0,2,1761036.0,5923609.9
3186,2,0.24129599999999998,0.2011,4,50,Vauxhall Road,4864.0,2432.0,count,0.096,187.031,280.166,826.99,7.697,0.009307,277.558,1.0,2,1761066.2,5923707.2
3187,4,0.21774,0.1814,4,50,Vauxhall Road,5168.0,2584.0,count,0.096,198.72,297.677,878.678,7.697,0.00876,295.069,1.0,2,1760979.3,5923876.9
3188,3,0.075084,0.0626,4,50,Vauxhall Road,5320.0,2660.0,propagated,0.096,204.565,306.432,904.521,7.697,0.008509,303.824,1.0,2,1760916.7,5923981.8
3189,3,0.140568,0.1171,4,50,Vauxhall Road,5320.0,2660.0,propagated,0.096,204.565,306.432,904.521,10.917,0.012069,302.734,1.0,3,1760879.9,5924063.3
3190,10,0.276912,0.2308,4,50,Vauxhall Road,5008.0,2504.0,count,0.096,192.568,288.461,851.475,10.917,0.012821,284.763,1.0,3,1760828.9,5924229.2
3191,1,0.01068,0.0089,4,50,Old Lake Road,5757.0,2878.5,propagated,0.096,221.368,331.603,978.82,10.917,0.011153,327.905,1.0,3,1760748.9,5924287.3
3192,3,0.15523199999999998,0.1294,4,50,Old Lake Road,5757.0,2878.5,count,0.096,221.368,331.603,978.82,14.389,0.0147,326.728,1.0,4,1760681.4,5924296.9
3193,1,0.041988,0.035,4,50,Old Lake Road,5757.0,2878.5,propagated,0.096,221.368,331.603,978.82,17.809,0.018194,325.57,1.0,5,1760638.8,5924364.2
3194,6,0.253464,0.2112,4,50,Old Lake Road,5998.0,2999.0,count,0.104035,230.635,374.401,1105.151,17.809,0.016115,368.368,1.0,5,1760573.4,5924458.0
3195,1,0.038772,0.0323,4,50,Old Lake Road,2991.0,1495.5,propagated,0.096,115.01,172.282,508.539,17.809,0.03502,166.249,1.0,5,1760452.0,5924451.9
3196,2,0.074556,0.0621,4,50,Old Lake Road,2991.0,1495.5,propagated,0.096,115.01,172.282,508.539,21.229,0.041745,165.09,1.0,6,1760405.3,5924450.9
3197,1,0.10738799999999998,0.0895,4,50,Old Lake Road,2991.0,1495.5,count,0.096,115.01,172.282,508.539,25.037,0.049233,163.8,1.0,7,1760329.8,5924444.5
3198,2,0.155184,0.1293,4,50,Old Lake Road,3380.0,1690.0,count,0.096,129.968,194.688,574.677,29.805,0.051864,184.591,1.0,8,1760220.8,5924435.4
3199,3,0.35568,0.2964,4,50,Old Lake Road,3037.0,1518.5,count,0.096,116.779,174.931,516.359,35.011,0.067804,163.07,1.0,9,1760008.2,5924418.4
3200,3,0.10766399999999998,0.0897,4,50,Hill Road,13364.0,6682.0,count,0.096,513.873,769.766,2272.183,9.064,0.003989,766.695,1.0,2,1769718.4,5901862.0
3201,6,0.130896,0.1091,4,50,Hill Road,21157.0,10578.5,count,0.096,813.529,1218.643,3597.171,9.064,0.00252,1215.572,1.0,2,1769626.0,5901825.0
3202,1,0.067164,0.056,3,50,Tripoli Road,14216.0,7108.0,propagated,0.096,546.634,818.842,2417.045,13.734,0.005682,814.189,1.0,4,1765704.3,5914797.2
3203,1,0.138456,0.1154,3,50,Tripoli Road,8706.0,4353.0,count,0.096,334.763,501.466,1480.219,13.734,0.009278,496.813,1.0,4,1765654.5,5914727.6
3204,1,0.11418,0.0952,3,50,Buckland Road,13069.0,6534.5,propagated,0.090213,502.529,707.396,2088.08,3.116,0.001492,706.34,1.0,1,1762736.0,5906829.6
3205,15,0.5166959999999999,0.4306,3,50,Buckland Road,13799.0,6899.5,count,0.096,530.599,794.822,2346.143,3.116,0.001328,793.766,1.0,1,1762501.2,5906948.4
3206,1,0.050304,0.0419,3,50,Buckland Road,11838.0,5919.0,propagated,0.096,455.195,681.869,2012.73,3.116,0.001548,680.813,1.0,1,1762290.1,5907054.0
3207,1,0.044363999999999994,0.037,2,50,Massey Road,18431.0,9215.5,propagated,0.096,708.709,1061.626,3133.691,3.116,0.000994,1060.57,1.0,1,1762284.7,5907076.3
3208,3,0.07663199999999999,0.0639,2,50,Massey Road,23038.0,11519.0,propagated,0.096,885.857,1326.989,3916.985,3.116,0.000796,1325.933,1.0,1,1762321.1,5907110.4
3209,12,0.27138,0.2262,2,50,Massey Road,23038.0,11519.0,count,0.096,885.857,1326.989,3916.985,6.439,0.001644,1324.808,1.0,2,1762426.8,5907209.9
3210,10,0.247128,0.2059,2,50,Massey Road,26832.0,13416.0,count,0.096,1031.744,1545.523,4562.05,6.439,0.001411,1543.342,1.0,2,1762583.2,5907359.6
3211,4,0.18829200000000001,0.1569,2,50,Massey Road,22773.0,11386.5,count,0.096,875.667,1311.725,3871.929,6.439,0.001663,1309.544,1.0,2,1762713.6,5907485.6
3212,4,0.293808,0.2448,2,50,Massey Road,22488.0,11244.0,count,0.096,864.709,1295.309,3823.473,6.439,0.001684,1293.128,1.0,2,1762858.8,5907624.2
3213,1,0.04942799999999999,0.0412,2,50,Massey Road,23143.0,11571.5,propagated,0.096,889.895,1333.037,3934.838,6.439,0.001636,1330.856,1.0,2,1762944.4,5907737.9
3214,11,0.7054799999999999,0.5879,4,50,Bairds Road,23564.0,11782.0,count,0.085597,906.083,1210.205,3572.264,1.905,0.000533,1209.56,1.0,1,1765195.5,5908160.2
3215,5,0.19914,0.1659,4,50,Bairds Road,24249.0,12124.5,propagated,0.080457,932.423,1170.601,3455.362,1.905,0.000551,1169.956,1.0,1,1765563.3,5908184.9
3216,2,0.09137999999999999,0.0762,4,50,Bairds Road,24249.0,12124.5,count,0.080457,932.423,1170.601,3455.362,7.972,0.002307,1167.9,1.0,2,1765675.4,5908230.1
3217,2,0.059004,0.0492,4,50,Bairds Road,21489.0,10744.5,count,0.082833,826.295,1067.999,3152.503,7.972,0.002529,1065.298,1.0,2,1765732.0,5908256.2
3218,1,0.02052,0.0171,4,50,Bairds Road,9929.0,4964.5,count,0.096,381.79,571.91,1688.155,13.826,0.00819,567.226,1.0,3,1765762.6,5908268.7
3219,2,0.10724399999999998,0.0894,4,50,Hellabys Road,12169.0,6084.5,propagated,0.088668,467.922,647.401,1910.988,13.826,0.007235,642.717,1.0,3,1765806.8,5908297.8
3220,2,0.148248,0.1235,4,50,Hellabys Road,12169.0,6084.5,propagated,0.088668,467.922,647.401,1910.988,25.319,0.013249,638.823,1.0,5,1765764.5,5908382.6
3221,2,0.15711599999999998,0.1309,4,50,Hellabys Road,13300.0,6650.0,propagated,0.086466,511.412,689.999,2036.728,25.319,0.012431,681.421,1.0,5,1765681.5,5908478.3
3222,3,0.385944,0.3216,4,50,Hellabys Road,13300.0,6650.0,count,0.086466,511.412,689.999,2036.728,33.362,0.01638,678.697,1.0,6,1765626.9,5908696.1
3223,1,0.0831,0.036,3,26,Highbrook Drive,38156.0,19078.0,propagated,0.10326,1467.175,2363.993,6977.997,33.362,0.004781,2352.691,1.0,6,1765625.2,5908848.0
3224,2,0.133224,0.111,3,50,Highbrook Drive,38156.0,19078.0,propagated,0.10326,1467.175,2363.993,6977.997,33.362,0.004781,2352.691,1.0,6,1765555.4,5908834.4
3225,1,0.009432,0.0079,4,50,Manly Esplanade,10408.0,5204.0,default,0.096,400.208,599.501,1769.598,11.298,0.006385,595.673,1.0,2,1756254.1,5935536.1
3226,1,0.03726,0.031,4,50,Bayview Road,5541.0,2770.5,count,0.096,213.063,319.162,942.097,11.298,0.011992,315.334,1.0,2,1756238.9,5935527.8
3227,4,0.07177199999999999,0.0598,4,50,Bayview Road,5541.0,2770.5,propagated,0.096,213.063,319.162,942.097,17.021,0.018067,313.396,1.0,3,1756194.5,5935526.8
3228,1,0.0132,0.011,4,50,Bayview Road,5541.0,2770.5,propagated,0.096,213.063,319.162,942.097,23.015,0.02443,311.365,1.0,4,1756167.0,5935510.5
3229,3,0.128448,0.107,4,50,Clyde Road,8533.0,4266.5,propagated,0.096,328.111,491.501,1450.805,23.015,0.015864,483.704,1.0,4,1756155.1,5935453.3
3230,11,0.382776,0.319,4,50,Clyde Road,8533.0,4266.5,propagated,0.096,328.111,491.501,1450.805,29.436,0.020289,481.529,1.0,5,1756129.9,5935243.2
3231,1,0.042179999999999995,0.0352,4,50,Clyde Road,8533.0,4266.5,propagated,0.096,328.111,491.501,1450.805,34.072,0.023485,479.958,1.0,6,1756147.2,5935072.3
3232,4,0.058272,0.0486,4,50,Clyde Road,8533.0,4266.5,count,0.096,328.111,491.501,1450.805,38.071,0.026241,478.603,1.0,7,1756150.7,5935031.3
3233,6,0.50472,0.4206,4,50,Browns Bay Road,6680.0,3340.0,count,0.096,256.859,384.768,1135.752,38.071,0.033521,371.87,1.0,7,1755969.9,5934903.0
3234,1,0.18237599999999998,0.152,4,50,Browns Bay Road,5195.0,2597.5,propagated,0.102406,199.758,319.2,942.21,38.071,0.040406,306.302,1.0,7,1755822.9,5934674.4
3235,2,0.11576399999999999,0.0965,4,50,Browns Bay Road,5195.0,2597.5,count,0.102406,199.758,319.2,942.21,43.885,0.046577,304.333,1.0,8,1755743.2,5934579.0
3236,1,0.174132,0.1451,4,50,Browns Bay Road,5556.0,2778.0,propagated,0.096,213.639,320.026,944.648,43.885,0.046456,305.159,1.0,8,1755666.3,5934485.3
3237,4,0.236964,0.1975,4,50,Browns Bay Road,5556.0,2778.0,count,0.096,213.639,320.026,944.648,51.141,0.054138,302.701,1.0,9,1755557.2,5934352.9
3238,4,0.170796,0.1423,4,50,Richard Pearse Drive,7615.0,3807.5,count,0.096,292.812,438.624,1294.723,3.512,0.002713,437.434,1.0,1,1758545.9,5905647.4
3239,1,0.057428571428571426,0.0335,4,35,Montgomerie Road,8873.0,4436.5,default,0.096,341.185,511.085,1508.613,3.512,0.002328,509.895,1.0,1,1758568.5,5905726.9
3240,1,0.022836363636363637,0.0126,4,33,Montgomerie Road,8873.0,4436.5,default,0.096,341.185,511.085,1508.613,3.512,0.002328,509.895,1.0,1,1758580.3,5905745.1
3241,10,0.47267999999999993,0.3939,4,50,Richard Pearse Drive,4938.0,2469.0,count,0.096,189.876,284.429,839.573,7.006,0.008345,282.056,1.0,2,1758636.2,5905930.0
3242,1,0.029376,0.0245,4,50,Richard Pearse Drive,4938.0,2469.0,propagated,0.096,189.876,284.429,839.573,11.302,0.013462,280.6,1.0,3,1758739.9,5906107.9
3243,1,0.062388,0.052,4,50,Richard Pearse Drive,4938.0,2469.0,propagated,0.096,189.876,284.429,839.573,15.498,0.018459,279.179,1.0,4,1758763.1,5906137.7
3244,1,0.032232,0.0269,4,50,Richard Pearse Drive,10255.0,5127.5,propagated,0.115066,394.325,708.001,2089.866,15.498,0.007416,702.751,1.0,4,1758784.7,5906170.3
3245,2,0.060612,0.0505,4,50,Richard Pearse Drive,10255.0,5127.5,propagated,0.115066,394.325,708.001,2089.866,19.74,0.009446,701.314,1.0,5,1758803.1,5906204.7
3246,2,0.052823999999999996,0.044,4,50,Golf Road,6785.0,3392.5,propagated,0.132793,260.897,540.6,1595.735,11.131,0.006975,536.829,1.0,3,1750573.8,5912355.8
3247,2,0.036948,0.0308,4,50,Portage Road,10211.0,5105.5,propagated,0.096,392.633,588.154,1736.104,15.84,0.009124,582.788,1.0,4,1750602.9,5912366.0
3248,3,0.15648,0.1304,4,50,Portage Road,10211.0,5105.5,propagated,0.096,392.633,588.154,1736.104,36.549,0.021052,575.772,1.0,10,1750628.1,5912442.5
3249,12,0.441648,0.368,4,50,Portage Road,10211.0,5105.5,count,0.096,392.633,588.154,1736.104,41.184,0.023722,574.202,1.0,11,1750673.9,5912684.6
3250,1,0.090972,0.0758,2,50,Khyber Pass Road,14066.0,7033.0,propagated,0.096,540.866,810.202,2391.541,23.223,0.00971,802.335,1.0,4,1758138.1,5918434.6
3251,1,0.008976,0.0075,2,50,Khyber Pass Road,16767.0,8383.5,propagated,0.096,644.725,965.779,2850.771,23.223,0.008146,957.912,1.0,4,1758098.1,5918445.4
3252,2,0.11596799999999999,0.0966,2,50,Khyber Pass Road,16767.0,8383.5,propagated,0.096,644.725,965.779,2850.771,29.744,0.010434,955.702,1.0,5,1758048.2,5918460.6
3253,5,0.200484,0.1671,2,50,Khyber Pass Road,16767.0,8383.5,count,0.096,644.725,965.779,2850.771,35.958,0.012613,953.597,1.0,6,1757920.8,5918496.0
3254,1,0.03156,0.0263,2,50,Khyber Pass Road,21074.0,10537.0,propagated,0.096,810.337,1213.862,3583.059,41.321,0.011532,1199.863,1.0,7,1757827.6,5918521.4
3255,5,0.14865599999999998,0.1239,2,50,Khyber Pass Road,21074.0,10537.0,count,0.096,810.337,1213.862,3583.059,73.678,0.020563,1188.902,1.0,14,1757755.4,5918542.0
3256,4,0.088812,0.074,2,50,Khyber Pass Road,21074.0,10537.0,propagated,0.096,810.337,1213.862,3583.059,79.708,0.022246,1186.859,1.0,15,1757660.8,5918570.3
3257,3,0.10019999999999998,0.0835,2,50,Khyber Pass Road,23524.0,11762.0,propagated,0.096,904.545,1354.982,3999.614,86.342,0.021588,1325.731,1.0,16,1757585.0,5918591.9
3258,5,0.18131999999999995,0.1511,2,50,Grafton Road,11798.0,5899.0,count,0.112477,453.657,796.202,2350.216,6.906,0.002938,793.862,1.0,1,1757456.2,5919097.4
3259,1,0.015443999999999998,0.0129,2,50,Grafton Road,11798.0,5899.0,propagated,0.112477,453.657,796.202,2350.216,46.282,0.019693,780.523,1.0,9,1757507.6,5919161.4
3260,1,0.015864,0.0132,2,50,Grafton Road,11798.0,5899.0,propagated,0.112477,453.657,796.202,2350.216,52.257,0.022235,778.498,1.0,10,1757515.9,5919171.1
3261,10,0.314508,0.2621,2,50,Grafton Road,14324.0,7162.0,count,0.096,550.786,825.062,2435.405,52.257,0.021457,807.358,1.0,10,1757602.6,5919278.0
3262,4,0.17316,0.1443,2,50,Grafton Road,18554.0,9277.0,propagated,0.096,713.438,1068.71,3154.601,56.918,0.018043,1049.427,1.0,11,1757707.8,5919449.0
3263,6,0.133332,0.1111,2,50,Grafton Road,18554.0,9277.0,count,0.096,713.438,1068.71,3154.601,62.14,0.019698,1047.658,1.0,12,1757757.6,5919566.7
3264,1,0.005988,0.005,2,50,Grafton Road,18554.0,9277.0,propagated,0.096,713.438,1068.71,3154.601,67.287,0.02133,1045.915,1.0,13,1757763.7,5919623.5
3265,3,0.12389250000000002,0.1652,2,80,Te Irirangi Drive,34656.0,17328.0,count,0.106994,1332.593,2224.79,6567.1,3.697,0.000563,2223.538,1.0,1,1769924.8,5909760.6
3266,3,0.05166,0.0689,2,80,Te Irirangi Drive,34656.0,17328.0,propagated,0.106994,1332.593,2224.79,6567.1,7.457,0.001136,2222.264,1.0,2,1769949.8,5909874.9
3267,3,0.0750225,0.1,2,80,Te Irirangi Drive,34280.0,17140.0,propagated,0.089382,1318.135,1838.409,5426.587,7.457,0.001374,1835.883,1.0,2,1769970.2,5909956.4
3268,3,0.15911250000000002,0.2122,2,80,Te Irirangi Drive,34280.0,17140.0,count,0.089382,1318.135,1838.409,5426.587,11.026,0.002032,1834.674,1.0,3,1770007.1,5910108.3
3269,1,0.009465,0.0126,2,80,Te Irirangi Drive,34280.0,17140.0,propagated,0.089382,1318.135,1838.409,5426.587,14.041,0.002587,1833.652,1.0,4,1770033.6,5910217.6
3270,1,0.0393525,0.0525,2,80,Te Irirangi Drive,34280.0,17140.0,propagated,0.089382,1318.135,1838.409,5426.587,17.049,0.003142,1832.633,1.0,5,1770040.5,5910249.1
3271,5,0.31776750000000004,0.4237,2,80,Te Irirangi Drive,33794.0,16897.0,count,0.086347,1299.447,1750.806,5168.001,17.049,0.003299,1745.03,1.0,5,1770087.1,5910482.7
3272,7,0.241185,0.3216,2,80,Te Irirangi Drive,32022.0,16011.0,count,0.083755,1231.31,1609.202,4750.017,17.049,0.003589,1603.426,1.0,5,1770158.8,5910848.7
3273,9,0.17184750000000001,0.2291,2,80,Te Irirangi Drive,32572.0,16286.0,count,0.084551,1252.459,1652.397,4877.519,17.049,0.003495,1646.621,1.0,5,1770257.4,5911104.9
3274,3,0.07296,0.073,2,60,Te Irirangi Drive,32572.0,16286.0,propagated,0.084551,1252.459,1652.397,4877.519,17.049,0.003495,1646.621,1.0,5,1770316.5,5911243.4
3275,1,0.02484,0.0248,2,60,Te Irirangi Drive,32572.0,16286.0,propagated,0.084551,1252.459,1652.397,4877.519,22.57,0.004627,1644.751,1.0,6,1770331.4,5911289.9
3276,1,0.054372000000000004,0.0453,2,50,Entry 6 Saint Luke's Road,35000.0,17500.0,count,0.096,1345.82,2016.0,5950.797,6.551,0.001101,2013.781,1.0,4,1754139.4,5918418.0
3277,1,0.031608,0.0263,3,50,Wairau Road,26819.0,13409.5,propagated,0.096,1031.244,1544.774,4559.839,8.337,0.001828,1541.95,1.0,1,1755507.8,5928722.8
3278,1,0.021408,0.0178,2,50,Parnell Road,15481.0,7740.5,propagated,0.086299,595.275,801.597,2366.141,52.459,0.022171,783.825,1.0,11,1758805.6,5918900.3
3279,3,0.061824,0.0515,2,50,Parnell Road,15481.0,7740.5,propagated,0.086299,595.275,801.597,2366.141,55.156,0.023311,782.911,1.0,12,1758828.2,5918926.7
3280,3,0.066252,0.0552,2,50,Parnell Road,14311.0,7155.5,propagated,0.096,550.287,824.314,2433.197,55.156,0.022668,805.628,1.0,12,1758851.6,5918974.6
3281,7,0.41770799999999997,0.3481,4,50,Don McKinnon Drive,9116.0,4558.0,propagated,0.096,350.528,525.082,1549.929,4.597,0.002966,523.525,1.0,1,1752771.2,5934319.2
3282,3,0.392652,0.3272,4,50,Don McKinnon Drive,12956.0,6478.0,count,0.10034,498.184,780.003,2302.401,4.597,0.001997,778.446,1.0,1,1752971.4,5934071.4
3283,1,0.010199999999999999,0.0085,1,50,Stanley Street,22621.0,11310.5,propagated,0.127802,869.823,1734.605,5120.18,5.364,0.001048,1732.788,1.0,1,1758141.2,5920020.5
3284,1,0.024215999999999998,0.0202,4,50,Firth Road,8548.0,4274.0,propagated,0.096,328.688,492.365,1453.355,8.806,0.006059,489.382,1.0,1,1755651.8,5935907.3
3285,3,0.18939599999999998,0.1578,4,50,Bush Road,19999.0,9999.5,propagated,0.123506,769.002,1481.998,4374.538,9.187,0.0021,1478.886,1.0,2,1752199.8,5932162.2
3286,3,0.159552,0.133,4,50,Bush Road,13481.0,6740.5,propagated,0.096,518.371,776.506,2292.078,9.187,0.004008,773.394,1.0,2,1752177.6,5932306.2
3287,1,0.02136,0.0178,4,50,Bush Road,13481.0,6740.5,propagated,0.096,518.371,776.506,2292.078,15.608,0.00681,771.218,1.0,3,1752168.3,5932381.4
3288,2,0.06200399999999999,0.0517,4,50,Bush Road,13481.0,6740.5,propagated,0.096,518.371,776.506,2292.078,22.2,0.009686,768.985,1.0,4,1752163.2,5932415.8
3289,2,0.06909599999999999,0.0576,4,50,Rosedale Road,14413.0,7206.5,propagated,0.096,554.209,830.189,2450.539,22.2,0.009059,822.668,1.0,4,1752182.0,5932458.9
3290,3,0.10336,0.0517,2,30,College Hill,15968.0,7984.0,count,0.096,614.002,919.757,2714.924,4.099,0.00151,918.368,1.0,1,1756108.2,5920530.3
3291,1,0.0208,0.0104,4,30,Beaumont Street,16293.0,8146.5,propagated,0.096,626.498,938.477,2770.182,9.495,0.003428,935.26,1.0,2,1756132.8,5920539.2
3292,2,0.03432,0.0172,4,30,Beaumont Street,16293.0,8146.5,propagated,0.096,626.498,938.477,2770.182,13.093,0.004726,934.041,1.0,3,1756131.3,5920553.2
3293,4,0.152064,0.1267,4,50,Frost Road,2659.0,1329.5,count,0.143663,102.244,229.2,676.549,23.769,0.035133,221.148,1.0,4,1755858.3,5913620.4
3294,1,0.047327999999999995,0.0394,4,50,Frost Road,7359.0,3679.5,propagated,0.096,282.968,423.878,1251.196,23.769,0.018997,415.826,1.0,4,1755904.6,5913689.1
3295,1,0.071784,0.0598,4,50,Frost Road,7359.0,3679.5,propagated,0.096,282.968,423.878,1251.196,29.764,0.023788,413.795,1.0,5,1755932.6,5913730.2
3296,1,0.084672,0.0706,4,50,Frost Road,7359.0,3679.5,count,0.096,282.968,423.878,1251.196,35.514,0.028384,411.847,1.0,6,1755969.1,5913784.3
3297,1,0.020016,0.0167,4,50,Portage Road,9916.0,4958.0,propagated,0.096,381.29,571.162,1685.947,11.742,0.006965,567.184,1.0,4,1750574.9,5912263.7
3298,1,0.056963999999999994,0.0475,4,50,Portage Road,9916.0,4958.0,propagated,0.096,381.29,571.162,1685.947,16.119,0.009561,565.701,1.0,5,1750584.8,5912294.0
3299,3,0.08207999999999999,0.0684,4,50,Portage Road,10211.0,5105.5,propagated,0.096,392.633,588.154,1736.104,20.71,0.011929,581.138,1.0,6,1750608.4,5912345.7
3300,6,0.144972,0.1208,4,50,Botany Road,14107.0,7053.5,propagated,0.096406,542.442,816.0,2408.656,16.361,0.006793,810.457,1.0,4,1770679.3,5912953.1
3301,5,0.15151199999999998,0.1263,4,50,Botany Road,20620.0,10310.0,propagated,0.096,792.88,1187.712,3505.87,16.361,0.004667,1182.169,1.0,4,1770626.8,5912841.9
3302,4,0.11476,0.1148,4,60,Botany Road,20620.0,10310.0,propagated,0.096,792.88,1187.712,3505.87,21.502,0.006133,1180.428,1.0,5,1770562.9,5912740.0
3303,1,0.04759,0.0476,3,60,Cascades Road,26299.0,13149.5,propagated,0.096,1011.249,1514.822,4471.428,26.635,0.005957,1505.799,1.0,6,1770490.5,5912740.6
3304,2,0.03137,0.0314,3,60,Cascades Road,26299.0,13149.5,count,0.096,1011.249,1514.822,4471.428,31.851,0.007123,1504.032,1.0,7,1770456.1,5912760.4
3305,1,0.056549999999999996,0.0566,3,60,Cascades Road,26299.0,13149.5,propagated,0.096,1011.249,1514.822,4471.428,37.071,0.008291,1502.263,1.0,8,1770415.1,5912777.3
3306,2,0.20758000000000001,0.2076,3,60,Cascades Road,29941.0,14970.5,count,0.096,1151.291,1724.602,5090.653,37.071,0.007282,1712.043,1.0,8,1770287.0,5912809.2
3307,4,0.22840000000000002,0.2284,3,60,Cascades Road,25342.0,12671.0,count,0.096,974.451,1459.699,4308.716,37.071,0.008604,1447.14,1.0,8,1770075.1,5912862.3
3308,2,0.04651,0.0465,4,60,Cascades Road,25342.0,12671.0,propagated,0.096,974.451,1459.699,4308.716,37.071,0.008604,1447.14,1.0,8,1769945.0,5912893.8
3309,1,0.131904,0.1099,3,50,Waipuna Road,12477.0,6238.5,propagated,0.096,479.766,718.675,2121.374,4.868,0.002295,717.026,1.0,1,1764294.8,5913590.6
3310,3,0.18419999999999997,0.1535,4,50,Carbine Road,10766.0,5383.0,propagated,0.096,413.974,620.122,1830.466,9.682,0.005289,616.842,1.0,2,1764363.5,5913510.8
3311,3,0.11945999999999998,0.0996,4,50,Carbine Road,10766.0,5383.0,count,0.096,413.974,620.122,1830.466,14.853,0.008114,615.09,1.0,3,1764387.8,5913386.5
3312,4,0.121812,0.1015,4,50,Carbine Road,10766.0,5383.0,propagated,0.096,413.974,620.122,1830.466,20.11,0.010986,613.309,1.0,4,1764407.1,5913288.5
3313,3,0.09866399999999999,0.0822,4,50,Carbine Road,12249.0,6124.5,propagated,0.096,470.999,705.542,2082.608,20.11,0.009656,698.729,1.0,4,1764425.8,5913198.4
3314,1,0.021287999999999998,0.0177,4,50,Carbine Road,12249.0,6124.5,propagated,0.096,470.999,705.542,2082.608,24.982,0.011996,697.079,1.0,5,1764435.6,5913149.3
3315,8,0.182484,0.1521,4,50,Carbine Road,12249.0,6124.5,count,0.096,470.999,705.542,2082.608,29.775,0.014297,695.455,1.0,6,1764451.8,5913066.2
3316,1,0.06381,0.0851,4,80,Carbine Road,12249.0,6124.5,propagated,0.096,470.999,705.542,2082.608,29.775,0.014297,695.455,1.0,6,1764450.6,5912953.4
3317,6,0.17275200000000002,0.144,4,50,Somerset Road,7435.0,3717.5,count,0.118359,285.891,527.999,1558.539,14.78,0.009483,522.992,1.0,3,1755290.0,5913584.8
3318,1,0.010176923076923078,0.0044,4,26,Somerset Road,7435.0,3717.5,propagated,0.118359,285.891,527.999,1558.539,14.78,0.009483,522.992,1.0,3,1755298.9,5913656.9
3319,1,0.02082857142857143,0.0097,4,28,Somerset Road,7435.0,3717.5,propagated,0.118359,285.891,527.999,1558.539,14.78,0.009483,522.992,1.0,3,1755294.1,5913662.1
3320,3,0.192552,0.1605,4,50,Denbigh Avenue,7245.0,3622.5,count,0.125466,278.585,545.401,1609.906,14.78,0.009181,540.394,1.0,3,1755217.6,5913689.2
3321,4,0.140952,0.1175,4,50,Denbigh Avenue,8793.0,4396.5,count,0.120323,338.108,634.8,1873.793,14.78,0.007888,629.793,1.0,3,1755084.0,5913726.7
3322,2,0.020111999999999998,0.0168,2,50,Dominion Road,16318.0,8159.0,propagated,0.096,627.46,939.917,2774.432,19.076,0.006876,933.454,1.0,4,1755024.9,5913752.3
3323,4,0.08221200000000001,0.0685,2,50,Great South Road,24097.0,12048.5,propagated,0.096,926.578,1387.987,4097.038,3.415,0.000834,1386.83,1.0,1,1767085.9,5905557.2
3324,1,0.05465999999999999,0.0456,2,50,Great South Road,24097.0,12048.5,propagated,0.096,926.578,1387.987,4097.038,6.83,0.001667,1385.673,1.0,2,1767119.7,5905511.2
3325,2,0.016427999999999998,0.0137,2,50,Great South Road,24097.0,12048.5,propagated,0.096,926.578,1387.987,4097.038,16.388,0.004,1382.435,1.0,4,1767134.4,5905485.1
3326,1,0.007404,0.0062,2,50,Great South Road,24995.0,12497.5,propagated,0.096,961.108,1439.712,4249.719,29.899,0.007036,1429.583,1.0,7,1767138.1,5905475.8
3327,1,0.057708,0.0481,2,50,Great South Road,24995.0,12497.5,propagated,0.096,961.108,1439.712,4249.719,33.314,0.007839,1428.426,1.0,8,1767149.1,5905451.3
3328,2,0.058929999999999996,0.0589,2,60,Great South Road,24995.0,12497.5,propagated,0.096,961.108,1439.712,4249.719,33.314,0.007839,1428.426,1.0,8,1767168.9,5905402.0
3329,9,0.20460000000000003,0.2046,2,60,Great South Road,24995.0,12497.5,count,0.096,961.108,1439.712,4249.719,36.483,0.008585,1427.352,1.0,9,1767218.2,5905279.8
3330,8,0.26413000000000003,0.2641,2,60,Great South Road,25127.0,12563.5,count,0.096,966.183,1447.315,4272.162,36.483,0.00854,1434.955,1.0,9,1767333.1,5905076.6
3331,1,0.05199,0.052,2,60,Te Irirangi Drive,32958.0,16479.0,propagated,0.096,1267.301,1898.381,5603.611,36.483,0.006511,1886.021,1.0,9,1767435.6,5904960.1
3332,3,0.040908,0.0341,2,50,Grafton Road,10794.0,5397.0,propagated,0.114786,415.051,743.4,2194.356,9.614,0.004381,740.143,1.0,1,1757319.9,5918906.7
3333,1,0.028872,0.0241,2,50,Khyber Pass Road,25450.0,12725.0,propagated,0.096,978.603,1465.92,4327.079,19.406,0.004485,1459.346,1.0,2,1757178.2,5918704.9
3334,3,0.07191600000000001,0.0599,2,50,Khyber Pass Road,25450.0,12725.0,propagated,0.096,978.603,1465.92,4327.079,28.259,0.006531,1456.346,1.0,3,1757218.7,5918694.5
3335,1,0.021,0.021,3,60,Ian McKinnon Drive,19934.0,9967.0,propagated,0.096418,766.502,1153.198,3403.992,37.094,0.010897,1140.631,1.0,3,1756853.2,5919141.5
3336,1,0.010211999999999999,0.0085,3,50,Ian McKinnon Drive,19934.0,9967.0,propagated,0.096418,766.502,1153.198,3403.992,37.094,0.010897,1140.631,1.0,3,1756867.5,5919144.0
3337,1,0.040824,0.034,3,50,Ian McKinnon Drive,19934.0,9967.0,propagated,0.096418,766.502,1153.198,3403.992,49.226,0.014461,1136.521,1.0,4,1756888.0,5919149.6
3338,4,0.206112,0.1718,3,50,Alex Evans Street,8771.0,4385.5,count,0.096,337.262,505.21,1491.271,61.436,0.041197,484.397,1.0,5,1756984.9,5919124.5
3339,1,0.023195999999999998,0.0193,3,50,Symonds Street,16763.0,8381.5,propagated,0.096,644.571,965.549,2850.092,114.982,0.040343,926.596,1.0,10,1757066.2,5919093.2
3340,1,0.045924,0.0383,3,50,Weymouth Road,14870.0,7435.0,propagated,0.098857,571.781,882.002,2603.48,15.604,0.005994,876.716,1.0,3,1766954.0,5900026.9
3341,2,0.10608000000000001,0.0884,3,50,Weymouth Road,14870.0,7435.0,propagated,0.098857,571.781,882.002,2603.48,20.429,0.007847,875.081,1.0,4,1767012.2,5900051.2
3342,1,0.054383999999999995,0.0453,3,50,Weymouth Road,14870.0,7435.0,propagated,0.098857,571.781,882.002,2603.48,24.35,0.009353,873.753,1.0,5,1767074.2,5900076.1
3343,2,0.09250799999999998,0.0771,3,50,Weymouth Road,14181.0,7090.5,propagated,0.097031,545.288,825.598,2436.987,24.35,0.009992,817.349,1.0,5,1767130.9,5900100.4
3344,3,0.23942399999999997,0.1995,3,50,Weymouth Road,14181.0,7090.5,count,0.097031,545.288,825.598,2436.987,28.911,0.011863,815.804,1.0,6,1767258.8,5900153.2
3345,1,0.180552,0.1505,3,50,Weymouth Road,14181.0,7090.5,propagated,0.097031,545.288,825.598,2436.987,34.432,0.014129,813.933,1.0,7,1767420.6,5900219.7
3346,1,0.192876,0.1607,3,50,Weymouth Road,16228.0,8114.0,count,0.096,623.999,934.733,2759.13,34.432,0.012479,923.068,1.0,7,1767564.1,5900278.5
3347,1,0.020052,0.0167,3,50,Weymouth Road,18281.0,9140.5,propagated,0.096,702.941,1052.986,3108.187,34.432,0.011078,1041.321,1.0,7,1767644.1,5900303.0
3348,6,0.27272399999999997,0.2273,3,50,Weymouth Road,18281.0,9140.5,count,0.096,702.941,1052.986,3108.187,39.043,0.012561,1039.759,1.0,8,1767748.4,5900354.8
3349,4,0.269412,0.2245,3,50,Weymouth Road,16973.0,8486.5,count,0.096,652.646,977.645,2885.797,39.043,0.013529,964.418,1.0,8,1767956.8,5900441.4
3350,3,0.050496,0.0421,3,50,Weymouth Road,13192.0,6596.0,count,0.096,507.259,759.859,2242.94,39.043,0.017407,746.632,1.0,8,1768079.4,5900493.5
3351,2,0.361008,0.3008,3,50,Weymouth Road,18578.0,9289.0,count,0.096,714.361,1070.093,3158.684,39.043,0.012361,1056.866,1.0,8,1768238.0,5900559.2
3352,2,0.035604,0.0297,3,50,Weymouth Road,12792.0,6396.0,propagated,0.096,491.878,736.819,2174.931,39.043,0.017951,723.592,1.0,8,1768390.5,5900622.4
3353,2,0.033144,0.0276,3,50,Weymouth Road,12792.0,6396.0,propagated,0.096,491.878,736.819,2174.931,43.983,0.020223,721.919,1.0,9,1768416.9,5900633.2
3354,6,0.21550799999999998,0.1796,3,50,Weymouth Road,12792.0,6396.0,count,0.096,491.878,736.819,2174.931,50.655,0.02329,719.658,1.0,11,1768512.8,5900672.6
3355,5,0.180348,0.1503,3,50,Weymouth Road,17317.0,8658.5,count,0.07022,665.873,729.6,2153.622,50.655,0.023521,712.439,1.0,11,1768655.5,5900733.3
3356,2,0.04805999999999999,0.04,3,50,Weymouth Road,17317.0,8658.5,propagated,0.07022,665.873,729.6,2153.622,55.576,0.025806,710.772,1.0,12,1768744.1,5900769.0
3357,6,0.11308799999999998,0.0942,3,50,Weymouth Road,3038.0,1519.0,propagated,0.096,116.817,174.989,516.53,55.576,0.107595,156.161,1.0,12,1768806.3,5900794.7
3358,2,0.07861199999999999,0.0655,3,50,Weymouth Road,3038.0,1519.0,propagated,0.096,116.817,174.989,516.53,60.645,0.117408,154.444,1.0,13,1768878.1,5900827.9
3359,1,0.010908,0.0091,3,50,Weymouth Road,3038.0,1519.0,propagated,0.096,116.817,174.989,516.53,65.351,0.126519,152.85,1.0,14,1768912.9,5900841.6
3360,2,0.05667599999999999,0.0472,3,50,Alfriston Road,15964.0,7982.0,propagated,0.096,613.848,919.526,2714.242,65.351,0.024077,897.387,1.0,14,1768938.7,5900852.4
3361,1,0.01116,0.0093,4,50,Otara Road,8264.0,4132.0,propagated,0.114956,317.767,569.998,1682.511,21.987,0.013068,562.549,1.0,3,1766438.1,5907670.6
3362,1,0.03686,0.0369,4,60,Otara Road,8264.0,4132.0,propagated,0.114956,317.767,569.998,1682.511,21.987,0.013068,562.549,1.0,3,1766432.8,5907648.1
3363,1,0.05818,0.0582,2,60,Great South Road,11722.0,5861.0,propagated,0.096,450.734,675.187,1993.006,11.279,0.005659,671.366,1.0,2,1767755.0,5904325.5
3364,1,0.021929999999999998,0.0219,4,60,Wiri Station Road,7078.0,3539.0,propagated,0.096,272.163,407.693,1203.422,36.978,0.030727,395.166,1.0,4,1767123.2,5904065.9
3365,1,0.017088,0.0142,4,50,Wiri Station Road,7078.0,3539.0,propagated,0.096,272.163,407.693,1203.422,36.978,0.030727,395.166,1.0,4,1767118.6,5904083.8
3366,1,0.027800000000000002,0.0278,3,60,Manukau Station Road,17814.0,8907.0,propagated,0.096,684.984,1026.086,3028.784,97.968,0.032346,992.897,1.0,10,1767130.6,5904092.6
3367,2,0.033659999999999995,0.028,3,50,Taharoto Road,21001.0,10500.5,propagated,0.096,807.53,1209.658,3570.649,4.211,0.001179,1208.231,1.0,1,1757097.2,5927085.0
3368,3,0.10943999999999998,0.0912,3,50,Taharoto Road,17160.0,8580.0,propagated,0.096,659.836,988.416,2917.591,4.211,0.001443,986.989,1.0,1,1757137.0,5927040.6
3369,3,0.082404,0.0687,3,50,Taharoto Road,17160.0,8580.0,count,0.096,659.836,988.416,2917.591,8.624,0.002956,985.494,1.0,2,1757192.4,5926982.9
3370,5,0.25611599999999995,0.2134,3,50,Anzac Street,14982.0,7491.0,count,0.096,576.088,862.963,2547.281,8.624,0.003386,860.041,1.0,2,1757327.5,5926968.9
3371,1,0.025092,0.0209,3,50,Anzac Street,14982.0,7491.0,propagated,0.096,576.088,862.963,2547.281,13.445,0.005278,858.408,1.0,3,1757444.6,5926974.8
3372,4,0.058584,0.0488,3,50,Anzac Street,14982.0,7491.0,propagated,0.096,576.088,862.963,2547.281,18.123,0.007115,856.823,1.0,4,1757478.3,5926971.4
3373,2,0.021204,0.0177,3,50,Barrys Point Road,10397.0,5198.5,propagated,0.096,399.785,598.867,1767.726,18.123,0.010252,592.727,1.0,4,1757491.8,5926944.6
3374,2,0.018851999999999997,0.0157,3,50,Barrys Point Road,10397.0,5198.5,propagated,0.096,399.785,598.867,1767.726,23.212,0.013131,591.003,1.0,5,1757491.0,5926927.8
3375,4,0.164208,0.1368,3,50,Barrys Point Road,10397.0,5198.5,propagated,0.096,399.785,598.867,1767.726,47.82,0.027052,582.667,1.0,11,1757485.6,5926851.9
3376,16,0.6224639999999998,0.5187,3,50,Barrys Point Road,9894.0,4947.0,count,0.096,380.444,569.894,1682.204,47.82,0.028427,553.694,1.0,11,1757489.8,5926524.7
3377,1,0.05153,0.0515,3,60,Barrys Point Road,9894.0,4947.0,propagated,0.096,380.444,569.894,1682.204,47.82,0.028427,553.694,1.0,11,1757536.3,5926250.3
3378,8,0.15927,0.1593,2,60,Esmonde Road,28014.0,14007.0,propagated,0.096,1077.194,1613.606,4763.017,47.82,0.01004,1597.406,1.0,11,1757457.3,5926182.6
3379,1,0.02761,0.0276,2,60,Esmonde Road,28612.0,14306.0,default,0.096,1100.189,1648.051,4864.691,47.82,0.00983,1631.851,1.0,11,1757380.8,5926129.2
3380,8,0.24051,0.2405,2,60,Esmonde Road,28612.0,14306.0,default,0.096,1100.189,1648.051,4864.691,50.225,0.010324,1631.036,1.0,12,1757269.3,5926054.7
3381,1,0.01705,0.017,2,60,Exit 420 Esmonde Road,10118.0,5059.0,propagated,0.096,389.057,582.797,1720.291,50.225,0.029196,565.782,1.0,12,1757172.3,5925976.6
3382,2,0.04008,0.0401,2,60,Esmonde Road,28612.0,14306.0,default,0.096,1100.189,1648.051,4864.691,55.072,0.011321,1629.394,1.0,14,1757155.9,5925956.2
3383,1,0.01092,0.0091,3,50,Weymouth Road,3038.0,1519.0,propagated,0.096,116.817,174.989,516.53,4.706,0.009111,173.395,1.0,1,1768918.2,5900837.0
3384,1,0.026364,0.022,3,50,Alfriston Road,15964.0,7982.0,propagated,0.096,613.848,919.526,2714.242,4.706,0.001734,917.932,1.0,1,1768932.5,5900843.4
3385,1,0.064488,0.0537,4,50,Union Road,10448.0,5224.0,propagated,0.096,401.746,601.805,1776.398,29.264,0.016474,591.891,1.0,6,1772006.2,5913800.7
3386,4,0.213456,0.1779,4,50,Union Road,10448.0,5224.0,count,0.096,401.746,601.805,1776.398,35.062,0.019738,589.927,1.0,7,1771891.3,5913800.0
3387,5,0.253188,0.211,4,50,Union Road,8643.0,4321.5,count,0.096,332.341,497.837,1469.507,35.062,0.02386,485.959,1.0,7,1771704.7,5913840.9
3388,4,0.184884,0.1541,4,50,Union Road,12499.0,6249.5,count,0.096,480.612,719.942,2125.113,39.519,0.018596,706.554,1.0,8,1771534.9,5913908.0
3389,2,0.073584,0.0613,4,50,Union Road,12499.0,6249.5,propagated,0.096,480.612,719.942,2125.113,43.363,0.020405,705.252,1.0,9,1771436.1,5913951.9
3390,1,0.365316,0.3044,4,50,Union Road,9657.0,4828.5,count,0.096,371.331,556.243,1641.909,43.363,0.02641,541.553,1.0,9,1771269.8,5914027.4
3391,1,0.22061999999999998,0.1838,4,50,Union Road,11954.0,5977.0,count,0.096,459.655,688.55,2032.451,43.363,0.021335,673.86,1.0,9,1771057.0,5914143.5
3392,2,0.10852800000000001,0.0904,4,50,Union Road,11954.0,5977.0,propagated,0.096,459.655,688.55,2032.451,49.659,0.024433,671.727,1.0,10,1770977.8,5914254.6
3393,1,0.009696,0.0081,4,50,Union Road,11954.0,5977.0,propagated,0.096,459.655,688.55,2032.451,56.34,0.02772,669.463,1.0,11,1770961.4,5914301.3
3394,5,0.379692,0.3164,4,50,Taniwha Street,6335.0,3167.5,count,0.097711,243.593,371.4,1096.293,3.222,0.002939,370.308,1.0,1,1766488.3,5917010.5
3395,3,0.043331999999999996,0.0361,4,50,Taniwha Street,6335.0,3167.5,propagated,0.097711,243.593,371.4,1096.293,6.525,0.005952,369.189,1.0,2,1766326.2,5917007.7
3396,2,0.194496,0.1621,4,50,Taniwha Street,6335.0,3167.5,propagated,0.097711,243.593,371.4,1096.293,9.828,0.008965,368.07,1.0,3,1766228.4,5917025.9
3397,1,0.10588799999999998,0.0882,4,50,Taniwha Street,6335.0,3167.5,propagated,0.097711,243.593,371.4,1096.293,13.063,0.011916,366.975,1.0,4,1766105.0,5917042.5
3398,20,0.710616,0.5922,4,50,Taniwha Street,7590.0,3795.0,propagated,0.096,291.851,437.184,1290.473,13.063,0.010123,432.759,1.0,4,1765779.8,5916996.5
3399,4,0.13284,0.1107,4,50,Taniwha Street,7590.0,3795.0,propagated,0.096,291.851,437.184,1290.473,16.185,0.012542,431.701,1.0,5,1765443.2,5917078.0
3400,1,0.015072,0.0126,4,50,Taniwha Street,22517.0,11258.5,propagated,0.096,865.824,1296.979,3828.402,16.185,0.004228,1291.496,1.0,5,1765384.8,5917095.9
3401,3,0.139308,0.1161,4,50,Taniwha Street,22517.0,11258.5,count,0.096,865.824,1296.979,3828.402,19.448,0.00508,1290.39,1.0,6,1765320.9,5917095.1
3402,2,0.029892,0.0249,2,50,Apirana Avenue,16866.0,8433.0,propagated,0.096,648.531,971.482,2867.605,22.776,0.007943,963.766,1.0,7,1765256.1,5917093.2
3403,3,0.1422,0.1185,2,50,Apirana Avenue,16866.0,8433.0,count,0.096,648.531,971.482,2867.605,40.908,0.014266,957.623,1.0,12,1765245.1,5917162.0
3404,5,0.247344,0.2061,3,50,Dominion Road Extension,4759.0,2379.5,count,0.096,182.993,274.118,809.137,9.611,0.011878,270.862,1.0,4,1754639.3,5911892.4
3405,5,0.149256,0.1244,3,50,Dominion Road Extension,5101.0,2550.5,propagated,0.096,196.144,293.818,867.287,9.611,0.011082,290.562,1.0,4,1754533.2,5912010.5
3406,1,0.020904000000000002,0.0174,3,50,Dominion Road Extension,5101.0,2550.5,propagated,0.096,196.144,293.818,867.287,14.362,0.01656,288.952,1.0,5,1754516.7,5912079.7
3407,3,0.17049599999999998,0.1421,3,50,Dominion Road Extension,5101.0,2550.5,count,0.096,196.144,293.818,867.287,19.131,0.022058,287.337,1.0,6,1754499.0,5912157.7
3408,8,0.42853199999999997,0.3571,3,50,Dominion Road Extension,5101.0,2550.5,propagated,0.096,196.144,293.818,867.287,24.47,0.028214,285.528,1.0,7,1754545.3,5912382.4
3409,1,0.0144,0.012,3,50,Richardson Road,11321.0,5660.5,propagated,0.096,435.315,652.09,1924.829,24.47,0.012713,643.8,1.0,7,1754643.9,5912534.6
3410,1,0.0084,0.007,3,50,Richardson Road,11321.0,5660.5,propagated,0.096,435.315,652.09,1924.829,30.899,0.016053,641.622,1.0,8,1754647.6,5912543.4
3411,1,0.008952,0.0075,3,50,Richardson Road,11321.0,5660.5,propagated,0.096,435.315,652.09,1924.829,36.99,0.019217,639.559,1.0,9,1754654.0,5912545.6
3412,1,0.025079999999999998,0.0209,3,50,Dominion Road,11114.0,5557.0,propagated,0.096,427.356,640.166,1889.632,36.99,0.019575,627.635,1.0,9,1754663.0,5912555.3
3413,6,0.123384,0.1028,2,50,Glenfield Road,35395.0,17697.5,propagated,0.094138,1361.009,1999.209,5901.234,11.404,0.001932,1995.346,1.0,5,1753518.1,5929495.7
3414,8,0.19856400000000002,0.1655,2,50,Glenfield Road,35395.0,17697.5,propagated,0.094138,1361.009,1999.209,5901.234,13.789,0.002337,1994.538,1.0,6,1753583.8,5929381.4
3415,3,0.08592,0.0716,3,50,Wairau Road,16120.0,8060.0,propagated,0.0884,619.846,855.005,2523.79,13.789,0.005464,850.334,1.0,6,1753669.5,5929300.7
3416,1,0.060168,0.0501,3,50,Wairau Road,16120.0,8060.0,propagated,0.0884,619.846,855.005,2523.79,15.797,0.006259,849.653,1.0,7,1753727.7,5929298.4
3417,6,0.26899199999999995,0.2242,3,50,Wairau Road,16120.0,8060.0,count,0.0884,619.846,855.005,2523.79,17.684,0.007007,849.014,1.0,8,1753859.5,5929334.1
3418,3,0.041052,0.0342,3,50,Wairau Road,16193.0,8096.5,propagated,0.096,622.653,932.717,2753.179,17.684,0.006423,926.726,1.0,8,1753985.5,5929360.2
3419,8,0.25848,0.2154,3,50,Wairau Road,16193.0,8096.5,count,0.096,622.653,932.717,2753.179,20.691,0.007515,925.707,1.0,9,1754103.0,5929323.6
3420,5,0.2343,0.1952,3,50,Wairau Road,17518.0,8759.0,count,0.096,673.602,1009.037,2978.459,20.691,0.006947,1002.027,1.0,9,1754274.0,5929214.9
3421,7,0.20517599999999997,0.171,3,50,Wairau Road,16151.0,8075.5,count,0.096,621.038,930.298,2746.039,20.691,0.007535,923.288,1.0,9,1754452.3,5929243.9
3422,2,0.15311999999999998,0.1276,3,50,Wairau Road,16486.0,8243.0,count,0.096,633.92,949.594,2802.997,20.691,0.007382,942.584,1.0,9,1754597.9,5929277.4
3423,2,0.048348,0.0403,3,50,Wairau Road,16486.0,8243.0,propagated,0.096,633.92,949.594,2802.997,26.242,0.009362,940.704,1.0,10,1754681.8,5929281.0
3424,9,0.258216,0.2152,3,50,Wairau Road,16486.0,8243.0,propagated,0.096,633.92,949.594,2802.997,31.667,0.011298,938.866,1.0,11,1754808.9,5929272.1
3425,4,0.08710799999999999,0.0726,3,50,Wairau Road,16486.0,8243.0,propagated,0.096,633.92,949.594,2802.997,37.18,0.013264,936.998,1.0,12,1754951.9,5929259.6
3426,2,0.024971999999999998,0.0208,3,50,Wairau Road,16486.0,8243.0,propagated,0.096,633.92,949.594,2802.997,43.387,0.015479,934.895,1.0,13,1754996.7,5929246.7
3427,4,0.09203999999999998,0.0767,3,50,Wairau Road,28687.0,14343.5,propagated,0.096,1103.073,1652.371,4877.443,43.387,0.008895,1637.672,1.0,13,1755038.1,5929222.0
3428,5,0.300996,0.2508,3,50,Scenic Drive,2756.0,1378.0,propagated,0.119376,105.974,197.4,582.682,3.864,0.006631,196.091,1.0,1,1746434.7,5910916.8
3429,10,1.2127679999999998,1.0106,3,50,Scenic Drive,6870.0,3435.0,count,0.096,264.165,395.712,1168.056,3.864,0.003308,394.403,1.0,1,1746882.2,5910534.6
3430,2,0.041831999999999994,0.0349,3,50,Scenic Drive,6870.0,3435.0,propagated,0.096,264.165,395.712,1168.056,10.837,0.009278,392.041,1.0,2,1747280.8,5910673.5
3431,1,0.00528,0.0044,3,50,Scenic Drive,6870.0,3435.0,propagated,0.096,264.165,395.712,1168.056,23.544,0.020157,387.736,1.0,4,1747291.7,5910687.1
3432,3,0.016224,0.0135,3,50,Scenic Drive,6870.0,3435.0,propagated,0.096,264.165,395.712,1168.056,30.516,0.026125,385.374,1.0,5,1747289.7,5910695.5
3433,11,0.45730800000000005,0.3811,4,50,Atkinson Road,11465.0,5732.5,propagated,0.12621,440.852,868.199,2562.736,30.516,0.011908,857.861,1.0,5,1747364.6,5910876.1
3434,3,0.33632399999999996,0.2803,4,50,Atkinson Road,11465.0,5732.5,count,0.12621,440.852,868.199,2562.736,36.759,0.014344,855.746,1.0,6,1747397.5,5911201.4
3435,2,0.404988,0.3375,4,50,Atkinson Road,7200.0,3600.0,count,0.111528,276.854,481.801,1422.173,36.759,0.025847,469.348,1.0,6,1747411.2,5911505.3
3436,1,0.008844,0.0074,4,50,Atkinson Road,7751.0,3875.5,propagated,0.096,298.041,446.458,1317.848,36.759,0.027893,434.005,1.0,6,1747382.8,5911675.5
3437,7,0.272832,0.2274,4,50,Atkinson Road,7751.0,3875.5,count,0.096,298.041,446.458,1317.848,39.893,0.030271,432.943,1.0,7,1747370.7,5911792.3
3438,2,0.051924,0.0433,4,50,Atkinson Road,7751.0,3875.5,propagated,0.096,298.041,446.458,1317.848,43.291,0.03285,431.792,1.0,8,1747367.4,5911927.7
3439,1,0.012528,0.0104,4,50,Atkinson Road,7751.0,3875.5,propagated,0.096,298.041,446.458,1317.848,46.428,0.03523,430.729,1.0,9,1747366.3,5911954.3
3440,7,0.45741600000000004,0.3812,4,50,Atkinson Road,11677.0,5838.5,count,0.125803,449.004,881.401,2601.706,46.428,0.017845,865.672,1.0,9,1747438.9,5912132.3
3441,1,0.050508000000000004,0.0421,4,50,Atkinson Road,11677.0,5838.5,propagated,0.125803,449.004,881.401,2601.706,51.113,0.019646,864.085,1.0,10,1747502.7,5912327.5
3442,2,0.05347199999999999,0.0446,4,50,Atkinson Road,5497.0,2748.5,propagated,0.096,211.371,316.627,934.615,51.113,0.054689,299.311,1.0,10,1747524.3,5912363.4
3443,4,0.3726,0.3105,4,50,Atkinson Road,5497.0,2748.5,count,0.096,211.371,316.627,934.615,55.857,0.059765,297.704,1.0,11,1747671.6,5912450.3
3444,7,0.15177599999999997,0.1265,4,50,Atkinson Road,12677.0,6338.5,propagated,0.111935,487.456,851.4,2513.149,55.857,0.022226,832.477,1.0,11,1747862.2,5912521.2
3445,2,0.016427999999999998,0.0137,4,50,Pleasant Road,6561.0,3280.5,propagated,0.096,252.284,377.914,1115.521,55.857,0.050073,358.991,1.0,11,1747922.9,5912517.5
3446,3,0.06261599999999999,0.0522,4,50,Pleasant Road,6561.0,3280.5,propagated,0.096,252.284,377.914,1115.521,59.745,0.053558,357.674,1.0,12,1747949.0,5912515.2
3447,3,0.25559999999999994,0.213,2,50,Titirangi Road,13577.0,6788.5,count,0.096,522.063,782.035,2308.399,91.68,0.039716,750.976,1.0,21,1748022.3,5912622.9
3448,7,0.314928,0.2624,2,50,Titirangi Road,14741.0,7370.5,count,0.096,566.821,849.082,2506.307,91.68,0.03658,818.023,1.0,21,1748188.6,5912791.6
3449,5,0.19933199999999998,0.1661,2,50,Titirangi Road,14119.0,7059.5,count,0.096,542.904,813.254,2400.55,91.68,0.038191,782.195,1.0,21,1748342.0,5912941.3
3450,8,0.208212,0.1735,2,50,Titirangi Road,14247.0,7123.5,count,0.096,547.826,820.627,2422.314,91.68,0.037848,789.568,1.0,21,1748472.5,5913048.9
3451,4,0.254376,0.212,2,50,Titirangi Road,22093.0,11046.5,count,0.096,849.52,1272.557,3756.314,91.68,0.024407,1241.498,1.0,21,1748641.0,5913138.2
3452,9,0.34428000000000003,0.2869,2,50,Titirangi Road,21526.0,10763.0,count,0.096,827.718,1239.898,3659.911,91.68,0.02505,1208.839,1.0,21,1748829.7,5913297.1
3453,5,0.25788,0.2149,2,50,Titirangi Road,22967.0,11483.5,count,0.096,883.127,1322.899,3904.912,91.68,0.023478,1291.84,1.0,21,1749034.6,5913441.6
3454,8,0.244224,0.2035,2,50,Titirangi Road,21324.0,10662.0,count,0.096,819.95,1228.262,3625.564,91.68,0.025287,1197.203,1.0,21,1749205.3,5913562.2
3455,4,0.179724,0.1498,2,50,Titirangi Road,22710.0,11355.0,count,0.096,873.245,1308.096,3861.217,91.68,0.023744,1277.037,1.0,21,1749311.2,5913699.6
3456,5,0.245448,0.2045,2,50,Titirangi Road,19143.0,9571.5,count,0.096,736.087,1102.637,3254.746,91.68,0.028168,1071.578,1.0,21,1749403.6,5913849.4
3457,7,0.159828,0.1332,1,50,Great North Road,40217.0,20108.5,propagated,0.096,1546.424,2316.499,6837.805,93.761,0.013712,2284.735,1.0,22,1749545.3,5913902.2
3458,2,0.044436,0.037,1,50,Great North Road,40217.0,20108.5,propagated,0.096,1546.424,2316.499,6837.805,96.018,0.014042,2283.97,1.0,23,1749628.6,5913884.5
3459,1,0.055956,0.0466,1,50,Great North Road,15105.0,7552.5,propagated,0.096,580.817,870.048,2568.194,96.018,0.037387,837.519,1.0,23,1749669.4,5913876.9
3460,5,0.07611599999999999,0.0634,3,50,Great North Road,15105.0,7552.5,propagated,0.096,580.817,870.048,2568.194,96.018,0.037387,837.519,1.0,23,1749723.4,5913886.3
3461,2,0.044809999999999996,0.0448,3,60,Roscommon Road,30792.0,15396.0,propagated,0.096,1184.014,1773.619,5235.341,14.279,0.002727,1768.782,1.0,3,1766272.8,5899875.6
3462,4,0.15021,0.1502,3,60,Roscommon Road,30792.0,15396.0,propagated,0.096,1184.014,1773.619,5235.341,19.176,0.003663,1767.123,1.0,4,1766233.6,5899964.9
3463,3,0.07445,0.0744,3,60,Roscommon Road,30792.0,15396.0,propagated,0.096,1184.014,1773.619,5235.341,23.914,0.004568,1765.517,1.0,5,1766192.4,5900069.5
3464,4,0.13237,0.1324,3,60,Roscommon Road,34726.0,17363.0,propagated,0.101595,1335.284,2116.793,6248.316,4.914,0.000786,2115.128,1.0,1,1765592.7,5901532.1
3465,5,0.40661,0.4066,3,60,Roscommon Road,34726.0,17363.0,count,0.101595,1335.284,2116.793,6248.316,9.654,0.001545,2113.522,1.0,2,1765491.4,5901782.2
3466,10,0.59661,0.5966,3,60,Roscommon Road,27674.0,13837.0,count,0.086941,1064.121,1443.603,4261.205,9.654,0.002266,1440.332,1.0,2,1765301.8,5902246.5
3467,1,0.040409999999999995,0.0404,3,60,Roscommon Road,27674.0,13837.0,propagated,0.086941,1064.121,1443.603,4261.205,14.723,0.003455,1438.615,1.0,3,1765181.5,5902541.3
3468,4,0.22075,0.2208,3,60,Roscommon Road,29666.0,14833.0,propagated,0.075844,1140.717,1349.993,3984.888,14.723,0.003695,1345.005,1.0,3,1765132.1,5902661.9
3469,2,0.08875,0.0888,3,60,Roscommon Road,29666.0,14833.0,count,0.075844,1140.717,1349.993,3984.888,19.708,0.004946,1343.316,1.0,4,1765074.5,5902805.5
3470,1,0.01446,0.0145,4,60,Wiri Station Road,8490.0,4245.0,propagated,0.096,326.457,489.024,1443.493,19.708,0.013653,482.347,1.0,4,1765063.8,5902849.3
3471,2,0.06261599999999999,0.0522,3,50,Roscommon Road,30792.0,15396.0,propagated,0.096,1184.014,1773.619,5235.341,9.117,0.001741,1770.53,1.0,2,1766291.2,5899826.4
3472,1,0.00442,0.0044,3,60,Roscommon Road,30792.0,15396.0,propagated,0.096,1184.014,1773.619,5235.341,9.117,0.001741,1770.53,1.0,2,1766281.9,5899853.1
3473,1,0.014688,0.0122,3,50,19A,15105.5,7552.75,default,0.096,580.837,870.077,2568.28,2.895,0.001127,869.096,1.0,1,1745199.6,5917878.4
3474,1,0.010631999999999999,0.0089,3,50,19A,15105.5,7552.75,default,0.096,580.837,870.077,2568.28,5.828,0.002269,868.103,1.0,2,1745206.9,5917871.8
3475,2,0.033156,0.0276,3,50,Sel Peacock Drive,13840.0,6920.0,count,0.096,532.176,797.184,2353.115,5.828,0.002477,795.21,1.0,2,1745218.1,5917860.6
3476,1,0.10648799999999999,0.0887,4,50,Fairburn Road,10408.0,5204.0,default,0.096,400.208,599.501,1769.598,7.662,0.00433,596.905,1.0,5,1764481.4,5909364.4
3477,2,0.18868799999999997,0.1572,4,50,Church Street,6700.0,3350.0,count,0.096,257.628,385.92,1139.153,7.662,0.006726,383.324,1.0,5,1764517.8,5909457.0
3478,3,0.12516,0.1043,4,50,Church Street,6700.0,3350.0,propagated,0.096,257.628,385.92,1139.153,11.914,0.010459,381.884,1.0,6,1764487.9,5909584.1
3479,2,0.017207999999999998,0.0143,4,50,Avenue Road,10408.0,5204.0,default,0.096,400.208,599.501,1769.598,11.914,0.006733,595.465,1.0,6,1764466.2,5909638.2
3480,1,0.004908,0.0041,4,50,Avenue Road,10408.0,5204.0,default,0.096,400.208,599.501,1769.598,31.223,0.017644,588.923,1.0,10,1764466.9,5909647.0
3481,4,0.275652,0.2297,4,50,Church Street,4962.0,2481.0,count,0.096,190.799,285.811,843.652,31.223,0.037009,275.233,1.0,10,1764446.9,5909760.9
3482,1,0.034176,0.0285,4,50,Church Street,4962.0,2481.0,propagated,0.096,190.799,285.811,843.652,36.657,0.04345,273.392,1.0,11,1764414.5,5909885.1
3483,2,0.015432000000000001,0.0129,4,50,Avenue Road,10408.0,5204.0,default,0.096,400.208,599.501,1769.598,36.657,0.020715,587.082,1.0,11,1764406.1,5909903.0
3484,1,0.004428,0.0037,4,50,Avenue Road,10408.0,5204.0,default,0.096,400.208,599.501,1769.598,42.22,0.023859,585.198,1.0,12,1764406.4,5909911.0
3485,9,0.31900799999999996,0.2658,4,50,Church Street,5055.0,2527.5,propagated,0.096,194.375,291.168,859.465,42.22,0.049124,276.865,1.0,12,1764380.9,5910042.2
3486,3,0.072,0.06,3,50,Kepa Road,18306.0,9153.0,propagated,0.096,703.902,1054.426,3112.438,2.632,0.000846,1053.534,1.0,1,1762385.2,5918912.9
3487,1,0.01158,0.0096,4,50,Richardson Road,17093.0,8546.5,propagated,0.096,657.26,984.557,2906.2,5.805,0.001997,982.59,1.0,1,1753313.7,5914322.2
3488,4,0.38816399999999995,0.6469,0,100,Southwestern Motorway,54264.0,27132.0,count,0.096,2086.559,3125.606,9226.114,3.798,0.000412,3124.319,1.0,1,1761713.6,5906551.4
3489,1,0.12806399999999998,0.2134,0,100,Southwestern Motorway,54264.0,27132.0,propagated,0.096,2086.559,3125.606,9226.114,14.274,0.001547,3120.77,1.0,4,1761366.9,5906806.0
3490,2,0.400956,0.6683,0,100,Southwestern Motorway,67908.0,33954.0,count,0.096,2611.198,3911.501,11545.907,14.274,0.001236,3906.665,1.0,4,1761007.3,5907060.9
3491,3,0.58761,0.9794,0,100,Southwestern Motorway,60594.0,30297.0,count,0.096,2329.96,3490.214,10302.359,14.274,0.001386,3485.378,1.0,4,1760352.4,5907556.4
3492,1,0.171702,0.2862,0,100,Southwestern Motorway,98438.0,49219.0,propagated,0.096,3785.138,5670.029,16736.702,14.274,0.000853,5665.193,1.0,4,1760076.3,5908122.0
3493,1,0.027444,0.0229,4,50,Landing Drive,10408.0,5204.0,default,0.096,400.208,599.501,1769.598,13.809,0.007803,594.823,1.0,4,1758873.1,5904637.3
3494,1,0.01604,0.016,4,60,Landing Drive,14258.0,7129.0,default,0.096,548.249,821.261,2424.185,13.809,0.005696,816.583,1.0,4,1758892.7,5904636.4
3495,1,0.05215,0.0522,4,60,,14258.0,7129.0,default,0.096,548.249,821.261,2424.185,13.809,0.005696,816.583,1.0,4,1758923.5,5904649.4
3496,6,0.25119,0.2512,0,60,George Bolt Memorial Drive,43288.0,21644.0,propagated,0.096,1664.51,2493.389,7359.946,33.299,0.004524,2482.108,1.0,12,1758931.2,5904792.5
3497,4,0.4819739999999999,0.8033,0,100,George Bolt Memorial Drive,43288.0,21644.0,count,0.096,1664.51,2493.389,7359.946,33.299,0.004524,2482.108,1.0,12,1758862.4,5905314.3
3498,2,0.260214,0.4337,0,100,George Bolt Memorial Drive,42726.0,21363.0,propagated,0.096,1642.9,2461.018,7264.394,33.299,0.004584,2449.737,1.0,12,1758912.2,5905900.9
3499,7,0.321276,0.5355,0,100,George Bolt Memorial Drive,42726.0,21363.0,count,0.096,1642.9,2461.018,7264.394,37.404,0.005149,2448.346,1.0,13,1759127.2,5906335.3
3500,5,0.282174,0.4703,0,100,George Bolt Memorial Drive,42726.0,21363.0,propagated,0.096,1642.9,2461.018,7264.394,96.836,0.01333,2428.212,1.0,22,1759350.4,5906785.5
3501,12,0.576804,0.4807,4,50,Sturges Road,2053.0,1026.5,count,0.096,78.942,118.253,349.057,12.209,0.034977,114.117,1.0,4,1743189.1,5916278.4
3502,2,0.061236,0.051,4,50,Sturges Road,3656.0,1828.0,propagated,0.096,140.581,210.586,621.604,12.209,0.019641,206.45,1.0,4,1743371.4,5916452.7
3503,4,0.202632,0.1689,4,50,Sturges Road,3656.0,1828.0,count,0.096,140.581,210.586,621.604,29.065,0.046758,200.739,1.0,8,1743436.1,5916540.3
3504,2,0.041928,0.0349,4,50,Sturges Road,3656.0,1828.0,propagated,0.096,140.581,210.586,621.604,34.558,0.055595,198.878,1.0,9,1743493.7,5916624.5
3505,1,0.110136,0.0918,4,50,Sturges Road,5094.0,2547.0,count,0.105614,195.874,322.799,952.833,34.558,0.036269,311.092,1.0,9,1743529.5,5916677.0
3506,1,0.04565999999999999,0.038,4,50,Sturges Road,5094.0,2547.0,propagated,0.105614,195.874,322.799,952.833,41.196,0.043235,308.843,1.0,10,1743565.5,5916730.9
3507,5,0.11188799999999999,0.0932,2,50,Great South Road,24173.0,12086.5,propagated,0.096,929.5,1392.365,4109.961,6.622,0.001611,1390.122,1.0,4,1771547.0,5897773.3
3508,5,0.10134,0.0844,2,50,Great South Road,30044.0,15022.0,propagated,0.096,1155.252,1730.534,5108.163,6.622,0.001296,1728.291,1.0,4,1771491.9,5897832.7
3509,4,0.145512,0.1213,4,50,Carr Road,10255.0,5127.5,propagated,0.104242,394.325,641.401,1893.277,8.389,0.004431,638.559,1.0,1,1756335.8,5913163.0
3510,2,0.033288,0.0277,4,50,Hayr Road,10866.0,5433.0,propagated,0.096,417.819,625.882,1847.469,16.276,0.00881,620.368,1.0,2,1756282.9,5913201.3
3511,8,0.508848,0.424,4,50,Vestey Drive,8255.0,4127.5,propagated,0.096,317.421,475.488,1403.538,16.889,0.012033,469.766,1.0,2,1763654.2,5911886.6
3512,6,0.28518,0.2376,2,50,Hobsonville Road,23825.0,11912.5,count,0.096,916.119,1372.32,4050.792,3.106,0.000767,1371.268,1.0,1,1746746.9,5926096.7
3513,1,0.057828,0.0482,2,50,Brigham Creek Road,13476.0,6738.0,propagated,0.096,518.179,776.218,2291.228,3.106,0.001356,775.166,1.0,1,1746628.2,5926043.3
3514,1,0.022307999999999998,0.0186,2,50,Brigham Creek Road,13476.0,6738.0,propagated,0.096,518.179,776.218,2291.228,6.371,0.002781,774.06,1.0,2,1746595.4,5926047.2
3515,1,0.022092,0.0184,3,50,New North Road,15098.0,7549.0,propagated,0.096,580.548,869.645,2567.004,66.819,0.02603,847.008,1.0,9,1756771.4,5918555.3
3516,2,0.122508,0.1021,3,50,New North Road,15098.0,7549.0,propagated,0.096,580.548,869.645,2567.004,76.192,0.029681,843.833,1.0,10,1756830.5,5918564.5
3517,3,0.09357599999999999,0.078,3,50,New North Road,15098.0,7549.0,count,0.096,580.548,869.645,2567.004,85.41,0.033272,840.71,1.0,11,1756901.5,5918619.1
3518,2,0.038148,0.0318,3,50,Symonds Street,25748.0,12874.0,propagated,0.096,990.062,1483.085,4377.747,113.564,0.025941,1444.612,1.0,14,1756938.1,5918659.3
3519,2,0.029255999999999997,0.0244,3,50,Akoranga Drive,14610.0,7305.0,propagated,0.116769,561.784,1023.597,3021.437,3.201,0.001059,1022.513,1.0,1,1756746.3,5925988.9
3520,9,0.361548,0.3013,3,50,Akoranga Drive,14610.0,7305.0,propagated,0.116769,561.784,1023.597,3021.437,6.401,0.002119,1021.428,1.0,2,1756870.7,5925887.0
3521,3,0.10854,0.0904,2,50,Exit 420 Esmonde Road,41142.0,20571.0,propagated,0.096,1581.992,2369.779,6995.076,6.401,0.000915,2367.61,1.0,2,1757007.2,5925838.4
3522,1,0.004332,0.0072,2,100,Exit 420 Esmonde Road,41142.0,20571.0,propagated,0.096,1581.992,2369.779,6995.076,6.401,0.000915,2367.61,1.0,2,1757023.9,5925792.3
3523,1,0.031895999999999994,0.0266,4,50,Puhinui Road,10882.0,5441.0,propagated,0.096,418.435,626.803,1850.187,11.279,0.006096,622.982,1.0,3,1765918.6,5905041.4
3524,9,0.40997999999999996,0.3416,4,50,Puhinui Road,13982.0,6991.0,count,0.096,537.636,805.363,2377.258,11.279,0.004745,801.542,1.0,3,1766089.5,5905109.7
3525,4,0.060779999999999994,0.0506,4,50,Bush Road,13099.0,6549.5,propagated,0.096,503.683,754.502,2227.127,10.567,0.004745,750.922,1.0,3,1752266.9,5931176.9
3526,1,0.01068,0.0089,4,50,Bush Road,13099.0,6549.5,propagated,0.096,503.683,754.502,2227.127,14.193,0.006373,749.694,1.0,4,1752250.1,5931152.4
3527,12,0.621552,0.518,4,50,Bush Road,10867.0,5433.5,count,0.097543,417.858,636.0,1877.335,14.193,0.00756,631.192,1.0,4,1752128.7,5930932.9
3528,1,0.07743000000000001,0.0774,3,60,Smales Road,18042.0,9021.0,propagated,0.096,693.751,1039.219,3067.55,3.233,0.001054,1038.124,1.0,1,1769893.5,5909869.4
3529,3,0.075072,0.0626,3,50,Remuera Road,12389.0,6194.5,count,0.096,476.382,713.606,2106.411,16.591,0.007876,707.985,1.0,2,1758748.8,5917755.2
3530,2,0.168144,0.1401,4,50,Saint Marks Road,10159.0,5079.5,count,0.096,390.634,585.158,1727.26,49.464,0.028637,568.401,1.0,7,1758726.2,5917684.0
3531,1,0.03912,0.0326,4,50,Saint Marks Road,10159.0,5079.5,propagated,0.096,390.634,585.158,1727.26,57.771,0.033447,565.586,1.0,8,1758668.7,5917619.9
3532,4,0.068136,0.0568,4,50,Saint Mark's Road Entry,11670.0,5835.0,propagated,0.096,448.735,672.192,1984.166,57.771,0.029116,652.62,1.0,8,1758642.1,5917583.9
3533,5,0.136056,0.1134,4,50,Aranui Road,5625.0,2812.5,propagated,0.096,216.292,324.0,956.378,4.452,0.004655,322.492,1.0,2,1763781.6,5912972.8
3534,1,0.017543999999999997,0.0146,2,50,Great North Road,24173.0,12086.5,propagated,0.088984,929.5,1290.606,3809.59,4.901,0.001286,1288.946,1.0,3,1754118.6,5918430.7
3535,4,0.136104,0.1134,4,50,Neilson Street,32683.0,16341.5,propagated,0.096,1256.727,1882.541,5556.855,13.847,0.002492,1877.85,1.0,2,1759372.0,5911769.0
3536,6,0.31194,0.26,4,50,Neilson Street,25150.0,12575.0,count,0.2,967.068,3018.0,8908.485,13.847,0.001554,3013.309,1.0,2,1759186.5,5911772.2
3537,4,0.49773599999999996,0.4148,4,50,Somerville Road,6775.0,3387.5,count,0.174465,260.512,709.2,2093.405,3.123,0.001492,708.142,1.0,1,1772608.9,5912731.2
3538,2,0.201924,0.1683,4,50,Somerville Road,6058.0,3029.0,propagated,0.179927,232.942,653.999,1930.464,3.123,0.001618,652.941,1.0,1,1772417.5,5912512.3
3539,4,0.47952,0.3996,4,50,Somerville Road,6058.0,3029.0,count,0.179927,232.942,653.999,1930.464,7.121,0.003689,651.587,1.0,2,1772257.9,5912277.7
3540,1,0.021084,0.0176,3,50,Whitford Road,10971.0,5485.5,propagated,0.096,421.857,631.93,1865.321,12.523,0.006714,627.687,1.0,3,1772141.3,5912112.5
3541,1,0.02526,0.021,4,50,Walters Road,16618.0,8309.0,propagated,0.096,638.995,957.197,2825.439,1.631,0.000577,956.644,1.0,1,1771540.5,5897820.9
3542,1,0.023195999999999998,0.0193,2,50,Great South Road,30044.0,15022.0,propagated,0.096,1155.252,1730.534,5108.163,1.631,0.000319,1729.981,1.0,1,1771528.2,5897828.8
3543,1,0.051168,0.0426,3,50,Kings Road,15105.5,7552.75,default,0.096,580.837,870.077,2568.28,7.363,0.002867,867.583,1.0,1,1765485.8,5914471.3
3544,1,0.010728,0.0089,3,50,Queens Road,26942.0,13471.0,propagated,0.096,1035.974,1551.859,4580.753,7.363,0.001607,1549.365,1.0,1,1765463.5,5914476.2
3545,1,0.06536399999999999,0.0545,3,50,Exit 448 Manukau,14984.0,7492.0,propagated,0.096,576.165,863.078,2547.62,6.223,0.002443,860.97,1.0,1,1768063.3,5904404.8
3546,2,0.029351999999999996,0.0245,4,50,Forest Hill Road,13133.0,6566.5,propagated,0.087261,504.99,687.599,2029.644,63.097,0.031088,666.223,1.0,9,1744329.6,5915672.7
3547,1,0.031163999999999997,0.026,4,50,Forest Hill Road,13133.0,6566.5,propagated,0.087261,504.99,687.599,2029.644,69.444,0.034215,664.073,1.0,10,1744337.3,5915696.2
3548,1,0.01056,0.0088,3,50,Henderson Valley Road,5133.0,2566.5,propagated,0.096,197.374,295.661,872.727,75.791,0.086844,269.985,1.0,11,1744341.0,5915713.1
3549,1,0.044759999999999994,0.0373,3,50,Henderson Valley Road,15584.0,7792.0,propagated,0.096,599.236,897.638,2649.634,75.791,0.028604,871.962,1.0,11,1744355.0,5915730.7
3550,1,0.010931999999999999,0.0091,4,50,Central Park Drive,14352.0,7176.0,propagated,0.096,551.863,826.675,2440.166,28.726,0.011772,816.943,1.0,7,1745671.5,5920268.0
3551,3,0.168624,0.1405,4,50,Central Park Drive,13037.0,6518.5,count,0.113753,501.299,889.799,2626.495,28.726,0.010937,880.067,1.0,7,1745600.9,5920293.4
3552,1,0.005496,0.0046,4,50,Botany Road,14107.0,7053.5,propagated,0.096406,542.442,816.0,2408.656,7.497,0.003113,813.46,1.0,2,1770704.4,5913022.8
3553,1,0.013584,0.0113,4,50,Botany Road,14107.0,7053.5,propagated,0.096406,542.442,816.0,2408.656,11.966,0.004968,811.946,1.0,3,1770702.0,5913015.1
3554,5,0.14917199999999997,0.1243,2,50,Green Lane E,25083.0,12541.5,count,0.096,964.492,1444.781,4264.682,2.827,0.000663,1443.823,1.0,1,1760602.4,5916265.3
3555,1,0.052404,0.0437,2,50,Green Lane E,36893.0,18446.5,propagated,0.096,1418.61,2125.037,6272.651,2.827,0.000451,2124.079,1.0,1,1760534.2,5916216.1
3556,1,0.029879999999999997,0.0249,4,50,Meola Road,10898.0,5449.0,propagated,0.096,419.05,627.725,1852.909,20.053,0.010822,620.931,1.0,4,1753312.8,5919760.3
3557,6,0.378804,0.3157,3,50,Bader Drive,30864.0,15432.0,count,0.096,1186.783,1777.766,5247.582,3.334,0.000635,1776.637,1.0,1,1760254.5,5907072.1
3558,1,0.012168,0.0101,3,50,Bader Drive,16074.0,8037.0,propagated,0.093318,618.077,899.996,2656.594,3.334,0.001255,898.867,1.0,1,1760103.0,5907126.4
3559,1,0.042527999999999996,0.0354,2,50,Titirangi Road,17600.0,8800.0,propagated,0.10875,676.755,1148.4,3389.829,18.542,0.00547,1142.118,1.0,5,1747796.0,5911302.6
3560,5,0.596412,0.497,2,50,Titirangi Road,12052.0,6026.0,count,0.096,463.424,694.195,2049.114,18.542,0.009049,687.913,1.0,5,1747879.3,5911538.4
3561,13,0.44899199999999995,0.3742,2,50,Titirangi Road,12576.0,6288.0,count,0.090331,483.572,681.602,2011.942,18.542,0.009216,675.32,1.0,5,1748023.5,5911899.3
3562,1,0.028668,0.0239,2,50,Titirangi Road,12576.0,6288.0,propagated,0.090331,483.572,681.602,2011.942,20.799,0.010338,674.556,1.0,6,1748082.7,5912083.1
3563,2,0.16294799999999998,0.1358,2,50,Titirangi Road,11988.0,5994.0,count,0.113697,460.963,817.8,2413.969,20.799,0.008616,810.754,1.0,6,1748094.4,5912161.0
3564,1,0.07738799999999998,0.0645,2,50,Titirangi Road,17636.0,8818.0,propagated,0.096,678.139,1015.834,2998.523,20.799,0.006936,1008.788,1.0,6,1748066.7,5912256.5
3565,4,0.15381599999999998,0.1282,2,50,Titirangi Road,17636.0,8818.0,count,0.096,678.139,1015.834,2998.523,24.38,0.008131,1007.575,1.0,7,1748032.3,5912346.1
3566,4,0.12886799999999998,0.1074,2,50,Titirangi Road,17636.0,8818.0,propagated,0.096,678.139,1015.834,2998.523,28.104,0.009373,1006.313,1.0,8,1747987.9,5912454.9
3567,2,0.035604,0.0297,2,50,Titirangi Road,13577.0,6788.5,propagated,0.096,522.063,782.035,2308.399,31.935,0.013834,771.216,1.0,9,1747966.0,5912519.7
3568,1,0.009732,0.0081,4,50,Pupuke Road,10408.0,5204.0,default,0.096,400.208,599.501,1769.598,4.766,0.002693,597.886,1.0,2,1753956.7,5925539.7
3569,1,0.02265,0.0226,3,60,Te Irirangi Drive,26170.0,13085.0,propagated,0.096,1006.289,1507.392,4449.496,5.328,0.001197,1505.587,1.0,1,1770318.5,5911294.6
3570,3,0.03725142857142857,0.0435,4,70,Greenhithe Road,2249.0,1124.5,propagated,0.096,86.479,129.542,382.38,4.725,0.012357,127.941,1.0,1,1751293.6,5929254.3
3571,2,0.05232857142857142,0.061,4,70,Upper Harbour Drive,4094.0,2047.0,propagated,0.096,157.422,235.814,696.072,20.966,0.03012,228.711,1.0,5,1751336.1,5929248.6
3572,6,0.21203999999999998,0.2474,4,70,Upper Harbour Drive,6261.0,3130.5,propagated,0.144705,240.748,543.599,1604.587,25.945,0.016169,534.809,1.0,6,1751482.8,5929296.4
3573,1,0.122208,0.1018,4,50,Puhinui Road,19467.0,9733.5,propagated,0.100889,748.545,1178.404,3478.394,3.842,0.001105,1177.102,1.0,1,1765325.4,5904802.7
3574,4,0.19946399999999997,0.1662,4,50,Puhinui Road,19467.0,9733.5,count,0.100889,748.545,1178.404,3478.394,7.562,0.002174,1175.842,1.0,2,1765449.9,5904851.8
3575,5,0.22596,0.1883,4,50,Puhinui Road,18033.0,9016.5,count,0.110409,693.405,1194.603,3526.21,7.562,0.002145,1192.041,1.0,2,1765614.4,5904917.8
3576,3,0.20587199999999997,0.1716,4,50,Puhinui Road,15584.0,7792.0,count,0.102541,599.236,958.799,2830.168,7.562,0.002672,956.237,1.0,2,1765781.1,5904985.5
3577,2,0.059184,0.0493,4,50,Puhinui Road,10882.0,5441.0,count,0.096,418.435,626.803,1850.187,7.562,0.004087,624.241,1.0,2,1765883.7,5905026.7
3578,3,0.09192,0.0919,3,60,Pakuranga Road,35184.0,17592.0,propagated,0.096,1352.895,2026.598,5982.08,6.751,0.001129,2024.311,1.0,1,1768276.1,5913865.4
3579,3,0.064164,0.0535,3,50,New North Road,16337.0,8168.5,propagated,0.098549,628.19,965.997,2851.415,22.051,0.007733,958.527,1.0,3,1756134.2,5918266.0
3580,3,0.254748,0.2123,3,50,New North Road Interchange,15105.5,7552.75,default,0.096,580.837,870.077,2568.28,22.051,0.008586,862.607,1.0,3,1756252.8,5918323.0
3581,1,0.049884,0.0416,3,50,Shakespeare Road,4411.0,2205.5,count,0.2,169.612,529.32,1562.438,27.008,0.017286,520.17,1.0,4,1756425.5,5927823.9
3582,7,0.163704,0.1364,2,50,Glenfield Road,29449.0,14724.5,propagated,0.096,1132.373,1696.262,5006.999,1.451,0.00029,1695.77,1.0,1,1753709.9,5928591.5
3583,1,0.054467999999999996,0.0454,4,50,Chivalry Road,6196.0,3098.0,propagated,0.096,238.249,356.89,1053.462,1.451,0.001377,356.398,1.0,1,1753757.9,5928516.3
3584,5,0.10067999999999999,0.0839,4,50,Portage Road,7134.0,3567.0,count,0.096,274.317,410.918,1212.941,3.951,0.003257,409.579,1.0,1,1763534.7,5910667.9
3585,2,0.04664399999999999,0.0389,2,50,Great South Road,8462.0,4231.0,propagated,0.096,325.381,487.411,1438.732,7.285,0.005063,484.943,1.0,2,1763489.4,5910671.2
3586,2,0.08294399999999999,0.0691,4,50,Mahia Road,21529.0,10764.5,propagated,0.096,827.833,1240.07,3660.419,18.775,0.005129,1233.709,1.0,5,1768888.9,5899562.9
3587,6,0.19866,0.1656,4,50,Mahia Road,22926.0,11463.0,propagated,0.096,881.551,1320.538,3897.943,18.775,0.004817,1314.177,1.0,5,1768998.8,5899603.9
3588,3,0.17698799999999998,0.1475,4,50,Mahia Road,22926.0,11463.0,count,0.096,881.551,1320.538,3897.943,21.809,0.005595,1313.15,1.0,6,1769145.9,5899657.7
3589,3,0.245964,0.205,4,50,Mahia Road,26228.0,13114.0,count,0.096,1008.519,1510.733,4459.358,21.809,0.004891,1503.345,1.0,6,1769311.3,5899719.0
3590,3,0.18818400000000002,0.1568,4,50,Mahia Road,26251.0,13125.5,count,0.072835,1009.403,1147.195,3386.272,21.809,0.00644,1139.807,1.0,6,1769481.5,5899778.0
3591,9,0.157116,0.1309,2,50,Great South Road,31487.0,15743.5,count,0.096,1210.738,1813.651,5353.506,21.809,0.004074,1806.263,1.0,6,1769584.6,5899684.3
3592,5,0.088476,0.0737,2,50,Great South Road,31568.0,15784.0,propagated,0.096,1213.853,1818.317,5367.279,21.809,0.004063,1810.929,1.0,6,1769656.2,5899610.6
3593,1,0.055188,0.046,2,50,Great South Road,31568.0,15784.0,count,0.096,1213.853,1818.317,5367.279,23.765,0.004428,1810.266,1.0,7,1769698.1,5899568.3
3594,3,0.08782799999999999,0.0732,2,50,Great South Road,31568.0,15784.0,propagated,0.096,1213.853,1818.317,5367.279,25.89,0.004824,1809.546,1.0,8,1769739.8,5899526.2
3595,4,0.150156,0.1251,2,50,Great South Road,16490.0,8245.0,propagated,0.096,634.073,949.824,2803.675,25.89,0.009234,941.053,1.0,8,1769815.1,5899463.2
3596,3,0.19924799999999998,0.166,3,50,Tripoli Road,12633.0,6316.5,count,0.096,485.764,727.661,2147.898,6.545,0.003047,725.444,1.0,2,1765949.2,5915108.6
3597,1,0.06229199999999999,0.0519,3,50,Tripoli Road,12633.0,6316.5,propagated,0.096,485.764,727.661,2147.898,9.758,0.004543,724.355,1.0,3,1765884.7,5915020.7
3598,4,0.280284,0.2336,3,50,Tripoli Road,14216.0,7108.0,count,0.096,546.634,818.842,2417.045,9.758,0.004037,815.536,1.0,3,1765794.0,5914910.6
3599,1,0.02583,0.0258,3,60,Exit 10 Coronation Road,8928.0,4464.0,propagated,0.096,343.299,514.253,1517.964,25.03,0.016489,505.773,1.0,3,1759546.4,5908885.1
3600,1,0.082008,0.0683,3,50,Mount Wellington Highway,20720.0,10360.0,propagated,0.096,796.725,1193.472,3522.872,5.983,0.001698,1191.445,1.0,2,1764117.2,5914297.6
3601,4,0.08213999999999999,0.0684,2,50,Mount Wellington Highway,20720.0,10360.0,propagated,0.096,796.725,1193.472,3522.872,5.983,0.001698,1191.445,1.0,2,1764085.8,5914236.7
3602,17,0.5928599999999999,0.494,2,50,Mount Wellington Highway,35566.0,17783.0,count,0.07718,1367.584,1646.99,4861.559,5.983,0.001231,1644.963,1.0,2,1763958.8,5913985.7
3603,9,0.356124,0.2968,2,50,Mount Wellington Highway,35597.0,17798.5,propagated,0.071748,1368.776,1532.408,4523.338,5.983,0.001323,1530.381,1.0,2,1763783.8,5913632.9
3604,1,0.032748,0.0273,2,50,Mount Wellington Highway,35597.0,17798.5,propagated,0.071748,1368.776,1532.408,4523.338,8.763,0.001937,1529.439,1.0,3,1763715.4,5913487.6
3605,3,0.15356399999999998,0.128,2,50,Mount Wellington Highway,35597.0,17798.5,count,0.071748,1368.776,1532.408,4523.338,22.138,0.004894,1524.908,1.0,7,1763723.9,5913411.5
3606,11,0.449304,0.3744,2,50,Mount Wellington Highway,35480.0,17740.0,count,0.096,1364.277,2043.648,6032.408,22.138,0.00367,2036.148,1.0,7,1763773.4,5913165.3
3607,1,0.20600399999999996,0.1717,4,50,Wallace Road,6247.0,3123.5,count,0.096,240.21,359.827,1062.132,11.75,0.011063,355.846,1.0,3,1758642.3,5908633.4
3608,1,0.057684,0.0481,4,50,Wallace Road,6247.0,3123.5,propagated,0.096,240.21,359.827,1062.132,16.42,0.015459,354.264,1.0,4,1758698.3,5908539.1
3609,1,0.10912999999999999,0.1091,3,60,Ormiston Road,16050.0,8025.0,count,0.096,617.155,924.48,2728.865,81.927,0.030022,896.725,1.0,14,1770954.5,5907044.0
3610,2,0.12048,0.1205,3,60,Ormiston Road,16050.0,8025.0,propagated,0.096,617.155,924.48,2728.865,87.003,0.031882,895.005,1.0,15,1770842.9,5907071.0
3611,2,0.11895,0.1189,3,60,Ormiston Road,17408.0,8704.0,propagated,0.096,669.372,1002.701,2959.757,87.003,0.029395,973.226,1.0,15,1770726.1,5907097.9
3612,1,0.24747599999999997,0.2062,3,50,Bucklands Beach Road,12243.0,6121.5,count,0.096,470.768,705.197,2081.589,15.454,0.007424,699.962,1.0,3,1770039.6,5917292.6
3613,9,0.44924,0.4492,3,60,Redoubt Road,18550.0,9275.0,count,0.100916,713.285,1123.195,3315.429,22.36,0.006744,1115.62,1.0,7,1770638.4,5904171.0
3614,4,0.23596,0.236,3,60,Redoubt Road,18550.0,9275.0,propagated,0.100916,713.285,1123.195,3315.429,27.647,0.008339,1113.829,1.0,8,1770542.9,5904489.8
3615,2,0.01735,0.0174,3,60,Redoubt Road,17274.0,8637.0,propagated,0.096,664.22,994.982,2936.972,33.017,0.011242,983.797,1.0,9,1770454.8,5904579.5
3616,1,0.01451,0.0145,3,60,Redoubt Road,17274.0,8637.0,propagated,0.096,664.22,994.982,2936.972,38.074,0.012964,982.083,1.0,10,1770440.7,5904586.4
3617,8,0.4727,0.4727,3,60,Redoubt Road,17274.0,8637.0,count,0.096,664.22,994.982,2936.972,40.731,0.013868,981.183,1.0,11,1770209.9,5904661.6
3618,3,0.09128399999999999,0.0761,4,50,Puhinui Road,18826.0,9413.0,propagated,0.07888,723.897,890.997,2630.031,2.97,0.001129,889.991,1.0,1,1764112.0,5904313.0
3619,1,0.015635999999999997,0.013,2,50,Entry 3 Puhinui Road,9618.0,4809.0,propagated,0.096,369.831,553.997,1635.28,2.97,0.001816,552.991,1.0,1,1764081.0,5904294.1
3620,1,0.045672,0.0381,2,50,Puhinui Road,18826.0,9413.0,propagated,0.07888,723.897,890.997,2630.031,2.97,0.001129,889.991,1.0,1,1764067.8,5904282.5
3621,3,0.259086,0.4318,0,100,Southwestern Motorway,43706.0,21853.0,propagated,0.096,1680.583,2517.466,7431.016,2.97,0.0004,2516.46,1.0,1,1764202.7,5904121.9
3622,6,0.289578,0.4826,0,100,Southwestern Motorway,59388.0,29694.0,count,0.096,2283.587,3420.749,10097.313,2.97,0.000294,3419.743,1.0,1,1764577.3,5903863.0
3623,2,0.047052000000000004,0.0392,4,50,Vestey Drive,8255.0,4127.5,propagated,0.096,317.421,475.488,1403.538,4.302,0.003065,474.031,1.0,1,1763345.1,5911528.6
3624,1,0.032507999999999995,0.0271,2,50,Great South Road,21173.0,10586.5,propagated,0.096,814.144,1219.565,3599.893,4.302,0.001195,1218.108,1.0,1,1763322.4,5911537.5
3625,17,0.41225999999999985,0.3436,2,50,Great South Road,11828.0,5914.0,propagated,0.096,454.81,681.293,2011.03,4.302,0.002139,679.836,1.0,1,1763278.7,5911717.6
3626,2,0.041664,0.0347,2,50,Great South Road,11828.0,5914.0,propagated,0.096,454.81,681.293,2011.03,12.673,0.006302,677.0,1.0,3,1763177.8,5911874.9
3627,1,0.022512,0.0188,3,50,Tristram Avenue,18375.0,9187.5,propagated,0.096,706.556,1058.4,3124.168,4.706,0.001506,1056.806,1.0,1,1756110.9,5929207.2
3628,2,0.013188,0.011,4,50,Target Road,11188.0,5594.0,propagated,0.110744,430.201,743.402,2194.362,13.117,0.005978,738.958,1.0,2,1753865.5,5930191.4
3629,1,0.05508,0.0459,4,50,Target Road,11188.0,5594.0,propagated,0.110744,430.201,743.402,2194.362,19.434,0.008856,736.818,1.0,3,1753892.4,5930181.8
3630,2,0.240396,0.2003,4,50,Target Road,11188.0,5594.0,count,0.110744,430.201,743.402,2194.362,25.813,0.011763,734.657,1.0,4,1754008.7,5930141.6
3631,2,0.21784799999999999,0.1815,4,50,Target Road,11188.0,5594.0,propagated,0.110744,430.201,743.402,2194.362,30.991,0.014123,732.903,1.0,5,1754192.6,5930093.4
3632,8,0.34704,0.2892,4,50,Target Road,8384.0,4192.0,count,0.106274,322.382,534.601,1578.027,30.991,0.019639,524.102,1.0,5,1754427.8,5930080.2
3633,3,0.15924,0.1327,4,50,Target Road,8384.0,4192.0,propagated,0.106274,322.382,534.601,1578.027,34.245,0.021701,523.0,1.0,6,1754597.1,5929994.8
3634,11,0.226032,0.1884,4,50,Target Road,12693.0,6346.5,count,0.101316,488.071,771.602,2277.603,34.245,0.015036,760.001,1.0,6,1754682.2,5929862.7
3635,6,0.18478799999999995,0.154,4,50,Target Road,12693.0,6346.5,propagated,0.101316,488.071,771.602,2277.603,40.88,0.017949,757.753,1.0,8,1754763.5,5929719.7
3636,5,0.17271599999999998,0.1439,4,50,Target Road,12556.0,6278.0,propagated,0.096,482.803,723.226,2134.807,40.88,0.019149,709.377,1.0,8,1754832.1,5929590.2
3637,3,0.060528,0.0504,4,50,Target Road,12556.0,6278.0,count,0.096,482.803,723.226,2134.807,45.993,0.021544,707.645,1.0,9,1754893.9,5929515.4
3638,3,0.078744,0.0656,4,50,Target Road,12556.0,6278.0,propagated,0.096,482.803,723.226,2134.807,51.147,0.023959,705.899,1.0,10,1754930.1,5929470.4
3639,6,0.22803600000000002,0.19,4,50,Target Road,20183.0,10091.5,count,0.096,776.077,1162.541,3431.57,51.147,0.014905,1145.214,1.0,10,1755011.4,5929371.3
3640,2,0.036767999999999995,0.0306,4,50,Target Road,20183.0,10091.5,propagated,0.096,776.077,1162.541,3431.57,57.862,0.016862,1142.939,1.0,11,1755066.8,5929279.9
3641,5,0.090144,0.0751,2,50,Broadway,16443.0,8221.5,propagated,0.096,632.266,947.117,2795.685,4.259,0.001523,945.674,1.0,1,1758580.3,5918657.6
3642,2,0.092136,0.0768,2,50,Broadway,16443.0,8221.5,propagated,0.096,632.266,947.117,2795.685,40.699,0.014558,933.329,1.0,7,1758631.8,5918711.6
3643,3,0.056688,0.0472,2,50,Parnell Road,15481.0,7740.5,propagated,0.086299,595.275,801.597,2366.141,40.699,0.017201,787.809,1.0,7,1758673.6,5918757.7
3644,3,0.147948,0.1233,2,50,Parnell Road,15481.0,7740.5,count,0.086299,595.275,801.597,2366.141,44.051,0.018617,786.673,1.0,8,1758731.8,5918820.1
3645,1,0.023195999999999998,0.0193,2,50,Parnell Road,15481.0,7740.5,propagated,0.086299,595.275,801.597,2366.141,46.939,0.019838,785.695,1.0,9,1758779.4,5918872.7
3646,1,0.023208,0.0193,2,50,Parnell Road,15481.0,7740.5,propagated,0.086299,595.275,801.597,2366.141,49.708,0.021008,784.757,1.0,10,1758792.6,5918886.9
3647,2,0.042888,0.0357,3,50,Edmonton Road,22236.0,11118.0,propagated,0.096,855.019,1280.794,3780.627,4.973,0.001315,1279.109,1.0,1,1746218.5,5918463.7
3648,1,0.12825599999999998,0.1069,3,50,Edmonton Road,21098.0,10549.0,propagated,0.096,811.26,1215.245,3587.141,4.973,0.001386,1213.56,1.0,1,1746264.9,5918517.7
3649,1,0.05772,0.0481,3,50,Preston Road,12180.0,6090.0,propagated,0.10624,468.345,776.402,2291.771,29.613,0.012921,766.37,1.0,5,1768103.1,5907576.1
3650,2,0.113868,0.0949,3,50,Preston Road,12180.0,6090.0,count,0.10624,468.345,776.402,2291.771,36.637,0.015986,763.99,1.0,6,1768119.8,5907645.3
3651,1,0.010704,0.0089,3,50,Preston Road,12180.0,6090.0,propagated,0.10624,468.345,776.402,2291.771,43.412,0.018943,761.695,1.0,7,1768132.7,5907695.4
3652,4,0.04869,0.0487,3,60,Preston Road,12180.0,6090.0,propagated,0.10624,468.345,776.402,2291.771,43.412,0.018943,761.695,1.0,7,1768139.8,5907723.6
3653,3,0.04419,0.0442,3,60,Preston Road,26396.0,13198.0,propagated,0.096,1014.979,1520.41,4487.922,43.412,0.009673,1505.703,1.0,7,1768153.4,5907768.1
3654,7,0.28823999999999994,0.2402,4,50,Carlton Gore Road,9994.0,4997.0,count,0.096,384.289,575.654,1699.206,5.663,0.003333,573.735,1.0,1,1757988.8,5918707.4
3655,6,0.270648,0.2255,4,50,Park Road,11196.0,5598.0,count,0.096,430.509,644.89,1903.576,22.275,0.011702,637.344,1.0,4,1757853.0,5918851.2
3656,2,0.040596,0.0338,4,50,Park Road,11196.0,5598.0,propagated,0.096,430.509,644.89,1903.576,26.326,0.01383,635.971,1.0,5,1757817.0,5918976.0
3657,1,0.051095999999999996,0.0426,4,50,Park Road,11196.0,5598.0,propagated,0.096,430.509,644.89,1903.576,30.193,0.015861,634.661,1.0,6,1757805.5,5919012.3
3658,4,0.19150799999999996,0.1596,4,50,Park Road,11258.0,5629.0,propagated,0.092734,432.893,626.4,1848.998,30.193,0.016329,616.171,1.0,6,1757738.1,5919076.2
3659,6,0.203568,0.1696,4,50,Park Road,11258.0,5629.0,count,0.092734,432.893,626.4,1848.998,33.407,0.018068,615.082,1.0,7,1757580.3,5919123.8
3660,4,0.0858,0.0715,3,50,Mount Albert Road,16458.0,8229.0,propagated,0.096,632.843,947.981,2798.235,3.139,0.001122,946.918,1.0,1,1754768.2,5914657.2
3661,2,0.19456800000000002,0.1621,3,50,Mount Albert Road,15918.0,7959.0,propagated,0.096,612.079,916.877,2706.423,3.139,0.00116,915.814,1.0,1,1754682.5,5914736.7
3662,1,0.11275199999999999,0.094,3,50,Mount Albert Road,15918.0,7959.0,count,0.096,612.079,916.877,2706.423,8.789,0.003247,913.899,1.0,2,1754588.9,5914824.3
3663,1,0.069648,0.058,3,50,Mount Albert Road,15918.0,7959.0,propagated,0.096,612.079,916.877,2706.423,14.851,0.005487,911.846,1.0,3,1754543.6,5914884.2
3664,2,0.17128799999999997,0.1427,3,50,Mount Albert Road,14905.0,7452.5,count,0.096,573.127,858.528,2534.189,21.103,0.008327,851.379,1.0,4,1754510.3,5914978.7
3665,3,0.084672,0.0706,3,50,Mount Albert Road,14905.0,7452.5,propagated,0.096,573.127,858.528,2534.189,27.575,0.010881,849.186,1.0,5,1754474.6,5915079.3
3666,1,0.037944,0.0316,3,50,Mount Albert Road,14905.0,7452.5,propagated,0.096,573.127,858.528,2534.189,33.911,0.013381,847.04,1.0,6,1754457.1,5915127.3
3667,4,0.0852,0.0852,2,60,Great South Road,25752.0,12876.0,propagated,0.096,990.216,1483.315,4378.426,3.876,0.000885,1482.002,1.0,1,1767591.0,5904642.6
3668,12,0.28378000000000003,0.2838,2,60,Great South Road,13665.0,6832.5,count,0.096,525.447,787.104,2323.361,3.876,0.001668,785.791,1.0,1,1767526.5,5904814.7
3669,1,0.040175999999999996,0.0335,3,50,Sylvia Park Road,15418.0,7709.0,propagated,0.096,592.853,888.077,2621.412,5.982,0.002282,886.05,1.0,1,1763929.6,5912260.0
3670,1,0.09315599999999999,0.0776,3,50,Swanson Road,14205.0,7102.5,propagated,0.099331,546.211,846.598,2498.975,37.819,0.015134,833.786,1.0,9,1741821.3,5919101.1
3671,6,0.09755999999999998,0.0813,3,50,Swanson Road,14205.0,7102.5,propagated,0.099331,546.211,846.598,2498.975,42.028,0.016818,832.36,1.0,10,1741900.6,5919100.8
3672,16,0.631872,0.5266,3,50,Swanson Road,10548.0,5274.0,count,0.096,405.592,607.565,1793.401,42.028,0.023435,593.327,1.0,10,1742192.2,5919018.6
3673,1,0.042888,0.0357,3,50,Swanson Road,5576.0,2788.0,propagated,0.096,214.408,321.178,948.048,42.028,0.044331,306.94,1.0,10,1742471.6,5918994.0
3674,4,0.047951999999999995,0.04,3,50,Swanson Road,5576.0,2788.0,propagated,0.096,214.408,321.178,948.048,45.133,0.047606,305.888,1.0,11,1742509.6,5918995.6
3675,5,0.226464,0.1887,3,50,Swanson Road,5576.0,2788.0,count,0.096,214.408,321.178,948.048,48.253,0.050897,304.831,1.0,12,1742623.5,5919004.9
3676,7,0.4248719999999999,0.3541,3,50,Swanson Road,12633.0,6316.5,count,0.096,485.764,727.661,2147.898,51.231,0.023852,710.305,1.0,13,1742892.7,5919035.8
3677,8,0.587148,0.4893,3,50,Swanson Road,16331.0,8165.5,count,0.096,627.96,940.666,2776.643,51.231,0.018451,923.31,1.0,13,1743270.4,5919185.6
3678,5,0.26745599999999997,0.2229,3,50,Swanson Road,15285.0,7642.5,count,0.096,587.739,880.416,2598.798,51.231,0.019713,863.06,1.0,13,1743560.5,5919383.2
3679,3,0.05112,0.0511,4,60,Wiri Station Road,7078.0,3539.0,count,0.096,272.163,407.693,1203.422,9.398,0.007809,404.509,1.0,1,1767023.3,5903771.9
3680,3,0.07071,0.0707,4,60,Wiri Station Road,7078.0,3539.0,propagated,0.096,272.163,407.693,1203.422,18.682,0.015524,401.364,1.0,2,1767062.7,5903818.3
3681,5,0.21614,0.2161,4,60,Wiri Station Road,7078.0,3539.0,propagated,0.096,272.163,407.693,1203.422,27.86,0.023151,398.255,1.0,3,1767121.2,5903947.7
3682,1,0.03326,0.0333,4,60,Otara Road,8264.0,4132.0,count,0.114956,317.767,569.998,1682.511,7.47,0.00444,567.467,1.0,1,1766445.0,5907648.7
3683,2,0.074736,0.0623,3,50,Bader Drive,16034.0,8017.0,propagated,0.1059,616.539,1018.8,3007.278,8.267,0.002749,1015.999,1.0,2,1759523.6,5908122.8
3684,4,0.17224799999999998,0.1435,3,50,Bader Drive,16172.0,8086.0,count,0.101657,621.846,986.398,2911.634,14.043,0.004823,981.641,1.0,3,1759464.6,5908206.9
3685,1,0.05726,0.0573,3,60,Bader Drive,16296.0,8148.0,count,0.10162,626.614,993.6,2932.893,21.379,0.007289,986.357,1.0,4,1759406.5,5908289.0
3686,3,0.08522,0.0852,3,60,Bader Drive,16296.0,8148.0,propagated,0.10162,626.614,993.6,2932.893,28.921,0.009861,983.802,1.0,5,1759369.4,5908349.4
3687,1,0.0096,0.0096,3,60,Bader Drive,16296.0,8148.0,propagated,0.10162,626.614,993.6,2932.893,36.553,0.012463,981.217,1.0,6,1759352.3,5908392.7
3688,1,0.06631000000000001,0.0663,3,60,Bader Drive,16296.0,8148.0,propagated,0.10162,626.614,993.6,2932.893,44.18,0.015064,978.633,1.0,7,1759353.0,5908431.1
3689,2,0.13296000000000002,0.133,3,60,McKenzie Road,9727.0,4863.5,propagated,0.096,374.023,560.275,1653.811,69.473,0.042008,536.739,1.0,11,1759383.5,5908525.2
3690,1,0.05122,0.0512,3,60,McKenzie Road,9727.0,4863.5,count,0.096,374.023,560.275,1653.811,77.649,0.046952,533.969,1.0,12,1759418.5,5908610.0
3691,1,0.011184,0.0093,3,50,Saint Lukes Road,10179.0,5089.5,propagated,0.096,391.403,586.31,1730.661,47.311,0.027337,570.282,1.0,8,1754864.6,5916476.6
3692,1,0.07539599999999999,0.0628,4,50,Sandringham Road,17008.0,8504.0,propagated,0.096,653.992,979.661,2891.748,47.311,0.016361,963.633,1.0,8,1754899.9,5916476.5
3693,2,0.05115,0.0512,3,60,East Tamaki Road,23488.0,11744.0,propagated,0.108992,903.161,1536.002,4533.946,79.295,0.017489,1509.139,1.0,17,1768168.1,5907877.3
3694,7,0.18375999999999998,0.1838,3,60,East Tamaki Road,23488.0,11744.0,propagated,0.108992,903.161,1536.002,4533.946,85.777,0.018919,1506.943,1.0,18,1768068.1,5907823.1
3695,1,0.057912,0.0483,3,50,Buckland Road,14139.0,7069.5,propagated,0.096,543.673,814.406,2403.951,5.332,0.002218,812.6,1.0,1,1761206.0,5907505.5
3696,1,0.016056,0.0134,4,50,Sandspit Road,8133.0,4066.5,propagated,0.144842,312.73,706.8,2086.321,4.024,0.001929,705.437,1.0,1,1772885.5,5913644.1
3697,1,0.10138604651162791,0.0727,4,43,Sandspit Road,8133.0,4066.5,propagated,0.144842,312.73,706.8,2086.321,4.024,0.001929,705.437,1.0,1,1772859.3,5913678.2
3698,1,0.07700487804878048,0.0526,4,41,Sandspit Road,8133.0,4066.5,propagated,0.144842,312.73,706.8,2086.321,8.189,0.003925,704.026,1.0,2,1772821.2,5913727.9
3699,2,0.10074146341463414,0.0688,4,41,Sandspit Road,6942.0,3471.0,propagated,0.137424,266.934,572.398,1689.595,8.189,0.004847,569.624,1.0,2,1772784.1,5913776.3
3700,1,0.044091891891891895,0.0272,4,37,Sandspit Road,6942.0,3471.0,propagated,0.137424,266.934,572.398,1689.595,8.189,0.004847,569.624,1.0,2,1772759.4,5913816.2
3701,1,0.029737499999999997,0.0159,4,32,Sandspit Road,6942.0,3471.0,propagated,0.137424,266.934,572.398,1689.595,8.189,0.004847,569.624,1.0,2,1772752.1,5913836.0
3702,1,0.22907272727272726,0.126,4,33,Sandspit Road,6942.0,3471.0,count,0.137424,266.934,572.398,1689.595,12.501,0.007399,568.163,1.0,3,1772743.4,5913905.6
3703,1,0.022885714285714284,0.0107,4,28,,8873.0,4436.5,default,0.096,341.185,511.085,1508.613,12.501,0.008286,506.85,1.0,3,1772733.5,5913970.2
3704,1,0.017920000000000002,0.009,4,30,Paparoa Road,6644.0,3322.0,propagated,0.117399,255.475,467.999,1381.432,12.501,0.009049,463.764,1.0,3,1772727.3,5913975.9
3705,1,0.16362,0.1364,4,50,Paparoa Road,6644.0,3322.0,count,0.117399,255.475,467.999,1381.432,12.501,0.009049,463.764,1.0,3,1772655.8,5913989.5
3706,2,0.06095999999999999,0.0508,4,50,Paparoa Road,7032.0,3516.0,count,0.123436,270.394,520.801,1537.292,12.501,0.008132,516.566,1.0,3,1772564.1,5914008.1
3707,6,0.265212,0.221,4,50,Paparoa Road,8529.0,4264.5,count,0.151952,327.957,777.599,2295.304,12.501,0.005446,773.364,1.0,3,1772430.7,5914033.7
3708,4,0.169668,0.1414,3,50,Minerva Terrace,5838.0,2919.0,count,0.123844,224.483,433.801,1280.487,12.501,0.009763,429.566,1.0,3,1772274.0,5914009.7
3709,1,0.028512,0.0238,3,50,Cook Street,11657.0,5828.5,propagated,0.096,448.235,671.443,1981.955,12.501,0.006307,667.208,1.0,3,1772222.0,5913947.6
3710,3,0.260544,0.2171,3,50,Cook Street,11657.0,5828.5,count,0.096,448.235,671.443,1981.955,23.551,0.011883,663.464,1.0,5,1772139.4,5913862.7
3711,1,0.01758,0.0146,3,50,Whitford Road,7212.0,3606.0,propagated,0.096,277.316,415.411,1226.204,23.551,0.019206,407.432,1.0,5,1772060.0,5913786.1
3712,1,0.027084,0.0226,4,50,Union Road,10448.0,5224.0,propagated,0.096,401.746,601.805,1776.398,23.551,0.013258,593.826,1.0,5,1772042.7,5913790.5
3713,1,0.069672,0.0581,3,50,New North Road,18923.0,9461.5,propagated,0.096338,727.627,1093.802,3228.667,8.741,0.002707,1090.841,1.0,2,1752085.9,5915686.1
3714,5,0.12510000000000002,0.1042,3,50,New North Road,28822.0,14411.0,propagated,0.096,1108.264,1660.147,4900.396,8.741,0.001784,1657.186,1.0,2,1752040.4,5915619.5
3715,5,0.2871,0.2392,4,50,Penrose Road,11275.0,5637.5,propagated,0.096,433.546,649.44,1917.007,3.247,0.001694,648.34,1.0,1,1763138.1,5913920.8
3716,22,0.8151359999999999,0.6793,4,50,Penrose Road,11275.0,5637.5,count,0.096,433.546,649.44,1917.007,6.653,0.003471,647.186,1.0,2,1762739.7,5913816.2
3717,5,0.171012,0.1425,4,50,Penrose Road,20128.0,10064.0,propagated,0.096,773.962,1159.373,3422.219,6.653,0.001944,1157.119,1.0,2,1762331.4,5913806.7
3718,2,0.025164000000000002,0.021,3,50,Mount Albert Road,16711.0,8355.5,propagated,0.088564,642.571,887.996,2621.173,7.585,0.002894,885.426,1.0,1,1756300.2,5913735.3
3719,1,0.01098,0.0092,2,50,Glenfield Road,17111.0,8555.5,propagated,0.086669,657.952,889.796,2626.486,13.147,0.005006,885.342,1.0,4,1753647.3,5928134.4
3720,5,0.090972,0.0758,3,50,Bader Drive,43510.0,21755.0,count,0.096,1673.047,2506.176,7397.691,4.307,0.000582,2504.717,1.0,1,1760946.5,5907292.0
3721,1,0.009984,0.0083,3,50,Robertson Road,16415.0,8207.5,propagated,0.096,631.19,945.504,2790.924,4.307,0.001543,944.045,1.0,1,1760968.3,5907326.7
3722,3,0.077928,0.0649,4,50,Robertson Road,16415.0,8207.5,propagated,0.096,631.19,945.504,2790.924,9.444,0.003384,942.305,1.0,2,1760956.8,5907360.5
3723,2,0.021575999999999998,0.018,2,50,Atkinson Avenue,16610.0,8305.0,propagated,0.096,638.688,956.736,2824.078,17.713,0.006272,950.735,1.0,3,1764252.8,5909791.6
3724,1,0.025812,0.0215,2,50,Atkinson Avenue,14692.0,7346.0,propagated,0.096,564.937,846.259,2497.974,17.713,0.007091,840.258,1.0,3,1764248.4,5909811.0
3725,6,0.150228,0.1252,2,50,Atkinson Avenue,14692.0,7346.0,count,0.096,564.937,846.259,2497.974,23.298,0.009327,838.366,1.0,4,1764232.0,5909882.5
3726,1,0.030132,0.0251,2,50,Atkinson Avenue,14692.0,7346.0,propagated,0.096,564.937,846.259,2497.974,28.946,0.011588,836.453,1.0,5,1764214.2,5909955.4
3727,3,0.053076,0.0442,2,50,St Johns Road,19812.0,9906.0,propagated,0.096,761.811,1141.171,3368.491,1.864,0.000553,1140.54,1.0,1,1764218.7,5917466.2
3728,1,0.042648,0.0355,2,50,St Johns Road,19812.0,9906.0,propagated,0.096,761.811,1141.171,3368.491,3.728,0.001107,1139.908,1.0,2,1764185.1,5917458.8
3729,1,0.022668,0.0189,2,50,St Johns Road,19812.0,9906.0,propagated,0.096,761.811,1141.171,3368.491,4.999,0.001484,1139.477,1.0,3,1764157.8,5917457.3
3730,10,0.592104,0.4934,2,50,St Johns Road,19812.0,9906.0,count,0.096,761.811,1141.171,3368.491,37.682,0.011187,1128.405,1.0,10,1763917.5,5917544.9
3731,40,1.369464,1.1412,2,50,St Johns Road,17254.0,8627.0,count,0.096,663.451,993.83,2933.572,37.682,0.012845,981.064,1.0,10,1763123.9,5917619.5
3732,15,0.542616,0.4522,2,50,Remuera Road,24627.0,12313.5,count,0.096,946.957,1418.515,4187.15,37.682,0.008999,1405.749,1.0,10,1762541.6,5917116.8
3733,7,0.177288,0.1477,2,50,Remuera Road,23544.0,11772.0,count,0.096,905.314,1356.134,4003.015,37.682,0.009413,1343.368,1.0,10,1762308.3,5916934.5
3734,5,0.18222,0.1519,2,50,Remuera Road,23020.0,11510.0,count,0.096,885.165,1325.952,3913.924,37.682,0.009628,1313.186,1.0,10,1762160.5,5916949.4
3735,11,0.3761880000000001,0.3135,2,50,Remuera Road,25609.0,12804.5,count,0.096,984.717,1475.078,4354.112,37.682,0.008654,1462.312,1.0,10,1761935.7,5916918.5
3736,17,0.41988,0.3499,2,50,Remuera Road,23450.0,11725.0,count,0.096,901.699,1350.72,3987.034,37.682,0.009451,1337.954,1.0,10,1761617.1,5916869.4
3737,2,0.057552,0.048,2,50,Remuera Road,23450.0,11725.0,propagated,0.096,901.699,1350.72,3987.034,39.233,0.00984,1337.429,1.0,11,1761432.0,5916837.0
3738,3,0.08297999999999998,0.0692,2,50,Remuera Road,24489.0,12244.5,propagated,0.078811,941.651,1158.002,3418.172,39.233,0.011478,1144.711,1.0,11,1761386.6,5916800.3
3739,7,0.213948,0.1783,2,50,Remuera Road,24489.0,12244.5,count,0.078811,941.651,1158.002,3418.172,41.337,0.012093,1143.998,1.0,12,1761290.9,5916721.7
3740,1,0.011423999999999998,0.0095,2,50,Remuera Road,24489.0,12244.5,propagated,0.078811,941.651,1158.002,3418.172,44.234,0.012941,1143.016,1.0,13,1761217.6,5916663.7
3741,6,0.5629875000000001,0.7506,2,80,Te Irirangi Drive,34528.0,17264.0,count,0.08706,1327.671,1803.605,5323.853,2.96,0.000556,1802.602,1.0,2,1769214.1,5907024.8
3742,3,0.034140000000000004,0.0455,2,80,Te Irirangi Drive,34528.0,17264.0,propagated,0.08706,1327.671,1803.605,5323.853,8.406,0.001579,1800.757,1.0,3,1769319.2,5907408.8
3743,2,0.0199875,0.0266,2,80,Te Irirangi Drive,34528.0,17264.0,propagated,0.08706,1327.671,1803.605,5323.853,13.706,0.002574,1798.962,1.0,4,1769327.9,5907443.4
3744,6,0.259764,0.2165,2,50,Great South Road,24173.0,12086.5,count,0.096,929.5,1392.365,4109.961,3.465,0.000843,1391.191,1.0,2,1771706.0,5897571.7
3745,2,0.12214799999999999,0.1018,2,50,Great South Road,24173.0,12086.5,propagated,0.096,929.5,1392.365,4109.961,5.043,0.001227,1390.657,1.0,3,1771607.2,5897696.7
3746,2,0.06215,0.0622,3,60,Ormiston Road,18880.0,9440.0,propagated,0.096,725.974,1087.488,3210.03,6.483,0.00202,1085.292,1.0,1,1771370.3,5907017.2
3747,1,0.018214285714285714,0.0213,4,70,Greenhithe Road,2249.0,1124.5,propagated,0.096,86.479,129.542,382.38,4.725,0.012357,127.941,1.0,1,1751294.2,5929244.4
3748,1,0.0074399999999999996,0.0087,4,70,Upper Harbour Drive,4094.0,2047.0,propagated,0.096,157.422,235.814,696.072,16.241,0.023332,230.312,1.0,4,1751303.4,5929236.7
3749,1,0.01265,0.0126,3,60,Manukau Station Road,6390.0,3195.0,propagated,0.096,245.708,368.064,1086.445,42.293,0.038928,353.736,1.0,4,1766790.8,5904007.0
3750,2,0.09462,0.0946,4,60,Murphys Road,4915.0,2457.5,propagated,0.096,188.992,283.104,835.662,6.871,0.008222,280.776,1.0,2,1771171.4,5906372.1
3751,4,0.20047,0.2005,4,60,Murphys Road,9277.0,4638.5,count,0.130215,356.719,724.803,2139.462,6.871,0.003212,722.475,1.0,2,1771205.4,5906515.8
3752,1,0.16038,0.1604,4,60,Murphys Road,11001.0,5500.5,count,0.139805,423.01,922.797,2723.898,6.871,0.002522,920.469,1.0,2,1771249.1,5906691.1
3753,5,0.13297,0.133,4,60,Murphys Road,9343.0,4671.5,count,0.13486,359.257,755.998,2231.543,6.871,0.003079,753.67,1.0,2,1771284.1,5906833.7
3754,1,0.02215,0.0222,4,60,Murphys Road,8658.0,4329.0,propagated,0.129014,332.917,670.202,1978.292,6.871,0.003473,667.874,1.0,2,1771302.8,5906908.8
3755,1,0.09201999999999999,0.092,4,60,Ormiston Road,16986.0,8493.0,propagated,0.110208,653.146,1123.196,3315.432,13.752,0.004148,1118.537,1.0,3,1771311.5,5906964.8
3756,1,0.016919999999999998,0.0141,3,50,Picton Street,12608.0,6304.0,propagated,0.096,484.803,726.221,2143.648,3.554,0.001658,725.017,1.0,1,1771984.8,5915253.1
3757,2,0.05644799999999999,0.047,2,50,Te Horeta Road,28028.0,14014.0,propagated,0.096,1077.733,1614.413,4765.399,16.987,0.003565,1608.658,1.0,3,1764694.0,5914783.5
3758,1,0.013968,0.0116,4,50,Chapel Road,16324.0,8162.0,propagated,0.096,627.69,940.262,2775.451,15.884,0.005723,934.881,1.0,3,1769298.1,5905577.2
3759,12,0.5736600000000001,0.478,4,50,Dawson Road,14714.0,7357.0,count,0.096,565.783,847.526,2501.714,15.884,0.006349,842.145,1.0,3,1769107.0,5905716.3
3760,1,0.22191999999999998,0.111,4,30,Rowandale Avenue,4380.0,2190.0,propagated,0.106849,168.42,280.799,828.858,17.274,0.020841,274.947,1.0,4,1766362.2,5901583.6
3761,1,0.054804,0.0457,4,50,Rowandale Avenue,4380.0,2190.0,propagated,0.106849,168.42,280.799,828.858,17.274,0.020841,274.947,1.0,4,1766332.4,5901655.8
3762,1,0.12436799999999999,0.1036,3,50,Browns Road,15114.0,7557.0,propagated,0.091108,581.164,826.204,2438.776,23.217,0.00952,818.339,1.0,5,1766371.9,5901696.1
3763,5,0.39858,0.3322,3,50,Browns Road,17352.0,8676.0,count,0.096,667.219,999.475,2950.235,23.217,0.00787,991.61,1.0,5,1766573.8,5901778.1
3764,3,0.069384,0.0578,3,50,Browns Road,14165.0,7082.5,propagated,0.096,544.673,815.904,2408.373,23.217,0.00964,808.039,1.0,5,1766754.7,5901851.0
3765,1,0.025044,0.0209,3,50,Browns Road,14165.0,7082.5,propagated,0.096,544.673,815.904,2408.373,34.875,0.014481,804.089,1.0,8,1766790.9,5901866.0
3766,5,0.094548,0.0788,1,50,Clark Street,24670.0,12335.0,propagated,0.096,948.611,1420.992,4194.462,8.85,0.00211,1417.994,1.0,3,1750416.0,5913754.7
3767,1,0.046572,0.0388,1,50,Clark Street,27984.0,13992.0,propagated,0.08437,1076.041,1416.606,4181.515,11.965,0.002861,1412.553,1.0,4,1750473.1,5913740.6
3768,2,0.077328,0.0644,4,50,Portage Road,11193.0,5596.5,propagated,0.096,430.393,644.717,1903.065,11.965,0.006287,640.664,1.0,4,1750495.5,5913768.1
3769,2,0.146244,0.1219,4,50,Victoria Road,6605.0,3302.5,count,0.096,253.975,380.448,1123.0,21.431,0.019084,373.188,1.0,5,1760283.9,5922349.7
3770,1,0.146472,0.1221,4,50,Victoria Road,8269.0,4134.5,count,0.096,317.96,476.294,1405.917,21.431,0.015243,469.034,1.0,5,1760327.6,5922462.4
3771,2,0.13258799999999998,0.1105,4,50,Victoria Road,13891.0,6945.5,count,0.096,534.137,800.122,2361.787,26.569,0.01125,791.121,1.0,6,1760330.4,5922578.2
3772,5,0.138996,0.1158,4,50,Victoria Road,11957.0,5978.5,count,0.096,459.771,688.723,2032.962,26.569,0.013069,679.722,1.0,6,1760256.3,5922649.6
3773,2,0.16254,0.1354,4,50,Victoria Road,13006.0,6503.0,count,0.096,500.107,749.146,2211.317,26.569,0.012015,740.145,1.0,6,1760232.9,5922768.9
3774,1,0.11913599999999999,0.0993,4,50,Victoria Road,13158.0,6579.0,count,0.096,505.951,757.901,2237.16,26.569,0.011876,748.9,1.0,6,1760223.2,5922886.0
3775,6,0.24746399999999996,0.2062,4,50,Albert Road,13005.0,6502.5,count,0.096,500.068,749.088,2211.146,26.569,0.012016,740.087,1.0,6,1760304.6,5923005.5
3776,1,0.009528,0.0079,3,50,Albert Road,13005.0,6502.5,propagated,0.096,500.068,749.088,2211.146,33.158,0.014996,737.855,1.0,7,1760388.9,5923065.6
3777,1,0.032172,0.0268,3,50,Lake Road,13165.0,6582.5,propagated,0.087277,506.221,689.401,2034.963,39.554,0.019437,676.001,1.0,8,1760384.7,5923081.1
3778,1,0.053267999999999996,0.0444,3,50,Weymouth Road,7609.0,3804.5,count,0.096,292.581,438.278,1293.702,5.266,0.00407,436.494,1.0,1,1766602.4,5899882.9
3779,3,0.237552,0.198,3,50,Weymouth Road,7609.0,3804.5,propagated,0.096,292.581,438.278,1293.702,11.28,0.008719,434.457,1.0,2,1766714.4,5899928.7
3780,5,0.168648,0.1405,3,50,Weymouth Road,14870.0,7435.0,count,0.098857,571.781,882.002,2603.48,11.28,0.004333,878.181,1.0,2,1766871.5,5899992.5
3781,3,0.12207599999999999,0.1017,3,50,Balmoral Road,20625.0,10312.5,propagated,0.096,793.072,1188.0,3506.72,3.535,0.001008,1186.802,1.0,1,1755762.8,5916209.3
3782,1,0.036539999999999996,0.0304,2,50,Oteha Valley Road,3702.0,1851.0,propagated,0.103187,142.349,229.199,676.546,3.527,0.005213,228.004,1.0,3,1751635.4,5934081.8
3783,1,0.012156,0.0101,2,50,Albany Highway,20013.0,10006.5,propagated,0.096,769.54,1152.749,3402.666,3.527,0.001037,1151.554,1.0,3,1751627.4,5934063.4
3784,4,0.055644,0.0464,4,50,Hugh Green Drive,13519.0,6759.5,propagated,0.096,519.833,778.694,2298.537,3.031,0.001319,777.667,1.0,1,1753921.7,5933534.3
3785,1,0.07146,0.0596,4,50,Greville Road,15980.0,7990.0,propagated,0.096,614.463,920.448,2716.964,3.031,0.001116,919.421,1.0,1,1753880.1,5933565.1
3786,1,0.023115,0.0308,2,80,Greville Road,15980.0,7990.0,propagated,0.096,614.463,920.448,2716.964,3.031,0.001116,919.421,1.0,1,1753841.5,5933566.1
3787,11,0.40424249999999995,0.539,2,80,Greville Road,23323.0,11661.5,count,0.096,896.816,1343.405,3965.442,3.031,0.000764,1342.378,1.0,1,1753612.9,5933396.3
3788,1,0.014796,0.0123,2,50,Entry 412 Greville Road,33886.0,16943.0,propagated,0.096,1302.984,1951.834,5761.393,3.031,0.000526,1950.807,1.0,1,1753401.0,5933232.8
3789,1,0.036995999999999994,0.0308,2,50,Tom Pearce Drive,18992.0,9496.0,default,0.096,730.28,1093.939,3229.072,5.482,0.001698,1092.082,1.0,3,1760163.8,5903752.6
3790,6,0.31330800000000003,0.2611,3,50,Jimmy Ward Crescent,15105.5,7552.75,default,0.096,580.837,870.077,2568.28,5.482,0.002135,868.22,1.0,3,1760183.9,5903881.2
3791,18,1.574568,1.3121,3,50,Nixon Road,15105.5,7552.75,default,0.096,580.837,870.077,2568.28,5.482,0.002135,868.22,1.0,3,1759598.8,5904275.5
3792,4,0.06439199999999999,0.0537,2,50,George Bolt Memorial Drive,43628.0,21814.0,propagated,0.096,1677.584,2512.973,7417.754,9.007,0.001214,2509.922,1.0,5,1758976.7,5904490.3
3793,1,0.062340000000000007,0.0623,2,60,George Bolt Memorial Drive,43628.0,21814.0,propagated,0.096,1677.584,2512.973,7417.754,9.007,0.001214,2509.922,1.0,5,1758972.5,5904548.0
3794,4,0.06579,0.0658,2,60,George Bolt Memorial Drive,43628.0,21814.0,propagated,0.096,1677.584,2512.973,7417.754,12.595,0.001698,2508.706,1.0,6,1758967.4,5904612.0
3795,1,0.02138,0.0214,4,60,Landing Drive,14258.0,7129.0,default,0.096,548.249,821.261,2424.185,12.595,0.005196,816.994,1.0,6,1758953.8,5904642.7
3796,2,0.026979999999999997,0.027,0,60,George Bolt Memorial Drive,43288.0,21644.0,propagated,0.096,1664.51,2493.389,7359.946,19.49,0.002648,2486.786,1.0,8,1758942.3,5904654.0
3797,4,0.19803,0.198,4,60,Lonely Track Road,2461.0,1230.5,propagated,0.096,94.63,141.754,418.427,10.081,0.024093,138.339,1.0,3,1752610.2,5936128.7
3798,9,0.7692599999999999,0.641,4,50,Lonely Track Road,2461.0,1230.5,count,0.096,94.63,141.754,418.427,10.081,0.024093,138.339,1.0,3,1752967.5,5936303.3
3799,7,0.7208039999999999,0.6007,4,50,Lonely Track Road,1504.0,752.0,count,0.096,57.832,86.63,255.713,10.081,0.039423,83.215,1.0,3,1753498.8,5936566.5
3800,3,0.08064,0.0672,1,50,East Coast Road,12864.0,6432.0,count,0.096,494.647,740.966,2187.172,10.081,0.004609,737.551,1.0,3,1753751.2,5936748.6
3801,3,0.106488,0.0887,3,50,New North Road Interchange,15105.5,7552.75,default,0.096,580.837,870.077,2568.28,17.873,0.006959,864.022,1.0,3,1756507.2,5918394.1
3802,1,0.020892,0.0174,3,50,New North Road,15098.0,7549.0,propagated,0.096,580.548,869.645,2567.004,39.599,0.015426,856.23,1.0,6,1756552.8,5918420.6
3803,8,0.19149599999999997,0.1596,3,50,New North Road,15098.0,7549.0,propagated,0.096,580.548,869.645,2567.004,47.965,0.018685,853.396,1.0,7,1756619.5,5918478.7
3804,5,0.10408799999999999,0.0867,3,50,New North Road,15098.0,7549.0,propagated,0.096,580.548,869.645,2567.004,57.33,0.022333,850.223,1.0,8,1756719.8,5918548.0
3805,1,0.0242,0.0242,3,60,Ti Rakau Drive,22076.5,11038.25,default,0.096,848.886,1271.606,3753.506,5.521,0.001471,1269.736,1.0,1,1770338.4,5911284.4
3806,3,0.06327750000000001,0.0844,2,80,Te Irirangi Drive,31364.0,15682.0,propagated,0.096,1206.009,1806.566,5332.593,5.19,0.000973,1804.808,1.0,1,1769290.9,5907382.8
3807,3,0.03804,0.0507,3,80,Te Irirangi Drive,31364.0,15682.0,propagated,0.096,1206.009,1806.566,5332.593,5.19,0.000973,1804.808,1.0,1,1769294.5,5907447.7
3808,9,0.422712,0.3523,4,50,Bush Road,19999.0,9999.5,count,0.123506,769.002,1481.998,4374.538,3.35,0.000766,1480.863,1.0,1,1752238.6,5931910.2
3809,4,0.13499999999999998,0.1125,4,50,Airpark Drive,8861.0,4430.5,propagated,0.096,340.723,510.394,1506.573,7.008,0.004652,508.02,1.0,2,1758747.6,5904828.4
3810,4,0.133044,0.1109,4,50,Airpark Drive,8861.0,4430.5,propagated,0.096,340.723,510.394,1506.573,10.291,0.006831,506.908,1.0,3,1758720.5,5904721.5
3811,5,0.18930000000000002,0.1578,4,50,Landing Drive,10408.0,5204.0,default,0.096,400.208,599.501,1769.598,10.291,0.005815,596.015,1.0,3,1758782.7,5904642.0
3812,1,0.010668,0.0089,3,50,Glenvar Road,3123.0,1561.5,propagated,0.169709,120.086,318.001,938.67,3.35,0.003569,316.866,1.0,1,1755782.0,5937647.2
3813,5,0.11155199999999998,0.093,3,50,Glenvar Road,3123.0,1561.5,propagated,0.169709,120.086,318.001,938.67,7.211,0.007682,315.558,1.0,2,1755741.6,5937622.4
3814,4,0.254376,0.212,3,50,Glenvar Road,3123.0,1561.5,count,0.169709,120.086,318.001,938.67,10.86,0.01157,314.322,1.0,3,1755590.4,5937600.1
3815,3,0.10656,0.0888,3,50,Ian Sage Avenue,2117.0,1058.5,count,0.096,81.403,121.939,359.938,10.86,0.030172,118.26,1.0,3,1755463.7,5937661.3
3816,6,0.21613199999999996,0.1801,3,50,Ian Sage Avenue,1985.0,992.5,count,0.2,76.327,238.2,703.115,10.86,0.015446,234.521,1.0,3,1755361.7,5937748.6
3817,7,0.335364,0.2795,4,50,Anzac Street,16027.0,8013.5,count,0.096,616.27,923.155,2724.954,14.582,0.005351,918.215,1.0,4,1757637.7,5927073.5
3818,1,0.008928,0.0074,4,50,Anzac Street,16027.0,8013.5,propagated,0.096,616.27,923.155,2724.954,19.438,0.007133,916.57,1.0,5,1757516.4,5926997.4
3819,1,0.032304,0.0269,4,50,Barrys Point Road,10397.0,5198.5,propagated,0.096,399.785,598.867,1767.726,19.438,0.010996,592.282,1.0,5,1757507.3,5926982.4
3820,1,0.021432,0.0179,3,50,Barrys Point Road,10397.0,5198.5,propagated,0.096,399.785,598.867,1767.726,19.438,0.010996,592.282,1.0,5,1757501.1,5926962.1
3821,3,0.041255999999999994,0.0344,3,50,Barrys Point Road,10397.0,5198.5,propagated,0.096,399.785,598.867,1767.726,24.608,0.013921,590.53,1.0,6,1757498.8,5926936.0
3822,1,0.014112,0.0118,4,50,Niall Burgess Road,10408.0,5204.0,default,0.096,400.208,599.501,1769.598,7.384,0.004173,596.999,1.0,1,1764076.0,5911558.5
3823,1,0.005184,0.0043,4,50,Niall Burgess Road,10408.0,5204.0,default,0.096,400.208,599.501,1769.598,14.981,0.008466,594.426,1.0,2,1764084.0,5911560.0
3824,2,0.04026,0.0336,3,50,Mount Wellington Highway,15997.0,7998.5,propagated,0.096,615.117,921.427,2719.854,54.697,0.02011,902.897,1.0,9,1764082.3,5911576.6
3825,2,0.01536,0.0154,2,60,Te Irirangi Drive,32878.0,16439.0,propagated,0.096,1264.225,1893.773,5590.009,4.816,0.000862,1892.141,1.0,1,1768915.3,5905906.3
3826,2,0.05624,0.0562,2,60,Te Irirangi Drive,32878.0,16439.0,propagated,0.096,1264.225,1893.773,5590.009,9.523,0.001704,1890.547,1.0,2,1768907.0,5905871.5
3827,3,0.54813,0.5481,2,60,Te Irirangi Drive,32878.0,16439.0,count,0.096,1264.225,1893.773,5590.009,23.99,0.004292,1885.646,1.0,6,1768831.4,5905579.0
3828,1,0.02036,0.0204,2,60,Te Irirangi Drive,33042.0,16521.0,propagated,0.107439,1270.531,2130.0,6287.3,23.99,0.003816,2121.873,1.0,6,1768699.2,5905338.4
3829,3,0.096492,0.0804,2,50,Te Irirangi Drive,33042.0,16521.0,propagated,0.107439,1270.531,2130.0,6287.3,23.99,0.003816,2121.873,1.0,6,1768652.1,5905320.8
3830,7,0.22189714285714285,0.2589,4,70,Wiri Station Road,15670.0,7835.0,propagated,0.096,602.543,902.592,2664.257,8.842,0.003319,899.597,1.0,2,1766652.5,5903574.4
3831,1,0.018475,0.0074,4,24,Archibald Road,8873.0,4436.5,default,0.096,341.185,511.085,1508.613,3.518,0.002332,509.893,1.0,1,1748472.1,5914849.0
3832,2,0.070524,0.0588,4,50,Archlynn Road,4139.0,2069.5,propagated,0.096,159.153,238.406,703.723,3.518,0.004999,237.214,1.0,1,1748503.1,5914847.2
3833,3,0.090228,0.0752,4,50,Archlynn Road,4139.0,2069.5,count,0.096,159.153,238.406,703.723,10.517,0.014945,234.843,1.0,3,1748565.0,5914824.1
3834,6,0.3185879999999999,0.2655,4,50,Kelwyn Road,6435.0,3217.5,count,0.096,247.439,370.656,1094.097,10.517,0.009612,367.093,1.0,3,1748535.1,5914694.0
3835,1,0.004272,0.0036,4,50,Kelwyn Road,6435.0,3217.5,propagated,0.096,247.439,370.656,1094.097,14.226,0.013003,365.837,1.0,4,1748575.5,5914574.2
3836,8,0.9291840000000001,0.7743,4,50,Rimu Street,8439.0,4219.5,count,0.096,324.496,486.086,1434.821,14.226,0.009915,481.267,1.0,4,1748928.0,5914412.2
3837,8,0.342612,0.2855,4,50,Rimu Street,8248.0,4124.0,propagated,0.096,317.152,475.085,1402.348,14.226,0.010144,470.266,1.0,4,1749416.2,5914208.5
3838,6,0.149412,0.1245,2,50,Rata Street,21374.0,10687.0,count,0.096,821.873,1231.142,3634.066,20.518,0.005646,1224.191,1.0,6,1749520.1,5914091.2
3839,2,0.11823600000000001,0.0985,2,50,Rata Street,21374.0,10687.0,propagated,0.096,821.873,1231.142,3634.066,23.333,0.006421,1223.237,1.0,7,1749474.7,5913989.4
3840,1,0.037295999999999996,0.0311,2,50,Great North Road,40217.0,20108.5,propagated,0.096,1546.424,2316.499,6837.805,23.333,0.003412,2308.594,1.0,7,1749455.7,5913929.7
3841,1,0.046079999999999996,0.0384,4,50,Gloucester Park Road,15953.0,7976.5,propagated,0.096,613.425,918.893,2712.374,7.561,0.002788,916.331,1.0,1,1758758.9,5911736.8
3842,1,0.067452,0.0562,4,50,Gloucester Park Road,15953.0,7976.5,propagated,0.096,613.425,918.893,2712.374,15.497,0.005713,913.643,1.0,2,1758752.1,5911748.9
3843,3,0.06881999999999999,0.0574,4,50,Boston Road,12191.0,6095.5,propagated,0.102945,468.768,753.001,2222.696,8.126,0.003656,750.248,1.0,1,1757042.1,5918430.4
3844,4,0.197685,0.1318,1,40,Entry 424 Fanshawe Street,37554.0,18777.0,propagated,0.096,1444.026,2163.11,6385.034,6.794,0.001064,2160.808,1.0,1,1756068.4,5920997.9
3845,1,0.15645,0.1043,1,40,Entry 424 Fanshawe Street,37554.0,18777.0,propagated,0.096,1444.026,2163.11,6385.034,13.523,0.002118,2158.529,1.0,2,1756156.3,5920919.3
3846,1,0.068565,0.0457,1,40,Entry 424 Fanshawe Street,37554.0,18777.0,propagated,0.096,1444.026,2163.11,6385.034,21.24,0.003327,2155.914,1.0,3,1756223.4,5920887.7
3847,2,0.10029600000000001,0.0836,4,50,Hill Road,6491.0,3245.5,propagated,0.096,249.592,373.882,1103.619,14.286,0.012945,369.042,1.0,3,1768881.8,5901228.8
3848,1,0.119112,0.0993,4,50,Hill Road,6491.0,3245.5,propagated,0.096,249.592,373.882,1103.619,19.37,0.017551,367.32,1.0,4,1768911.7,5901295.9
3849,4,0.29507999999999995,0.2459,4,50,Hill Road,9817.0,4908.5,count,0.077417,377.483,456.002,1346.019,19.37,0.014391,449.44,1.0,4,1768982.2,5901420.5
3850,5,0.16881599999999997,0.1407,4,50,Hill Road,14599.0,7299.5,propagated,0.096,561.361,840.902,2482.161,19.37,0.007804,834.34,1.0,4,1769136.6,5901537.9
3851,6,0.177552,0.148,4,50,Hill Road,14599.0,7299.5,count,0.096,561.361,840.902,2482.161,25.009,0.010075,832.429,1.0,5,1769239.8,5901637.4
3852,4,0.24243599999999998,0.202,4,50,Hill Road,13470.0,6735.0,count,0.096,517.948,775.872,2290.207,31.453,0.013734,765.216,1.0,6,1769385.3,5901719.5
3853,4,0.09215999999999999,0.0768,4,50,Grande Vue Road,17701.0,8850.5,count,0.096,680.639,1019.578,3009.574,31.453,0.010451,1008.922,1.0,6,1769466.9,5901798.9
3854,1,0.029112,0.0243,4,50,Grande Vue Road,17701.0,8850.5,propagated,0.096,680.639,1019.578,3009.574,38.156,0.012678,1006.652,1.0,7,1769451.5,5901847.0
3855,2,0.036384,0.0303,4,50,Grande Vue Road,17701.0,8850.5,propagated,0.096,680.639,1019.578,3009.574,44.858,0.014905,1004.381,1.0,8,1769445.0,5901873.1
3856,2,0.011328,0.0189,4,100,Entry 451 Hill Road,29784.0,14892.0,count,0.096,1145.254,1715.558,5063.957,51.64,0.010198,1698.063,1.0,9,1769448.2,5901894.4
3857,2,0.17935199999999998,0.2989,4,100,Entry 451 Hill Road,29784.0,14892.0,propagated,0.096,1145.254,1715.558,5063.957,58.026,0.011459,1695.9,1.0,10,1769469.9,5902036.3
3858,1,0.004451999999999999,0.0037,3,50,Station Road,19726.0,9863.0,propagated,0.096,758.504,1136.218,3353.87,87.719,0.026155,1106.501,1.0,17,1764706.9,5905757.1
3859,7,0.214308,0.1786,4,50,Shirley Road,10408.0,5204.0,default,0.096,400.208,599.501,1769.598,87.719,0.04957,569.784,1.0,17,1764738.4,5905815.3
3860,2,0.13956,0.1163,4,50,Coronation Road,9226.0,4613.0,propagated,0.096,354.758,531.418,1568.631,87.719,0.055921,501.701,1.0,17,1764734.6,5905934.0
3861,4,0.252972,0.2108,4,50,Coronation Road,9226.0,4613.0,propagated,0.096,354.758,531.418,1568.631,94.407,0.060184,499.435,1.0,18,1764773.1,5906092.7
3862,4,0.239112,0.1993,4,50,Coronation Road,9226.0,4613.0,count,0.096,354.758,531.418,1568.631,101.781,0.064885,496.937,1.0,19,1764821.9,5906291.7
3863,3,0.09541200000000001,0.0795,4,50,Coronation Road,8995.0,4497.5,count,0.096,345.876,518.112,1529.355,106.998,0.069963,481.863,1.0,20,1764780.6,5906406.2
3864,1,0.006936,0.0058,4,50,Coronation Road,8995.0,4497.5,propagated,0.096,345.876,518.112,1529.355,112.381,0.073483,480.04,1.0,21,1764748.1,5906433.9
3865,2,0.078216,0.0652,4,50,Coronation Road,8995.0,4497.5,propagated,0.096,345.876,518.112,1529.355,117.764,0.077002,478.216,1.0,22,1764721.2,5906456.7
3866,1,0.040656000000000005,0.0339,4,50,Greenhithe Road,4186.0,2093.0,propagated,0.167224,160.96,420.0,1239.749,10.917,0.008806,416.302,1.0,3,1750056.5,5929099.6
3867,5,0.29262,0.2438,4,50,Greenhithe Road,8636.0,4318.0,count,0.096,332.071,497.434,1468.318,10.917,0.007435,493.736,1.0,3,1750191.7,5929128.7
3868,1,0.156096,0.1301,4,50,Entry 4 Greenhithe Road,8102.0,4051.0,propagated,0.096,311.538,466.675,1377.524,10.917,0.007925,462.977,1.0,3,1750377.3,5929147.2
3869,1,0.033864,0.0282,4,50,Entry 4 Greenhithe Road,8102.0,4051.0,propagated,0.096,311.538,466.675,1377.524,15.974,0.011596,461.263,1.0,4,1750431.2,5929191.8
3870,1,0.08501399999999999,0.1417,4,100,Entry 4 Greenhithe Road,8102.0,4051.0,propagated,0.096,311.538,466.675,1377.524,15.974,0.011596,461.263,1.0,4,1750468.0,5929268.3
3871,1,0.017183999999999998,0.0143,3,50,Titirangi Road,17600.0,8800.0,propagated,0.10875,676.755,1148.4,3389.829,10.778,0.00318,1144.749,1.0,2,1747792.8,5911247.7
3872,3,0.036407999999999996,0.0303,2,50,Titirangi Road,17600.0,8800.0,propagated,0.10875,676.755,1148.4,3389.829,10.778,0.00318,1144.749,1.0,2,1747793.7,5911269.9
3873,5,0.11401199999999999,0.095,2,50,Don Buck Road,16799.0,8399.5,propagated,0.096,645.955,967.622,2856.211,3.09,0.001082,966.575,1.0,1,1743641.9,5919416.5
3874,4,0.060528,0.0504,2,50,Swanson Road,27754.0,13877.0,propagated,0.096,1067.197,1598.63,4718.811,3.09,0.000655,1597.583,1.0,1,1743697.0,5919371.0
3875,1,0.07212,0.0601,3,50,Preston Road,15571.0,7785.5,count,0.096,598.736,896.89,2647.426,13.8,0.005213,892.215,1.0,3,1767659.7,5905788.5
3876,2,0.26122799999999996,0.2177,3,50,Preston Road,14643.0,7321.5,count,0.093697,563.053,823.203,2429.918,13.8,0.005679,818.528,1.0,3,1767693.3,5905923.2
3877,1,0.16485599999999997,0.1374,3,50,Preston Road,13266.0,6633.0,count,0.099427,510.104,791.399,2336.039,13.8,0.005907,786.724,1.0,3,1767737.2,5906095.5
3878,3,0.244824,0.204,3,50,Preston Road,13266.0,6633.0,propagated,0.099427,510.104,791.399,2336.039,18.635,0.007977,785.086,1.0,4,1767778.2,5906261.1
3879,1,0.058668,0.0489,4,50,Bairds Road,7475.0,3737.5,propagated,0.081739,287.429,366.599,1082.121,38.995,0.036036,353.388,1.0,7,1767778.1,5906366.3
3880,1,0.136092,0.1134,4,50,Bairds Road,7475.0,3737.5,count,0.081739,287.429,366.599,1082.121,45.305,0.041867,351.251,1.0,8,1767712.6,5906411.1
3881,2,0.136092,0.1134,4,50,Bairds Road,5724.0,2862.0,count,0.102201,220.099,350.999,1036.073,45.305,0.043728,335.651,1.0,8,1767630.8,5906489.3
3882,2,0.113052,0.0942,4,50,Bairds Road,7456.0,3728.0,count,0.096,286.698,429.466,1267.691,45.305,0.035738,414.118,1.0,8,1767556.2,5906561.3
3883,5,0.33785999999999994,0.2816,4,50,Bairds Road,7705.0,3852.5,count,0.096,296.273,443.808,1310.025,45.305,0.034583,428.46,1.0,8,1767420.5,5906691.9
3884,3,0.291948,0.2433,4,50,Bairds Road,8508.0,4254.0,count,0.096,327.15,490.061,1446.554,45.305,0.031319,474.713,1.0,8,1767359.2,5906924.2
3885,1,0.0213,0.0177,4,50,Bairds Road,9961.0,4980.5,propagated,0.096,383.02,573.754,1693.598,45.305,0.026751,558.406,1.0,8,1767266.0,5907015.0
3886,2,0.09004799999999999,0.075,4,50,Bairds Road,9961.0,4980.5,count,0.096,383.02,573.754,1693.598,48.526,0.028653,557.314,1.0,9,1767233.0,5907047.5
3887,1,0.14085599999999998,0.1174,4,50,Bairds Road,9961.0,4980.5,propagated,0.096,383.02,573.754,1693.598,51.832,0.030605,556.194,1.0,10,1767163.7,5907114.7
3888,1,0.059952,0.05,4,50,Bairds Road,9961.0,4980.5,propagated,0.096,383.02,573.754,1693.598,55.587,0.032822,554.922,1.0,11,1767103.4,5907173.0
3889,1,0.01416,0.0118,4,50,Bairds Road,10018.0,5009.0,propagated,0.098722,385.212,593.398,1751.583,55.587,0.031735,574.566,1.0,11,1767081.1,5907194.5
3890,1,0.061079999999999995,0.0509,2,50,Exit 16 Hillsborough Road,9520.0,4760.0,propagated,0.096,366.063,548.352,1618.617,11.184,0.00691,544.563,1.0,2,1756636.4,5912772.2
3891,1,0.018491999999999998,0.0154,2,50,Exit 16 Hillsborough Road,9520.0,4760.0,count,0.096,366.063,548.352,1618.617,29.294,0.018098,538.428,1.0,5,1756604.1,5912780.1
3892,1,0.060143999999999996,0.0501,2,50,Entry 16 Hillsborough Road,24156.0,12078.0,propagated,0.096,928.847,1391.386,4107.071,45.079,0.010976,1376.114,1.0,10,1756572.7,5912788.8
3893,1,0.061475999999999996,0.1025,2,100,Entry 16 Hillsborough Road,24156.0,12078.0,propagated,0.096,928.847,1391.386,4107.071,45.079,0.010976,1376.114,1.0,10,1756502.7,5912818.2
3894,1,0.13882799999999998,0.2314,2,100,Entry 16 Hillsborough Road,24156.0,12078.0,propagated,0.096,928.847,1391.386,4107.071,52.786,0.012852,1373.503,1.0,11,1756364.0,5912910.3
3895,3,0.070578,0.1176,0,100,Southwestern Motorway,72378.0,36189.0,propagated,0.096,2783.079,4168.973,12305.909,52.786,0.004289,4151.09,1.0,11,1756234.6,5913025.6
3896,1,0.019787999999999997,0.0165,4,50,Hayr Road,10866.0,5433.0,propagated,0.096,417.819,625.882,1847.469,55.285,0.029925,607.153,1.0,12,1756189.9,5913066.3
3897,1,0.015912,0.0133,4,50,Hayr Road,10866.0,5433.0,propagated,0.096,417.819,625.882,1847.469,91.649,0.049608,594.833,1.0,17,1756197.4,5913078.8
3898,1,0.017676,0.0147,4,50,Porchester Road,13148.0,6574.0,propagated,0.096,505.567,757.325,2235.46,15.009,0.006714,752.24,1.0,3,1772092.9,5898020.8
3899,1,0.07006799999999999,0.0584,4,50,Mountain Road,7866.0,3933.0,propagated,0.147343,302.463,695.4,2052.671,4.954,0.002413,693.722,1.0,1,1757800.7,5917315.5
3900,3,0.159516,0.1329,4,50,Mountain Road,7866.0,3933.0,count,0.147343,302.463,695.4,2052.671,9.975,0.00486,692.021,1.0,2,1757808.2,5917220.4
3901,2,0.02381,0.0238,3,60,Ormiston Road,16712.0,8356.0,propagated,0.096,642.61,962.611,2841.42,63.137,0.02222,941.222,1.0,11,1771121.3,5907005.3
3902,2,0.0114,0.0114,3,60,Ormiston Road,16712.0,8356.0,propagated,0.096,642.61,962.611,2841.42,69.524,0.024468,939.058,1.0,12,1771103.9,5907007.6
3903,2,0.0459,0.0459,3,60,Ormiston Road,16712.0,8356.0,propagated,0.096,642.61,962.611,2841.42,75.911,0.026716,936.894,1.0,13,1771076.1,5907014.6
3904,2,0.047920000000000004,0.0479,3,60,Ormiston Road,16050.0,8025.0,propagated,0.096,617.155,924.48,2728.865,75.911,0.027818,898.763,1.0,13,1771030.7,5907025.3
3905,1,0.00917,0.0092,4,60,Wiri Station Road,7078.0,3539.0,propagated,0.096,272.163,407.693,1203.422,8.64,0.00718,404.766,1.0,1,1767190.4,5904090.1
3906,1,0.03247,0.0325,4,60,Wiri Station Road,7078.0,3539.0,propagated,0.096,272.163,407.693,1203.422,17.256,0.014339,401.847,1.0,2,1767210.0,5904097.4
3907,1,0.040824,0.034,3,50,Saint Lukes Road,10179.0,5089.5,propagated,0.096,391.403,586.31,1730.661,34.418,0.019887,574.65,1.0,6,1754822.0,5916489.0
3908,1,0.027371999999999997,0.0228,3,50,Saint Lukes Road,10179.0,5089.5,propagated,0.096,391.403,586.31,1730.661,40.896,0.02363,572.455,1.0,7,1754849.2,5916481.7
3909,5,0.12244,0.1224,2,60,Dominion Road,25597.0,12798.5,propagated,0.096,984.256,1474.387,4352.072,5.546,0.001274,1472.508,1.0,1,1756290.2,5918246.1
3910,3,0.0848,0.0848,2,60,Ian McKinnon Drive,42332.0,21166.0,propagated,0.095861,1627.75,2434.793,7186.984,5.546,0.000772,2432.914,1.0,1,1756320.0,5918345.6
3911,3,0.12396999999999998,0.124,2,60,Ian McKinnon Drive,42332.0,21166.0,propagated,0.095861,1627.75,2434.793,7186.984,11.179,0.001555,2431.006,1.0,2,1756349.7,5918445.5
3912,3,0.0627,0.0627,2,60,Ian McKinnon Drive,42332.0,21166.0,count,0.095861,1627.75,2434.793,7186.984,16.711,0.002325,2429.132,1.0,3,1756375.7,5918535.2
3913,5,0.2081,0.2081,2,60,Ian McKinnon Drive,42332.0,21166.0,propagated,0.095861,1627.75,2434.793,7186.984,23.107,0.003215,2426.965,1.0,4,1756404.5,5918667.3
3914,1,0.011810000000000001,0.0118,2,60,Ian McKinnon Drive,19934.0,9967.0,propagated,0.096418,766.502,1153.198,3403.992,23.107,0.006788,1145.37,1.0,4,1756435.3,5918772.9
3915,1,0.04435,0.0444,3,60,Ian McKinnon Drive,19934.0,9967.0,propagated,0.096418,766.502,1153.198,3403.992,28.851,0.008476,1143.424,1.0,5,1756439.8,5918800.6
3916,3,0.05144,0.0514,3,60,Ian McKinnon Drive,19934.0,9967.0,propagated,0.096418,766.502,1153.198,3403.992,47.059,0.013825,1137.255,1.0,8,1756446.8,5918847.8
3917,2,0.13605,0.136,3,60,Exit 2 Kirkbride Road,22076.5,11038.25,default,0.096,848.886,1271.606,3753.506,7.918,0.002109,1268.924,1.0,1,1759179.0,5906526.6
3918,1,0.00966,0.0097,3,60,Exit 2 Kirkbride Road,22076.5,11038.25,default,0.096,848.886,1271.606,3753.506,16.255,0.004331,1266.099,1.0,2,1759210.7,5906592.4
3919,1,0.025404,0.0423,3,100,Entry 2 Kirkbride Road,15033.0,7516.5,default,0.096,578.049,865.901,2555.953,24.726,0.009674,857.524,1.0,3,1759225.0,5906614.3
3920,1,0.03191,0.0319,3,60,Bucklands Beach Road,21768.0,10884.0,propagated,0.096,837.023,1253.837,3701.056,7.393,0.001998,1251.332,1.0,1,1769870.9,5914793.8
3921,1,0.0109,0.0109,3,60,Pakuranga Road,50338.0,25169.0,count,0.096,1935.597,2899.469,8558.607,21.827,0.00255,2892.074,1.0,3,1769862.4,5914779.0
3922,2,0.03869,0.0387,3,60,Pakuranga Road,50338.0,25169.0,propagated,0.096,1935.597,2899.469,8558.607,29.112,0.003401,2889.606,1.0,4,1769838.0,5914781.7
3923,4,0.187032,0.1559,4,50,Pupuke Road,10408.0,5204.0,default,0.096,400.208,599.501,1769.598,3.207,0.001812,598.415,1.0,1,1754808.3,5925771.9
3924,1,0.041159999999999995,0.0343,1,50,Exit 414 Upper Harbour Highway,20796.0,10398.0,propagated,0.096,799.648,1197.85,3535.795,1.702,0.000481,1197.273,1.0,1,1754106.2,5931417.4
3925,1,0.0177,0.0148,1,50,Exit 414 Upper Harbour Highway,20796.0,10398.0,propagated,0.096,799.648,1197.85,3535.795,3.617,0.001023,1196.625,1.0,2,1754120.4,5931397.0
3926,1,0.049704,0.0414,1,50,Entry 414 Upper Harbour Highway,30800.0,15400.0,count,0.096,1184.322,1774.08,5236.701,3.617,0.000691,1772.855,1.0,2,1754136.5,5931374.0
3927,6,0.14495999999999998,0.1208,2,50,Glenfield Road,21778.0,10889.0,count,0.096,837.408,1254.413,3702.756,12.624,0.003409,1250.136,1.0,5,1753563.2,5927182.7
3928,1,0.081588,0.068,2,50,Glenfield Road,22812.0,11406.0,propagated,0.096,877.167,1313.971,3878.559,12.624,0.003255,1309.694,1.0,5,1753529.0,5927096.8
3929,2,0.12170399999999999,0.1014,3,50,Mount Albert Road,28449.0,14224.5,propagated,0.096,1093.921,1638.662,4836.977,4.571,0.000945,1637.113,1.0,1,1757226.8,5913690.3
3930,10,0.3873,0.3228,3,50,Mount Albert Road,27011.0,13505.5,count,0.096,1038.627,1555.834,4592.486,4.571,0.000995,1554.285,1.0,1,1757431.0,5913633.7
3931,1,0.016956,0.0141,3,50,Mount Albert Road,26428.0,13214.0,propagated,0.096,1016.209,1522.253,4493.362,4.571,0.001017,1520.704,1.0,1,1757593.5,5913589.7
3932,1,0.012757894736842105,0.004,4,19,Frost Road,6533.0,3266.5,propagated,0.096,251.207,376.301,1110.759,17.111,0.015405,370.504,1.0,3,1755755.4,5913472.5
3933,1,0.0153,0.0051,4,20,Frost Road,6533.0,3266.5,propagated,0.096,251.207,376.301,1110.759,17.111,0.015405,370.504,1.0,3,1755755.6,5913477.1
3934,1,0.024915789473684207,0.0079,4,19,Frost Road,6533.0,3266.5,propagated,0.096,251.207,376.301,1110.759,17.111,0.015405,370.504,1.0,3,1755759.2,5913482.4
3935,1,0.018600000000000002,0.0062,4,20,Frost Road,2659.0,1329.5,propagated,0.143663,102.244,229.2,676.549,17.111,0.025292,223.403,1.0,3,1755765.9,5913484.1
3936,3,0.11973599999999998,0.0998,4,50,Frost Road,2659.0,1329.5,propagated,0.143663,102.244,229.2,676.549,17.111,0.025292,223.403,1.0,3,1755796.2,5913525.9
3937,1,0.00888,0.0148,3,100,Entry 2 Kirkbride Road,15033.0,7516.5,default,0.096,578.049,865.901,2555.953,8.419,0.003294,863.049,1.0,1,1759250.7,5906493.4
3938,1,0.035364,0.0589,3,100,Entry 2 Kirkbride Road,15033.0,7516.5,default,0.096,578.049,865.901,2555.953,16.974,0.006641,860.151,1.0,2,1759260.0,5906513.2
3939,1,0.01796,0.018,3,60,Kirkbride Road,20808.0,10404.0,propagated,0.092993,800.109,1160.999,3427.019,16.974,0.004953,1155.249,1.0,2,1759266.4,5906544.2
3940,1,0.018609999999999998,0.0186,3,60,Kirkbride Road,20808.0,10404.0,propagated,0.092993,800.109,1160.999,3427.019,25.454,0.007427,1152.376,1.0,3,1759251.4,5906555.0
3941,1,0.00675,0.0112,0,100,George Bolt Memorial Drive,41076.0,20538.0,propagated,0.096,1579.454,2365.978,6983.856,25.454,0.003645,2357.355,1.0,3,1759246.3,5906565.6
3942,1,0.01452,0.0145,3,60,Kirkbride Road,20808.0,10404.0,propagated,0.092993,800.109,1160.999,3427.019,59.431,0.017342,1140.865,1.0,9,1759242.9,5906575.1
3943,1,0.048948,0.0408,3,50,Mount Albert Road,28449.0,14224.5,propagated,0.096,1093.921,1638.662,4836.977,6.646,0.001374,1636.41,1.0,1,1757022.5,5913747.5
3944,3,0.1633,0.0816,4,30,Rowandale Avenue,3692.0,1846.0,propagated,0.134074,141.965,297.001,876.683,6.273,0.007155,294.876,1.0,2,1766756.5,5900789.5
3945,6,0.44210000000000005,0.221,4,30,Rowandale Avenue,4480.0,2240.0,count,0.096,172.265,258.048,761.702,6.273,0.008236,255.923,1.0,2,1766692.6,5900912.7
3946,5,0.53758,0.2688,4,30,Rowandale Avenue,6623.0,3311.5,count,0.096,254.668,381.485,1126.061,6.273,0.005571,379.36,1.0,2,1766555.8,5901116.7
3947,6,0.617,0.3085,4,30,Rowandale Avenue,4380.0,2190.0,count,0.106849,168.42,280.799,828.858,6.273,0.007568,278.674,1.0,2,1766443.4,5901382.1
3948,1,0.01486,0.0074,4,30,Rowandale Avenue,4380.0,2190.0,propagated,0.106849,168.42,280.799,828.858,11.774,0.014205,276.81,1.0,3,1766384.7,5901528.8
3949,2,0.078012,0.065,3,50,Balmoral Road,22183.0,11091.5,propagated,0.096,852.981,1277.741,3771.616,5.927,0.001571,1275.733,1.0,1,1755279.1,5916356.8
3950,5,0.18425999999999998,0.1536,3,50,Balmoral Road,22183.0,11091.5,count,0.096,852.981,1277.741,3771.616,11.512,0.003052,1273.841,1.0,2,1755384.0,5916327.9
3951,3,0.21873599999999999,0.1823,3,50,Balmoral Road,20625.0,10312.5,propagated,0.096,793.072,1188.0,3506.72,11.512,0.003283,1184.1,1.0,2,1755545.7,5916283.4
3952,2,0.058775999999999995,0.049,3,50,Saint Jude Street,11928.0,5964.0,count,0.096,458.655,687.053,2028.032,6.175,0.003045,684.961,1.0,1,1751433.8,5915082.4
3953,1,0.0924,0.077,1,50,Maioro Street,39589.0,19794.5,propagated,0.096,1522.276,2280.326,6731.03,2.386,0.000354,2279.518,1.0,1,1752912.6,5914122.5
3954,1,0.065604,0.0547,1,50,Maioro Street,43118.0,21559.0,propagated,0.096,1657.973,2483.597,7331.042,2.386,0.000325,2482.789,1.0,1,1752976.2,5914139.7
3955,4,0.146568,0.1221,1,50,Maioro Street,43118.0,21559.0,count,0.096,1657.973,2483.597,7331.042,5.844,0.000797,2481.617,1.0,2,1753060.6,5914165.1
3956,6,0.271488,0.2262,1,50,Maioro Street,19274.0,9637.0,count,0.096,741.124,1110.182,3277.018,5.844,0.001783,1108.202,1.0,2,1753229.4,5914208.9
3957,1,0.015288,0.0127,4,50,Richardson Road,17093.0,8546.5,count,0.096,657.26,984.557,2906.2,5.844,0.002011,982.577,1.0,2,1753328.7,5914262.6
3958,11,0.31423199999999996,0.2619,2,50,Don Buck Road,23156.0,11578.0,count,0.096,890.395,1333.786,3937.048,15.242,0.003871,1328.622,1.0,6,1742915.8,5922222.7
3959,9,0.4094999999999999,0.3412,2,50,Don Buck Road,24963.0,12481.5,count,0.090854,959.877,1360.793,4016.767,18.079,0.004501,1354.668,1.0,7,1743074.2,5922470.8
3960,9,0.474168,0.3951,4,50,Royal Road,5055.0,2527.5,count,0.096,194.375,291.168,859.465,18.079,0.021035,285.043,1.0,7,1743346.8,5922687.4
3961,4,0.14992799999999998,0.1249,4,50,Royal Road,7631.0,3815.5,propagated,0.096,293.427,439.546,1297.445,18.079,0.013934,433.421,1.0,7,1743603.3,5922718.0
3962,3,0.23985599999999999,0.1999,4,50,Royal Road,7631.0,3815.5,count,0.096,293.427,439.546,1297.445,21.289,0.016408,432.334,1.0,8,1743758.2,5922669.7
3963,3,0.128868,0.1074,4,50,Royal Road,6853.0,3426.5,count,0.096,263.512,394.733,1165.167,21.289,0.018271,387.521,1.0,8,1743904.8,5922624.8
3964,1,0.03031304347826087,0.0232,4,46,Royal Road,6853.0,3426.5,propagated,0.096,263.512,394.733,1165.167,21.289,0.018271,387.521,1.0,8,1743967.0,5922605.8
3965,1,0.05922,0.0494,4,50,Royal Road,6853.0,3426.5,propagated,0.096,263.512,394.733,1165.167,21.289,0.018271,387.521,1.0,8,1744001.9,5922594.8
3966,3,0.212136,0.1768,4,50,Royal Road,15312.0,7656.0,count,0.096,588.777,881.971,2603.388,21.289,0.008177,874.759,1.0,8,1744112.6,5922572.3
3967,3,0.10895999999999999,0.0908,4,50,Royal Road,18337.0,9168.5,propagated,0.096,705.094,1056.211,3117.707,21.289,0.006828,1048.999,1.0,8,1744244.8,5922553.4
3968,3,0.08013599999999999,0.0668,4,50,Royal Road,18337.0,9168.5,count,0.096,705.094,1056.211,3117.707,28.41,0.009112,1046.586,1.0,9,1744323.8,5922553.3
3969,4,0.073512,0.0613,3,50,Taharoto Road,25498.0,12749.0,propagated,0.092478,980.449,1414.802,4176.19,6.063,0.001452,1412.748,1.0,1,1756735.8,5927460.3
3970,1,0.032639999999999995,0.0272,3,50,Northcote Road,12194.0,6097.0,propagated,0.096,468.884,702.374,2073.256,6.063,0.002924,700.32,1.0,1,1756704.5,5927473.2
3971,2,0.14427600000000002,0.1202,3,50,Northcote Road,12194.0,6097.0,propagated,0.096,468.884,702.374,2073.256,35.73,0.017234,690.269,1.0,6,1756651.6,5927421.8
3972,6,0.16783199999999998,0.1399,3,50,Northcote Road,12194.0,6097.0,count,0.096,468.884,702.374,2073.256,43.866,0.021158,687.513,1.0,7,1756556.7,5927333.0
3973,1,0.070044,0.0584,3,50,Northcote Road,12444.0,6222.0,propagated,0.1072,478.497,800.398,2362.602,43.866,0.018567,785.537,1.0,7,1756484.0,5927265.7
3974,3,0.049308,0.0411,3,50,Northcote Road,12444.0,6222.0,count,0.1072,478.497,800.398,2362.602,51.972,0.021998,782.791,1.0,8,1756447.4,5927231.7
3975,2,0.053136,0.0443,2,50,Hobsonville Road,6723.0,3361.5,propagated,0.122713,258.513,495.0,1461.133,2.316,0.001585,494.215,1.0,1,1745880.6,5925192.8
3976,13,0.8041439999999999,0.6701,4,50,Kohimarama Road,6175.0,3087.5,count,0.096,237.441,355.68,1049.891,6.692,0.006374,353.413,1.0,2,1763713.9,5919568.0
3977,2,0.18709199999999998,0.1559,4,50,Kohimarama Road,6697.0,3348.5,propagated,0.096,257.513,385.747,1138.642,6.692,0.005877,383.48,1.0,2,1763742.3,5919162.7
3978,1,0.043115999999999995,0.0359,4,50,Kepa Road,21474.0,10737.0,propagated,0.096,825.718,1236.902,3651.068,6.692,0.001833,1234.635,1.0,2,1763765.9,5919079.3
3979,1,0.021504000000000002,0.0179,4,50,Otara Road,5475.0,2737.5,propagated,0.096,210.525,315.36,930.875,6.745,0.007246,313.075,1.0,1,1766527.8,5908021.2
3980,7,0.226752,0.189,4,50,Otara Road,5541.0,2770.5,count,0.129219,213.063,429.601,1268.089,6.745,0.005319,427.316,1.0,1,1766502.6,5907920.8
3981,1,0.047664,0.0397,4,50,Otara Road,5541.0,2770.5,propagated,0.129219,213.063,429.601,1268.089,14.533,0.011461,424.678,1.0,2,1766475.6,5907810.3
3982,5,0.14440799999999998,0.1203,4,50,Otara Road,8264.0,4132.0,propagated,0.114956,317.767,569.998,1682.511,14.533,0.008638,565.075,1.0,2,1766456.6,5907732.9
3983,1,0.011556,0.0096,3,50,Archers Road,6744.0,3372.0,propagated,0.096,259.32,388.454,1146.632,2.38,0.002076,387.648,1.0,1,1753975.2,5926855.6
3984,1,0.036348,0.0303,3,50,Coronation Road,14282.0,7141.0,propagated,0.101176,549.171,866.997,2559.188,2.38,0.00093,866.191,1.0,1,1753956.5,5926849.3
3985,2,0.064968,0.0541,3,50,Coronation Road,14282.0,7141.0,count,0.101176,549.171,866.997,2559.188,4.728,0.001847,865.395,1.0,2,1753924.3,5926822.4
3986,6,0.092976,0.0775,3,50,Coronation Road,14282.0,7141.0,propagated,0.101176,549.171,866.997,2559.188,6.928,0.002707,864.65,1.0,3,1753875.4,5926778.0
3987,1,0.011268,0.0094,3,50,Coronation Road,14282.0,7141.0,propagated,0.101176,549.171,866.997,2559.188,8.998,0.003516,863.949,1.0,4,1753842.2,5926750.5
3988,2,0.059604000000000004,0.0497,2,50,Glenfield Road,19842.0,9921.0,propagated,0.096,762.965,1142.899,3373.591,11.067,0.00328,1139.15,1.0,5,1753835.5,5926725.9
3989,5,0.268296,0.2236,4,50,Buckley Avenue,6792.0,3396.0,propagated,0.096,261.166,391.219,1154.794,4.802,0.004158,389.592,1.0,1,1747842.3,5926879.9
3990,4,0.21535199999999996,0.1795,4,50,Morrin Road,15537.0,7768.5,count,0.096,597.429,894.931,2641.643,18.573,0.007031,888.639,1.0,3,1764741.8,5916125.6
3991,1,0.018539999999999997,0.0154,3,50,Sylvia Park Road,14395.0,7197.5,propagated,0.088711,553.517,766.197,2261.648,21.919,0.009692,758.771,1.0,3,1763652.2,5912087.8
3992,3,0.15843600000000002,0.132,3,50,Sylvia Park Road,14929.0,7464.5,count,0.096,574.05,859.91,2538.269,21.919,0.008635,852.484,1.0,3,1763714.7,5912127.1
3993,3,0.081228,0.0677,3,50,Sylvia Park Road,15418.0,7709.0,propagated,0.096,592.853,888.077,2621.412,21.919,0.008362,880.651,1.0,3,1763801.0,5912175.9
3994,2,0.09978,0.0832,3,50,Sylvia Park Road,15418.0,7709.0,count,0.096,592.853,888.077,2621.412,28.816,0.010993,878.315,1.0,4,1763861.8,5912218.0
3995,2,0.102084,0.0851,4,50,Entry 13 Neilson Street,33530.0,16765.0,count,0.096,1289.296,1931.328,5700.863,7.936,0.001392,1928.639,1.0,1,1758728.7,5911621.8
3996,1,0.07164,0.0597,4,50,Gloucester Park Road,15953.0,7976.5,count,0.096,613.425,918.893,2712.374,7.936,0.002926,916.204,1.0,1,1758741.2,5911692.8
3997,4,0.127188,0.106,3,50,Redoubt Road,13986.0,6993.0,propagated,0.096,537.79,805.594,2377.94,6.178,0.002598,803.501,1.0,1,1767935.7,5904318.5
3998,1,0.013764,0.0115,4,50,Campbell Road,12221.0,6110.5,propagated,0.096,469.922,703.93,2077.849,12.473,0.006003,699.704,1.0,2,1758239.8,5913429.3
3999,15,0.6444942857142857,0.7519,4,70,Upper Harbour Drive,3716.0,1858.0,propagated,0.096,142.888,214.042,631.806,3.264,0.005166,212.936,1.0,1,1750700.6,5928463.0
4000,2,0.186,0.217,4,70,Upper Harbour Drive,3716.0,1858.0,count,0.096,142.888,214.042,631.806,6.324,0.010009,211.9,1.0,2,1751033.6,5928769.0
4001,6,0.3852771428571428,0.4495,4,70,Upper Harbour Drive,4094.0,2047.0,count,0.096,157.422,235.814,696.072,11.517,0.016546,231.912,1.0,3,1751147.0,5929080.9
4002,2,0.112428,0.0937,4,50,Central Park Drive,13570.0,6785.0,propagated,0.103169,521.794,840.002,2479.505,21.593,0.008709,832.687,1.0,5,1745946.9,5919844.5
4003,8,0.41290799999999994,0.3441,4,50,Central Park Drive,14671.0,7335.5,count,0.096,564.129,845.05,2494.405,21.593,0.008657,837.735,1.0,5,1745954.5,5920061.0
4004,1,0.014772,0.0123,4,50,Central Park Drive,14671.0,7335.5,propagated,0.096,564.129,845.05,2494.405,25.016,0.010029,836.575,1.0,6,1745846.2,5920198.2
4005,3,0.21358799999999997,0.178,4,50,Central Park Drive,14352.0,7176.0,count,0.096,551.863,826.675,2440.166,25.016,0.010252,818.2,1.0,6,1745759.0,5920235.5
4006,8,0.341916,0.2849,2,50,Great South Road,18068.0,9034.0,count,0.096,694.751,1040.717,3071.972,3.908,0.001272,1039.393,1.0,1,1760411.7,5915214.8
4007,1,0.039024,0.0325,3,50,Waipuna Road,10565.0,5282.5,propagated,0.096,406.245,608.544,1796.291,5.742,0.003197,606.599,1.0,2,1765080.2,5913458.8
4008,1,0.07644750000000002,0.1019,3,80,Waipuna Road,10565.0,5282.5,propagated,0.096,406.245,608.544,1796.291,5.742,0.003197,606.599,1.0,2,1765091.3,5913393.0
4009,2,0.055248,0.046,2,50,Albany Highway,18992.0,9496.0,default,0.096,730.28,1093.939,3229.072,1.61,0.000499,1093.394,1.0,1,1751126.3,5932336.1
4010,2,0.097188,0.081,3,50,Rosedale Road,9210.0,4605.0,propagated,0.096,354.143,530.496,1565.91,1.61,0.001028,529.951,1.0,1,1751167.5,5932317.7
4011,11,0.8039759999999998,0.67,3,50,Henderson Valley Road,7190.0,3595.0,count,0.144228,276.47,622.2,1836.6,3.272,0.001782,621.092,1.0,1,1743417.2,5915436.5
4012,2,0.0489,0.0408,3,50,Henderson Valley Road,7190.0,3595.0,propagated,0.144228,276.47,622.2,1836.6,10.292,0.005604,618.713,1.0,2,1743685.2,5915226.6
4013,1,0.040212,0.0335,3,50,Henderson Valley Road,5133.0,2566.5,propagated,0.096,197.374,295.661,872.727,10.292,0.011793,292.174,1.0,2,1743714.1,5915227.3
4014,1,0.009947999999999999,0.0083,4,50,Sturges Road,2053.0,1026.5,propagated,0.096,78.942,118.253,349.057,8.542,0.024472,115.359,1.0,2,1743366.0,5916419.8
4015,1,0.006215999999999999,0.0052,4,50,Sturges Road,3656.0,1828.0,propagated,0.096,140.581,210.586,621.604,12.699,0.020429,206.284,1.0,3,1743368.2,5916426.3
4016,1,0.05714399999999999,0.0476,4,50,Sturges Road,3656.0,1828.0,propagated,0.096,140.581,210.586,621.604,16.856,0.027117,204.876,1.0,4,1743377.1,5916450.4
4017,4,0.258276,0.2152,4,50,Somerset Road,6612.0,3306.0,count,0.096,254.245,380.851,1124.19,4.473,0.003979,379.336,1.0,1,1755367.4,5913356.4
4018,1,0.021252,0.0177,4,50,Somerset Road,6612.0,3306.0,propagated,0.096,254.245,380.851,1124.19,9.718,0.008644,377.559,1.0,2,1755311.8,5913458.6
4019,1,0.06354,0.053,4,50,Somerset Road,7435.0,3717.5,propagated,0.118359,285.891,527.999,1558.539,9.718,0.006235,524.707,1.0,2,1755296.2,5913490.2
4020,2,0.047015999999999995,0.0392,3,50,Balmoral Road,20625.0,10312.5,propagated,0.096,793.072,1188.0,3506.72,6.921,0.001974,1185.655,1.0,2,1755900.8,5916181.5
4021,1,0.022476,0.0187,3,50,Tawa Drive,18944.0,9472.0,propagated,0.096,728.435,1091.174,3220.91,5.282,0.00164,1089.385,1.0,1,1753262.6,5932763.0
4022,5,0.178488,0.1487,3,50,Tawa Drive,15921.0,7960.5,propagated,0.096,612.194,917.05,2706.934,5.282,0.001951,915.261,1.0,1,1753279.5,5932681.1
4023,2,0.05959199999999999,0.0497,3,50,Tawa Drive,15921.0,7960.5,count,0.096,612.194,917.05,2706.934,10.631,0.003927,913.448,1.0,2,1753318.5,5932590.1
4024,1,0.093828,0.0782,3,50,Tawa Drive,13006.0,6503.0,count,0.096,500.107,749.146,2211.317,10.631,0.004808,745.544,1.0,2,1753344.6,5932531.3
4025,7,0.281568,0.2346,4,50,Neilson Street,24778.0,12389.0,propagated,0.096,952.764,1427.213,4212.825,9.457,0.002245,1424.009,1.0,2,1759780.2,5911813.1
4026,9,0.323268,0.2694,4,50,Neilson Street,19726.0,9863.0,count,0.096,758.504,1136.218,3353.87,9.457,0.00282,1133.014,1.0,2,1760020.7,5911771.4
4027,5,0.31472399999999995,0.2623,4,50,Neilson Street,27284.0,13642.0,count,0.093425,1049.124,1529.405,4514.474,9.457,0.002095,1526.201,1.0,2,1760284.7,5911802.2
4028,2,0.09068399999999999,0.0756,3,50,Pine Avenue,5244.0,2622.0,count,0.096,201.642,302.054,891.598,7.766,0.00871,299.423,1.0,1,1743898.0,5915009.3
4029,1,0.004776,0.004,3,50,Forest Hill Road,11594.0,5797.0,propagated,0.096,445.812,667.814,1971.243,22.528,0.011428,660.182,1.0,3,1743925.4,5914981.4
4030,1,0.025931999999999997,0.0216,4,50,Forest Hill Road,11594.0,5797.0,propagated,0.096,445.812,667.814,1971.243,22.528,0.011428,660.182,1.0,3,1743935.5,5914988.4
4031,2,0.130644,0.1089,4,50,Forest Hill Road,11594.0,5797.0,count,0.096,445.812,667.814,1971.243,33.381,0.016934,656.505,1.0,5,1743980.4,5915034.5
4032,1,0.072024,0.06,4,50,Forest Hill Road,11594.0,5797.0,propagated,0.096,445.812,667.814,1971.243,41.465,0.021035,653.767,1.0,6,1744036.1,5915098.3
4033,2,0.061908,0.0516,4,50,Forest Hill Road,12351.0,6175.5,propagated,0.091491,474.921,678.003,2001.319,41.465,0.020719,663.956,1.0,6,1744072.8,5915140.7
4034,3,0.13813199999999998,0.1151,4,50,Forest Hill Road,12351.0,6175.5,count,0.091491,474.921,678.003,2001.319,49.101,0.024534,661.369,1.0,7,1744127.3,5915203.6
4035,4,0.130188,0.1085,4,50,Forest Hill Road,12351.0,6175.5,propagated,0.091491,474.921,678.003,2001.319,56.75,0.028356,658.777,1.0,8,1744200.3,5915287.9
4036,4,0.419544,0.3496,4,50,Forest Hill Road,13133.0,6566.5,count,0.087261,504.99,687.599,2029.644,56.75,0.027961,668.373,1.0,8,1744295.2,5915488.8
4037,1,0.074388,0.062,3,50,South Eastern Highway,47502.0,23751.0,propagated,0.131405,1826.547,3745.2,11055.022,3.073,0.000278,3744.159,1.0,1,1762154.2,5912516.3
4038,9,0.4776959999999999,0.3981,3,50,South Eastern Highway,47502.0,23751.0,count,0.131405,1826.547,3745.2,11055.022,5.896,0.000533,3743.203,1.0,2,1762351.5,5912623.6
4039,1,0.018827999999999998,0.0157,2,50,Great South Road,21219.0,10609.5,count,0.096187,815.913,1224.595,3614.74,5.896,0.001631,1222.598,1.0,2,1762490.7,5912765.5
4040,3,0.07755000000000001,0.0775,3,60,East Tamaki Road,49214.0,24607.0,propagated,0.096,1892.377,2834.726,8367.499,66.956,0.008002,2812.043,1.0,15,1768270.6,5908251.6
4041,3,0.12902,0.129,3,60,East Tamaki Road,23488.0,11744.0,propagated,0.108992,903.161,1536.002,4533.946,66.956,0.014768,1513.319,1.0,15,1768246.6,5908151.0
4042,4,0.19689,0.1969,3,60,East Tamaki Road,23488.0,11744.0,count,0.108992,903.161,1536.002,4533.946,72.644,0.016022,1511.392,1.0,16,1768207.9,5907992.7
4043,3,0.033936,0.0283,4,50,Clyde Road,8533.0,4266.5,propagated,0.096,328.111,491.501,1450.805,4.636,0.003195,489.93,1.0,1,1756132.3,5935099.9
4044,1,0.051528,0.0429,3,50,Broadway,11567.0,5783.5,count,0.096,444.774,666.259,1966.653,20.694,0.010522,659.248,1.0,3,1758386.6,5917656.4
4045,2,0.05063999999999999,0.0422,3,50,Broadway,11567.0,5783.5,propagated,0.096,444.774,666.259,1966.653,27.843,0.014158,656.826,1.0,4,1758387.9,5917614.2
4046,1,0.016404,0.0137,3,50,Broadway,18374.0,9187.0,propagated,0.096,706.517,1058.342,3123.997,27.843,0.008913,1048.909,1.0,4,1758388.5,5917585.9
4047,2,0.061212,0.051,4,50,Edsel Street,21081.0,10540.5,propagated,0.096,810.607,1214.266,3584.251,3.898,0.001088,1212.945,1.0,1,1745692.3,5917029.2
4048,2,0.23168399999999997,0.1931,4,50,Caribbean Drive,9457.0,4728.5,count,0.096,363.641,544.723,1607.905,4.92,0.00306,543.056,1.0,1,1753521.7,5930795.5
4049,3,0.15216,0.1268,3,50,Swanson Road,14205.0,7102.5,count,0.099331,546.211,846.598,2498.975,24.576,0.009834,838.272,1.0,6,1741594.3,5919006.4
4050,4,0.167484,0.1396,3,50,Swanson Road,14205.0,7102.5,propagated,0.099331,546.211,846.598,2498.975,29.168,0.011672,836.717,1.0,7,1741709.4,5919073.2
4051,1,0.009071999999999998,0.0076,3,50,Swanson Road,14205.0,7102.5,propagated,0.099331,546.211,846.598,2498.975,33.494,0.013403,835.251,1.0,8,1741779.6,5919094.1
4052,2,0.085476,0.0712,3,50,Beach Road,6658.0,3329.0,propagated,0.096,256.013,383.501,1132.012,5.926,0.005235,381.493,1.0,1,1756456.7,5936677.9
4053,7,0.595392,0.4962,3,50,Beach Road,8154.0,4077.0,count,0.114177,313.538,558.6,1648.867,5.926,0.003594,556.592,1.0,1,1756418.5,5936407.9
4054,1,0.02915,0.0292,2,60,Great South Road,26876.0,13438.0,propagated,0.096,1033.436,1548.058,4569.533,17.022,0.003725,1542.291,1.0,3,1767799.3,5904240.7
4055,1,0.055091999999999995,0.0459,3,50,Great South Road,26876.0,13438.0,propagated,0.096,1033.436,1548.058,4569.533,17.022,0.003725,1542.291,1.0,3,1767804.2,5904274.6
4056,1,0.058056,0.0484,3,50,Clovelly Road,3355.0,1677.5,propagated,0.129657,129.006,261.0,770.416,9.853,0.012789,257.662,1.0,2,1769969.8,5918007.8
4057,4,0.19218,0.1602,3,50,Clovelly Road,4852.0,2426.0,count,0.096,186.569,279.475,824.95,9.853,0.011944,276.137,1.0,2,1769899.9,5917941.6
4058,1,0.07578,0.0632,3,50,Clovelly Road,4768.0,2384.0,count,0.134438,183.339,384.6,1135.256,9.853,0.008679,381.262,1.0,2,1769925.3,5917832.8
4059,4,0.464016,0.3867,3,50,Bucklands Beach Road,4938.0,2469.0,count,0.2,189.876,592.56,1749.109,9.853,0.005633,589.222,1.0,2,1769977.3,5917613.7
4060,1,0.037332,0.0311,3,50,Bucklands Beach Road,12243.0,6121.5,propagated,0.096,470.768,705.197,2081.589,9.853,0.004733,701.859,1.0,2,1770025.1,5917410.1
4061,2,0.271752,0.2265,4,50,Porchester Road,12225.0,6112.5,count,0.096,470.076,704.16,2078.528,2.55,0.001227,703.296,1.0,1,1772335.9,5897372.7
4062,4,0.23294399999999998,0.1941,4,50,Porchester Road,12159.0,6079.5,count,0.096,467.538,700.358,2067.306,2.55,0.001233,699.494,1.0,1,1772266.1,5897571.1
4063,3,0.275856,0.2299,4,50,Porchester Road,10220.0,5110.0,count,0.096,392.979,588.672,1737.633,2.55,0.001468,587.808,1.0,1,1772192.6,5897770.1
4064,1,0.05057999999999999,0.0422,4,50,Porchester Road,13148.0,6574.0,propagated,0.096,505.567,757.325,2235.46,2.55,0.001141,756.461,1.0,1,1772143.7,5897896.6
4065,3,0.133404,0.1112,4,50,Porchester Road,13148.0,6574.0,count,0.096,505.567,757.325,2235.46,8.767,0.003922,754.355,1.0,2,1772117.6,5897968.5
4066,1,0.02112,0.0176,3,50,Mount Wellington Highway,16037.0,8018.5,propagated,0.096,616.655,923.731,2726.655,27.113,0.009944,914.546,1.0,5,1764139.9,5911294.8
4067,5,0.141648,0.118,3,50,Mount Wellington Highway,16037.0,8018.5,propagated,0.096,616.655,923.731,2726.655,33.205,0.012178,912.482,1.0,6,1764126.6,5911361.2
4068,6,0.17298,0.1441,3,50,Mount Wellington Highway,15997.0,7998.5,propagated,0.096,615.117,921.427,2719.854,39.716,0.014602,907.972,1.0,7,1764100.0,5911489.7
4069,1,0.063408,0.0528,3,50,Blockhouse Bay Road,12080.0,6040.0,propagated,0.096,464.5,695.808,2053.875,14.036,0.006834,691.053,1.0,5,1751612.2,5913693.5
4070,4,0.13835999999999998,0.1153,3,50,Blockhouse Bay Road,10078.0,5039.0,propagated,0.089204,387.519,539.399,1592.189,14.036,0.008816,534.644,1.0,5,1751610.0,5913777.4
4071,3,0.116484,0.0971,3,50,Blockhouse Bay Road,10078.0,5039.0,count,0.089204,387.519,539.399,1592.189,16.599,0.010425,533.776,1.0,6,1751606.3,5913883.4
4072,4,0.168852,0.1407,3,50,Blockhouse Bay Road,11628.0,5814.0,count,0.089181,447.12,622.198,1836.594,16.599,0.009038,616.575,1.0,6,1751603.2,5914002.2
4073,4,0.10547999999999998,0.0879,3,50,Blockhouse Bay Road,11628.0,5814.0,propagated,0.089181,447.12,622.198,1836.594,19.306,0.010512,615.658,1.0,7,1751599.7,5914116.0
4074,1,0.04184399999999999,0.0349,3,50,Blockhouse Bay Road,13401.0,6700.5,propagated,0.096,515.295,771.898,2278.476,19.306,0.008473,765.358,1.0,7,1751597.7,5914177.7
4075,1,0.013895999999999999,0.0116,2,50,Blockhouse Bay Road,13401.0,6700.5,propagated,0.096,515.295,771.898,2278.476,19.306,0.008473,765.358,1.0,7,1751596.8,5914201.0
4076,1,0.01728,0.023,0,80,Northwestern Motorway,40728.0,20364.0,propagated,0.096,1566.073,2345.933,6924.688,17.985,0.002597,2339.84,1.0,2,1757464.1,5919240.1
4077,3,0.30936,0.4125,0,80,Northwestern Motorway,25982.0,12991.0,count,0.096,999.06,1496.563,4417.531,17.985,0.004071,1490.47,1.0,2,1757584.2,5919421.9
4078,1,0.0612,0.051,4,50,Robert Street,9960.0,4980.0,propagated,0.125602,382.982,750.598,2215.603,41.376,0.018675,736.581,1.0,7,1761147.1,5915080.7
4079,4,0.128832,0.1074,4,50,Main Highway,12124.0,6062.0,propagated,0.12999,466.192,945.599,2791.204,46.966,0.016826,929.688,1.0,8,1761091.2,5915100.4
4080,1,0.083628,0.0697,3,50,Dominion Road Extension,5013.0,2506.5,propagated,0.096,192.76,288.749,852.325,3.885,0.004558,287.433,1.0,2,1754627.8,5911674.3
4081,2,0.096648,0.0805,3,50,Dominion Road Extension,4759.0,2379.5,propagated,0.096,182.993,274.118,809.137,6.654,0.008224,271.864,1.0,3,1754632.5,5911749.1
4082,2,0.150696,0.1256,1,50,East Coast Road,16337.0,8168.5,propagated,0.096,628.19,941.011,2777.661,1.309,0.000471,940.568,1.0,1,1754282.0,5936044.3
4083,1,0.016235999999999997,0.0135,1,50,Maioro Street,19274.0,9637.0,propagated,0.096,741.124,1110.182,3277.018,7.161,0.002185,1107.756,1.0,1,1753523.9,5914412.8
4084,2,0.049392,0.0412,1,50,Entry 19 Maioro Street,25072.0,12536.0,default,0.096,964.069,1444.147,4262.81,34.275,0.00804,1432.535,1.0,5,1753502.5,5914421.3
4085,1,0.02913,0.0291,3,60,Ormiston Road,18880.0,9440.0,propagated,0.096,725.974,1087.488,3210.03,33.523,0.010443,1076.131,1.0,6,1771356.4,5907026.7
4086,1,0.01061,0.0106,3,60,Ormiston Road,18880.0,9440.0,propagated,0.096,725.974,1087.488,3210.03,40.05,0.012477,1073.92,1.0,7,1771336.7,5907023.0
4087,2,0.03511,0.0351,3,60,Ormiston Road,16712.0,8356.0,propagated,0.096,642.61,962.611,2841.42,40.05,0.014095,949.043,1.0,7,1771314.4,5907018.8
4088,6,0.16450999999999996,0.1645,3,60,Ormiston Road,16712.0,8356.0,count,0.096,642.61,962.611,2841.42,56.48,0.019877,943.477,1.0,10,1771214.7,5907010.9
4089,1,0.0124,0.0124,4,60,Chapel Road,13896.0,6948.0,propagated,0.107369,534.329,895.2,2642.437,5.321,0.002014,893.397,1.0,1,1769368.2,5905872.1
4090,3,0.20623999999999998,0.2062,4,60,Chapel Road,16324.0,8162.0,count,0.096,627.69,940.262,2775.451,5.321,0.001917,938.459,1.0,1,1769342.1,5905766.2
4091,3,0.10224,0.0852,4,50,Chapel Road,16324.0,8162.0,propagated,0.096,627.69,940.262,2775.451,10.066,0.003627,936.852,1.0,2,1769309.0,5905624.7
4092,3,0.1413,0.1178,4,50,Church Street,9580.0,4790.0,count,0.096,368.37,551.808,1628.818,18.057,0.011086,545.691,1.0,4,1760411.3,5912326.6
4093,2,0.11326800000000001,0.0944,4,50,Church Street,13050.0,6525.0,count,0.096,501.799,751.68,2218.797,18.057,0.008138,745.563,1.0,4,1760516.8,5912338.0
4094,1,0.04424399999999999,0.0369,3,50,Preston Road,10760.0,5380.0,propagated,0.096,413.744,619.776,1829.445,23.006,0.012575,611.982,1.0,4,1768093.0,5907534.7
4095,1,0.008932500000000001,0.0119,2,80,Port Entry,4942.0,2471.0,propagated,0.096,190.03,284.659,840.252,7.011,0.008344,282.284,1.0,1,1757860.1,5919817.0
4096,1,0.052687500000000005,0.0703,2,80,Port Entry,4942.0,2471.0,propagated,0.096,190.03,284.659,840.252,14.042,0.016712,279.902,1.0,2,1757896.4,5919836.0
4097,1,0.035484,0.0296,4,50,Ladies Mile,4664.0,2332.0,propagated,0.116209,179.34,325.199,959.917,11.54,0.012022,321.289,1.0,2,1761218.3,5915008.4
4098,2,0.077484,0.0646,4,50,Ladies Mile,4664.0,2332.0,propagated,0.116209,179.34,325.199,959.917,17.869,0.018615,319.145,1.0,3,1761196.0,5914967.5
4099,1,0.063252,0.0527,4,50,Main Highway,11186.0,5593.0,count,0.131772,430.124,884.401,2610.561,23.663,0.009064,876.384,1.0,4,1761158.1,5914949.1
4100,1,0.010332,0.0086,4,50,Main Highway,11186.0,5593.0,propagated,0.131772,430.124,884.401,2610.561,29.164,0.011172,874.521,1.0,5,1761131.2,5914963.3
4101,3,0.091116,0.0759,4,50,Robert Street,9960.0,4980.0,count,0.125602,382.982,750.598,2215.603,29.164,0.013163,740.718,1.0,5,1761136.5,5915004.2
4102,2,0.017363999999999997,0.0145,4,50,Robert Street,9960.0,4980.0,propagated,0.125602,382.982,750.598,2215.603,35.44,0.015996,738.592,1.0,6,1761144.4,5915048.5
4103,1,0.0346,0.0346,4,60,Lambie Drive,8160.0,4080.0,propagated,0.096,313.768,470.016,1387.386,3.465,0.002498,468.842,1.0,1,1766713.2,5904654.9
4104,10,0.36502799999999996,0.3042,4,50,Patiki Road,17644.0,8822.0,count,0.087565,678.447,926.998,2736.298,8.372,0.00306,924.162,1.0,2,1748535.4,5918155.8
4105,6,0.134124,0.1118,4,50,Patiki Road,17644.0,8822.0,propagated,0.087565,678.447,926.998,2736.298,13.102,0.004788,922.559,1.0,3,1748690.9,5918023.4
4106,3,0.070584,0.0588,4,50,Patiki Road,17644.0,8822.0,propagated,0.087565,678.447,926.998,2736.298,17.994,0.006576,920.902,1.0,4,1748758.5,5917971.7
4107,2,0.053231999999999995,0.0444,4,50,Rosebank Road,13177.0,6588.5,propagated,0.096,506.682,758.995,2240.389,17.994,0.008032,752.899,1.0,4,1748804.3,5917968.6
4108,3,0.12195600000000001,0.1016,1,50,Constellation Drive,19590.0,9795.0,count,0.096,753.275,1128.384,3330.746,7.717,0.002317,1125.77,1.0,2,1754960.3,5931833.8
4109,1,0.050747999999999995,0.0423,4,50,Don McKinnon Drive,12180.0,6090.0,propagated,0.096,468.345,701.568,2070.877,9.349,0.004515,698.401,1.0,2,1752366.9,5934239.0
4110,2,0.037176,0.031,4,50,Don McKinnon Drive,6497.0,3248.5,propagated,0.096,249.823,374.227,1104.637,9.349,0.008463,371.06,1.0,2,1752359.2,5934204.4
4111,2,0.16561199999999998,0.138,4,50,Don McKinnon Drive,6497.0,3248.5,propagated,0.096,249.823,374.227,1104.637,14.312,0.012956,369.378,1.0,3,1752306.7,5934140.9
4112,3,0.27171599999999996,0.2264,4,50,Don McKinnon Drive,6497.0,3248.5,propagated,0.096,249.823,374.227,1104.637,19.162,0.017347,367.735,1.0,4,1752231.0,5933976.7
4113,8,0.30597599999999997,0.255,4,50,Don McKinnon Drive,9768.0,4884.0,propagated,0.096,375.599,562.637,1660.783,19.162,0.011538,556.145,1.0,4,1752282.3,5933756.8
4114,2,0.014783999999999999,0.0123,4,50,Don McKinnon Drive,9768.0,4884.0,propagated,0.096,375.599,562.637,1660.783,24.975,0.015038,554.176,1.0,5,1752378.1,5933664.7
4115,4,0.10293599999999999,0.0858,4,50,Don McKinnon Drive,9768.0,4884.0,propagated,0.096,375.599,562.637,1660.783,30.819,0.018557,552.196,1.0,6,1752420.8,5933640.2
4116,3,0.139932,0.1166,4,50,Don McKinnon Drive,9768.0,4884.0,propagated,0.096,375.599,562.637,1660.783,36.543,0.022003,550.257,1.0,7,1752517.1,5933611.4
4117,1,0.035651999999999996,0.0297,4,50,Main Highway,12840.0,6420.0,propagated,0.096,493.724,739.584,2183.092,5.0,0.00229,737.89,1.0,1,1761775.7,5914715.2
4118,4,0.11840399999999998,0.0987,4,50,Lake Road,10182.0,5091.0,propagated,0.096,391.518,586.483,1731.171,5.116,0.002955,584.75,1.0,1,1755627.7,5925863.4
4119,3,0.20325000000000001,0.2033,3,60,Pakuranga Road,29872.0,14936.0,propagated,0.111676,1148.638,2001.591,5908.265,9.989,0.001691,1998.207,1.0,3,1766103.7,5913299.9
4120,2,0.24161,0.2416,3,60,Pakuranga Road,29872.0,14936.0,count,0.111676,1148.638,2001.591,5908.265,14.23,0.002408,1996.77,1.0,4,1766320.9,5913252.4
4121,3,0.10196000000000001,0.102,3,60,Pakuranga Road,84826.0,42413.0,propagated,0.096,3261.729,4885.978,14422.353,14.23,0.000987,4881.157,1.0,4,1766489.9,5913258.5
4122,2,0.09042,0.0754,4,50,Hilltop Road,3917.0,1958.5,propagated,0.096,150.616,225.619,665.979,12.051,0.018095,221.536,1.0,2,1769475.4,5905028.1
4123,2,0.20569199999999999,0.1714,4,50,Hilltop Road,4026.0,2013.0,count,0.096,154.808,231.898,684.513,12.051,0.017605,227.815,1.0,2,1769369.0,5905086.5
4124,2,0.18004799999999999,0.15,4,50,Aspiring Avenue,15297.0,7648.5,count,0.079689,588.2,731.402,2158.941,12.051,0.005582,727.319,1.0,2,1769261.3,5905148.6
4125,5,0.20199599999999998,0.1683,4,50,Aspiring Avenue,19839.0,9919.5,count,0.079187,762.849,942.595,2782.337,18.968,0.006817,936.169,1.0,3,1769107.8,5905150.6
4126,2,0.222192,0.1852,4,50,Aspiring Avenue,13513.0,6756.5,count,0.096,519.602,778.349,2297.518,26.428,0.011503,769.396,1.0,4,1768952.6,5905072.6
4127,1,0.10074,0.084,4,50,Aspiring Avenue,10043.0,5021.5,count,0.096,386.173,578.477,1707.539,26.428,0.015477,569.524,1.0,4,1768823.9,5905033.6
4128,9,0.31162799999999996,0.2597,4,50,Lunn Avenue,22060.0,11030.0,count,0.096,848.251,1270.656,3750.702,6.246,0.001665,1268.54,1.0,2,1763338.8,5915801.0
4129,2,0.060984,0.0508,3,50,Preston Road,15571.0,7785.5,propagated,0.096,598.736,896.89,2647.426,4.905,0.001853,895.228,1.0,1,1767508.4,5905689.6
4130,3,0.030251999999999998,0.0252,3,50,Reagan Road,23286.0,11643.0,count,0.096,895.393,1341.274,3959.151,9.559,0.002414,1338.036,1.0,2,1767473.3,5905674.9
4131,1,0.21710399999999996,0.1809,3,50,Reagan Road,24122.0,12061.0,count,0.087638,927.539,1268.402,3744.049,9.559,0.002553,1265.164,1.0,2,1767377.9,5905635.9
4132,2,0.127068,0.1059,3,50,Reagan Road,23813.0,11906.5,count,0.096,915.657,1371.629,4048.753,9.559,0.002361,1368.391,1.0,2,1767245.1,5905582.8
4133,2,0.05883599999999999,0.049,3,50,Reagan Road,24200.0,12100.0,count,0.083512,930.538,1212.594,3579.316,9.559,0.002671,1209.356,1.0,2,1767172.5,5905556.4
4134,1,0.074556,0.0621,3,50,Great South Road,24097.0,12048.5,propagated,0.096,926.578,1387.987,4097.038,9.559,0.002333,1384.749,1.0,2,1767130.6,5905522.3
4135,4,0.105324,0.0878,2,50,Glenfield Road,17111.0,8555.5,count,0.086669,657.952,889.796,2626.486,9.211,0.003507,886.676,1.0,3,1753570.3,5927834.7
4136,5,0.141756,0.1181,2,50,Glenfield Road,17111.0,8555.5,propagated,0.086669,657.952,889.796,2626.486,10.364,0.003946,886.285,1.0,4,1753613.4,5927741.3
4137,4,0.402888,0.3357,2,50,Glenfield Road,16631.0,8315.5,count,0.096,639.495,957.946,2827.65,10.364,0.003665,954.435,1.0,4,1753643.2,5927520.4
4138,3,0.14461200000000002,0.1205,2,50,Glenfield Road,21778.0,10889.0,propagated,0.096,837.408,1254.413,3702.756,10.364,0.002799,1250.902,1.0,4,1753602.6,5927295.9
4139,1,0.016824,0.014,4,50,Friedlanders Road,2580.0,1290.0,propagated,0.14031,99.206,217.2,641.128,4.611,0.007192,215.638,1.0,1,1767916.8,5899708.7
4140,1,0.33909599999999995,0.2826,4,50,Friedlanders Road,3973.0,1986.5,count,0.141203,152.77,336.6,993.571,4.611,0.004641,335.038,1.0,1,1767853.8,5899843.3
4141,1,0.119676,0.0997,4,50,Friedlanders Road,4046.0,2023.0,count,0.142857,155.577,346.8,1023.679,4.611,0.004504,345.238,1.0,1,1767773.9,5900017.3
4142,1,0.19340399999999996,0.1612,4,50,Friedlanders Road,4549.0,2274.5,count,0.143988,174.918,393.001,1160.054,4.611,0.003975,391.439,1.0,1,1767722.8,5900137.1
4143,3,0.12055199999999999,0.1005,4,50,Friedlanders Road,4703.0,2351.5,count,0.133319,180.84,376.2,1110.461,4.611,0.004152,374.638,1.0,1,1767671.2,5900257.2
4144,1,0.09488399999999998,0.0791,4,50,Lunn Avenue,17836.0,8918.0,propagated,0.096,685.83,1027.354,3032.527,5.091,0.001679,1025.629,1.0,1,1763799.4,5915395.3
4145,3,0.11662799999999998,0.0972,4,50,Lunn Avenue,17911.0,8955.5,propagated,0.096,688.714,1031.674,3045.279,5.091,0.001672,1029.949,1.0,1,1763860.3,5915332.4
4146,2,0.039515999999999996,0.0329,4,50,Lunn Avenue,17911.0,8955.5,propagated,0.096,688.714,1031.674,3045.279,10.225,0.003358,1028.21,1.0,2,1763895.1,5915277.4
4147,1,0.037455,0.0499,3,80,Symonds Street Entry,13704.0,6852.0,propagated,0.096,526.946,789.35,2329.991,10.594,0.004547,785.761,1.0,1,1757171.9,5919123.6
4148,4,0.23820000000000002,0.3176,0,80,Northwestern Motorway,40728.0,20364.0,count,0.096,1566.073,2345.933,6924.688,10.594,0.00153,2342.344,1.0,1,1757340.3,5919126.3
4149,1,0.010668,0.0089,4,50,Beach Haven Road,7727.0,3863.5,propagated,0.096,297.119,445.075,1313.765,3.023,0.002301,444.051,1.0,1,1750541.3,5926918.3
4150,1,0.008544,0.0071,4,50,Beach Haven Road,7727.0,3863.5,propagated,0.096,297.119,445.075,1313.765,10.354,0.007881,441.567,1.0,3,1750544.1,5926911.3
4151,2,0.08664,0.0722,4,50,Rangatira Road,5392.0,2696.0,propagated,0.096,207.333,310.579,916.762,10.354,0.011294,307.071,1.0,3,1750556.2,5926875.0
4152,3,0.206652,0.1722,4,50,Rangatira Road,5392.0,2696.0,propagated,0.096,207.333,310.579,916.762,13.555,0.014786,305.987,1.0,4,1750603.3,5926762.7
4153,9,0.36384,0.3032,4,50,Rangatira Road,5392.0,2696.0,count,0.096,207.333,310.579,916.762,17.359,0.018935,304.698,1.0,5,1750695.2,5926543.5
4154,5,0.22832399999999997,0.1903,4,50,Rangatira Road,5620.0,2810.0,propagated,0.096,216.1,323.712,955.528,17.359,0.018167,317.831,1.0,5,1750790.3,5926315.8
4155,2,0.046278,0.0771,3,100,Entry 419 Northcote Road,21664.0,10832.0,propagated,0.096,833.024,1247.846,3683.372,7.641,0.002074,1245.257,1.0,1,1756328.5,5927221.1
4156,1,0.017682,0.0295,3,100,Entry 419 Northcote Road,21664.0,10832.0,count,0.096,833.024,1247.846,3683.372,14.934,0.004054,1242.787,1.0,2,1756344.9,5927170.5
4157,3,0.085284,0.0711,3,50,Exit 419 Northcote Road,14640.0,7320.0,propagated,0.096,562.937,843.264,2489.133,39.619,0.015917,829.842,1.0,5,1756371.1,5927127.5
4158,2,0.080568,0.0671,1,50,The Strand,7527.0,3763.5,propagated,0.172712,289.428,780.002,2302.398,0.803,0.000349,779.73,1.0,1,1758651.3,5920404.8
4159,3,0.168312,0.1403,2,50,Mount Wellington Highway,35597.0,17798.5,propagated,0.071748,1368.776,1532.408,4523.338,6.968,0.00154,1530.047,1.0,2,1763813.6,5913715.2
4160,4,0.12711599999999998,0.1059,2,50,Mount Wellington Highway,35597.0,17798.5,propagated,0.071748,1368.776,1532.408,4523.338,10.341,0.002286,1528.905,1.0,3,1763754.2,5913607.1
4161,4,0.11148,0.0929,2,50,Mount Wellington Highway,35597.0,17798.5,propagated,0.071748,1368.776,1532.408,4523.338,13.375,0.002957,1527.877,1.0,4,1763709.3,5913518.9
4162,11,0.34756799999999993,0.2896,2,50,Hillsborough Road,24503.0,12251.5,count,0.093703,942.189,1377.603,4066.387,1.904,0.000468,1376.958,1.0,1,1755845.0,5911790.7
4163,1,0.17521199999999998,0.146,2,50,Hillsborough Road,22118.0,11059.0,count,0.096,850.481,1273.997,3760.564,1.904,0.000506,1273.352,1.0,1,1755992.6,5911950.5
4164,3,0.19606799999999996,0.1634,2,50,Hillsborough Road,22118.0,11059.0,propagated,0.096,850.481,1273.997,3760.564,4.268,0.001135,1272.551,1.0,2,1756079.9,5912078.4
4165,8,0.33681600000000006,0.2807,2,50,Hillsborough Road,20066.0,10033.0,count,0.094239,771.578,1134.6,3349.094,4.268,0.001274,1133.154,1.0,2,1756205.5,5912261.7
4166,1,0.08736,0.0728,2,50,Hillsborough Road,20066.0,10033.0,propagated,0.094239,771.578,1134.6,3349.094,7.486,0.002235,1132.064,1.0,3,1756332.5,5912383.3
4167,2,0.12827999999999998,0.1069,2,50,Hillsborough Road,23432.0,11716.0,count,0.08706,901.007,1223.994,3612.966,7.486,0.002072,1221.458,1.0,3,1756401.5,5912440.6
4168,2,0.1467,0.1222,2,50,Hillsborough Road,23723.0,11861.5,count,0.084854,912.197,1207.795,3565.15,7.486,0.0021,1205.259,1.0,3,1756489.5,5912513.0
4169,1,0.053663999999999996,0.0447,2,50,Hillsborough Road,23723.0,11861.5,propagated,0.084854,912.197,1207.795,3565.15,10.086,0.002829,1204.378,1.0,4,1756553.7,5912566.5
4170,3,0.09497999999999998,0.0792,2,50,Hillsborough Road,22991.0,11495.5,count,0.089296,884.05,1231.803,3636.017,10.086,0.002774,1228.386,1.0,4,1756588.6,5912616.4
4171,1,0.04992,0.0416,2,50,Hillsborough Road,25322.0,12661.0,propagated,0.082655,973.682,1255.794,3706.833,10.086,0.002721,1252.377,1.0,4,1756593.6,5912676.5
4172,4,0.10308,0.0859,2,50,Hillsborough Road,25322.0,12661.0,count,0.082655,973.682,1255.794,3706.833,15.786,0.004259,1250.446,1.0,5,1756588.5,5912738.9
4173,3,0.165048,0.1375,4,50,Meola Road,10898.0,5449.0,propagated,0.096,419.05,627.725,1852.909,14.583,0.00787,622.785,1.0,3,1753254.9,5919703.5
4174,1,0.17844,0.1487,3,50,Preston Road,10760.0,5380.0,count,0.096,413.744,619.776,1829.445,16.283,0.008901,614.26,1.0,3,1768070.3,5907444.7
4175,6,0.12018,0.1001,3,50,Garnet Road,9291.0,4645.5,propagated,0.118179,357.258,658.801,1944.638,3.239,0.001666,657.704,1.0,1,1753739.3,5919140.8
4176,15,0.5877359999999999,0.4898,3,50,Old Mill Road,10071.0,5035.5,count,0.096,387.25,580.09,1712.3,3.239,0.001892,578.993,1.0,1,1753968.8,5918972.6
4177,3,0.096132,0.0801,3,50,Surrey Crescent,7655.0,3827.5,count,0.140954,294.35,647.402,1910.991,3.239,0.001695,646.305,1.0,1,1754231.1,5918888.9
4178,2,0.149604,0.1247,3,50,Surrey Crescent,10735.0,5367.5,count,0.102655,412.782,661.201,1951.723,8.056,0.004128,658.472,1.0,2,1754319.5,5918939.8
4179,4,0.151188,0.126,3,50,Surrey Crescent,11140.0,5570.0,count,0.099731,428.355,666.602,1967.665,8.056,0.004094,663.873,1.0,2,1754428.2,5919002.1
4180,2,0.036899999999999995,0.0308,3,50,Surrey Crescent,10599.0,5299.5,propagated,0.107369,407.553,682.802,2015.484,8.056,0.003997,680.073,1.0,2,1754500.7,5919023.4
4181,2,0.112404,0.0937,3,50,Surrey Crescent,10599.0,5299.5,count,0.107369,407.553,682.802,2015.484,12.933,0.006417,678.421,1.0,3,1754562.6,5919016.4
4182,3,0.1056,0.088,3,50,Surrey Crescent,7904.0,3952.0,count,0.096,303.925,455.27,1343.859,12.933,0.009624,450.889,1.0,3,1754653.0,5919005.2
4183,1,0.11125199999999999,0.0927,3,50,Surrey Crescent,8229.0,4114.5,count,0.111192,316.422,548.999,1620.527,12.933,0.007981,544.618,1.0,3,1754726.4,5918953.5
4184,4,0.127548,0.1063,3,50,Surrey Crescent,11559.0,5779.5,count,0.096,444.467,665.798,1965.292,12.933,0.006581,661.417,1.0,3,1754805.6,5918893.5
4185,2,0.061320000000000006,0.0511,3,50,Surrey Crescent,8979.0,4489.5,propagated,0.121617,345.261,655.199,1934.006,12.933,0.006687,650.818,1.0,3,1754850.7,5918832.2
4186,2,0.050988,0.0425,3,50,Surrey Crescent,8979.0,4489.5,count,0.121617,345.261,655.199,1934.006,16.977,0.008778,649.448,1.0,4,1754857.0,5918785.7
4187,2,0.105756,0.0881,2,50,Great North Road,9979.0,4989.5,propagated,0.089488,383.713,535.8,1581.566,29.986,0.01896,525.641,1.0,7,1754870.2,5918722.3
4188,9,0.33162,0.2764,2,50,Great North Road,9979.0,4989.5,propagated,0.089488,383.713,535.8,1581.566,33.419,0.02113,524.478,1.0,8,1754918.9,5918553.1
4189,9,0.28316399999999997,0.236,2,50,Great North Road,9979.0,4989.5,count,0.089488,383.713,535.8,1581.566,35.249,0.022287,523.858,1.0,9,1755139.0,5918498.7
4190,4,0.09437999999999999,0.0786,4,50,Sunset Road,14055.0,7027.5,propagated,0.118036,540.443,995.398,2938.2,3.044,0.001036,994.367,1.0,1,1754381.4,5931176.2
4191,1,0.036804,0.0307,4,50,Wiseley Road,2724.0,1362.0,propagated,0.096,104.743,156.902,463.141,14.557,0.031431,151.97,1.0,3,1746328.1,5924942.2
4192,3,0.10220400000000002,0.0852,3,50,Te Atatu Road,35104.0,17552.0,propagated,0.096,1349.819,2021.99,5968.478,6.49,0.001087,2019.791,1.0,1,1747293.2,5919584.8
4193,3,0.221868,0.1849,3,50,Te Atatu Road,26108.0,13054.0,count,0.091926,1003.905,1440.002,4250.575,6.49,0.001527,1437.803,1.0,1,1747278.6,5919718.7
4194,1,0.023124,0.0193,4,50,Te Atatu Road,26108.0,13054.0,propagated,0.091926,1003.905,1440.002,4250.575,6.49,0.001527,1437.803,1.0,1,1747259.8,5919818.8
4195,1,0.044016,0.0367,3,50,Beach Road,9074.0,4537.0,propagated,0.137646,348.913,749.4,2212.067,3.48,0.001573,748.221,1.0,1,1757137.6,5931881.7
4196,2,0.048299999999999996,0.0402,4,50,Panama Road,8532.0,4266.0,propagated,0.096,328.072,491.443,1450.634,3.761,0.002593,490.169,1.0,1,1764783.1,5911698.9
4197,1,0.034836,0.029,4,50,Panama Road,10029.0,5014.5,propagated,0.096,385.635,577.67,1705.157,3.761,0.002206,576.396,1.0,1,1764749.1,5911692.6
4198,3,0.078468,0.0654,4,50,Panama Road,10029.0,5014.5,propagated,0.096,385.635,577.67,1705.157,7.61,0.004463,575.092,1.0,2,1764702.6,5911684.1
4199,1,0.0067079999999999996,0.0056,3,50,Sylvia Park Road,14395.0,7197.5,propagated,0.088711,553.517,766.197,2261.648,13.997,0.006189,761.455,1.0,2,1763643.2,5912082.4
4200,2,0.134208,0.1118,4,50,Kaipatiki Road,11102.0,5551.0,propagated,0.096,426.894,639.475,1887.592,4.008,0.002123,638.117,1.0,1,1753020.3,5928197.8
4201,5,0.286464,0.2387,4,50,Kaipatiki Road,11102.0,5551.0,count,0.096,426.894,639.475,1887.592,7.724,0.004092,636.858,1.0,2,1753187.3,5928217.2
4202,6,0.30285599999999996,0.2524,4,50,Kaipatiki Road,10886.0,5443.0,count,0.096,418.588,627.034,1850.869,7.724,0.004173,624.417,1.0,2,1753381.0,5928066.5
4203,6,0.116676,0.0972,4,50,Kaipatiki Road,16107.0,8053.5,propagated,0.096,619.346,927.763,2738.556,7.724,0.00282,925.146,1.0,2,1753519.5,5927960.1
4204,3,0.06661199999999999,0.0555,2,50,Glenfield Road,17111.0,8555.5,propagated,0.086669,657.952,889.796,2626.486,7.724,0.002941,887.179,1.0,2,1753553.9,5927903.4
4205,3,0.2203275,0.2938,2,80,Exit 429C Port,12430.0,6215.0,propagated,0.096,477.958,715.968,2113.383,7.689,0.003638,713.363,1.0,1,1757667.7,5919621.5
4206,8,0.385992,0.3217,3,50,Swanson Road,13919.0,6959.5,count,0.113298,535.213,946.197,2792.969,1.857,0.000665,945.568,1.0,1,1741195.5,5918875.7
4207,6,0.18325199999999997,0.1527,3,50,Swanson Road,13766.0,6883.0,count,0.117245,529.33,968.397,2858.499,1.857,0.00065,967.768,1.0,1,1741430.4,5918896.4
4208,1,0.069156,0.0576,3,50,Swanson Road,14205.0,7102.5,propagated,0.099331,546.211,846.598,2498.975,19.842,0.00794,839.876,1.0,5,1741518.7,5918953.6
4209,5,0.22882000000000002,0.2288,4,60,Lonely Track Road,14258.0,7129.0,default,0.096,548.249,821.261,2424.185,3.329,0.001373,820.133,1.0,1,1751951.4,5935831.5
4210,13,0.60792,0.6079,4,60,Lonely Track Road,2461.0,1230.5,propagated,0.096,94.63,141.754,418.427,6.845,0.016359,139.435,1.0,2,1752356.0,5935831.7
4211,1,0.021263999999999998,0.0177,4,50,Forrest Hill Road,8445.0,4222.5,propagated,0.151569,324.727,768.0,2266.97,11.415,0.005035,764.133,1.0,2,1756156.9,5928408.5
4212,7,0.253704,0.2114,4,50,Forrest Hill Road,10721.0,5360.5,propagated,0.138513,412.244,890.999,2630.037,11.415,0.00434,887.132,1.0,2,1756174.0,5928295.2
4213,6,0.09987599999999999,0.0832,4,50,Forrest Hill Road,10721.0,5360.5,count,0.138513,412.244,890.999,2630.037,17.953,0.006826,884.917,1.0,3,1756176.9,5928148.3
4214,1,0.013968,0.0116,4,50,Forrest Hill Road,10721.0,5360.5,propagated,0.138513,412.244,890.999,2630.037,24.293,0.009237,882.769,1.0,4,1756161.1,5928103.5
4215,1,0.031656,0.0264,3,50,Wairau Road,19470.0,9735.0,count,0.096,748.66,1121.472,3310.343,30.559,0.009231,1111.119,1.0,5,1756145.2,5928104.9
4216,5,0.04788,0.0399,3,50,Wairau Road,19470.0,9735.0,propagated,0.096,748.66,1121.472,3310.343,36.893,0.011145,1108.973,1.0,6,1756112.5,5928108.6
4217,1,0.005423999999999999,0.0045,3,50,Wairau Road,19470.0,9735.0,propagated,0.096,748.66,1121.472,3310.343,43.05,0.013005,1106.888,1.0,7,1756090.7,5928107.9
4218,2,0.06171600000000001,0.0514,4,50,Frost Road,6533.0,3266.5,propagated,0.096,251.207,376.301,1110.759,10.654,0.009592,372.692,1.0,2,1755743.1,5913446.2
4219,1,0.013326315789473683,0.0042,4,19,Frost Road,6533.0,3266.5,propagated,0.096,251.207,376.301,1110.759,10.654,0.009592,372.692,1.0,2,1755757.3,5913468.6
4220,8,0.557028,0.4642,3,50,Queens Road,26942.0,13471.0,propagated,0.096,1035.974,1551.859,4580.753,7.793,0.001701,1549.219,1.0,1,1765240.1,5914645.0
4221,3,0.06856799999999999,0.0571,3,50,Queens Road,26942.0,13471.0,propagated,0.096,1035.974,1551.859,4580.753,14.5,0.003165,1546.947,1.0,2,1764992.5,5914726.9
4222,1,0.021263999999999998,0.0177,3,50,Queens Road,26942.0,13471.0,propagated,0.096,1035.974,1551.859,4580.753,21.241,0.004637,1544.663,1.0,3,1764961.8,5914746.7
4223,5,0.25949999999999995,0.2162,4,50,Ladies Mile,16559.0,8279.5,propagated,0.096,636.727,953.798,2815.406,4.829,0.001715,952.162,1.0,1,1761521.3,5915794.0
4224,3,0.06911999999999999,0.0576,4,50,Ladies Mile,20110.0,10055.0,propagated,0.097116,773.27,1171.802,3458.907,4.829,0.001396,1170.166,1.0,1,1761432.9,5915896.8
4225,3,0.135168,0.1126,3,50,Archers Road,16075.0,8037.5,count,0.096,618.116,925.92,2733.116,11.34,0.004149,922.078,1.0,2,1754786.5,5927639.8
4226,3,0.074544,0.0621,3,50,Browns Road,17139.0,8569.5,propagated,0.096,659.029,987.206,2914.019,5.475,0.001879,985.351,1.0,1,1765759.8,5901448.1
4227,5,0.04725,0.0472,3,60,Browns Road,17139.0,8569.5,count,0.096,659.029,987.206,2914.019,5.475,0.001879,985.351,1.0,1,1765709.3,5901426.9
4228,2,0.08316,0.0832,3,60,Browns Road,17139.0,8569.5,propagated,0.096,659.029,987.206,2914.019,10.648,0.003654,983.599,1.0,2,1765653.8,5901442.6
4229,2,0.014549999999999999,0.0242,2,100,Entry 453 Takanini,23654.0,11827.0,propagated,0.096,909.544,1362.47,4021.717,1.391,0.000346,1361.999,1.0,1,1769859.0,5899390.2
4230,1,0.010823999999999999,0.009,3,50,Remuera Road,12389.0,6194.5,propagated,0.096,476.382,713.606,2106.411,8.281,0.003931,710.801,1.0,1,1758720.6,5917777.8
4231,1,0.213216,0.1777,4,50,Airfield Road,4603.0,2301.5,propagated,0.096,176.995,265.133,782.615,21.181,0.027064,257.957,1.0,4,1771375.1,5898932.3
4232,1,0.162888,0.1357,4,50,Airfield Road,4603.0,2301.5,propagated,0.096,176.995,265.133,782.615,25.963,0.033175,256.337,1.0,5,1771227.2,5898879.8
4233,2,0.086448,0.072,4,50,Takanini School Road,10158.0,5079.0,count,0.096,390.595,585.101,1727.092,25.963,0.015033,576.305,1.0,5,1771173.0,5898822.8
4234,1,0.006167999999999999,0.0051,4,50,Takanini School Road,10158.0,5079.0,propagated,0.096,390.595,585.101,1727.092,29.57,0.017121,575.083,1.0,6,1771180.6,5898785.3
4235,8,0.27429600000000004,0.2286,4,50,Taka Street,10522.0,5261.0,count,0.096,404.592,606.067,1788.979,29.57,0.016529,596.049,1.0,6,1771075.5,5898741.2
4236,5,0.167244,0.1394,4,50,Taka Street,9047.0,4523.5,count,0.096,347.875,521.107,1538.195,29.57,0.019224,511.089,1.0,6,1770899.2,5898690.3
4237,5,0.206364,0.172,4,50,Taka Street,8493.0,4246.5,count,0.096,326.573,489.197,1444.004,29.57,0.020478,479.179,1.0,6,1770751.0,5898643.2
4238,10,0.439044,0.3659,4,50,Gillies Avenue,14755.0,7377.5,propagated,0.104778,567.359,927.6,2738.075,33.021,0.01206,916.413,1.0,8,1757866.1,5916642.5
4239,4,0.06464400000000001,0.0539,4,50,Gillies Avenue,21287.0,10643.5,propagated,0.08268,818.528,1056.005,3117.099,33.021,0.010594,1044.818,1.0,8,1757914.0,5916846.6
4240,7,0.360216,0.3002,4,50,Gillies Avenue,21287.0,10643.5,propagated,0.08268,818.528,1056.005,3117.099,37.819,0.012133,1043.193,1.0,9,1757952.9,5917019.1
4241,3,0.05311199999999999,0.0443,2,50,Great North Road,9979.0,4989.5,propagated,0.089488,383.713,535.8,1581.566,8.932,0.005648,532.774,1.0,2,1754799.1,5918781.7
4242,1,0.048996,0.0408,2,50,Great North Road,9979.0,4989.5,propagated,0.089488,383.713,535.8,1581.566,13.009,0.008225,531.393,1.0,3,1754840.6,5918771.4
4243,2,0.123648,0.103,3,50,Saint Lukes Road,10179.0,5089.5,propagated,0.096,391.403,586.31,1730.661,15.371,0.008882,581.103,1.0,3,1754660.9,5916533.6
4244,1,0.027947999999999997,0.0233,3,50,Saint Lukes Road,10179.0,5089.5,propagated,0.096,391.403,586.31,1730.661,21.733,0.012558,578.947,1.0,4,1754721.8,5916516.9
4245,2,0.09046799999999999,0.0754,3,50,Saint Lukes Road,10179.0,5089.5,propagated,0.096,391.403,586.31,1730.661,28.086,0.016228,576.795,1.0,5,1754769.7,5916503.8
4246,1,0.02942,0.0294,2,60,East Tamaki Road,33816.0,16908.0,propagated,0.096,1300.293,1947.802,5749.491,3.858,0.000671,1946.495,1.0,1,1766222.6,5907468.9
4247,1,0.00645,0.0107,2,100,Entry And Exit 444 East Tamaki Road,20400.0,10200.0,count,0.096,784.421,1175.04,3468.465,7.604,0.002192,1172.464,1.0,2,1766208.2,5907461.4
4248,1,0.009054,0.0151,2,100,Entry And Exit 444 East Tamaki Road,20400.0,10200.0,propagated,0.096,784.421,1175.04,3468.465,11.216,0.003234,1171.24,1.0,3,1766198.1,5907470.0
4249,1,0.074124,0.0618,4,50,Wyllie Road,15037.0,7518.5,count,0.096,578.203,866.131,2556.632,38.133,0.014915,853.212,1.0,8,1764612.6,5905620.0
4250,2,0.045588,0.038,4,50,Wyllie Road,15037.0,7518.5,propagated,0.096,578.203,866.131,2556.632,44.054,0.017231,851.206,1.0,9,1764628.5,5905667.1
4251,5,0.11166,0.0931,4,50,Wyllie Road,14909.0,7454.5,propagated,0.096,573.281,858.758,2534.868,44.054,0.017379,843.833,1.0,9,1764654.0,5905727.1
4252,1,0.035436,0.0295,3,50,Station Road,19726.0,9863.0,propagated,0.096,758.504,1136.218,3353.87,81.325,0.024248,1108.667,1.0,16,1764691.0,5905760.6
4253,4,0.18035,0.1804,3,60,Roscommon Road,36174.0,18087.0,count,0.088904,1390.963,1929.608,5695.786,7.716,0.001355,1926.994,1.0,2,1765679.9,5901321.8
4254,1,0.01721,0.0172,3,60,Browns Road,17139.0,8569.5,propagated,0.096,659.029,987.206,2914.019,7.716,0.002648,984.592,1.0,2,1765653.3,5901406.7
4255,5,0.39193199999999995,0.3266,4,50,Huia Road,7506.0,3753.0,count,0.096,288.621,432.346,1276.192,5.735,0.004494,430.403,1.0,1,1747256.3,5910526.2
4256,1,0.00588,0.0049,3,50,Scenic Drive,6870.0,3435.0,propagated,0.096,264.165,395.712,1168.056,12.707,0.010879,391.407,1.0,2,1747294.7,5910683.9
4257,2,0.062388,0.052,3,50,Mount Wellington Highway,15988.0,7994.0,propagated,0.096,614.771,920.909,2718.325,5.26,0.001935,919.127,1.0,1,1764418.6,5914870.4
4258,6,0.24275999999999998,0.2023,3,50,Mays Road,5395.0,2697.5,count,0.096,207.449,310.752,917.273,19.812,0.021599,304.04,1.0,3,1760479.1,5912607.7
4259,5,0.23338799999999998,0.1945,3,50,Mays Road,6188.0,3094.0,count,0.096,237.941,356.429,1052.101,19.812,0.018831,349.717,1.0,3,1760575.5,5912435.7
4260,1,0.091956,0.0766,4,50,Porchester Road,12908.0,6454.0,propagated,0.092346,496.338,715.201,2111.119,4.482,0.002123,713.683,1.0,1,1771932.0,5898466.5
4261,3,0.21389999999999998,0.1782,4,50,Porchester Road,11582.0,5791.0,count,0.096,445.351,667.123,1969.203,4.482,0.002276,665.605,1.0,1,1771888.3,5898586.2
4262,1,0.067368,0.0561,4,50,Porchester Road,7764.0,3882.0,propagated,0.096,298.541,447.206,1320.056,4.482,0.003395,445.688,1.0,1,1771848.3,5898696.3
4263,3,0.413232,0.3444,4,50,Porchester Road,7764.0,3882.0,count,0.096,298.541,447.206,1320.056,9.353,0.007085,444.037,1.0,2,1771775.4,5898882.6
4264,1,0.015323999999999999,0.0128,4,50,Porchester Road,7764.0,3882.0,propagated,0.096,298.541,447.206,1320.056,15.227,0.011535,442.047,1.0,3,1771708.6,5899043.8
4265,3,0.313032,0.2609,4,50,Airfield Road,4603.0,2301.5,count,0.096,176.995,265.133,782.615,15.227,0.019457,259.974,1.0,3,1771581.7,5899005.2
4266,2,0.016079999999999997,0.0134,4,50,Portage Road,10211.0,5105.5,propagated,0.096,392.633,588.154,1736.104,4.709,0.002712,586.559,1.0,1,1750593.3,5912347.2
4267,1,0.10479599999999999,0.0873,4,50,Panama Road,11334.0,5667.0,propagated,0.096,435.815,652.838,1927.037,6.255,0.003246,650.719,1.0,1,1764280.8,5911599.5
4268,2,0.13056,0.1088,4,50,Panama Road,11161.0,5580.5,count,0.096,429.163,642.874,1897.625,12.253,0.006457,638.723,1.0,2,1764376.9,5911619.0
4269,3,0.101052,0.0842,4,50,Panama Road,10638.0,5319.0,count,0.096,409.052,612.749,1808.703,12.253,0.006774,608.598,1.0,2,1764471.9,5911637.1
4270,1,0.011715,0.0156,4,80,Accent Drive,15268.0,7634.0,propagated,0.105777,587.085,969.002,2860.285,6.072,0.002123,966.945,1.0,1,1769634.9,5908514.6
4271,1,0.00872,0.0087,4,60,Accent Drive,15268.0,7634.0,propagated,0.105777,587.085,969.002,2860.285,6.072,0.002123,966.945,1.0,1,1769634.6,5908508.5
4272,1,0.011349999999999999,0.0113,4,60,Accent Drive,15103.0,7551.5,propagated,0.096,580.741,869.933,2567.854,6.072,0.002365,867.876,1.0,1,1769624.9,5908510.9
4273,1,0.007687500000000001,0.0102,2,80,Te Irirangi Drive,30206.0,15103.0,propagated,0.07568,1161.481,1371.594,4048.649,8.026,0.001982,1368.875,1.0,2,1769618.1,5908507.7
4274,1,0.0207,0.0207,4,60,Accent Drive,15268.0,7634.0,propagated,0.105777,587.085,969.002,2860.285,8.026,0.002806,966.283,1.0,2,1769606.9,5908505.0
4275,3,0.07100250000000001,0.0947,2,80,Te Irirangi Drive,26798.0,13399.0,propagated,0.105381,1030.437,1694.4,5001.503,12.657,0.002531,1690.112,1.0,3,1769585.5,5908461.3
4276,1,0.01188,0.0158,2,80,Te Irirangi Drive,26798.0,13399.0,propagated,0.105381,1030.437,1694.4,5001.503,18.382,0.003675,1688.173,1.0,4,1769572.9,5908407.1
4277,1,0.042555,0.0567,2,80,Te Irirangi Drive,30528.0,15264.0,propagated,0.096,1173.863,1758.413,5190.456,24.107,0.004644,1750.246,1.0,5,1769564.6,5908371.7
4278,16,0.4997325,0.6663,2,80,Te Irirangi Drive,30528.0,15264.0,count,0.096,1173.863,1758.413,5190.456,30.28,0.005834,1748.155,1.0,6,1769461.4,5908025.5
4279,2,0.07767750000000001,0.1036,2,80,Te Irirangi Drive,31364.0,15682.0,propagated,0.096,1206.009,1806.566,5332.593,30.28,0.005678,1796.308,1.0,6,1769360.5,5907654.4
4280,4,0.08532000000000001,0.1138,2,80,Te Irirangi Drive,31364.0,15682.0,propagated,0.096,1206.009,1806.566,5332.593,35.953,0.006742,1794.386,1.0,7,1769331.4,5907549.7
4281,2,0.0496,0.0496,3,60,Ormiston Road,27500.0,13750.0,propagated,0.096,1057.43,1584.0,4675.626,35.953,0.007689,1571.82,1.0,7,1769297.4,5907482.8
4282,2,0.062004,0.0517,4,50,Apollo Drive,10308.0,5154.0,propagated,0.096,396.363,593.741,1752.595,18.093,0.010324,587.611,1.0,3,1754203.8,5932978.1
4283,1,0.009228,0.0077,4,50,Apollo Drive,10308.0,5154.0,propagated,0.096,396.363,593.741,1752.595,24.851,0.01418,585.322,1.0,4,1754207.1,5933008.0
4284,5,0.062243999999999994,0.0519,4,50,Apollo Drive,10308.0,5154.0,propagated,0.096,396.363,593.741,1752.595,31.609,0.018036,583.033,1.0,5,1754210.0,5933037.4
4285,3,0.0654,0.0545,4,50,Apollo Drive,10308.0,5154.0,propagated,0.096,396.363,593.741,1752.595,38.074,0.021724,580.842,1.0,6,1754215.4,5933089.9
4286,8,0.38298,0.3192,4,50,Greenhithe Road,5788.0,2894.0,propagated,0.096,222.56,333.389,984.092,3.425,0.00348,332.229,1.0,1,1749093.9,5928732.6
4287,3,0.201744,0.1681,4,50,Greenhithe Road,5788.0,2894.0,count,0.096,222.56,333.389,984.092,7.16,0.007276,330.963,1.0,2,1749267.9,5928866.9
4288,8,0.165204,0.1377,4,50,Greenhithe Road,6068.0,3034.0,count,0.096,233.327,349.517,1031.699,7.16,0.00694,347.091,1.0,2,1749415.4,5928882.9
4289,3,0.09140399999999999,0.0762,4,50,Greenhithe Road,6628.0,3314.0,propagated,0.16732,254.86,665.398,1964.111,7.16,0.003645,662.972,1.0,2,1749484.0,5928964.2
4290,1,0.010275,0.0055,4,32,Greenhithe Road,6628.0,3314.0,propagated,0.16732,254.86,665.398,1964.111,7.16,0.003645,662.972,1.0,2,1749509.7,5928995.0
4291,2,0.026454545454545456,0.0146,4,33,Greenhithe Road,6628.0,3314.0,propagated,0.16732,254.86,665.398,1964.111,7.16,0.003645,662.972,1.0,2,1749517.9,5929000.1
4292,5,0.23359199999999997,0.1947,4,50,Greenhithe Road,6628.0,3314.0,propagated,0.16732,254.86,665.398,1964.111,7.16,0.003645,662.972,1.0,2,1749618.5,5929018.8
4293,6,0.378444,0.3154,4,50,Greenhithe Road,4186.0,2093.0,count,0.167224,160.96,420.0,1239.749,7.16,0.005775,417.574,1.0,2,1749869.4,5929066.3
4294,1,0.0069454545454545455,0.0038,4,33,Greenhithe Road,4186.0,2093.0,propagated,0.167224,160.96,420.0,1239.749,7.16,0.005775,417.574,1.0,2,1750025.4,5929088.9
4295,1,0.02263125,0.0121,4,32,Greenhithe Road,4186.0,2093.0,propagated,0.167224,160.96,420.0,1239.749,7.16,0.005775,417.574,1.0,2,1750032.7,5929087.2
4296,1,0.008748387096774193,0.0045,4,31,Greenhithe Road,4186.0,2093.0,propagated,0.167224,160.96,420.0,1239.749,7.16,0.005775,417.574,1.0,2,1750039.8,5929091.0
4297,1,0.029592,0.0247,4,50,Apollo Drive,13874.0,6937.0,propagated,0.096,533.483,799.142,2358.895,3.353,0.001421,798.006,1.0,1,1754436.0,5932207.7
4298,1,0.089628,0.0747,4,50,Portage Road,3562.0,1781.0,count,0.096,136.966,205.171,605.621,3.399,0.005612,204.019,1.0,1,1762881.9,5905620.3
4299,2,0.042443999999999996,0.0354,4,50,Portage Road,3562.0,1781.0,propagated,0.096,136.966,205.171,605.621,6.797,0.011223,202.868,1.0,2,1762844.4,5905579.9
4300,3,0.5778719999999999,0.9631,0,100,Southwestern Motorway,71884.0,35942.0,propagated,0.096,2764.084,4140.518,12221.916,6.797,0.000556,4138.215,1.0,2,1762494.1,5905914.2
4301,5,0.51051,0.8508,0,100,Southwestern Motorway,48734.0,24367.0,count,0.096,1873.92,2807.078,8285.888,6.797,0.00082,2804.775,1.0,2,1761798.8,5906496.4
4302,3,0.237168,0.1976,4,50,Church Street,11086.0,5543.0,count,0.096,426.279,638.554,1884.874,8.95,0.004748,635.522,1.0,2,1759727.4,5912251.9
4303,3,0.276852,0.2307,4,50,Church Street,11589.0,5794.5,count,0.096,445.62,667.526,1970.393,12.944,0.006569,663.141,1.0,3,1759940.6,5912273.4
4304,7,0.28471199999999997,0.2373,4,50,Church Street,10883.0,5441.5,count,0.096,418.473,626.861,1850.358,12.944,0.006995,622.476,1.0,3,1760173.3,5912299.2
4305,4,0.074604,0.0622,4,50,Church Street,9580.0,4790.0,propagated,0.096,368.37,551.808,1628.818,12.944,0.007947,547.423,1.0,3,1760322.0,5912316.4
4306,2,0.047004,0.0392,3,50,Portage Road,16477.0,8238.5,count,0.087334,633.574,863.401,2548.573,9.951,0.003905,860.03,1.0,2,1763551.2,5906417.4
4307,1,0.007115999999999999,0.0059,3,50,Portage Road,16477.0,8238.5,propagated,0.087334,633.574,863.401,2548.573,15.227,0.005975,858.242,1.0,3,1763573.1,5906413.3
4308,2,0.163416,0.1362,3,50,Portage Road,17184.0,8592.0,count,0.096,660.759,989.798,2921.67,20.503,0.007018,982.852,1.0,4,1763639.8,5906438.0
4309,2,0.132552,0.1105,3,50,Portage Road,16497.0,8248.5,count,0.085713,634.343,848.404,2504.306,20.503,0.008187,841.458,1.0,4,1763742.3,5906503.2
4310,3,0.07114799999999999,0.0593,3,50,Portage Road,17579.0,8789.5,count,0.083111,675.948,876.605,2587.549,20.503,0.007924,869.659,1.0,4,1763805.2,5906557.1
4311,2,0.039792,0.0332,3,50,Station Road,23262.0,11631.0,propagated,0.08142,894.47,1136.395,3354.393,20.503,0.006112,1129.449,1.0,4,1763847.9,5906556.2
4312,4,0.348396,0.2903,3,50,Station Road,23262.0,11631.0,count,0.08142,894.47,1136.395,3354.393,25.191,0.00751,1127.861,1.0,5,1763973.4,5906455.2
4313,4,0.49040399999999995,0.4087,3,50,Station Road,24614.0,12307.0,count,0.082392,946.458,1216.798,3591.725,25.191,0.007014,1208.264,1.0,5,1764239.1,5906228.4
4314,2,0.030107999999999996,0.0251,3,50,Station Road,22021.0,11010.5,propagated,0.086281,846.751,1139.996,3365.022,31.226,0.00928,1129.417,1.0,6,1764403.9,5906087.2
4315,5,0.270456,0.2254,3,50,Station Road,22021.0,11010.5,count,0.086281,846.751,1139.996,3365.022,37.271,0.011076,1127.369,1.0,7,1764499.9,5906006.4
4316,6,0.22779600000000003,0.1898,3,50,Station Road,19726.0,9863.0,count,0.096,758.504,1136.218,3353.87,37.271,0.011113,1123.591,1.0,7,1764626.1,5905845.4
4317,3,0.135048,0.1125,4,50,Tidal Road,10083.0,5041.5,propagated,0.120698,387.712,730.199,2155.39,4.169,0.001934,728.787,1.0,1,1761806.2,5906240.9
4318,6,0.21035999999999996,0.1753,4,50,Tidal Road,4897.0,2448.5,propagated,0.096,188.299,282.067,832.601,4.169,0.005007,280.655,1.0,1,1761706.1,5906343.7
4319,2,0.04284,0.0428,4,60,Tidal Road,4897.0,2448.5,count,0.096,188.299,282.067,832.601,4.169,0.005007,280.655,1.0,1,1761630.5,5906421.7
4320,3,0.05738,0.0574,3,60,Massey Road,25232.0,12616.0,propagated,0.096,970.221,1453.363,4290.014,10.476,0.002442,1449.814,1.0,3,1761635.9,5906457.4
4321,4,0.091584,0.0763,3,50,Massey Road,25232.0,12616.0,propagated,0.096,970.221,1453.363,4290.014,10.476,0.002442,1449.814,1.0,3,1761678.2,5906507.2
4322,1,0.043283999999999996,0.0361,2,50,Entry 7 Massey Road,13644.0,6822.0,count,0.096,524.639,785.894,2319.789,10.476,0.004516,782.345,1.0,3,1761690.9,5906545.5
4323,3,0.17513399999999998,0.2919,2,100,Entry 7 Massey Road,13644.0,6822.0,propagated,0.096,524.639,785.894,2319.789,10.476,0.004516,782.345,1.0,3,1761564.2,5906649.2
4324,1,0.06495000000000001,0.065,4,60,Lambie Drive,25244.0,12622.0,propagated,0.088259,970.682,1336.806,3945.963,37.745,0.009565,1324.019,1.0,4,1766941.6,5903760.7
4325,3,0.13003,0.13,3,60,East Tamaki Road,23488.0,11744.0,propagated,0.108992,903.161,1536.002,4533.946,6.149,0.001356,1533.919,1.0,1,1767790.6,5907736.1
4326,3,0.17688,0.1769,3,60,East Tamaki Road,36306.0,18153.0,propagated,0.089131,1396.038,1941.594,5731.166,11.547,0.002015,1937.682,1.0,2,1767642.3,5907695.8
4327,2,0.04600799999999999,0.0383,3,50,Hollyford Drive,26014.0,13007.0,propagated,0.076382,1000.29,1192.201,3519.12,7.635,0.00217,1189.614,1.0,1,1768797.2,5904899.3
4328,4,0.071712,0.0598,3,50,Hollyford Drive,26014.0,13007.0,propagated,0.076382,1000.29,1192.201,3519.12,15.046,0.004276,1187.104,1.0,2,1768789.9,5904947.7
4329,2,0.054360000000000006,0.0453,3,50,Hollyford Drive,21569.0,10784.5,propagated,0.073114,829.371,946.198,2792.972,15.046,0.005387,941.101,1.0,2,1768777.6,5904998.8
4330,5,0.115896,0.0966,4,50,View Road,3279.0,1639.5,propagated,0.096,126.084,188.87,557.503,5.009,0.008985,187.173,1.0,1,1746013.3,5915967.9
4331,7,0.23481599999999997,0.1957,4,50,View Road,9955.0,4977.5,count,0.096,382.79,573.408,1692.577,5.009,0.002959,571.711,1.0,1,1745967.9,5916106.9
4332,3,0.098772,0.0823,4,50,View Road,10115.0,5057.5,propagated,0.096,388.942,582.624,1719.78,5.009,0.002913,580.927,1.0,1,1745911.8,5916229.5
4333,1,0.0067079999999999996,0.0056,4,50,View Road,10115.0,5057.5,propagated,0.096,388.942,582.624,1719.78,10.392,0.006043,579.103,1.0,2,1745878.7,5916258.2
4334,1,0.152844,0.1274,4,50,View Road,9789.0,4894.5,propagated,0.096,376.407,563.846,1664.352,10.392,0.006244,560.325,1.0,2,1745824.5,5916296.7
4335,9,0.24497999999999998,0.2041,4,50,View Road,9789.0,4894.5,count,0.096,376.407,563.846,1664.352,15.823,0.009507,558.486,1.0,3,1745680.9,5916376.4
4336,1,0.22043999999999997,0.1837,3,50,Green Lane W,20611.0,10305.5,propagated,0.096,792.534,1187.194,3504.34,5.068,0.001446,1185.477,1.0,1,1757647.6,5915628.4
4337,1,0.014568,0.0121,4,50,The Drive,10041.0,5020.5,propagated,0.099592,386.097,600.002,1771.076,5.068,0.002862,598.285,1.0,1,1757726.8,5915585.6
4338,2,0.04832399999999999,0.0403,4,50,The Drive,10041.0,5020.5,count,0.099592,386.097,600.002,1771.076,17.165,0.009692,594.187,1.0,4,1757734.2,5915610.4
4339,3,0.085812,0.0715,4,50,The Drive,10041.0,5020.5,propagated,0.099592,386.097,600.002,1771.076,21.824,0.012322,592.609,1.0,5,1757749.5,5915664.4
4340,7,0.29585999999999996,0.2466,4,50,The Drive,9260.0,4630.0,count,0.096,356.066,533.376,1574.411,21.824,0.013862,525.983,1.0,5,1757792.3,5915817.7
4341,3,0.120276,0.1002,4,50,King George Avenue,8612.0,4306.0,count,0.096,331.149,496.051,1464.236,21.824,0.014905,488.658,1.0,5,1757784.7,5915968.1
4342,1,0.06394799999999999,0.0533,4,50,Gillies Avenue,15987.0,7993.5,propagated,0.096,614.732,920.851,2718.153,21.824,0.008029,913.458,1.0,5,1757749.1,5916020.7
4343,6,0.14521199999999998,0.121,4,50,Gillies Avenue,15987.0,7993.5,count,0.096,614.732,920.851,2718.153,26.448,0.00973,911.891,1.0,6,1757771.7,5916104.9
4344,4,0.221796,0.1848,4,50,Gillies Avenue,14697.0,7348.5,count,0.096,565.129,846.547,2498.824,26.448,0.010584,837.587,1.0,6,1757807.8,5916251.7
4345,3,0.144864,0.1207,4,50,Gillies Avenue,14755.0,7377.5,count,0.104778,567.359,927.6,2738.075,26.448,0.009659,918.64,1.0,6,1757805.1,5916402.9
4346,1,0.004548,0.0038,4,50,Gillies Avenue,14755.0,7377.5,propagated,0.104778,567.359,927.6,2738.075,29.734,0.010859,917.527,1.0,7,1757821.0,5916463.3
4347,1,0.0052320000000000005,0.0044,4,50,Wiseley Road,2724.0,1362.0,propagated,0.096,104.743,156.902,463.141,9.74,0.02103,153.602,1.0,2,1746342.7,5924951.8
4348,7,0.328212,0.2735,4,50,Mahia Road,10081.0,5040.5,count,0.096,387.635,580.666,1714.001,12.141,0.007083,576.553,1.0,3,1768405.7,5899381.1
4349,1,0.12823199999999998,0.1069,4,50,Mahia Road,10081.0,5040.5,propagated,0.096,387.635,580.666,1714.001,15.606,0.009105,575.379,1.0,4,1768572.3,5899445.9
4350,3,0.299508,0.2496,4,50,Mahia Road,21529.0,10764.5,count,0.096,827.833,1240.07,3660.419,15.606,0.004263,1234.783,1.0,4,1768739.4,5899508.2
4351,12,0.412788,0.344,3,50,Riddell Road,1878.0,939.0,count,0.101704,72.213,114.6,338.274,3.285,0.009711,113.487,1.0,1,1767669.1,5919375.6
4352,4,0.138648,0.1155,3,50,Riddell Road,1878.0,939.0,propagated,0.101704,72.213,114.6,338.274,6.636,0.019617,112.352,1.0,2,1767669.2,5919145.6
4353,7,0.394536,0.3288,3,50,Riddell Road,2096.0,1048.0,count,0.105916,80.595,133.2,393.178,6.636,0.016878,130.952,1.0,2,1767605.7,5918940.2
4354,3,0.26178,0.2182,3,50,Riddell Road,3078.0,1539.0,count,0.109487,118.355,202.201,596.854,6.636,0.011118,199.953,1.0,2,1767493.6,5918737.6
4355,1,0.07678199999999999,0.128,3,100,Entry 417 Tristram Avenue,16062.0,8031.0,propagated,0.096,617.616,925.171,2730.905,8.245,0.003019,922.378,1.0,1,1755458.5,5929110.1
4356,2,0.032591999999999996,0.0272,4,50,Metcalfe Road,5068.0,2534.0,propagated,0.096,194.875,291.917,861.676,10.223,0.011864,288.454,1.0,3,1743117.5,5918554.1
4357,1,0.012528,0.0104,3,50,Hillsborough Road,16194.0,8097.0,propagated,0.096,622.692,932.774,2753.348,6.874,0.002497,930.445,1.0,1,1756992.3,5913731.2
4358,2,0.095328,0.0794,3,50,Church Crescent,15856.0,7928.0,propagated,0.096,609.695,913.306,2695.882,15.136,0.005614,908.178,1.0,2,1765441.2,5914424.7
4359,2,0.013068,0.0109,3,50,Queens Road,26942.0,13471.0,propagated,0.096,1035.974,1551.859,4580.753,15.136,0.003304,1546.731,1.0,2,1765444.4,5914466.9
4360,1,0.010535999999999998,0.0088,3,50,Queens Road,26942.0,13471.0,propagated,0.096,1035.974,1551.859,4580.753,22.693,0.004954,1544.171,1.0,3,1765445.0,5914476.7
4361,1,0.061211999999999996,0.051,4,50,View Road,6683.0,3341.5,propagated,0.096,256.975,384.941,1136.263,2.63,0.002315,384.05,1.0,1,1746335.2,5915668.2
4362,7,0.252996,0.2108,4,50,View Road,8880.0,4440.0,count,0.096,341.454,511.488,1509.802,2.63,0.001742,510.597,1.0,1,1746463.9,5915644.1
4363,4,0.5146919999999999,0.4289,1,50,Great North Road,17916.0,8958.0,count,0.096,688.906,1031.962,3046.129,2.63,0.000863,1031.071,1.0,1,1746559.6,5915840.3
4364,13,0.49433999999999995,0.4119,1,50,Great North Road,27919.0,13959.5,count,0.096,1073.541,1608.134,4746.865,2.63,0.000554,1607.243,1.0,1,1746536.7,5916260.0
4365,1,0.032136,0.0268,1,50,Great North Road,27919.0,13959.5,propagated,0.096,1073.541,1608.134,4746.865,3.938,0.00083,1606.8,1.0,2,1746533.6,5916477.7
4366,2,0.010548,0.0088,1,50,19,25072.0,12536.0,default,0.096,964.069,1444.147,4262.81,5.246,0.001231,1442.37,1.0,3,1746538.2,5916493.6
4367,4,0.062844,0.0524,4,50,Te Atatu Road,15959.0,7979.5,propagated,0.096,613.655,919.238,2713.392,5.246,0.001933,917.461,1.0,3,1746558.1,5916516.4
4368,5,0.12251999999999999,0.1021,3,50,Wairau Road,28687.0,14343.5,propagated,0.096,1103.073,1652.371,4877.443,6.692,0.001372,1650.104,1.0,1,1755069.9,5929170.7
4369,3,0.063108,0.0526,3,50,Wairau Road,28687.0,14343.5,propagated,0.096,1103.073,1652.371,4877.443,14.179,0.002907,1647.567,1.0,2,1755124.1,5929115.6
4370,2,0.038532,0.0321,3,50,Wairau Road,28687.0,14343.5,propagated,0.096,1103.073,1652.371,4877.443,22.054,0.004522,1644.9,1.0,3,1755159.6,5929093.2
4371,2,0.057575999999999995,0.048,4,50,Te Atatu Road,26108.0,13054.0,propagated,0.091926,1003.905,1440.002,4250.575,6.115,0.001439,1437.93,1.0,1,1747239.8,5919887.5
4372,1,0.045144,0.0376,4,50,Te Atatu Road,26108.0,13054.0,propagated,0.091926,1003.905,1440.002,4250.575,12.762,0.003002,1435.679,1.0,2,1747251.8,5919846.2
4373,1,0.006659999999999999,0.0056,3,50,Alfriston Road,16618.0,8309.0,propagated,0.096,638.995,957.197,2825.439,7.894,0.002794,954.523,1.0,1,1770928.7,5901632.4
4374,2,0.019596,0.0163,3,50,Balmoral Road,22382.0,11191.0,propagated,0.096,860.633,1289.203,3805.449,5.472,0.001438,1287.349,1.0,1,1756497.1,5916004.2
4375,2,0.18741599999999997,0.1562,3,50,Balmoral Road,22382.0,11191.0,count,0.096,860.633,1289.203,3805.449,11.241,0.002954,1285.395,1.0,2,1756580.1,5915980.2
4376,1,0.048743999999999996,0.0406,3,50,Balmoral Road,22024.0,11012.0,propagated,0.096,846.867,1268.582,3744.58,11.241,0.003002,1264.774,1.0,2,1756674.2,5915951.7
4377,4,0.16544399999999998,0.1379,3,50,Balmoral Road,22024.0,11012.0,propagated,0.096,846.867,1268.582,3744.58,17.408,0.004649,1262.685,1.0,3,1756758.5,5915928.3
4378,3,0.16422,0.1368,4,50,Gladstone Road,5580.0,2790.0,propagated,0.112366,214.562,376.201,1110.464,9.886,0.008903,372.852,1.0,3,1759214.7,5920330.7
4379,1,0.050436,0.042,4,50,Gladstone Road,5580.0,2790.0,propagated,0.112366,214.562,376.201,1110.464,12.388,0.011156,372.004,1.0,4,1759194.7,5920413.8
4380,4,0.24964799999999998,0.208,4,50,Gladstone Road,5580.0,2790.0,count,0.112366,214.562,376.201,1110.464,14.667,0.013208,371.232,1.0,5,1759072.0,5920420.1
4381,2,0.035688,0.0297,4,50,Neilson Street,24778.0,12389.0,propagated,0.096,952.764,1427.213,4212.825,4.816,0.001143,1425.581,1.0,1,1759648.5,5911801.4
4382,3,0.03624,0.0302,1,50,Great North Road,28006.0,14003.0,propagated,0.096,1076.887,1613.146,4761.659,4.988,0.001048,1611.456,1.0,3,1748241.1,5914011.8
4383,5,0.535425,0.7139,3,80,Trig Road,3336.0,1668.0,count,0.096,128.276,192.154,567.197,3.188,0.005621,191.074,1.0,2,1744628.5,5925956.4
4384,1,0.034417500000000004,0.0459,3,80,Trig Road,4122.0,2061.0,propagated,0.096,158.499,237.427,700.833,3.188,0.004549,236.347,1.0,2,1744445.6,5925632.8
4385,1,0.234624,0.1955,3,50,Preston Road,8356.0,4178.0,propagated,0.096,321.305,481.306,1420.711,13.211,0.009299,476.83,1.0,2,1767841.8,5906520.2
4386,4,0.080268,0.0669,3,50,Preston Road,13266.0,6633.0,propagated,0.099427,510.104,791.399,2336.039,20.36,0.008716,784.501,1.0,3,1767810.1,5906392.6
4387,5,0.10836,0.0903,3,50,Beach Road,6132.0,3066.0,count,0.096,235.788,353.203,1042.579,13.875,0.013308,348.502,1.0,4,1756067.2,5934037.8
4388,2,0.08796,0.0733,3,50,Beach Road,6132.0,3066.0,propagated,0.096,235.788,353.203,1042.579,20.316,0.019486,346.32,1.0,6,1755986.4,5934035.6
4389,8,0.637464,0.5312,3,50,Beach Road,6162.0,3081.0,count,0.142811,236.941,528.001,1558.545,20.316,0.013035,521.118,1.0,6,1755689.0,5934088.0
4390,1,0.029316,0.0244,3,50,Beach Road,19384.0,9692.0,propagated,0.097606,745.354,1135.197,3350.857,20.316,0.006063,1128.314,1.0,6,1755423.7,5934068.6
4391,1,0.014352,0.012,3,50,Beach Road,19384.0,9692.0,propagated,0.097606,745.354,1135.197,3350.857,26.362,0.007867,1126.266,1.0,7,1755408.5,5934078.3
4392,1,0.039264,0.0327,3,50,Browns Bay Road,15304.0,7652.0,propagated,0.096,588.469,881.51,2602.027,26.362,0.010131,872.579,1.0,7,1755387.8,5934083.6
4393,1,0.014196,0.0118,3,50,Browns Bay Road,15304.0,7652.0,propagated,0.096,588.469,881.51,2602.027,32.43,0.012463,870.523,1.0,8,1755368.4,5934073.7
4394,6,0.29584799999999994,0.2465,3,50,New North Road,11169.0,5584.5,count,0.096,429.47,643.334,1898.983,29.998,0.015797,633.171,1.0,5,1754251.0,5917404.9
4395,1,0.01038,0.0086,2,50,Apirana Avenue,17344.0,8672.0,propagated,0.096,666.911,999.014,2948.874,10.528,0.00357,995.447,1.0,3,1765330.8,5916790.1
4396,11,0.19938,0.1662,2,50,Apirana Avenue,18287.0,9143.5,propagated,0.096,703.172,1053.331,3109.206,10.528,0.003386,1049.764,1.0,3,1765299.9,5916872.0
4397,6,0.151944,0.1266,2,50,Apirana Avenue,18287.0,9143.5,count,0.096,703.172,1053.331,3109.206,14.463,0.004652,1048.431,1.0,4,1765269.3,5917015.4
4398,3,0.0351,0.0292,2,50,Apirana Avenue,16866.0,8433.0,propagated,0.096,648.531,971.482,2867.605,18.132,0.006323,965.339,1.0,5,1765250.7,5917088.9
4399,3,0.03208,0.0321,2,60,Piwakawaka Street,28612.0,14306.0,default,0.096,1100.189,1648.051,4864.691,18.207,0.003743,1641.883,1.0,3,1756454.9,5918833.2
4400,3,0.06767000000000001,0.0677,3,60,Mill Road,15914.0,7957.0,propagated,0.096,611.925,916.646,2705.741,3.895,0.00144,915.326,1.0,1,1772118.4,5902593.7
4401,2,0.11603,0.116,3,60,Mill Road,15914.0,7957.0,propagated,0.096,611.925,916.646,2705.741,7.861,0.002905,913.983,1.0,2,1772155.9,5902511.1
4402,2,0.24158,0.2416,3,60,Mill Road,12014.0,6007.0,propagated,0.110122,461.962,793.803,2343.135,7.861,0.003355,791.14,1.0,2,1772171.6,5902333.0
4403,1,0.01294,0.0129,3,60,Mill Road,12014.0,6007.0,propagated,0.110122,461.962,793.803,2343.135,13.177,0.005624,789.339,1.0,3,1772185.1,5902206.9
4404,12,0.95955,0.9595,4,60,Ranfurly Road,3610.0,1805.0,count,0.096,138.812,207.936,613.782,18.072,0.029444,201.814,1.0,4,1771743.6,5902016.6
4405,8,0.42233999999999994,0.4223,4,60,Ranfurly Road,5028.0,2514.0,count,0.108194,193.337,326.4,963.462,18.072,0.018757,320.278,1.0,4,1771104.9,5901752.4
4406,1,0.020593548387096778,0.0106,3,31,Alfriston Road,16618.0,8309.0,propagated,0.096,638.995,957.197,2825.439,18.072,0.006396,951.075,1.0,4,1770905.9,5901673.4
4407,1,0.025727272727272727,0.0142,3,33,Alfriston Road,16618.0,8309.0,propagated,0.096,638.995,957.197,2825.439,34.415,0.01218,945.538,1.0,6,1770893.7,5901673.1
4408,1,0.019238709677419356,0.0099,3,31,Alfriston Road,16618.0,8309.0,propagated,0.096,638.995,957.197,2825.439,50.758,0.017965,940.001,1.0,8,1770885.8,5901664.6
4409,1,0.044435999999999996,0.037,3,50,Alfriston Road,16618.0,8309.0,propagated,0.096,638.995,957.197,2825.439,50.758,0.017965,940.001,1.0,8,1770868.1,5901650.9
4410,11,0.49514400000000003,0.4126,4,50,Orakei Road,10615.0,5307.5,count,0.096,408.168,611.424,1804.792,4.268,0.002365,609.978,1.0,1,1760949.5,5918211.6
4411,1,0.033816,0.0282,4,50,Shore Road,16143.0,8071.5,propagated,0.096,620.731,929.837,2744.678,4.268,0.001555,928.391,1.0,1,1761063.6,5918386.3
4412,3,0.047892000000000004,0.0399,4,50,King Edward Parade,10668.0,5334.0,propagated,0.096,410.206,614.477,1813.803,9.005,0.004965,611.426,1.0,2,1760412.1,5922310.8
4413,4,0.16428,0.1369,4,50,King Edward Parade,10668.0,5334.0,propagated,0.096,410.206,614.477,1813.803,17.884,0.00986,608.418,1.0,4,1760325.3,5922294.9
4414,1,0.006815999999999999,0.0057,4,50,Anzac Street,16027.0,8013.5,propagated,0.096,616.27,923.155,2724.954,4.857,0.001782,921.51,1.0,1,1757515.6,5927000.7
4415,1,0.04318,0.0432,2,60,Albany Highway,28612.0,14306.0,default,0.096,1100.189,1648.051,4864.691,3.785,0.000778,1646.769,1.0,2,1752011.5,5930747.8
4416,2,0.05634,0.047,3,50,Upper Queen Street,9053.0,4526.5,count,0.096653,348.106,525.0,1549.687,24.209,0.015622,516.799,1.0,2,1756922.5,5919193.6
4417,3,0.05154,0.0258,3,30,Upper Queen Street,9053.0,4526.5,propagated,0.096653,348.106,525.0,1549.687,24.209,0.015622,516.799,1.0,2,1756936.7,5919226.9
4418,1,0.0878925,0.1172,0,80,Southern Motorway,157588.0,78794.0,count,0.096,6059.574,9077.069,26793.549,36.911,0.001378,9064.564,1.0,3,1756997.5,5919223.8
4419,3,0.268992,0.2242,3,50,Tripoli Road,13711.0,6855.5,count,0.096,527.215,789.754,2331.183,3.506,0.001504,788.566,1.0,1,1766046.3,5915468.0
4420,3,0.163872,0.1366,3,50,Tripoli Road,12705.0,6352.5,count,0.096,488.533,731.808,2160.139,3.506,0.001623,730.62,1.0,1,1766026.5,5915288.8
4421,1,0.054984,0.0458,3,50,Tripoli Road,12633.0,6316.5,propagated,0.096,485.764,727.661,2147.898,3.506,0.001632,726.473,1.0,1,1765997.0,5915202.7
4422,1,0.009048,0.0075,4,50,Lake Road,10182.0,5091.0,propagated,0.096,391.518,586.483,1731.171,10.613,0.006131,582.888,1.0,2,1755629.6,5925812.8
4423,5,0.182316,0.1519,4,50,Lake Road,10182.0,5091.0,propagated,0.096,391.518,586.483,1731.171,14.671,0.008475,581.513,1.0,3,1755618.6,5925733.8
4424,3,0.11297,0.113,3,60,Kirkbride Road,16684.0,8342.0,count,0.096,641.533,960.998,2836.659,6.364,0.002243,958.842,1.0,2,1759710.5,5906303.4
4425,3,0.09736,0.0974,3,60,Kirkbride Road,14182.0,7091.0,count,0.096,545.326,816.883,2411.262,6.364,0.002639,814.727,1.0,2,1759612.7,5906342.3
4426,2,0.04399,0.044,3,60,Kirkbride Road,15319.0,7659.5,count,0.096,589.046,882.374,2604.578,6.364,0.002443,880.218,1.0,2,1759547.1,5906368.0
4427,7,0.17497000000000001,0.175,3,60,Kirkbride Road,15319.0,7659.5,propagated,0.096,589.046,882.374,2604.578,12.134,0.004659,878.263,1.0,3,1759447.3,5906411.8
4428,1,0.01682,0.0168,3,60,Kirkbride Road,15319.0,7659.5,propagated,0.096,589.046,882.374,2604.578,18.916,0.007263,875.966,1.0,4,1759371.0,5906470.1
4429,2,0.022379999999999997,0.0224,3,60,Kirkbride Road,15319.0,7659.5,propagated,0.096,589.046,882.374,2604.578,25.629,0.00984,873.691,1.0,5,1759355.5,5906482.5
4430,6,0.12917,0.1292,3,60,Kirkbride Road,20808.0,10404.0,propagated,0.092993,800.109,1160.999,3427.019,25.629,0.007479,1152.316,1.0,5,1759300.5,5906532.5
4431,3,0.088668,0.0739,3,50,Carruth Road,17432.0,8716.0,propagated,0.081058,670.295,847.802,2502.529,6.52,0.002605,845.593,1.0,1,1766407.0,5905269.9
4432,9,0.446808,0.3723,2,50,Great South Road,20453.0,10226.5,count,0.080673,786.459,990.003,2922.275,1.463,0.000501,989.507,1.0,1,1766558.3,5905940.6
4433,6,0.34504799999999997,0.2875,2,50,Great South Road,16654.0,8327.0,count,0.096,640.38,959.27,2831.558,1.463,0.000517,958.774,1.0,1,1766274.5,5906108.9
4434,2,0.154704,0.1289,2,50,Great South Road,17924.0,8962.0,count,0.096,689.214,1032.422,3047.487,1.463,0.00048,1031.926,1.0,1,1766102.2,5906223.1
4435,2,0.12628799999999998,0.1052,2,50,Great South Road,18589.0,9294.5,count,0.096,714.784,1070.726,3160.552,1.463,0.000463,1070.23,1.0,1,1766033.4,5906317.7
4436,3,0.07838400000000001,0.0653,2,50,Great South Road,18589.0,9294.5,propagated,0.096,714.784,1070.726,3160.552,4.457,0.00141,1069.216,1.0,2,1765983.3,5906386.5
4437,4,0.184476,0.1537,4,50,Tui Road,6984.0,3492.0,count,0.096,268.549,402.278,1187.438,35.642,0.030016,390.203,1.0,8,1766027.7,5906455.6
4438,2,0.111768,0.0931,4,50,Tui Road,11900.0,5950.0,count,0.096,457.579,685.44,2023.271,35.642,0.017616,673.365,1.0,8,1766131.0,5906523.6
4439,7,0.48761999999999994,0.4064,4,50,Huia Road,10232.0,5116.0,count,0.096,393.441,589.363,1739.672,35.642,0.020488,577.288,1.0,8,1766215.0,5906750.4
4440,3,0.16416000000000003,0.1368,4,50,Huia Road,10814.0,5407.0,count,0.096,415.82,622.886,1838.625,35.642,0.019385,610.811,1.0,8,1766240.4,5907010.5
4441,2,0.10209599999999999,0.0851,4,50,Huia Road,10814.0,5407.0,propagated,0.096,415.82,622.886,1838.625,38.339,0.020852,609.898,1.0,9,1766182.9,5907105.0
4442,4,0.098652,0.0822,4,50,Huia Road,11799.0,5899.5,count,0.096,453.695,679.622,2006.097,38.339,0.019111,666.634,1.0,9,1766139.9,5907177.0
4443,2,0.11934,0.0994,4,50,Huia Road,11129.0,5564.5,count,0.096,427.932,641.03,1892.182,38.339,0.020262,628.042,1.0,9,1766093.2,5907255.2
4444,8,0.21771600000000002,0.1814,4,50,Seymour Road,11676.0,5838.0,count,0.096,448.966,672.538,1985.187,15.232,0.007673,667.378,1.0,3,1744989.2,5914495.4
4445,2,0.06024,0.0502,4,50,Main Highway,8801.0,4400.5,propagated,0.103852,338.416,548.401,1618.761,8.124,0.005019,545.649,1.0,1,1761489.8,5914798.0
4446,4,0.159636,0.133,4,50,Main Highway,12840.0,6420.0,propagated,0.096,493.724,739.584,2183.092,8.124,0.003721,736.832,1.0,1,1761573.9,5914761.7
4447,3,0.11952,0.0996,4,50,Main Highway,12840.0,6420.0,count,0.096,493.724,739.584,2183.092,14.629,0.006701,734.628,1.0,2,1761688.4,5914741.3
4448,1,0.010308,0.0086,4,50,Main Highway,12840.0,6420.0,propagated,0.096,493.724,739.584,2183.092,19.829,0.009083,732.866,1.0,3,1761741.2,5914730.4
4449,2,0.057347999999999996,0.0478,4,50,Main Highway,12840.0,6420.0,propagated,0.096,493.724,739.584,2183.092,24.829,0.011373,731.172,1.0,4,1761760.7,5914712.3
4450,5,0.148176,0.1235,2,50,Great South Road,19043.0,9521.5,propagated,0.096,732.241,1096.877,3237.744,1.548,0.000478,1096.353,1.0,1,1771836.8,5897407.8
4451,3,0.04746,0.0395,2,50,Great South Road,24173.0,12086.5,propagated,0.096,929.5,1392.365,4109.961,1.548,0.000377,1391.841,1.0,1,1771784.5,5897470.5
4452,18,0.401244,0.3344,4,50,Rosebank Road,19563.0,9781.5,propagated,0.101723,752.236,1194.004,3524.442,6.457,0.001832,1191.817,1.0,2,1749470.5,5916928.9
4453,6,0.20511600000000002,0.1709,4,50,Rosebank Road,23492.0,11746.0,propagated,0.097352,903.314,1372.196,4050.426,9.581,0.002365,1368.95,1.0,3,1749255.5,5917061.4
4454,2,0.086424,0.072,3,50,Beach Road,8284.0,4142.0,propagated,0.132424,318.536,658.2,1942.864,3.373,0.001736,657.057,1.0,1,1756472.5,5933532.4
4455,1,0.29358,0.2446,3,50,Beach Road,6256.0,3128.0,count,0.096,240.556,360.346,1063.664,6.746,0.006342,358.061,1.0,2,1756399.9,5933670.4
4456,5,0.327804,0.2732,3,50,Beach Road,4821.0,2410.5,count,0.148309,185.377,428.999,1266.312,6.746,0.005327,426.714,1.0,2,1756262.4,5933863.1
4457,7,0.12187200000000001,0.1016,3,50,Beach Road,6132.0,3066.0,propagated,0.096,235.788,353.203,1042.579,6.746,0.00647,350.918,1.0,2,1756171.5,5934021.7
4458,1,0.017244,0.0144,3,50,Beach Road,6132.0,3066.0,propagated,0.096,235.788,353.203,1042.579,10.311,0.00989,349.71,1.0,3,1756118.8,5934044.8
4459,3,0.1897725,0.253,2,80,Exit 431 Gillies Avenue,42506.0,21253.0,count,0.096,1634.441,2448.346,7226.989,16.437,0.002274,2442.778,1.0,3,1758011.4,5917989.5
4460,4,0.47988,0.3999,4,50,Pigeon Mountain Road,5287.0,2643.5,count,0.096,203.296,304.531,898.91,3.273,0.003641,303.422,1.0,1,1769344.4,5916076.2
4461,7,0.17103599999999997,0.1425,4,50,Pigeon Mountain Road,5701.0,2850.5,propagated,0.119277,219.215,407.999,1204.325,3.273,0.002718,406.89,1.0,1,1769335.2,5915820.6
4462,2,0.270084,0.2251,4,50,Pigeon Mountain Road,5701.0,2850.5,count,0.119277,219.215,407.999,1204.325,6.119,0.005081,405.926,1.0,2,1769393.2,5915646.8
4463,1,0.029783999999999998,0.0248,4,50,Pigeon Mountain Road,5993.0,2996.5,propagated,0.096,230.443,345.197,1018.947,6.119,0.006005,343.124,1.0,2,1769405.3,5915522.9
4464,7,0.5718,0.4765,4,50,Pigeon Mountain Road,5993.0,2996.5,count,0.096,230.443,345.197,1018.947,9.203,0.009032,342.079,1.0,3,1769349.0,5915279.0
4465,4,0.28914000000000006,0.241,4,50,Pigeon Mountain Road,5351.0,2675.5,count,0.133059,205.757,427.199,1260.999,9.203,0.007298,424.081,1.0,3,1769306.5,5914934.8
4466,3,0.08226,0.0686,4,50,Pigeon Mountain Road,3169.0,1584.5,count,0.154307,121.854,293.399,866.051,9.203,0.010626,290.281,1.0,3,1769389.1,5914803.9
4467,1,0.037092,0.0309,4,50,Pigeon Mountain Road,5094.0,2547.0,count,0.121908,195.874,372.6,1099.835,9.203,0.008368,369.482,1.0,3,1769415.9,5914761.8
4468,4,0.10967999999999999,0.0914,4,50,Pigeon Mountain Road,5094.0,2547.0,propagated,0.121908,195.874,372.6,1099.835,18.353,0.016687,366.382,1.0,4,1769448.8,5914710.4
4469,2,0.04632,0.0386,4,50,Pigeon Mountain Road,5094.0,2547.0,propagated,0.121908,195.874,372.6,1099.835,26.91,0.024467,363.483,1.0,5,1769482.5,5914655.1
4470,1,0.016932,0.0141,4,50,Manly Esplanade,10408.0,5204.0,default,0.096,400.208,599.501,1769.598,5.649,0.003192,597.587,1.0,1,1756255.1,5935546.7
4471,3,0.10814399999999999,0.0901,2,50,Khyber Pass Road,25450.0,12725.0,propagated,0.096,978.603,1465.92,4327.079,10.101,0.002334,1462.498,1.0,1,1757123.1,5918719.6
4472,3,0.14592,0.2432,3,100,Entry 14 Te Atatu Road,14512.0,7256.0,propagated,0.096,558.015,835.891,2467.37,5.994,0.002429,833.86,1.0,1,1747076.9,5919735.9
4473,1,0.077922,0.1299,3,100,Entry 14 Te Atatu Road,14512.0,7256.0,count,0.096,558.015,835.891,2467.37,12.819,0.005195,831.548,1.0,2,1747224.7,5919622.7
4474,3,0.11709,0.1952,3,100,Exit 443 Highbrook Drive,15768.0,7884.0,propagated,0.096,606.311,908.237,2680.92,7.869,0.002935,905.571,1.0,1,1765530.4,5908680.9
4475,2,0.057648000000000005,0.048,3,50,Exit 443 Highbrook Drive,15768.0,7884.0,propagated,0.096,606.311,908.237,2680.92,7.869,0.002935,905.571,1.0,1,1765468.2,5908784.9
4476,4,0.18379199999999998,0.3063,3,100,Entry 443 Highbrook Drive,11936.0,5968.0,propagated,0.096,458.963,687.514,2029.393,7.869,0.003878,684.848,1.0,1,1765426.1,5908950.3
4477,10,0.447276,0.3727,4,50,Forrest Hill Road,8445.0,4222.5,count,0.151569,324.727,768.0,2266.97,5.256,0.002319,766.219,1.0,1,1756089.0,5928590.6
4478,7,0.238284,0.1986,4,50,Rosebank Road,20249.0,10124.5,count,0.091363,778.615,1110.006,3276.498,3.227,0.000985,1108.913,1.0,1,1749867.1,5916685.1
4479,12,0.23856,0.1988,4,50,Rosebank Road,19563.0,9781.5,count,0.101723,752.236,1194.004,3524.442,3.227,0.000916,1192.911,1.0,1,1749698.1,5916789.7
4480,1,0.008928,0.0074,3,50,Redoubt Road,21335.0,10667.5,propagated,0.096,820.373,1228.896,3627.436,6.178,0.001703,1226.803,1.0,1,1767985.2,5904344.7
4481,5,0.34123200000000004,0.2844,2,50,George Bolt Memorial Drive,43628.0,21814.0,propagated,0.096,1677.584,2512.973,7417.754,3.525,0.000475,2511.779,1.0,2,1758953.8,5904323.5
4482,3,0.030851999999999997,0.0257,3,50,New North Road,16337.0,8168.5,propagated,0.098549,628.19,965.997,2851.415,6.51,0.002283,963.792,1.0,1,1756498.5,5918383.5
4483,1,0.013356,0.0111,3,50,New North Road,15098.0,7549.0,propagated,0.096,580.548,869.645,2567.004,6.51,0.002536,867.44,1.0,1,1756514.4,5918392.8
4484,1,0.040536,0.0338,3,50,New North Road,15098.0,7549.0,propagated,0.096,580.548,869.645,2567.004,13.724,0.005346,864.996,1.0,2,1756532.8,5918404.4
4485,2,0.08383199999999999,0.0699,3,50,Titirangi Road,15693.0,7846.5,count,0.096,603.427,903.917,2668.168,7.193,0.002696,901.48,1.0,1,1747370.0,5910701.5
4486,8,0.30845999999999996,0.257,3,50,Titirangi Road,11652.0,5826.0,count,0.096,448.043,671.155,1981.105,7.193,0.003631,668.718,1.0,1,1747523.2,5910758.0
4487,3,0.30498000000000003,0.2542,3,50,Titirangi Road,14663.0,7331.5,count,0.095342,563.822,838.8,2475.957,7.193,0.002905,836.363,1.0,1,1747687.1,5910902.5
4488,6,0.281724,0.2348,3,50,Titirangi Road,17600.0,8800.0,count,0.10875,676.755,1148.4,3389.829,7.193,0.002122,1145.963,1.0,1,1747785.5,5911123.6
4489,2,0.05692799999999999,0.0474,1,50,East Coast Road,22254.0,11127.0,propagated,0.096,855.711,1281.83,3783.686,3.212,0.000849,1280.742,1.0,1,1754824.4,5933239.5
4490,2,0.028115999999999995,0.0234,1,50,East Coast Road,22254.0,11127.0,propagated,0.096,855.711,1281.83,3783.686,6.425,0.001698,1279.653,1.0,2,1754839.3,5933207.5
4491,3,0.071448,0.0595,3,50,Rosedale Road,13036.0,6518.0,propagated,0.096,501.26,750.874,2216.418,6.425,0.002899,748.697,1.0,2,1754825.0,5933175.4
4492,4,0.12305999999999997,0.1026,2,50,Newton Road,24652.0,12326.0,count,0.07829,947.919,1158.003,3418.175,9.483,0.002774,1154.79,1.0,1,1756831.5,5918832.4
4493,1,0.017424,0.0145,2,50,Newton Road,24652.0,12326.0,propagated,0.07829,947.919,1158.003,3418.175,20.804,0.006086,1150.955,1.0,2,1756887.8,5918815.7
4494,4,0.089076,0.0742,2,50,Newton Road,24652.0,12326.0,propagated,0.07829,947.919,1158.003,3418.175,32.161,0.009409,1147.108,1.0,3,1756930.1,5918802.9
4495,5,0.11079599999999999,0.0923,3,50,Symonds Street,25748.0,12874.0,propagated,0.096,990.062,1483.085,4377.747,32.161,0.007346,1472.19,1.0,3,1756978.4,5918840.6
4496,2,0.140904,0.1174,3,50,Symonds Street,25748.0,12874.0,propagated,0.096,990.062,1483.085,4377.747,42.387,0.009682,1468.725,1.0,4,1757005.7,5918941.9
4497,2,0.012336,0.0103,3,50,Symonds Street,16763.0,8381.5,propagated,0.096,644.571,965.549,2850.092,42.387,0.014872,951.189,1.0,4,1757023.9,5919003.0
4498,2,0.101628,0.0847,3,50,Symonds Street,16763.0,8381.5,propagated,0.096,644.571,965.549,2850.092,53.546,0.018787,947.409,1.0,5,1757043.4,5919046.5
4499,1,0.042390000000000004,0.0283,2,40,Ponsonby Road,28195.0,14097.5,propagated,0.096,1084.154,1624.032,4793.792,4.881,0.001018,1622.378,1.0,1,1755714.3,5919648.9
4500,1,0.01279,0.0128,2,60,Entry 2 Albany Highway,23246.0,11623.0,propagated,0.096,893.855,1338.97,3952.35,4.193,0.001061,1337.55,1.0,2,1752083.3,5930663.9
4501,3,0.05618,0.0562,2,60,Exit 2 Albany Highway,7394.0,3697.0,propagated,0.096,284.314,425.894,1257.147,6.375,0.005071,423.734,1.0,3,1752102.9,5930691.1
4502,3,0.09046799999999999,0.0754,3,50,Shakespeare Road,4411.0,2205.5,propagated,0.2,169.612,529.32,1562.438,19.52,0.012493,522.707,1.0,3,1756452.0,5927876.2
4503,2,0.054192,0.0452,1,50,Great North Road,15961.0,7980.5,propagated,0.096,613.732,919.354,2713.735,3.868,0.001425,918.044,1.0,1,1745086.8,5917717.2
4504,1,0.073116,0.0609,4,50,Walters Road,9979.0,4989.5,propagated,0.096,383.713,574.79,1696.656,7.772,0.004581,572.157,1.0,3,1772600.4,5898214.2
4505,1,0.024564,0.0205,4,50,Walters Road,9979.0,4989.5,propagated,0.096,383.713,574.79,1696.656,10.949,0.006453,571.081,1.0,4,1772562.3,5898200.0
4506,2,0.172992,0.1442,4,50,Walters Road,12377.0,6188.5,propagated,0.096,475.92,712.915,2104.371,10.949,0.005203,709.206,1.0,4,1772485.1,5898171.8
4507,6,0.20176799999999998,0.1681,4,50,Walters Road,12377.0,6188.5,count,0.096,475.92,712.915,2104.371,16.446,0.007815,707.343,1.0,5,1772338.5,5898118.3
4508,1,0.19894799999999999,0.1658,4,50,Walters Road,7982.0,3991.0,count,0.140566,306.924,673.199,1987.138,16.446,0.008276,667.627,1.0,5,1772181.7,5898060.8
4509,1,0.01566,0.013,4,50,Porchester Road,13148.0,6574.0,propagated,0.096,505.567,757.325,2235.46,16.446,0.007357,751.753,1.0,5,1772099.4,5898036.8
4510,1,0.01578,0.0132,4,50,Porchester Road,13148.0,6574.0,propagated,0.096,505.567,757.325,2235.46,34.917,0.01562,745.496,1.0,8,1772088.6,5898032.6
4511,1,0.025032,0.0209,2,50,Glenfield Road,17111.0,8555.5,propagated,0.086669,657.952,889.796,2626.486,2.888,0.0011,888.818,1.0,1,1753622.5,5928070.5
4512,1,0.022152,0.0185,2,50,Glenfield Road,17111.0,8555.5,propagated,0.086669,657.952,889.796,2626.486,5.997,0.002283,887.764,1.0,2,1753630.0,5928088.7
4513,2,0.042228,0.0352,2,50,Glenfield Road,17111.0,8555.5,propagated,0.086669,657.952,889.796,2626.486,9.636,0.003669,886.532,1.0,3,1753638.8,5928113.7
4514,6,0.210996,0.1758,4,50,Wiseley Road,2735.0,1367.5,count,0.096,105.166,157.536,465.012,3.311,0.00712,156.414,1.0,1,1746962.2,5926041.7
4515,1,0.030216,0.0252,4,50,Williams Road,88.0,44.0,propagated,0.096,3.384,5.069,14.963,3.311,0.221279,3.947,1.0,1,1746897.8,5925977.3
4516,3,0.265416,0.2212,4,50,Williams Road,88.0,44.0,count,0.096,3.384,5.069,14.963,13.87,0.926953,0.37,1.0,4,1746777.9,5926004.4
4517,1,0.019247999999999998,0.016,2,50,Hobsonville Road,23825.0,11912.5,propagated,0.096,916.119,1372.32,4050.792,13.87,0.003424,1367.621,1.0,4,1746678.3,5926037.3
4518,3,0.069468,0.0579,3,50,Shakespeare Road,15123.0,7561.5,propagated,0.096,581.51,871.085,2571.255,6.029,0.002345,869.043,1.0,1,1756524.5,5927963.9
4519,1,0.05667599999999999,0.0472,3,50,Shakespeare Road,15123.0,7561.5,propagated,0.096,581.51,871.085,2571.255,12.16,0.004729,866.965,1.0,2,1756490.6,5927923.5
4520,1,0.061752,0.0515,4,50,Porchester Road,13773.0,6886.5,propagated,0.086982,529.599,718.802,2121.748,12.227,0.005763,714.66,1.0,2,1772080.8,5898070.0
4521,1,0.011484,0.0096,4,50,Porchester Road,13148.0,6574.0,propagated,0.096,505.567,757.325,2235.46,12.227,0.00547,753.183,1.0,2,1772091.0,5898041.4
4522,1,0.009996,0.0083,4,50,Rimu Road,10354.0,5177.0,propagated,0.096,398.132,596.39,1760.415,5.14,0.00292,594.649,1.0,1,1759420.8,5910236.0
4523,1,0.0702,0.0585,4,50,Entry 12 Mahunga Drive,22832.0,11416.0,count,0.096,877.936,1315.123,3881.959,5.14,0.001324,1313.382,1.0,1,1759416.1,5910268.8
4524,2,0.16407599999999997,0.1367,3,50,Carruth Road,16172.0,8086.0,count,0.096,621.846,931.507,2749.608,4.581,0.001666,929.955,1.0,1,1765779.6,5905725.9
4525,3,0.204084,0.1701,3,50,Carruth Road,14306.0,7153.0,count,0.096,550.094,824.026,2432.347,4.581,0.001883,822.474,1.0,1,1765656.4,5905816.9
4526,1,0.0337304347826087,0.0129,3,23,Saint George Street,12873.0,6436.5,propagated,0.096,494.993,741.485,2188.704,4.581,0.002093,739.933,1.0,1,1765587.1,5905872.7
4527,1,0.060984,0.0508,3,50,Saint George Street,12873.0,6436.5,propagated,0.096,494.993,741.485,2188.704,26.548,0.01213,732.491,1.0,5,1765596.3,5905899.4
4528,2,0.257592,0.2147,3,50,Saint George Street,10315.0,5157.5,propagated,0.096,396.632,594.144,1753.785,26.548,0.015138,585.15,1.0,5,1765673.3,5906008.0
4529,2,0.05682,0.0474,3,50,Saint George Street,10315.0,5157.5,count,0.096,396.632,594.144,1753.785,31.186,0.017782,583.579,1.0,6,1765749.1,5906114.6
4530,5,0.200172,0.1668,3,50,Saint George Street,12209.0,6104.5,count,0.096,469.46,703.238,2075.807,31.186,0.015024,692.673,1.0,6,1765811.0,5906201.9
4531,8,0.21303599999999998,0.1775,3,50,Saint George Street,11905.0,5952.5,count,0.096,457.771,685.728,2024.121,31.186,0.015407,675.163,1.0,6,1765910.8,5906342.3
4532,3,0.053459999999999994,0.0446,4,50,Sunset Road,12285.0,6142.5,propagated,0.108588,472.383,800.402,2362.614,6.636,0.002809,798.154,1.0,1,1753840.7,5930216.4
4533,4,0.22589999999999996,0.1882,4,50,Sunset Road,12285.0,6142.5,count,0.108588,472.383,800.402,2362.614,27.056,0.011452,791.236,1.0,4,1753826.1,5930330.7
4534,4,0.38705999999999996,0.3226,4,50,Sunset Road,11381.0,5690.5,count,0.122221,437.622,834.598,2463.553,27.056,0.010983,825.432,1.0,4,1753788.7,5930577.9
4535,2,0.08998799999999998,0.075,4,50,Sunset Road,11381.0,5690.5,propagated,0.122221,437.622,834.598,2463.553,34.1,0.013842,823.046,1.0,5,1753944.4,5930701.1
4536,9,0.233856,0.1949,4,50,Sunset Road,14309.0,7154.5,propagated,0.126494,550.21,1086.002,3205.644,34.1,0.010637,1074.45,1.0,5,1754051.8,5930782.7
4537,3,0.25024799999999997,0.2085,4,50,Sunset Road,14309.0,7154.5,count,0.126494,550.21,1086.002,3205.644,37.275,0.011628,1073.374,1.0,6,1754213.9,5930903.3
4538,3,0.08577599999999999,0.0715,4,50,Sunset Road,14055.0,7027.5,propagated,0.118036,540.443,995.398,2938.2,37.275,0.012686,982.77,1.0,6,1754285.4,5931023.2
4539,4,0.07754399999999999,0.0646,4,50,Station Road,12626.0,6313.0,propagated,0.096,485.495,727.258,2146.709,3.111,0.001449,726.204,1.0,1,1761209.9,5913118.6
4540,2,0.071016,0.0592,4,50,Station Road,12626.0,6313.0,propagated,0.096,485.495,727.258,2146.709,19.408,0.009041,720.683,1.0,5,1761263.8,5913147.0
4541,3,0.290232,0.2419,4,50,Station Road,11191.0,5595.5,count,0.096,430.316,644.602,1902.726,19.408,0.0102,638.027,1.0,5,1761397.9,5913215.2
4542,9,0.29653199999999996,0.2471,4,50,Station Road,10506.0,5253.0,propagated,0.110508,403.977,696.598,2056.207,19.408,0.009439,690.023,1.0,5,1761611.1,5913332.1
4543,6,0.313596,0.2613,4,50,Station Road,10835.0,5417.5,count,0.096,416.627,624.096,1842.197,19.408,0.010535,617.521,1.0,5,1761706.0,5913550.1
4544,7,0.25761599999999996,0.2147,4,50,Station Road,28780.0,14390.0,propagated,0.096,1106.649,1657.728,4893.255,19.408,0.003966,1651.153,1.0,5,1761546.3,5913721.5
4545,1,0.07056,0.0588,2,50,Great South Road,23250.0,11625.0,propagated,0.106452,894.009,1485.005,4383.414,19.408,0.004428,1478.43,1.0,5,1761461.5,5913818.7
4546,3,0.09413999999999999,0.0784,3,50,Main Highway,12840.0,6420.0,propagated,0.096,493.724,739.584,2183.092,5.963,0.002731,737.564,1.0,1,1761454.9,5914308.1
4547,6,0.26642,0.2664,4,60,East Tamaki Road,11382.0,5691.0,propagated,0.126164,437.661,861.599,2543.254,24.735,0.009726,853.219,1.0,6,1768682.8,5908611.9
4548,4,0.22214000000000003,0.2221,4,60,East Tamaki Road,11382.0,5691.0,propagated,0.126164,437.661,861.599,2543.254,29.861,0.011741,851.483,1.0,7,1768445.6,5908554.3
4549,1,0.00908,0.0091,3,60,Springs Road,18510.0,9255.0,propagated,0.096,711.747,1066.176,3147.121,57.611,0.018306,1046.659,1.0,13,1768340.0,5908537.1
4550,11,0.25016999999999995,0.2502,3,60,East Tamaki Road,49214.0,24607.0,count,0.096,1892.377,2834.726,8367.499,62.245,0.007439,2813.639,1.0,14,1768309.7,5908411.1
4551,4,0.190044,0.1584,3,50,Lagoon Drive,35130.0,17565.0,propagated,0.096,1350.819,2023.488,5972.9,8.448,0.001414,2020.626,1.0,1,1765090.6,5914592.1
4552,4,0.21680000000000002,0.2168,3,60,Manukau Station Road,13638.0,6819.0,count,0.096,524.408,785.549,2318.771,31.538,0.013601,774.865,1.0,3,1766997.3,5904071.9
4553,1,0.012580000000000001,0.0126,3,60,Manukau Station Road,17814.0,8907.0,propagated,0.096,684.984,1026.086,3028.784,60.99,0.020137,1005.424,1.0,6,1767110.3,5904089.5
4554,2,0.010032,0.0084,2,50,Kitchener Road,10973.0,5486.5,propagated,0.096,421.934,632.045,1865.66,11.763,0.006305,628.06,1.0,3,1757332.0,5928961.6
4555,5,0.053328,0.0444,4,50,Target Road,12693.0,6346.5,propagated,0.101316,488.071,771.602,2277.603,3.32,0.001458,770.477,1.0,1,1754710.9,5929801.6
4556,1,0.025236,0.021,4,50,James Fletcher Drive,18747.0,9373.5,propagated,0.096,720.86,1079.827,3187.416,14.853,0.00466,1074.795,1.0,4,1762896.6,5909256.7
4557,2,0.08118,0.0676,4,50,Tui Street,18247.0,9123.5,propagated,0.096,701.634,1051.027,3102.405,14.853,0.004788,1045.995,1.0,4,1762930.9,5909229.3
4558,3,0.10235999999999999,0.0853,4,50,Tui Street,18247.0,9123.5,count,0.096,701.634,1051.027,3102.405,19.132,0.006167,1044.545,1.0,5,1762985.3,5909175.4
4559,3,0.243048,0.2025,4,50,Kaka Street,19827.0,9913.5,count,0.096,762.388,1142.035,3371.041,19.132,0.005675,1135.553,1.0,5,1763124.8,5909166.6
4560,1,0.0378,0.0315,4,50,Kaka Street,20892.0,10446.0,propagated,0.096,803.339,1203.379,3552.115,19.132,0.005386,1196.897,1.0,5,1763240.7,5909179.0
4561,1,0.08446,0.0845,3,60,Whitford Road,4443.0,2221.5,count,0.096,170.842,255.917,755.412,8.818,0.011673,252.93,1.0,3,1773346.5,5909720.4
4562,9,1.1211399999999998,1.1211,3,60,Whitford Road,10926.0,5463.0,count,0.109281,420.127,716.403,2114.667,12.166,0.005753,712.281,1.0,4,1773280.5,5910284.5
4563,2,0.4869,0.4869,3,60,Whitford Road,22076.5,11038.25,default,0.096,848.886,1271.606,3753.506,12.166,0.003241,1267.484,1.0,4,1772622.4,5910705.0
4564,10,0.87059,0.8706,3,60,Whitford Road,11502.0,5751.0,propagated,0.096,442.275,662.515,1955.601,12.166,0.006221,658.393,1.0,4,1772409.0,5911306.6
4565,5,0.8410500000000001,0.2804,4,20,Hospital Road,11437.0,5718.5,propagated,0.096,439.776,658.771,1944.55,3.361,0.001728,657.632,1.0,1,1763644.2,5907830.6
4566,2,0.012551999999999999,0.0105,3,50,Kings Road,15105.5,7552.75,default,0.096,580.837,870.077,2568.28,7.509,0.002924,867.533,1.0,1,1765507.8,5914481.2
4567,5,0.43998,0.3666,2,50,Godley Road,9781.0,4890.5,propagated,0.096,376.099,563.386,1662.994,0.88,0.000529,563.088,1.0,1,1747975.2,5911374.3
4568,2,0.048204,0.0402,2,50,Godley Road,9781.0,4890.5,propagated,0.096,376.099,563.386,1662.994,4.033,0.002425,562.02,1.0,2,1747807.2,5911270.2
4569,1,0.050808,0.0423,3,50,Upper Queen Street,5963.0,2981.5,propagated,0.096,229.289,343.469,1013.846,12.21,0.012043,339.333,1.0,1,1756877.7,5919095.0
4570,1,0.051372,0.0428,3,50,Upper Queen Street,9053.0,4526.5,propagated,0.096653,348.106,525.0,1549.687,12.21,0.007879,520.864,1.0,1,1756895.8,5919133.5
4571,1,0.06522,0.0652,3,60,Ian McKinnon Drive,19934.0,9967.0,propagated,0.096418,766.502,1153.198,3403.992,24.714,0.00726,1144.825,1.0,2,1756810.4,5919136.3
4572,1,0.011147999999999998,0.0093,2,50,Hillsborough Road,25322.0,12661.0,propagated,0.082655,973.682,1255.794,3706.833,11.991,0.003235,1251.732,1.0,2,1756610.1,5912773.8
4573,1,0.039869999999999996,0.0399,2,60,Piwakawaka Street,28612.0,14306.0,default,0.096,1100.189,1648.051,4864.691,5.744,0.001181,1646.105,1.0,1,1756442.6,5918797.9
4574,1,0.014712,0.0123,2,50,Te Horeta Road,28028.0,14014.0,propagated,0.096,1077.733,1614.413,4765.399,10.103,0.00212,1610.99,1.0,2,1764713.7,5914805.9
4575,2,0.07933,0.0793,3,60,Manukau Station Road,13638.0,6819.0,propagated,0.096,524.408,785.549,2318.771,21.148,0.00912,778.385,1.0,2,1766851.7,5904049.1
4576,2,0.12025199999999998,0.1002,1,50,Great North Road,21445.0,10722.5,count,0.096,824.603,1235.232,3646.138,1.713,0.00047,1234.652,1.0,1,1746192.8,5916972.1
4577,2,0.117996,0.0983,1,50,Great North Road,21681.0,10840.5,count,0.096,833.678,1248.826,3686.265,1.713,0.000465,1248.246,1.0,1,1746107.5,5917021.5
4578,7,0.179232,0.1494,1,50,Great North Road,21484.0,10742.0,count,0.096,826.103,1237.478,3652.768,4.425,0.001211,1235.979,1.0,2,1746005.4,5917091.6
4579,3,0.119616,0.0997,1,50,Great North Road,28511.0,14255.5,count,0.096,1096.305,1642.234,4847.52,4.425,0.000913,1640.735,1.0,2,1745902.5,5917161.5
4580,2,0.04973999999999999,0.0414,1,50,Great North Road,28511.0,14255.5,propagated,0.096,1096.305,1642.234,4847.52,9.21,0.0019,1639.114,1.0,3,1745837.4,5917188.2
4581,1,0.019715999999999997,0.0164,1,50,Great North Road,25444.0,12722.0,propagated,0.096,978.373,1465.574,4326.058,9.21,0.002129,1462.454,1.0,3,1745810.6,5917199.3
4582,4,0.091512,0.0763,1,50,Great North Road,25444.0,12722.0,count,0.096,978.373,1465.574,4326.058,14.66,0.003389,1460.608,1.0,4,1745766.8,5917213.8
4583,1,0.08252399999999999,0.0688,2,50,Great North Road,41549.0,20774.5,propagated,0.096,1597.642,2393.222,7064.275,2.734,0.000387,2392.296,1.0,1,1752038.3,5918062.1
4584,1,0.089544,0.0746,4,50,Beach Haven Road,8598.0,4299.0,propagated,0.096,330.61,495.245,1461.856,3.752,0.002567,493.974,1.0,1,1750748.4,5926990.8
4585,1,0.058163999999999993,0.0485,4,50,Beach Haven Road,7727.0,3863.5,propagated,0.096,297.119,445.075,1313.765,3.752,0.002856,443.804,1.0,1,1750690.3,5926971.3
4586,6,0.16000799999999998,0.1333,4,50,Beach Haven Road,7727.0,3863.5,count,0.096,297.119,445.075,1313.765,7.331,0.00558,442.591,1.0,2,1750603.9,5926941.9
4587,1,0.007344,0.0061,4,50,Mahunga Drive,19314.0,9657.0,propagated,0.092679,742.662,1074.001,3170.219,7.073,0.002231,1071.605,1.0,1,1759988.3,5909196.5
4588,1,0.013935,0.0186,2,80,Te Irirangi Drive,31364.0,15682.0,propagated,0.096,1206.009,1806.566,5332.593,5.296,0.000993,1804.772,1.0,1,1769309.2,5907450.6
4589,1,0.05671199999999999,0.0473,4,50,Rosebank Road,22427.0,11213.5,propagated,0.096,862.363,1291.795,3813.1,7.524,0.001973,1289.246,1.0,2,1750763.1,5915612.5
4590,1,0.051444,0.0429,4,50,Rosebank Road,11969.0,5984.5,propagated,0.091236,460.232,655.202,1934.015,7.524,0.00389,652.653,1.0,2,1750806.1,5915599.0
4591,1,0.08162399999999999,0.068,2,50,Ash Street,22180.0,11090.0,propagated,0.096,852.865,1277.568,3771.105,9.778,0.002593,1274.255,1.0,3,1750858.5,5915602.5
4592,2,0.017124,0.0143,2,50,Khyber Pass Road,8736.0,4368.0,propagated,0.096,335.917,503.194,1485.32,32.377,0.021798,492.225,1.0,3,1756992.9,5918763.2
4593,1,0.021539999999999997,0.018,2,50,Khyber Pass Road,8736.0,4368.0,propagated,0.096,335.917,503.194,1485.32,43.472,0.029268,488.467,1.0,4,1756980.6,5918773.4
4594,3,0.24670799999999998,0.2056,3,50,Bader Drive,23174.0,11587.0,count,0.106499,891.087,1480.805,4371.017,3.217,0.000736,1479.715,1.0,1,1759682.6,5907867.4
4595,1,0.071724,0.0598,3,50,Bader Drive,16378.0,8189.0,count,0.119551,629.767,1174.804,3467.768,3.217,0.000928,1173.714,1.0,1,1759620.3,5907984.2
4596,1,0.129912,0.1083,3,50,Bader Drive,16034.0,8017.0,count,0.1059,616.539,1018.8,3007.278,3.217,0.00107,1017.71,1.0,1,1759572.6,5908053.4
4597,2,0.0141,0.0141,4,60,Lambie Drive,26408.0,13204.0,propagated,0.096,1015.44,1521.101,4489.962,18.722,0.00417,1514.758,1.0,2,1766951.7,5903721.9
4598,3,0.136236,0.1135,3,50,Balmoral Road,21437.0,10718.5,propagated,0.096,824.296,1234.771,3644.778,4.538,0.001245,1233.234,1.0,1,1757319.0,5915773.9
4599,4,0.400704,0.3339,3,50,Green Lane W,20206.0,10103.0,count,0.106107,776.961,1286.399,3797.172,4.538,0.001195,1284.862,1.0,1,1757532.4,5915706.4
4600,1,0.073152,0.061,3,50,Green Lane W,29930.0,14965.0,propagated,0.105981,1150.868,1903.207,5617.856,4.538,0.000808,1901.67,1.0,1,1757702.9,5915607.3
4601,1,0.011982,0.02,2,100,Entry 7 Massey Road,23150.0,11575.0,propagated,0.096,890.164,1333.44,3936.027,3.242,0.000824,1332.342,1.0,1,1761792.2,5906526.0
4602,2,0.054504,0.0454,2,50,Entry 7 Massey Road,23150.0,11575.0,count,0.096,890.164,1333.44,3936.027,3.242,0.000824,1332.342,1.0,1,1761768.5,5906548.6
4603,1,0.014376,0.012,2,50,Entry 7 Massey Road,23150.0,11575.0,propagated,0.096,890.164,1333.44,3936.027,6.222,0.001581,1331.332,1.0,2,1761746.9,5906567.7
4604,4,0.096492,0.0804,3,50,Forrest Hill Road,13883.0,6941.5,propagated,0.106533,533.829,887.399,2619.41,4.002,0.001528,886.043,1.0,2,1756217.7,5930454.1
4605,8,0.401244,0.3344,3,50,Forrest Hill Road,13363.0,6681.5,count,0.111277,513.834,892.197,2633.573,4.002,0.00152,890.841,1.0,2,1756122.6,5930274.8
4606,3,0.365616,0.3047,3,50,Forrest Hill Road,15068.0,7534.0,count,0.098354,579.395,889.199,2624.724,4.002,0.001525,887.843,1.0,2,1756059.3,5929961.7
4607,3,0.261456,0.2179,3,50,Forrest Hill Road,17070.0,8535.0,count,0.094376,656.376,966.599,2853.192,4.002,0.001403,965.243,1.0,2,1756023.0,5929702.8
4608,4,0.075132,0.0626,3,50,Forrest Hill Road,17070.0,8535.0,propagated,0.094376,656.376,966.599,2853.192,8.266,0.002897,963.799,1.0,3,1756009.7,5929563.1
4609,1,0.075432,0.0629,4,50,Gladstone Road,9048.0,4524.0,propagated,0.096,347.914,521.165,1538.367,3.598,0.002339,519.946,1.0,1,1759242.2,5920066.0
4610,3,0.191928,0.1599,4,50,Gladstone Road,9048.0,4524.0,propagated,0.096,347.914,521.165,1538.367,7.02,0.004563,518.787,1.0,2,1759220.1,5920175.2
4611,1,0.009359999999999999,0.0078,4,50,Gladstone Road,5580.0,2790.0,propagated,0.112366,214.562,376.201,1110.464,7.02,0.006322,373.823,1.0,2,1759214.2,5920258.5
4612,5,0.28474799999999995,0.2373,3,50,Savill Drive,7098.0,3549.0,count,0.096,272.932,408.845,1206.822,6.328,0.005244,406.701,1.0,2,1763143.6,5908369.7
4613,4,0.061259999999999995,0.051,3,50,Savill Drive,7098.0,3549.0,propagated,0.096,272.932,408.845,1206.822,9.797,0.008118,405.526,1.0,3,1763235.0,5908260.4
4614,1,0.011568,0.0096,4,50,Cascades Road,13877.0,6938.5,propagated,0.096,533.598,799.315,2359.405,4.862,0.002061,797.668,1.0,1,1768827.9,5914071.1
4615,2,0.055249999999999994,0.0552,4,60,Cascades Road,18473.0,9236.5,propagated,0.096,710.324,1064.045,3140.831,4.862,0.001548,1062.398,1.0,1,1768807.6,5914096.4
4616,2,0.02808,0.0281,3,60,Pakuranga Road,30074.0,15037.0,propagated,0.096,1156.405,1732.262,5113.264,4.862,0.000951,1730.615,1.0,1,1768775.5,5914108.4
4617,39,1.5410519999999996,1.2842,1,50,Lincoln Road,26202.0,13101.0,count,0.096,1007.519,1509.235,4454.936,1.774,0.000398,1508.634,1.0,1,1745178.2,5918735.9
4618,18,0.7602239999999999,0.6335,1,50,Lincoln Road,39022.0,19511.0,count,0.096,1500.474,2247.667,6634.628,1.774,0.000267,2247.066,1.0,1,1745295.7,5919687.5
4619,1,0.037668,0.0314,1,50,Lincoln Road,45947.0,22973.5,propagated,0.096,1766.754,2646.547,7812.036,1.774,0.000227,2645.946,1.0,1,1745308.3,5920019.5
4620,7,0.28013999999999994,0.2334,1,50,Lincoln Road,45947.0,22973.5,count,0.096,1766.754,2646.547,7812.036,3.948,0.000505,2645.21,1.0,2,1745315.3,5920151.7
4621,5,0.18245999999999998,0.152,1,50,Lincoln Road,40942.0,20471.0,count,0.096,1574.302,2358.259,6961.072,3.948,0.000567,2356.922,1.0,2,1745349.0,5920340.0
4622,4,0.277524,0.2313,1,50,Lincoln Road,40942.0,20471.0,propagated,0.096,1574.302,2358.259,6961.072,14.143,0.002032,2353.468,1.0,5,1745447.0,5920503.9
4623,6,0.197088,0.1642,1,50,Lincoln Road,43593.0,21796.5,propagated,0.096,1676.238,2510.957,7411.803,14.143,0.001908,2506.166,1.0,5,1745454.5,5920700.6
4624,1,0.033372,0.0278,1,50,Entry 16 Lincoln Road,25956.0,12978.0,propagated,0.096,998.06,1495.066,4413.112,14.143,0.003205,1490.275,1.0,5,1745456.2,5920795.2
4625,4,0.16766399999999998,0.1397,4,50,Woodward Road,10118.0,5059.0,count,0.096,389.057,582.797,1720.291,17.725,0.010303,576.792,1.0,4,1752392.0,5916138.3
4626,2,0.14024399999999998,0.1169,4,50,Woodward Road,8873.0,4436.5,count,0.108193,341.185,575.998,1700.222,17.725,0.010425,569.993,1.0,4,1752378.7,5916265.7
4627,2,0.164148,0.1368,4,50,Woodward Road,7697.0,3848.5,count,0.135118,295.965,624.002,1841.919,17.725,0.009623,617.997,1.0,4,1752365.9,5916391.5
4628,5,0.21617999999999998,0.1802,4,50,Woodward Road,7671.0,3835.5,count,0.112893,294.965,519.601,1533.75,17.725,0.011557,513.596,1.0,4,1752396.0,5916547.3
4629,7,0.41248799999999997,0.3437,4,50,Woodward Road,8702.0,4351.0,count,0.107332,334.609,560.402,1654.186,17.725,0.010715,554.397,1.0,4,1752448.4,5916804.0
4630,2,0.025632,0.0214,3,50,Whitford Road,13719.0,6859.5,propagated,0.10511,527.523,865.202,2553.89,8.31,0.003254,862.387,1.0,2,1771733.2,5912390.9
4631,1,0.044952,0.0375,3,50,Chapel Road,21507.0,10753.5,propagated,0.101269,826.987,1306.795,3857.377,8.31,0.002154,1303.98,1.0,2,1771720.5,5912365.8
4632,1,0.0049275000000000005,0.0066,2,80,South Eastern Highway,55806.0,27903.0,propagated,0.094255,2145.852,3155.997,9315.822,2.98,0.00032,3154.987,1.0,1,1763389.8,5912782.1
4633,1,0.047052,0.0392,3,50,New North Road,18923.0,9461.5,propagated,0.096338,727.627,1093.802,3228.667,4.407,0.001365,1092.309,1.0,1,1752117.7,5915722.7
4634,1,0.013452,0.0112,3,50,Balmoral Road,21548.0,10774.0,propagated,0.096,828.564,1241.165,3663.651,31.603,0.008626,1230.459,1.0,5,1754963.3,5916438.7
4635,2,0.053208000000000005,0.0443,3,50,Balmoral Road,21548.0,10774.0,propagated,0.096,828.564,1241.165,3663.651,38.152,0.010414,1228.24,1.0,6,1754936.2,5916444.8
4636,1,0.030228,0.0252,3,50,Balmoral Road,22024.0,11012.0,propagated,0.096,846.867,1268.582,3744.58,6.264,0.001673,1266.46,1.0,1,1756809.5,5915900.5
4637,5,0.44545199999999996,0.3712,4,50,Pupuke Road,10408.0,5204.0,default,0.096,400.208,599.501,1769.598,2.944,0.001664,598.504,1.0,1,1754139.6,5925589.9
4638,1,0.033967741935483874,0.0176,4,31,Macleans Road,5776.0,2888.0,propagated,0.186288,222.099,645.6,1905.672,5.533,0.002903,643.726,1.0,1,1770607.9,5916298.0
4639,4,0.24652000000000002,0.2465,4,60,Murphys Road,4915.0,2457.5,count,0.096,188.992,283.104,835.662,3.577,0.00428,281.892,1.0,1,1771135.7,5906206.2
4640,6,0.19997999999999996,0.1666,4,50,Palomino Drive,13632.0,6816.0,propagated,0.096,524.178,785.203,2317.75,3.368,0.001453,784.062,1.0,1,1743940.3,5916201.7
4641,1,0.008832,0.0074,4,50,Border Road,13717.0,6858.5,propagated,0.096,527.446,790.099,2332.202,3.368,0.001444,788.958,1.0,1,1743994.8,5916133.8
4642,1,0.11724,0.0977,4,50,Border Road,13717.0,6858.5,count,0.096,527.446,790.099,2332.202,6.797,0.002914,787.796,1.0,2,1744027.8,5916093.5
4643,4,0.26473199999999997,0.2206,4,50,Border Road,14782.0,7391.0,count,0.096,568.397,851.443,2513.276,6.797,0.002704,849.14,1.0,2,1744127.5,5915969.5
4644,5,0.213744,0.1781,4,50,Border Road,13020.0,6510.0,count,0.096,500.645,749.952,2213.696,6.797,0.00307,747.649,1.0,2,1744252.0,5915813.6
4645,1,0.03372,0.0281,4,50,Border Road,13020.0,6510.0,propagated,0.096,500.645,749.952,2213.696,13.164,0.005947,745.492,1.0,3,1744319.3,5915736.0
4646,2,0.027611999999999998,0.023,4,50,Pleasant Road,6561.0,3280.5,propagated,0.096,252.284,377.914,1115.521,3.888,0.003485,376.597,1.0,1,1747919.4,5912531.2
4647,1,0.02172,0.0181,3,50,Beach Road,6132.0,3066.0,propagated,0.096,235.788,353.203,1042.579,6.441,0.006178,351.021,1.0,2,1756030.9,5934036.5
4648,2,0.265788,0.2215,2,50,Saint Heliers Bay Road,7786.0,3893.0,count,0.096,299.387,448.474,1323.798,3.379,0.002553,447.329,1.0,1,1765835.4,5919224.8
4649,1,0.01506,0.0126,2,50,Saint Heliers Bay Road,7786.0,3893.0,propagated,0.096,299.387,448.474,1323.798,30.52,0.023055,438.134,1.0,6,1765833.6,5919107.7
4650,5,0.2016,0.336,0,100,Exit 449 Southwestern Motorway,57516.0,28758.0,count,0.096,2211.605,3312.922,9779.031,2.26,0.000231,3312.156,1.0,1,1768315.9,5903537.9
4651,1,0.007212,0.006,4,50,Sunset Road,12285.0,6142.5,propagated,0.108588,472.383,800.402,2362.614,6.986,0.002957,798.035,1.0,1,1753832.0,5930217.5
4652,1,0.029663999999999996,0.0247,4,50,Sunset Road,12285.0,6142.5,propagated,0.108588,472.383,800.402,2362.614,20.42,0.008643,793.484,1.0,3,1753834.1,5930228.8
4653,7,0.457392,0.3812,4,50,Meola Road,10898.0,5449.0,propagated,0.096,419.05,627.725,1852.909,3.03,0.001635,626.699,1.0,1,1752534.7,5919186.6
4654,2,0.08407500000000001,0.1121,2,80,Brigham Creek Road,11235.0,5617.5,propagated,0.096,432.008,647.136,1910.206,1.573,0.000823,646.603,1.0,1,1744636.4,5926342.0
4655,3,0.03234,0.0431,3,80,Trig Road,3336.0,1668.0,propagated,0.096,128.276,192.154,567.197,1.573,0.002773,191.621,1.0,1,1744576.8,5926321.1
4656,6,0.082536,0.0688,3,50,Mount Albert Road,25645.0,12822.5,count,0.096,986.102,1477.152,4360.234,5.746,0.001318,1475.205,1.0,1,1758027.6,5913472.2
4657,4,0.18935999999999997,0.1578,3,50,Mount Albert Road,25456.0,12728.0,count,0.096,978.834,1466.266,4328.101,5.746,0.001328,1464.319,1.0,1,1758136.9,5913441.6
4658,3,0.068184,0.0568,3,50,Manukau Road,16096.0,8048.0,propagated,0.096,618.923,927.13,2736.688,5.746,0.0021,925.183,1.0,1,1758212.4,5913452.9
4659,3,0.19935599999999998,0.1661,4,50,Hobsonville Point Road,10408.0,5204.0,default,0.096,400.208,599.501,1769.598,4.802,0.002714,597.874,1.0,1,1748013.4,5926661.3
4660,7,0.36003599999999997,0.3,4,50,Mauranui Avenue,1964.0,982.0,count,0.198574,75.52,234.0,690.718,6.654,0.009633,231.746,1.0,1,1758649.4,5917417.7
4661,3,0.103236,0.086,4,50,Saint Marks Road,12556.0,6278.0,count,0.100749,482.803,759.003,2240.413,6.654,0.00297,756.749,1.0,1,1758534.4,5917531.5
4662,5,0.13970399999999997,0.1164,4,50,Saint Marks Road,9624.0,4812.0,count,0.085411,370.062,493.197,1455.811,6.654,0.004571,490.943,1.0,1,1758442.0,5917490.3
4663,5,0.13396799999999998,0.1116,3,50,Bader Drive,16074.0,8037.0,propagated,0.093318,618.077,899.996,2656.594,3.8,0.00143,898.709,1.0,1,1760068.8,5907137.8
4664,1,0.022704000000000002,0.0189,3,50,New North Road,23139.0,11569.5,propagated,0.096,889.741,1332.806,3934.156,5.28,0.001342,1331.017,1.0,1,1751586.7,5915255.6
4665,5,0.17265999999999998,0.1727,3,60,Redoubt Road,17395.0,8697.5,propagated,0.096,668.873,1001.952,2957.546,16.153,0.005462,996.48,1.0,5,1770860.5,5903897.6
4666,4,0.05786,0.0579,3,60,Redoubt Road,17395.0,8697.5,propagated,0.096,668.873,1001.952,2957.546,19.256,0.006511,995.428,1.0,6,1770762.5,5903957.8
4667,1,0.022170000000000002,0.0222,2,60,Albany Highway,28612.0,14306.0,default,0.096,1100.189,1648.051,4864.691,1.884,0.000387,1647.413,1.0,1,1751988.1,5930770.3
4668,4,0.142284,0.1186,4,50,Taniwha Street,22517.0,11258.5,propagated,0.096,865.824,1296.979,3828.402,3.327,0.000869,1295.852,1.0,1,1765323.5,5917087.3
4669,1,0.011268,0.0094,2,50,Apirana Avenue,16866.0,8433.0,propagated,0.096,648.531,971.482,2867.605,3.327,0.00116,970.355,1.0,1,1765266.3,5917079.7
4670,3,0.12928800000000001,0.1077,4,50,Grande Vue Road,7206.0,3603.0,count,0.11088,277.085,479.401,1415.088,6.386,0.004513,477.238,1.0,1,1769102.9,5901974.7
4671,2,0.25840799999999997,0.2153,4,50,Grande Vue Road,6931.0,3465.5,count,0.096,266.511,399.226,1178.429,6.386,0.005419,397.063,1.0,1,1769264.2,5901960.8
4672,3,0.08852399999999999,0.0738,4,50,Grande Vue Road,5512.0,2756.0,count,0.096,211.947,317.491,937.165,6.386,0.006814,315.328,1.0,1,1769404.9,5901935.9
4673,2,0.031944,0.0266,4,50,Entry 451 Hill Road,29784.0,14892.0,propagated,0.096,1145.254,1715.558,5063.957,6.386,0.001261,1713.395,1.0,1,1769442.1,5901903.1
4674,1,0.0052439999999999995,0.0044,2,50,Great South Road,23313.0,11656.5,propagated,0.101231,896.431,1415.999,4179.723,8.35,0.001998,1413.17,1.0,2,1761069.2,5914365.5
4675,5,0.37851599999999996,0.3154,3,50,Main Highway,15105.5,7552.75,default,0.096,580.837,870.077,2568.28,12.541,0.004883,865.828,1.0,3,1761214.1,5914305.9
4676,1,0.007632,0.0064,3,50,Ellerslie-Panmure Highway,15105.5,7552.75,default,0.096,580.837,870.077,2568.28,12.541,0.004883,865.828,1.0,3,1761359.7,5914262.6
4677,6,0.052884,0.0441,4,50,Park Road,15906.0,7953.0,propagated,0.096,611.618,916.186,2704.383,5.563,0.002057,914.301,1.0,1,1757832.7,5918588.9
4678,2,0.018515999999999998,0.0154,4,50,Park Road,15906.0,7953.0,propagated,0.096,611.618,916.186,2704.383,11.087,0.0041,912.43,1.0,2,1757840.5,5918617.7
4679,1,0.101448,0.0845,4,50,Park Road,15906.0,7953.0,propagated,0.096,611.618,916.186,2704.383,16.612,0.006143,910.558,1.0,3,1757853.9,5918666.3
4680,1,0.043211999999999993,0.036,4,50,Park Road,11196.0,5598.0,propagated,0.096,430.509,644.89,1903.576,16.612,0.008727,639.262,1.0,3,1757869.2,5918724.3
4681,1,0.015191999999999999,0.0127,3,50,Beach Road,17126.0,8563.0,propagated,0.096,658.529,986.458,2911.811,9.944,0.003415,983.089,1.0,1,1755826.3,5935698.8
4682,1,0.032172,0.0268,4,50,Carlisle Road,5635.0,2817.5,propagated,0.096,216.677,324.576,958.078,9.944,0.010379,321.207,1.0,1,1755816.1,5935715.2
4683,2,0.038076,0.0317,2,50,Crowhurst Street,11360.0,5680.0,propagated,0.096,436.815,654.336,1931.459,6.253,0.003237,652.218,1.0,1,1758221.1,5918184.4
4684,4,0.082476,0.0687,2,50,Gillies Avenue,14600.0,7300.0,propagated,0.096,561.399,840.96,2482.332,6.253,0.002519,838.842,1.0,1,1758218.3,5918135.6
4685,2,0.08434799999999999,0.0703,2,50,Gillies Avenue,14600.0,7300.0,count,0.096,561.399,840.96,2482.332,10.834,0.004364,837.29,1.0,2,1758196.8,5918069.9
4686,1,0.062004,0.0517,2,50,Gillies Avenue,15110.0,7555.0,count,0.081999,581.01,743.403,2194.365,10.834,0.004937,739.733,1.0,2,1758178.8,5918011.7
4687,5,0.1335,0.1112,2,50,Gillies Avenue,18492.0,9246.0,count,0.084144,711.054,933.595,2755.771,10.834,0.003931,929.925,1.0,2,1758157.6,5917933.3
4688,2,0.074652,0.0622,2,50,Exit 431 Gillies Avenue,42506.0,21253.0,propagated,0.096,1634.441,2448.346,7226.989,10.834,0.001499,2444.676,1.0,2,1758115.2,5917872.3
4689,2,0.04619999999999999,0.0385,4,50,Selwyn Road,4523.0,2261.5,propagated,0.096,173.918,260.525,769.014,15.408,0.020036,255.305,1.0,4,1772298.3,5914994.2
4690,1,0.018803999999999998,0.0157,3,50,Picton Street,10885.0,5442.5,propagated,0.098576,418.55,643.8,1900.359,15.408,0.008108,638.58,1.0,4,1772274.1,5915000.2
4691,1,0.0351,0.0292,4,50,Titirangi Road,17636.0,8818.0,propagated,0.096,678.139,1015.834,2998.523,3.831,0.001278,1014.536,1.0,1,1747958.4,5912492.7
4692,1,0.022175999999999998,0.0185,4,50,Pleasant Road,6561.0,3280.5,count,0.096,252.284,377.914,1115.521,3.831,0.003434,376.616,1.0,1,1747959.0,5912504.0
4693,5,0.196092,0.1634,3,50,Northcote Road,25412.0,12706.0,propagated,0.084606,977.142,1290.005,3807.816,24.685,0.006483,1281.642,1.0,3,1756216.2,5927024.3
4694,3,0.12942,0.1079,3,50,Northcote Road,14469.0,7234.5,propagated,0.10132,556.362,879.599,2596.386,24.685,0.009507,871.236,1.0,3,1756312.7,5927119.9
4695,1,0.013704,0.0114,4,50,Metcalfe Road,5068.0,2534.0,propagated,0.096,194.875,291.917,861.676,6.887,0.007993,289.584,1.0,2,1743102.9,5918541.5
4696,2,0.05506799999999999,0.0459,4,50,Central Park Drive,21152.0,10576.0,propagated,0.096,813.337,1218.355,3596.321,9.535,0.002651,1215.125,1.0,2,1745874.7,5918948.5
4697,2,0.080544,0.0671,4,50,Central Park Drive,20546.0,10273.0,propagated,0.096,790.035,1183.45,3493.289,9.535,0.00273,1180.22,1.0,2,1745900.8,5918898.7
4698,1,0.004404,0.0037,3,50,Akoranga Drive,14477.0,7238.5,propagated,0.096,556.67,833.875,2461.419,7.07,0.002872,831.48,1.0,1,1755960.5,5926771.2
4699,6,0.19666799999999998,0.1639,2,50,Great South Road,18820.0,9410.0,propagated,0.096,723.667,1084.032,3199.829,3.091,0.000966,1082.985,1.0,1,1765826.6,5906605.6
4700,8,0.2613,0.2178,2,50,Great South Road,17504.0,8752.0,count,0.096,673.064,1008.23,2976.077,3.091,0.001039,1007.183,1.0,1,1765715.3,5906760.6
4701,5,0.14013599999999998,0.1168,2,50,Great South Road,14967.0,7483.5,count,0.096,575.511,862.099,2544.73,3.091,0.001215,861.052,1.0,1,1765619.3,5906897.9
4702,1,0.06901199999999999,0.0575,2,50,Great South Road,20262.0,10131.0,count,0.096,779.114,1167.091,3445.001,3.091,0.000897,1166.044,1.0,1,1765567.8,5906968.6
4703,7,0.35166,0.2931,4,50,Botany Road,14107.0,7053.5,count,0.096406,542.442,816.0,2408.656,3.029,0.001258,814.974,1.0,1,1770727.0,5913169.7
4704,1,0.07427,0.0743,4,60,Chapel Road,17558.0,8779.0,propagated,0.106561,675.14,1122.599,3313.67,13.716,0.004139,1117.952,1.0,3,1769952.1,5908125.3
4705,9,0.27464399999999994,0.2289,2,50,Apirana Avenue,16179.0,8089.5,count,0.096,622.115,931.91,2750.797,1.699,0.000618,931.334,1.0,1,1765511.4,5916319.7
4706,2,0.050724,0.0423,2,50,Pilkington Road,17256.0,8628.0,propagated,0.096,663.528,993.946,2933.914,1.699,0.000579,993.37,1.0,1,1765567.1,5916199.7
4707,1,0.028212,0.0235,2,50,Pilkington Road,17256.0,8628.0,propagated,0.096,663.528,993.946,2933.914,8.018,0.002733,991.23,1.0,3,1765565.2,5916167.3
4708,14,0.5172599999999999,0.431,2,50,Pilkington Road,17256.0,8628.0,count,0.096,663.528,993.946,2933.914,9.559,0.003258,990.708,1.0,4,1765510.0,5915946.3
4709,6,0.354612,0.2955,2,50,Pilkington Road,19674.0,9837.0,count,0.082596,756.505,974.996,2877.978,9.559,0.003321,971.758,1.0,4,1765419.4,5915594.6
4710,8,0.244092,0.2034,2,50,Jellicoe Road,11711.0,5855.5,count,0.096,450.311,674.554,1991.138,9.559,0.004801,671.316,1.0,4,1765284.8,5915475.6
4711,5,0.135756,0.1131,2,50,Jellicoe Road,11711.0,5855.5,propagated,0.096,450.311,674.554,1991.138,12.324,0.006189,670.379,1.0,5,1765178.9,5915389.5
4712,6,0.111792,0.0932,2,50,Morrin Road,15811.0,7905.5,propagated,0.096,607.965,910.714,2688.231,12.324,0.004584,906.539,1.0,5,1765107.7,5915359.2
4713,3,0.06262799999999999,0.0522,4,50,Russell Road,12431.0,6215.5,propagated,0.096,477.997,716.026,2113.554,11.658,0.005516,712.077,1.0,3,1766789.1,5901836.9
4714,6,0.143364,0.1195,3,50,Northcote Road,25412.0,12706.0,propagated,0.084606,977.142,1290.005,3807.816,8.292,0.002178,1287.196,1.0,1,1756091.0,5926905.5
4715,1,0.037392,0.0312,3,50,Northcote Road,25412.0,12706.0,count,0.084606,977.142,1290.005,3807.816,16.382,0.004302,1284.455,1.0,2,1756145.5,5926957.6
4716,2,0.168432,0.1404,3,50,Pakuranga Road,53328.0,26664.0,propagated,0.096,2050.568,3071.693,9066.975,6.817,0.000752,3069.384,1.0,2,1765936.8,5913340.8
4717,3,0.065088,0.0542,2,50,Wellesley Street E,11952.0,5976.0,propagated,0.098394,459.578,705.603,2082.788,5.343,0.002565,703.793,1.0,1,1757773.0,5919672.5
4718,3,0.29639,0.2964,3,60,Mill Road,17093.0,8546.5,propagated,0.105599,657.26,1083.002,3196.788,9.84,0.003078,1079.668,1.0,3,1771691.0,5903079.2
4719,12,0.86107,0.8611,3,60,Mill Road,17093.0,8546.5,count,0.105599,657.26,1083.002,3196.788,12.887,0.004031,1078.636,1.0,4,1771262.0,5903464.8
4720,5,0.14346,0.1435,3,60,Redoubt Road,17395.0,8697.5,count,0.096,668.873,1001.952,2957.546,12.887,0.004357,997.586,1.0,4,1771010.4,5903875.7
4721,2,0.04994,0.0499,3,60,Mill Road,15914.0,7957.0,propagated,0.096,611.925,916.646,2705.741,3.035,0.001122,915.618,1.0,1,1772024.6,5902675.1
4722,4,0.36931,0.3693,3,60,Mill Road,15914.0,7957.0,propagated,0.096,611.925,916.646,2705.741,6.502,0.002403,914.443,1.0,2,1771862.6,5902807.9
4723,1,0.00544,0.0054,3,60,Coronation Road,10200.0,5100.0,propagated,0.096,392.21,587.52,1734.232,14.326,0.008261,582.667,1.0,2,1759526.3,5908890.5
4724,2,0.040452,0.0337,4,50,Upper Harbour Drive,10408.0,5204.0,default,0.096,400.208,599.501,1769.598,4.293,0.002426,598.047,1.0,1,1749769.0,5928065.6
4725,1,0.005063999999999999,0.0042,4,50,Upper Harbour Drive,10408.0,5204.0,default,0.096,400.208,599.501,1769.598,8.586,0.004852,596.592,1.0,2,1749751.9,5928061.3
4726,2,0.09745199999999998,0.0812,4,50,Entry 6 Tauhinu Road,5140.0,2570.0,count,0.096,197.643,296.064,873.917,12.879,0.014737,291.701,1.0,3,1749710.9,5928054.4
4727,1,0.142716,0.2379,4,100,Entry 6 Tauhinu Road,5140.0,2570.0,propagated,0.096,197.643,296.064,873.917,12.879,0.014737,291.701,1.0,3,1749583.4,5927959.0
4728,1,0.03267,0.0544,1,100,Exit 19 Maioro Street,23126.0,11563.0,default,0.096,889.241,1332.058,3931.948,14.202,0.003612,1327.247,1.0,2,1753588.4,5914357.8
4729,2,0.070716,0.0589,1,50,Exit 19 Maioro Street,25072.0,12536.0,default,0.096,964.069,1444.147,4262.81,14.202,0.003332,1439.336,1.0,2,1753541.7,5914390.1
4730,2,0.06689999999999999,0.0558,3,50,Sunnybrae Road,18063.0,9031.5,propagated,0.096,694.558,1040.429,3071.122,6.895,0.002245,1038.093,1.0,1,1755930.0,5926792.4
4731,11,0.465912,0.3883,4,50,Lake Road,11385.0,5692.5,count,0.096,437.776,655.776,1935.709,6.556,0.003387,653.555,1.0,1,1755679.3,5926219.8
4732,10,0.25551599999999997,0.2129,4,50,Lake Road,10182.0,5091.0,propagated,0.096,391.518,586.483,1731.171,6.556,0.003787,584.262,1.0,1,1755642.7,5925922.4
4733,3,0.025488,0.0212,3,50,Remuera Road,17470.0,8735.0,propagated,0.104408,671.756,1094.405,3230.447,5.25,0.001625,1092.626,1.0,1,1759553.2,5917055.1
4734,1,0.035747999999999995,0.0298,4,50,Market Road,11959.0,5979.5,propagated,0.096,459.847,688.838,2033.301,5.25,0.002582,687.059,1.0,1,1759556.6,5917037.3
4735,3,0.26115599999999994,0.2176,2,50,Exit 453 Takanini,23488.0,11744.0,propagated,0.096,903.161,1352.909,3993.495,1.964,0.000492,1352.244,1.0,1,1769909.9,5899723.9
4736,7,0.111342,0.1856,0,100,Southern Motorway,69352.0,34676.0,propagated,0.096,2666.723,3994.675,11791.419,1.964,0.000167,3994.01,1.0,1,1769894.9,5899923.9
4737,4,0.91536,1.5256,0,100,Southern Motorway,92840.0,46420.0,count,0.096,3569.884,5347.584,15784.914,1.964,0.000124,5346.919,1.0,1,1769905.3,5900779.3
4738,3,0.37816799999999995,0.6303,0,100,Southern Motorway,74072.0,37036.0,default,0.096,2848.217,4266.547,12593.926,1.964,0.000156,4265.882,1.0,1,1769600.0,5901791.2
4739,2,0.262938,0.4382,0,100,Southern Motorway,120188.0,60094.0,propagated,0.096,4621.469,6922.829,20434.697,1.964,9.6e-05,6922.164,1.0,1,1769382.6,5902277.8
4740,7,0.27956400000000003,0.4659,0,100,Southern Motorway,120188.0,60094.0,propagated,0.096,4621.469,6922.829,20434.697,8.481,0.000415,6919.956,1.0,2,1769049.1,5902580.5
4741,4,0.36993,0.6166,0,100,Southern Motorway,120188.0,60094.0,count,0.096,4621.469,6922.829,20434.697,12.154,0.000595,6918.711,1.0,3,1768690.7,5902979.3
4742,7,0.42237,0.704,0,100,Southern Motorway,83750.0,41875.0,count,0.096,3220.355,4824.0,14239.407,12.154,0.000854,4819.882,1.0,3,1768354.0,5903547.0
4743,3,0.30320400000000003,0.5053,0,100,Southern Motorway,67388.0,33694.0,count,0.096,2591.203,3881.549,11457.495,12.154,0.001061,3877.431,1.0,3,1768101.2,5904094.3
4744,3,0.082008,0.1367,0,100,Southern Motorway,81538.0,40769.0,propagated,0.096,3135.299,4696.589,13863.317,12.154,0.000877,4692.471,1.0,3,1767985.7,5904393.8
4745,4,0.35741999999999996,0.2978,4,50,Taniwha Street,3130.0,1565.0,propagated,0.096,120.355,180.288,532.171,3.189,0.005992,179.208,1.0,1,1767066.8,5917587.2
4746,2,0.11738399999999999,0.0978,3,50,Hillsborough Road,19460.0,9730.0,count,0.096,748.276,1120.896,3308.643,37.077,0.011206,1108.335,1.0,5,1756771.5,5913230.0
4747,2,0.120804,0.1007,3,50,Hillsborough Road,16150.0,8075.0,count,0.096,621.0,930.24,2745.868,46.043,0.016768,914.642,1.0,6,1756797.6,5913325.6
4748,1,0.00749,0.0075,2,60,Albany Highway,28612.0,14306.0,default,0.096,1100.189,1648.051,4864.691,2.558,0.000526,1647.184,1.0,1,1752152.7,5930601.6
4749,5,0.186684,0.1556,4,50,Neilson Street,32683.0,16341.5,propagated,0.096,1256.727,1882.541,5556.855,6.861,0.001235,1880.217,1.0,1,1759387.5,5911782.4
4750,1,0.8181799999999999,0.4091,4,30,Westhaven Drive,2935.0,1467.5,propagated,0.096,112.857,169.056,499.017,3.966,0.007948,167.712,1.0,1,1755819.3,5921179.4
4751,3,0.26184,0.1309,4,30,Westhaven Drive,2935.0,1467.5,propagated,0.096,112.857,169.056,499.017,10.702,0.021446,165.43,1.0,2,1756067.6,5921077.3
4752,2,0.12124000000000001,0.0606,4,30,Westhaven Drive,2935.0,1467.5,propagated,0.096,112.857,169.056,499.017,17.55,0.035169,163.11,1.0,3,1756144.3,5921020.0
4753,3,0.22703999999999996,0.1892,3,50,Blockhouse Bay Road,8092.0,4046.0,propagated,0.122096,311.154,592.8,1749.818,4.582,0.002619,591.248,1.0,2,1751637.8,5912857.9
4754,3,0.227064,0.1892,3,50,Blockhouse Bay Road,8092.0,4046.0,propagated,0.122096,311.154,592.8,1749.818,7.833,0.004476,590.146,1.0,3,1751631.9,5913047.3
4755,13,0.630804,0.5257,3,50,Blockhouse Bay Road,12080.0,6040.0,count,0.096,464.5,695.808,2053.875,10.894,0.005304,692.117,1.0,4,1751621.0,5913404.3
4756,2,0.06356400000000001,0.053,4,50,Richardson Road,8166.0,4083.0,propagated,0.097967,313.999,479.999,1416.853,6.091,0.004299,477.936,1.0,1,1754534.8,5912663.1
4757,4,0.166692,0.1389,4,50,Richardson Road,11321.0,5660.5,count,0.096,435.315,652.09,1924.829,6.091,0.003164,650.027,1.0,1,1754600.4,5912592.9
4758,2,0.04697,0.047,3,60,New North Road Interchange,22076.5,11038.25,default,0.096,848.886,1271.606,3753.506,5.578,0.001486,1269.716,1.0,1,1756243.3,5918159.4
4759,1,0.06086,0.0609,3,60,New North Road Interchange,22076.5,11038.25,default,0.096,848.886,1271.606,3753.506,11.049,0.002944,1267.863,1.0,2,1756230.9,5918106.9
4760,3,0.07777200000000001,0.0648,2,50,Great North Road,9979.0,4989.5,propagated,0.089488,383.713,535.8,1581.566,4.511,0.002852,534.272,1.0,1,1754745.6,5918792.9
4761,2,0.035832,0.0299,4,50,Matthews Road,13463.0,6731.5,propagated,0.096,517.679,775.469,2289.017,6.917,0.003022,773.126,1.0,1,1769194.6,5905174.7
4762,2,0.237876,0.1982,4,50,Selwyn Road,3691.0,1845.5,count,0.096,141.926,212.602,627.555,10.498,0.016728,209.046,1.0,3,1772857.5,5915135.1
4763,4,0.375204,0.3127,4,50,Selwyn Road,4098.0,2049.0,count,0.096,157.576,236.045,696.754,10.498,0.015067,232.489,1.0,3,1772617.2,5915099.3
4764,2,0.20345999999999997,0.1696,4,50,Selwyn Road,4523.0,2261.5,count,0.096,173.918,260.525,769.014,10.498,0.013651,256.969,1.0,3,1772402.0,5914999.9
4765,5,0.150948,0.1258,4,50,Ascot Road,10408.0,5204.0,default,0.096,400.208,599.501,1769.598,6.451,0.003645,597.316,1.0,1,1758935.1,5906736.2
4766,1,0.04615,0.0461,4,60,Ascot Road,14258.0,7129.0,default,0.096,548.249,821.261,2424.185,6.451,0.002661,819.076,1.0,1,1759020.8,5906728.5
4767,2,0.05305,0.053,3,60,Kirkbride Road,20808.0,10404.0,propagated,0.092993,800.109,1160.999,3427.019,28.731,0.008384,1151.266,1.0,4,1759065.6,5906709.9
4768,1,0.014112,0.0118,2,50,George Bolt Memorial Drive,18992.0,9496.0,default,0.096,730.28,1093.939,3229.072,1.271,0.000394,1093.508,1.0,1,1758969.4,5904050.9
4769,2,0.158856,0.1324,2,50,George Bolt Memorial Drive,43628.0,21814.0,propagated,0.096,1677.584,2512.973,7417.754,1.271,0.000171,2512.542,1.0,1,1758945.9,5904118.9
4770,1,0.009972,0.0083,4,50,Church Street,9593.0,4796.5,propagated,0.096,368.87,552.557,1631.029,4.618,0.002831,550.993,1.0,1,1759628.7,5912252.7
4771,3,0.08985000000000001,0.0898,3,60,Kirkbride Road,20808.0,10404.0,propagated,0.092993,800.109,1160.999,3427.019,13.829,0.004035,1156.314,1.0,2,1759031.4,5906765.6
4772,7,0.27222,0.2269,4,50,Apollo Drive,10308.0,5154.0,count,0.096,396.363,593.741,1752.595,5.13,0.002927,592.003,1.0,1,1754176.6,5932717.8
4773,3,0.146976,0.1225,4,50,Apollo Drive,10308.0,5154.0,propagated,0.096,396.363,593.741,1752.595,11.503,0.006563,589.844,1.0,2,1754194.7,5932891.1
4774,2,0.102552,0.0855,4,50,Don McKinnon Drive,12956.0,6478.0,propagated,0.10034,498.184,780.003,2302.401,4.672,0.002029,778.42,1.0,1,1752761.3,5933727.5
4775,4,0.24109199999999997,0.2009,4,50,Don McKinnon Drive,9768.0,4884.0,propagated,0.096,375.599,562.637,1660.783,4.672,0.002813,561.054,1.0,1,1752659.9,5933627.8
4776,1,0.051324,0.0428,2,50,Great North Road,10947.0,5473.5,propagated,0.096,420.934,630.547,1861.239,7.674,0.004123,627.947,1.0,2,1756135.9,5919151.3
4777,7,0.31070000000000003,0.3107,4,60,Wiri Station Road,15670.0,7835.0,propagated,0.096,602.543,902.592,2664.257,18.915,0.0071,896.184,1.0,2,1767109.5,5903919.9
4778,1,0.01512,0.0151,4,60,Wiri Station Road,15670.0,7835.0,propagated,0.096,602.543,902.592,2664.257,29.452,0.011054,892.614,1.0,3,1767105.7,5904080.7
4779,1,0.013890000000000001,0.0139,3,60,Hollyford Drive,21569.0,10784.5,propagated,0.073114,829.371,946.198,2792.972,4.563,0.001634,944.652,1.0,1,1768661.4,5905305.2
4780,6,0.24554,0.2455,3,60,Favona Road,22811.0,11405.5,propagated,0.096,877.129,1313.914,3878.391,4.384,0.00113,1312.429,1.0,1,1761863.3,5909215.0
4781,8,0.50939,0.5094,4,60,James Fletcher Drive,18747.0,9373.5,count,0.096,720.86,1079.827,3187.416,4.384,0.001375,1078.342,1.0,1,1762225.4,5909258.1
4782,7,0.32595999999999997,0.326,4,60,James Fletcher Drive,18747.0,9373.5,propagated,0.096,720.86,1079.827,3187.416,7.502,0.002354,1077.285,1.0,2,1762639.6,5909299.1
4783,2,0.029740000000000003,0.0297,4,60,James Fletcher Drive,18747.0,9373.5,propagated,0.096,720.86,1079.827,3187.416,10.747,0.003372,1076.186,1.0,3,1762815.8,5909275.4
4784,1,0.06952799999999999,0.0579,4,50,James Fletcher Drive,18747.0,9373.5,propagated,0.096,720.86,1079.827,3187.416,10.747,0.003372,1076.186,1.0,3,1762859.2,5909269.1
4785,4,0.14376,0.1198,4,50,Bush Road,13274.0,6637.0,count,0.096,510.412,764.582,2256.881,4.79,0.002122,762.959,1.0,1,1752421.5,5933234.8
4786,1,0.006888,0.0057,4,50,Bush Road,17632.0,8816.0,propagated,0.106114,677.986,1122.601,3313.676,4.79,0.001446,1120.978,1.0,1,1752465.5,5933278.6
4787,1,0.0027225,0.0036,4,80,Bush Road,17632.0,8816.0,propagated,0.106114,677.986,1122.601,3313.676,4.79,0.001446,1120.978,1.0,1,1752469.3,5933281.6
4788,1,0.03516,0.0352,3,60,Botany Road,40889.0,20444.5,propagated,0.096,1572.264,2355.206,6952.06,24.691,0.003552,2346.841,1.0,6,1770382.5,5911619.1
4789,3,0.16647,0.1665,3,60,Botany Road,40889.0,20444.5,propagated,0.096,1572.264,2355.206,6952.06,30.463,0.004382,2344.886,1.0,7,1770368.4,5911519.4
4790,4,0.15272000000000002,0.1527,3,60,Botany Road,40889.0,20444.5,propagated,0.096,1572.264,2355.206,6952.06,35.799,0.005149,2343.078,1.0,8,1770329.1,5911365.5
4791,1,0.02784324324324325,0.0172,4,37,Sandspit Road,6942.0,3471.0,propagated,0.137424,266.934,572.398,1689.595,4.311,0.002551,570.938,1.0,1,1772747.5,5913834.7
4792,1,0.019104,0.0159,4,50,Sunnybrae Road,18063.0,9031.5,propagated,0.096,694.558,1040.429,3071.122,7.467,0.002431,1037.899,1.0,1,1755925.4,5926747.4
4793,6,0.174948,0.1458,3,50,Taharoto Road,24616.0,12308.0,count,0.099407,946.534,1468.202,4333.815,4.54,0.001048,1466.664,1.0,1,1756928.2,5927264.6
4794,3,0.096252,0.0802,3,50,Taharoto Road,25498.0,12749.0,count,0.092478,980.449,1414.802,4176.19,9.966,0.002386,1411.426,1.0,2,1756850.0,5927346.4
4795,2,0.011064,0.0092,3,50,Taharoto Road,25498.0,12749.0,propagated,0.092478,980.449,1414.802,4176.19,15.735,0.003768,1409.471,1.0,3,1756819.9,5927379.6
4796,3,0.03594,0.03,3,50,Taharoto Road,25498.0,12749.0,propagated,0.092478,980.449,1414.802,4176.19,21.445,0.005135,1407.537,1.0,4,1756806.2,5927393.6
4797,1,0.149136,0.1243,3,50,,15105.5,7552.75,default,0.096,580.837,870.077,2568.28,21.445,0.00835,862.812,1.0,4,1756746.8,5927440.3
4798,1,0.004679999999999999,0.0039,4,50,Saint Marks Road,12556.0,6278.0,propagated,0.100749,482.803,759.003,2240.413,8.15,0.003638,756.242,1.0,1,1758617.3,5917568.9
4799,1,0.010116,0.0084,4,50,Church Street,7919.0,3959.5,propagated,0.096,304.501,456.134,1346.409,6.319,0.004693,453.993,1.0,1,1759015.9,5912189.2
4800,1,0.006288,0.0052,4,50,Church Street,7919.0,3959.5,propagated,0.096,304.501,456.134,1346.409,12.683,0.00942,451.837,1.0,2,1759017.7,5912195.6
4801,1,0.015372,0.0128,4,50,Onehunga Mall,8329.0,4164.5,propagated,0.096,320.267,479.75,1416.118,12.683,0.008956,475.453,1.0,2,1759020.2,5912203.0
4802,2,0.1403,0.1403,3,60,Favona Road,12878.0,6439.0,propagated,0.096,495.185,741.773,2189.554,4.381,0.002001,740.289,1.0,1,1760550.8,5908974.8
4803,1,0.03491,0.0349,3,60,Favona Road,12878.0,6439.0,count,0.096,495.185,741.773,2189.554,9.974,0.004555,738.394,1.0,2,1760474.6,5908931.3
4804,1,0.06959,0.0696,3,60,Springs Road,20439.0,10219.5,propagated,0.096,785.92,1177.286,3475.094,10.188,0.002932,1173.835,1.0,2,1768510.7,5909237.9
4805,2,0.03767,0.0377,3,60,Springs Road,20748.0,10374.0,propagated,0.096,797.802,1195.085,3527.633,10.188,0.002888,1191.634,1.0,2,1768498.3,5909186.0
4806,9,0.16960000000000003,0.1696,3,60,Springs Road,20748.0,10374.0,propagated,0.096,797.802,1195.085,3527.633,13.198,0.003741,1190.614,1.0,3,1768474.0,5909085.4
4807,4,0.09813000000000001,0.0981,3,60,Springs Road,20748.0,10374.0,count,0.096,797.802,1195.085,3527.633,17.895,0.005073,1189.023,1.0,4,1768442.8,5908955.1
4808,3,0.056029999999999996,0.056,3,60,Springs Road,20748.0,10374.0,propagated,0.096,797.802,1195.085,3527.633,22.58,0.006401,1187.435,1.0,5,1768424.8,5908880.0
4809,3,0.09406,0.0941,3,60,Springs Road,20259.0,10129.5,propagated,0.096,778.999,1166.918,3444.49,22.58,0.006555,1159.268,1.0,5,1768407.0,5908807.2
4810,3,0.09577,0.0958,3,60,Springs Road,20259.0,10129.5,count,0.096,778.999,1166.918,3444.49,27.749,0.008056,1157.517,1.0,6,1768384.2,5908715.0
4811,3,0.13107,0.1311,3,60,Springs Road,18510.0,9255.0,count,0.096,711.747,1066.176,3147.121,27.749,0.008817,1056.775,1.0,6,1768357.0,5908605.0
4812,1,0.0143,0.0072,4,30,Great South Road,5885.0,2942.5,propagated,0.096,226.29,338.976,1000.584,3.45,0.003448,337.807,1.0,1,1763925.6,5910068.7
4813,4,0.078648,0.0655,2,50,Princes Street,9221.0,4610.5,propagated,0.096,354.566,531.13,1567.781,3.45,0.002201,529.961,1.0,1,1763958.2,5910080.4
4814,5,0.227628,0.1897,2,50,Princes Street,9221.0,4610.5,count,0.096,354.566,531.13,1567.781,7.696,0.004909,528.523,1.0,2,1764082.7,5910108.8
4815,5,0.35038800000000003,0.292,4,50,Rosebank Road,16919.0,8459.5,count,0.093918,650.569,953.399,2814.228,3.065,0.001089,952.361,1.0,1,1750171.0,5916227.6
4816,3,0.18115199999999998,0.151,4,50,Rosebank Road,17443.0,8721.5,count,0.096,670.718,1004.717,2965.708,3.065,0.001033,1003.679,1.0,1,1750285.5,5916040.0
4817,2,0.16218,0.1352,4,50,Rosebank Road,23468.0,11734.0,count,0.096,902.392,1351.757,3990.095,3.065,0.000768,1350.719,1.0,1,1750378.7,5915931.0
4818,5,0.331056,0.2759,4,50,Rosebank Road,21145.0,10572.5,count,0.096,813.068,1217.952,3595.131,3.065,0.000853,1216.914,1.0,1,1750511.8,5915773.9
4819,3,0.17882399999999998,0.149,4,50,Rosebank Road,22427.0,11213.5,count,0.096,862.363,1291.795,3813.1,3.065,0.000804,1290.757,1.0,1,1750669.0,5915640.3
4820,1,0.051924,0.0433,3,50,Redoubt Road,13986.0,6993.0,count,0.096,537.79,805.594,2377.94,6.218,0.002615,803.487,1.0,1,1768089.2,5904362.1
4821,1,0.01383,0.023,3,100,Entry 448 Manukau,18576.0,9288.0,propagated,0.096,714.284,1069.978,3158.344,12.481,0.003952,1065.75,1.0,2,1768059.2,5904363.3
4822,3,0.036744,0.0306,3,50,Redoubt Road,21335.0,10667.5,count,0.096,820.373,1228.896,3627.436,12.481,0.003441,1224.668,1.0,2,1768032.9,5904359.3
4823,2,0.15996,0.1333,4,50,Wallace Road,4820.0,2410.0,count,0.096,185.339,277.632,819.51,3.252,0.003968,276.53,1.0,1,1758440.1,5908853.9
4824,1,0.08728799999999999,0.0727,4,50,Wallace Road,4820.0,2410.0,propagated,0.096,185.339,277.632,819.51,7.397,0.009026,275.126,1.0,2,1758522.9,5908792.8
4825,1,0.095244,0.0794,4,50,Wallace Road,6247.0,3123.5,propagated,0.096,240.21,359.827,1062.132,7.397,0.006964,357.321,1.0,2,1758578.0,5908741.0
4826,1,0.035699999999999996,0.0298,4,50,Makora Road,10176.0,5088.0,propagated,0.096,391.288,586.138,1730.153,23.961,0.013849,578.021,1.0,5,1744259.7,5922020.3
4827,3,0.23265599999999997,0.1939,4,50,Makora Road,8512.0,4256.0,count,0.096,327.303,490.291,1447.233,23.961,0.016556,482.174,1.0,5,1744291.4,5922127.0
4828,4,0.174648,0.1455,4,50,Makora Road,9082.0,4541.0,count,0.096,349.221,523.123,1544.146,23.961,0.015517,515.006,1.0,5,1744311.4,5922295.3
4829,1,0.019776,0.0165,4,50,Makora Road,13321.0,6660.5,propagated,0.096,512.219,767.29,2264.874,23.961,0.010579,759.173,1.0,5,1744317.7,5922376.3
4830,5,0.476844,0.3974,4,50,Exit 18 Royal Road,15718.0,7859.0,count,0.096,604.389,905.357,2672.418,23.961,0.008966,897.24,1.0,5,1744409.4,5922252.5
4831,3,0.08510399999999999,0.0709,2,50,Kitchener Road,10973.0,5486.5,propagated,0.096,421.934,632.045,1865.66,7.414,0.003974,629.533,1.0,2,1757458.6,5928918.4
4832,1,0.06529199999999999,0.0544,3,50,Shakespeare Road,13563.0,6781.5,propagated,0.095996,521.524,781.196,2305.922,7.414,0.003215,778.684,1.0,2,1757398.3,5928923.5
4833,2,0.118476,0.0987,4,50,Hilltop Road,5503.0,2751.5,count,0.096,211.601,316.973,935.636,5.131,0.005484,315.235,1.0,1,1769675.9,5904726.4
4834,2,0.04716,0.0393,2,50,Godley Road,15433.0,7716.5,propagated,0.096,593.43,888.941,2623.962,0.844,0.000322,888.655,1.0,1,1749536.1,5911508.9
4835,7,0.20434799999999997,0.1703,2,50,Godley Road,12693.0,6346.5,count,0.096,488.071,731.117,2158.1,0.844,0.000391,730.831,1.0,1,1749637.7,5911533.5
4836,6,0.43008,0.3584,2,50,Godley Road,13097.0,6548.5,count,0.096,503.606,754.387,2226.788,0.844,0.000379,754.101,1.0,1,1749894.7,5911596.6
4837,5,0.45941999999999994,0.3828,2,50,Godley Road,10709.0,5354.5,count,0.096,411.782,616.838,1820.773,0.844,0.000464,616.552,1.0,1,1750255.3,5911684.1
4838,5,0.17517599999999997,0.146,2,50,Portage Road,9916.0,4958.0,propagated,0.096,381.29,571.162,1685.947,0.844,0.000501,570.876,1.0,1,1750449.5,5911820.1
4839,2,0.019667999999999998,0.0164,2,50,Portage Road,9916.0,4958.0,propagated,0.096,381.29,571.162,1685.947,3.184,0.001889,570.083,1.0,2,1750462.4,5911898.5
4840,5,0.343116,0.2859,4,50,Portage Road,9916.0,4958.0,count,0.096,381.29,571.162,1685.947,3.184,0.001889,570.083,1.0,2,1750499.1,5912041.0
4841,3,0.10150800000000001,0.0846,4,50,Portage Road,9916.0,4958.0,propagated,0.096,381.29,571.162,1685.947,7.365,0.004368,568.667,1.0,3,1750559.9,5912215.6
4842,4,0.157488,0.1312,2,50,Great North Road,23382.0,11691.0,propagated,0.096,899.085,1346.803,3975.472,1.543,0.000388,1346.28,1.0,1,1753923.9,5918362.8
4843,2,0.049176,0.041,2,50,Great North Road,23382.0,11691.0,propagated,0.096,899.085,1346.803,3975.472,3.086,0.000776,1345.758,1.0,2,1754009.2,5918371.8
4844,4,0.119028,0.0992,2,50,Great North Road,24173.0,12086.5,propagated,0.088984,929.5,1290.606,3809.59,3.086,0.00081,1289.561,1.0,2,1754073.9,5918395.5
4845,3,0.09258,0.0772,2,50,Don Buck Road,23156.0,11578.0,propagated,0.096,890.395,1333.786,3937.048,4.585,0.001165,1332.233,1.0,2,1742770.4,5921998.1
4846,1,0.01216,0.0061,2,30,Don Buck Road,23156.0,11578.0,propagated,0.096,890.395,1333.786,3937.048,4.585,0.001165,1332.233,1.0,2,1742792.9,5922030.7
4847,1,0.027644444444444444,0.0124,2,27,Don Buck Road,23156.0,11578.0,propagated,0.096,890.395,1333.786,3937.048,4.585,0.001165,1332.233,1.0,2,1742800.0,5922035.9
4848,1,0.012792,0.0053,2,25,Don Buck Road,23156.0,11578.0,propagated,0.096,890.395,1333.786,3937.048,4.585,0.001165,1332.233,1.0,2,1742799.1,5922044.1
4849,5,0.097788,0.0815,2,50,Don Buck Road,23156.0,11578.0,propagated,0.096,890.395,1333.786,3937.048,12.234,0.003107,1329.641,1.0,5,1742822.1,5922078.4
4850,5,0.1977,0.1648,3,50,Saint Lukes Road,23901.0,11950.5,count,0.096,919.041,1376.698,4063.715,39.379,0.00969,1363.357,1.0,7,1753815.6,5917498.2
4851,6,0.31026,0.2586,3,50,Saint Lukes Road,9657.0,4828.5,count,0.096,371.331,556.243,1641.909,39.379,0.023984,542.902,1.0,7,1753804.0,5917708.7
4852,7,0.42512399999999995,0.3543,3,50,Saint Lukes Road,31909.0,15954.5,count,0.096,1226.965,1837.958,5425.255,39.379,0.007258,1824.617,1.0,7,1753806.5,5918014.9
4853,2,0.04992,0.0416,3,50,Saint Lukes Road,9759.0,4879.5,propagated,0.096,375.253,562.118,1659.251,39.379,0.023733,548.777,1.0,7,1753822.8,5918211.9
4854,4,0.057516,0.0479,3,50,Exit 6 Saint Lukes Road,12200.0,6100.0,propagated,0.096,469.114,702.72,2074.278,39.379,0.018984,689.379,1.0,7,1753843.6,5918246.1
4855,1,0.039450000000000006,0.0526,3,80,Exit 6 Saint Lukes Road,35410.0,17705.0,propagated,0.096,1361.585,2039.616,6020.506,39.379,0.006541,2026.275,1.0,7,1753893.1,5918250.5
4856,12,0.7935825,1.0581,3,80,Alfriston Road,10490.5,5245.25,default,0.096,403.381,604.253,1783.624,7.157,0.004013,601.828,1.0,2,1773862.7,5902592.3
4857,5,0.3333675,0.4445,3,80,Alfriston Road,7443.0,3721.5,propagated,0.108961,286.198,486.598,1436.332,10.38,0.007227,483.081,1.0,3,1773488.7,5901946.9
4858,3,0.317784,0.2648,4,50,Beach Road,3094.0,1547.0,count,0.096,118.97,178.214,526.049,10.874,0.020671,174.53,1.0,3,1747709.1,5921729.1
4859,10,0.29034,0.242,4,50,Harbour View Road,2493.0,1246.5,count,0.093061,95.861,139.201,410.891,10.874,0.026464,135.517,1.0,3,1747596.2,5921560.2
4860,8,0.22375200000000003,0.1865,4,50,Harbour View Road,4332.0,2166.0,count,0.108957,166.574,283.201,835.948,10.874,0.013008,279.517,1.0,3,1747388.1,5921508.7
4861,3,0.041688,0.0347,4,50,Te Atatu Road,10919.0,5459.5,propagated,0.096,419.857,628.934,1856.477,10.874,0.005857,625.25,1.0,3,1747297.6,5921470.3
4862,1,0.018612,0.0155,4,50,Park Road,15906.0,7953.0,propagated,0.096,611.618,916.186,2704.383,5.708,0.002111,914.252,1.0,1,1757817.1,5918532.7
4863,3,0.28582285714285716,0.3335,3,70,Candia Road,4723.0,2361.5,propagated,0.132119,181.609,374.399,1105.145,2.508,0.002269,373.549,1.0,1,1741825.8,5917534.1
4864,10,1.1027914285714284,1.2866,3,70,Candia Road,4056.0,2028.0,count,0.153353,155.961,373.2,1101.606,2.508,0.002277,372.35,1.0,1,1741945.0,5916799.2
4865,4,0.12242399999999999,0.102,4,50,Sturges Road,840.0,420.0,propagated,0.096,32.3,48.384,142.819,2.508,0.017561,47.534,1.0,1,1742239.8,5916230.0
4866,4,0.596496,0.4971,4,50,Sturges Road,840.0,420.0,count,0.096,32.3,48.384,142.819,5.989,0.041934,46.355,1.0,2,1742510.5,5916301.4
4867,3,0.155412,0.1295,4,50,Sturges Road,840.0,420.0,propagated,0.096,32.3,48.384,142.819,9.289,0.06504,45.237,1.0,3,1742794.2,5916300.5
4868,4,0.1995,0.1663,4,50,Sturges Road,2053.0,1026.5,propagated,0.096,78.942,118.253,349.057,9.289,0.026612,115.106,1.0,3,1742898.0,5916197.7
4869,3,0.141336,0.1178,2,50,Tom Pearce Drive,18992.0,9496.0,default,0.096,730.28,1093.939,3229.072,3.654,0.001132,1092.701,1.0,2,1760099.6,5903727.5
4870,1,0.004776,0.004,4,50,Sturges Road,2053.0,1026.5,propagated,0.096,78.942,118.253,349.057,4.271,0.012236,116.806,1.0,1,1743360.8,5916416.9
4871,3,0.07497000000000001,0.075,4,60,Stancombe Road,8303.0,4151.5,count,0.138143,319.267,688.201,2031.421,6.44,0.00317,686.019,1.0,2,1770558.6,5907989.6
4872,2,0.2293,0.2293,4,60,Stancombe Road,16761.0,8380.5,count,0.106139,644.494,1067.397,3150.726,6.44,0.002044,1065.215,1.0,2,1770410.6,5908025.9
4873,5,0.31952,0.3195,4,60,Stancombe Road,17526.0,8763.0,count,0.099509,673.91,1046.397,3088.738,6.44,0.002085,1044.215,1.0,2,1770143.7,5908090.3
4874,3,0.036516,0.0304,4,50,Upper Harbour Drive,10408.0,5204.0,default,0.096,400.208,599.501,1769.598,4.293,0.002426,598.047,1.0,1,1749745.1,5928075.9
4875,4,0.576252,0.4802,2,50,Tamaki Drive,18992.0,9496.0,default,0.096,730.28,1093.939,3229.072,10.237,0.00317,1090.471,1.0,3,1764048.5,5920336.5
4876,3,0.445512,0.3713,2,50,Tamaki Drive,12290.0,6145.0,propagated,0.101465,472.575,748.203,2208.534,10.237,0.004635,744.735,1.0,3,1763672.9,5920511.4
4877,15,1.1125000000000003,0.5563,2,30,Tamaki Drive,12290.0,6145.0,propagated,0.101465,472.575,748.203,2208.534,10.237,0.004635,744.735,1.0,3,1763251.8,5920423.1
4878,1,0.09958,0.0498,2,30,Tamaki Drive,12553.0,6276.5,propagated,0.11081,482.688,834.599,2463.556,10.237,0.004155,831.131,1.0,3,1763023.0,5920592.1
4879,2,0.838524,0.6988,2,50,Tamaki Drive,12553.0,6276.5,count,0.11081,482.688,834.599,2463.556,10.237,0.004155,831.131,1.0,3,1762735.9,5920801.0
4880,10,0.7448159999999999,0.6207,2,50,Tamaki Drive,16570.0,8285.0,propagated,0.096,637.15,954.432,2817.277,10.237,0.003634,950.964,1.0,3,1762125.1,5920726.3
4881,2,0.6322679999999999,0.5269,2,50,Tamaki Drive,7645.0,3822.5,count,0.126095,293.966,578.398,1707.306,10.237,0.005996,574.93,1.0,3,1762125.3,5920283.6
4882,3,0.395532,0.3296,2,50,Tamaki Drive,17136.0,8568.0,count,0.096872,658.913,995.999,2939.974,10.237,0.003482,992.531,1.0,3,1761806.3,5920016.5
4883,5,0.7648079999999999,0.6373,2,50,Tamaki Drive,19275.0,9637.5,count,0.096,741.162,1110.24,3277.189,10.237,0.003124,1106.772,1.0,3,1761353.5,5920135.4
4884,6,0.17002799999999998,0.1417,2,50,Tamaki Drive,18270.0,9135.0,count,0.096,702.518,1052.352,3106.316,10.237,0.003296,1048.884,1.0,3,1761008.9,5919974.9
4885,2,0.019152,0.016,2,50,White Swan Road,24418.0,12209.0,propagated,0.096,938.921,1406.477,4151.617,1.758,0.000423,1405.881,1.0,1,1752767.4,5912440.5
4886,7,0.196104,0.1634,2,50,White Swan Road,22258.0,11129.0,count,0.096,855.865,1282.061,3784.367,1.758,0.000465,1281.465,1.0,1,1752679.0,5912423.3
4887,1,0.031284,0.0261,4,50,Boundary Road,4140.0,2070.0,propagated,0.135749,159.191,337.201,995.345,3.272,0.003287,336.093,1.0,2,1752594.3,5912423.0
4888,7,0.268488,0.2237,4,50,Boundary Road,4140.0,2070.0,propagated,0.135749,159.191,337.201,995.345,4.948,0.004971,335.525,1.0,3,1752626.1,5912540.8
4889,5,0.082452,0.0687,4,50,Central Park Drive,18473.0,9236.5,propagated,0.098035,710.324,1086.6,3207.409,9.342,0.002913,1083.435,1.0,2,1745758.3,5919400.3
4890,1,0.006659999999999999,0.0056,4,50,Central Park Drive,18473.0,9236.5,propagated,0.098035,710.324,1086.6,3207.409,13.842,0.004316,1081.911,1.0,3,1745772.7,5919435.0
4891,3,0.084132,0.0701,4,50,Central Park Drive,18473.0,9236.5,propagated,0.098035,710.324,1086.6,3207.409,18.343,0.005719,1080.386,1.0,4,1745789.6,5919469.0
4892,17,0.392904,0.3274,4,50,Central Park Drive,13570.0,6785.0,count,0.103169,521.794,840.002,2479.505,18.343,0.007398,833.788,1.0,4,1745876.3,5919647.5
4893,8,0.19674,0.1639,3,50,Puhinui Road,16569.0,8284.5,propagated,0.096,637.111,954.374,2817.106,13.51,0.004796,949.797,1.0,3,1767067.7,5905513.3
4894,1,0.02832,0.0142,4,30,Hepburn Street,4318.0,2159.0,propagated,0.096,166.036,248.717,734.159,5.928,0.008075,246.709,1.0,1,1756058.0,5919764.8
4895,1,0.00504,0.0042,3,50,West Coast Road,19676.0,9838.0,propagated,0.096,756.582,1133.338,3345.369,1.673,0.0005,1132.771,1.0,1,1748230.1,5914022.4
4896,1,0.016116,0.0134,4,50,Target Road,11188.0,5594.0,propagated,0.110744,430.201,743.402,2194.362,6.558,0.002989,741.18,1.0,1,1753853.8,5930192.7
4897,2,0.008351999999999998,0.0139,4,100,Exit 2 Lambie Drive,26826.0,13413.0,propagated,0.096,1031.513,1545.178,4561.032,10.428,0.002286,1541.645,1.0,1,1766765.4,5904035.3
4898,4,0.03121,0.0312,4,60,Lambie Drive,27044.0,13522.0,propagated,0.104718,1039.896,1699.196,5015.66,20.865,0.00416,1692.127,1.0,2,1766772.1,5904028.4
4899,4,0.070932,0.0591,3,50,Tripoli Road,12657.0,6328.5,propagated,0.096,486.687,729.043,2151.978,3.4,0.00158,727.891,1.0,1,1766073.1,5915967.6
4900,3,0.21269999999999997,0.1772,3,50,Tripoli Road,8867.0,4433.5,count,0.092703,340.954,493.199,1455.817,3.4,0.002335,492.047,1.0,1,1765968.3,5916021.8
4901,5,0.17085599999999998,0.1424,3,50,Tripoli Road,6487.0,3243.5,count,0.096,249.438,373.651,1102.937,6.319,0.005729,371.51,1.0,2,1765826.4,5916092.9
4902,5,0.23798399999999997,0.1983,3,50,Tripoli Road,6488.0,3244.0,count,0.096,249.477,373.709,1103.108,6.319,0.005728,371.568,1.0,2,1765673.7,5916168.4
4903,2,0.04332,0.0361,2,50,Pilkington Road,17256.0,8628.0,propagated,0.096,663.528,993.946,2933.914,6.319,0.002154,991.805,1.0,2,1765575.6,5916194.9
4904,4,0.1052,0.1052,2,60,Esmonde Road,33269.0,16634.5,propagated,0.096,1279.26,1916.294,5656.486,2.406,0.000425,1915.479,1.0,1,1757330.5,5926079.5
4905,6,0.14120000000000002,0.1412,2,60,Esmonde Road,28612.0,14306.0,default,0.096,1100.189,1648.051,4864.691,2.406,0.000495,1647.236,1.0,1,1757229.7,5926008.6
4906,4,0.10921199999999998,0.091,2,50,East Coast Road,15060.0,7530.0,propagated,0.105511,579.087,953.397,2814.222,1.552,0.000551,952.871,1.0,1,1756353.1,5930684.6
4907,6,0.276408,0.2303,3,50,Forrest Hill Road,13883.0,6941.5,count,0.106533,533.829,887.399,2619.41,1.552,0.000592,886.873,1.0,1,1756292.4,5930587.2
4908,1,0.025979999999999996,0.0216,4,50,Stanley Road,10408.0,5204.0,default,0.096,400.208,599.501,1769.598,4.948,0.002796,597.825,1.0,1,1752691.2,5927902.8
4909,1,0.015888,0.0132,4,50,Stoddard Road,13129.0,6564.5,propagated,0.096,504.836,756.23,2232.228,3.918,0.001755,754.903,1.0,1,1754317.6,5914117.7
4910,1,0.12109199999999999,0.1009,4,50,Stoddard Road,13039.0,6519.5,count,0.096,501.376,751.046,2216.926,3.918,0.001767,749.719,1.0,1,1754269.3,5914148.6
4911,6,0.0978,0.0815,4,50,Stoddard Road,10700.0,5350.0,propagated,0.096,411.436,616.32,1819.244,5.197,0.002857,614.559,1.0,1,1753798.9,5914468.7
4912,8,0.14494800000000002,0.1208,4,50,Stoddard Road,13090.0,6545.0,propagated,0.096,503.337,753.984,2225.598,5.197,0.002335,752.223,1.0,1,1753714.2,5914523.1
4913,3,0.156084,0.1301,4,50,Maioro Street,19274.0,9637.0,propagated,0.096,741.124,1110.182,3277.018,19.424,0.005927,1103.602,1.0,3,1753621.4,5914510.1
4914,3,0.0438,0.0365,2,50,Great South Road,23313.0,11656.5,propagated,0.101231,896.431,1415.999,4179.723,4.158,0.000995,1414.59,1.0,1,1761053.7,5914361.1
4915,3,0.034092,0.0284,4,50,Stokes Road,10762.0,5381.0,propagated,0.103327,413.82,667.203,1969.439,5.004,0.002541,665.508,1.0,1,1757242.6,5916829.1
4916,13,0.80436,0.6703,4,50,Owens Road,6958.0,3479.0,propagated,0.103622,267.549,432.601,1276.945,5.004,0.003919,430.906,1.0,1,1757481.4,5917031.5
4917,3,0.11196,0.0933,3,50,Weymouth Road,7609.0,3804.5,propagated,0.096,292.581,438.278,1293.702,4.365,0.003374,436.799,1.0,1,1766275.5,5899757.5
4918,2,0.045,0.0375,4,50,Sunnyside Road,14181.0,7090.5,propagated,0.096,545.288,816.826,2411.094,3.955,0.00164,815.486,1.0,1,1745724.8,5915442.0
4919,12,1.2363375,1.6484,4,80,Ridge Road,231.0,115.5,count,0.096,8.882,13.306,39.276,7.682,0.19559,10.703,1.0,2,1747922.7,5932946.7
4920,6,0.42676500000000006,0.569,4,80,Ridge Road,1098.0,549.0,propagated,0.090164,42.22,59.4,175.336,7.682,0.043813,56.798,1.0,2,1748624.0,5933713.5
4921,4,0.2120475,0.2827,4,80,Ridge Road,1098.0,549.0,count,0.090164,42.22,59.4,175.336,11.309,0.064499,55.569,1.0,3,1748932.0,5933983.7
4922,1,0.01495,0.015,4,60,Ridge Road,1098.0,549.0,propagated,0.090164,42.22,59.4,175.336,11.309,0.064499,55.569,1.0,3,1749015.7,5934100.9
4923,11,1.7597299999999998,1.7597,4,60,O'Brien Road,1172.0,586.0,count,0.096,45.066,67.507,199.266,11.309,0.056753,63.676,1.0,3,1748950.1,5934910.4
4924,2,0.1125825,0.1501,3,80,Coatesville-Riverhead Highway,8594.0,4297.0,count,0.111822,330.456,576.599,1701.996,11.309,0.006645,572.768,1.0,3,1748834.9,5935797.4
4925,3,0.0418575,0.0558,3,80,Coatesville-Riverhead Highway,6727.0,3363.5,count,0.096,258.667,387.475,1143.743,11.309,0.009888,383.644,1.0,3,1748913.8,5935863.6
4926,8,0.40809,0.4081,4,60,Murphys Road,17509.0,8754.5,count,0.099035,673.256,1040.402,3071.042,3.515,0.001145,1039.211,1.0,1,1771426.8,5907383.2
4927,2,0.07841000000000001,0.0784,4,60,Murphys Road,17509.0,8754.5,propagated,0.099035,673.256,1040.402,3071.042,9.861,0.003211,1037.061,1.0,2,1771367.6,5907147.3
4928,3,0.11774000000000001,0.1177,4,60,Murphys Road,7923.0,3961.5,propagated,0.141992,304.655,675.002,1992.46,16.43,0.008246,669.436,1.0,3,1771341.5,5907053.6
4929,3,0.32441,0.3244,3,60,Massey Road,13938.0,6969.0,count,0.096,535.944,802.829,2369.778,6.307,0.002661,800.692,1.0,2,1761187.9,5906124.9
4930,3,0.16233,0.1623,3,60,Massey Road,22646.0,11323.0,count,0.096,870.784,1304.41,3850.337,6.307,0.001638,1302.273,1.0,2,1761389.7,5906257.6
4931,6,0.20805,0.208,3,60,Massey Road,25232.0,12616.0,count,0.096,970.221,1453.363,4290.014,6.307,0.00147,1451.226,1.0,2,1761538.7,5906367.3
4932,1,0.01584,0.0132,3,50,Main Highway,12840.0,6420.0,propagated,0.096,493.724,739.584,2183.092,17.71,0.008112,733.584,1.0,3,1761378.7,5914222.9
4933,3,0.195156,0.1626,4,50,Church Street,2474.0,1237.0,propagated,0.096,95.13,142.502,420.635,3.808,0.009053,141.212,1.0,1,1760786.7,5922619.3
4934,2,0.048624,0.0405,4,50,Vauxhall Road,6426.0,3213.0,propagated,0.096,247.093,370.138,1092.568,3.808,0.003485,368.848,1.0,1,1760760.5,5922714.5
4935,1,0.068364,0.057,4,50,Niall Burgess Road,10408.0,5204.0,default,0.096,400.208,599.501,1769.598,7.525,0.004252,596.952,1.0,1,1763645.0,5911575.2
4936,2,0.115068,0.0959,4,50,Vestey Drive,8255.0,4127.5,propagated,0.096,317.421,475.488,1403.538,7.525,0.005361,472.939,1.0,1,1763659.0,5911634.3
4937,1,0.016739999999999998,0.0167,3,60,Walmsley Road,17719.0,8859.5,propagated,0.096,681.331,1020.614,3012.632,8.571,0.002845,1017.71,1.0,1,1759892.8,5908761.6
4938,1,0.005849999999999999,0.0058,3,60,Entry 10 Walmsley Road,10840.0,5420.0,propagated,0.096,416.82,624.384,1843.047,22.119,0.012001,616.891,1.0,3,1759883.3,5908762.2
4939,2,0.135636,0.113,3,50,Saint Lukes Road,23901.0,11950.5,propagated,0.096,919.041,1376.698,4063.715,33.374,0.008213,1365.392,1.0,6,1753867.4,5917370.1
4940,1,0.019392,0.0162,4,50,Everglade Drive,9087.0,4543.5,propagated,0.096,349.413,523.411,1544.996,3.592,0.002325,522.194,1.0,1,1768562.7,5903631.2
4941,1,0.032855999999999996,0.0274,4,50,Everglade Drive,9087.0,4543.5,propagated,0.096,349.413,523.411,1544.996,7.184,0.00465,520.977,1.0,2,1768567.5,5903652.2
4942,4,0.235896,0.1966,4,50,Everglade Drive,11270.0,5635.0,count,0.096,433.354,649.152,1916.157,7.184,0.003749,646.718,1.0,2,1768613.7,5903753.4
4943,5,0.24497999999999998,0.2042,4,50,Everglade Drive,10598.0,5299.0,count,0.096,407.514,610.445,1801.902,7.184,0.003987,608.011,1.0,2,1768717.8,5903924.9
4944,3,0.263304,0.2194,4,50,Everglade Drive,13802.0,6901.0,count,0.096,530.715,794.995,2346.654,7.184,0.003061,792.561,1.0,2,1768817.1,5904110.4
4945,2,0.08506799999999999,0.0709,4,50,Everglade Drive,13786.0,6893.0,propagated,0.096,530.099,794.074,2343.935,7.184,0.003065,791.64,1.0,2,1768829.8,5904254.6
4946,4,0.10755599999999998,0.0896,4,50,Everglade Drive,13786.0,6893.0,count,0.096,530.099,794.074,2343.935,13.102,0.00559,789.635,1.0,3,1768815.4,5904331.6
4947,1,0.08334,0.0694,4,50,Everglade Drive,12212.0,6106.0,count,0.096,469.576,703.411,2076.317,13.102,0.00631,698.972,1.0,3,1768781.8,5904403.3
4948,1,0.134604,0.1122,4,50,Everglade Drive,10058.0,5029.0,count,0.096,386.75,579.341,1710.09,13.102,0.007662,574.902,1.0,3,1768762.0,5904491.8
4949,6,0.33697200000000005,0.2808,4,50,Ascot Avenue,11061.0,5530.5,count,0.096,425.318,637.114,1880.623,5.021,0.00267,635.413,1.0,1,1760548.2,5916351.7
4950,1,0.029195999999999996,0.0243,4,50,Pupuke Road,10408.0,5204.0,default,0.096,400.208,599.501,1769.598,3.095,0.001749,598.452,1.0,1,1754907.9,5925789.9
4951,2,0.04566,0.038,4,50,Ocean View Road,6916.0,3458.0,propagated,0.096,265.934,398.362,1175.879,3.095,0.002632,397.313,1.0,1,1754926.4,5925804.4
4952,3,0.04090799999999999,0.0341,3,50,Forest Hill Road,11594.0,5797.0,propagated,0.096,445.812,667.814,1971.243,7.631,0.003871,665.229,1.0,1,1743914.5,5914969.5
4953,6,0.26088,0.2174,4,50,Triangle Road,7456.0,3728.0,count,0.111722,286.698,499.8,1475.302,12.066,0.008179,495.712,1.0,3,1744111.3,5921954.8
4954,3,0.10980000000000001,0.0915,4,50,Makora Road,10176.0,5088.0,count,0.096,391.288,586.138,1730.153,17.956,0.010378,580.055,1.0,4,1744238.0,5921964.1
4955,9,0.515784,0.4298,4,50,Golf Road,10016.0,5008.0,propagated,0.096,385.135,576.922,1702.949,6.422,0.003771,574.746,1.0,2,1750011.7,5912257.1
4956,6,0.43161599999999994,0.3597,4,50,Golf Road,6785.0,3392.5,propagated,0.132793,260.897,540.6,1595.735,6.422,0.004024,538.424,1.0,2,1750374.2,5912381.3
4957,8,0.46596,0.3883,4,50,Airpark Drive,8861.0,4430.5,count,0.096,340.723,510.394,1506.573,3.534,0.002346,509.197,1.0,1,1758733.0,5905077.2
4958,1,0.070464,0.0587,4,50,Mount Smart Road,14939.0,7469.5,propagated,0.108776,574.434,975.003,2877.998,5.701,0.001981,973.072,1.0,1,1760214.6,5913047.9
4959,5,0.19762799999999997,0.1647,4,50,Mount Smart Road,17188.0,8594.0,count,0.096,660.913,990.029,2922.352,5.701,0.001951,988.098,1.0,1,1760325.8,5913056.4
4960,2,0.026448,0.022,4,50,Mount Smart Road,17188.0,8594.0,propagated,0.096,660.913,990.029,2922.352,10.294,0.003523,986.542,1.0,2,1760419.0,5913063.2
4961,11,0.514836,0.429,4,50,Mount Smart Road,16409.0,8204.5,count,0.096,630.959,945.158,2789.902,10.294,0.00369,941.671,1.0,2,1760644.1,5913079.5
4962,2,0.061992,0.0517,4,50,Station Road,12626.0,6313.0,propagated,0.096,485.495,727.258,2146.709,13.295,0.006193,722.754,1.0,3,1760882.6,5913100.8
4963,12,0.398544,0.3321,4,50,Station Road,12626.0,6313.0,count,0.096,485.495,727.258,2146.709,16.297,0.007592,721.737,1.0,4,1761073.2,5913111.5
4964,1,0.025668,0.0214,4,50,Bairds Road,19178.0,9589.0,propagated,0.082386,737.432,947.999,2798.288,7.535,0.002693,945.446,1.0,1,1766810.6,5907954.1
4965,2,0.12099599999999999,0.1008,4,50,Bairds Road,10345.0,5172.5,count,0.096,397.786,595.872,1758.886,7.535,0.004284,593.319,1.0,1,1766854.4,5907911.2
4966,1,0.07997142857142857,0.028,4,21,Bairds Road,19821.0,9910.5,propagated,0.096,762.157,1141.69,3370.023,7.535,0.002236,1139.137,1.0,1,1766884.6,5907857.9
4967,1,0.018,0.015,2,50,Entry 16 Hillsborough Road,24156.0,12078.0,propagated,0.096,928.847,1391.386,4107.071,6.768,0.001648,1389.093,1.0,1,1756626.6,5912841.1
4968,1,0.05209199999999999,0.0434,2,50,Exit 16 Hillsborough Road,9520.0,4760.0,propagated,0.096,366.063,548.352,1618.617,21.152,0.013068,541.186,1.0,3,1756598.3,5912849.3
4969,1,0.05014199999999999,0.0836,2,100,Exit 16 Hillsborough Road,9520.0,4760.0,propagated,0.096,366.063,548.352,1618.617,21.152,0.013068,541.186,1.0,3,1756540.1,5912874.2
4970,3,0.11519999999999998,0.192,2,100,Exit 16 Hillsborough Road,8350.0,4175.0,count,0.096,321.074,480.96,1419.69,21.152,0.014899,473.794,1.0,3,1756415.9,5912933.3
4971,1,0.055116,0.0919,2,100,Exit 16 Hillsborough Road,8350.0,4175.0,propagated,0.096,321.074,480.96,1419.69,28.707,0.020221,471.235,1.0,4,1756295.8,5913009.1
4972,3,0.045276,0.0755,0,100,Southwestern Motorway,63864.0,31932.0,propagated,0.096,2455.699,3678.566,10858.333,36.364,0.003349,3666.247,1.0,5,1756224.3,5913051.7
4973,1,0.004716,0.0039,4,50,Mount Smart Road,16409.0,8204.5,propagated,0.096,630.959,945.158,2789.902,3.002,0.001076,944.141,1.0,1,1760851.7,5913089.1
4974,2,0.06732,0.0561,4,50,Station Road,12626.0,6313.0,propagated,0.096,485.495,727.258,2146.709,3.002,0.001398,726.241,1.0,1,1760881.8,5913091.9
4975,1,0.00375,0.0038,4,60,Wiri Station Road,15670.0,7835.0,propagated,0.096,602.543,902.592,2664.257,18.843,0.007073,896.208,1.0,2,1766990.5,5903749.5
4976,2,0.02343,0.0234,4,60,Lambie Drive,25244.0,12622.0,propagated,0.088259,970.682,1336.806,3945.963,28.287,0.007169,1327.223,1.0,3,1766978.5,5903743.5
4977,2,0.13698,0.1142,2,50,Curran Street,6671.0,3335.5,propagated,0.096,256.513,384.25,1134.223,2.875,0.002535,383.276,1.0,1,1755106.0,5921505.2
4978,2,0.13618799999999998,0.1135,2,50,Entry 423 Curran Street,16546.0,8273.0,count,0.096,636.227,953.05,2813.198,2.875,0.001022,952.076,1.0,1,1755112.6,5921618.9
4979,2,0.07859250000000001,0.1048,2,80,Entry 423 Curran Street,16546.0,8273.0,propagated,0.096,636.227,953.05,2813.198,2.875,0.001022,952.076,1.0,1,1755167.6,5921711.2
4980,1,0.1316025,0.1755,2,80,Entry 423 Curran Street,20348.0,10174.0,count,0.096,782.421,1172.045,3459.624,2.875,0.000831,1171.071,1.0,1,1755267.1,5921808.7
4981,1,0.013643999999999998,0.0114,4,50,Seymour Road,14215.0,7107.5,propagated,0.101724,546.595,867.604,2560.98,3.386,0.001322,866.457,1.0,1,1745586.8,5915295.1
4982,4,0.09154799999999999,0.0763,3,50,Balmoral Road,20625.0,10312.5,propagated,0.096,793.072,1188.0,3506.72,3.483,0.000993,1186.82,1.0,1,1755956.0,5916164.6
4983,1,0.078168,0.0651,4,50,Richardson Road,8000.0,4000.0,propagated,0.096,307.616,460.8,1360.182,3.206,0.002357,459.714,1.0,1,1752739.4,5915620.5
4984,2,0.135648,0.113,4,50,Richardson Road,8000.0,4000.0,propagated,0.096,307.616,460.8,1360.182,6.362,0.004677,458.645,1.0,2,1752683.8,5915690.1
4985,2,0.129828,0.1082,4,50,Richardson Road,8000.0,4000.0,count,0.096,307.616,460.8,1360.182,11.393,0.008376,456.94,1.0,3,1752615.7,5915777.1
4986,3,0.187992,0.1567,4,50,Richardson Road,9954.0,4977.0,count,0.092023,382.751,549.598,1622.295,11.393,0.007023,545.738,1.0,3,1752534.0,5915881.2
4987,2,0.16391999999999998,0.1366,4,50,Richardson Road,10077.0,5038.5,count,0.096,387.481,580.435,1713.319,11.393,0.00665,576.575,1.0,3,1752442.2,5915995.5
4988,1,0.021023999999999998,0.0175,4,50,Woodward Road,10118.0,5059.0,propagated,0.096,389.057,582.797,1720.291,11.393,0.006623,578.937,1.0,3,1752401.3,5916059.9
4989,1,0.070704,0.0589,3,50,Mount Albert Road,25645.0,12822.5,propagated,0.096,986.102,1477.152,4360.234,11.053,0.002535,1473.407,1.0,2,1757855.9,5913518.2
4990,3,0.235836,0.1965,3,50,Mount Albert Road,26428.0,13214.0,count,0.096,1016.209,1522.253,4493.362,11.053,0.00246,1518.508,1.0,2,1757732.7,5913551.5
4991,3,0.079572,0.0663,4,50,Fortunes Road,10938.0,5469.0,propagated,0.096,420.588,630.029,1859.71,12.258,0.006591,625.876,1.0,2,1769037.0,5914764.9
4992,2,0.026496,0.0221,4,50,Fortunes Road,10938.0,5469.0,propagated,0.096,420.588,630.029,1859.71,18.496,0.009946,623.763,1.0,3,1769059.1,5914726.2
4993,1,0.047124,0.0393,4,50,High Street,4876.0,2438.0,propagated,0.096,187.492,280.858,829.032,9.392,0.011329,277.676,1.0,2,1764399.0,5909625.5
4994,2,0.06078,0.0506,4,50,High Street,4876.0,2438.0,propagated,0.096,187.492,280.858,829.032,14.439,0.017417,275.966,1.0,3,1764442.5,5909636.1
4995,5,0.34538,0.1727,4,30,Tamaki Drive,8873.0,4436.5,default,0.096,341.185,511.085,1508.613,8.518,0.005646,508.199,1.0,2,1765667.0,5920162.8
4996,7,0.6222399999999999,0.3111,2,30,Tamaki Drive,12913.0,6456.5,default,0.096,496.531,743.789,2195.505,8.518,0.00388,740.903,1.0,2,1765443.9,5920069.5
4997,20,1.3353840000000001,1.1128,2,50,Tamaki Drive,18992.0,9496.0,default,0.096,730.28,1093.939,3229.072,8.518,0.002638,1091.053,1.0,2,1764781.2,5920112.4
4998,1,0.004404,0.0037,2,50,Hillsborough Road,24837.0,12418.5,propagated,0.095744,955.032,1426.796,4211.594,6.851,0.001627,1424.475,1.0,1,1756618.5,5912840.8
4999,1,0.1711725,0.2282,3,80,Brookby Road,5156.0,2578.0,count,0.096,198.259,296.986,876.639,3.235,0.00369,295.89,1.0,1,1774265.5,5903075.9
5000,2,0.10859999999999999,0.0905,3,50,Mount Wellington Highway,32409.0,16204.5,propagated,0.096,1246.191,1866.758,5510.267,4.254,0.000772,1865.317,1.0,1,1764217.2,5914493.0
5001,7,0.16839600000000002,0.1403,3,50,Mount Wellington Highway,20720.0,10360.0,count,0.096,796.725,1193.472,3522.872,4.254,0.001208,1192.031,1.0,1,1764164.2,5914390.6
5002,4,0.097524,0.0813,3,50,Remuera Road,8261.0,4130.5,propagated,0.096,317.652,475.834,1404.559,7.946,0.005657,473.142,1.0,1,1758618.2,5917889.8
5003,4,0.076416,0.0637,3,50,Remuera Road,8261.0,4130.5,count,0.096,317.652,475.834,1404.559,15.1,0.010751,470.718,1.0,2,1758570.5,5917944.9
5004,7,0.199068,0.1659,3,50,Remuera Road,12277.0,6138.5,count,0.096,472.075,707.155,2087.369,15.1,0.007234,702.039,1.0,2,1758492.4,5918028.6
5005,7,0.299604,0.2497,3,50,Broadway,17752.0,8876.0,count,0.085286,682.6,908.398,2681.395,27.632,0.010305,899.037,1.0,4,1758469.6,5918211.0
5006,8,0.134436,0.112,2,50,Broadway,16443.0,8221.5,propagated,0.096,632.266,947.117,2795.685,27.632,0.009884,937.756,1.0,4,1758512.9,5918385.4
5007,5,0.202824,0.169,2,50,Broadway,16443.0,8221.5,count,0.096,632.266,947.117,2795.685,32.079,0.011474,936.249,1.0,5,1758552.7,5918520.2
5008,4,0.077508,0.0646,2,50,Broadway,16443.0,8221.5,propagated,0.096,632.266,947.117,2795.685,36.44,0.013034,934.772,1.0,6,1758586.0,5918631.9
5009,1,0.030263999999999996,0.0252,2,50,Parnell Road,15260.0,7630.0,count,0.098165,586.778,898.799,2653.061,36.44,0.013735,886.454,1.0,6,1758602.0,5918671.2
5010,2,0.059952,0.05,4,50,Wharf Road,1928.0,964.0,propagated,0.096,74.135,111.053,327.804,3.364,0.010262,109.913,1.0,1,1746890.5,5922530.5
5011,1,0.03486,0.029,4,50,Terrace Atatu Road,5031.0,2515.5,propagated,0.096,193.452,289.786,855.386,3.364,0.003933,288.646,1.0,1,1746897.9,5922495.9
5012,2,0.12182399999999999,0.1015,3,50,Cook Street,8396.0,4198.0,propagated,0.130419,322.843,656.999,1939.319,5.077,0.002618,655.279,1.0,1,1772368.2,5914375.4
5013,3,0.099144,0.0826,3,50,Cook Street,8109.0,4054.5,propagated,0.096,311.807,467.078,1378.713,5.077,0.003682,465.358,1.0,1,1772363.5,5914284.0
5014,1,0.017064,0.0142,3,50,Cook Street,8109.0,4054.5,propagated,0.096,311.807,467.078,1378.713,11.051,0.008015,463.334,1.0,2,1772340.6,5914246.9
5015,6,0.369876,0.3082,4,50,Cook Street,8109.0,4054.5,count,0.096,311.807,467.078,1378.713,11.051,0.008015,463.334,1.0,2,1772264.4,5914109.4
5016,2,0.0294,0.0245,3,50,Cook Street,11657.0,5828.5,propagated,0.096,448.235,671.443,1981.955,11.051,0.005576,667.699,1.0,2,1772208.4,5913954.5
5017,1,0.007319999999999999,0.0061,4,50,Puhinui Road,19781.0,9890.5,propagated,0.076184,760.619,904.197,2668.994,9.776,0.003663,900.885,1.0,2,1764454.4,5904446.7
5018,1,0.047327999999999995,0.0394,4,50,Wyllie Road,16045.0,8022.5,propagated,0.096,616.962,924.192,2728.015,9.776,0.003584,920.88,1.0,2,1764432.1,5904447.7
5019,1,0.007619999999999999,0.0064,4,50,Wyllie Road,16045.0,8022.5,propagated,0.096,616.962,924.192,2728.015,14.6,0.005352,919.246,1.0,3,1764420.0,5904466.3
5020,7,0.3572759999999999,0.2977,4,50,Wyllie Road,16045.0,8022.5,count,0.096,616.962,924.192,2728.015,19.425,0.007121,917.611,1.0,4,1764409.8,5904617.9
5021,1,0.060719999999999996,0.0506,4,50,Wyllie Road,12474.0,6237.0,propagated,0.096,479.65,718.502,2120.863,19.425,0.009159,711.921,1.0,4,1764399.2,5904791.9
5022,7,0.45445199999999997,0.3787,4,50,Wyllie Road,12474.0,6237.0,count,0.096,479.65,718.502,2120.863,24.238,0.011428,710.291,1.0,5,1764445.9,5904999.4
5023,4,0.18552000000000002,0.1546,4,50,Wyllie Road,12509.0,6254.5,count,0.096,480.996,720.518,2126.814,24.238,0.011396,712.307,1.0,5,1764516.0,5905256.3
5024,2,0.10747199999999998,0.0896,4,50,Wyllie Road,12509.0,6254.5,propagated,0.096,480.996,720.518,2126.814,27.827,0.013084,711.091,1.0,6,1764547.2,5905374.5
5025,1,0.029663999999999996,0.0247,4,50,Wyllie Road,12509.0,6254.5,propagated,0.096,480.996,720.518,2126.814,32.34,0.015206,709.562,1.0,7,1764561.6,5905429.7
5026,3,0.184344,0.1536,4,50,Wyllie Road,15037.0,7518.5,propagated,0.096,578.203,866.131,2556.632,32.34,0.012649,855.175,1.0,7,1764584.9,5905515.7
5027,1,0.02972,0.0297,4,60,Wiri Station Road,15670.0,7835.0,propagated,0.096,602.543,902.592,2664.257,9.483,0.003559,899.379,1.0,1,1767016.9,5903779.5
5028,1,0.022728,0.0379,3,100,Entry 10 Walmsley Road,10840.0,5420.0,count,0.096,416.82,624.384,1843.047,13.548,0.007351,619.794,1.0,2,1759891.8,5908742.5
5029,2,0.031115999999999998,0.0259,4,50,Forest Hill Road,13133.0,6566.5,propagated,0.087261,504.99,687.599,2029.644,6.347,0.003127,685.449,1.0,1,1744330.1,5915694.3
5030,1,0.013727999999999999,0.0114,3,50,Henderson Valley Road,5133.0,2566.5,propagated,0.096,197.374,295.661,872.727,6.347,0.007273,293.511,1.0,1,1744333.8,5915706.9
5031,1,0.02159,0.0216,3,60,Ormiston Road,18880.0,9440.0,propagated,0.096,725.974,1087.488,3210.03,19.803,0.006169,1080.779,1.0,4,1771490.6,5907032.0
5032,4,0.10996,0.11,3,60,Ormiston Road,18880.0,9440.0,count,0.096,725.974,1087.488,3210.03,26.604,0.008288,1078.475,1.0,5,1771425.8,5907034.2
5033,3,0.06776399999999999,0.0565,1,50,Maioro Street,19274.0,9637.0,propagated,0.096,741.124,1110.182,3277.018,12.912,0.00394,1105.808,1.0,2,1753497.2,5914390.0
5034,2,0.091332,0.0761,3,50,Remuera Road,15074.0,7537.0,propagated,0.099642,579.625,901.202,2660.154,5.541,0.002083,899.325,1.0,1,1759113.4,5917479.0
5035,1,0.011676,0.0097,3,50,Remuera Road,15074.0,7537.0,propagated,0.099642,579.625,901.202,2660.154,11.863,0.00446,897.183,1.0,2,1759080.2,5917505.9
5036,6,0.102912,0.0858,3,50,Remuera Road,15074.0,7537.0,propagated,0.099642,579.625,901.202,2660.154,18.294,0.006877,895.004,1.0,3,1759040.9,5917530.6
5037,7,0.299112,0.2493,3,50,Remuera Road,15074.0,7537.0,count,0.099642,579.625,901.202,2660.154,24.744,0.009302,892.819,1.0,4,1758908.4,5917632.5
5038,1,0.020676,0.0172,3,50,Remuera Road,12389.0,6194.5,propagated,0.096,476.382,713.606,2106.411,24.744,0.011747,705.223,1.0,4,1758802.3,5917713.6
5039,1,0.034116,0.0284,3,50,Remuera Road,12389.0,6194.5,propagated,0.096,476.382,713.606,2106.411,32.873,0.015606,702.469,1.0,5,1758784.3,5917727.3
5040,4,0.036732,0.0306,3,50,Rosedale Road,12689.0,6344.5,propagated,0.123178,487.917,937.803,2768.192,19.366,0.006996,931.242,1.0,3,1754203.9,5933131.8
5041,1,0.01758,0.0146,4,50,Porchester Road,14663.0,7331.5,propagated,0.094455,563.822,830.996,2452.921,7.629,0.00311,828.411,1.0,1,1770772.6,5901594.7
5042,1,0.011519999999999999,0.0096,2,50,Atkinson Avenue,16610.0,8305.0,propagated,0.096,638.688,956.736,2824.078,11.576,0.004099,952.814,1.0,2,1764255.4,5909778.1
5043,4,0.168156,0.1401,4,50,Golf Road,6383.0,3191.5,count,0.14946,245.439,572.402,1689.607,3.244,0.00192,571.303,1.0,1,1749210.3,5911959.6
5044,6,0.2031,0.1693,4,50,Golf Road,6729.0,3364.5,count,0.125724,258.744,507.598,1498.32,3.244,0.002165,506.499,1.0,1,1749363.4,5911983.8
5045,5,0.134868,0.1124,4,50,Golf Road,7282.0,3641.0,count,0.124416,280.007,543.598,1604.584,3.244,0.002022,542.499,1.0,1,1749500.8,5911969.4
5046,3,0.18670799999999999,0.1556,4,50,Golf Road,6795.0,3397.5,count,0.096,261.281,391.392,1155.305,3.244,0.002808,390.293,1.0,1,1749620.4,5911999.4
5047,5,0.215112,0.1793,4,50,Golf Road,10016.0,5008.0,propagated,0.096,385.135,576.922,1702.949,3.244,0.001905,575.823,1.0,1,1749751.6,5912102.8
5048,9,0.197832,0.1649,3,50,Tawa Drive,18944.0,9472.0,count,0.096,728.435,1091.174,3220.91,4.489,0.001394,1089.653,1.0,1,1753230.1,5932929.1
5049,1,0.0140925,0.0188,3,80,Tawa Drive,18944.0,9472.0,propagated,0.096,728.435,1091.174,3220.91,4.489,0.001394,1089.653,1.0,1,1753254.3,5933015.6
5050,1,0.040625999999999995,0.0677,3,100,,15033.0,7516.5,default,0.096,578.049,865.901,2555.953,4.489,0.001756,864.38,1.0,1,1753288.3,5933035.0
5051,1,0.027516,0.0229,4,50,Everglade Drive,9762.0,4881.0,propagated,0.096,375.368,562.291,1659.762,3.673,0.002213,561.047,1.0,1,1768922.4,5903011.3
5052,3,0.15546,0.1296,4,50,Everglade Drive,5600.0,2800.0,count,0.096,215.331,322.56,952.128,3.673,0.003858,321.316,1.0,1,1768953.6,5902942.2
5053,2,0.098724,0.0823,4,50,Eugenia Rise,13878.0,6939.0,count,0.096,533.637,799.373,2359.577,3.673,0.001557,798.129,1.0,1,1768974.1,5902856.1
5054,1,0.110688,0.0922,4,50,Eugenia Rise,13850.0,6925.0,count,0.096,532.56,797.76,2354.815,3.673,0.00156,796.516,1.0,1,1768930.0,5902780.9
5055,2,0.037056,0.0309,4,50,Orams Road,11061.0,5530.5,count,0.096,425.318,637.114,1880.623,3.673,0.001953,635.87,1.0,1,1768884.4,5902740.3
5056,6,0.152796,0.1273,4,50,Anzac Street,9478.0,4739.0,propagated,0.096,364.448,545.933,1611.476,5.612,0.003483,544.032,1.0,2,1757927.2,5927259.1
5057,4,0.16893599999999998,0.1408,4,50,Anzac Street,16027.0,8013.5,propagated,0.096,616.27,923.155,2724.954,9.656,0.003544,919.884,1.0,3,1757815.2,5927185.7
5058,1,0.027504,0.0458,1,100,Exit 19 Maioro Street,23126.0,11563.0,default,0.096,889.241,1332.058,3931.948,7.183,0.001827,1329.625,1.0,1,1753589.6,5914350.2
5059,1,0.14305199999999998,0.1192,3,50,Maskell Street,2062.0,1031.0,propagated,0.096,79.288,118.771,350.586,15.183,0.043307,113.627,1.0,3,1766492.3,5919840.5
5060,4,0.29204399999999997,0.2434,3,50,Maskell Street,2062.0,1031.0,count,0.096,79.288,118.771,350.586,21.372,0.060961,111.531,1.0,4,1766383.8,5919695.6
5061,3,0.066288,0.0552,3,50,Maskell Street,2062.0,1031.0,propagated,0.096,79.288,118.771,350.586,27.141,0.077416,109.576,1.0,5,1766294.3,5919576.0
5062,4,0.771828,0.6432,3,50,Maskell Street,4196.0,2098.0,count,0.096,161.345,241.69,713.417,27.141,0.038044,232.495,1.0,5,1766082.9,5919297.9
5063,1,0.018972,0.0158,4,50,Coronation Road,10408.0,5204.0,default,0.096,400.208,599.501,1769.598,4.398,0.002485,598.011,1.0,1,1759132.7,5910161.1
5064,5,0.20669999999999997,0.1722,4,50,Rimu Road,12611.0,6305.5,count,0.096,484.918,726.394,2144.158,8.687,0.004051,723.451,1.0,2,1759218.7,5910186.4
5065,2,0.075336,0.0628,4,50,Richmond Road,9666.0,4833.0,propagated,0.096,371.677,556.762,1643.441,8.399,0.005111,553.917,1.0,2,1755649.2,5919596.5
5066,2,0.07443000000000001,0.0496,4,40,Richmond Road,9666.0,4833.0,propagated,0.096,371.677,556.762,1643.441,8.399,0.005111,553.917,1.0,2,1755697.8,5919624.5
5067,3,0.05537399999999999,0.0923,3,100,Exit 10 Coronation Road,8928.0,4464.0,propagated,0.096,343.299,514.253,1517.964,17.817,0.011737,508.217,1.0,2,1759596.2,5908916.3
5068,5,0.06508,0.0651,4,60,Lambie Drive,25244.0,12622.0,propagated,0.088259,970.682,1336.806,3945.963,10.401,0.002636,1333.282,1.0,1,1766774.8,5904048.4
5069,1,0.010960000000000001,0.011,3,60,Lambie Drive,25244.0,12622.0,propagated,0.088259,970.682,1336.806,3945.963,21.049,0.005334,1329.675,1.0,2,1766793.7,5904015.3
5070,2,0.07396,0.074,4,60,Chapel Road,20213.0,10106.5,propagated,0.096,777.23,1164.269,3436.671,5.744,0.001671,1162.323,1.0,1,1770627.2,5911181.7
5071,2,0.03139,0.0314,3,60,Ti Rakau Drive,22076.5,11038.25,default,0.096,848.886,1271.606,3753.506,11.715,0.003121,1267.637,1.0,2,1770621.7,5911221.4
5072,2,0.030156000000000002,0.0251,2,50,Great South Road,15710.0,7855.0,propagated,0.096,604.081,904.896,2671.058,3.228,0.001209,903.802,1.0,1,1759266.9,5916396.2
5073,6,0.166452,0.1387,2,50,Great South Road,15068.0,7534.0,count,0.096,579.395,867.917,2561.904,3.228,0.00126,866.823,1.0,1,1759216.0,5916460.2
5074,5,0.160356,0.1336,2,50,Great South Road,14961.0,7480.5,count,0.096,575.28,861.754,2543.712,3.228,0.001269,860.66,1.0,1,1759131.6,5916567.3
5075,2,0.04975199999999999,0.0415,2,50,Great South Road,14961.0,7480.5,propagated,0.096,575.28,861.754,2543.712,7.631,0.003,859.169,1.0,2,1759083.9,5916640.8
5076,1,0.017616,0.0147,2,50,Grafton Road,18554.0,9277.0,propagated,0.096,713.438,1068.71,3154.601,5.147,0.001632,1066.966,1.0,1,1757770.0,5919624.0
5077,1,0.03084,0.0257,3,50,Green Lane W,29930.0,14965.0,propagated,0.105981,1150.868,1903.207,5617.856,7.559,0.001346,1900.646,1.0,2,1757740.1,5915585.3
5078,10,0.243204,0.2027,4,50,Neilson Street,13683.0,6841.5,count,0.096,526.139,788.141,2326.422,8.191,0.003521,785.366,1.0,1,1758957.1,5911789.1
5079,4,0.0515475,0.0687,3,80,Mill Road,20286.0,10143.0,propagated,0.096,780.037,1168.474,3449.083,33.861,0.009817,1157.003,1.0,6,1772550.7,5901488.4
5080,4,0.199596,0.1663,4,50,Munroe Road,8713.0,4356.5,count,0.104097,335.032,544.198,1606.355,3.551,0.002211,542.995,1.0,1,1743073.8,5918406.8
5081,5,0.086124,0.0718,4,50,Metcalfe Road,5068.0,2534.0,propagated,0.096,194.875,291.917,861.676,3.551,0.004121,290.714,1.0,1,1743072.0,5918514.0
5082,1,0.004488,0.0037,4,50,Caribbean Drive,9457.0,4728.5,propagated,0.096,363.641,544.723,1607.905,1.811,0.001126,544.109,1.0,1,1753681.6,5931254.0
5083,1,0.007875,0.0105,1,80,Upper Harbour Highway,30430.0,15215.0,propagated,0.096,1170.094,1752.768,5173.793,1.811,0.00035,1752.154,1.0,1,1753687.0,5931253.9
5084,16,0.43794,0.4379,3,60,Springs Road,20439.0,10219.5,count,0.096,785.92,1177.286,3475.094,6.314,0.001817,1175.147,1.0,1,1768571.2,5909484.3
5085,4,0.89362,0.4468,4,30,Westhaven Drive,8873.0,4436.5,default,0.096,341.185,511.085,1508.613,4.319,0.002863,509.622,1.0,1,1755362.0,5921762.2
5086,1,0.23424,0.1171,4,30,Shelly Beach Road,6500.0,3250.0,propagated,0.096,249.938,374.4,1105.148,7.663,0.006934,371.804,1.0,2,1755398.6,5921919.3
5087,1,0.09881250000000001,0.1318,4,80,Shelly Beach Road,6500.0,3250.0,propagated,0.096,249.938,374.4,1105.148,7.663,0.006934,371.804,1.0,2,1755349.2,5921805.4
5088,4,0.0924825,0.1233,2,80,Shelly Beach Road,6500.0,3250.0,propagated,0.096,249.938,374.4,1105.148,7.663,0.006934,371.804,1.0,2,1755326.9,5921680.4
5089,1,0.034499999999999996,0.0288,4,50,Rosebank Road,13299.0,6649.5,propagated,0.091285,511.373,728.4,2150.08,4.625,0.002151,726.833,1.0,1,1750961.2,5915523.0
5090,2,0.138792,0.1157,4,50,Rosebank Road,12630.0,6315.0,count,0.090024,485.649,682.202,2013.713,4.625,0.002297,680.635,1.0,1,1751024.2,5915488.9
5091,1,0.041772000000000004,0.0348,4,50,Rosebank Road,12819.0,6409.5,propagated,0.079257,492.916,609.597,1799.399,4.625,0.00257,608.03,1.0,1,1751099.5,5915485.0
5092,4,0.12135599999999999,0.1011,3,50,Broadway,15870.0,7935.0,count,0.096,610.233,914.112,2698.261,6.649,0.002464,911.859,1.0,1,1758381.8,5917845.8
5093,2,0.03492,0.0291,3,50,Broadway,15870.0,7935.0,propagated,0.096,610.233,914.112,2698.261,13.483,0.004997,909.544,1.0,2,1758383.6,5917780.2
5094,4,0.095304,0.0794,3,50,Broadway,11802.0,5901.0,count,0.096,453.811,679.795,2006.608,13.483,0.006719,675.227,1.0,2,1758384.8,5917725.8
5095,1,0.010416,0.0087,3,50,Broadway,11567.0,5783.5,propagated,0.096,444.774,666.259,1966.653,13.483,0.006856,661.691,1.0,2,1758386.2,5917682.0
5096,1,0.032484,0.0271,3,50,Sylvia Park Road,12052.0,6026.0,propagated,0.096,463.424,694.195,2049.114,8.371,0.004085,691.359,1.0,2,1763201.8,5911869.7
5097,2,0.07366799999999998,0.0614,4,50,Gossamer Drive,12564.0,6282.0,propagated,0.096,483.111,723.686,2136.165,9.771,0.004574,720.376,1.0,2,1768340.9,5913796.4
5098,1,0.0222,0.0222,4,60,Gossamer Drive,12564.0,6282.0,propagated,0.096,483.111,723.686,2136.165,16.677,0.007807,718.036,1.0,3,1768328.4,5913836.4
5099,1,0.04229,0.0423,4,60,Pakuranga Road,35474.0,17737.0,propagated,0.095676,1364.046,2036.406,6011.031,16.677,0.002774,2030.756,1.0,3,1768307.3,5913859.5
5100,4,0.10367999999999998,0.0864,3,50,Beach Road,10894.0,5447.0,count,0.112906,418.896,737.999,2178.414,4.084,0.001875,736.615,1.0,1,1756380.6,5932923.7
5101,1,0.140292,0.1169,3,50,Beach Road,12018.0,6009.0,count,0.096,462.116,692.237,2043.334,4.084,0.001999,690.853,1.0,1,1756440.2,5932843.4
5102,4,0.13746,0.0687,3,30,Beach Road,12127.0,6063.5,propagated,0.121877,466.307,886.801,2617.645,4.084,0.00156,885.417,1.0,1,1756507.9,5932779.5
5103,1,0.01566,0.0078,3,30,Beach Road,12127.0,6063.5,propagated,0.121877,466.307,886.801,2617.645,7.785,0.002974,884.164,1.0,2,1756526.0,5932752.2
5104,5,0.16151999999999997,0.0808,3,30,Beach Road,12127.0,6063.5,propagated,0.121877,466.307,886.801,2617.645,11.485,0.004388,882.91,1.0,3,1756541.1,5932714.8
5105,7,0.2219,0.111,3,30,Beach Road,12127.0,6063.5,propagated,0.121877,466.307,886.801,2617.645,14.907,0.005695,881.751,1.0,4,1756571.6,5932624.6
5106,13,0.7024439999999998,0.5854,4,50,West Coast Road,4928.0,2464.0,count,0.110795,189.491,327.599,967.002,2.585,0.002673,326.723,1.0,1,1744355.1,5913645.2
5107,9,0.20864400000000002,0.1739,4,50,West Coast Road,7079.0,3539.5,propagated,0.130103,272.202,552.599,1631.153,2.585,0.001585,551.723,1.0,1,1744643.0,5913886.0
5108,1,0.01884,0.0157,4,50,West Coast Road,7079.0,3539.5,propagated,0.130103,272.202,552.599,1631.153,6.89,0.004224,550.265,1.0,2,1744727.9,5913927.9
5109,2,0.195732,0.1631,4,50,West Coast Road,7079.0,3539.5,count,0.130103,272.202,552.599,1631.153,11.434,0.00701,548.725,1.0,3,1744806.2,5913971.2
5110,7,0.21693600000000002,0.1808,4,50,West Coast Road,5990.0,2995.0,count,0.096,230.327,345.024,1018.436,11.434,0.011227,341.15,1.0,3,1744961.2,5914044.3
5111,2,0.07763999999999999,0.0647,3,50,West Coast Road,5990.0,2995.0,propagated,0.096,230.327,345.024,1018.436,11.434,0.011227,341.15,1.0,3,1745072.1,5914075.3
5112,1,0.020304000000000003,0.0169,3,50,Symonds Street,25748.0,12874.0,propagated,0.096,990.062,1483.085,4377.747,10.829,0.002474,1479.416,1.0,1,1756989.5,5918759.7
5113,3,0.02593,0.0259,3,60,Pakuranga Road,50338.0,25169.0,propagated,0.096,1935.597,2899.469,8558.607,7.149,0.000835,2897.047,1.0,1,1769880.4,5914775.7
5114,4,0.14712,0.1226,3,50,Hillsborough Road,10982.0,5491.0,count,0.096,422.28,632.563,1867.189,28.938,0.015498,622.759,1.0,4,1756733.0,5913126.7
5115,6,0.296505,0.3953,2,80,Te Irirangi Drive,26798.0,13399.0,count,0.105381,1030.437,1694.4,5001.503,4.631,0.000926,1692.831,1.0,1,1769644.8,5908699.3
5116,4,0.114768,0.0956,3,50,Saint Lukes Road,10179.0,5089.5,propagated,0.096,391.403,586.31,1730.661,9.55,0.005518,583.075,1.0,2,1754566.0,5916562.6
5117,3,0.10644,0.0887,3,50,Jellicoe Road,16615.0,8307.5,count,0.096,638.88,957.024,2824.928,11.91,0.004216,952.989,1.0,2,1765027.0,5914984.1
5118,3,0.12919999999999998,0.1292,4,60,Stancombe Road,12176.0,6088.0,propagated,0.096,468.192,701.338,2070.198,3.175,0.001534,700.262,1.0,1,1771016.1,5907875.8
5119,7,0.36931,0.3693,4,60,Stancombe Road,14980.0,7490.0,count,0.116555,576.011,1047.596,3092.277,3.175,0.001027,1046.52,1.0,1,1770774.3,5907937.4
5120,7,0.20574,0.2057,2,60,Great South Road,26876.0,13438.0,propagated,0.096,1033.436,1548.058,4569.533,4.578,0.001002,1546.507,1.0,1,1767807.5,5904051.7
5121,2,0.07268999999999999,0.0727,2,60,Great South Road,26876.0,13438.0,propagated,0.096,1033.436,1548.058,4569.533,10.866,0.002378,1544.377,1.0,2,1767810.3,5904191.0
5122,8,0.31836,0.2653,4,50,Hill Road,23003.0,11501.5,count,0.096,884.511,1324.973,3911.034,3.587,0.000917,1323.758,1.0,1,1769987.9,5901970.6
5123,3,0.136068,0.1134,4,50,Hill Road,13364.0,6682.0,propagated,0.096,513.873,769.766,2272.183,3.587,0.001579,768.551,1.0,1,1769812.7,5901899.2
5124,4,0.033384,0.0278,2,50,Don Buck Road,23156.0,11578.0,propagated,0.096,890.395,1333.786,3937.048,2.837,0.000721,1332.825,1.0,1,1742994.5,5922311.3
5125,2,0.096336,0.0803,4,50,Stoddard Road,10700.0,5350.0,count,0.096,411.436,616.32,1819.244,5.368,0.002951,614.501,1.0,1,1753927.5,5914382.1
5126,2,0.105264,0.0877,4,50,Don McKinnon Drive,6497.0,3248.5,propagated,0.096,249.823,374.227,1104.637,8.94,0.008093,371.198,1.0,2,1752367.6,5934260.1
5127,2,0.03544799999999999,0.0295,3,50,Sylvia Park Road,14929.0,7464.5,propagated,0.096,574.05,859.91,2538.269,6.898,0.002718,857.573,1.0,1,1763775.0,5912171.5
5128,2,0.052104,0.0434,3,50,Sylvia Park Road,15418.0,7709.0,propagated,0.096,592.853,888.077,2621.412,6.898,0.002631,885.74,1.0,1,1763805.6,5912190.7
5129,1,0.035628,0.0297,2,50,Great South Road,16505.0,8252.5,propagated,0.096,634.65,950.688,2806.226,4.039,0.001439,949.32,1.0,1,1768622.9,5901135.9
5130,2,0.10328399999999999,0.0861,4,50,Hill Road,6171.0,3085.5,count,0.096,237.287,355.45,1049.212,9.461,0.009017,352.245,1.0,2,1768670.7,5901139.5
5131,3,0.173244,0.1444,4,50,Hill Road,6491.0,3245.5,count,0.096,249.592,373.882,1103.619,9.461,0.008573,370.677,1.0,2,1768776.9,5901184.5
5132,4,0.086952,0.0725,3,50,Beach Road,8284.0,4142.0,propagated,0.132424,318.536,658.2,1942.864,3.373,0.001736,657.057,1.0,1,1756502.3,5933473.2
5133,1,0.080544,0.0671,3,50,Beach Road,6256.0,3128.0,propagated,0.096,240.556,360.346,1063.664,3.373,0.003171,359.203,1.0,1,1756476.0,5933537.7
5134,3,0.11557199999999998,0.0963,1,50,Clark Street,20234.0,10117.0,count,0.096,778.038,1165.478,3440.24,2.546,0.00074,1164.615,1.0,1,1750070.6,5913833.2
5135,4,0.075936,0.0633,1,50,Clark Street,26345.0,13172.5,count,0.096,1013.018,1517.472,4479.25,5.785,0.001292,1515.512,1.0,2,1750148.1,5913818.3
5136,4,0.138312,0.1153,1,50,Clark Street,21745.0,10872.5,count,0.096,836.139,1252.512,3697.145,5.785,0.001565,1250.552,1.0,2,1750235.0,5913799.2
5137,1,0.10718399999999999,0.0893,1,50,Clark Street,24670.0,12335.0,count,0.096,948.611,1420.992,4194.462,5.785,0.001379,1419.032,1.0,2,1750334.3,5913775.1
5138,3,0.13596,0.1133,4,50,Beach Road,2604.0,1302.0,count,0.12404,100.129,193.8,572.056,7.143,0.012487,191.38,1.0,2,1747704.5,5922020.2
5139,2,0.12227999999999999,0.1019,4,50,Beach Road,3462.0,1731.0,count,0.096,133.121,199.411,588.618,7.143,0.012135,196.991,1.0,2,1747706.2,5921912.6
5140,2,0.07902,0.0658,3,50,Saint Lukes Road,20936.0,10468.0,propagated,0.096,805.031,1205.914,3559.598,6.382,0.001793,1203.752,1.0,1,1754006.8,5917202.8
5141,3,0.136848,0.114,3,50,Saint Lukes Road,20936.0,10468.0,propagated,0.096,805.031,1205.914,3559.598,27.018,0.00759,1196.761,1.0,5,1753945.5,5917269.2
5142,1,0.019188,0.016,3,50,Saint Lukes Road,23901.0,11950.5,propagated,0.096,919.041,1376.698,4063.715,27.018,0.006649,1367.545,1.0,5,1753903.0,5917317.6
5143,3,0.062592,0.0522,4,50,Te Pai Place,7602.0,3801.0,propagated,0.096,292.312,437.875,1292.513,4.34,0.003358,436.405,1.0,1,1745562.3,5919156.3
5144,11,0.38132399999999994,0.3178,4,50,Te Pai Place,7602.0,3801.0,propagated,0.096,292.312,437.875,1292.513,8.542,0.006609,434.981,1.0,2,1745378.9,5919180.1
5145,11,0.273804,0.2282,2,50,Albany Highway,20013.0,10006.5,propagated,0.096,769.54,1152.749,3402.666,1.176,0.000346,1152.351,1.0,1,1751588.7,5933978.7
5146,5,0.096708,0.0806,4,50,Onehunga Mall,22940.0,11470.0,propagated,0.096,882.089,1321.344,3900.322,7.543,0.001934,1318.789,1.0,1,1759167.3,5911465.6
5147,5,0.142332,0.1186,3,50,Merton Road,11459.0,5729.5,propagated,0.096,440.621,660.038,1948.29,4.557,0.002339,658.494,1.0,1,1765041.1,5916784.4
5148,6,0.2703,0.2252,3,50,Merton Road,11459.0,5729.5,count,0.096,440.621,660.038,1948.29,9.41,0.00483,656.85,1.0,2,1764880.6,5916822.1
5149,6,0.339072,0.2826,3,50,Merton Road,9781.0,4890.5,count,0.096,376.099,563.386,1662.994,14.493,0.008715,558.476,1.0,3,1764632.9,5916879.3
5150,3,0.373116,0.3109,3,50,Merton Road,10447.0,5223.5,count,0.096,401.708,601.747,1776.227,14.493,0.008159,596.837,1.0,3,1764343.2,5916943.0
5151,4,0.179556,0.1496,3,50,Merton Road,6388.0,3194.0,count,0.096,245.631,367.949,1086.106,14.493,0.013344,363.039,1.0,3,1764118.2,5916901.4
5152,2,0.057144,0.0476,3,50,College Road,18939.0,9469.5,propagated,0.096,728.242,1090.886,3220.06,23.551,0.007314,1082.907,1.0,5,1764038.4,5916931.0
5153,1,0.024012000000000002,0.02,3,50,College Road,18939.0,9469.5,propagated,0.096,728.242,1090.886,3220.06,32.683,0.01015,1079.814,1.0,7,1764040.8,5916964.4
5154,5,0.528852,0.4407,3,50,College Road,14736.0,7368.0,count,0.096,566.629,848.794,2505.457,32.683,0.013045,837.722,1.0,7,1764135.4,5917165.1
5155,4,0.171648,0.143,3,50,College Road,15106.0,7553.0,propagated,0.096,580.856,870.106,2568.365,32.683,0.012725,859.034,1.0,7,1764231.2,5917406.3
5156,1,0.039624,0.033,2,50,St Johns Road,19812.0,9906.0,propagated,0.096,761.811,1141.171,3368.491,32.683,0.009703,1130.099,1.0,7,1764163.1,5917450.6
5157,6,0.634272,0.5286,2,50,Te Horeta Road,28028.0,14014.0,propagated,0.096,1077.733,1614.413,4765.399,3.22,0.000676,1613.322,1.0,1,1764890.1,5915010.9
5158,2,0.15174,0.1517,3,60,Smales Road,18042.0,9021.0,count,0.096,693.751,1039.219,3067.55,2.919,0.000952,1038.23,1.0,1,1769502.0,5909877.1
5159,4,0.25788,0.2149,4,50,Walters Road,7864.0,3932.0,count,0.096,302.387,452.966,1337.058,1.515,0.001133,452.453,1.0,1,1773213.3,5898439.8
5160,3,0.314988,0.2625,4,50,Walters Road,10140.0,5070.0,count,0.096,389.903,584.064,1724.031,1.515,0.000879,583.551,1.0,1,1772989.5,5898357.1
5161,1,0.017076,0.0142,4,50,Walters Road,10140.0,5070.0,propagated,0.096,389.903,584.064,1724.031,4.46,0.002587,582.553,1.0,2,1772859.9,5898308.2
5162,3,0.28608,0.2384,4,50,Walters Road,9979.0,4989.5,count,0.096,383.713,574.79,1696.656,4.46,0.002629,573.279,1.0,2,1772741.3,5898264.7
5163,2,0.163572,0.1363,2,50,East Coast Road,12954.0,6477.0,count,0.111857,498.107,869.397,2566.272,3.916,0.001526,868.07,1.0,1,1757219.1,5929199.5
5164,3,0.203436,0.1695,2,50,East Coast Road,12987.0,6493.5,count,0.096,499.376,748.051,2208.085,3.916,0.001773,746.724,1.0,1,1757282.2,5929060.2
5165,1,0.021204,0.0177,2,50,East Coast Road,12987.0,6493.5,propagated,0.096,499.376,748.051,2208.085,7.845,0.003553,745.393,1.0,2,1757321.3,5928975.1
5166,1,0.005016,0.0042,2,50,Kitchener Road,10973.0,5486.5,propagated,0.096,421.934,632.045,1865.66,7.845,0.004205,629.387,1.0,2,1757327.3,5928965.8
5167,1,0.029268,0.0244,3,50,Kepa Road,21474.0,10737.0,propagated,0.096,825.718,1236.902,3651.068,4.867,0.001333,1235.253,1.0,1,1763773.8,5919073.8
5168,4,0.387576,0.323,2,50,Ash Street,32828.0,16414.0,count,0.080084,1262.302,1577.399,4656.141,2.254,0.000484,1576.635,1.0,1,1750620.8,5915478.8
5169,1,0.089712,0.0748,2,50,Ash Street,22180.0,11090.0,propagated,0.096,852.865,1277.568,3771.105,2.254,0.000598,1276.804,1.0,1,1750790.8,5915580.2
5170,5,0.23531999999999997,0.1961,3,50,New North Road,14922.0,7461.0,count,0.096,573.781,859.507,2537.079,8.687,0.003424,856.564,1.0,1,1752815.1,5916539.6
5171,6,0.39841,0.3984,3,60,Botany Road,39911.0,19955.5,count,0.096,1534.658,2298.874,6785.78,9.969,0.001469,2295.497,1.0,2,1770415.0,5912421.7
5172,3,0.0775,0.0775,3,60,Botany Road,40889.0,20444.5,propagated,0.096,1572.264,2355.206,6952.06,9.969,0.001434,2351.829,1.0,2,1770394.3,5912185.5
5173,2,0.05462,0.0546,3,60,Botany Road,40889.0,20444.5,propagated,0.096,1572.264,2355.206,6952.06,13.113,0.001886,2350.764,1.0,3,1770394.1,5912119.5
5174,2,0.08744,0.0874,3,60,Botany Road,40889.0,20444.5,count,0.096,1572.264,2355.206,6952.06,16.263,0.002339,2349.696,1.0,4,1770393.6,5912048.4
5175,13,0.36978,0.3698,3,60,Botany Road,40889.0,20444.5,propagated,0.096,1572.264,2355.206,6952.06,19.403,0.002791,2348.633,1.0,5,1770391.7,5911819.7
5176,8,0.276756,0.2306,4,50,Kohimarama Road,6175.0,3087.5,propagated,0.096,237.441,355.68,1049.891,3.019,0.002876,354.657,1.0,1,1763887.3,5919959.6
5177,2,0.04082,0.0408,3,60,Botany Road,20620.0,10310.0,propagated,0.096,792.88,1187.712,3505.87,4.957,0.001414,1186.033,1.0,1,1770497.9,5912623.4
5178,3,0.24173,0.2417,3,60,Ormiston Road,7454.0,3727.0,propagated,0.133351,286.621,596.399,1760.441,6.619,0.00376,594.157,1.0,2,1771751.2,5906950.1
5179,4,0.14244,0.1424,3,60,Ormiston Road,7454.0,3727.0,count,0.133351,286.621,596.399,1760.441,13.155,0.007473,591.942,1.0,3,1771569.4,5907011.9
5180,2,0.094416,0.0787,2,50,Great South Road,16505.0,8252.5,count,0.096,634.65,950.688,2806.226,5.422,0.001932,948.851,1.0,1,1768652.4,5901090.8
5181,10,0.2738175,0.3651,3,80,Mill Road,17520.0,8760.0,count,0.096,673.679,1009.152,2978.799,27.785,0.009328,999.739,1.0,5,1772858.0,5900665.0
5182,13,0.49618500000000004,0.6616,3,80,Mill Road,20286.0,10143.0,count,0.096,780.037,1168.474,3449.083,27.785,0.008056,1159.061,1.0,5,1772677.0,5901145.4
5183,9,0.540396,0.4503,4,50,Butley Drive,8238.0,4119.0,count,0.119446,316.768,590.398,1742.727,3.812,0.002187,589.107,1.0,1,1768472.4,5914917.2
5184,9,0.37195199999999995,0.31,4,50,Glenmore Road,6588.0,3294.0,count,0.096,253.322,379.469,1120.111,3.812,0.003403,378.178,1.0,1,1768203.5,5914820.2
5185,1,0.03798,0.0316,3,50,Sunnybrae Road,17554.0,8777.0,propagated,0.096,674.986,1011.11,2984.579,9.988,0.003347,1007.726,1.0,2,1755898.7,5926831.7
5186,3,0.07636799999999999,0.0636,3,50,Sunnybrae Road,18063.0,9031.5,count,0.096,694.558,1040.429,3071.122,9.988,0.003252,1037.045,1.0,2,1755933.6,5926800.1
5187,2,0.058092,0.0484,3,50,Puhinui Road,17426.0,8713.0,propagated,0.092965,670.065,972.005,2869.149,5.496,0.001916,970.143,1.0,1,1766762.0,5905384.1
5188,2,0.08478,0.0706,3,50,Puhinui Road,16569.0,8284.5,propagated,0.096,637.111,954.374,2817.106,5.496,0.001951,952.512,1.0,1,1766817.1,5905406.5
5189,4,0.18624,0.1552,3,50,Puhinui Road,16569.0,8284.5,count,0.096,637.111,954.374,2817.106,10.014,0.003555,950.981,1.0,2,1766921.1,5905450.4
5190,2,0.31059000000000003,0.4141,4,80,Murphys Road,9194.0,4597.0,count,0.133565,353.528,736.798,2174.869,2.658,0.001222,735.898,1.0,1,1770878.8,5905138.6
5191,6,0.29601,0.3947,4,80,Murphys Road,14991.0,7495.5,count,0.089787,576.434,807.598,2383.855,2.658,0.001115,806.698,1.0,1,1770782.3,5904746.1
5192,1,0.15291000000000002,0.2039,4,80,Murphys Road,16408.0,8204.0,count,0.096,630.92,945.101,2789.734,2.658,0.000953,944.201,1.0,1,1770605.5,5904602.9
5193,2,0.04284,0.0428,4,60,Murphys Road,16408.0,8204.0,propagated,0.096,630.92,945.101,2789.734,2.658,0.000953,944.201,1.0,1,1770487.0,5904606.4
5194,3,0.0412,0.0412,4,60,,14258.0,7129.0,default,0.096,548.249,821.261,2424.185,2.658,0.001096,820.361,1.0,1,1770454.2,5904586.3
5195,1,0.03021428571428571,0.0141,4,28,,8873.0,4436.5,default,0.096,341.185,511.085,1508.613,3.282,0.002176,509.973,1.0,1,1766261.4,5917932.3
5196,1,0.037823999999999997,0.063,2,100,Exit 18 Dominion Road,21990.0,10995.0,propagated,0.096,845.559,1266.624,3738.801,5.15,0.001377,1264.879,1.0,1,1755072.7,5913449.4
5197,2,0.028956,0.0483,2,100,Exit 18 Dominion Road,4014.0,2007.0,propagated,0.096,154.346,231.206,682.47,5.15,0.007546,229.461,1.0,1,1755026.3,5913480.1
5198,1,0.063828,0.0532,2,50,Exit 18 Dominion Road,4014.0,2007.0,propagated,0.096,154.346,231.206,682.47,5.15,0.007546,229.461,1.0,1,1754984.3,5913508.4
5199,2,0.021324,0.0178,3,50,Rosedale Road,12689.0,6344.5,propagated,0.123178,487.917,937.803,2768.192,6.467,0.002336,935.612,1.0,1,1754226.6,5933135.8
5200,3,0.020749999999999998,0.0208,2,60,Albany Highway,28612.0,14306.0,default,0.096,1100.189,1648.051,4864.691,2.012,0.000414,1647.369,1.0,1,1752089.1,5930649.8
5201,3,0.099288,0.0827,4,50,Triangle Road,7268.0,3634.0,count,0.126307,279.469,550.8,1625.843,2.785,0.001713,549.857,1.0,1,1743283.9,5922091.4
5202,11,0.604344,0.5036,4,50,Triangle Road,7580.0,3790.0,count,0.096,291.466,436.608,1288.773,2.785,0.002161,435.665,1.0,1,1743573.0,5922043.7
5203,1,0.061104,0.0509,4,50,Triangle Road,7456.0,3728.0,propagated,0.111722,286.698,499.8,1475.302,2.785,0.001888,498.857,1.0,1,1743846.5,5921998.0
5204,4,0.161136,0.1343,4,50,Triangle Road,7456.0,3728.0,propagated,0.111722,286.698,499.8,1475.302,6.874,0.004659,497.471,1.0,2,1743937.7,5921982.6
5205,1,0.017831999999999997,0.0149,4,50,King Edward Parade,10668.0,5334.0,propagated,0.096,410.206,614.477,1813.803,8.879,0.004895,611.469,1.0,2,1760398.8,5922313.5
5206,3,0.0456,0.038,1,50,Constellation Drive,22984.0,11492.0,propagated,0.096,883.781,1323.878,3907.802,1.915,0.00049,1323.229,1.0,1,1754134.7,5931408.4
5207,3,0.10937999999999999,0.0912,3,50,Mount Albert Road,25645.0,12822.5,propagated,0.096,986.102,1477.152,4360.234,5.73,0.001314,1475.211,1.0,1,1757928.7,5913498.6
5208,3,0.18559199999999998,0.1547,4,50,Beach Road,2159.0,1079.5,propagated,0.096,83.018,124.358,367.078,3.392,0.009241,123.209,1.0,1,1747700.2,5922332.7
5209,2,0.21486,0.1791,4,50,Beach Road,2604.0,1302.0,propagated,0.12404,100.129,193.8,572.056,3.392,0.005929,192.651,1.0,1,1747701.5,5922166.2
5210,1,0.048131999999999994,0.0401,4,50,Orakei Road,12649.0,6324.5,propagated,0.096,486.379,728.582,2150.617,12.036,0.005597,724.504,1.0,2,1760655.7,5916807.5
5211,2,0.0708,0.059,3,50,Saint Lukes Road,10179.0,5089.5,count,0.096,391.403,586.31,1730.661,4.465,0.00258,584.797,1.0,1,1754492.1,5916585.2
5212,1,0.008466,0.0141,1,100,Exit 19 Maioro Street,23126.0,11563.0,default,0.096,889.241,1332.058,3931.948,7.042,0.001791,1329.672,1.0,1,1753503.6,5914495.8
5213,1,0.0338,0.0338,2,60,Entry 447 Te Irirangi Drive,17588.0,8794.0,count,0.096,676.294,1013.069,2990.361,1.129,0.000378,1012.687,1.0,2,1767680.7,5905058.8
5214,2,0.011039999999999998,0.0092,2,50,Kinross Street,16716.0,8358.0,propagated,0.096,642.764,962.842,2842.102,2.34,0.000823,962.049,1.0,1,1750465.2,5911890.6
5215,12,1.1561599999999999,1.1562,4,60,Albany Heights Road,1780.0,890.0,count,0.2,68.445,213.6,630.501,3.255,0.005163,212.497,1.0,1,1750916.8,5936125.5
5216,1,0.22241999999999998,0.2224,4,60,Albany Heights Road,14258.0,7129.0,default,0.096,548.249,821.261,2424.185,3.255,0.001343,820.158,1.0,1,1750283.6,5936023.7
5217,2,0.34865999999999997,0.3487,4,60,Albany Heights Road,1282.0,641.0,propagated,0.2,49.295,153.84,454.102,3.255,0.007168,152.737,1.0,1,1750049.6,5936021.1
5218,1,0.11819,0.1182,4,60,Albany Heights Road,1282.0,641.0,propagated,0.2,49.295,153.84,454.102,6.737,0.014836,151.558,1.0,2,1749879.6,5935873.2
5219,1,0.04494,0.0375,4,50,Neilson Street,32683.0,16341.5,count,0.096,1256.727,1882.541,5556.855,6.728,0.001211,1880.262,1.0,1,1759447.0,5911774.9
5220,2,0.11184,0.0932,3,50,Church Crescent,14747.0,7373.5,count,0.096,567.052,849.427,2507.325,7.137,0.002846,847.009,1.0,1,1765379.3,5914230.8
5221,1,0.139644,0.1164,3,50,Church Crescent,15856.0,7928.0,count,0.096,609.695,913.306,2695.882,7.137,0.002647,910.888,1.0,1,1765410.5,5914331.2
5222,1,0.015108,0.0126,3,50,Waipuna Road,9876.0,4938.0,propagated,0.096,379.752,568.858,1679.146,3.337,0.001987,567.727,1.0,1,1764863.3,5913581.6
5223,9,0.29954400000000003,0.2496,3,50,Waipuna Road,10565.0,5282.5,count,0.096,406.245,608.544,1796.291,3.337,0.001858,607.413,1.0,1,1764991.3,5913564.8
5224,8,0.3740625000000001,0.4988,2,80,Te Irirangi Drive,31144.0,15572.0,propagated,0.096391,1197.549,1801.201,5316.757,1.954,0.000368,1800.539,1.0,1,1769719.4,5908924.8
5225,6,0.13112250000000003,0.1748,2,80,Te Irirangi Drive,30206.0,15103.0,propagated,0.07568,1161.481,1371.594,4048.649,1.954,0.000483,1370.932,1.0,1,1769639.8,5908597.8
5226,10,1.0813125000000001,1.4418,4,80,Ridge Road,1638.0,819.0,count,0.178266,62.984,175.2,517.153,4.136,0.007998,173.799,1.0,1,1746618.5,5932043.3
5227,1,0.0874275,0.1166,4,80,Ridge Road,11394.0,5697.0,default,0.096,438.122,656.294,1937.238,4.136,0.002135,654.893,1.0,1,1747291.9,5932315.7
5228,2,0.104685,0.1396,4,80,Ridge Road,231.0,115.5,propagated,0.096,8.882,13.306,39.276,4.136,0.105306,11.905,1.0,1,1747394.1,5932353.8
5229,2,0.069996,0.0583,3,50,Mount Wellington Highway,16037.0,8018.5,propagated,0.096,616.655,923.731,2726.655,21.262,0.007798,916.528,1.0,4,1764147.1,5911257.4
5230,4,0.08551199999999999,0.0713,4,50,Mercari Way,10408.0,5204.0,default,0.096,400.208,599.501,1769.598,5.169,0.002921,597.75,1.0,1,1752523.6,5933351.4
5231,3,0.067392,0.0562,3,50,Boundary Road,12165.0,6082.5,propagated,0.096,467.769,700.704,2068.327,4.491,0.002171,699.183,1.0,1,1767771.4,5905704.6
5232,4,0.10893599999999999,0.0908,3,50,Boundary Road,12165.0,6082.5,propagated,0.096,467.769,700.704,2068.327,9.34,0.004516,697.54,1.0,2,1767702.9,5905730.9
5233,1,0.01908,0.0159,3,50,Preston Road,15571.0,7785.5,propagated,0.096,598.736,896.89,2647.426,9.34,0.003528,893.726,1.0,2,1767659.6,5905754.6
5234,2,0.07858799999999999,0.0655,3,50,Hillsborough Road,24837.0,12418.5,propagated,0.095744,955.032,1426.796,4211.594,7.533,0.001789,1424.244,1.0,1,1756630.7,5912873.1
5235,5,0.06186,0.0516,4,50,Hilltop Road,3917.0,1958.5,propagated,0.096,150.616,225.619,665.979,5.876,0.008823,223.628,1.0,1,1769534.8,5905008.8
5236,1,0.00519,0.0052,4,60,Wiri Station Road,15670.0,7835.0,propagated,0.096,602.543,902.592,2664.257,9.398,0.003527,899.408,1.0,1,1766993.3,5903753.3
5237,3,0.168672,0.1406,4,50,Glenview Road,9567.0,4783.5,count,0.092505,367.87,530.997,1567.389,4.942,0.003153,529.323,1.0,1,1747203.1,5914199.4
5238,1,0.159528,0.1329,4,50,Glenview Road,9567.0,4783.5,propagated,0.092505,367.87,530.997,1567.389,9.33,0.005953,527.836,1.0,2,1747266.2,5914320.7
5239,2,0.230868,0.1924,4,50,Glenview Road,11714.0,5857.0,count,0.087588,450.427,615.603,1817.127,9.33,0.005134,612.442,1.0,2,1747340.4,5914465.4
5240,1,0.107124,0.0893,4,50,Glenview Road,11714.0,5857.0,propagated,0.087588,450.427,615.603,1817.127,12.238,0.006735,611.457,1.0,3,1747404.0,5914591.1
5241,2,0.121128,0.1009,4,50,Glenview Road,5957.0,2978.5,count,0.096,229.059,343.123,1012.825,12.238,0.012083,338.977,1.0,3,1747450.0,5914673.7
5242,4,0.12053999999999998,0.1004,2,50,George Bolt Memorial Drive,43288.0,21644.0,propagated,0.096,1664.51,2493.389,7359.946,3.114,0.000423,2492.334,1.0,1,1758959.7,5904460.1
5243,4,0.12090000000000001,0.1209,2,60,George Bolt Memorial Drive,43288.0,21644.0,propagated,0.096,1664.51,2493.389,7359.946,3.114,0.000423,2492.334,1.0,1,1758951.4,5904570.8
5244,1,0.0104,0.0104,2,60,George Bolt Memorial Drive,43288.0,21644.0,propagated,0.096,1664.51,2493.389,7359.946,6.895,0.000937,2491.053,1.0,2,1758943.8,5904635.7
5245,1,0.030170000000000002,0.0302,3,60,Smales Road,18042.0,9021.0,propagated,0.096,693.751,1039.219,3067.55,3.335,0.001087,1038.089,1.0,1,1769911.0,5909857.5
5246,1,0.014268,0.0119,4,50,Mount Eden Road,8215.0,4107.5,propagated,0.096,315.883,473.184,1396.737,9.178,0.006571,470.075,1.0,1,1756938.8,5918633.3
5247,1,0.012612,0.0105,4,50,Mount Eden Road,8215.0,4107.5,count,0.096,315.883,473.184,1396.737,18.487,0.013236,466.921,1.0,2,1756932.3,5918642.3
5248,4,0.256704,0.2139,4,50,Appian Way,8773.0,4386.5,count,0.096,337.339,505.325,1491.61,3.664,0.002456,504.084,1.0,1,1752288.3,5934317.2
5249,2,0.209556,0.1746,3,50,Akoranga Drive,14477.0,7238.5,propagated,0.096,556.67,833.875,2461.419,6.771,0.002751,831.581,1.0,1,1756224.5,5926543.7
5250,1,0.030923999999999997,0.0258,4,50,Exit 12 Mahunga Drive,23330.0,11665.0,propagated,0.096,897.085,1343.808,3966.631,9.469,0.002387,1340.6,1.0,2,1759507.6,5910277.7
5251,2,0.045168,0.0376,4,50,Beach Haven Road,10651.0,5325.5,count,0.096,409.552,613.498,1810.914,9.469,0.005229,610.29,1.0,3,1751670.4,5927310.1
5252,1,0.028368,0.0236,3,50,Mays Road,5993.0,2996.5,propagated,0.096,230.443,345.197,1018.947,6.318,0.006201,343.057,1.0,1,1760174.1,5912789.0
5253,3,0.20853599999999997,0.1738,3,50,Mays Road,5993.0,2996.5,propagated,0.096,230.443,345.197,1018.947,13.088,0.012845,340.763,1.0,2,1760265.8,5912753.1
5254,1,0.09748799999999999,0.0812,3,50,Mays Road,5395.0,2697.5,propagated,0.096,207.449,310.752,917.273,13.088,0.014268,306.318,1.0,2,1760384.2,5912706.6
5255,2,0.024095999999999996,0.0201,3,50,Wairau Road,19470.0,9735.0,propagated,0.096,748.66,1121.472,3310.343,6.266,0.001893,1119.349,1.0,1,1756164.4,5928092.5
5256,2,0.06618,0.0552,3,50,Akoranga Drive,14477.0,7238.5,propagated,0.096,556.67,833.875,2461.419,6.723,0.002731,831.597,1.0,1,1755987.5,5926785.4
5257,1,0.301116,0.2509,3,50,Green Lane W,29930.0,14965.0,count,0.105981,1150.868,1903.207,5617.856,3.208,0.000571,1902.12,1.0,1,1757866.2,5915528.7
5258,1,0.08126399999999999,0.0677,4,50,Olsen Avenue,3162.0,1581.0,propagated,0.111954,121.585,212.399,626.956,2.499,0.003986,211.552,1.0,1,1756038.2,5912501.0
5259,3,0.340032,0.2834,4,50,Olsen Avenue,3316.0,1658.0,count,0.110374,127.507,219.6,648.212,2.499,0.003855,218.753,1.0,1,1756065.8,5912666.1
5260,8,0.20653199999999994,0.1721,4,50,Olsen Avenue,5286.0,2643.0,count,0.096,203.257,304.474,898.742,2.499,0.002781,303.627,1.0,1,1756190.3,5912847.8
5261,4,0.15418800000000002,0.1285,4,50,Hayr Road,5342.0,2671.0,count,0.096,205.411,307.699,908.261,2.499,0.002751,306.852,1.0,1,1756170.9,5912997.0
5262,3,0.401508,0.3346,3,50,Parrs Cross Road,19616.0,9808.0,count,0.096,754.274,1129.882,3335.168,3.18,0.000953,1128.805,1.0,1,1744566.1,5914519.2
5263,9,0.24211200000000002,0.2018,3,50,Parrs Cross Road,18863.0,9431.5,count,0.103907,725.32,1175.999,3471.295,3.18,0.000916,1174.922,1.0,1,1744821.9,5914439.7
5264,1,0.03935999999999999,0.0328,4,50,Seymour Road,11676.0,5838.0,propagated,0.096,448.966,672.538,1985.187,3.18,0.001602,671.461,1.0,1,1744922.9,5914411.4
5265,1,0.01116,0.0093,4,50,Meola Road,10898.0,5449.0,propagated,0.096,419.05,627.725,1852.909,4.983,0.002689,626.037,1.0,1,1753075.1,5919533.7
5266,5,0.20867999999999998,0.1739,4,50,Meola Road,10898.0,5449.0,propagated,0.096,419.05,627.725,1852.909,9.674,0.005221,624.448,1.0,2,1753142.4,5919596.1
5267,2,0.19713599999999998,0.1643,3,50,New North Road Interchange,15105.5,7552.75,default,0.096,580.837,870.077,2568.28,5.532,0.002154,868.203,1.0,1,1756288.8,5918232.8
5268,5,0.20339000000000002,0.2034,3,60,New North Road Interchange,22076.5,11038.25,default,0.096,848.886,1271.606,3753.506,5.532,0.001474,1269.732,1.0,1,1756349.3,5918405.6
5269,12,0.5269320000000001,0.4391,2,50,White Swan Road,18992.0,9496.0,default,0.096,730.28,1093.939,3229.072,1.515,0.000469,1093.426,1.0,1,1752816.2,5912445.1
5270,1,0.009,0.0075,4,50,Boundary Road,4140.0,2070.0,propagated,0.135749,159.191,337.201,995.345,1.515,0.001522,336.688,1.0,1,1752599.7,5912406.8
5271,1,0.010223999999999999,0.0085,3,50,Beach Road,19384.0,9692.0,propagated,0.097606,745.354,1135.197,3350.857,6.068,0.001811,1133.141,1.0,1,1755388.8,5934109.1
5272,1,0.038088,0.0317,3,50,Browns Bay Road,15304.0,7652.0,propagated,0.096,588.469,881.51,2602.027,6.068,0.002332,879.454,1.0,1,1755381.2,5934091.3
5273,1,0.004572,0.0038,4,50,Wiseley Road,2735.0,1367.5,propagated,0.096,105.166,157.536,465.012,7.039,0.015137,155.151,1.0,2,1746907.7,5925966.9
5274,1,0.028655999999999997,0.0239,4,50,Williams Road,88.0,44.0,propagated,0.096,3.384,5.069,14.963,10.559,0.705674,1.492,1.0,3,1746895.9,5925972.4
5275,1,0.011928,0.0099,3,50,Albert Road,13005.0,6502.5,propagated,0.096,500.068,749.088,2211.146,6.59,0.00298,746.855,1.0,1,1760392.0,5923057.2
5276,2,0.073428,0.0612,4,50,Richardson Road,15208.0,7604.0,propagated,0.096,584.778,875.981,2585.707,7.78,0.003009,873.345,1.0,2,1753179.4,5914967.7
5277,4,0.101976,0.085,4,50,Richardson Road,8893.0,4446.5,count,0.10199,341.954,544.198,1606.355,7.78,0.004843,541.562,1.0,2,1753217.1,5914904.7
5278,6,0.16071599999999997,0.1339,2,50,Great South Road,18761.0,9380.5,count,0.096,721.398,1080.634,3189.798,4.345,0.001362,1079.162,1.0,1,1764313.7,5909536.8
5279,4,0.100704,0.0839,4,50,High Street,4876.0,2438.0,propagated,0.096,187.492,280.858,829.032,4.345,0.005241,279.386,1.0,1,1764338.9,5909612.1
5280,4,0.078,0.065,3,50,Sylvia Park Road,12052.0,6026.0,count,0.096,463.424,694.195,2049.114,4.785,0.002335,692.574,1.0,1,1763245.2,5911884.7
5281,3,0.083016,0.0692,2,50,Great South Road,19276.0,9638.0,propagated,0.096,741.201,1110.298,3277.36,10.671,0.003256,1106.683,1.0,3,1762474.9,5912800.0
5282,1,0.00558,0.0047,1,50,The Strand,7527.0,3763.5,count,0.172712,289.428,780.002,2302.398,2.066,0.000897,779.302,1.0,1,1758812.0,5920305.0
5283,7,0.34562999999999994,0.3456,3,60,East Tamaki Road,36306.0,18153.0,count,0.089131,1396.038,1941.594,5731.166,6.154,0.001074,1939.509,1.0,1,1767054.4,5907643.5
5284,1,0.016776,0.014,2,50,Godley Road,9781.0,4890.5,propagated,0.096,376.099,563.386,1662.994,3.153,0.001896,562.318,1.0,1,1747823.0,5911265.6
5285,2,0.09633,0.0963,3,60,Mill Road,12014.0,6007.0,count,0.110122,461.962,793.803,2343.135,4.895,0.002089,792.145,1.0,1,1772205.2,5902156.2
5286,5,0.08887199999999999,0.0741,3,50,Saint George Street,17583.0,8791.5,count,0.096,676.102,1012.781,2989.511,6.347,0.002123,1010.631,1.0,1,1764767.1,5905770.7
5287,4,0.216888,0.1807,3,50,Saint George Street,17409.0,8704.5,count,0.077604,669.411,810.605,2392.731,6.347,0.002653,808.455,1.0,1,1764893.4,5905781.8
5288,2,0.03006,0.025,3,50,Saint George Street,13105.0,6552.5,propagated,0.096,503.913,754.848,2228.148,6.347,0.002849,752.698,1.0,1,1764996.0,5905790.3
5289,5,0.124224,0.1035,3,50,Saint George Street,13105.0,6552.5,count,0.096,503.913,754.848,2228.148,12.244,0.005495,750.7,1.0,2,1765060.3,5905794.3
5290,1,0.037128,0.0309,3,50,Saint George Street,13105.0,6552.5,propagated,0.096,503.913,754.848,2228.148,17.818,0.007997,748.812,1.0,3,1765127.6,5905799.9
5291,3,0.135204,0.1127,3,50,Saint George Street,14350.0,7175.0,count,0.075679,551.786,651.596,1923.371,17.818,0.009264,645.56,1.0,3,1765199.0,5905805.7
5292,2,0.08626500000000001,0.0575,3,40,Saint George Street,14350.0,7175.0,propagated,0.075679,551.786,651.596,1923.371,17.818,0.009264,645.56,1.0,3,1765283.3,5905818.0
5293,1,0.040392,0.0337,3,50,Saint George Street,14350.0,7175.0,propagated,0.075679,551.786,651.596,1923.371,17.818,0.009264,645.56,1.0,3,1765328.4,5905826.0
5294,1,0.040656000000000005,0.0339,3,50,Saint George Street,14350.0,7175.0,propagated,0.075679,551.786,651.596,1923.371,21.967,0.011421,644.154,1.0,4,1765361.5,5905832.0
5295,6,0.23850000000000002,0.1988,3,50,Saint George Street,12873.0,6436.5,count,0.096,494.993,741.485,2188.704,21.967,0.010037,734.043,1.0,4,1765476.0,5905850.6
5296,1,0.041856000000000004,0.0174,3,25,Saint George Street,12873.0,6436.5,propagated,0.096,494.993,741.485,2188.704,21.967,0.010037,734.043,1.0,4,1765575.6,5905876.5
5297,1,0.165915,0.2212,2,80,Exit 430 Khyber Pass Road,21406.0,10703.0,propagated,0.096,823.104,1232.986,3639.509,5.723,0.001572,1231.047,1.0,1,1757703.0,5918260.3
5298,4,0.17796,0.1483,4,50,Puhinui Road,19781.0,9890.5,propagated,0.076184,760.619,904.197,2668.994,5.241,0.001964,902.421,1.0,1,1764525.8,5904475.8
5299,4,0.04958399999999999,0.0413,3,50,Candia Road,4861.0,2430.5,propagated,0.096,186.915,279.994,826.482,4.259,0.005153,278.551,1.0,1,1741654.0,5918558.8
5300,1,0.006408,0.0053,3,50,Candia Road,4861.0,2430.5,propagated,0.096,186.915,279.994,826.482,8.581,0.010383,277.087,1.0,2,1741657.4,5918580.0
5301,5,0.30700799999999995,0.2558,3,50,North Candia Road,8419.0,4209.5,count,0.109039,323.727,550.8,1625.843,12.82,0.007885,546.457,1.0,3,1741652.7,5918707.3
5302,5,0.181512,0.1513,3,50,North Candia Road,8419.0,4209.5,propagated,0.109039,323.727,550.8,1625.843,17.985,0.011062,544.707,1.0,4,1741538.0,5918875.0
5303,1,0.007548,0.0063,3,50,Saint Lukes Road,20936.0,10468.0,propagated,0.096,805.031,1205.914,3559.598,16.752,0.004706,1200.239,1.0,3,1754044.8,5917238.4
5304,1,0.016128,0.0134,3,50,New North Road,6440.0,3220.0,propagated,0.177174,247.631,684.6,2020.791,16.752,0.00829,678.925,1.0,3,1754050.7,5917245.5
5305,3,0.151008,0.1258,3,50,New North Road,6440.0,3220.0,count,0.177174,247.631,684.6,2020.791,23.59,0.011674,676.608,1.0,4,1754105.7,5917288.6
5306,1,0.00582,0.0048,4,50,Portage Road,7134.0,3567.0,propagated,0.096,274.317,410.918,1212.941,5.052,0.004165,409.206,1.0,1,1763774.6,5910694.2
5307,1,0.23807999999999999,0.1984,4,50,Portage Road,6703.0,3351.5,propagated,0.096,257.744,386.093,1139.663,5.052,0.004433,384.381,1.0,1,1763876.3,5910700.7
5308,4,0.10030799999999998,0.0836,4,50,Portage Road,6703.0,3351.5,propagated,0.096,257.744,386.093,1139.663,10.232,0.008978,382.627,1.0,2,1764013.0,5910675.0
5309,1,0.04702799999999999,0.0392,3,50,Mount Wellington Highway,22109.0,11054.5,count,0.096,850.135,1273.478,3759.032,10.232,0.002722,1270.012,1.0,2,1764042.2,5910711.2
5310,5,0.264696,0.2206,3,50,Mount Wellington Highway,22482.0,11241.0,count,0.096,864.478,1294.963,3822.451,10.232,0.002677,1291.497,1.0,2,1764027.4,5910835.8
5311,4,0.356064,0.2967,3,50,Mount Wellington Highway,16037.0,8018.5,count,0.096,616.655,923.731,2726.655,10.232,0.003753,920.265,1.0,2,1764194.5,5911017.4
5312,1,0.080568,0.0671,3,50,Mount Wellington Highway,16037.0,8018.5,propagated,0.096,616.655,923.731,2726.655,15.523,0.005693,918.472,1.0,3,1764159.4,5911195.6
5313,1,0.014112,0.0118,3,50,Jellicoe Road,4412.0,2206.0,propagated,0.096,169.65,254.131,750.14,6.74,0.008985,251.848,1.0,1,1764968.9,5914750.3
5314,6,0.6880425,0.9174,4,80,Red Hills Road,11394.0,5697.0,default,0.096,438.122,656.294,1937.238,1.563,0.000807,655.764,1.0,1,1741091.7,5921989.1
5315,3,0.18189000000000002,0.2425,4,80,Red Hills Road,5696.0,2848.0,propagated,0.096,219.023,328.09,968.451,1.563,0.001614,327.56,1.0,1,1741566.7,5922097.5
5316,12,0.7300285714285714,0.8517,4,70,Red Hills Road,5696.0,2848.0,count,0.096,219.023,328.09,968.451,1.563,0.001614,327.56,1.0,1,1742067.2,5922054.3
5317,1,0.029117142857142855,0.034,4,70,Red Hills Road,11753.0,5876.5,propagated,0.096,451.926,676.973,1998.278,1.563,0.000782,676.443,1.0,1,1742445.7,5922030.4
5318,6,0.324048,0.27,4,50,Red Hills Road,11753.0,5876.5,count,0.096,451.926,676.973,1998.278,1.563,0.000782,676.443,1.0,1,1742575.6,5921984.0
5319,1,0.015239999999999998,0.0127,4,50,Red Hills Road,11753.0,5876.5,propagated,0.096,451.926,676.973,1998.278,4.605,0.002304,675.413,1.0,2,1742710.6,5922026.0
5320,2,0.083148,0.0693,4,50,Red Hills Road,11753.0,5876.5,propagated,0.096,451.926,676.973,1998.278,7.648,0.003827,674.382,1.0,3,1742749.9,5922037.9
5321,1,0.014509090909090909,0.0053,2,22,Don Buck Road,23156.0,11578.0,propagated,0.096,890.395,1333.786,3937.048,7.648,0.001943,1331.195,1.0,3,1742785.4,5922044.1
5322,1,0.012768,0.0053,2,25,Don Buck Road,23156.0,11578.0,propagated,0.096,890.395,1333.786,3937.048,7.648,0.001943,1331.195,1.0,3,1742789.3,5922047.4
5323,1,0.011006896551724139,0.0053,2,29,Don Buck Road,23156.0,11578.0,propagated,0.096,890.395,1333.786,3937.048,7.648,0.001943,1331.195,1.0,3,1742795.0,5922047.3
5324,1,0.054875999999999994,0.0457,4,50,Selwyn Road,5244.0,2622.0,count,0.096,201.642,302.054,891.598,7.112,0.007977,299.645,1.0,2,1772955.8,5915208.1
5325,5,0.119088,0.0992,2,50,Great South Road,15552.0,7776.0,propagated,0.096,598.006,895.795,2644.194,12.209,0.004617,891.659,1.0,2,1758427.8,5917436.0
5326,2,0.087492,0.0729,4,50,Market Road,9805.0,4902.5,propagated,0.096,377.022,564.768,1667.073,5.596,0.003357,562.872,1.0,2,1758576.7,5916277.3
5327,3,0.204828,0.1707,4,50,Lunn Avenue,17836.0,8918.0,propagated,0.096,685.83,1027.354,3032.527,3.011,0.000993,1026.334,1.0,1,1763514.2,5915625.1
5328,1,0.040752,0.034,4,50,Lunn Avenue,22060.0,11030.0,propagated,0.096,848.251,1270.656,3750.702,3.011,0.000803,1269.636,1.0,1,1763436.8,5915692.4
5329,1,0.004692,0.0039,4,50,Triangle Road,7456.0,3728.0,propagated,0.111722,286.698,499.8,1475.302,5.889,0.003992,497.805,1.0,1,1744216.4,5921923.5
5330,7,0.30017999999999995,0.2502,4,50,Market Road,10802.0,5401.0,count,0.096,415.359,622.195,1836.585,2.366,0.001288,621.393,1.0,1,1758448.2,5916179.9
5331,5,0.5798759999999998,0.4832,4,50,Exit 451 Hill Road,27348.0,13674.0,propagated,0.096,1051.585,1575.245,4649.783,6.517,0.001402,1573.037,1.0,1,1769400.7,5902267.1
5332,2,0.029244,0.0244,2,50,Oteha Valley Road,20028.0,10014.0,propagated,0.096,770.117,1153.613,3405.217,4.979,0.001462,1151.926,1.0,2,1752590.2,5934742.7
5333,4,0.22797599999999996,0.19,2,50,Oteha Valley Road,22144.0,11072.0,count,0.096,851.481,1275.494,3764.983,6.188,0.001644,1273.398,1.0,3,1752674.1,5934806.0
5334,5,0.202812,0.169,2,50,Oteha Valley Road,28387.0,14193.5,count,0.096,1091.537,1635.091,4826.436,6.188,0.001282,1632.995,1.0,3,1752828.1,5934897.7
5335,1,0.090312,0.0753,2,50,Exit 410 Oteha Valley Road,28661.0,14330.5,propagated,0.096,1102.073,1650.874,4873.024,6.188,0.00127,1648.778,1.0,3,1752924.6,5934919.4
5336,3,0.21862199999999998,0.3644,2,100,Exit 410 Oteha Valley Road,24372.0,12186.0,count,0.096,937.152,1403.827,4143.794,6.188,0.001493,1401.731,1.0,3,1753010.3,5934717.8
5337,6,0.23615999999999998,0.3936,0,100,Northern Motorway,73444.0,36722.0,count,0.096,2824.069,4230.374,12487.151,6.188,0.000496,4228.278,1.0,3,1753102.2,5934352.9
5338,4,0.37968599999999997,0.6328,0,100,Northern Motorway,74072.0,37036.0,count,0.096,2848.217,4266.547,12593.926,6.188,0.000491,4264.451,1.0,3,1753138.6,5933841.0
5339,4,0.23289600000000002,0.3882,0,100,Northern Motorway,53270.0,26635.0,count,0.096,2048.338,3068.352,9057.113,6.188,0.000683,3066.256,1.0,3,1753261.9,5933348.2
5340,3,0.049092000000000004,0.0409,4,50,Campbell Road,12221.0,6110.5,propagated,0.096,469.922,703.93,2077.849,6.376,0.003069,701.77,1.0,1,1758263.6,5913439.8
5341,3,0.05136,0.0428,2,50,Glenfield Road,35395.0,17697.5,propagated,0.094138,1361.009,1999.209,5901.234,1.887,0.00032,1998.57,1.0,1,1753673.1,5929232.2
5342,3,0.116172,0.0968,3,50,Wairau Road,16120.0,8060.0,propagated,0.0884,619.846,855.005,2523.79,1.887,0.000748,854.366,1.0,1,1753708.0,5929285.5
5343,8,0.3426719999999999,0.2856,4,50,Porchester Road,9404.0,4702.0,propagated,0.096,361.603,541.67,1598.893,5.659,0.003539,539.753,1.0,1,1771580.3,5899403.5
5344,2,0.19876,0.1988,4,60,Porchester Road,9404.0,4702.0,count,0.096,361.603,541.67,1598.893,5.659,0.003539,539.753,1.0,1,1771495.7,5899630.9
5345,1,0.33513,0.3351,4,60,Porchester Road,13525.0,6762.5,count,0.101368,520.063,822.601,2428.141,5.659,0.002331,820.684,1.0,1,1771402.3,5899880.8
5346,1,0.038325000000000005,0.0256,3,40,Hopetoun Street,11780.0,5890.0,count,0.106791,452.965,754.799,2228.004,11.67,0.005238,750.845,1.0,2,1756094.5,5919375.7
5347,1,0.01109,0.0111,4,60,Lambie Drive,26408.0,13204.0,propagated,0.096,1015.44,1521.101,4489.962,18.393,0.004096,1514.87,1.0,2,1766961.3,5903714.0
5348,1,0.007679999999999999,0.0038,3,30,Beach Road,12127.0,6063.5,propagated,0.121877,466.307,886.801,2617.645,3.701,0.001414,885.547,1.0,1,1756530.7,5932754.9
5349,2,0.05476285714285714,0.0639,4,70,Wiri Station Road,14162.0,7081.0,propagated,0.096,544.557,815.731,2407.862,3.054,0.001268,814.696,1.0,1,1765967.1,5903274.7
5350,1,0.0074399999999999996,0.0062,2,50,Great South Road,15552.0,7776.0,propagated,0.096,598.006,895.795,2644.194,6.104,0.002308,893.727,1.0,1,1758465.2,5917399.1
5351,1,0.04335,0.0434,3,60,Ian McKinnon Drive,19934.0,9967.0,propagated,0.096418,766.502,1153.198,3403.992,12.026,0.003533,1149.124,1.0,1,1756756.1,5919131.6
5352,4,0.144564,0.1205,3,50,Mount Smart Road,16074.0,8037.0,propagated,0.096,618.077,925.862,2732.945,7.9,0.002891,923.186,1.0,1,1758461.5,5913346.7
5353,5,0.143724,0.1198,3,50,Mount Smart Road,14993.0,7496.5,propagated,0.096,576.511,863.597,2549.152,7.9,0.003099,860.921,1.0,1,1758346.7,5913381.6
5354,4,0.06372,0.0531,3,50,Mount Smart Road,14993.0,7496.5,count,0.096,576.511,863.597,2549.152,14.276,0.0056,858.761,1.0,2,1758265.6,5913409.1
5355,1,0.006144,0.0051,3,50,Manukau Road,16096.0,8048.0,propagated,0.096,618.923,927.13,2736.688,19.946,0.007288,920.373,1.0,3,1758240.0,5913416.8
5356,2,0.08874,0.074,4,50,Don McKinnon Drive,12180.0,6090.0,count,0.096,468.345,701.568,2070.877,4.627,0.002234,700.0,1.0,1,1752404.1,5934283.9
5357,3,0.11813999999999998,0.0984,3,50,Exit 429A Symonds Street,15920.0,7960.0,propagated,0.096,612.156,916.992,2706.762,10.427,0.003852,913.46,1.0,1,1757113.9,5919057.6
5358,4,0.027143999999999998,0.0226,2,50,Entry 5 Newton Road,17750.0,8875.0,count,0.096,682.523,1022.4,3017.904,4.035,0.001337,1021.033,1.0,1,1756396.5,5918942.0
5359,1,0.013439999999999999,0.0112,2,50,Entry 5 Newton Road,17750.0,8875.0,propagated,0.096,682.523,1022.4,3017.904,8.088,0.00268,1019.66,1.0,2,1756404.1,5918957.1
5360,2,0.02676,0.0223,4,50,Main Highway,11186.0,5593.0,propagated,0.131772,430.124,884.401,2610.561,5.794,0.002219,882.438,1.0,1,1761192.5,5914933.7
5361,1,0.02322,0.0155,2,40,Ponsonby Road,20985.0,10492.5,propagated,0.096,806.915,1208.736,3567.928,5.758,0.001614,1206.785,1.0,1,1756187.6,5919297.4
5362,1,0.030995999999999996,0.0258,2,50,Ponsonby Road,20985.0,10492.5,propagated,0.096,806.915,1208.736,3567.928,5.758,0.001614,1206.785,1.0,1,1756205.9,5919289.1
5363,1,0.023370000000000002,0.0234,3,60,Botany Road,20620.0,10310.0,count,0.096,792.88,1187.712,3505.87,5.133,0.001464,1185.973,1.0,1,1770539.2,5912698.7
5364,1,0.039479999999999994,0.0395,3,60,Cascades Road,26299.0,13149.5,propagated,0.096,1011.249,1514.822,4471.428,5.133,0.001148,1513.083,1.0,1,1770528.1,5912719.1
5365,2,0.032184000000000004,0.0268,4,50,Campbell Road,17250.0,8625.0,propagated,0.094377,663.297,976.802,2883.309,4.57,0.001585,975.254,1.0,1,1758872.2,5913783.0
5366,2,0.030011999999999997,0.025,4,50,,10408.0,5204.0,default,0.096,400.208,599.501,1769.598,3.607,0.002038,598.279,1.0,1,1771192.1,5898794.5
5367,4,0.072192,0.0602,2,50,Apirana Avenue,17344.0,8672.0,propagated,0.096,666.911,999.014,2948.874,4.086,0.001386,997.63,1.0,1,1765364.7,5916734.2
5368,4,0.040212,0.0335,2,50,Apirana Avenue,17344.0,8672.0,propagated,0.096,666.911,999.014,2948.874,6.11,0.002072,996.944,1.0,2,1765341.1,5916771.9
5369,2,0.033923999999999996,0.0283,4,50,Taniwha Street,6335.0,3167.5,propagated,0.097711,243.593,371.4,1096.293,3.303,0.003013,370.281,1.0,1,1766319.2,5917000.7
5370,2,0.02408,0.012,4,30,Westhaven Drive,8873.0,4436.5,default,0.096,341.185,511.085,1508.613,3.344,0.002217,509.952,1.0,1,1755420.9,5921978.7
5371,2,0.09537599999999999,0.0795,3,50,Tristram Avenue,30885.0,15442.5,propagated,0.096,1187.59,1778.976,5251.153,8.549,0.001628,1776.08,1.0,1,1755453.1,5928992.2
5372,3,0.021336,0.0178,4,50,Beach Haven Road,10651.0,5325.5,propagated,0.096,409.552,613.498,1810.914,3.176,0.001754,612.422,1.0,1,1751630.7,5927284.9
5373,1,0.0237,0.0198,4,50,Beach Haven Road,10651.0,5325.5,propagated,0.096,409.552,613.498,1810.914,6.351,0.003507,611.346,1.0,2,1751645.7,5927295.3
5374,2,0.03408,0.0454,4,80,Airfield Road,2163.0,1081.5,propagated,0.096,83.172,124.589,367.76,13.198,0.035888,120.118,1.0,2,1773271.3,5899630.8
5375,1,0.0114675,0.0153,3,80,Mill Road,18750.0,9375.0,propagated,0.096,720.975,1080.0,3187.927,19.031,0.00597,1073.553,1.0,3,1773245.4,5899628.7
5376,1,0.1174425,0.1566,3,80,Mill Road,18750.0,9375.0,propagated,0.096,720.975,1080.0,3187.927,25.347,0.007951,1071.413,1.0,4,1773211.9,5899702.6
5377,2,0.404745,0.5397,3,80,Mill Road,16198.0,8099.0,count,0.096,622.845,933.005,2754.029,25.347,0.009204,924.418,1.0,4,1773091.5,5900029.5
5378,2,0.16872750000000003,0.225,3,80,Mill Road,17520.0,8760.0,propagated,0.096,673.679,1009.152,2978.799,25.347,0.008509,1000.565,1.0,4,1772960.0,5900388.6
5379,2,0.0354375,0.0472,2,80,Entry 430 Khyber Pass Road,22406.0,11203.0,propagated,0.096,861.556,1290.586,3809.531,6.323,0.00166,1288.444,1.0,1,1757573.8,5918511.7
5380,2,0.027947999999999997,0.0233,4,50,Frederick Street,5317.0,2658.5,propagated,0.096,204.449,306.259,904.01,5.869,0.006492,304.271,1.0,2,1757316.1,5912104.2
5381,6,0.24045599999999995,0.2004,4,50,Queenstown Road,6522.0,3261.0,count,0.096,250.784,375.667,1108.888,5.869,0.005293,373.679,1.0,2,1757355.0,5912206.3
5382,2,0.45669000000000004,0.4567,3,60,Whitford Road,11189.0,5594.5,count,0.096,430.239,644.486,1902.384,5.469,0.002875,642.633,1.0,2,1773806.1,5909505.7
5383,4,0.24891000000000002,0.2489,3,60,Whitford Road,4443.0,2221.5,propagated,0.096,170.842,255.917,755.412,5.469,0.00724,254.064,1.0,2,1773505.9,5909678.0
5384,1,0.11623199999999999,0.0969,3,50,Savill Drive,7394.0,3697.0,propagated,0.096,284.314,425.894,1257.147,3.188,0.002536,424.814,1.0,1,1763004.4,5908445.4
5385,11,0.22454000000000002,0.2245,3,60,Aviemore Drive,15956.0,7978.0,propagated,0.096,613.54,919.066,2712.884,7.586,0.002796,916.496,1.0,1,1769834.2,5914660.6
5386,1,0.042168,0.0351,2,50,Khyber Pass Road,25450.0,12725.0,propagated,0.096,978.603,1465.92,4327.079,10.612,0.002452,1462.325,1.0,1,1757012.1,5918748.3
5387,2,0.034596,0.0288,2,50,Khyber Pass Road,14066.0,7033.0,count,0.096,540.866,810.202,2391.541,5.2,0.002174,808.44,1.0,1,1758342.6,5918376.5
5388,2,0.089676,0.0747,2,50,Khyber Pass Road,14066.0,7033.0,propagated,0.096,540.866,810.202,2391.541,10.193,0.004262,806.749,1.0,2,1758292.9,5918390.7
5389,4,0.102876,0.0857,2,50,Khyber Pass Road,14066.0,7033.0,propagated,0.096,540.866,810.202,2391.541,16.63,0.006954,804.568,1.0,3,1758216.3,5918414.5
5390,1,0.015888,0.0132,3,50,Weymouth Road,7609.0,3804.5,propagated,0.096,292.581,438.278,1293.702,4.902,0.003789,436.617,1.0,1,1766401.9,5899797.3
5391,3,0.06251999999999999,0.0521,3,50,Weymouth Road,7609.0,3804.5,propagated,0.096,292.581,438.278,1293.702,15.067,0.011646,433.174,1.0,3,1766381.3,5899796.2
5392,3,0.12997199999999998,0.1083,4,50,Penrose Road,10408.0,5204.0,default,0.096,400.208,599.501,1769.598,3.373,0.001906,598.358,1.0,1,1763787.6,5913704.3
5393,7,0.29700000000000004,0.2475,3,50,Blockhouse Bay Road,13188.0,6594.0,count,0.093115,507.105,736.8,2174.875,1.599,0.000735,736.258,1.0,1,1751532.3,5912476.4
5394,4,0.24369599999999997,0.2031,3,50,Blockhouse Bay Road,8092.0,4046.0,count,0.122096,311.154,592.8,1749.818,1.599,0.000914,592.258,1.0,1,1751634.7,5912662.9
5395,1,0.005436,0.0045,3,50,Tristram Avenue,30885.0,15442.5,propagated,0.096,1187.59,1778.976,5251.153,8.291,0.001579,1776.167,1.0,1,1755568.2,5929026.9
5396,2,0.024815999999999998,0.0207,4,50,Sunset Road,11232.0,5616.0,propagated,0.0974,431.893,656.398,1937.545,1.924,0.000993,655.746,1.0,1,1753407.2,5929804.1
5397,1,0.011543999999999999,0.0096,2,50,Glenfield Road,35395.0,17697.5,propagated,0.094138,1361.009,1999.209,5901.234,1.924,0.000326,1998.557,1.0,1,1753401.3,5929795.8
5398,1,0.025668,0.0214,2,50,Glenfield Road,35395.0,17697.5,propagated,0.094138,1361.009,1999.209,5901.234,3.77,0.000639,1997.932,1.0,2,1753412.2,5929784.9
5399,2,0.06864,0.0572,2,50,Glenfield Road,35395.0,17697.5,propagated,0.094138,1361.009,1999.209,5901.234,7.033,0.001192,1996.826,1.0,3,1753437.9,5929755.5
5400,4,0.231588,0.193,2,50,Glenfield Road,35395.0,17697.5,propagated,0.094138,1361.009,1999.209,5901.234,8.879,0.001505,1996.201,1.0,4,1753477.3,5929637.9
5401,2,0.017052,0.0142,2,50,Great South Road,23313.0,11656.5,propagated,0.101231,896.431,1415.999,4179.723,4.191,0.001003,1414.579,1.0,1,1761075.9,5914360.2
5402,2,0.12370799999999998,0.1031,4,50,Old Lake Road,5757.0,2878.5,propagated,0.096,221.368,331.603,978.82,3.42,0.003494,330.444,1.0,1,1760624.3,5924430.5
5403,4,0.17809199999999997,0.1484,4,50,Old Lake Road,2991.0,1495.5,propagated,0.096,115.01,172.282,508.539,3.42,0.006725,171.123,1.0,1,1760509.3,5924462.0
5404,4,0.247272,0.2061,3,50,Sylvia Park Road,14395.0,7197.5,count,0.088711,553.517,766.197,2261.648,6.075,0.002686,764.139,1.0,1,1763555.0,5912023.7
5405,11,0.7575839999999999,0.6313,2,50,Esmonde Road,28014.0,14007.0,count,0.096,1077.194,1613.606,4763.017,1.618,0.00034,1613.058,1.0,1,1758094.2,5926393.3
5406,8,0.23254999999999998,0.2326,2,60,Esmonde Road,28014.0,14007.0,propagated,0.096,1077.194,1613.606,4763.017,1.618,0.00034,1613.058,1.0,1,1757676.0,5926292.2
5407,1,0.0159,0.0159,3,60,Barrys Point Road,9894.0,4947.0,propagated,0.096,380.444,569.894,1682.204,1.618,0.000962,569.346,1.0,1,1757570.0,5926247.2
5408,1,0.060132,0.0501,4,50,Patiki Road,17644.0,8822.0,propagated,0.087565,678.447,926.998,2736.298,4.233,0.001547,925.564,1.0,1,1748528.6,5918332.0
5409,4,0.21434399999999998,0.1786,4,50,Oteha Valley Road Extension,3702.0,1851.0,propagated,0.103187,142.349,229.199,676.546,2.351,0.003475,228.403,1.0,2,1751677.6,5934291.2
5410,4,0.158196,0.1318,2,50,Oteha Valley Road,3702.0,1851.0,propagated,0.103187,142.349,229.199,676.546,2.351,0.003475,228.403,1.0,2,1751665.0,5934157.1
5411,7,0.342768,0.2856,3,50,Preston Road,13341.0,6670.5,count,0.108163,512.988,865.802,2555.661,10.495,0.004107,862.247,1.0,2,1768018.0,5907234.3
5412,4,0.10661,0.1066,3,60,New North Road Interchange,22076.5,11038.25,default,0.096,848.886,1271.606,3753.506,5.691,0.001516,1269.678,1.0,1,1756356.4,5918366.6
5413,1,0.06901199999999999,0.0575,3,50,New North Road Interchange,15105.5,7552.75,default,0.096,580.837,870.077,2568.28,11.562,0.004502,866.16,1.0,2,1756438.4,5918372.4
5414,2,0.25671000000000005,0.3423,3,80,Ormiston Road,9648.0,4824.0,count,0.166874,370.985,966.0,2851.424,3.31,0.001161,964.879,1.0,1,1773114.0,5907464.6
5415,3,0.4051725,0.5402,3,80,Ormiston Road,11060.0,5530.0,count,0.096,425.279,637.056,1880.452,3.31,0.00176,635.935,1.0,1,1772715.2,5907347.0
5416,1,0.0876,0.1168,3,80,Ormiston Road,19388.0,9694.0,propagated,0.096,745.507,1116.749,3296.402,3.31,0.001004,1115.628,1.0,1,1772561.2,5907059.3
5417,13,0.64536,0.6454,3,60,Ormiston Road,19388.0,9694.0,count,0.096,745.507,1116.749,3296.402,3.31,0.001004,1115.628,1.0,1,1772327.5,5906785.0
5418,2,0.15864,0.1586,3,60,Ormiston Road,7454.0,3727.0,propagated,0.133351,286.621,596.399,1760.441,3.31,0.00188,595.278,1.0,1,1771940.7,5906885.6
5419,2,0.062628,0.0522,3,50,Portage Road,7134.0,3567.0,propagated,0.096,274.317,410.918,1212.941,3.334,0.002749,409.789,1.0,1,1763472.0,5910641.8
5420,1,0.031464,0.0262,2,50,Hillsborough Road,25322.0,12661.0,propagated,0.082655,973.682,1255.794,3706.833,5.873,0.001584,1253.804,1.0,1,1756605.2,5912756.8
5421,1,0.033288,0.0277,2,50,Kitchener Road,10973.0,5486.5,propagated,0.096,421.934,632.045,1865.66,3.828,0.002052,630.748,1.0,1,1757402.7,5928936.1
5422,2,0.239076,0.1992,2,50,Don Buck Road,23156.0,11578.0,propagated,0.096,890.395,1333.786,3937.048,1.593,0.000405,1333.246,1.0,1,1742702.3,5921878.5
5423,1,0.009519999999999999,0.0095,2,60,Cavendish Drive,44154.0,22077.0,propagated,0.096,1697.81,2543.27,7507.184,1.552,0.000207,2542.744,1.0,1,1764879.3,5903889.6
5424,3,0.10071,0.1007,2,60,Cavendish Drive,20048.0,10024.0,count,0.096,770.886,1154.765,3408.617,1.552,0.000455,1154.239,1.0,1,1764843.3,5903847.5
5425,2,0.039369999999999995,0.0394,2,60,Entry 3 Cavendish Drive,8676.0,4338.0,count,0.096,333.61,499.738,1475.119,1.552,0.001052,499.212,1.0,1,1764835.7,5903800.4
5426,3,0.17918999999999996,0.2986,2,100,Entry 3 Cavendish Drive,8676.0,4338.0,propagated,0.096,333.61,499.738,1475.119,2.755,0.001868,498.805,1.0,2,1764998.0,5903754.4
5427,1,0.15298199999999998,0.255,3,100,Entry 10 Walmsley Road,8794.0,4397.0,count,0.096,338.147,506.534,1495.179,5.058,0.003383,504.82,1.0,1,1759935.5,5908581.8
5428,1,0.012077999999999998,0.0201,3,100,Entry 10 Walmsley Road,10840.0,5420.0,propagated,0.096,416.82,624.384,1843.047,5.058,0.002744,622.67,1.0,1,1759899.9,5908714.8
5429,3,0.07360799999999999,0.0613,1,50,Great North Road,27919.0,13959.5,propagated,0.096,1073.541,1608.134,4746.865,1.308,0.000276,1607.691,1.0,1,1746521.9,5916460.4
5430,1,0.013307999999999999,0.0111,1,50,19,25072.0,12536.0,default,0.096,964.069,1444.147,4262.81,1.308,0.000307,1443.704,1.0,1,1746529.4,5916489.5
5431,3,0.05466750000000001,0.0729,3,80,Mill Road,18750.0,9375.0,count,0.096,720.975,1080.0,3187.927,5.833,0.00183,1078.024,1.0,1,1773251.9,5899590.2
5432,1,0.053891999999999995,0.0449,4,50,View Road,10115.0,5057.5,propagated,0.096,388.942,582.624,1719.78,5.383,0.00313,580.8,1.0,1,1745900.3,5916245.6
5433,4,0.054648,0.0455,2,50,Albany Highway,18992.0,9496.0,default,0.096,730.28,1093.939,3229.072,1.846,0.000572,1093.314,1.0,1,1753370.9,5929810.4
5434,6,0.10742399999999999,0.0895,2,50,Glenfield Road,35395.0,17697.5,propagated,0.094138,1361.009,1999.209,5901.234,1.846,0.000313,1998.584,1.0,1,1753417.0,5929761.7
5435,2,0.044868000000000005,0.0374,4,50,Mountain Road,9106.0,4553.0,propagated,0.096,350.144,524.506,1548.229,20.94,0.013525,517.412,1.0,5,1757807.2,5918496.9
5436,1,0.013247999999999998,0.011,4,50,Mountain Road,9106.0,4553.0,propagated,0.096,350.144,524.506,1548.229,26.648,0.017212,515.478,1.0,6,1757813.7,5918520.0
5437,4,0.232716,0.1939,3,50,New North Road,16337.0,8168.5,count,0.098549,628.19,965.997,2851.415,15.034,0.005272,960.904,1.0,2,1756016.4,5918228.7
5438,1,0.021468,0.0179,2,50,Massey Road,17591.0,8795.5,propagated,0.096,676.409,1013.242,2990.872,2.979,0.000996,1012.233,1.0,1,1761767.9,5906593.9
5439,5,0.08249999999999999,0.0688,2,50,Exit 7 Massey Road,10746.0,5373.0,propagated,0.096,413.205,618.97,1827.066,2.979,0.00163,617.961,1.0,1,1761727.5,5906588.3
5440,1,0.04547,0.0455,4,60,Landing Drive,14258.0,7129.0,default,0.096,548.249,821.261,2424.185,3.781,0.00156,819.98,1.0,1,1758921.5,5904627.9
5441,5,0.098028,0.0817,4,50,Mount Eden Road,8215.0,4107.5,propagated,0.096,315.883,473.184,1396.737,17.059,0.012213,467.405,1.0,2,1756945.3,5918634.0
5442,1,0.11858399999999998,0.0988,3,50,Preston Road,8356.0,4178.0,propagated,0.096,321.305,481.306,1420.711,6.465,0.004551,479.116,1.0,1,1767877.1,5906663.3
5443,6,0.400068,0.3334,3,50,Saint Lukes Road,20936.0,10468.0,propagated,0.096,805.031,1205.914,3559.598,4.153,0.001167,1204.507,1.0,1,1754196.3,5916951.9
5444,3,0.213804,0.1782,3,50,Saint Lukes Road,20936.0,10468.0,count,0.096,805.031,1205.914,3559.598,10.502,0.00295,1202.356,1.0,2,1754051.1,5917158.9
5445,2,0.03698,0.037,3,60,Highbrook Drive,38156.0,19078.0,propagated,0.10326,1467.175,2363.993,6977.997,6.749,0.000967,2361.707,1.0,1,1765623.6,5908921.8
5446,1,0.059622857142857144,0.0348,3,35,Highbrook Drive,38156.0,19078.0,propagated,0.10326,1467.175,2363.993,6977.997,6.749,0.000967,2361.707,1.0,1,1765620.7,5908912.8
5447,1,0.009023999999999999,0.0075,4,50,Exit 443 Highbrook Drive,26834.0,13417.0,propagated,0.096,1031.821,1545.638,4562.39,13.499,0.002959,1541.065,1.0,2,1765601.0,5908906.8
5448,7,0.33688799999999997,0.2807,4,50,Triangle Road,13004.0,6502.0,count,0.096,500.03,749.03,2210.975,3.134,0.001417,747.968,1.0,1,1745012.6,5920972.0
5449,5,0.1857,0.1548,4,50,Triangle Road,14952.0,7476.0,count,0.096,574.934,861.235,2542.18,3.134,0.001233,860.173,1.0,1,1745092.8,5920770.1
5450,1,0.095232,0.0794,4,50,Triangle Road,14952.0,7476.0,propagated,0.096,574.934,861.235,2542.18,6.718,0.002643,858.959,1.0,2,1745136.5,5920661.7
5451,4,0.263064,0.2192,4,50,Triangle Road,14006.0,7003.0,count,0.096,538.559,806.746,2381.34,6.718,0.002821,804.47,1.0,2,1745202.5,5920528.3
5452,3,0.154584,0.1288,4,50,Triangle Road,13284.0,6642.0,propagated,0.096,510.796,765.158,2258.581,6.718,0.002974,762.882,1.0,2,1745328.9,5920411.0
5453,2,0.038376,0.032,3,50,Whitford Road,13719.0,6859.5,propagated,0.10511,527.523,865.202,2553.89,5.389,0.00211,863.376,1.0,1,1771764.3,5912376.3
5454,2,0.08947,0.0895,4,60,Chapel Road,17197.0,8598.5,count,0.096,661.259,990.547,2923.881,6.617,0.002263,988.305,1.0,1,1770007.1,5908485.4
5455,1,0.017328,0.0144,4,50,Stratford Road,20405.0,10202.5,propagated,0.096,784.613,1175.328,3469.315,8.011,0.002309,1172.614,1.0,1,1770895.6,5901679.5
5456,2,0.039948,0.0333,3,50,Balmoral Road,21548.0,10774.0,propagated,0.096,828.564,1241.165,3663.651,12.516,0.003416,1236.925,1.0,2,1755079.3,5916413.9
5457,1,0.026279999999999998,0.0219,3,50,Balmoral Road,21548.0,10774.0,propagated,0.096,828.564,1241.165,3663.651,18.842,0.005143,1234.782,1.0,3,1755052.5,5916419.9
5458,2,0.08946,0.0745,3,50,Balmoral Road,21548.0,10774.0,propagated,0.096,828.564,1241.165,3663.651,25.18,0.006873,1232.635,1.0,4,1755005.5,5916430.0
5459,1,0.086064,0.0717,3,50,Garnet Road,8928.0,4464.0,propagated,0.103271,343.299,553.202,1632.933,10.951,0.006706,549.492,1.0,2,1753385.0,5919709.7
5460,1,0.065952,0.055,4,50,Trugood Drive,12390.0,6195.0,propagated,0.096,476.42,713.664,2106.582,7.04,0.003342,711.279,1.0,1,1768675.0,5911185.9
5461,3,0.13083,0.1308,4,60,Accent Drive,5209.0,2604.5,count,0.096,200.296,300.038,885.647,8.521,0.009621,297.151,1.0,2,1769299.8,5908756.0
5462,1,0.05386,0.0539,4,60,,14258.0,7129.0,default,0.096,548.249,821.261,2424.185,8.521,0.003515,818.374,1.0,2,1769241.3,5908826.4
5463,4,0.16511,0.1651,4,60,East Tamaki Road,11382.0,5691.0,propagated,0.126164,437.661,861.599,2543.254,16.138,0.006345,856.132,1.0,4,1769145.9,5908790.9
5464,5,0.28624,0.2862,4,60,East Tamaki Road,11382.0,5691.0,count,0.126164,437.661,861.599,2543.254,19.647,0.007725,854.943,1.0,5,1768950.2,5908679.6
5465,4,0.1359,0.1132,4,50,Richmond Road,9176.0,4588.0,propagated,0.092524,352.836,509.4,1503.639,3.255,0.002165,508.297,1.0,1,1754262.8,5919790.5
5466,13,0.4947599999999999,0.4123,4,50,Richmond Road,9984.0,4992.0,count,0.096,383.905,575.078,1697.506,3.255,0.001918,573.975,1.0,1,1754493.9,5919916.2
5467,5,0.373704,0.3114,4,50,Richmond Road,12562.0,6281.0,count,0.096,483.034,723.571,2135.825,3.255,0.001524,722.468,1.0,1,1754821.9,5919864.6
5468,7,0.24388799999999994,0.2032,4,50,Richmond Road,11931.0,5965.5,count,0.096,458.771,687.226,2028.543,3.255,0.001605,686.123,1.0,1,1755032.7,5919771.8
5469,3,0.095352,0.0795,4,50,Richmond Road,12296.0,6148.0,count,0.096,472.806,708.25,2090.601,3.255,0.001557,707.147,1.0,1,1755086.7,5919642.3
5470,10,0.6312599999999999,0.526,4,50,Richmond Road,9666.0,4833.0,count,0.096,371.677,556.762,1643.441,3.255,0.001981,555.659,1.0,1,1755358.5,5919563.5
5471,1,0.06258,0.0522,3,50,Jellicoe Road,16615.0,8307.5,propagated,0.096,638.88,957.024,2824.928,5.758,0.002038,955.073,1.0,1,1765044.7,5915052.0
5472,2,0.296376,0.247,4,50,Hobsonville Point Road,10408.0,5204.0,default,0.096,400.208,599.501,1769.598,3.933,0.002223,598.169,1.0,1,1747708.4,5926550.5
5473,1,0.09579599999999999,0.0798,4,50,Caribbean Drive,9483.0,4741.5,propagated,0.096,364.64,546.221,1612.327,13.434,0.008332,541.67,1.0,2,1753789.0,5930233.8
5474,1,0.0049559999999999995,0.0041,4,50,Sunset Road,12285.0,6142.5,propagated,0.108588,472.383,800.402,2362.614,13.434,0.005686,795.851,1.0,2,1753826.5,5930217.6
5475,5,0.162228,0.1352,2,50,Albany Highway,18992.0,9496.0,default,0.096,730.28,1093.939,3229.072,3.091,0.000957,1092.892,1.0,2,1751848.0,5930914.1
5476,1,0.005699999999999999,0.0095,1,100,Entry 19 Maioro Street,23126.0,11563.0,default,0.096,889.241,1332.058,3931.948,7.354,0.00187,1329.567,1.0,1,1753611.8,5914418.4
5477,2,0.058356000000000005,0.0486,1,50,Entry 19 Maioro Street,25072.0,12536.0,default,0.096,964.069,1444.147,4262.81,7.354,0.001725,1441.656,1.0,1,1753588.1,5914435.6
5478,1,0.034668,0.0289,4,50,Central Park Drive,18473.0,9236.5,propagated,0.098035,710.324,1086.6,3207.409,4.929,0.001537,1084.93,1.0,1,1745762.6,5919147.1
5479,7,0.22888799999999998,0.1907,4,50,Central Park Drive,21152.0,10576.0,count,0.096,813.337,1218.355,3596.321,4.929,0.001371,1216.685,1.0,1,1745813.5,5919050.0
5480,4,0.110052,0.0917,4,50,Russell Road,9559.0,4779.5,propagated,0.109844,367.563,629.999,1859.621,3.105,0.00167,628.947,1.0,1,1767811.9,5900957.8
5481,2,0.12423599999999999,0.1035,4,50,Russell Road,9559.0,4779.5,propagated,0.109844,367.563,629.999,1859.621,6.672,0.003588,627.739,1.0,2,1767900.8,5900918.4
5482,6,0.37962,0.3164,4,50,Russell Road,9609.0,4804.5,count,0.096,369.485,553.478,1633.748,6.672,0.004084,551.218,1.0,2,1768095.4,5900839.4
5483,4,0.2865,0.2388,4,50,Russell Road,12061.0,6030.5,count,0.102562,463.77,742.2,2190.814,6.672,0.003045,739.94,1.0,2,1768341.2,5900718.0
5484,2,0.089796,0.0748,4,50,Porchester Road,13773.0,6886.5,count,0.086982,529.599,718.802,2121.748,6.317,0.002977,716.662,1.0,1,1772059.8,5898129.3
5485,2,0.05445599999999999,0.0454,4,50,Tauhinu Road,5584.0,2792.0,propagated,0.096,214.716,321.638,949.406,4.448,0.004685,320.131,1.0,1,1749484.4,5928010.7
5486,1,0.080976,0.0675,4,50,Exit 6 Tauhinu Road,4856.0,2428.0,propagated,0.096,186.723,279.706,825.632,4.448,0.005387,278.199,1.0,1,1749500.4,5927970.7
5487,3,0.207432,0.3457,4,100,Exit 6 Tauhinu Road,4856.0,2428.0,count,0.096,186.723,279.706,825.632,4.448,0.005387,278.199,1.0,1,1749323.8,5927866.1
5488,6,0.36596999999999996,0.61,0,100,Upper Harbour Motorway,29602.0,14801.0,propagated,0.096,1138.256,1705.075,5033.013,4.448,0.000884,1703.568,1.0,1,1749449.7,5927906.3
5489,2,0.319272,0.5321,0,100,Upper Harbour Motorway,74072.0,37036.0,default,0.096,2848.217,4266.547,12593.926,4.448,0.000353,4265.04,1.0,1,1749884.0,5928274.5
5490,2,0.6752579999999999,1.1254,0,100,Upper Harbour Motorway,40200.0,20100.0,count,0.096,1545.77,2315.52,6834.915,4.448,0.000651,2314.013,1.0,1,1750365.2,5928940.8
5491,2,0.050471999999999996,0.0421,4,50,Boston Road,12191.0,6095.5,propagated,0.102945,468.768,753.001,2222.696,7.105,0.003197,750.594,1.0,1,1757219.0,5918407.2
5492,4,0.17429999999999998,0.1452,2,50,Great South Road,16462.0,8231.0,propagated,0.096,632.997,948.211,2798.914,4.777,0.001707,946.593,1.0,1,1762154.4,5913296.8
5493,6,0.39372,0.3281,2,50,Great South Road,14151.0,7075.5,count,0.096,544.134,815.098,2405.993,4.777,0.001985,813.48,1.0,1,1762212.5,5913069.4
5494,4,0.12698399999999999,0.1058,2,50,Great South Road,19276.0,9638.0,propagated,0.096,741.201,1110.298,3277.36,4.777,0.001458,1108.68,1.0,1,1762359.1,5912909.9
5495,4,0.08879999999999999,0.074,2,50,Great South Road,19276.0,9638.0,count,0.096,741.201,1110.298,3277.36,7.916,0.002415,1107.616,1.0,2,1762421.6,5912844.7
5496,4,0.15732000000000002,0.1311,4,50,Mountain Road,9369.0,4684.5,count,0.133952,360.257,752.998,2222.688,7.304,0.003286,750.524,1.0,2,1757639.5,5917822.9
5497,2,0.13313999999999998,0.111,4,50,Mountain Road,9369.0,4684.5,propagated,0.133952,360.257,752.998,2222.688,10.633,0.004784,749.396,1.0,3,1757622.5,5917941.9
5498,4,0.304104,0.2534,4,50,Mountain Road,9194.0,4597.0,count,0.122254,353.528,674.402,1990.689,10.633,0.005341,670.8,1.0,3,1757673.9,5918108.1
5499,4,0.104124,0.0868,4,50,Mountain Road,9194.0,4597.0,propagated,0.122254,353.528,674.402,1990.689,15.168,0.007619,669.263,1.0,4,1757745.5,5918259.7
5500,3,0.219996,0.1833,4,50,Mountain Road,9106.0,4553.0,count,0.096,350.144,524.506,1548.229,15.168,0.009797,519.367,1.0,4,1757779.9,5918390.0
5501,1,0.007968,0.0066,2,50,Newton Road,34372.0,17186.0,propagated,0.096,1321.672,1979.827,5844.022,4.053,0.000694,1978.454,1.0,1,1756405.1,5918949.1
5502,1,0.023987999999999995,0.02,4,50,Sunderlands Road,3044.0,1522.0,propagated,0.096,117.048,175.334,517.548,9.895,0.019119,171.982,1.0,2,1770133.6,5915854.1
5503,3,0.07968,0.0797,2,60,Te Irirangi Drive,34528.0,17264.0,propagated,0.08706,1327.671,1803.605,5323.853,1.543,0.00029,1803.082,1.0,1,1769077.6,5906486.0
5504,2,0.105435,0.1406,2,80,Te Irirangi Drive,34528.0,17264.0,propagated,0.08706,1327.671,1803.605,5323.853,1.543,0.00029,1803.082,1.0,1,1769104.9,5906592.5
5505,1,0.031571999999999996,0.0263,4,50,Mountain Road,9198.0,4599.0,propagated,0.143292,353.681,790.8,2334.271,4.114,0.001762,789.406,1.0,1,1757770.3,5917610.6
5506,3,0.205752,0.1715,4,50,Mountain Road,9369.0,4684.5,propagated,0.133952,360.257,752.998,2222.688,4.114,0.001851,751.604,1.0,1,1757711.7,5917690.3
5507,1,0.02961,0.0296,3,60,Smales Road,18042.0,9021.0,propagated,0.096,693.751,1039.219,3067.55,3.536,0.001153,1038.021,1.0,1,1769910.0,5909848.8
5508,1,0.021047999999999997,0.0175,4,50,Macleans Road,5476.0,2738.0,propagated,0.096,210.563,315.418,931.046,5.056,0.00543,313.705,1.0,1,1770383.2,5916793.1
5509,2,0.032208,0.0268,3,50,Bucklands Beach Road,12362.0,6181.0,propagated,0.096,475.344,712.051,2101.821,5.056,0.002406,710.338,1.0,1,1770375.6,5916783.4
5510,2,0.066468,0.0554,1,50,Great North Road,40217.0,20108.5,propagated,0.096,1546.424,2316.499,6837.805,2.081,0.000304,2315.794,1.0,1,1749450.8,5913907.5
5511,3,0.30308,0.1515,4,30,Rowandale Avenue,4507.0,2253.5,propagated,0.096,173.303,259.603,766.292,3.921,0.005117,258.275,1.0,1,1766901.8,5900435.9
5512,5,0.56406,0.282,4,30,Rowandale Avenue,3271.0,1635.5,count,0.096,125.776,188.41,556.146,3.921,0.00705,187.082,1.0,1,1766984.0,5900235.6
5513,1,0.048768,0.0406,4,50,Rowandale Avenue,3271.0,1635.5,propagated,0.096,125.776,188.41,556.146,3.921,0.00705,187.082,1.0,1,1767045.5,5900086.1
5514,3,0.35241599999999995,0.2937,4,50,Williamson Avenue,8576.0,4288.0,propagated,0.127332,329.764,655.2,1934.009,3.849,0.00199,653.896,1.0,1,1755230.0,5918940.4
5515,1,0.0740475,0.0987,1,80,Upper Harbour Highway,10428.0,5214.0,default,0.096,400.977,600.653,1772.998,1.811,0.001021,600.039,1.0,1,1753541.6,5931303.5
5516,1,0.0372,0.031,1,50,Upper Harbour Highway,25072.0,12536.0,default,0.096,964.069,1444.147,4262.81,1.811,0.000425,1443.533,1.0,1,1753591.3,5931344.9
5517,2,0.0249,0.0332,1,80,Upper Harbour Highway,10428.0,5214.0,default,0.096,400.977,600.653,1772.998,1.811,0.001021,600.039,1.0,1,1753613.0,5931368.4
5518,1,0.031854,0.0531,1,100,Upper Harbour Highway,23126.0,11563.0,default,0.096,889.241,1332.058,3931.948,1.811,0.000461,1331.444,1.0,1,1753649.1,5931359.4
5519,1,0.022752,0.019,3,50,Redoubt Road,13986.0,6993.0,propagated,0.096,537.79,805.594,2377.94,6.262,0.002633,803.473,1.0,1,1768059.3,5904354.3
5520,2,0.029519999999999998,0.0246,4,50,Stratford Road,20405.0,10202.5,propagated,0.096,784.613,1175.328,3469.315,8.011,0.002309,1172.614,1.0,1,1770887.5,5901680.8
5521,4,0.06204,0.0517,4,50,Morrin Road,11293.0,5646.5,propagated,0.096,434.238,650.477,1920.068,7.216,0.003758,648.032,1.0,1,1764601.3,5916387.2
5522,3,0.235776,0.1965,4,50,Morrin Road,11293.0,5646.5,count,0.096,434.238,650.477,1920.068,12.932,0.006735,646.096,1.0,2,1764627.5,5916273.7
5523,5,0.17887199999999998,0.1491,3,50,Mount Albert Road,16711.0,8355.5,propagated,0.088564,642.571,887.996,2621.173,7.26,0.00277,885.536,1.0,1,1756225.0,5913763.1
5524,3,0.0819,0.0682,4,50,Fortunes Road,10938.0,5469.0,propagated,0.096,420.588,630.029,1859.71,6.237,0.003354,627.916,1.0,1,1769054.6,5914770.4
5525,1,0.01481,0.0148,3,60,Walmsley Road,17719.0,8859.5,propagated,0.096,681.331,1020.614,3012.632,18.338,0.006087,1014.401,1.0,2,1759823.0,5908744.6
5526,1,0.024399999999999998,0.0122,2,30,Victoria Street W,16700.0,8350.0,propagated,0.096,642.148,961.92,2839.38,7.41,0.00261,959.41,1.0,1,1756234.2,5920546.3
5527,1,0.12313199999999999,0.1026,3,50,Entry 443 Highbrook Drive,11936.0,5968.0,propagated,0.096,458.963,687.514,2029.393,6.23,0.00307,685.403,1.0,1,1765521.1,5908869.1
5528,1,0.01822,0.0182,2,60,Piwakawaka Street,28612.0,14306.0,default,0.096,1100.189,1648.051,4864.691,12.551,0.00258,1643.799,1.0,2,1756475.9,5918847.4
5529,1,0.05084399999999999,0.0424,2,50,Mount Wellington Highway,35566.0,17783.0,propagated,0.07718,1367.584,1646.99,4861.559,3.401,0.0007,1645.838,1.0,1,1763856.4,5913796.0
5530,1,0.014052,0.0117,3,50,Upper Queen Street,9053.0,4526.5,propagated,0.096653,348.106,525.0,1549.687,12.058,0.007781,520.915,1.0,1,1756911.2,5919166.5
5531,6,0.208128,0.1734,2,50,Green Lane E,20975.0,10487.5,count,0.096,806.531,1208.16,3566.228,0.94,0.000264,1207.842,1.0,1,1760251.7,5916012.7
5532,3,0.04926,0.041,2,50,Green Lane E,41732.0,20866.0,propagated,0.096,1604.679,2403.763,7095.39,0.94,0.000132,2403.445,1.0,1,1760183.8,5915973.4
5533,5,0.107928,0.0899,2,50,Shelly Beach Road,6500.0,3250.0,propagated,0.096,249.938,374.4,1105.148,4.295,0.003886,372.945,1.0,1,1755349.1,5921403.4
5534,2,0.23547999999999997,0.2355,4,60,Airfield Road,6016.0,3008.0,propagated,0.11885,231.327,429.001,1266.318,6.316,0.004988,426.861,1.0,1,1773075.9,5899558.6
5535,1,0.036832500000000004,0.0491,4,80,Airfield Road,6016.0,3008.0,propagated,0.11885,231.327,429.001,1266.318,6.316,0.004988,426.861,1.0,1,1773209.6,5899608.4
5536,1,0.010897500000000001,0.0145,3,80,Mill Road,18750.0,9375.0,propagated,0.096,720.975,1080.0,3187.927,6.316,0.001981,1077.86,1.0,1,1773232.9,5899624.1
5537,1,0.012456,0.0104,4,50,Hill Road,10990.0,5495.0,propagated,0.096,422.587,633.024,1868.55,5.909,0.003162,631.022,1.0,1,1769559.5,5901798.7
5538,1,0.014147999999999999,0.0118,4,50,Hill Road,21157.0,10578.5,propagated,0.096,813.529,1218.643,3597.171,11.819,0.003286,1214.639,1.0,2,1769569.8,5901803.0
5539,10,0.30661199999999994,0.2555,2,50,Apirana Avenue,17344.0,8672.0,count,0.096,666.911,999.014,2948.874,2.025,0.000687,998.328,1.0,1,1765380.2,5916642.9
5540,2,0.172932,0.1441,3,50,Parrs Cross Road,13037.0,6518.5,count,0.096,501.299,750.931,2216.586,3.619,0.001633,749.705,1.0,1,1744250.0,5914716.9
5541,2,0.26378399999999996,0.2198,3,50,Pine Avenue,12825.0,6412.5,count,0.096,493.147,738.72,2180.542,3.619,0.00166,737.494,1.0,1,1744097.1,5914815.7
5542,5,0.14629199999999998,0.1219,3,50,Pine Avenue,12825.0,6412.5,propagated,0.096,493.147,738.72,2180.542,10.853,0.004977,735.043,1.0,2,1743958.3,5914913.3
5543,1,0.007344,0.0061,3,50,Forest Hill Road,11594.0,5797.0,propagated,0.096,445.812,667.814,1971.243,10.853,0.005506,664.137,1.0,2,1743933.7,5914971.2
5544,1,0.026892,0.0224,4,50,Forest Hill Road,11594.0,5797.0,propagated,0.096,445.812,667.814,1971.243,10.853,0.005506,664.137,1.0,2,1743940.0,5914983.5
5545,2,0.11011199999999999,0.0918,4,50,Squadron Drive,10408.0,5204.0,default,0.096,400.208,599.501,1769.598,5.493,0.003104,597.64,1.0,1,1747760.3,5926765.4
5546,1,0.04561199999999999,0.038,4,50,Carr Road,7721.0,3860.5,propagated,0.127574,296.888,590.999,1744.502,7.77,0.004454,588.367,1.0,1,1755962.8,5913361.8
5547,1,0.072024,0.06,4,50,Carr Road,9846.0,4923.0,propagated,0.110908,378.598,655.2,1934.009,7.77,0.004018,652.568,1.0,1,1756005.6,5913337.7
5548,4,0.17199599999999998,0.1433,4,50,Richardson Road,9722.0,4861.0,propagated,0.102037,373.83,595.202,1756.908,3.526,0.002007,594.007,1.0,1,1753052.7,5915171.5
5549,10,0.16543199999999997,0.1379,4,50,Richardson Road,15208.0,7604.0,count,0.096,584.778,875.981,2585.707,3.526,0.001364,874.786,1.0,1,1753127.4,5915052.6
5550,1,0.012216,0.0102,2,50,Queenstown Road,6522.0,3261.0,propagated,0.096,250.784,375.667,1108.888,2.186,0.001971,374.926,1.0,1,1757405.3,5912293.5
5551,1,0.033636,0.028,4,50,Hugh Green Drive,10553.0,5276.5,propagated,0.096,405.784,607.853,1794.251,6.406,0.00357,605.683,1.0,1,1754221.2,5933148.7
5552,1,0.052836,0.044,4,50,Stoddard Road,13090.0,6545.0,propagated,0.096,503.337,753.984,2225.598,7.012,0.003151,751.608,1.0,1,1753652.5,5914576.4
5553,1,0.010188,0.0085,4,50,Maioro Street,19274.0,9637.0,propagated,0.096,741.124,1110.182,3277.018,7.012,0.00214,1107.806,1.0,1,1753668.3,5914561.1
5554,2,0.03554,0.0355,4,60,East Tamaki Road,11382.0,5691.0,propagated,0.126164,437.661,861.599,2543.254,7.616,0.002995,859.019,1.0,2,1769230.9,5908844.4
5555,1,0.545028,0.4542,3,50,Whitford Park Road,13029.0,6514.5,count,0.106455,500.991,832.201,2456.478,2.394,0.000975,831.39,1.0,1,1774877.7,5909138.3
5556,3,0.146652,0.1222,3,50,Whitford Road,10593.0,5296.5,propagated,0.113094,407.322,718.803,2121.751,2.394,0.001128,717.992,1.0,1,1774830.3,5909408.2
5557,2,0.5020899999999999,0.5021,3,60,Whitford Road,10593.0,5296.5,count,0.113094,407.322,718.803,2121.751,2.394,0.001128,717.992,1.0,1,1774672.9,5909618.1
5558,3,0.48711000000000004,0.4871,3,60,Whitford Road,11455.0,5727.5,count,0.096,440.468,659.808,1947.611,2.394,0.001229,658.997,1.0,1,1774254.1,5909462.8
5559,3,0.07379999999999999,0.0615,1,50,Constellation Drive,20004.0,10002.0,count,0.09903,769.194,1188.598,3508.485,3.673,0.001047,1187.354,1.0,1,1755028.1,5931878.8
5560,1,0.00939,0.0094,4,60,Murphys Road,8658.0,4329.0,propagated,0.129014,332.917,670.202,1978.292,6.881,0.003478,667.871,1.0,1,1771307.1,5906923.7
5561,2,0.04205999999999999,0.035,4,50,Carbine Road,18576.0,9288.0,propagated,0.093723,714.284,1044.599,3083.431,6.649,0.002156,1042.346,1.0,2,1764563.2,5912516.7
5562,1,0.0698,0.0349,4,30,Wellington Street,19642.0,9821.0,propagated,0.096,755.274,1131.379,3339.587,21.303,0.006379,1124.162,1.0,2,1756451.4,5919991.8
5563,1,0.0077599999999999995,0.0039,4,30,Wellington Street,16759.0,8379.5,propagated,0.080613,644.417,810.596,2392.704,21.303,0.008903,803.379,1.0,2,1756471.1,5919991.4
5564,4,0.495864,0.4132,3,50,Riddell Road,1693.0,846.5,propagated,0.108092,65.099,109.8,324.106,4.765,0.014702,108.186,1.0,1,1767088.6,5920292.9
5565,6,0.448656,0.3739,3,50,Riddell Road,2512.0,1256.0,propagated,0.096,96.591,144.691,427.097,4.765,0.011157,143.077,1.0,1,1766870.8,5920393.8
5566,8,0.570408,0.4753,3,50,Riddell Road,2512.0,1256.0,count,0.096,96.591,144.691,427.097,9.088,0.021279,141.612,1.0,2,1766655.1,5920089.0
5567,1,0.025728,0.0214,2,50,Rata Street,21374.0,10687.0,propagated,0.096,821.873,1231.142,3634.066,3.146,0.000866,1230.076,1.0,1,1749574.9,5914223.5
5568,4,0.08497199999999999,0.0708,2,50,Rata Street,21374.0,10687.0,propagated,0.096,821.873,1231.142,3634.066,6.292,0.001731,1229.01,1.0,2,1749555.5,5914181.6
5569,2,0.06264,0.0522,3,50,Broadway,13836.0,6918.0,propagated,0.096,532.022,796.954,2352.436,12.532,0.005327,792.708,1.0,2,1758430.0,5918065.7
5570,2,0.038424,0.032,1,50,Maioro Street,19274.0,9637.0,propagated,0.096,741.124,1110.182,3277.018,6.526,0.001991,1107.971,1.0,1,1753463.7,5914361.1
5571,3,0.15994799999999998,0.1333,4,50,Carlton Street,3217.0,1608.5,count,0.096,123.7,185.299,546.963,3.504,0.006406,184.112,1.0,1,1756936.3,5912228.9
5572,2,0.18684,0.1557,4,50,Carlton Street,3369.0,1684.5,count,0.096,129.545,194.054,572.806,3.504,0.006117,192.867,1.0,1,1757061.8,5912157.1
5573,1,0.088812,0.074,4,50,Carlton Street,3271.0,1635.5,count,0.096,125.776,188.41,556.146,3.504,0.006301,187.223,1.0,1,1757161.8,5912100.1
5574,1,0.137016,0.1142,4,50,Frederick Street,5317.0,2658.5,count,0.096,204.449,306.259,904.01,3.504,0.003876,305.072,1.0,1,1757250.0,5912087.5
5575,3,0.18447599999999997,0.1537,4,50,Mahia Road,6879.0,3439.5,propagated,0.096,264.511,396.23,1169.585,3.553,0.003038,395.026,1.0,1,1767452.2,5899078.5
5576,12,0.7383119999999999,0.6153,4,50,Mahia Road,12688.0,6344.0,count,0.096,487.879,730.829,2157.249,3.553,0.001647,729.625,1.0,1,1767796.4,5899192.9
5577,1,0.240852,0.2007,4,50,Mahia Road,10081.0,5040.5,propagated,0.096,387.635,580.666,1714.001,7.983,0.004658,577.962,1.0,2,1768180.0,5899317.8
5578,1,0.0156,0.013,3,50,Garnet Road,8928.0,4464.0,propagated,0.103271,343.299,553.202,1632.933,5.321,0.003259,551.399,1.0,1,1753413.0,5919678.1
5579,1,0.111444,0.0929,4,50,Valley Road,4119.0,2059.5,count,0.096,158.384,237.254,700.323,9.345,0.013344,234.088,1.0,1,1755895.5,5935657.0
5580,1,0.073524,0.0613,3,50,Beach Road,17126.0,8563.0,propagated,0.096,658.529,986.458,2911.811,9.345,0.003209,983.292,1.0,1,1755854.1,5935625.4
5581,4,0.404364,0.337,3,50,Beach Road,13073.0,6536.5,count,0.096,502.683,753.005,2222.708,18.678,0.008403,746.677,1.0,2,1755678.4,5935629.9
5582,1,0.06948,0.0579,3,50,Beach Road,13073.0,6536.5,propagated,0.096,502.683,753.005,2222.708,26.93,0.012116,743.882,1.0,3,1755669.6,5935449.1
5583,5,0.087084,0.0726,3,50,Beach Road,13359.0,6679.5,propagated,0.085485,513.68,685.196,2022.551,26.93,0.013315,676.073,1.0,3,1755667.3,5935385.7
5584,5,0.304692,0.2539,4,50,King Edward Parade,3591.0,1795.5,count,0.096,138.081,206.842,610.553,4.525,0.007411,205.309,1.0,1,1760640.4,5922316.6
5585,2,0.106692,0.0889,4,50,King Edward Parade,10668.0,5334.0,propagated,0.096,410.206,614.477,1813.803,4.525,0.002495,612.944,1.0,1,1760474.7,5922303.0
5586,1,0.041951999999999996,0.035,4,50,Bush Road,17075.0,8537.5,propagated,0.105417,656.568,1079.997,3187.918,3.48,0.001092,1078.818,1.0,1,1752328.0,5931544.5
5587,5,0.15548399999999998,0.1296,4,50,Bush Road,17075.0,8537.5,count,0.105417,656.568,1079.997,3187.918,6.913,0.002168,1077.655,1.0,2,1752365.3,5931471.7
5588,10,0.311352,0.2595,4,50,Bush Road,13099.0,6549.5,propagated,0.096,503.683,754.502,2227.127,6.913,0.003104,752.16,1.0,2,1752364.1,5931291.3
5589,6,0.135192,0.1127,3,50,Broadway,13836.0,6918.0,count,0.096,532.022,796.954,2352.436,6.77,0.002878,794.66,1.0,1,1758407.3,5917986.3
5590,2,0.305316,0.2544,4,50,College Road,18939.0,9469.5,count,0.096,728.242,1090.886,3220.06,9.132,0.002836,1087.792,1.0,2,1764004.6,5916769.9
5591,3,0.0816,0.068,3,50,College Road,18939.0,9469.5,propagated,0.096,728.242,1090.886,3220.06,9.132,0.002836,1087.792,1.0,2,1764023.6,5916924.4
5592,1,0.008147999999999999,0.0068,4,50,Wiseley Road,2735.0,1367.5,propagated,0.096,105.166,157.536,465.012,3.52,0.00757,156.344,1.0,1,1746911.9,5925963.6
5593,1,0.012582,0.021,3,100,Exit 435 Ellerslie Panmure Highway,13292.0,6646.0,propagated,0.096,511.104,765.619,2259.942,5.979,0.002646,763.593,1.0,1,1761481.2,5914161.5
5594,1,0.1248,0.104,3,50,Exit 435 Ellerslie Panmure Highway,13292.0,6646.0,propagated,0.096,511.104,765.619,2259.942,5.979,0.002646,763.593,1.0,1,1761427.0,5914191.9
5595,1,0.011868,0.0099,4,50,Entry 451 Hill Road,29784.0,14892.0,propagated,0.096,1145.254,1715.558,5063.957,6.782,0.001339,1713.26,1.0,1,1769440.2,5901883.3
5596,2,0.067788,0.0565,4,50,Onehunga Harbour Road,10408.0,5204.0,default,0.096,400.208,599.501,1769.598,14.47,0.008177,594.599,1.0,2,1758719.1,5911410.4
5597,3,0.056184,0.0468,4,50,Wiseley Road,2724.0,1362.0,propagated,0.096,104.743,156.902,463.141,4.954,0.010697,155.224,1.0,1,1746354.9,5924974.0
5598,1,0.02441,0.0244,4,60,Dawson Road,14714.0,7357.0,propagated,0.096,565.783,847.526,2501.714,5.074,0.002028,845.807,1.0,1,1768926.1,5905855.5
5599,4,0.23681000000000002,0.2368,4,60,Accent Drive,6965.0,3482.5,count,0.096,267.818,401.184,1184.209,4.374,0.003694,399.702,1.0,1,1769403.7,5908604.8
5600,6,0.27320399999999995,0.2277,4,50,Orakei Road,12649.0,6324.5,propagated,0.096,486.379,728.582,2150.617,5.63,0.002618,726.675,1.0,1,1760709.8,5916929.9
5601,2,0.14834399999999998,0.1236,4,50,Russell Road,11002.0,5501.0,count,0.096,423.049,633.715,1870.59,3.241,0.001733,632.617,1.0,1,1767396.0,5901192.8
5602,2,0.16466399999999998,0.1372,4,50,Russell Road,9760.0,4880.0,count,0.096,375.292,562.176,1659.422,6.321,0.003809,560.035,1.0,2,1767289.7,5901268.5
5603,3,0.194172,0.1618,4,50,Russell Road,11919.0,5959.5,count,0.096,458.309,686.534,2026.5,6.321,0.003119,684.393,1.0,2,1767167.7,5901354.8
5604,3,0.33411599999999997,0.2784,4,50,Russell Road,12459.0,6229.5,count,0.086524,479.073,646.802,1909.22,6.321,0.003311,644.661,1.0,2,1766987.9,5901481.3
5605,4,0.30297599999999997,0.2525,4,50,Russell Road,12431.0,6215.5,count,0.096,477.997,716.026,2113.554,6.321,0.002991,713.885,1.0,2,1766846.1,5901695.7
5606,4,0.15458399999999997,0.1288,3,50,New North Road,15113.0,7556.5,propagated,0.096,581.125,870.509,2569.555,5.462,0.002126,868.659,1.0,1,1753228.2,5916827.9
5607,7,0.40423200000000004,0.3369,3,50,New North Road,19073.0,9536.5,count,0.096,733.395,1098.605,3242.845,5.462,0.001684,1096.755,1.0,1,1753449.3,5916897.1
5608,1,0.028571999999999997,0.0238,3,50,New North Road,19073.0,9536.5,propagated,0.096,733.395,1098.605,3242.845,10.126,0.003123,1095.175,1.0,2,1753616.8,5916963.7
5609,5,0.19819199999999998,0.1652,3,50,New North Road,20176.0,10088.0,propagated,0.096,775.808,1162.138,3430.381,14.738,0.004296,1157.145,1.0,3,1753704.4,5916998.7
5610,6,0.23885999999999996,0.1991,3,50,New North Road,20176.0,10088.0,count,0.096,775.808,1162.138,3430.381,20.635,0.006015,1155.147,1.0,4,1753860.0,5917089.5
5611,1,0.053352,0.0445,3,50,New North Road,6440.0,3220.0,propagated,0.177174,247.631,684.6,2020.791,20.635,0.010211,677.609,1.0,4,1753954.4,5917167.3
5612,1,0.06204,0.0517,3,50,Saint Lukes Road,20936.0,10468.0,propagated,0.096,805.031,1205.914,3559.598,20.635,0.005797,1198.923,1.0,4,1753986.5,5917202.5
5613,1,0.022008,0.0183,3,50,Archers Road,16075.0,8037.5,propagated,0.096,618.116,925.92,2733.116,5.506,0.002015,924.055,1.0,1,1754739.2,5927594.8
5614,3,0.136416,0.1137,2,50,Atkinson Avenue,16610.0,8305.0,count,0.096,638.688,956.736,2824.078,5.439,0.001926,954.893,1.0,1,1764269.6,5909718.4
5615,4,0.11406,0.095,4,50,Mount Smart Road,18109.0,9054.5,propagated,0.107957,696.327,1172.996,3462.431,4.847,0.0014,1171.354,1.0,1,1759676.1,5913012.4
5616,4,0.058067999999999995,0.0484,3,50,Mount Smart Road,18109.0,9054.5,propagated,0.107957,696.327,1172.996,3462.431,4.847,0.0014,1171.354,1.0,1,1759604.8,5913008.7
5617,4,0.18834,0.1569,3,50,Mount Smart Road,18109.0,9054.5,propagated,0.107957,696.327,1172.996,3462.431,9.077,0.002622,1169.921,1.0,2,1759506.3,5913034.6
5618,4,0.214272,0.1786,3,50,Mount Smart Road,12836.0,6418.0,count,0.096,493.57,739.354,2182.413,9.077,0.004159,736.279,1.0,2,1759345.8,5913082.1
5619,2,0.23868,0.1989,3,50,Mount Smart Road,16541.0,8270.5,count,0.104891,636.035,1041.001,3072.81,9.077,0.002954,1037.926,1.0,2,1759165.6,5913136.9
5620,3,0.169284,0.1411,3,50,Mount Smart Road,16597.0,8298.5,count,0.098632,638.188,982.197,2899.234,9.077,0.003131,979.122,1.0,2,1759002.5,5913185.6
5621,3,0.18784800000000001,0.1565,4,50,College Road,18939.0,9469.5,propagated,0.096,728.242,1090.886,3220.06,4.697,0.001459,1089.295,1.0,1,1764025.4,5916567.4
5622,5,0.17657,0.1766,3,60,Massey Road,16624.0,8312.0,count,0.096,639.226,957.542,2826.457,3.151,0.001115,956.475,1.0,1,1759901.7,5906267.5
5623,2,0.053610000000000005,0.0536,3,60,Kirkbride Road,15889.0,7944.5,count,0.096,610.964,915.206,2701.491,3.151,0.001166,914.139,1.0,1,1759787.9,5906272.9
5624,1,0.024564,0.0205,4,50,Glenview Road,9004.0,4502.0,propagated,0.096,346.222,518.63,1530.884,4.824,0.003151,516.996,1.0,1,1747179.9,5913812.8
5625,1,0.02791,0.0279,3,60,Lambie Drive,25244.0,12622.0,propagated,0.088259,970.682,1336.806,3945.963,10.664,0.002703,1333.193,1.0,1,1766802.7,5903997.9
5626,1,0.030108,0.0251,3,50,New North Road,16337.0,8168.5,propagated,0.098549,628.19,965.997,2851.415,7.471,0.00262,963.466,1.0,1,1755921.0,5918177.0
5627,4,0.26289,0.2629,3,60,Manukau Station Road,6390.0,3195.0,propagated,0.096,245.708,368.064,1086.445,10.537,0.009699,364.494,1.0,1,1766977.3,5904054.1
5628,1,0.009576,0.008,2,50,Crowhurst Street,11584.0,5792.0,propagated,0.096,445.428,667.238,1969.543,6.436,0.003268,665.058,1.0,1,1758255.0,5918398.1
5629,1,0.0165,0.0138,4,50,Main Highway,12124.0,6062.0,propagated,0.12999,466.192,945.599,2791.204,5.59,0.002003,943.705,1.0,1,1761149.3,5915103.5
5630,1,0.05882999999999999,0.098,2,100,Dominion Road,24985.0,12492.5,propagated,0.096,960.723,1439.136,4248.019,4.939,0.001163,1437.463,1.0,1,1754928.6,5913616.7
5631,1,0.054383999999999995,0.0453,2,50,Dominion Road,24985.0,12492.5,count,0.096,960.723,1439.136,4248.019,4.939,0.001163,1437.463,1.0,1,1754980.3,5913635.6
5632,5,0.15140399999999998,0.1262,2,50,Great South Road,24611.0,12305.5,count,0.096,946.342,1417.594,4184.432,4.24,0.001013,1416.158,1.0,4,1764288.1,5909084.7
5633,4,0.192072,0.1601,2,50,Great South Road,23714.0,11857.0,count,0.096,911.851,1365.926,4031.919,4.24,0.001052,1364.49,1.0,4,1764334.2,5909219.4
5634,2,0.050148,0.0418,2,50,Great South Road,20136.0,10068.0,propagated,0.096,774.269,1159.834,3423.58,4.24,0.001238,1158.398,1.0,4,1764361.4,5909315.0
5635,1,0.09739199999999999,0.0812,4,50,Fairburn Road,10408.0,5204.0,default,0.096,400.208,599.501,1769.598,4.24,0.002396,598.065,1.0,4,1764398.9,5909344.4
5636,3,0.073308,0.0611,2,50,Tom Pearce Drive,18992.0,9496.0,default,0.096,730.28,1093.939,3229.072,1.827,0.000566,1093.32,1.0,1,1760015.0,5903698.8
5637,1,0.023615999999999998,0.0197,4,50,Robert Street,9960.0,4980.0,propagated,0.125602,382.982,750.598,2215.603,6.276,0.002833,748.472,1.0,1,1761138.2,5915032.8
5638,3,0.07224,0.0722,4,60,Murphys Road,8658.0,4329.0,count,0.129014,332.917,670.202,1978.292,6.881,0.003478,667.871,1.0,1,1771321.3,5906975.5
5639,3,0.173088,0.1442,4,50,Dawson Road,11823.0,5911.5,propagated,0.101074,454.618,716.999,2116.426,9.717,0.004591,713.707,1.0,3,1768783.3,5905966.1
5640,2,0.031535999999999995,0.0263,4,50,Dawson Road,14714.0,7357.0,propagated,0.096,565.783,847.526,2501.714,9.717,0.003884,844.234,1.0,3,1768850.6,5905914.0
5641,3,0.07748000000000001,0.0775,4,60,Dawson Road,14714.0,7357.0,propagated,0.096,565.783,847.526,2501.714,9.717,0.003884,844.234,1.0,3,1768889.4,5905880.7
5642,7,0.35416000000000003,0.3542,3,60,Roscommon Road,28698.0,14349.0,count,0.080981,1103.495,1394.396,4115.956,3.033,0.000737,1393.368,1.0,1,1765955.6,5900656.9
5643,5,0.34904999999999997,0.349,3,60,Roscommon Road,29430.0,14715.0,count,0.084268,1131.642,1488.004,4392.267,3.033,0.000691,1486.976,1.0,1,1765822.6,5900982.3
5644,1,0.10332,0.1033,3,60,Roscommon Road,36174.0,18087.0,propagated,0.088904,1390.963,1929.608,5695.786,3.033,0.000532,1928.58,1.0,1,1765735.9,5901191.3
5645,1,0.006444,0.0054,2,50,Newton Road,32789.0,16394.5,propagated,0.096,1260.803,1888.646,5574.875,14.233,0.002553,1883.824,1.0,2,1756523.9,5918909.5
5646,2,0.035484,0.0296,3,50,Great North Road,8786.0,4393.0,propagated,0.096,337.839,506.074,1493.821,3.762,0.002518,504.8,1.0,1,1751116.4,5915712.3
5647,2,0.08097599999999999,0.0675,3,50,Great North Road,35136.0,17568.0,propagated,0.096,1351.049,2023.834,5973.921,3.762,0.00063,2022.56,1.0,1,1751108.1,5915759.7
5648,1,0.043356,0.0361,4,50,Frost Road,6533.0,3266.5,propagated,0.096,251.207,376.301,1110.759,5.263,0.004738,374.518,1.0,1,1755718.6,5913410.1
5649,1,0.026904,0.0224,3,50,Tristram Avenue,20127.0,10063.5,propagated,0.096,773.923,1159.315,3422.048,9.06,0.002648,1156.246,1.0,1,1755640.8,5929061.9
5650,1,0.080508,0.0671,3,50,Tristram Avenue,30885.0,15442.5,propagated,0.096,1187.59,1778.976,5251.153,9.06,0.001725,1775.907,1.0,1,1755597.7,5929049.4
5651,6,0.17797199999999996,0.1483,4,50,Niall Burgess Road,10408.0,5204.0,default,0.096,400.208,599.501,1769.598,8.133,0.004596,596.746,1.0,1,1763974.6,5911541.3
5652,3,0.06429599999999999,0.0536,4,50,Mount Wellington Highway,15997.0,7998.5,propagated,0.096,615.117,921.427,2719.854,8.133,0.00299,918.672,1.0,1,1764070.0,5911568.2
5653,1,0.009244444444444444,0.0042,4,27,Archibald Road,8873.0,4436.5,default,0.096,341.185,511.085,1508.613,6.999,0.004639,508.714,1.0,2,1748474.3,5914859.6
5654,2,0.073104,0.0609,4,50,Archlynn Road,4139.0,2069.5,propagated,0.096,159.153,238.406,703.723,6.999,0.009946,236.035,1.0,2,1748504.0,5914852.1
5655,4,0.08959,0.0896,3,60,Massey Road,13938.0,6969.0,propagated,0.096,535.944,802.829,2369.778,3.084,0.001301,801.784,1.0,1,1760983.6,5906089.5
5656,2,0.10638,0.0887,3,50,Glenvar Road,3123.0,1561.5,propagated,0.169709,120.086,318.001,938.67,3.861,0.004113,316.693,1.0,1,1755806.3,5937680.7
5657,3,0.0654,0.0545,4,50,Ocean View Road,15474.0,7737.0,propagated,0.096,595.006,891.302,2630.931,7.191,0.002733,888.866,1.0,1,1755731.3,5926550.7
5658,1,0.027744,0.0231,4,50,Albert Road,3437.0,1718.5,propagated,0.096,132.16,197.971,584.368,4.704,0.00805,196.377,1.0,1,1760916.7,5923291.4
5659,3,0.09015000000000001,0.1202,2,80,Entry 2A Wellesley Street,14746.0,7373.0,count,0.096,567.013,849.37,2507.157,6.343,0.00253,847.221,1.0,1,1757717.5,5919644.6
5660,2,0.08718999999999999,0.0872,3,60,Kirkbride Road,13224.0,6612.0,propagated,0.096,508.489,761.702,2248.38,5.261,0.00234,759.92,1.0,1,1758948.9,5907118.9
5661,5,0.28601,0.286,3,60,Kirkbride Road,9199.0,4599.5,count,0.096,353.72,529.862,1564.038,5.261,0.003364,528.08,1.0,1,1758933.8,5907304.8
5662,3,0.04803,0.048,3,60,McKenzie Road,7113.0,3556.5,propagated,0.096,273.509,409.709,1209.373,5.261,0.00435,407.927,1.0,1,1758954.7,5907467.5
5663,7,0.39331000000000005,0.3933,3,60,McKenzie Road,7113.0,3556.5,count,0.096,273.509,409.709,1209.373,10.325,0.008537,406.211,1.0,2,1759037.7,5907672.4
5664,13,0.5352399999999999,0.5352,3,60,McKenzie Road,8353.0,4176.5,count,0.096,321.19,481.133,1420.201,10.325,0.00727,477.635,1.0,2,1759211.7,5908103.0
5665,1,0.00713,0.0071,3,60,McKenzie Road,9727.0,4863.5,propagated,0.096,374.023,560.275,1653.811,10.325,0.006243,556.777,1.0,2,1759313.7,5908354.0
5666,3,0.11495999999999999,0.115,3,60,McKenzie Road,9727.0,4863.5,propagated,0.096,374.023,560.275,1653.811,25.293,0.015294,551.706,1.0,4,1759336.5,5908410.8
5667,4,0.196788,0.164,2,50,St Johns Road,19812.0,9906.0,propagated,0.096,761.811,1141.171,3368.491,1.271,0.000377,1140.74,1.0,1,1764233.1,5917503.4
5668,5,0.10675199999999999,0.089,4,50,Caribbean Drive,9483.0,4741.5,propagated,0.096,364.64,546.221,1612.327,6.66,0.004131,543.965,1.0,1,1753711.1,5930263.1
5669,2,0.11063999999999999,0.0922,3,50,Weymouth Road,7609.0,3804.5,propagated,0.096,292.581,438.278,1293.702,5.18,0.004004,436.523,1.0,1,1766449.2,5899819.2
5670,2,0.05244,0.0437,2,50,College Hill,19825.0,9912.5,propagated,0.096,762.311,1141.92,3370.701,3.598,0.001067,1140.701,1.0,1,1756062.9,5920535.3
5671,3,0.0961,0.048,2,30,College Hill,19825.0,9912.5,propagated,0.096,762.311,1141.92,3370.701,3.598,0.001067,1140.701,1.0,1,1756108.4,5920540.7
5672,43,1.646568,1.3721,2,50,Albany Highway,18992.0,9496.0,default,0.096,730.28,1093.939,3229.072,1.351,0.000418,1093.481,1.0,1,1751264.3,5931373.9
5673,10,0.5882400000000001,0.4902,4,50,Saint Leonards Road,6323.0,3161.5,count,0.142496,243.132,540.601,1595.737,3.481,0.002181,539.422,1.0,1,1748233.0,5914946.5
5674,1,0.014327999999999999,0.006,4,25,Archibald Road,8873.0,4436.5,default,0.096,341.185,511.085,1508.613,3.481,0.002307,509.906,1.0,1,1748461.9,5914861.0
5675,1,0.019523076923076924,0.0085,4,26,Archibald Road,8873.0,4436.5,default,0.096,341.185,511.085,1508.613,3.481,0.002307,509.906,1.0,1,1748469.2,5914862.2
5676,1,0.09412999999999999,0.0941,4,60,Accent Drive,6101.0,3050.5,count,0.140633,234.596,514.801,1519.581,6.664,0.004385,512.543,1.0,1,1769788.1,5908249.3
5677,1,0.035339999999999996,0.0294,3,50,Main Highway,12840.0,6420.0,propagated,0.096,493.724,739.584,2183.092,5.883,0.002695,737.591,1.0,1,1761399.9,5914221.4
5678,1,0.032436,0.027,3,50,Main Highway,15105.5,7552.75,default,0.096,580.837,870.077,2568.28,4.356,0.001696,868.601,1.0,1,1761122.2,5914341.3
5679,1,0.006011999999999999,0.005,1,50,Wolverton Street,22020.0,11010.0,propagated,0.096,846.713,1268.352,3743.901,6.087,0.001626,1266.29,1.0,2,1750982.0,5913835.7
5680,1,0.07215,0.0337,3,28,Lake Road,34344.0,17172.0,count,0.096,1320.595,1978.214,5839.261,1.963,0.000336,1977.549,1.0,1,1758453.8,5926521.1
5681,3,0.16700399999999999,0.1392,4,50,Morrin Road,11164.0,5582.0,propagated,0.110803,429.278,742.203,2190.823,4.853,0.002215,740.559,1.0,1,1764975.5,5916718.9
5682,3,0.16644,0.1387,3,50,Browns Road,16595.0,8297.5,propagated,0.096,638.111,955.872,2821.528,5.943,0.002106,953.859,1.0,1,1766053.4,5901566.9
5683,4,0.26684399999999997,0.2224,3,50,Browns Road,15114.0,7557.0,count,0.091108,581.164,826.204,2438.776,5.943,0.002437,824.191,1.0,1,1766220.6,5901635.2
5684,1,0.02298,0.0115,4,30,Wellington Street,13165.0,6582.5,propagated,0.093202,506.221,736.203,2173.112,10.042,0.004621,732.801,1.0,1,1756384.4,5920008.9
5685,3,0.09328,0.0466,4,30,Wellington Street,19642.0,9821.0,count,0.096,755.274,1131.379,3339.587,10.042,0.003007,1127.977,1.0,1,1756411.7,5920000.0
5686,2,0.071856,0.0599,2,50,Great South Road,16843.0,8421.5,propagated,0.096,647.647,970.157,2863.694,3.38,0.00118,969.012,1.0,1,1760350.8,5915306.4
5687,2,0.024467999999999997,0.0204,4,50,Mount Eden Road,15022.0,7511.0,propagated,0.091666,577.626,826.204,2438.776,8.126,0.003332,823.451,1.0,1,1757026.1,5918482.8
5688,2,0.148056,0.1234,4,50,Mount Eden Road,14160.0,7080.0,count,0.096,544.48,815.616,2407.522,8.126,0.003375,812.863,1.0,1,1757002.3,5918550.6
5689,1,0.012528,0.0104,4,50,Exit 11 Rosebank Road,10404.0,5202.0,propagated,0.096,400.055,599.27,1768.916,3.937,0.002226,597.936,1.0,1,1749065.8,5918198.4
5690,1,0.027923999999999997,0.0233,2,50,Oteha Valley Road,20028.0,10014.0,propagated,0.096,770.117,1153.613,3405.217,1.209,0.000355,1153.203,1.0,1,1752593.1,5934763.7
5691,10,0.37275600000000003,0.3106,4,50,Carbine Road,10779.0,5389.5,count,0.110771,414.474,716.4,2114.658,3.243,0.001534,715.301,1.0,1,1764697.9,5912344.9
5692,2,0.057227999999999994,0.0477,4,50,Carbine Road,18576.0,9288.0,propagated,0.093723,714.284,1044.599,3083.431,3.243,0.001052,1043.5,1.0,1,1764579.0,5912478.9
5693,1,0.01428,0.0071,4,30,Union Street,19779.0,9889.5,propagated,0.079124,760.542,938.996,2771.714,13.448,0.004852,934.44,1.0,1,1756564.0,5920023.6
5694,1,0.01712,0.0086,4,30,Union Street,19779.0,9889.5,propagated,0.079124,760.542,938.996,2771.714,27.031,0.009752,929.838,1.0,2,1756567.9,5920016.8
5695,1,0.016579999999999998,0.0083,4,30,Union Street,19779.0,9889.5,propagated,0.079124,760.542,938.996,2771.714,38.34,0.013833,926.007,1.0,3,1756572.2,5920009.6
5696,4,0.08977199999999999,0.0748,1,50,Clark Street,27984.0,13992.0,count,0.08437,1076.041,1416.606,4181.515,3.23,0.000772,1415.512,1.0,1,1750575.8,5913738.3
5697,3,0.069516,0.0579,1,50,Clark Street,35499.0,17749.5,count,0.096,1365.008,2044.742,6035.637,3.23,0.000535,2043.648,1.0,1,1750637.7,5913716.1
5698,3,0.10388399999999998,0.0866,1,50,Wolverton Street,22119.0,11059.5,count,0.096,850.52,1274.054,3760.732,3.23,0.000859,1272.96,1.0,1,1750707.5,5913704.9
5699,3,0.10833599999999999,0.0903,1,50,Wolverton Street,31878.0,15939.0,count,0.096,1225.773,1836.173,5419.986,3.23,0.000596,1835.079,1.0,1,1750788.6,5913739.3
5700,9,0.20215200000000005,0.1685,1,50,Wolverton Street,22020.0,11010.0,count,0.096,846.713,1268.352,3743.901,3.23,0.000863,1267.258,1.0,1,1750905.9,5913794.2
5701,2,0.02438,0.0244,3,60,Walmsley Road,17525.0,8762.5,propagated,0.096,673.871,1009.44,2979.649,9.09,0.003051,1006.361,1.0,1,1759508.6,5908657.6
5702,4,0.315984,0.2633,3,50,Clovelly Road,3115.0,1557.5,count,0.096,119.778,179.424,529.621,3.523,0.006652,178.23,1.0,1,1769762.2,5919027.3
5703,2,0.48335999999999996,0.4028,3,50,Clovelly Road,1450.0,725.0,count,0.096,55.755,83.52,246.533,3.523,0.01429,82.326,1.0,1,1769912.4,5918730.1
5704,3,0.20704799999999995,0.1725,3,50,Clovelly Road,1371.0,685.5,count,0.096,52.718,78.97,233.102,3.523,0.015114,77.776,1.0,1,1770040.3,5918472.7
5705,3,0.297408,0.2478,3,50,Clovelly Road,2737.0,1368.5,count,0.137011,105.243,224.999,664.148,3.523,0.005305,223.805,1.0,1,1770122.4,5918278.6
5706,5,0.281868,0.2349,3,50,Clovelly Road,3355.0,1677.5,count,0.129657,129.006,261.0,770.416,3.523,0.004573,259.806,1.0,1,1770096.2,5918071.2
5707,2,0.049499999999999995,0.0412,2,50,Piwakawaka Street,18992.0,9496.0,default,0.096,730.28,1093.939,3229.072,6.737,0.002086,1091.657,1.0,1,1756525.4,5918889.1
5708,4,0.05382,0.0538,2,60,East Tamaki Road,33816.0,16908.0,count,0.096,1300.293,1947.802,5749.491,3.747,0.000652,1946.533,1.0,1,1766240.8,5907469.3
5709,1,0.007392,0.0123,2,100,Entry And Exit 444 East Tamaki Road,20400.0,10200.0,propagated,0.096,784.421,1175.04,3468.465,3.747,0.00108,1173.771,1.0,1,1766217.0,5907454.0
5710,1,0.07002,0.0584,3,50,Khyber Pass Road,25450.0,12725.0,propagated,0.096,978.603,1465.92,4327.079,11.105,0.002566,1462.158,1.0,1,1756990.4,5918806.4
5711,1,0.038495999999999996,0.0321,4,50,Mahia Road,9673.0,4836.5,propagated,0.096,371.946,557.165,1644.631,4.939,0.003003,555.492,1.0,1,1766362.9,5899712.7
5712,3,0.10699199999999999,0.0892,3,50,Weymouth Road,7609.0,3804.5,propagated,0.096,292.581,438.278,1293.702,4.939,0.003818,436.605,1.0,1,1766369.3,5899759.5
5713,2,0.044843999999999995,0.0374,4,50,Oteha Valley Road Extension,3702.0,1851.0,count,0.103187,142.349,229.199,676.546,1.176,0.001738,228.801,1.0,1,1751570.9,5934304.1
5714,4,0.22415,0.2242,4,60,Wiri Station Road,13270.0,6635.0,propagated,0.096,510.258,764.352,2256.202,3.106,0.001377,763.3,1.0,1,1765891.3,5903247.9
5715,10,0.45840000000000003,0.5348,4,70,Wiri Station Road,13270.0,6635.0,count,0.096,510.258,764.352,2256.202,3.106,0.001377,763.3,1.0,1,1766237.6,5903401.0
5716,1,0.04543714285714285,0.053,4,70,Wiri Station Road,15670.0,7835.0,propagated,0.096,602.543,902.592,2664.257,3.106,0.001166,901.54,1.0,1,1766510.0,5903511.4
5717,4,0.10246799999999999,0.0854,3,50,Wairau Road,28687.0,14343.5,propagated,0.096,1103.073,1652.371,4877.443,8.208,0.001683,1649.59,1.0,1,1755359.3,5928979.0
5718,1,0.012216,0.0102,3,50,Tristram Avenue,30885.0,15442.5,propagated,0.096,1187.59,1778.976,5251.153,8.208,0.001563,1776.195,1.0,1,1755391.4,5928948.5
5719,1,0.06952799999999999,0.0579,3,50,Balmoral Road,21548.0,10774.0,propagated,0.096,828.564,1241.165,3663.651,6.286,0.001716,1239.035,1.0,1,1755123.1,5916400.6
5720,3,0.029610000000000004,0.0296,3,60,Bader Drive,13476.0,6738.0,count,0.096,518.179,776.218,2291.228,14.968,0.006533,771.147,1.0,2,1759326.1,5908347.5
5721,7,0.5548559999999999,0.4624,4,50,Cryers Road,5486.0,2743.0,count,0.096,210.948,315.994,932.746,3.538,0.003793,314.795,1.0,1,1768193.2,5911125.6
5722,1,0.00785,0.0078,3,60,,22076.5,11038.25,default,0.096,848.886,1271.606,3753.506,7.48,0.001993,1269.072,1.0,1,1759336.3,5908341.4
5723,6,0.29111,0.2911,4,60,Accent Drive,15103.0,7551.5,propagated,0.096,580.741,869.933,2567.854,4.221,0.001644,868.503,1.0,1,1769324.6,5908730.6
5724,2,0.0993675,0.1325,4,80,Airfield Road,2163.0,1081.5,propagated,0.096,83.172,124.589,367.76,7.513,0.020429,122.044,1.0,1,1773354.8,5899660.9
5725,4,0.103116,0.0859,2,50,The Strand,3922.0,1961.0,propagated,0.096,150.809,225.907,666.829,2.311,0.003466,225.124,1.0,1,1758257.5,5927414.2
5726,2,0.019715999999999997,0.0164,2,50,Hurstmere Road,13826.0,6913.0,propagated,0.098365,531.637,815.997,2408.647,2.311,0.000959,815.214,1.0,1,1758207.4,5927418.5
5727,13,0.317136,0.2643,4,50,Anzac Street,9478.0,4739.0,count,0.096,364.448,545.933,1611.476,2.311,0.001434,545.15,1.0,1,1758090.1,5927355.3
5728,3,0.07952000000000001,0.0795,3,60,Walmsley Road,17719.0,8859.5,propagated,0.096,681.331,1020.614,3012.632,9.229,0.003063,1017.487,1.0,1,1759777.5,5908731.7
5729,1,0.047675999999999996,0.0397,3,50,Balmoral Road,22447.0,11223.5,propagated,0.096,863.132,1292.947,3816.501,6.256,0.001639,1290.828,1.0,1,1756840.5,5915892.1
5730,1,0.060384,0.0503,2,50,Hillsborough Road,16909.0,8454.5,propagated,0.096,650.185,973.958,2874.914,1.519,0.000528,973.443,1.0,1,1754496.8,5911426.9
5731,3,0.30491999999999997,0.2541,3,50,Dominion Road Extension,5013.0,2506.5,count,0.096,192.76,288.749,852.325,1.519,0.001782,288.234,1.0,1,1754548.5,5911542.4
5732,1,0.006228,0.0052,4,50,Sunset Road,11232.0,5616.0,propagated,0.0974,431.893,656.398,1937.545,1.846,0.000953,655.773,1.0,1,1753407.1,5929794.0
5733,1,0.071172,0.0593,4,50,Entry 18 Royal Road,19566.0,9783.0,count,0.096,752.352,1127.002,3326.667,6.473,0.001946,1124.809,1.0,1,1744496.8,5922509.4
5734,1,0.04536,0.0378,4,50,Stoddard Road,13090.0,6545.0,propagated,0.096,503.337,753.984,2225.598,7.215,0.003242,751.54,1.0,1,1753649.8,5914567.5
5735,1,0.063846,0.1064,2,100,Exit 16 Hillsborough Road,9520.0,4760.0,propagated,0.096,366.063,548.352,1618.617,5.499,0.003397,546.489,1.0,1,1756712.6,5912751.4
5736,1,0.03055,0.0306,3,60,Lambie Drive,27044.0,13522.0,propagated,0.104718,1039.896,1699.196,5015.66,10.685,0.00213,1695.576,1.0,1,1766792.7,5903990.3
5737,2,0.083568,0.0696,4,50,Bairds Road,19055.0,9527.5,propagated,0.096,732.703,1097.568,3239.784,5.527,0.001706,1095.696,1.0,1,1765895.0,5908285.9
5738,2,0.086472,0.0721,4,50,Hellabys Road,12169.0,6084.5,propagated,0.088668,467.922,647.401,1910.988,5.527,0.002892,645.529,1.0,1,1765834.6,5908315.3
5739,1,0.023907692307692307,0.0104,3,26,Garnet Road,8928.0,4464.0,propagated,0.103271,343.299,553.202,1632.933,5.256,0.003219,551.421,1.0,1,1753333.3,5919780.3
5740,1,0.01405,0.0056,3,24,Garnet Road,8928.0,4464.0,propagated,0.103271,343.299,553.202,1632.933,5.256,0.003219,551.421,1.0,1,1753325.6,5919781.2
5741,1,0.046931999999999995,0.0391,4,50,Central Park Drive,18473.0,9236.5,propagated,0.098035,710.324,1086.6,3207.409,4.644,0.001448,1085.027,1.0,1,1745744.1,5919348.5
5742,4,0.259512,0.2163,4,50,Aranui Road,5625.0,2812.5,count,0.096,216.292,324.0,956.378,2.69,0.002813,323.089,1.0,1,1763618.2,5912958.3
5743,6,0.155052,0.1292,2,50,Mangere Road,26857.0,13428.5,count,0.096,1032.705,1546.963,4566.301,2.358,0.000516,1546.164,1.0,2,1764219.2,5908970.4
5744,2,0.058308,0.0486,2,50,Great South Road,24611.0,12305.5,propagated,0.096,946.342,1417.594,4184.432,3.231,0.000772,1416.499,1.0,3,1764282.0,5908997.9
5745,3,0.06016799999999999,0.0501,4,50,Apollo Drive,13874.0,6937.0,propagated,0.096,533.483,799.142,2358.895,3.238,0.001373,798.045,1.0,1,1754316.1,5932325.1
5746,1,0.0144,0.0144,3,60,Kirkbride Road,20808.0,10404.0,propagated,0.092993,800.109,1160.999,3427.019,8.472,0.002472,1158.129,1.0,1,1759219.2,5906592.2
5747,3,0.148068,0.1234,3,50,Saint Lukes Road,22652.0,11326.0,propagated,0.096,871.015,1304.755,3851.355,13.912,0.003612,1300.042,1.0,3,1754855.3,5916466.7
5748,5,0.12456,0.1038,4,50,Cryers Road,17842.0,8921.0,propagated,0.090405,686.061,967.804,2856.749,5.039,0.001764,966.097,1.0,1,1767846.1,5910424.9
5749,1,0.094992,0.0792,4,50,,10408.0,5204.0,default,0.096,400.208,599.501,1769.598,5.039,0.002848,597.794,1.0,1,1767795.7,5910364.8
5750,2,0.101148,0.0843,4,50,Sunset Road,11232.0,5616.0,count,0.0974,431.893,656.398,1937.545,3.263,0.001684,655.293,1.0,1,1753501.3,5929847.3
5751,3,0.086112,0.0718,4,50,Glenfield Road,35395.0,17697.5,propagated,0.094138,1361.009,1999.209,5901.234,3.263,0.000553,1998.104,1.0,1,1753434.4,5929807.7
5752,1,0.056352,0.047,3,50,Rosedale Road,13036.0,6518.0,propagated,0.096,501.26,750.874,2216.418,4.191,0.001891,749.454,1.0,1,1754641.4,5933172.5
5753,3,0.039684,0.0331,3,50,Rosedale Road,12689.0,6344.5,propagated,0.123178,487.917,937.803,2768.192,4.191,0.001514,936.383,1.0,1,1754602.6,5933161.5
5754,4,0.1014,0.1183,4,70,Wiri Station Road,14488.0,7244.0,propagated,0.12079,557.093,1050.003,3099.382,9.084,0.002931,1046.926,1.0,1,1766861.2,5903651.7
5755,2,0.06092,0.0609,4,60,Wiri Station Road,7078.0,3539.0,propagated,0.096,272.163,407.693,1203.422,9.084,0.007548,404.616,1.0,1,1766942.0,5903691.1
5756,1,0.058331999999999995,0.0486,2,50,Exit 2A Wellesley Street,16440.0,8220.0,propagated,0.096,632.151,946.944,2795.174,6.91,0.002472,944.603,1.0,1,1757712.4,5919726.1
5757,1,0.028728,0.0239,2,50,Wellesley Street E,11952.0,5976.0,propagated,0.098394,459.578,705.603,2082.788,6.91,0.003318,703.262,1.0,1,1757734.1,5919735.1
5758,1,0.010995000000000001,0.0147,2,80,Entry 5 Newton Road,17750.0,8875.0,propagated,0.096,682.523,1022.4,3017.904,5.378,0.001782,1020.578,1.0,1,1756013.9,5918602.0
5759,4,0.22775250000000002,0.3037,0,80,Northwestern Motorway,110302.0,55151.0,count,0.096,4241.333,6353.395,18753.851,5.378,0.000287,6351.573,1.0,1,1756111.7,5918709.3
5760,5,0.17894249999999998,0.2386,0,80,Exit 424D Helensville,42710.0,21355.0,propagated,0.096,1642.285,2460.096,7261.673,5.378,0.000741,2458.274,1.0,1,1756298.1,5918905.5
5761,1,0.019776,0.0165,3,50,Wairau Road,19798.0,9899.0,propagated,0.096,761.273,1140.365,3366.111,7.169,0.00213,1137.936,1.0,1,1755786.8,5928191.1
5762,10,0.369468,0.3079,1,50,Lincoln Road,29846.0,14923.0,count,0.096,1147.638,1719.13,5074.501,3.268,0.000644,1718.023,1.0,2,1745220.5,5918988.9
5763,1,0.036708,0.0306,1,50,Lincoln Road,29521.0,14760.5,propagated,0.096,1135.141,1700.41,5019.243,3.268,0.000651,1699.303,1.0,2,1745242.3,5919156.7
5764,1,0.04128,0.0344,2,50,Hobsonville Road,6405.0,3202.5,propagated,0.096,246.285,368.928,1088.996,3.001,0.002756,367.911,1.0,1,1747137.2,5926281.0
5765,8,0.464076,0.3867,2,50,Hobsonville Road,22301.0,11150.5,count,0.096,857.518,1284.538,3791.679,3.001,0.000791,1283.521,1.0,1,1746942.1,5926215.7
5766,2,0.078444,0.0654,4,50,Rimu Road,10354.0,5177.0,propagated,0.096,398.132,596.39,1760.415,4.747,0.002697,594.782,1.0,1,1759474.0,5910247.9
5767,1,0.010116,0.0084,4,50,,10408.0,5204.0,default,0.096,400.208,599.501,1769.598,4.747,0.002683,597.893,1.0,1,1759506.5,5910261.0
5768,1,0.01248,0.0104,3,50,Mount Smart Road,14993.0,7496.5,propagated,0.096,576.511,863.597,2549.152,5.671,0.002225,861.676,1.0,1,1758242.4,5913407.7
5769,1,0.007836,0.0065,3,50,Manukau Road,16096.0,8048.0,propagated,0.096,618.923,927.13,2736.688,5.671,0.002072,925.209,1.0,1,1758238.7,5913411.2
5770,4,0.143472,0.1196,1,50,Great North Road,33038.0,16519.0,propagated,0.096,1270.377,1902.989,5617.213,1.909,0.00034,1902.342,1.0,1,1747223.5,5914933.6
5771,7,0.334356,0.2786,1,50,Great North Road,33044.0,16522.0,count,0.096,1270.608,1903.334,5618.231,1.909,0.00034,1902.687,1.0,1,1747374.2,5914804.0
5772,3,0.146988,0.1225,3,50,Waipuna Road,12477.0,6238.5,propagated,0.096,479.766,718.675,2121.374,4.814,0.002269,717.044,1.0,1,1764289.3,5913602.8
5773,1,0.013536,0.0113,4,50,Carbine Road,10766.0,5383.0,propagated,0.096,413.974,620.122,1830.466,4.814,0.00263,618.491,1.0,1,1764350.1,5913592.1
5774,1,0.047508,0.0396,4,50,Greenhithe Road,8636.0,4318.0,propagated,0.096,332.071,497.434,1468.318,4.875,0.00332,495.782,1.0,1,1750501.2,5929158.7
5775,1,0.038172,0.0318,4,50,Entry 4 Greenhithe Road,8102.0,4051.0,count,0.096,311.538,466.675,1377.524,5.057,0.003671,464.962,1.0,1,1750427.3,5929162.4
5776,4,0.08213999999999999,0.0684,2,50,Oteha Valley Road,17776.0,8888.0,propagated,0.097435,683.523,1039.203,3067.503,3.17,0.001033,1038.129,1.0,1,1752170.3,5934505.3
5777,10,0.528084,0.4401,2,50,Oteha Valley Road,20028.0,10014.0,count,0.096,770.117,1153.613,3405.217,3.17,0.000931,1152.539,1.0,1,1752385.5,5934638.8
5778,1,0.010847999999999998,0.009,3,50,Hillsborough Road,24837.0,12418.5,propagated,0.095744,955.032,1426.796,4211.594,21.019,0.004991,1419.675,1.0,3,1756698.2,5913034.1
5779,1,0.039816,0.0332,3,50,Hillsborough Road,10982.0,5491.0,propagated,0.096,422.28,632.563,1867.189,21.019,0.011257,625.442,1.0,3,1756705.7,5913054.0
5780,4,0.19654,0.0983,4,30,Wellington Street,16759.0,8379.5,propagated,0.080613,644.417,810.596,2392.704,11.309,0.004726,806.765,1.0,1,1756521.4,5920006.1
5781,2,0.029435999999999997,0.0245,4,50,Summerland Drive,7591.0,3795.5,propagated,0.096,291.889,437.242,1290.644,6.687,0.005181,434.977,1.0,1,1743871.4,5916920.9
5782,1,0.022883999999999998,0.0191,4,50,Sturges Road,6106.0,3053.0,propagated,0.102358,234.788,374.999,1106.916,6.687,0.006041,372.734,1.0,1,1743879.7,5916914.2
5783,1,0.07234,0.0723,4,60,Chapel Road,19352.0,9676.0,propagated,0.096,744.123,1114.675,3290.28,2.969,0.000902,1113.669,1.0,1,1770229.1,5909426.1
5784,11,0.36172999999999994,0.3617,4,60,Chapel Road,21395.0,10697.5,count,0.096,822.681,1232.352,3637.637,2.969,0.000816,1231.346,1.0,1,1770283.2,5909636.7
5785,1,0.04026,0.0335,2,50,Mount Wellington Highway,17833.0,8916.5,propagated,0.086581,685.715,926.399,2734.53,3.971,0.001452,925.054,1.0,1,1763909.0,5912502.9
5786,1,0.015468,0.0129,2,50,Exit 438 Mount Wellington Highway,33748.0,16874.0,propagated,0.096,1297.678,1943.885,5737.929,9.168,0.001598,1940.779,1.0,2,1763906.5,5912488.5
5787,1,0.033047999999999994,0.0275,2,50,Entry 438 Mount Wellington Highway,19732.0,9866.0,count,0.096,758.735,1136.563,3354.889,9.168,0.002733,1133.457,1.0,2,1763887.2,5912492.2
5788,1,0.0065699999999999995,0.011,2,100,Entry 438 Mount Wellington Highway,19732.0,9866.0,propagated,0.096,758.735,1136.563,3354.889,9.168,0.002733,1133.457,1.0,2,1763870.5,5912502.6
5789,2,0.020291999999999998,0.0169,4,50,Butley Drive,9418.0,4709.0,propagated,0.142281,362.141,804.001,2373.237,6.056,0.002552,801.949,1.0,1,1769016.3,5914789.9
5790,1,0.08492,0.0425,4,30,Sam Wrigley Street,8873.0,4436.5,default,0.096,341.185,511.085,1508.613,9.937,0.006587,507.719,1.0,1,1756476.7,5920183.5
5791,2,0.013211999999999998,0.011,2,50,Dominion Road,24985.0,12492.5,propagated,0.096,960.723,1439.136,4248.019,4.296,0.001011,1437.681,1.0,1,1755026.9,5913739.7
5792,2,0.0271,0.0271,4,60,Lambie Drive,22554.0,11277.0,propagated,0.096,867.246,1299.11,3834.692,10.657,0.002779,1295.5,1.0,1,1766801.8,5904034.9
5793,1,0.014292,0.0119,3,50,Hillsborough Road,24837.0,12418.5,propagated,0.095744,955.032,1426.796,4211.594,14.265,0.003387,1421.963,1.0,2,1756694.5,5913024.2
5794,9,0.29409599999999997,0.2451,3,50,Saint Lukes Road,19998.0,9999.0,count,0.096,768.963,1151.885,3400.116,7.517,0.002211,1149.338,1.0,2,1754582.5,5916545.6
5795,3,0.12002399999999999,0.1,3,50,Saint Lukes Road,22652.0,11326.0,count,0.096,871.015,1304.755,3851.355,7.517,0.001952,1302.208,1.0,2,1754748.2,5916498.9
5796,1,0.041685,0.0278,2,40,Ponsonby Road,20985.0,10492.5,propagated,0.096,806.915,1208.736,3567.928,5.789,0.001623,1206.775,1.0,1,1756094.3,5919362.4
5797,3,0.084492,0.0704,3,50,Lagoon Drive,29741.0,14870.5,propagated,0.096,1143.601,1713.082,5056.648,4.744,0.000938,1711.475,1.0,1,1765474.7,5913792.9
5798,16,0.7272000000000001,0.606,4,50,Gossamer Drive,12564.0,6282.0,count,0.096,483.111,723.686,2136.165,3.096,0.001449,722.637,1.0,1,1768341.2,5913462.9
5799,1,0.039936,0.0333,4,50,Church Road,7504.0,3752.0,propagated,0.096,288.544,432.23,1275.85,4.289,0.003362,430.777,1.0,1,1759097.4,5910162.7
5800,2,0.038736,0.0323,4,50,Coronation Road,10408.0,5204.0,default,0.096,400.208,599.501,1769.598,4.289,0.002424,598.048,1.0,1,1759122.6,5910177.3
5801,7,0.24264,0.2022,4,50,Dawson Road,11823.0,5911.5,count,0.101074,454.618,716.999,2116.426,6.442,0.003044,714.817,1.0,2,1768645.9,5906071.9
5802,7,0.19087199999999999,0.1591,3,50,Saint Lukes Road,19998.0,9999.0,propagated,0.096,768.963,1151.885,3400.116,3.015,0.000887,1150.864,1.0,1,1754396.3,5916618.7
5803,7,0.155628,0.2594,2,100,Exit 438 Mount Wellington Highway,33748.0,16874.0,propagated,0.096,1297.678,1943.885,5737.929,5.198,0.000906,1942.124,1.0,1,1764149.8,5912366.8
5804,2,0.16398,0.1366,2,50,Exit 438 Mount Wellington Highway,33748.0,16874.0,propagated,0.096,1297.678,1943.885,5737.929,5.198,0.000906,1942.124,1.0,1,1763975.3,5912459.3
5805,4,0.17008,0.085,4,30,Rowandale Avenue,3692.0,1846.0,count,0.134074,141.965,297.001,876.683,3.148,0.003591,295.935,1.0,1,1766788.2,5900712.8
5806,3,0.04206,0.035,3,50,Buckland Road,8230.0,4115.0,count,0.096,316.46,474.048,1399.287,4.675,0.003341,472.464,1.0,1,1763518.0,5906433.4
5807,6,0.32214,0.2684,3,50,Preston Road,15029.0,7514.5,count,0.096,577.895,865.67,2555.271,6.228,0.002437,863.56,1.0,1,1767951.0,5906965.5
5808,3,0.06573,0.0657,4,60,Accent Drive,6101.0,3050.5,propagated,0.140633,234.596,514.801,1519.581,7.237,0.004762,512.349,1.0,1,1769909.2,5908119.5
5809,1,0.015203999999999999,0.0127,3,50,Coronation Road,15105.5,7552.75,default,0.096,580.837,870.077,2568.28,2.07,0.000806,869.376,1.0,1,1753841.2,5926761.9
5810,1,0.009647999999999999,0.008,2,50,Glenfield Road,19842.0,9921.0,propagated,0.096,762.965,1142.899,3373.591,2.07,0.000614,1142.198,1.0,1,1753838.0,5926753.2
5811,3,0.25742400000000004,0.2145,2,50,Oteha Valley Road,17776.0,8888.0,propagated,0.097435,683.523,1039.203,3067.503,3.281,0.00107,1038.091,1.0,1,1751809.3,5934319.5
5812,1,0.012876,0.0107,4,50,Oteha Valley Road Extension,17776.0,8888.0,propagated,0.097435,683.523,1039.203,3067.503,3.281,0.00107,1038.091,1.0,1,1751722.9,5934259.8
5813,2,0.1104,0.1104,3,60,Kirkbride Road,13224.0,6612.0,propagated,0.096,508.489,761.702,2248.38,6.751,0.003003,759.415,1.0,1,1759002.3,5906861.3
5814,1,0.026920000000000003,0.0269,4,60,Chapel Road,18518.0,9259.0,propagated,0.096,712.054,1066.637,3148.482,7.37,0.002341,1064.14,1.0,1,1769694.9,5907207.1
5815,9,0.26405999999999996,0.22,2,50,East Coast Road,20525.0,10262.5,count,0.096,789.227,1182.24,3489.717,1.329,0.000381,1181.79,1.0,1,1755475.5,5931762.8
5816,11,0.5732039999999999,0.4777,2,50,Great South Road,30056.0,15028.0,count,0.096,1155.713,1731.226,5110.206,0.874,0.000171,1730.93,1.0,1,1764524.6,5908636.5
5817,9,0.23091599999999998,0.1924,2,50,Great South Road,24611.0,12305.5,propagated,0.096,946.342,1417.594,4184.432,0.874,0.000209,1417.298,1.0,1,1764307.5,5908880.6
5818,3,0.172152,0.1435,3,50,Whitford Road,16744.0,8372.0,propagated,0.096,643.84,964.454,2846.86,3.618,0.001271,963.228,1.0,1,1771777.7,5912707.6
5819,9,0.28507199999999994,0.2376,3,50,Whitford Road,16583.0,8291.5,count,0.096,637.65,955.181,2819.488,3.618,0.001283,953.955,1.0,1,1771765.1,5912517.3
5820,1,0.006623999999999999,0.0055,3,50,Whitford Road,13719.0,6859.5,propagated,0.10511,527.523,865.202,2553.89,3.618,0.001417,863.976,1.0,1,1771743.3,5912400.1
5821,2,0.13277999999999998,0.1107,3,50,Parrs Cross Road,27130.0,13565.0,propagated,0.100553,1043.203,1636.802,4831.486,6.08,0.001258,1634.742,1.0,1,1744934.5,5914335.3
5822,2,0.01824,0.0152,3,50,Parrs Cross Road,18863.0,9431.5,propagated,0.103907,725.32,1175.999,3471.295,6.08,0.001752,1173.939,1.0,1,1744917.9,5914386.8
5823,1,0.039372000000000004,0.0328,4,50,Seymour Road,11676.0,5838.0,propagated,0.096,448.966,672.538,1985.187,6.08,0.003063,670.478,1.0,1,1744928.0,5914407.7
5824,1,0.015300000000000001,0.0153,3,60,Coronation Road,10200.0,5100.0,count,0.096,392.21,587.52,1734.232,7.053,0.004067,585.131,1.0,1,1759516.2,5908890.2
5825,1,0.034212,0.0285,3,50,Church Street,38071.0,19035.5,propagated,0.096,1463.906,2192.89,6472.938,4.757,0.000735,2191.278,1.0,1,1761608.7,5912463.7
5826,3,0.136476,0.1137,4,50,College Road,12381.0,6190.5,propagated,0.096,476.074,713.146,2105.053,3.98,0.001891,711.798,1.0,1,1764020.4,5916624.4
5827,1,0.257688,0.2147,4,50,College Road,18939.0,9469.5,propagated,0.096,728.242,1090.886,3220.06,3.98,0.001236,1089.538,1.0,1,1764016.5,5916787.9
5828,1,0.007788,0.0065,3,50,College Road,18939.0,9469.5,propagated,0.096,728.242,1090.886,3220.06,3.98,0.001236,1089.538,1.0,1,1764038.1,5916894.2
5829,1,0.015576,0.013,3,50,College Road,18939.0,9469.5,propagated,0.096,728.242,1090.886,3220.06,9.058,0.002813,1087.817,1.0,2,1764044.1,5916902.1
5830,2,0.047543999999999996,0.0396,3,50,Beach Road,19384.0,9692.0,propagated,0.097606,745.354,1135.197,3350.857,6.046,0.001804,1133.149,1.0,1,1755404.0,5934093.3
5831,1,0.03529,0.0353,2,60,Great South Road,11722.0,5861.0,count,0.096,450.734,675.187,1993.006,6.155,0.003088,673.102,1.0,1,1767779.9,5904261.7
5832,2,0.043476,0.0362,1,50,Clark Street,26345.0,13172.5,propagated,0.096,1013.018,1517.472,4479.25,3.238,0.000723,1516.375,1.0,1,1750099.0,5913821.7
5833,4,0.10467599999999999,0.0872,3,50,Hillsborough Road,24837.0,12418.5,count,0.095744,955.032,1426.796,4211.594,7.471,0.001774,1424.265,1.0,1,1756677.7,5912978.0
5834,1,0.021324,0.0178,2,50,Mangere Road,30645.0,15322.5,propagated,0.096,1178.362,1765.152,5210.348,1.791,0.000344,1764.545,1.0,1,1763729.5,5908886.8
5835,14,0.393756,0.3281,2,50,Mangere Road,24540.0,12270.0,count,0.096,943.612,1413.504,4172.359,1.791,0.000429,1412.897,1.0,1,1763900.9,5908894.1
5836,2,0.118296,0.0986,2,50,Mangere Road,26857.0,13428.5,propagated,0.096,1032.705,1546.963,4566.301,1.791,0.000392,1546.356,1.0,1,1764108.1,5908944.1
5837,8,0.196752,0.164,4,50,Bush Road,17075.0,8537.5,propagated,0.105417,656.568,1079.997,3187.918,3.433,0.001077,1078.834,1.0,1,1752308.8,5931601.5
5838,3,0.126504,0.1054,2,50,Great North Road,17766.0,8883.0,count,0.096,683.138,1023.322,3020.626,2.955,0.000978,1022.321,1.0,1,1755700.9,5918732.4
5839,3,0.156636,0.1305,2,50,Great North Road,17602.0,8801.0,count,0.096,676.832,1013.875,2992.74,2.955,0.000987,1012.874,1.0,1,1755785.5,5918814.9
5840,5,0.288612,0.2405,2,50,Great North Road,18158.0,9079.0,count,0.096,698.211,1045.901,3087.274,2.955,0.000957,1044.9,1.0,1,1755919.3,5918943.4
5841,6,0.19029599999999997,0.1586,2,50,Great North Road,10947.0,5473.5,propagated,0.096,420.934,630.547,1861.239,2.955,0.001588,629.546,1.0,1,1756063.9,5919081.0
5842,1,0.006984,0.0058,4,50,Don McKinnon Drive,12180.0,6090.0,propagated,0.096,468.345,701.568,2070.877,4.367,0.002109,700.089,1.0,1,1752576.3,5934373.7
5843,2,0.23635199999999998,0.197,4,50,Don McKinnon Drive,6497.0,3248.5,propagated,0.096,249.823,374.227,1104.637,4.367,0.003953,372.748,1.0,1,1752479.0,5934346.2
5844,1,0.060156,0.0501,3,50,Merton Road,6388.0,3194.0,propagated,0.096,245.631,367.949,1086.106,5.078,0.004675,366.229,1.0,1,1764065.4,5916895.5
5845,1,0.027696,0.0231,3,50,Mount Albert Road,10464.0,5232.0,propagated,0.125,402.362,784.8,2316.56,3.296,0.001423,783.683,1.0,1,1753667.4,5915841.9
5846,2,0.125052,0.1042,3,50,Mount Albert Road,11507.0,5753.5,count,0.125141,442.467,863.998,2550.336,3.296,0.001292,862.881,1.0,1,1753649.1,5915902.7
5847,3,0.399984,0.3333,3,50,Mount Albert Road,11080.0,5540.0,count,0.12509,426.048,831.598,2454.698,3.296,0.001343,830.481,1.0,1,1753509.1,5916066.5
5848,3,0.09408,0.0784,4,50,Kirkbride Road,9199.0,4599.5,propagated,0.096,353.72,529.862,1564.038,5.064,0.003238,528.146,1.0,1,1758933.0,5907474.3
5849,2,0.016644,0.0139,4,50,Boundary Road,4140.0,2070.0,propagated,0.135749,159.191,337.201,995.345,1.676,0.001684,336.633,1.0,1,1752587.3,5912428.9
5850,1,0.0416775,0.0556,3,80,Exit 10 Trig Road,4642.0,2321.0,propagated,0.096,178.494,267.379,789.245,4.324,0.005479,265.914,1.0,1,1744484.7,5924985.4
5851,1,0.04202,0.021,2,30,Victoria Street W,16700.0,8350.0,propagated,0.096,642.148,961.92,2839.38,8.058,0.002838,959.19,1.0,1,1756295.7,5920544.8
5852,1,0.014615999999999999,0.0122,4,50,King Edward Parade,10668.0,5334.0,propagated,0.096,410.206,614.477,1813.803,4.439,0.002447,612.973,1.0,1,1760412.0,5922316.5
5853,3,0.437712,0.3648,4,50,Vale Road,4490.0,2245.0,count,0.096,172.649,258.624,763.402,6.072,0.007954,256.567,1.0,1,1765949.8,5920143.8
5854,1,0.041479999999999996,0.0207,4,30,Tamaki Drive,8873.0,4436.5,default,0.096,341.185,511.085,1508.613,6.072,0.004025,509.028,1.0,1,1765760.1,5920172.7
5855,4,0.109932,0.0916,4,50,Williamson Avenue,8576.0,4288.0,propagated,0.127332,329.764,655.2,1934.009,3.433,0.001775,654.037,1.0,1,1754914.6,5918705.2
5856,2,0.0129,0.0129,2,60,Great South Road,11722.0,5861.0,propagated,0.096,450.734,675.187,1993.006,7.403,0.003714,672.679,1.0,2,1767777.0,5903900.9
5857,1,0.050963999999999995,0.0425,4,50,Dawson Road,7554.0,3777.0,propagated,0.105507,290.466,478.2,1411.543,3.056,0.002165,477.165,1.0,1,1768506.5,5906180.2
5858,3,0.064968,0.0541,4,50,Dawson Road,11823.0,5911.5,propagated,0.101074,454.618,716.999,2116.426,3.056,0.001444,715.964,1.0,1,1768544.9,5906150.9
5859,1,0.0070599999999999994,0.0071,2,60,Cavendish Drive,44154.0,22077.0,propagated,0.096,1697.81,2543.27,7507.184,1.202,0.00016,2542.863,1.0,1,1764940.0,5903942.8
5860,4,0.12772,0.1277,2,60,Cavendish Drive,21066.0,10533.0,count,0.096,810.03,1213.402,3581.701,1.202,0.000336,1212.995,1.0,1,1764895.1,5903892.6
5861,1,0.04566,0.0457,2,60,Entry 3 Cavendish Drive,8676.0,4338.0,propagated,0.096,333.61,499.738,1475.119,1.202,0.000815,499.331,1.0,1,1764852.8,5903818.9
5862,1,0.020124,0.0168,2,50,Piwakawaka Street,18992.0,9496.0,default,0.096,730.28,1093.939,3229.072,6.107,0.001891,1091.87,1.0,1,1756479.8,5918843.0
5863,1,0.030702,0.0512,3,100,Exit 1 Bader Drive,3232.0,1616.0,propagated,0.096,124.277,186.163,549.513,3.634,0.006613,184.932,1.0,1,1759863.1,5907380.0
5864,3,0.08645,0.0864,2,60,Great South Road,11722.0,5861.0,propagated,0.096,450.734,675.187,1993.006,5.352,0.002685,673.374,1.0,1,1767716.6,5904386.7
5865,1,0.007163999999999999,0.006,4,50,Onehunga Harbour Road,10408.0,5204.0,default,0.096,400.208,599.501,1769.598,7.235,0.004088,597.05,1.0,1,1758723.3,5911385.6
5866,1,0.033636,0.028,4,50,Ladies Mile,13568.0,6784.0,propagated,0.096,521.717,781.517,2306.87,5.211,0.002259,779.752,1.0,1,1761368.5,5915338.5
5867,6,0.40060799999999996,0.3338,4,50,Ladies Mile,4664.0,2332.0,count,0.116209,179.34,325.199,959.917,5.211,0.005429,323.434,1.0,1,1761293.4,5915173.5
5868,1,0.045216,0.0377,1,50,East Coast Road,16337.0,8168.5,propagated,0.096,628.19,941.011,2777.661,1.798,0.000647,940.402,1.0,1,1754318.4,5936011.0
5869,4,0.040944,0.0341,4,50,Stanley Road,10408.0,5204.0,default,0.096,400.208,599.501,1769.598,2.835,0.001602,598.541,1.0,1,1753215.5,5927108.5
5870,1,0.00491,0.0049,2,60,Te Irirangi Drive,32958.0,16479.0,propagated,0.096,1267.301,1898.381,5603.611,0.565,0.000101,1898.19,1.0,1,1767690.5,5905044.8
5871,7,0.347916,0.2899,4,50,Carlton Street,3313.0,1656.5,count,0.096,127.391,190.829,563.286,2.6,0.004616,189.948,1.0,1,1756639.6,5912450.7
5872,3,0.059196,0.0493,3,50,Beach Road,6132.0,3066.0,propagated,0.096,235.788,353.203,1042.579,3.597,0.00345,351.984,1.0,1,1756063.5,5934043.6
5873,9,0.16986,0.1415,1,50,Lincoln Road,28781.0,14390.5,count,0.096,1106.687,1657.786,4893.427,2.051,0.000419,1657.091,1.0,1,1745100.9,5918055.9
5874,6,0.1122,0.0935,1,50,Lincoln Road,26187.0,13093.5,propagated,0.096,1006.943,1508.371,4452.386,2.051,0.000461,1507.676,1.0,1,1745115.2,5918172.8
5875,1,0.02344390243902439,0.016,1,41,Lincoln Road,26187.0,13093.5,count,0.096,1006.943,1508.371,4452.386,2.051,0.000461,1507.676,1.0,1,1745122.1,5918227.1
5876,1,0.01788,0.0119,1,40,Lincoln Road,26187.0,13093.5,propagated,0.096,1006.943,1508.371,4452.386,2.051,0.000461,1507.676,1.0,1,1745124.1,5918240.9
5877,16,0.45155999999999996,0.3763,1,50,Lincoln Road,26187.0,13093.5,propagated,0.096,1006.943,1508.371,4452.386,2.051,0.000461,1507.676,1.0,1,1745149.0,5918433.5
5878,4,0.26128799999999996,0.2177,1,50,Lincoln Road,29846.0,14923.0,propagated,0.096,1147.638,1719.13,5074.501,2.051,0.000404,1718.435,1.0,1,1745185.6,5918728.2
5879,1,0.039515999999999996,0.0329,3,50,West Coast Road,26438.0,13219.0,propagated,0.096,1016.594,1522.829,4495.063,4.849,0.001079,1521.186,1.0,1,1747186.0,5913789.9
5880,1,0.103716,0.0864,4,50,,10408.0,5204.0,default,0.096,400.208,599.501,1769.598,7.448,0.004209,596.978,1.0,1,1758863.8,5906691.6
5881,5,0.131208,0.1093,3,50,Sunnybrae Road,16056.0,8028.0,propagated,0.096,617.385,924.826,2729.887,3.051,0.001118,923.792,1.0,1,1755563.4,5927192.6
5882,3,0.20718,0.1726,3,50,Sunnybrae Road,17584.0,8792.0,count,0.096,676.14,1012.838,2989.679,3.051,0.001021,1011.804,1.0,1,1755658.9,5927089.3
5883,2,0.11649599999999999,0.0971,3,50,Sunnybrae Road,18608.0,9304.0,count,0.096,715.515,1071.821,3163.784,3.051,0.000964,1070.787,1.0,1,1755750.1,5926990.1
5884,3,0.183684,0.1531,3,50,Sunnybrae Road,17554.0,8777.0,count,0.096,674.986,1011.11,2984.579,3.051,0.001022,1010.076,1.0,1,1755835.1,5926898.3
5885,1,0.00868,0.0087,4,60,Murphys Road,16408.0,8204.0,propagated,0.096,630.92,945.101,2789.734,5.37,0.001925,943.282,1.0,1,1770465.1,5904578.7
5886,2,0.09565,0.0956,3,60,Cascades Road,26299.0,13149.5,propagated,0.096,1011.249,1514.822,4471.428,5.216,0.001167,1513.055,1.0,1,1770498.0,5912715.6
5887,1,0.023892,0.0199,2,50,Kitchener Road,10973.0,5486.5,propagated,0.096,421.934,632.045,1865.66,3.687,0.001976,630.796,1.0,1,1757501.7,5928906.5
5888,1,0.012665999999999998,0.0211,2,100,Exit 449A Great South Road,16284.0,8142.0,propagated,0.096,626.152,937.958,2768.65,3.5,0.001264,936.772,1.0,1,1767852.9,5903870.0
5889,3,0.07326,0.0733,2,60,Exit 449A Great South Road,16284.0,8142.0,propagated,0.096,626.152,937.958,2768.65,3.5,0.001264,936.772,1.0,1,1767806.4,5903877.5
5890,3,0.041567999999999994,0.0346,3,50,Station Road,23262.0,11631.0,propagated,0.08142,894.47,1136.395,3354.393,4.688,0.001398,1134.807,1.0,1,1763852.1,5906562.5
5891,2,0.072504,0.0604,1,50,Great North Road,28006.0,14003.0,count,0.096,1076.887,1613.146,4761.659,1.642,0.000345,1612.59,1.0,1,1748206.9,5914041.5
5892,12,0.346128,0.2884,3,50,Pakuranga Road,53328.0,26664.0,count,0.096,2050.568,3071.693,9066.975,3.79,0.000418,3070.409,1.0,1,1765755.4,5913454.5
5893,2,0.03725142857142857,0.0435,4,70,Lambie Drive,26408.0,13204.0,propagated,0.096,1015.44,1521.101,4489.962,9.342,0.002081,1517.936,1.0,1,1766934.6,5903714.4
5894,1,0.01125,0.0112,4,60,Lambie Drive,26408.0,13204.0,propagated,0.096,1015.44,1521.101,4489.962,9.342,0.002081,1517.936,1.0,1,1766943.0,5903731.0
5895,3,0.156816,0.1307,4,50,Granger Road,3940.0,1970.0,count,0.113452,151.501,268.201,791.671,3.831,0.004839,266.903,1.0,1,1773106.6,5915127.5
5896,1,0.103248,0.086,4,50,Granger Road,4315.0,2157.5,count,0.096,165.92,248.544,733.648,3.831,0.005222,247.246,1.0,1,1773046.2,5915212.9
5897,2,0.041195999999999997,0.0343,4,50,Selwyn Road,5244.0,2622.0,propagated,0.096,201.642,302.054,891.598,3.831,0.004297,300.756,1.0,1,1772990.2,5915227.5
5898,1,0.054672,0.0456,3,50,Ashley Avenue,2718.0,1359.0,propagated,0.2,104.513,326.16,962.754,3.298,0.003426,325.043,1.0,1,1755236.5,5937891.9
5899,1,0.026226,0.0437,3,100,Exit 10 Coronation Road,8928.0,4464.0,propagated,0.096,343.299,514.253,1517.964,8.968,0.005908,511.215,1.0,1,1759657.5,5908944.9
5900,1,0.023471999999999996,0.0196,4,50,Sunderlands Road,3044.0,1522.0,propagated,0.096,117.048,175.334,517.548,4.981,0.009624,173.647,1.0,1,1770114.5,5915859.4
5901,2,0.013992000000000001,0.0117,4,50,Porchester Road,7764.0,3882.0,propagated,0.096,298.541,447.206,1320.056,5.874,0.00445,445.216,1.0,1,1771718.7,5899047.9
5902,3,0.03209,0.0321,2,60,Te Irirangi Drive,40576.0,20288.0,propagated,0.086948,1560.228,2116.801,6248.34,4.977,0.000797,2115.115,1.0,1,1768927.8,5905909.3
