agent_id,day,option_id,mode,depart_min,decider,triggers,reason,factors,gc_of_choice,rank_of_choice_by_gc,start_used_min,early_shift
0,1,CAR_0800,CAR,480,rule,T1,"Chose to drive at 08:00 over drive at 07:45: lowest total cost (NZ$29.90 vs NZ$30.40), mainly arrival time.",arrival_time,29.9045,1,495,False
1,1,CAR_0715,CAR,435,rule,T1,"Chose to drive at 07:15 over drive at 07:00: lowest total cost (NZ$14.86 vs NZ$16.39), mainly arrival time.",arrival_time,14.8554,1,450,False
2,1,CAR_0715,CAR,435,rule,T1,"Chose to drive at 07:15 over drive at 07:00: lowest total cost (NZ$5.73 vs NZ$6.32), mainly arrival time.",arrival_time,5.7275,1,450,False
3,1,CAR_0815,CAR,495,rule,T1,"Chose to drive at 08:15 over drive at 08:00: lowest total cost (NZ$28.00 vs NZ$29.30), mainly arrival time.",arrival_time,27.9985,1,510,False
4,1,PT,PT,,rule,T1,"Chose to take PT over drive at 08:15: lowest total cost (NZ$29.60 vs NZ$31.96), mainly fuel.",other;travel_time,29.5959,1,525,False
5,1,CAR_0800,CAR,480,rule,T1,"Chose to drive at 08:00 over drive at 07:45: lowest total cost (NZ$8.95 vs NZ$10.04), mainly arrival time.",arrival_time,8.9455,1,495,False
6,1,CAR_0800,CAR,480,rule,T1,"Chose to drive at 08:00 over drive at 08:15: lowest total cost (NZ$14.41 vs NZ$13.76), mainly overall cost.",other,14.4059,2,510,False
7,1,CAR_0745,CAR,465,rule,T1,"Chose to drive at 07:45 over drive at 07:30: lowest total cost (NZ$6.23 vs NZ$7.00), mainly arrival time.",arrival_time,6.2273,1,480,False
8,1,PT,PT,,rule,T1,"Chose to take PT over drive at 08:30: lowest total cost (NZ$19.84 vs NZ$24.11), mainly parking.",other;travel_time,19.8437,1,525,False
9,1,CAR_0915,CAR,555,rule,T1,"Chose to drive at 09:15 over drive at 09:00: lowest total cost (NZ$23.39 vs NZ$24.18), mainly arrival time.",arrival_time,23.3924,1,570,False
10,1,CAR_0830,CAR,510,rule,T1,"Chose to drive at 08:30 over drive at 08:15: lowest total cost (NZ$25.03 vs NZ$25.73), mainly arrival time.",arrival_time,25.0315,1,525,False
11,1,CAR_0800,CAR,480,rule,T1,"Chose to drive at 08:00 over drive at 07:45: lowest total cost (NZ$24.98 vs NZ$25.27), mainly arrival time.",arrival_time,24.9821,1,495,False
12,1,CAR_0830,CAR,510,rule,T1,"Chose to drive at 08:30 over drive at 08:15: lowest total cost (NZ$29.70 vs NZ$30.87), mainly arrival time.",arrival_time,29.698,1,525,False
13,1,CAR_0900,CAR,540,rule,T1,"Chose to drive at 09:00 over drive at 08:45: lowest total cost (NZ$13.56 vs NZ$15.03), mainly arrival time.",arrival_time,13.5576,1,555,False
14,1,CAR_0930,CAR,570,rule,T1,"Chose to drive at 09:30 over drive at 09:15: lowest total cost (NZ$27.56 vs NZ$28.31), mainly arrival time.",arrival_time,27.5554,1,585,False
15,1,CAR_0800,CAR,480,rule,T1,"Chose to drive at 08:00 over drive at 07:45: lowest total cost (NZ$33.16 vs NZ$34.33), mainly arrival time.",arrival_time,33.1568,1,495,False
16,1,PT,PT,,rule,T1,"Chose to take PT over drive at 07:15: lowest total cost (NZ$23.85 vs NZ$27.55), mainly parking.",other;travel_time,23.8509,1,450,False
17,1,CAR_0930,CAR,570,rule,T1,"Chose to drive at 09:30 over drive at 09:45: lowest total cost (NZ$23.76 vs NZ$23.29), mainly overall cost.",other,23.7648,2,600,False
18,1,CAR_0845,CAR,525,rule,T1,"Chose to drive at 08:45 over drive at 09:00: lowest total cost (NZ$14.77 vs NZ$14.61), mainly overall cost.",other,14.7655,3,555,False
19,1,CAR_0800,CAR,480,rule,T1,"Chose to drive at 08:00 over drive at 07:45: lowest total cost (NZ$22.74 vs NZ$23.86), mainly arrival time.",arrival_time,22.7351,1,495,False
20,1,CAR_0745,CAR,465,rule,T1,"Chose to drive at 07:45 over drive at 08:00: lowest total cost (NZ$11.65 vs NZ$21.30), mainly arrival time.",arrival_time,11.6453,1,480,False
21,1,CAR_0815,CAR,495,rule,T1,"Chose to drive at 08:15 over drive at 08:00: lowest total cost (NZ$11.06 vs NZ$16.25), mainly arrival time.",arrival_time,11.0574,1,510,False
22,1,CAR_0800,CAR,480,rule,T1,"Chose to drive at 08:00 over drive at 08:15: lowest total cost (NZ$1.57 vs NZ$1.01), mainly overall cost.",other,1.5711,2,510,False
23,1,PT,PT,,rule,T1,"Chose to take PT over drive at 08:30: lowest total cost (NZ$23.61 vs NZ$33.15), mainly parking.",other;travel_time,23.612,1,525,False
24,1,CAR_0715,CAR,435,rule,T1,"Chose to drive at 07:15 over drive at 07:30: lowest total cost (NZ$10.30 vs NZ$9.88), mainly overall cost.",other,10.3035,2,465,False
25,1,PT,PT,,rule,T1,"Chose to take PT over drive at 07:45: lowest total cost (NZ$23.44 vs NZ$24.70), mainly parking.",other;travel_time,23.4377,1,480,False
26,1,PT,PT,,rule,T1,"Chose to take PT over drive at 08:00: lowest total cost (NZ$20.60 vs NZ$26.44), mainly parking.",other;travel_time,20.602,1,495,False
27,1,CAR_0730,CAR,450,rule,T1,"Chose to drive at 07:30 over drive at 07:15: lowest total cost (NZ$12.48 vs NZ$13.02), mainly arrival time.",arrival_time,12.4764,1,465,False
28,1,PT,PT,,rule,T1,"Chose to take PT over skip the trip: lowest total cost (NZ$23.26 vs NZ$34.85), mainly missing the day.",work_constraint,23.2635,1,540,False
29,1,CAR_0800,CAR,480,rule,T1,"Chose to drive at 08:00 over drive at 07:45: lowest total cost (NZ$12.78 vs NZ$13.25), mainly arrival time.",arrival_time,12.7837,1,495,False
30,1,CAR_0815,CAR,495,rule,T1,"Chose to drive at 08:15 over drive at 08:00: lowest total cost (NZ$25.64 vs NZ$27.11), mainly arrival time.",arrival_time,25.6354,1,525,False
31,1,CAR_0830,CAR,510,rule,T1,"Chose to drive at 08:30 over drive at 08:15: lowest total cost (NZ$26.84 vs NZ$28.96), mainly arrival time.",arrival_time,26.837,1,525,False
32,1,CAR_0815,CAR,495,rule,T1,"Chose to drive at 08:15 over drive at 08:00: lowest total cost (NZ$14.88 vs NZ$15.47), mainly arrival time.",arrival_time,14.8752,1,510,False
33,1,CAR_0800,CAR,480,rule,T1,"Chose to drive at 08:00 over drive at 07:45: lowest total cost (NZ$10.99 vs NZ$11.90), mainly arrival time.",arrival_time,10.9901,1,495,False
34,1,CAR_0745,CAR,465,rule,T1,"Chose to drive at 07:45 over drive at 08:00: lowest total cost (NZ$15.52 vs NZ$16.39), mainly arrival time.",arrival_time,15.5168,1,495,False
35,1,CAR_0815,CAR,495,rule,T1,"Chose to drive at 08:15 over drive at 08:00: lowest total cost (NZ$27.07 vs NZ$29.74), mainly arrival time.",arrival_time,27.0684,1,510,False
36,1,CAR_0745,CAR,465,rule,T1,"Chose to drive at 07:45 over drive at 07:30: lowest total cost (NZ$1.13 vs NZ$1.75), mainly arrival time.",arrival_time,1.1257,1,480,False
37,1,CAR_0815,CAR,495,rule,T1,"Chose to drive at 08:15 over drive at 08:30: lowest total cost (NZ$20.65 vs NZ$21.03), mainly arrival time.",arrival_time,20.6484,1,510,False
38,1,CAR_0700,CAR,420,rule,T1,"Chose to drive at 07:00 over drive at 07:15: lowest total cost (NZ$17.41 vs NZ$18.35), mainly arrival time.",arrival_time,17.4069,1,450,False
39,1,PT,PT,,rule,T1,"Chose to take PT over drive at 07:45: lowest total cost (NZ$22.59 vs NZ$26.82), mainly parking.",other;travel_time,22.5886,1,480,False
40,1,CAR_0700,CAR,420,rule,T1,"Chose to drive at 07:00 over drive at 06:45: lowest total cost (NZ$16.91 vs NZ$19.72), mainly arrival time.",arrival_time,16.9107,1,435,False
41,1,CAR_0800,CAR,480,rule,T1,"Chose to drive at 08:00 over drive at 08:15: lowest total cost (NZ$8.32 vs NZ$9.05), mainly arrival time.",arrival_time,8.3166,1,510,False
42,1,CAR_0800,CAR,480,rule,T1,"Chose to drive at 08:00 over drive at 08:30: lowest total cost (NZ$13.88 vs NZ$13.10), mainly overall cost.",other,13.8772,3,525,False
43,1,CAR_0830,CAR,510,rule,T1,"Chose to drive at 08:30 over drive at 08:45: lowest total cost (NZ$26.98 vs NZ$26.09), mainly overall cost.",other,26.98,2,540,False
44,1,CAR_0730,CAR,450,rule,T1,"Chose to drive at 07:30 over drive at 07:15: lowest total cost (NZ$9.62 vs NZ$11.41), mainly arrival time.",arrival_time,9.6198,1,465,False
45,1,CAR_0700,CAR,420,rule,T1,"Chose to drive at 07:00 over drive at 06:45: lowest total cost (NZ$10.40 vs NZ$13.56), mainly arrival time.",arrival_time,10.4033,1,435,False
46,1,CAR_0830,CAR,510,rule,T1,"Chose to drive at 08:30 over drive at 08:45: lowest total cost (NZ$11.11 vs NZ$10.15), mainly overall cost.",other,11.1054,2,540,False
47,1,CAR_0715,CAR,435,rule,T1,"Chose to drive at 07:15 over drive at 07:00: lowest total cost (NZ$5.95 vs NZ$7.50), mainly arrival time.",arrival_time,5.9531,1,450,False
48,1,PT,PT,,rule,T1,"Chose to take PT over drive at 08:15: lowest total cost (NZ$19.73 vs NZ$25.89), mainly parking.",other;travel_time,19.7335,1,510,False
49,1,CAR_0830,CAR,510,rule,T1,"Chose to drive at 08:30 over drive at 08:15: lowest total cost (NZ$8.51 vs NZ$7.37), mainly overall cost.",other,8.5059,4,510,False
50,1,CAR_0815,CAR,495,rule,T1,"Chose to drive at 08:15 over drive at 08:00: lowest total cost (NZ$23.19 vs NZ$23.49), mainly arrival time.",arrival_time,23.187,1,510,False
51,1,CAR_0815,CAR,495,rule,T1,"Chose to drive at 08:15 over drive at 08:30: lowest total cost (NZ$17.69 vs NZ$17.40), mainly overall cost.",other,17.6914,2,525,False
52,1,CAR_0830,CAR,510,rule,T1,"Chose to drive at 08:30 over take PT: lowest total cost (NZ$23.91 vs NZ$24.49), mainly the PT trip.",pt;arrival_time,23.9104,1,525,False
53,1,CAR_0800,CAR,480,rule,T1,"Chose to drive at 08:00 over drive at 07:45: lowest total cost (NZ$10.01 vs NZ$11.75), mainly arrival time.",arrival_time,10.006,1,495,False
54,1,CAR_0715,CAR,435,rule,T1,"Chose to drive at 07:15 over drive at 07:30: lowest total cost (NZ$4.00 vs NZ$4.84), mainly arrival time.",arrival_time,4.0011,1,450,False
55,1,CAR_0700,CAR,420,rule,T1,"Chose to drive at 07:00 over drive at 06:45: lowest total cost (NZ$1.18 vs NZ$2.03), mainly arrival time.",arrival_time,1.1817,1,435,False
56,1,CAR_0830,CAR,510,rule,T1,"Chose to drive at 08:30 over drive at 08:45: lowest total cost (NZ$3.16 vs NZ$3.82), mainly arrival time.",arrival_time,3.1625,1,525,False
57,1,CAR_0715,CAR,435,rule,T1,"Chose to drive at 07:15 over drive at 06:45 for the early start: lowest total cost (NZ$19.08 vs NZ$21.09), mainly arrival time.",arrival_time,19.0771,1,450,False
58,1,CAR_0815,CAR,495,rule,T1,"Chose to drive at 08:15 over drive at 08:00: lowest total cost (NZ$7.40 vs NZ$8.16), mainly arrival time.",arrival_time,7.402,1,510,False
59,1,CAR_0815,CAR,495,rule,T1,"Chose to drive at 08:15 over drive at 08:00: lowest total cost (NZ$14.39 vs NZ$14.57), mainly arrival time.",arrival_time,14.3889,1,510,False
60,1,PT,PT,,rule,T1,"Chose to take PT over drive at 07:30: lowest total cost (NZ$20.98 vs NZ$28.76), mainly parking.",other;travel_time,20.9782,1,465,False
61,1,CAR_0800,CAR,480,rule,T1,"Chose to drive at 08:00 over drive at 08:15: lowest total cost (NZ$30.48 vs NZ$29.96), mainly overall cost.",other,30.4836,2,510,False
62,1,CAR_0745,CAR,465,rule,T1,"Chose to drive at 07:45 over drive at 08:00: lowest total cost (NZ$22.95 vs NZ$24.80), mainly arrival time.",arrival_time,22.9534,1,480,False
63,1,CAR_0830,CAR,510,rule,T1,"Chose to drive at 08:30 over drive at 08:15: lowest total cost (NZ$17.57 vs NZ$18.35), mainly arrival time.",arrival_time,17.5706,1,525,False
64,1,CAR_0730,CAR,450,rule,T1,"Chose to drive at 07:30 over take PT: lowest total cost (NZ$33.04 vs NZ$33.17), mainly the PT trip.",pt;arrival_time,33.0446,1,465,False
65,1,CAR_0815,CAR,495,rule,T1,"Chose to drive at 08:15 over drive at 08:00: lowest total cost (NZ$32.96 vs NZ$33.06), mainly arrival time.",arrival_time,32.9585,1,510,False
66,1,CAR_0800,CAR,480,rule,T1,"Chose to drive at 08:00 over drive at 07:45: lowest total cost (NZ$26.50 vs NZ$28.19), mainly arrival time.",arrival_time,26.5048,1,495,False
67,1,CAR_0815,CAR,495,rule,T1,"Chose to drive at 08:15 over drive at 08:00: lowest total cost (NZ$17.18 vs NZ$17.48), mainly arrival time.",arrival_time,17.1841,1,510,False
68,1,CAR_0730,CAR,450,rule,T1,"Chose to drive at 07:30 over drive at 07:15: lowest total cost (NZ$16.25 vs NZ$16.28), mainly arrival time.",arrival_time,16.2471,1,465,False
69,1,CAR_0830,CAR,510,rule,T1,"Chose to drive at 08:30 over drive at 09:15: lowest total cost (NZ$22.76 vs NZ$21.72), mainly overall cost.",other,22.7575,5,570,False
70,1,CAR_0845,CAR,525,rule,T1,"Chose to drive at 08:45 over drive at 08:30: lowest total cost (NZ$10.79 vs NZ$11.55), mainly arrival time.",arrival_time,10.7866,1,540,False
71,1,CAR_0800,CAR,480,rule,T1,"Chose to drive at 08:00 over take PT: lowest total cost (NZ$31.12 vs NZ$32.53), mainly the PT trip.",pt;arrival_time,31.1174,1,495,False
72,1,CAR_0700,CAR,420,rule,T1,"Chose to drive at 07:00 over drive at 06:45: lowest total cost (NZ$9.19 vs NZ$10.72), mainly arrival time.",arrival_time,9.1881,1,435,False
73,1,PT,PT,,rule,T1,"Chose to take PT over drive at 08:30: lowest total cost (NZ$31.05 vs NZ$34.00), mainly parking.",other;travel_time,31.0466,1,525,False
74,1,CAR_0830,CAR,510,rule,T1,"Chose to drive at 08:30 over drive at 08:45: lowest total cost (NZ$22.29 vs NZ$20.68), mainly overall cost.",other,22.2888,3,540,False
75,1,PT,PT,,rule,T1,"Chose to take PT over drive at 08:45: lowest total cost (NZ$24.47 vs NZ$33.00), mainly fuel.",other;travel_time,24.4691,1,555,False
76,1,CAR_0730,CAR,450,rule,T1,"Chose to drive at 07:30 over drive at 07:45: lowest total cost (NZ$13.07 vs NZ$12.75), mainly overall cost.",other,13.0747,2,480,False
77,1,CAR_0700,CAR,420,rule,T1,"Chose to drive at 07:00 over drive at 07:15: lowest total cost (NZ$19.90 vs NZ$20.34), mainly arrival time.",arrival_time,19.9017,1,435,False
78,1,CAR_0945,CAR,585,rule,T1,"Chose to drive at 09:45 over drive at 09:30: lowest total cost (NZ$19.42 vs NZ$18.63), mainly overall cost.",other,19.416,3,585,False
79,1,CAR_0830,CAR,510,rule,T1,"Chose to drive at 08:30 over drive at 08:15: lowest total cost (NZ$33.68 vs NZ$34.92), mainly arrival time.",arrival_time,33.684,1,525,False
80,1,CAR_0800,CAR,480,rule,T1,"Chose to drive at 08:00 over drive at 07:45: lowest total cost (NZ$16.09 vs NZ$16.94), mainly arrival time.",arrival_time,16.0912,1,495,False
81,1,CAR_0700,CAR,420,rule,T1,"Chose to drive at 07:00 over drive at 06:45: lowest total cost (NZ$25.45 vs NZ$28.12), mainly arrival time.",arrival_time,25.4515,1,435,False
82,1,PT,PT,,rule,T1,"Chose to take PT over drive at 08:15: lowest total cost (NZ$17.63 vs NZ$21.12), mainly parking.",other;travel_time,17.6253,1,510,False
83,1,CAR_0900,CAR,540,rule,T1,"Chose to drive at 09:00 over drive at 08:45: lowest total cost (NZ$15.18 vs NZ$15.29), mainly arrival time.",arrival_time,15.1844,1,555,False
84,1,CAR_0730,CAR,450,rule,T1,"Chose to drive at 07:30 over drive at 07:15: lowest total cost (NZ$12.15 vs NZ$16.41), mainly arrival time.",arrival_time,12.1524,1,465,False
85,1,PT,PT,,rule,T1,"Chose to take PT over drive at 08:30: lowest total cost (NZ$23.81 vs NZ$29.47), mainly parking.",other;travel_time,23.8139,1,525,False
86,1,CAR_0700,CAR,420,rule,T1,"Chose to drive at 07:00 over drive at 06:45: lowest total cost (NZ$11.98 vs NZ$17.64), mainly arrival time.",arrival_time,11.9825,1,435,False
87,1,CAR_0645,CAR,405,rule,T1,"Chose to drive at 06:45 over drive at 07:15: lowest total cost (NZ$10.87 vs NZ$9.22), mainly overall cost.",other,10.8702,3,450,False
88,1,CAR_0800,CAR,480,rule,T1,"Chose to drive at 08:00 over drive at 08:15: lowest total cost (NZ$4.87 vs NZ$3.69), mainly overall cost.",other,4.8712,2,510,False
89,1,CAR_0700,CAR,420,rule,T1,"Chose to drive at 07:00 over drive at 07:15: lowest total cost (NZ$2.68 vs NZ$2.11), mainly overall cost.",other,2.6782,2,465,False
90,1,PT,PT,,rule,T1,"Chose to take PT over drive at 08:30: lowest total cost (NZ$19.77 vs NZ$33.16), mainly parking.",other;travel_time,19.7719,1,525,False
91,1,CAR_0745,CAR,465,rule,T1,"Chose to drive at 07:45 over drive at 08:00: lowest total cost (NZ$29.05 vs NZ$28.49), mainly overall cost.",other,29.0457,2,495,False
92,1,CAR_0730,CAR,450,rule,T1,"Chose to drive at 07:30 over drive at 08:00: lowest total cost (NZ$8.12 vs NZ$6.91), mainly overall cost.",other,8.1186,4,495,False
93,1,CAR_0700,CAR,420,rule,T1,"Chose to drive at 07:00 over drive at 07:15: lowest total cost (NZ$5.24 vs NZ$6.51), mainly arrival time.",arrival_time,5.2424,1,435,False
94,1,CAR_0915,CAR,555,rule,T1,"Chose to drive at 09:15 over drive at 09:00: lowest total cost (NZ$12.27 vs NZ$13.18), mainly arrival time.",arrival_time,12.2746,1,570,False
95,1,CAR_0830,CAR,510,rule,T1,"Chose to drive at 08:30 over drive at 08:45: lowest total cost (NZ$16.65 vs NZ$16.21), mainly overall cost.",other,16.6496,2,540,False
96,1,CAR_0730,CAR,450,rule,T1,"Chose to drive at 07:30 over drive at 07:45: lowest total cost (NZ$22.65 vs NZ$25.31), mainly arrival time.",arrival_time,22.6531,1,465,False
97,1,CAR_0845,CAR,525,rule,T1,"Chose to drive at 08:45 over drive at 09:00: lowest total cost (NZ$34.84 vs NZ$34.14), mainly overall cost.",other,34.8441,2,555,False
98,1,CAR_0845,CAR,525,rule,T1,"Chose to drive at 08:45 over drive at 08:30: lowest total cost (NZ$15.42 vs NZ$15.19), mainly overall cost.",other,15.4211,2,525,False
99,1,CAR_0745,CAR,465,rule,T1,"Chose to drive at 07:45 over drive at 07:30: lowest total cost (NZ$13.33 vs NZ$16.73), mainly arrival time.",arrival_time,13.3308,1,480,False
100,1,CAR_0800,CAR,480,rule,T1,"Chose to drive at 08:00 over drive at 07:45: lowest total cost (NZ$11.55 vs NZ$11.91), mainly arrival time.",arrival_time,11.5511,1,495,False
101,1,CAR_0830,CAR,510,rule,T1,"Chose to drive at 08:30 over drive at 08:15: lowest total cost (NZ$11.13 vs NZ$13.21), mainly arrival time.",arrival_time,11.1254,1,525,False
102,1,CAR_0815,CAR,495,rule,T1,"Chose to drive at 08:15 over drive at 08:30: lowest total cost (NZ$22.13 vs NZ$23.01), mainly arrival time.",arrival_time,22.133,1,510,False
103,1,CAR_0800,CAR,480,rule,T1,"Chose to drive at 08:00 over drive at 06:45 for the early start: lowest total cost (NZ$11.32 vs NZ$15.82), mainly arrival time.",arrival_time,11.3246,1,495,False
104,1,CAR_0730,CAR,450,rule,T1,"Chose to drive at 07:30 over drive at 07:45: lowest total cost (NZ$11.11 vs NZ$10.39), mainly overall cost.",other,11.1118,2,480,False
105,1,CAR_0700,CAR,420,rule,T1,"Chose to drive at 07:00 over drive at 06:45: lowest total cost (NZ$1.53 vs NZ$2.22), mainly arrival time.",arrival_time,1.5255,1,435,False
106,1,CAR_0800,CAR,480,rule,T1,"Chose to drive at 08:00 over drive at 08:15: lowest total cost (NZ$12.72 vs NZ$11.95), mainly overall cost.",other,12.7249,2,510,False
107,1,CAR_0845,CAR,525,rule,T1,"Chose to drive at 08:45 over drive at 08:30: lowest total cost (NZ$10.73 vs NZ$13.26), mainly arrival time.",arrival_time,10.7323,1,540,False
108,1,CAR_0830,CAR,510,rule,T1,"Chose to drive at 08:30 over drive at 08:15: lowest total cost (NZ$14.82 vs NZ$15.92), mainly arrival time.",arrival_time,14.8217,1,525,False
109,1,CAR_0845,CAR,525,rule,T1,"Chose to drive at 08:45 over drive at 08:30: lowest total cost (NZ$4.02 vs NZ$6.85), mainly arrival time.",arrival_time,4.0241,1,540,False
110,1,CAR_0845,CAR,525,rule,T1,"Chose to drive at 08:45 over drive at 08:30: lowest total cost (NZ$6.48 vs NZ$7.24), mainly arrival time.",arrival_time,6.4792,1,540,False
111,1,CAR_0900,CAR,540,rule,T1,"Chose to drive at 09:00 over drive at 09:30: lowest total cost (NZ$3.67 vs NZ$2.83), mainly overall cost.",other,3.67,3,570,False
112,1,CAR_0715,CAR,435,rule,T1,"Chose to drive at 07:15 over drive at 07:00: lowest total cost (NZ$14.03 vs NZ$14.29), mainly arrival time.",arrival_time,14.0259,1,450,False
113,1,PT,PT,,rule,T1,"Chose to take PT over drive at 09:00: lowest total cost (NZ$27.17 vs NZ$33.03), mainly parking.",other;travel_time,27.1744,1,555,False
114,1,PT,PT,,rule,T1,"Chose to take PT over drive at 09:15: lowest total cost (NZ$20.28 vs NZ$30.78), mainly parking.",other;travel_time,20.2778,1,570,False
115,1,CAR_0815,CAR,495,rule,T1,"Chose to drive at 08:15 over drive at 08:00: lowest total cost (NZ$6.97 vs NZ$8.78), mainly arrival time.",arrival_time,6.9706,1,510,False
116,1,PT,PT,,rule,T1,"Chose to take PT over drive at 07:45: lowest total cost (NZ$19.81 vs NZ$33.30), mainly parking.",other;travel_time,19.8053,1,480,False
117,1,CAR_0745,CAR,465,rule,T1,"Chose to drive at 07:45 over drive at 07:30: lowest total cost (NZ$3.66 vs NZ$3.68), mainly arrival time.",arrival_time,3.6567,1,480,False
118,1,CAR_0915,CAR,555,rule,T1,"Chose to drive at 09:15 over drive at 09:00: lowest total cost (NZ$4.31 vs NZ$5.76), mainly arrival time.",arrival_time,4.3124,1,570,False
119,1,PT,PT,,rule,T1,"Chose to take PT over skip the trip: lowest total cost (NZ$19.51 vs NZ$36.62), mainly missing the day.",work_constraint,19.5064,1,495,False
120,1,CAR_0700,CAR,420,rule,T1,"Chose to drive at 07:00 over drive at 06:45: lowest total cost (NZ$11.14 vs NZ$17.14), mainly arrival time.",arrival_time,11.1383,1,435,False
121,1,CAR_0845,CAR,525,rule,T1,"Chose to drive at 08:45 over drive at 09:00: lowest total cost (NZ$15.54 vs NZ$15.78), mainly arrival time.",arrival_time,15.5444,1,540,False
122,1,CAR_0845,CAR,525,rule,T1,"Chose to drive at 08:45 over drive at 09:15: lowest total cost (NZ$23.50 vs NZ$22.75), mainly overall cost.",other,23.5027,3,570,False
123,1,PT,PT,,rule,T1,"Chose to take PT over drive at 07:00: lowest total cost (NZ$22.26 vs NZ$24.11), mainly parking.",other;travel_time,22.2612,1,435,False
124,1,CAR_0645,CAR,405,rule,T1,"Chose to drive at 06:45 over drive at 06:30: lowest total cost (NZ$7.62 vs NZ$9.42), mainly arrival time.",arrival_time,7.6166,1,420,False
125,1,CAR_0630,CAR,390,rule,T1,"Chose to drive at 06:30 over drive at 08:00: lowest total cost (NZ$2.20 vs NZ$0.84), mainly overall cost.",other,2.2028,8,495,False
126,1,CAR_0830,CAR,510,rule,T1,"Chose to drive at 08:30 over drive at 08:45: lowest total cost (NZ$23.47 vs NZ$24.75), mainly arrival time.",arrival_time,23.4731,1,525,False
127,1,PT,PT,,rule,T1,"Chose to take PT over drive at 08:15: lowest total cost (NZ$22.10 vs NZ$32.11), mainly parking.",other;travel_time,22.0984,1,510,False
128,1,CAR_0730,CAR,450,rule,T1,"Chose to drive at 07:30 over drive at 07:45: lowest total cost (NZ$20.63 vs NZ$21.95), mainly arrival time.",arrival_time,20.6265,1,465,False
129,1,CAR_0700,CAR,420,rule,T1,"Chose to drive at 07:00 over take PT: lowest total cost (NZ$21.26 vs NZ$20.95), mainly the PT trip.",pt,21.2575,2,450,False
130,1,CAR_0815,CAR,495,rule,T1,"Chose to drive at 08:15 over drive at 08:30: lowest total cost (NZ$20.29 vs NZ$19.56), mainly overall cost.",other,20.2861,3,540,False
131,1,CAR_0730,CAR,450,rule,T1,"Chose to drive at 07:30 over drive at 07:15: lowest total cost (NZ$8.04 vs NZ$13.55), mainly arrival time.",arrival_time,8.0379,1,465,False
132,1,CAR_0800,CAR,480,rule,T1,"Chose to drive at 08:00 over drive at 07:45: lowest total cost (NZ$24.83 vs NZ$26.23), mainly arrival time.",arrival_time,24.8282,1,495,False
133,1,CAR_0800,CAR,480,rule,T1,"Chose to drive at 08:00 over drive at 08:15: lowest total cost (NZ$14.34 vs NZ$13.33), mainly overall cost.",other,14.34,2,510,False
134,1,CAR_0800,CAR,480,rule,T1,"Chose to drive at 08:00 over drive at 08:15: lowest total cost (NZ$13.16 vs NZ$12.58), mainly overall cost.",other,13.1623,2,510,False
135,1,CAR_0830,CAR,510,rule,T1,"Chose to drive at 08:30 over drive at 08:15: lowest total cost (NZ$15.13 vs NZ$15.47), mainly arrival time.",arrival_time,15.1255,1,525,False
136,1,CAR_0900,CAR,540,rule,T1,"Chose to drive at 09:00 over drive at 08:45: lowest total cost (NZ$8.00 vs NZ$8.57), mainly arrival time.",arrival_time,8.0043,1,555,False
137,1,CAR_0745,CAR,465,rule,T1,"Chose to drive at 07:45 over drive at 08:00: lowest total cost (NZ$3.55 vs NZ$4.27), mainly arrival time.",arrival_time,3.5458,1,480,False
138,1,CAR_0830,CAR,510,rule,T1,"Chose to drive at 08:30 over drive at 08:15: lowest total cost (NZ$21.33 vs NZ$21.07), mainly overall cost.",other,21.3259,4,510,False
139,1,CAR_0845,CAR,525,rule,T1,"Chose to drive at 08:45 over drive at 08:30: lowest total cost (NZ$3.44 vs NZ$4.66), mainly arrival time.",arrival_time,3.4414,1,540,False
140,1,CAR_0700,CAR,420,rule,T1,"Chose to drive at 07:00 over drive at 06:45: lowest total cost (NZ$2.06 vs NZ$2.29), mainly arrival time.",arrival_time,2.0563,1,435,False
141,1,CAR_0700,CAR,420,rule,T1,"Chose to drive at 07:00 over drive at 06:45: lowest total cost (NZ$19.83 vs NZ$19.60), mainly overall cost.",other,19.8322,2,420,False
142,1,CAR_0800,CAR,480,rule,T1,"Chose to drive at 08:00 over drive at 08:15: lowest total cost (NZ$3.11 vs NZ$3.45), mainly arrival time.",arrival_time,3.1143,1,495,False
143,1,CAR_0745,CAR,465,rule,T1,"Chose to drive at 07:45 over drive at 07:30: lowest total cost (NZ$1.66 vs NZ$2.21), mainly arrival time.",arrival_time,1.6587,1,480,False
144,1,CAR_0800,CAR,480,rule,T1,"Chose to drive at 08:00 over drive at 07:45: lowest total cost (NZ$7.38 vs NZ$8.09), mainly arrival time.",arrival_time,7.3766,1,495,False
145,1,CAR_0700,CAR,420,rule,T1,"Chose to drive at 07:00 over drive at 06:45: lowest total cost (NZ$2.07 vs NZ$3.14), mainly arrival time.",arrival_time,2.0744,1,435,False
146,1,PT,PT,,rule,T1,"Chose to take PT over drive at 08:00: lowest total cost (NZ$22.61 vs NZ$32.11), mainly parking.",other;travel_time,22.6123,1,495,False
147,1,CAR_0830,CAR,510,rule,T1,"Chose to drive at 08:30 over drive at 08:15: lowest total cost (NZ$30.38 vs NZ$34.53), mainly arrival time.",arrival_time,30.3824,1,525,False
148,1,CAR_0845,CAR,525,rule,T1,"Chose to drive at 08:45 over drive at 09:00: lowest total cost (NZ$28.25 vs NZ$28.23), mainly overall cost.",other,28.247,2,555,False
149,1,CAR_0845,CAR,525,rule,T1,"Chose to drive at 08:45 over drive at 08:30: lowest total cost (NZ$16.39 vs NZ$17.41), mainly arrival time.",arrival_time,16.39,1,540,False
150,1,CAR_0900,CAR,540,rule,T1,"Chose to drive at 09:00 over drive at 08:45: lowest total cost (NZ$17.91 vs NZ$18.70), mainly arrival time.",arrival_time,17.9093,1,555,False
151,1,CAR_0745,CAR,465,rule,T1,"Chose to drive at 07:45 over drive at 07:30: lowest total cost (NZ$6.23 vs NZ$7.65), mainly arrival time.",arrival_time,6.2321,1,480,False
152,1,CAR_0800,CAR,480,rule,T1,"Chose to drive at 08:00 over drive at 07:45: lowest total cost (NZ$17.04 vs NZ$17.38), mainly arrival time.",arrival_time,17.0393,1,495,False
153,1,CAR_0830,CAR,510,rule,T1,"Chose to drive at 08:30 over drive at 08:45: lowest total cost (NZ$25.77 vs NZ$25.20), mainly overall cost.",other,25.767,2,540,False
154,1,CAR_0900,CAR,540,rule,T1,"Chose to drive at 09:00 over drive at 08:45: lowest total cost (NZ$4.95 vs NZ$6.00), mainly arrival time.",arrival_time,4.9483,1,555,False
155,1,CAR_0900,CAR,540,rule,T1,"Chose to drive at 09:00 over drive at 09:15: lowest total cost (NZ$12.44 vs NZ$12.03), mainly overall cost.",other,12.4407,2,570,False
156,1,PT,PT,,rule,T1,"Chose to take PT over drive at 07:45: lowest total cost (NZ$27.58 vs NZ$29.25), mainly parking.",other;travel_time,27.5756,1,480,False
157,1,CAR_0715,CAR,435,rule,T1,"Chose to drive at 07:15 over drive at 07:00: lowest total cost (NZ$9.98 vs NZ$11.01), mainly arrival time.",arrival_time,9.98,1,450,False
158,1,CAR_0830,CAR,510,rule,T1,"Chose to drive at 08:30 over drive at 08:15: lowest total cost (NZ$28.55 vs NZ$30.00), mainly arrival time.",arrival_time,28.5492,1,525,False
159,1,CAR_0800,CAR,480,rule,T1,"Chose to drive at 08:00 over drive at 07:45: lowest total cost (NZ$13.03 vs NZ$14.24), mainly arrival time.",arrival_time,13.0311,1,495,False
160,1,CAR_0900,CAR,540,rule,T1,"Chose to drive at 09:00 over drive at 09:15: lowest total cost (NZ$20.76 vs NZ$20.21), mainly overall cost.",other,20.7591,2,585,False
161,1,SKIP,SKIP,,rule,T1,"Chose to skip the trip over drive at 08:00: lowest total cost (NZ$35.53 vs NZ$37.40), mainly fuel.",other;travel_time,35.5316,1,,False
162,1,CAR_0815,CAR,495,rule,T1,"Chose to drive at 08:15 over drive at 08:30: lowest total cost (NZ$14.43 vs NZ$14.06), mainly overall cost.",other,14.4279,2,525,False
163,1,CAR_0830,CAR,510,rule,T1,"Chose to drive at 08:30 over drive at 08:15: lowest total cost (NZ$34.15 vs NZ$34.88), mainly arrival time.",arrival_time,34.1544,1,525,False
164,1,CAR_0730,CAR,450,rule,T1,"Chose to drive at 07:30 over drive at 07:15: lowest total cost (NZ$27.80 vs NZ$28.27), mainly arrival time.",arrival_time,27.8035,1,465,False
165,1,CAR_0830,CAR,510,rule,T1,"Chose to drive at 08:30 over drive at 08:45: lowest total cost (NZ$14.49 vs NZ$14.15), mainly overall cost.",other,14.4885,2,540,False
166,1,CAR_0845,CAR,525,rule,T1,"Chose to drive at 08:45 over drive at 09:00: lowest total cost (NZ$25.98 vs NZ$28.01), mainly arrival time.",arrival_time,25.9844,1,540,False
167,1,CAR_0745,CAR,465,rule,T1,"Chose to drive at 07:45 over drive at 06:45 for the early start: lowest total cost (NZ$12.06 vs NZ$16.56), mainly arrival time.",arrival_time,12.0576,1,480,False
168,1,CAR_0900,CAR,540,rule,T1,"Chose to drive at 09:00 over drive at 08:45: lowest total cost (NZ$8.19 vs NZ$9.60), mainly arrival time.",arrival_time,8.1931,1,555,False
169,1,CAR_0745,CAR,465,rule,T1,"Chose to drive at 07:45 over drive at 07:30: lowest total cost (NZ$8.85 vs NZ$11.27), mainly arrival time.",arrival_time,8.8546,1,480,False
170,1,CAR_0800,CAR,480,rule,T1,"Chose to drive at 08:00 over drive at 07:45: lowest total cost (NZ$23.74 vs NZ$24.21), mainly arrival time.",arrival_time,23.7403,1,495,False
171,1,CAR_0830,CAR,510,rule,T1,"Chose to drive at 08:30 over drive at 08:15: lowest total cost (NZ$6.24 vs NZ$8.10), mainly arrival time.",arrival_time,6.2408,1,525,False
172,1,CAR_0900,CAR,540,rule,T1,"Chose to drive at 09:00 over drive at 08:45: lowest total cost (NZ$25.30 vs NZ$23.58), mainly overall cost.",other,25.3002,5,540,False
173,1,CAR_0845,CAR,525,rule,T1,"Chose to drive at 08:45 over drive at 09:00: lowest total cost (NZ$3.57 vs NZ$3.95), mainly arrival time.",arrival_time,3.5704,1,540,False
174,1,CAR_0700,CAR,420,rule,T1,"Chose to drive at 07:00 over drive at 06:45: lowest total cost (NZ$17.54 vs NZ$18.61), mainly arrival time.",arrival_time,17.5359,1,435,False
175,1,CAR_0700,CAR,420,rule,T1,"Chose to drive at 07:00 over drive at 06:45: lowest total cost (NZ$28.40 vs NZ$31.18), mainly arrival time.",arrival_time,28.3964,1,435,False
176,1,CAR_0730,CAR,450,rule,T1,"Chose to drive at 07:30 over drive at 08:30: lowest total cost (NZ$22.54 vs NZ$20.58), mainly overall cost.",other,22.5441,6,525,False
177,1,PT,PT,,rule,T1,"Chose to take PT over drive at 08:15: lowest total cost (NZ$23.84 vs NZ$26.59), mainly parking.",other;travel_time,23.8378,1,510,False
178,1,PT,PT,,rule,T1,"Chose to take PT over drive at 08:15: lowest total cost (NZ$17.83 vs NZ$24.24), mainly parking.",other;travel_time,17.8326,1,510,False
179,1,CAR_0745,CAR,465,rule,T1,"Chose to drive at 07:45 over drive at 07:30: lowest total cost (NZ$15.14 vs NZ$15.41), mainly arrival time.",arrival_time,15.1356,1,480,False
180,1,PT,PT,,rule,T1,"Chose to take PT over drive at 07:30: lowest total cost (NZ$20.00 vs NZ$31.20), mainly parking.",other;travel_time,19.9963,1,465,False
181,1,CAR_0915,CAR,555,rule,T1,"Chose to drive at 09:15 over drive at 09:00: lowest total cost (NZ$23.21 vs NZ$25.54), mainly arrival time.",arrival_time,23.2068,1,570,False
182,1,CAR_0830,CAR,510,rule,T1,"Chose to drive at 08:30 over drive at 06:45 for the early start: lowest total cost (NZ$27.57 vs NZ$30.57), mainly arrival time.",arrival_time,27.5735,1,525,False
183,1,PT,PT,,rule,T1,"Chose to take PT over drive at 07:45: lowest total cost (NZ$18.90 vs NZ$24.39), mainly parking.",other;travel_time,18.8997,1,480,False
184,1,CAR_0745,CAR,465,rule,T1,"Chose to drive at 07:45 over drive at 07:30: lowest total cost (NZ$2.69 vs NZ$3.38), mainly arrival time.",arrival_time,2.6852,1,480,False
185,1,PT,PT,,rule,T1,"Chose to take PT over drive at 08:30: lowest total cost (NZ$25.78 vs NZ$25.66), mainly parking.",other;travel_time,25.7801,2,525,False
186,1,CAR_0730,CAR,450,rule,T1,"Chose to drive at 07:30 over drive at 07:15: lowest total cost (NZ$8.98 vs NZ$11.87), mainly arrival time.",arrival_time,8.9841,1,465,False
187,1,CAR_0800,CAR,480,rule,T1,"Chose to drive at 08:00 over drive at 07:45: lowest total cost (NZ$16.34 vs NZ$17.11), mainly arrival time.",arrival_time,16.3356,1,495,False
188,1,CAR_0800,CAR,480,rule,T1,"Chose to drive at 08:00 over drive at 08:15: lowest total cost (NZ$3.47 vs NZ$3.79), mainly arrival time.",arrival_time,3.4723,1,495,False
189,1,CAR_0715,CAR,435,rule,T1,"Chose to drive at 07:15 over take PT: lowest total cost (NZ$25.07 vs NZ$26.54), mainly the PT trip.",pt,25.0716,1,450,False
190,1,CAR_0900,CAR,540,rule,T1,"Chose to drive at 09:00 over drive at 08:45: lowest total cost (NZ$24.09 vs NZ$24.36), mainly arrival time.",arrival_time,24.0946,1,555,False
191,1,CAR_0900,CAR,540,rule,T1,"Chose to drive at 09:00 over drive at 09:15: lowest total cost (NZ$14.82 vs NZ$14.99), mainly arrival time.",arrival_time,14.8235,1,570,False
192,1,PT,PT,,rule,T1,"Chose to take PT over drive at 06:45: lowest total cost (NZ$23.77 vs NZ$31.25), mainly parking.",other;travel_time,23.7715,1,420,False
193,1,PT,PT,,rule,T1,"Chose to take PT over drive at 08:45: lowest total cost (NZ$28.58 vs NZ$32.24), mainly parking.",other;travel_time,28.5828,1,540,False
194,1,CAR_0830,CAR,510,rule,T1,"Chose to drive at 08:30 over drive at 09:15: lowest total cost (NZ$11.91 vs NZ$11.28), mainly overall cost.",other,11.913,4,570,False
195,1,CAR_0745,CAR,465,rule,T1,"Chose to drive at 07:45 over drive at 07:30: lowest total cost (NZ$9.39 vs NZ$9.92), mainly arrival time.",arrival_time,9.3853,1,480,False
196,1,CAR_0730,CAR,450,rule,T1,"Chose to drive at 07:30 over drive at 07:15: lowest total cost (NZ$18.08 vs NZ$19.13), mainly arrival time.",arrival_time,18.084,1,465,False
197,1,CAR_0645,CAR,405,rule,T1,"Chose to drive at 06:45 over drive at 07:00: lowest total cost (NZ$9.32 vs NZ$8.57), mainly overall cost.",other,9.3151,2,435,False
198,1,CAR_0730,CAR,450,rule,T1,"Chose to drive at 07:30 over drive at 07:15: lowest total cost (NZ$10.52 vs NZ$12.60), mainly arrival time.",arrival_time,10.5245,1,465,False
199,1,CAR_0815,CAR,495,rule,T1,"Chose to drive at 08:15 over drive at 08:00: lowest total cost (NZ$14.67 vs NZ$15.11), mainly arrival time.",arrival_time,14.6655,1,510,False
200,1,CAR_0815,CAR,495,rule,T1,"Chose to drive at 08:15 over drive at 08:00: lowest total cost (NZ$16.80 vs NZ$17.08), mainly arrival time.",arrival_time,16.8029,1,510,False
201,1,PT,PT,,rule,T1,"Chose to take PT over drive at 07:30: lowest total cost (NZ$34.48 vs NZ$44.89), mainly parking.",other;travel_time,34.4781,1,465,False
202,1,CAR_0715,CAR,435,rule,T1,"Chose to drive at 07:15 over drive at 07:30: lowest total cost (NZ$12.63 vs NZ$11.85), mainly overall cost.",other,12.6326,2,465,False
203,1,CAR_0845,CAR,525,rule,T1,"Chose to drive at 08:45 over drive at 09:00: lowest total cost (NZ$26.03 vs NZ$25.97), mainly overall cost.",other,26.0296,2,555,False
204,1,CAR_0800,CAR,480,rule,T1,"Chose to drive at 08:00 over drive at 07:45: lowest total cost (NZ$23.96 vs NZ$24.72), mainly arrival time.",arrival_time,23.9629,1,495,False
205,1,CAR_0915,CAR,555,rule,T1,"Chose to drive at 09:15 over drive at 09:00: lowest total cost (NZ$10.33 vs NZ$12.96), mainly arrival time.",arrival_time,10.329,1,570,False
206,1,CAR_0815,CAR,495,rule,T1,"Chose to drive at 08:15 over drive at 08:30: lowest total cost (NZ$13.58 vs NZ$13.12), mainly overall cost.",other,13.5822,2,525,False
207,1,CAR_0800,CAR,480,rule,T1,"Chose to drive at 08:00 over drive at 07:45: lowest total cost (NZ$24.64 vs NZ$25.81), mainly arrival time.",arrival_time,24.6421,1,495,False
208,1,CAR_0800,CAR,480,rule,T1,"Chose to drive at 08:00 over drive at 08:15: lowest total cost (NZ$20.25 vs NZ$21.08), mainly arrival time.",arrival_time,20.2463,1,495,False
209,1,CAR_0700,CAR,420,rule,T1,"Chose to drive at 07:00 over drive at 06:45: lowest total cost (NZ$3.89 vs NZ$6.06), mainly arrival time.",arrival_time,3.8852,1,435,False
210,1,CAR_0900,CAR,540,rule,T1,"Chose to drive at 09:00 over drive at 08:45: lowest total cost (NZ$27.15 vs NZ$27.78), mainly arrival time.",arrival_time,27.1522,1,555,False
211,1,CAR_0930,CAR,570,rule,T1,"Chose to drive at 09:30 over drive at 09:15: lowest total cost (NZ$22.64 vs NZ$24.28), mainly arrival time.",arrival_time,22.6378,1,585,False
212,1,CAR_0845,CAR,525,rule,T1,"Chose to drive at 08:45 over drive at 08:30: lowest total cost (NZ$24.87 vs NZ$25.86), mainly arrival time.",arrival_time,24.874,1,540,False
213,1,CAR_0800,CAR,480,rule,T1,"Chose to drive at 08:00 over drive at 08:15: lowest total cost (NZ$21.48 vs NZ$21.94), mainly arrival time.",arrival_time,21.4839,1,510,False
214,1,PT,PT,,rule,T1,"Chose to take PT over drive at 08:45: lowest total cost (NZ$24.97 vs NZ$34.66), mainly fuel.",other;travel_time,24.9724,1,555,False
215,1,CAR_0745,CAR,465,rule,T1,"Chose to drive at 07:45 over drive at 08:30: lowest total cost (NZ$16.45 vs NZ$15.09), mainly overall cost.",other,16.4484,4,525,False
216,1,CAR_0745,CAR,465,rule,T1,"Chose to drive at 07:45 over drive at 08:00: lowest total cost (NZ$4.28 vs NZ$2.93), mainly overall cost.",other,4.2818,3,495,False
217,1,CAR_0745,CAR,465,rule,T1,"Chose to drive at 07:45 over drive at 06:45 for the early start: lowest total cost (NZ$28.59 vs NZ$31.59), mainly arrival time.",arrival_time,28.5906,1,480,False
218,1,CAR_0800,CAR,480,rule,T1,"Chose to drive at 08:00 over skip the trip: lowest total cost (NZ$40.06 vs NZ$41.50), mainly missing the day.",work_constraint,40.0632,1,510,False
219,1,CAR_0830,CAR,510,rule,T1,"Chose to drive at 08:30 over drive at 08:15: lowest total cost (NZ$19.98 vs NZ$20.01), mainly arrival time.",arrival_time,19.9763,1,510,False
220,1,CAR_0845,CAR,525,rule,T1,"Chose to drive at 08:45 over drive at 08:30: lowest total cost (NZ$9.74 vs NZ$11.90), mainly arrival time.",arrival_time,9.7422,1,540,False
221,1,CAR_0730,CAR,450,rule,T1,"Chose to drive at 07:30 over drive at 07:15: lowest total cost (NZ$12.00 vs NZ$13.46), mainly arrival time.",arrival_time,12.0009,1,465,False
222,1,CAR_0715,CAR,435,rule,T1,"Chose to drive at 07:15 over drive at 07:00: lowest total cost (NZ$9.20 vs NZ$11.63), mainly arrival time.",arrival_time,9.201,1,450,False
223,1,CAR_0745,CAR,465,rule,T1,"Chose to drive at 07:45 over drive at 07:30: lowest total cost (NZ$26.31 vs NZ$26.75), mainly arrival time.",arrival_time,26.3092,1,480,False
224,1,CAR_0830,CAR,510,rule,T1,"Chose to drive at 08:30 over drive at 08:15: lowest total cost (NZ$15.42 vs NZ$15.77), mainly arrival time.",arrival_time,15.4165,1,525,False
225,1,CAR_0700,CAR,420,rule,T1,"Chose to drive at 07:00 over drive at 06:45: lowest total cost (NZ$27.37 vs NZ$34.26), mainly arrival time.",arrival_time,27.3652,1,435,False
226,1,CAR_0845,CAR,525,rule,T1,"Chose to drive at 08:45 over drive at 09:15: lowest total cost (NZ$24.65 vs NZ$24.13), mainly overall cost.",other,24.6469,3,570,False
227,1,CAR_0830,CAR,510,rule,T1,"Chose to drive at 08:30 over drive at 08:45: lowest total cost (NZ$22.17 vs NZ$21.48), mainly overall cost.",other,22.1667,2,540,False
228,1,CAR_0630,CAR,390,rule,T1,"Chose to drive at 06:30 over drive at 06:45: lowest total cost (NZ$4.93 vs NZ$3.65), mainly overall cost.",other,4.9272,3,420,False
229,1,PT,PT,,rule,T1,"Chose to take PT over drive at 08:30: lowest total cost (NZ$24.52 vs NZ$31.62), mainly parking.",other;travel_time,24.5162,1,525,False
230,1,CAR_0715,CAR,435,rule,T1,"Chose to drive at 07:15 over drive at 07:00: lowest total cost (NZ$13.34 vs NZ$13.80), mainly arrival time.",arrival_time,13.343,1,450,False
231,1,CAR_0700,CAR,420,rule,T1,"Chose to drive at 07:00 over drive at 06:45: lowest total cost (NZ$10.24 vs NZ$11.12), mainly arrival time.",arrival_time,10.2376,1,435,False
232,1,CAR_0830,CAR,510,rule,T1,"Chose to drive at 08:30 over drive at 08:45: lowest total cost (NZ$11.43 vs NZ$11.05), mainly overall cost.",other,11.4344,2,540,False
233,1,CAR_0800,CAR,480,rule,T1,"Chose to drive at 08:00 over drive at 07:45: lowest total cost (NZ$28.22 vs NZ$30.51), mainly arrival time.",arrival_time,28.2184,1,495,False
234,1,CAR_0745,CAR,465,rule,T1,"Chose to drive at 07:45 over drive at 07:30: lowest total cost (NZ$11.01 vs NZ$12.85), mainly arrival time.",arrival_time,11.0081,1,480,False
235,1,CAR_0745,CAR,465,rule,T1,"Chose to drive at 07:45 over drive at 07:30: lowest total cost (NZ$31.97 vs NZ$33.82), mainly arrival time.",arrival_time,31.9725,1,480,False
236,1,CAR_0915,CAR,555,rule,T1,"Chose to drive at 09:15 over drive at 09:00: lowest total cost (NZ$20.18 vs NZ$21.28), mainly arrival time.",arrival_time,20.1823,1,570,False
237,1,CAR_0830,CAR,510,rule,T1,"Chose to drive at 08:30 over drive at 08:45: lowest total cost (NZ$21.56 vs NZ$22.28), mainly arrival time.",arrival_time,21.564,1,525,False
238,1,CAR_0800,CAR,480,rule,T1,"Chose to drive at 08:00 over drive at 07:45: lowest total cost (NZ$13.91 vs NZ$15.46), mainly arrival time.",arrival_time,13.9058,1,495,False
239,1,CAR_0830,CAR,510,rule,T1,"Chose to drive at 08:30 over drive at 08:15: lowest total cost (NZ$31.01 vs NZ$32.11), mainly arrival time.",arrival_time,31.0084,1,525,False
240,1,CAR_0645,CAR,405,rule,T1,"Chose to drive at 06:45 over drive at 06:30: lowest total cost (NZ$7.73 vs NZ$9.29), mainly arrival time.",arrival_time,7.7256,1,420,False
241,1,CAR_0645,CAR,405,rule,T1,"Chose to drive at 06:45 over drive at 07:15: lowest total cost (NZ$15.08 vs NZ$13.95), mainly overall cost.",other,15.0849,3,450,False
242,1,CAR_0900,CAR,540,rule,T1,"Chose to drive at 09:00 over drive at 09:15: lowest total cost (NZ$21.80 vs NZ$23.02), mainly arrival time.",arrival_time,21.8004,1,555,False
243,1,CAR_0900,CAR,540,rule,T1,"Chose to drive at 09:00 over drive at 08:45: lowest total cost (NZ$15.24 vs NZ$15.17), mainly overall cost.",other,15.2409,2,540,False
244,1,CAR_0715,CAR,435,rule,T1,"Chose to drive at 07:15 over drive at 07:30: lowest total cost (NZ$19.78 vs NZ$20.55), mainly arrival time.",arrival_time,19.7819,1,450,False
245,1,CAR_0815,CAR,495,rule,T1,"Chose to drive at 08:15 over drive at 08:30: lowest total cost (NZ$2.17 vs NZ$2.14), mainly overall cost.",other,2.1685,2,510,False
246,1,CAR_0945,CAR,585,rule,T1,"Chose to drive at 09:45 over drive at 09:30: lowest total cost (NZ$26.14 vs NZ$26.76), mainly arrival time.",arrival_time,26.1354,1,600,False
247,1,CAR_0815,CAR,495,rule,T1,"Chose to drive at 08:15 over drive at 06:45 for the early start: lowest total cost (NZ$14.47 vs NZ$17.47), mainly arrival time.",arrival_time,14.4707,1,510,False
248,1,CAR_0915,CAR,555,rule,T1,"Chose to drive at 09:15 over drive at 09:00: lowest total cost (NZ$25.27 vs NZ$25.49), mainly arrival time.",arrival_time,25.2742,1,570,False
249,1,CAR_0830,CAR,510,rule,T1,"Chose to drive at 08:30 over drive at 08:15: lowest total cost (NZ$8.96 vs NZ$9.67), mainly arrival time.",arrival_time,8.9617,1,525,False
250,1,CAR_0830,CAR,510,rule,T1,"Chose to drive at 08:30 over drive at 08:45: lowest total cost (NZ$29.68 vs NZ$29.09), mainly overall cost.",other,29.6761,2,540,False
251,1,CAR_0815,CAR,495,rule,T1,"Chose to drive at 08:15 over drive at 08:00: lowest total cost (NZ$19.91 vs NZ$19.58), mainly overall cost.",other,19.9107,2,510,False
252,1,CAR_0715,CAR,435,rule,T1,"Chose to drive at 07:15 over drive at 07:00: lowest total cost (NZ$37.44 vs NZ$37.84), mainly arrival time.",arrival_time,37.4441,1,450,False
253,1,CAR_0845,CAR,525,rule,T1,"Chose to drive at 08:45 over drive at 08:30: lowest total cost (NZ$8.86 vs NZ$10.52), mainly arrival time.",arrival_time,8.8586,1,540,False
254,1,PT,PT,,rule,T1,"Chose to take PT over drive at 07:45: lowest total cost (NZ$23.06 vs NZ$28.59), mainly fuel.",other;travel_time,23.0579,1,495,False
255,1,CAR_0730,CAR,450,rule,T1,"Chose to drive at 07:30 over drive at 07:15: lowest total cost (NZ$27.08 vs NZ$27.73), mainly arrival time.",arrival_time,27.0754,1,465,False
256,1,CAR_0830,CAR,510,rule,T1,"Chose to drive at 08:30 over drive at 08:15: lowest total cost (NZ$37.62 vs NZ$38.30), mainly arrival time.",arrival_time,37.6174,1,525,False
257,1,CAR_0730,CAR,450,rule,T1,"Chose to drive at 07:30 over drive at 07:15: lowest total cost (NZ$7.67 vs NZ$8.90), mainly arrival time.",arrival_time,7.6706,1,465,False
258,1,CAR_0700,CAR,420,rule,T1,"Chose to drive at 07:00 over drive at 06:45: lowest total cost (NZ$10.38 vs NZ$12.16), mainly arrival time.",arrival_time,10.3815,1,435,False
259,1,CAR_0815,CAR,495,rule,T1,"Chose to drive at 08:15 over drive at 08:00: lowest total cost (NZ$33.66 vs NZ$34.53), mainly arrival time.",arrival_time,33.6572,1,510,False
260,1,PT,PT,,rule,T1,"Chose to take PT over drive at 08:15: lowest total cost (NZ$21.93 vs NZ$30.39), mainly parking.",other;travel_time,21.93,1,510,False
261,1,CAR_0830,CAR,510,rule,T1,"Chose to drive at 08:30 over drive at 08:15: lowest total cost (NZ$24.96 vs NZ$25.53), mainly arrival time.",arrival_time,24.9634,1,525,False
262,1,CAR_0815,CAR,495,rule,T1,"Chose to drive at 08:15 over drive at 08:00: lowest total cost (NZ$25.50 vs NZ$26.21), mainly arrival time.",arrival_time,25.5013,1,510,False
263,1,PT,PT,,rule,T1,"Chose to take PT over drive at 07:30: lowest total cost (NZ$32.03 vs NZ$33.25), mainly parking.",other;travel_time,32.0327,1,465,False
264,1,CAR_0915,CAR,555,rule,T1,"Chose to drive at 09:15 over drive at 09:00: lowest total cost (NZ$2.52 vs NZ$2.54), mainly arrival time.",arrival_time,2.5235,1,555,False
265,1,CAR_0915,CAR,555,rule,T1,"Chose to drive at 09:15 over drive at 09:00: lowest total cost (NZ$24.51 vs NZ$25.11), mainly arrival time.",arrival_time,24.5118,1,570,False
266,1,CAR_0815,CAR,495,rule,T1,"Chose to drive at 08:15 over drive at 08:00: lowest total cost (NZ$24.98 vs NZ$27.36), mainly arrival time.",arrival_time,24.9818,1,510,False
267,1,CAR_0830,CAR,510,rule,T1,"Chose to drive at 08:30 over drive at 08:15: lowest total cost (NZ$25.35 vs NZ$28.48), mainly arrival time.",arrival_time,25.3542,1,525,False
268,1,CAR_0800,CAR,480,rule,T1,"Chose to drive at 08:00 over drive at 06:45 for the early start: lowest total cost (NZ$30.93 vs NZ$36.93), mainly arrival time.",arrival_time,30.9338,1,495,False
269,1,CAR_0845,CAR,525,rule,T1,"Chose to drive at 08:45 over drive at 09:00: lowest total cost (NZ$39.05 vs NZ$38.50), mainly overall cost.",other,39.0542,2,555,False
270,1,CAR_0800,CAR,480,rule,T1,"Chose to drive at 08:00 over drive at 07:45: lowest total cost (NZ$29.93 vs NZ$30.58), mainly arrival time.",arrival_time,29.9268,1,495,False
271,1,CAR_0715,CAR,435,rule,T1,"Chose to drive at 07:15 over drive at 07:00: lowest total cost (NZ$14.46 vs NZ$14.98), mainly arrival time.",arrival_time,14.4603,1,450,False
272,1,CAR_0715,CAR,435,rule,T1,"Chose to drive at 07:15 over drive at 07:00: lowest total cost (NZ$5.82 vs NZ$6.62), mainly arrival time.",arrival_time,5.8215,1,450,False
273,1,CAR_0815,CAR,495,rule,T1,"Chose to drive at 08:15 over drive at 08:00: lowest total cost (NZ$28.00 vs NZ$28.98), mainly arrival time.",arrival_time,27.9985,1,510,False
274,1,CAR_0815,CAR,495,rule,T1,"Chose to drive at 08:15 over drive at 08:00: lowest total cost (NZ$31.96 vs NZ$32.13), mainly arrival time.",arrival_time,31.9574,1,525,False
275,1,CAR_0800,CAR,480,rule,T1,"Chose to drive at 08:00 over drive at 07:45: lowest total cost (NZ$8.76 vs NZ$9.31), mainly arrival time.",arrival_time,8.7637,1,495,False
276,1,CAR_0815,CAR,495,rule,T1,"Chose to drive at 08:15 over drive at 08:00: lowest total cost (NZ$13.79 vs NZ$14.74), mainly arrival time.",arrival_time,13.7851,1,510,False
277,1,CAR_0745,CAR,465,rule,T1,"Chose to drive at 07:45 over drive at 07:30: lowest total cost (NZ$6.16 vs NZ$6.67), mainly arrival time.",arrival_time,6.159,1,480,False
278,1,CAR_0830,CAR,510,rule,T1,"Chose to drive at 08:30 over take PT: lowest total cost (NZ$24.28 vs NZ$24.50), mainly the PT trip.",pt;arrival_time,24.2757,1,525,False
279,1,CAR_0915,CAR,555,rule,T1,"Chose to drive at 09:15 over drive at 09:00: lowest total cost (NZ$23.44 vs NZ$24.63), mainly arrival time.",arrival_time,23.4449,1,570,False
280,1,CAR_0830,CAR,510,rule,T1,"Chose to drive at 08:30 over drive at 08:15: lowest total cost (NZ$25.03 vs NZ$25.73), mainly arrival time.",arrival_time,25.0315,1,525,False
281,1,PT,PT,,rule,T1,"Chose to take PT over drive at 08:00: lowest total cost (NZ$22.29 vs NZ$25.03), mainly parking.",other;travel_time,22.2882,1,495,False
282,1,PT,PT,,rule,T1,"Chose to take PT over drive at 08:30: lowest total cost (NZ$26.36 vs NZ$29.70), mainly parking.",other;travel_time,26.3611,1,525,False
283,1,CAR_0900,CAR,540,rule,T1,"Chose to drive at 09:00 over drive at 08:45: lowest total cost (NZ$13.61 vs NZ$15.81), mainly arrival time.",arrival_time,13.6067,1,555,False
284,1,PT,PT,,rule,T1,"Chose to take PT over drive at 09:30: lowest total cost (NZ$24.24 vs NZ$27.71), mainly parking.",other;travel_time,24.2399,1,585,False
285,1,PT,PT,,rule,T1,"Chose to take PT over drive at 08:00: lowest total cost (NZ$25.46 vs NZ$32.93), mainly parking.",other;travel_time,25.46,1,495,False
286,1,CAR_0715,CAR,435,rule,T1,"Chose to drive at 07:15 over drive at 07:00: lowest total cost (NZ$27.32 vs NZ$29.58), mainly arrival time.",arrival_time,27.3204,1,450,False
287,1,PT,PT,,rule,T1,"Chose to take PT over drive at 09:45: lowest total cost (NZ$18.59 vs NZ$23.38), mainly parking.",other;travel_time,18.5869,1,600,False
288,1,CAR_0845,CAR,525,rule,T1,"Chose to drive at 08:45 over drive at 09:00: lowest total cost (NZ$14.77 vs NZ$14.61), mainly overall cost.",other,14.7655,3,555,False
289,1,PT,PT,,rule,T1,"Chose to take PT over drive at 08:00: lowest total cost (NZ$21.70 vs NZ$22.40), mainly parking.",other;travel_time,21.6997,1,495,False
290,1,CAR_0745,CAR,465,rule,T1,"Chose to drive at 07:45 over drive at 08:00: lowest total cost (NZ$8.31 vs NZ$12.62), mainly arrival time.",arrival_time,8.3101,1,480,False
291,1,CAR_0815,CAR,495,rule,T1,"Chose to drive at 08:15 over drive at 08:00: lowest total cost (NZ$10.60 vs NZ$14.06), mainly arrival time.",arrival_time,10.5957,1,510,False
292,1,CAR_0800,CAR,480,rule,T1,"Chose to drive at 08:00 over drive at 08:15: lowest total cost (NZ$1.32 vs NZ$0.95), mainly overall cost.",other,1.3233,2,510,False
293,1,PT,PT,,rule,T1,"Chose to take PT over drive at 08:30: lowest total cost (NZ$31.97 vs NZ$33.27), mainly parking.",other;travel_time,31.9657,1,525,False
294,1,CAR_0715,CAR,435,rule,T1,"Chose to drive at 07:15 over drive at 07:30: lowest total cost (NZ$10.18 vs NZ$9.87), mainly overall cost.",other,10.1818,2,465,False
295,1,PT,PT,,rule,T1,"Chose to take PT over drive at 07:45: lowest total cost (NZ$19.38 vs NZ$24.89), mainly parking.",other;travel_time,19.378,1,480,False
296,1,CAR_0800,CAR,480,rule,T1,"Chose to drive at 08:00 over drive at 07:45: lowest total cost (NZ$26.66 vs NZ$28.63), mainly arrival time.",arrival_time,26.6584,1,495,False
297,1,CAR_0700,CAR,420,rule,T1,"Chose to drive at 07:00 over drive at 07:30: lowest total cost (NZ$13.05 vs NZ$12.37), mainly overall cost.",other,13.0453,3,465,False
298,1,PT,PT,,rule,T1,"Chose to take PT over skip the trip: lowest total cost (NZ$30.59 vs NZ$34.85), mainly missing the day.",work_constraint,30.5886,1,540,False
299,1,CAR_0800,CAR,480,rule,T1,"Chose to drive at 08:00 over drive at 07:45: lowest total cost (NZ$12.78 vs NZ$13.10), mainly arrival time.",arrival_time,12.7837,1,495,False
0,2,CAR_0800,CAR,480,standing,,,,35.7491,8,495,False
1,2,CAR_0715,CAR,435,standing,,,,15.5577,1,450,False
2,2,CAR_0715,CAR,435,standing,,,,5.8853,1,450,False
3,2,CAR_0815,CAR,495,standing,,,,29.8548,2,510,False
4,2,PT,PT,,standing,,,,29.5959,1,525,False
5,2,CAR_0800,CAR,480,standing,,,,11.5427,1,495,False
6,2,CAR_0800,CAR,480,standing,,,,19.2901,8,510,False
7,2,CAR_0745,CAR,465,standing,,,,6.2929,1,480,False
8,2,PT,PT,,standing,,,,19.8437,1,525,False
9,2,CAR_0915,CAR,555,standing,,,,25.838,1,570,False
10,2,CAR_0815,CAR,495,rule,T3,"Chose to drive at 08:15 over drive at 08:30: lowest total cost (NZ$26.78 vs NZ$32.52), mainly travel time.",travel_time;arrival_time,26.7802,1,525,False
11,2,CAR_0800,CAR,480,standing,,,,25.66,1,495,False
12,2,CAR_0830,CAR,510,standing,,,,40.934,11,525,False
13,2,CAR_0900,CAR,540,standing,,,,16.4002,1,555,False
14,2,CAR_0930,CAR,570,standing,,,,27.5554,1,585,False
15,2,CAR_0800,CAR,480,standing,,,,41.5889,5,495,False
16,2,PT,PT,,standing,,,,23.8509,1,450,False
17,2,CAR_0930,CAR,570,standing,,,,23.7956,1,600,False
18,2,CAR_0845,CAR,525,standing,,,,16.587,1,555,False
19,2,CAR_0800,CAR,480,standing,,,,22.7667,1,495,False
20,2,CAR_0745,CAR,465,standing,,,,11.1842,1,480,False
21,2,CAR_0815,CAR,495,standing,,,,37.2618,5,510,False
22,2,CAR_0800,CAR,480,standing,,,,1.6156,2,510,False
23,2,PT,PT,,standing,,,,23.612,1,525,False
24,2,CAR_0715,CAR,435,standing,,,,10.5783,1,465,False
25,2,PT,PT,,standing,,,,23.4377,1,480,False
26,2,PT,PT,,standing,,,,20.602,1,495,False
27,2,CAR_0730,CAR,450,standing,,,,12.4999,1,465,False
28,2,PT,PT,,standing,,,,23.2635,1,540,False
29,2,CAR_0800,CAR,480,standing,,,,15.2214,1,495,False
30,2,CAR_0815,CAR,495,standing,,,,31.7205,4,525,False
31,2,CAR_0830,CAR,510,standing,,,,33.9122,2,525,False
32,2,CAR_0815,CAR,495,standing,,,,16.2368,1,510,False
33,2,CAR_0800,CAR,480,rule,T3,"Chose to drive at 08:00 over drive at 07:45: lowest total cost (NZ$14.32 vs NZ$14.91), mainly changing routine.",habit,14.3213,1,495,False
34,2,CAR_0745,CAR,465,standing,,,,15.825,1,495,False
35,2,CAR_0800,CAR,480,rule,T3,"Chose to drive at 08:00 over drive at 08:15: lowest total cost (NZ$33.01 vs NZ$47.33), mainly arrival time.",arrival_time;travel_time,33.0053,1,510,False
36,2,CAR_0745,CAR,465,standing,,,,1.1685,1,480,False
37,2,CAR_0815,CAR,495,standing,,,,20.7734,1,510,False
38,2,CAR_0700,CAR,420,standing,,,,17.3798,1,450,False
39,2,PT,PT,,standing,,,,22.5886,1,480,False
40,2,CAR_0700,CAR,420,standing,,,,16.9512,1,435,False
41,2,CAR_0800,CAR,480,standing,,,,8.8415,1,510,False
42,2,CAR_0800,CAR,480,standing,,,,14.8275,1,525,False
43,2,CAR_0830,CAR,510,standing,,,,29.0002,1,540,False
44,2,CAR_0730,CAR,450,standing,,,,9.6198,1,465,False
45,2,CAR_0700,CAR,420,standing,,,,10.3811,1,435,False
46,2,CAR_0830,CAR,510,standing,,,,13.3388,1,540,False
47,2,CAR_0715,CAR,435,standing,,,,7.0326,1,450,False
48,2,PT,PT,,standing,,,,19.7335,1,510,False
49,2,CAR_0745,CAR,465,rule,T3,"Chose to drive at 07:45 over drive at 08:30: lowest total cost (NZ$9.37 vs NZ$15.82), mainly travel time.",travel_time;arrival_time,9.3716,2,510,False
50,2,CAR_0815,CAR,495,standing,,,,25.5638,1,510,False
51,2,CAR_0815,CAR,495,standing,,,,17.8235,1,525,False
52,2,CAR_0830,CAR,510,standing,,,,28.4429,3,525,False
53,2,CAR_0800,CAR,480,standing,,,,14.2622,4,495,False
54,2,CAR_0715,CAR,435,standing,,,,3.998,1,450,False
55,2,CAR_0700,CAR,420,standing,,,,1.1681,1,435,False
56,2,CAR_0830,CAR,510,standing,,,,3.7281,1,525,False
57,2,CAR_0715,CAR,435,standing,,,,20.119,1,450,False
58,2,CAR_0815,CAR,495,standing,,,,13.3571,4,510,False
59,2,CAR_0745,CAR,465,rule,T3,"Chose to drive at 07:45 over drive at 08:15: lowest total cost (NZ$17.08 vs NZ$19.75), mainly travel time.",travel_time;arrival_time,17.0783,1,510,False
60,2,PT,PT,,standing,,,,20.9782,1,465,False
61,2,CAR_0800,CAR,480,standing,,,,33.2208,3,510,False
62,2,CAR_0745,CAR,465,standing,,,,23.0775,1,480,False
63,2,CAR_0745,CAR,465,rule,T3,"Chose to drive at 07:45 over drive at 08:30: lowest total cost (NZ$21.79 vs NZ$28.75), mainly travel time.",travel_time;arrival_time,21.7923,4,525,False
64,2,CAR_0730,CAR,450,standing,,,,33.799,1,465,False
65,2,CAR_0815,CAR,495,standing,,,,34.2074,6,510,False
66,2,CAR_0800,CAR,480,standing,,,,26.5048,1,495,False
67,2,CAR_0815,CAR,495,standing,,,,19.3555,1,510,False
68,2,CAR_0730,CAR,450,standing,,,,16.8893,1,465,False
69,2,CAR_0830,CAR,510,standing,,,,23.8916,3,570,False
70,2,CAR_0845,CAR,525,standing,,,,19.0919,8,540,False
71,2,CAR_0800,CAR,480,standing,,,,37.0452,4,495,False
72,2,CAR_0700,CAR,420,standing,,,,9.1881,1,435,False
73,2,PT,PT,,standing,,,,31.0466,1,525,False
74,2,CAR_0830,CAR,510,standing,,,,23.8709,1,540,False
75,2,PT,PT,,standing,,,,24.4691,1,555,False
76,2,CAR_0730,CAR,450,standing,,,,13.1503,1,480,False
77,2,CAR_0700,CAR,420,standing,,,,19.9017,1,435,False
78,2,CAR_0945,CAR,585,standing,,,,19.416,1,585,False
79,2,CAR_0815,CAR,495,rule,T3,"Chose to drive at 08:15 over drive at 08:30: lowest total cost (NZ$38.04 vs NZ$45.91), mainly arrival time.",arrival_time;travel_time,38.0372,1,525,False
80,2,CAR_0800,CAR,480,standing,,,,16.0912,1,495,False
81,2,CAR_0700,CAR,420,standing,,,,25.4861,1,435,False
82,2,PT,PT,,standing,,,,17.6253,1,510,False
83,2,CAR_0900,CAR,540,standing,,,,17.9205,1,555,False
84,2,CAR_0730,CAR,450,standing,,,,12.1524,1,465,False
85,2,PT,PT,,standing,,,,23.8139,1,525,False
86,2,CAR_0700,CAR,420,standing,,,,14.5969,1,435,False
87,2,CAR_0645,CAR,405,standing,,,,10.8702,3,450,False
88,2,CAR_0800,CAR,480,standing,,,,11.0823,3,510,False
89,2,CAR_0700,CAR,420,standing,,,,2.7264,1,465,False
90,2,PT,PT,,standing,,,,19.7719,1,525,False
91,2,CAR_0745,CAR,465,standing,,,,29.0881,1,495,False
92,2,CAR_0730,CAR,450,standing,,,,8.1449,1,495,False
93,2,CAR_0700,CAR,420,standing,,,,5.2424,1,435,False
94,2,CAR_0915,CAR,555,standing,,,,14.8947,1,570,False
95,2,CAR_0830,CAR,510,standing,,,,23.3588,4,540,False
96,2,CAR_0730,CAR,450,standing,,,,22.6985,1,465,False
97,2,CAR_0845,CAR,525,standing,,,,43.4816,3,555,False
98,2,CAR_0800,CAR,480,rule,T3,"Chose to drive at 08:00 over drive at 08:45: lowest total cost (NZ$19.53 vs NZ$20.88), mainly arrival time.",arrival_time;travel_time,19.5284,1,525,False
99,2,CAR_0745,CAR,465,standing,,,,13.2799,1,480,False
100,2,CAR_0800,CAR,480,standing,,,,11.5511,1,495,False
101,2,CAR_0830,CAR,510,standing,,,,22.0716,7,525,False
102,2,CAR_0815,CAR,495,standing,,,,22.7244,1,510,False
103,2,CAR_0800,CAR,480,standing,,,,11.3246,1,495,False
104,2,CAR_0730,CAR,450,standing,,,,11.0996,1,480,False
105,2,CAR_0700,CAR,420,standing,,,,1.5357,1,435,False
106,2,CAR_0800,CAR,480,standing,,,,13.6361,1,510,False
107,2,CAR_0645,CAR,405,rule,T3,"Chose to drive at 06:45 for the early start over drive at 08:45: lowest total cost (NZ$15.23 vs NZ$42.73), mainly arrival time.",arrival_time;travel_time,15.2323,2,420,True
108,2,CAR_0815,CAR,495,rule,T3,"Chose to drive at 08:15 over drive at 08:30: lowest total cost (NZ$17.39 vs NZ$28.11), mainly arrival time.",arrival_time;travel_time,17.395,1,525,False
109,2,CAR_0645,CAR,405,rule,T3,"Chose to drive at 06:45 for the early start over drive at 08:45: lowest total cost (NZ$12.02 vs NZ$22.42), mainly travel time.",travel_time;arrival_time,12.0241,1,420,True
110,2,CAR_0845,CAR,525,standing,,,,12.4115,4,540,False
111,2,CAR_0900,CAR,540,standing,,,,6.5971,6,570,False
112,2,CAR_0715,CAR,435,standing,,,,14.8554,2,450,False
113,2,PT,PT,,standing,,,,27.1744,1,555,False
114,2,PT,PT,,standing,,,,20.2778,1,570,False
115,2,CAR_0815,CAR,495,standing,,,,24.9627,6,510,False
116,2,PT,PT,,standing,,,,19.8053,1,480,False
117,2,CAR_0745,CAR,465,standing,,,,4.0855,1,480,False
118,2,CAR_0915,CAR,555,standing,,,,4.3124,1,570,False
119,2,PT,PT,,standing,,,,19.5064,1,495,False
120,2,CAR_0700,CAR,420,standing,,,,10.9714,1,435,False
121,2,CAR_0830,CAR,510,rule,T3,"Chose to drive at 08:30 over drive at 08:45: lowest total cost (NZ$20.08 vs NZ$20.74), mainly arrival time.",arrival_time;travel_time,20.0753,1,540,False
122,2,CAR_0845,CAR,525,standing,,,,24.3407,1,570,False
123,2,PT,PT,,standing,,,,22.2612,1,435,False
124,2,CAR_0645,CAR,405,standing,,,,7.6166,1,420,False
125,2,CAR_0630,CAR,390,standing,,,,2.2028,1,495,False
126,2,CAR_0830,CAR,510,standing,,,,30.4425,5,525,False
127,2,PT,PT,,standing,,,,22.0984,1,510,False
128,2,CAR_0730,CAR,450,standing,,,,20.6608,1,465,False
129,2,CAR_0700,CAR,420,standing,,,,21.4766,1,450,False
130,2,CAR_0815,CAR,495,standing,,,,21.2698,1,540,False
131,2,CAR_0730,CAR,450,standing,,,,8.0379,1,465,False
132,2,CAR_0800,CAR,480,standing,,,,41.0127,9,495,False
133,2,CAR_0800,CAR,480,standing,,,,15.1903,1,510,False
134,2,CAR_0800,CAR,480,standing,,,,16.6518,1,510,False
135,2,CAR_0800,CAR,480,rule,T3,"Chose to drive at 08:00 over drive at 08:30: lowest total cost (NZ$19.65 vs NZ$24.75), mainly travel time.",travel_time;arrival_time,19.6533,1,525,False
136,2,CAR_0900,CAR,540,standing,,,,10.1539,3,555,False
137,2,CAR_0745,CAR,465,standing,,,,3.6238,1,480,False
138,2,CAR_0745,CAR,465,rule,T3,"Chose to drive at 07:45 over drive at 08:30: lowest total cost (NZ$21.77 vs NZ$22.55), mainly travel time.",travel_time;arrival_time,21.7672,2,510,False
139,2,CAR_0645,CAR,405,rule,T3,"Chose to drive at 06:45 for the early start over drive at 08:45: lowest total cost (NZ$8.44 vs NZ$15.06), mainly travel time.",travel_time;arrival_time,8.4414,1,420,True
140,2,CAR_0700,CAR,420,standing,,,,2.3387,1,435,False
141,2,CAR_0700,CAR,420,standing,,,,19.8322,1,420,False
142,2,CAR_0800,CAR,480,standing,,,,3.1143,1,495,False
143,2,CAR_0745,CAR,465,standing,,,,2.6565,1,480,False
144,2,CAR_0800,CAR,480,standing,,,,8.6063,1,495,False
145,2,CAR_0700,CAR,420,standing,,,,2.0744,1,435,False
146,2,PT,PT,,standing,,,,22.6123,1,495,False
147,2,CAR_0645,CAR,405,rule,T3,"Chose to drive at 06:45 for the early start over drive at 08:30: lowest total cost (NZ$37.88 vs NZ$60.83), mainly arrival time.",arrival_time;travel_time,37.8824,2,420,True
148,2,CAR_0845,CAR,525,standing,,,,30.099,1,555,False
149,2,CAR_0815,CAR,495,rule,T3,"Chose to drive at 08:15 over drive at 08:45: lowest total cost (NZ$21.28 vs NZ$25.10), mainly arrival time.",arrival_time;travel_time,21.2755,1,540,False
150,2,CAR_0900,CAR,540,standing,,,,17.9093,1,555,False
151,2,CAR_0745,CAR,465,standing,,,,6.8828,1,480,False
152,2,CAR_0730,CAR,450,rule,T3,"Chose to drive at 07:30 over drive at 08:00: lowest total cost (NZ$21.45 vs NZ$22.91), mainly arrival time.",arrival_time;travel_time,21.4501,2,495,False
153,2,CAR_0830,CAR,510,standing,,,,28.6473,5,540,False
154,2,CAR_0900,CAR,540,standing,,,,13.3986,8,555,False
155,2,CAR_0900,CAR,540,standing,,,,13.8798,1,570,False
156,2,PT,PT,,standing,,,,27.5756,1,480,False
157,2,CAR_0715,CAR,435,standing,,,,10.3469,1,450,False
158,2,CAR_0815,CAR,495,rule,T3,"Chose to drive at 08:15 over drive at 08:30: lowest total cost (NZ$33.01 vs NZ$38.23), mainly arrival time.",arrival_time;travel_time,33.0149,1,525,False
159,2,CAR_0800,CAR,480,standing,,,,19.9875,5,495,False
160,2,CAR_0900,CAR,540,standing,,,,20.7591,1,585,False
161,2,SKIP,SKIP,,rule,T6,"Chose to skip the trip over drive at 08:00: lowest total cost (NZ$35.53 vs NZ$37.41), mainly fuel.",other;travel_time,35.5316,1,,False
162,2,CAR_0815,CAR,495,standing,,,,16.3116,2,525,False
163,2,CAR_0815,CAR,495,rule,T3,"Chose to drive at 08:15 over drive at 08:30: lowest total cost (NZ$38.09 vs NZ$44.50), mainly arrival time.",arrival_time;travel_time,38.0934,2,525,False
164,2,CAR_0730,CAR,450,standing,,,,27.8439,1,465,False
165,2,CAR_0830,CAR,510,standing,,,,19.6909,6,540,False
166,2,CAR_0830,CAR,510,rule,T3,"Chose to drive at 08:30 over drive at 08:45: lowest total cost (NZ$35.74 vs NZ$84.97), mainly arrival time.",arrival_time;travel_time,35.7356,1,540,False
167,2,CAR_0745,CAR,465,standing,,,,12.0576,1,480,False
168,2,CAR_0900,CAR,540,standing,,,,9.9076,1,555,False
169,2,CAR_0745,CAR,465,standing,,,,12.541,2,480,False
170,2,CAR_0800,CAR,480,standing,,,,24.0542,1,495,False
171,2,CAR_0830,CAR,510,standing,,,,8.4338,1,525,False
172,2,CAR_0815,CAR,495,rule,T3,"Chose to drive at 08:15 over drive at 09:00: lowest total cost (NZ$25.52 vs NZ$28.21), mainly arrival time.",arrival_time;travel_time,25.516,1,540,False
173,2,CAR_0830,CAR,510,rule,T3,"Chose to drive at 08:30 over drive at 08:45: lowest total cost (NZ$8.01 vs NZ$11.84), mainly arrival time.",arrival_time;travel_time,8.0088,1,540,False
174,2,CAR_0700,CAR,420,standing,,,,17.6237,1,435,False
175,2,CAR_0700,CAR,420,standing,,,,28.4507,1,435,False
176,2,CAR_0730,CAR,450,standing,,,,22.5441,4,525,False
177,2,PT,PT,,standing,,,,23.8378,1,510,False
178,2,PT,PT,,standing,,,,17.8326,1,510,False
179,2,CAR_0745,CAR,465,standing,,,,15.2199,1,480,False
180,2,PT,PT,,standing,,,,19.9963,1,465,False
181,2,CAR_0915,CAR,555,standing,,,,23.343,1,570,False
182,2,CAR_0830,CAR,510,standing,,,,27.5735,1,525,False
183,2,PT,PT,,standing,,,,18.8997,1,480,False
184,2,CAR_0745,CAR,465,standing,,,,3.0463,1,480,False
185,2,PT,PT,,standing,,,,25.7801,1,525,False
186,2,CAR_0730,CAR,450,standing,,,,9.002,1,465,False
187,2,CAR_0800,CAR,480,standing,,,,16.381,1,495,False
188,2,CAR_0800,CAR,480,standing,,,,3.5461,1,495,False
189,2,CAR_0715,CAR,435,standing,,,,24.7794,1,450,False
190,2,CAR_0900,CAR,540,standing,,,,26.0518,1,555,False
191,2,CAR_0900,CAR,540,standing,,,,16.2165,1,570,False
192,2,PT,PT,,standing,,,,23.7715,1,420,False
193,2,PT,PT,,standing,,,,28.5828,1,540,False
194,2,CAR_0830,CAR,510,standing,,,,13.2894,1,570,False
195,2,CAR_0745,CAR,465,standing,,,,11.4773,1,480,False
196,2,CAR_0730,CAR,450,standing,,,,18.216,1,465,False
197,2,CAR_0645,CAR,405,standing,,,,9.3151,2,435,False
198,2,CAR_0730,CAR,450,standing,,,,10.5245,1,465,False
199,2,CAR_0815,CAR,495,standing,,,,14.8576,1,510,False
200,2,CAR_0630,CAR,390,rule,T3,"Chose to drive at 06:30 for the early start over drive at 08:15: lowest total cost (NZ$20.58 vs NZ$25.15), mainly travel time.",travel_time;arrival_time,20.5788,3,420,True
201,2,PT,PT,,standing,,,,34.4781,1,465,False
202,2,CAR_0715,CAR,435,standing,,,,13.0782,2,465,False
203,2,CAR_0845,CAR,525,standing,,,,27.5005,1,555,False
204,2,CAR_0800,CAR,480,standing,,,,24.1657,1,495,False
205,2,CAR_0915,CAR,555,standing,,,,10.329,1,570,False
206,2,CAR_0815,CAR,495,standing,,,,14.3619,1,525,False
207,2,CAR_0800,CAR,480,standing,,,,24.6421,1,495,False
208,2,CAR_0800,CAR,480,standing,,,,20.9968,1,495,False
209,2,CAR_0700,CAR,420,standing,,,,3.8852,1,435,False
210,2,CAR_0900,CAR,540,standing,,,,27.1522,1,555,False
211,2,CAR_0930,CAR,570,standing,,,,22.6378,1,585,False
212,2,CAR_0830,CAR,510,rule,T3,"Chose to drive at 08:30 over drive at 08:45: lowest total cost (NZ$28.25 vs NZ$30.57), mainly arrival time.",arrival_time,28.2496,1,540,False
213,2,CAR_0800,CAR,480,standing,,,,21.7352,1,510,False
214,2,PT,PT,,standing,,,,24.9724,1,555,False
215,2,CAR_0745,CAR,465,standing,,,,16.6146,1,525,False
216,2,CAR_0745,CAR,465,standing,,,,4.2592,1,495,False
217,2,CAR_0745,CAR,465,standing,,,,28.5906,1,480,False
218,2,CAR_0800,CAR,480,standing,,,,40.3687,1,510,False
219,2,CAR_0800,CAR,480,rule,T3,"Chose to drive at 08:00 over drive at 08:30: lowest total cost (NZ$23.78 vs NZ$34.34), mainly arrival time.",arrival_time;travel_time,23.7763,1,510,False
220,2,CAR_0845,CAR,525,standing,,,,15.9156,2,540,False
221,2,CAR_0730,CAR,450,standing,,,,12.5197,1,465,False
222,2,CAR_0715,CAR,435,standing,,,,9.1924,1,450,False
223,2,CAR_0745,CAR,465,standing,,,,26.8003,1,480,False
224,2,CAR_0745,CAR,465,rule,T3,"Chose to drive at 07:45 over drive at 08:30: lowest total cost (NZ$19.82 vs NZ$21.69), mainly travel time.",travel_time;arrival_time,19.8227,1,525,False
225,2,CAR_0700,CAR,420,standing,,,,27.3652,1,435,False
226,2,CAR_0845,CAR,525,standing,,,,25.4956,1,570,False
227,2,CAR_0830,CAR,510,standing,,,,25.1591,2,540,False
228,2,CAR_0630,CAR,390,standing,,,,4.9272,3,420,False
229,2,PT,PT,,standing,,,,24.5162,1,525,False
230,2,CAR_0715,CAR,435,standing,,,,15.5133,2,450,False
231,2,CAR_0700,CAR,420,standing,,,,10.2612,1,435,False
232,2,CAR_0815,CAR,495,rule,T3,"Chose to drive at 08:15 over drive at 08:30: lowest total cost (NZ$12.55 vs NZ$15.69), mainly travel time.",travel_time;arrival_time,12.5495,1,540,False
233,2,CAR_0800,CAR,480,standing,,,,29.3878,1,495,False
234,2,CAR_0745,CAR,465,standing,,,,11.0643,1,480,False
235,2,CAR_0745,CAR,465,standing,,,,38.0039,2,480,False
236,2,CAR_0915,CAR,555,standing,,,,20.1823,1,570,False
237,2,CAR_0830,CAR,510,standing,,,,22.0198,1,525,False
238,2,CAR_0745,CAR,465,rule,T3,"Chose to drive at 07:45 over drive at 08:00: lowest total cost (NZ$16.91 vs NZ$28.75), mainly arrival time.",arrival_time;travel_time,16.9128,1,495,False
239,2,PT,PT,,rule,T3,"Chose to take PT over drive at 08:30: lowest total cost (NZ$34.24 vs NZ$44.63), mainly parking.",other;arrival_time,34.2377,1,525,False
240,2,CAR_0645,CAR,405,standing,,,,7.7256,1,420,False
241,2,CAR_0645,CAR,405,standing,,,,15.0903,1,450,False
242,2,CAR_0900,CAR,540,standing,,,,30.7498,6,555,False
243,2,CAR_0930,CAR,570,rule,T3,"Chose to drive at 09:30 over drive at 09:00: lowest total cost (NZ$18.84 vs NZ$18.67), mainly travel time.",travel_time,18.838,5,540,False
244,2,CAR_0715,CAR,435,standing,,,,19.7846,1,450,False
245,2,CAR_0815,CAR,495,standing,,,,10.3852,9,510,False
246,2,CAR_0945,CAR,585,standing,,,,26.1354,1,600,False
247,2,CAR_0815,CAR,495,standing,,,,14.4707,1,510,False
248,2,CAR_0915,CAR,555,standing,,,,26.1959,1,570,False
249,2,CAR_0800,CAR,480,rule,T3,"Chose to drive at 08:00 over drive at 08:30: lowest total cost (NZ$12.76 vs NZ$15.21), mainly travel time.",travel_time;arrival_time,12.7588,1,525,False
250,2,CAR_0830,CAR,510,standing,,,,34.5038,5,540,False
251,2,CAR_0800,CAR,480,rule,T3,"Chose to drive at 08:00 over drive at 08:15: lowest total cost (NZ$22.80 vs NZ$25.24), mainly arrival time.",arrival_time;travel_time,22.7975,1,510,False
252,2,CAR_0715,CAR,435,standing,,,,39.3724,1,450,False
253,2,CAR_0845,CAR,525,standing,,,,14.084,2,540,False
254,2,PT,PT,,standing,,,,23.0579,1,495,False
255,2,CAR_0730,CAR,450,standing,,,,27.2698,1,465,False
256,2,CAR_0745,CAR,465,rule,T3,"Chose to drive at 07:45 over drive at 08:30: lowest total cost (NZ$41.31 vs NZ$55.10), mainly travel time.",travel_time;arrival_time,41.3137,3,525,False
257,2,CAR_0730,CAR,450,standing,,,,7.6945,1,465,False
258,2,CAR_0700,CAR,420,standing,,,,10.3146,1,435,False
259,2,CAR_0815,CAR,495,standing,,,,35.1939,1,510,False
260,2,PT,PT,,standing,,,,21.93,1,510,False
261,2,CAR_0830,CAR,510,standing,,,,27.6294,1,525,False
262,2,CAR_0815,CAR,495,standing,,,,32.5086,5,510,False
263,2,PT,PT,,standing,,,,32.0327,1,465,False
264,2,CAR_0630,CAR,390,rule,T3,"Chose to drive at 06:30 for the early start over drive at 09:15: lowest total cost (NZ$7.56 vs NZ$9.73), mainly travel time.",travel_time,7.5555,3,420,True
265,2,CAR_0915,CAR,555,standing,,,,26.9307,1,570,False
266,2,CAR_0815,CAR,495,standing,,,,38.6467,5,510,False
267,2,CAR_0830,CAR,510,standing,,,,34.065,2,525,False
268,2,CAR_0800,CAR,480,standing,,,,35.5046,1,495,False
269,2,CAR_0845,CAR,525,standing,,,,49.8311,5,555,False
270,2,CAR_0800,CAR,480,standing,,,,36.4436,8,495,False
271,2,CAR_0715,CAR,435,standing,,,,14.999,1,450,False
272,2,CAR_0715,CAR,435,standing,,,,5.939,1,450,False
273,2,CAR_0815,CAR,495,standing,,,,30.3238,1,510,False
274,2,CAR_0815,CAR,495,standing,,,,32.9542,1,525,False
275,2,CAR_0800,CAR,480,standing,,,,10.6917,1,495,False
276,2,CAR_0645,CAR,405,rule,T3,"Chose to drive at 06:45 for the early start over drive at 08:15: lowest total cost (NZ$19.79 vs NZ$24.99), mainly travel time.",travel_time;arrival_time,19.7851,2,420,True
277,2,CAR_0745,CAR,465,standing,,,,6.3595,1,480,False
278,2,PT,PT,,rule,T3,"Chose to take PT over drive at 08:30: lowest total cost (NZ$25.00 vs NZ$35.23), mainly parking.",other;arrival_time,24.9987,1,525,False
279,2,CAR_0915,CAR,555,standing,,,,26.4525,1,570,False
280,2,CAR_0815,CAR,495,rule,T3,"Chose to drive at 08:15 over drive at 08:30: lowest total cost (NZ$27.78 vs NZ$32.52), mainly travel time.",travel_time;arrival_time,27.7802,1,525,False
281,2,PT,PT,,standing,,,,22.2882,1,495,False
282,2,PT,PT,,standing,,,,26.3611,1,525,False
283,2,CAR_0900,CAR,540,standing,,,,17.3563,1,555,False
284,2,PT,PT,,standing,,,,24.2399,1,585,False
285,2,PT,PT,,standing,,,,25.46,1,495,False
286,2,CAR_0715,CAR,435,standing,,,,27.3981,1,450,False
287,2,PT,PT,,standing,,,,18.5869,1,600,False
288,2,CAR_0845,CAR,525,standing,,,,16.587,8,555,False
289,2,PT,PT,,standing,,,,21.6997,1,495,False
290,2,CAR_0745,CAR,465,standing,,,,8.818,1,480,False
291,2,CAR_0800,CAR,480,rule,T3,"Chose to drive at 08:00 over drive at 08:15: lowest total cost (NZ$16.64 vs NZ$30.51), mainly arrival time.",arrival_time;travel_time,16.6426,1,510,False
292,2,CAR_0800,CAR,480,standing,,,,1.4043,1,510,False
293,2,PT,PT,,standing,,,,31.9657,1,525,False
294,2,CAR_0715,CAR,435,standing,,,,10.6276,1,465,False
295,2,PT,PT,,standing,,,,19.378,1,480,False
296,2,CAR_0800,CAR,480,standing,,,,28.4674,1,495,False
297,2,CAR_0700,CAR,420,standing,,,,13.1252,1,465,False
298,2,PT,PT,,standing,,,,30.5886,1,540,False
299,2,CAR_0800,CAR,480,standing,,,,14.7826,3,495,False
0,3,CAR_0800,CAR,480,standing,,,,38.5627,9,495,False
1,3,CAR_0715,CAR,435,standing,,,,15.5414,1,450,False
2,3,CAR_0715,CAR,435,standing,,,,5.8542,1,450,False
3,3,CAR_0815,CAR,495,standing,,,,32.8031,4,510,False
4,3,PT,PT,,standing,,,,29.5959,1,525,False
5,3,CAR_0800,CAR,480,standing,,,,10.8462,1,495,False
6,3,CAR_0800,CAR,480,standing,,,,22.6747,11,510,False
7,3,CAR_0745,CAR,465,standing,,,,6.3189,1,480,False
8,3,PT,PT,,standing,,,,19.8437,1,525,False
9,3,CAR_0915,CAR,555,rule,T5,"Chose to drive at 09:15 over drive at 09:00: lowest total cost (NZ$23.43 vs NZ$24.72), mainly arrival time.",arrival_time;habit,23.4273,1,570,False
10,3,CAR_0815,CAR,495,standing,,,,26.2058,1,525,False
11,3,CAR_0800,CAR,480,standing,,,,27.0531,1,495,False
12,3,CAR_0615,CAR,375,rule,T3,"Chose to drive at 06:15 for the early start over drive at 08:30: lowest total cost (NZ$36.05 vs NZ$44.26), mainly travel time.",travel_time;arrival_time,36.0452,7,420,True
13,3,CAR_0900,CAR,540,rule,T5,"Chose to drive at 09:00 over drive at 08:45: lowest total cost (NZ$13.64 vs NZ$15.92), mainly travel time.",travel_time;arrival_time;habit,13.6433,1,555,False
14,3,CAR_0930,CAR,570,standing,,,,27.5554,1,585,False
15,3,CAR_0745,CAR,465,rule,T3,"Chose to drive at 07:45 over drive at 08:00: lowest total cost (NZ$35.05 vs NZ$44.13), mainly arrival time.",arrival_time;travel_time,35.0514,1,495,False
16,3,PT,PT,,standing,,,,23.8509,1,450,False
17,3,CAR_0930,CAR,570,standing,,,,23.7648,1,600,False
18,3,CAR_0845,CAR,525,rule,T5,"Chose to drive at 08:45 over drive at 09:15: lowest total cost (NZ$15.95 vs NZ$17.72), mainly changing routine.",habit;arrival_time,15.9549,1,555,False
19,3,CAR_0800,CAR,480,standing,,,,22.7314,1,495,False
20,3,CAR_0745,CAR,465,standing,,,,11.0524,1,480,False
21,3,CAR_0800,CAR,480,rule,T3;T5,"Chose to drive at 08:00 over drive at 08:15: lowest total cost (NZ$17.38 vs NZ$35.45), mainly arrival time.",arrival_time;travel_time,17.3799,1,510,False
22,3,CAR_0800,CAR,480,standing,,,,1.7415,1,510,False
23,3,PT,PT,,standing,,,,23.612,1,525,False
24,3,CAR_0715,CAR,435,standing,,,,10.5286,1,465,False
25,3,PT,PT,,standing,,,,23.4377,1,480,False
26,3,PT,PT,,standing,,,,20.602,1,495,False
27,3,CAR_0730,CAR,450,standing,,,,12.4987,1,465,False
28,3,PT,PT,,standing,,,,23.2635,1,540,False
29,3,CAR_0800,CAR,480,standing,,,,16.0858,3,495,False
30,3,CAR_0630,CAR,390,rule,T3,"Chose to drive at 06:30 for the early start over drive at 08:15: lowest total cost (NZ$30.64 vs NZ$45.81), mainly travel time.",travel_time;arrival_time,30.6354,1,420,True
31,3,CAR_0815,CAR,495,rule,T3;T5,"Chose to drive at 08:15 over drive at 08:30: lowest total cost (NZ$31.96 vs NZ$48.10), mainly arrival time.",arrival_time;travel_time,31.9593,1,525,False
32,3,CAR_0815,CAR,495,standing,,,,18.8091,2,510,False
33,3,CAR_0800,CAR,480,rule,T3,"Chose to drive at 08:00 over drive at 07:45: lowest total cost (NZ$14.00 vs NZ$14.94), mainly changing routine.",habit,14.0025,1,495,False
34,3,CAR_0745,CAR,465,standing,,,,15.8211,1,495,False
35,3,CAR_0800,CAR,480,standing,,,,31.9553,1,510,False
36,3,CAR_0745,CAR,465,standing,,,,1.1644,1,480,False
37,3,CAR_0815,CAR,495,rule,T5,"Chose to drive at 08:15 over take PT: lowest total cost (NZ$21.64 vs NZ$24.25), mainly the PT trip.",pt;habit,21.6369,1,510,False
38,3,CAR_0700,CAR,420,standing,,,,17.4721,1,450,False
39,3,PT,PT,,standing,,,,22.5886,1,480,False
40,3,CAR_0700,CAR,420,standing,,,,16.9492,1,435,False
41,3,CAR_0800,CAR,480,standing,,,,10.5707,1,510,False
42,3,CAR_0800,CAR,480,standing,,,,15.0993,1,525,False
43,3,CAR_0845,CAR,525,rule,T5,"Chose to drive at 08:45 over drive at 08:30: lowest total cost (NZ$28.53 vs NZ$28.48), mainly travel time.",travel_time,28.5252,3,540,False
44,3,CAR_0730,CAR,450,standing,,,,9.6198,1,465,False
45,3,CAR_0700,CAR,420,standing,,,,10.3404,1,435,False
46,3,CAR_0830,CAR,510,standing,,,,19.4486,10,540,False
47,3,CAR_0715,CAR,435,standing,,,,7.0307,1,450,False
48,3,PT,PT,,standing,,,,19.7335,1,510,False
49,3,CAR_0745,CAR,465,standing,,,,8.5872,1,510,False
50,3,CAR_0815,CAR,495,rule,T5,"Chose to drive at 08:15 over drive at 08:00: lowest total cost (NZ$25.42 vs NZ$26.80), mainly changing routine.",habit,25.4239,1,510,False
51,3,CAR_0815,CAR,495,standing,,,,19.0973,1,525,False
52,3,PT,PT,,rule,T3;T5,"Chose to take PT over drive at 08:30: lowest total cost (NZ$26.49 vs NZ$40.61), mainly parking.",other;arrival_time;travel_time,26.4912,1,525,False
53,3,CAR_0800,CAR,480,standing,,,,21.2049,8,495,False
54,3,CAR_0715,CAR,435,standing,,,,3.9967,1,450,False
55,3,CAR_0700,CAR,420,standing,,,,1.1693,1,435,False
56,3,CAR_0815,CAR,495,rule,T5,"Chose to drive at 08:15 over drive at 08:30: lowest total cost (NZ$6.57 vs NZ$11.23), mainly travel time.",travel_time;arrival_time,6.5666,1,525,False
57,3,CAR_0715,CAR,435,standing,,,,20.0478,1,450,False
58,3,CAR_0815,CAR,495,standing,,,,13.3017,4,510,False
59,3,CAR_0745,CAR,465,standing,,,,15.5366,1,510,False
60,3,PT,PT,,standing,,,,20.9782,1,465,False
61,3,CAR_0800,CAR,480,standing,,,,35.2464,5,510,False
62,3,CAR_0745,CAR,465,standing,,,,23.0298,1,480,False
63,3,CAR_0745,CAR,465,standing,,,,20.9964,2,525,False
64,3,CAR_0730,CAR,450,standing,,,,33.9233,1,465,False
65,3,SKIP,SKIP,,rule,T3;T5,"Chose to skip the trip over drive at 08:15: lowest total cost (NZ$33.80 vs NZ$37.00), mainly parking.",other;travel_time,33.8034,4,,False
66,3,CAR_0800,CAR,480,standing,,,,26.5048,1,495,False
67,3,CAR_0815,CAR,495,standing,,,,24.0464,8,510,False
68,3,CAR_0730,CAR,450,standing,,,,16.8875,1,465,False
69,3,CAR_0830,CAR,510,rule,T5,"Chose to drive at 08:30 over drive at 09:15: lowest total cost (NZ$23.31 vs NZ$22.74), mainly changing routine.",habit,23.3124,3,570,False
70,3,CAR_0800,CAR,480,rule,T5,"Chose to drive at 08:00 over drive at 08:45: lowest total cost (NZ$14.76 vs NZ$17.29), mainly travel time.",travel_time;arrival_time,14.762,1,540,False
71,3,PT,PT,,rule,T3,"Chose to take PT over drive at 08:00: lowest total cost (NZ$34.53 vs NZ$39.29), mainly parking.",other;arrival_time,34.5316,1,495,False
72,3,CAR_0700,CAR,420,standing,,,,9.1881,1,435,False
73,3,PT,PT,,standing,,,,31.0466,1,525,False
74,3,CAR_0845,CAR,525,rule,T5,"Chose to drive at 08:45 over drive at 08:30: lowest total cost (NZ$23.25 vs NZ$23.50), mainly travel time.",travel_time;arrival_time,23.2547,1,540,False
75,3,PT,PT,,standing,,,,24.4691,1,555,False
76,3,CAR_0730,CAR,450,standing,,,,13.2165,1,480,False
77,3,CAR_0700,CAR,420,standing,,,,19.9017,1,435,False
78,3,CAR_0945,CAR,585,standing,,,,19.416,1,585,False
79,3,CAR_0745,CAR,465,rule,T5,"Chose to drive at 07:45 over drive at 08:15: lowest total cost (NZ$41.57 vs NZ$41.17), mainly travel time.",travel_time,41.5688,4,525,False
80,3,CAR_0800,CAR,480,standing,,,,16.0912,1,495,False
81,3,CAR_0700,CAR,420,standing,,,,25.4839,1,435,False
82,3,PT,PT,,standing,,,,17.6253,1,510,False
83,3,CAR_0900,CAR,540,rule,T5,"Chose to drive at 09:00 over drive at 08:45: lowest total cost (NZ$15.18 vs NZ$16.41), mainly changing routine.",habit;travel_time;arrival_time,15.1844,1,555,False
84,3,CAR_0730,CAR,450,standing,,,,12.1524,1,465,False
85,3,PT,PT,,standing,,,,23.8139,1,525,False
86,3,CAR_0700,CAR,420,standing,,,,14.544,1,435,False
87,3,CAR_0645,CAR,405,standing,,,,10.8702,3,450,False
88,3,CAR_0800,CAR,480,standing,,,,16.6767,6,510,False
89,3,CAR_0700,CAR,420,standing,,,,2.7455,1,465,False
90,3,PT,PT,,standing,,,,19.7719,1,525,False
91,3,CAR_0745,CAR,465,standing,,,,29.0908,1,495,False
92,3,CAR_0730,CAR,450,standing,,,,8.1436,1,495,False
93,3,CAR_0700,CAR,420,standing,,,,5.2424,1,435,False
94,3,CAR_0915,CAR,555,rule,T5,"Chose to drive at 09:15 over drive at 09:00: lowest total cost (NZ$12.35 vs NZ$14.27), mainly changing routine.",habit;arrival_time;travel_time,12.3502,1,570,False
95,3,CAR_0830,CAR,510,rule,T5,"Chose to drive at 08:30 over drive at 08:45: lowest total cost (NZ$17.03 vs NZ$18.73), mainly changing routine.",habit;arrival_time,17.0265,1,540,False
96,3,CAR_0730,CAR,450,standing,,,,22.8196,1,465,False
97,3,CAR_0845,CAR,525,rule,T5,"Chose to drive at 08:45 over drive at 09:00: lowest total cost (NZ$35.01 vs NZ$36.14), mainly changing routine.",habit,35.0132,1,555,False
98,3,CAR_0800,CAR,480,standing,,,,17.5319,1,525,False
99,3,CAR_0745,CAR,465,standing,,,,13.2288,1,480,False
100,3,CAR_0800,CAR,480,standing,,,,11.761,1,495,False
101,3,CAR_0645,CAR,405,rule,T5,"Chose to drive at 06:45 for the early start over drive at 08:30: lowest total cost (NZ$16.13 vs NZ$19.87), mainly travel time.",travel_time;arrival_time,16.1254,1,420,True
102,3,CAR_0815,CAR,495,rule,T5,"Chose to drive at 08:15 over take PT: lowest total cost (NZ$24.95 vs NZ$26.21), mainly the PT trip.",pt;habit,24.9454,1,510,False
103,3,CAR_0800,CAR,480,standing,,,,11.3246,1,495,False
104,3,CAR_0730,CAR,450,standing,,,,11.098,1,480,False
105,3,CAR_0700,CAR,420,standing,,,,1.5354,1,435,False
106,3,CAR_0800,CAR,480,standing,,,,14.4979,1,510,False
107,3,CAR_0645,CAR,405,standing,,,,15.2323,1,420,True
108,3,CAR_0800,CAR,480,rule,T5,"Chose to drive at 08:00 over drive at 08:15: lowest total cost (NZ$18.51 vs NZ$24.92), mainly travel time.",travel_time;arrival_time,18.5059,1,525,False
109,3,CAR_0645,CAR,405,standing,,,,10.0987,2,420,True
110,3,CAR_0845,CAR,525,rule,T5,"Chose to drive at 08:45 over drive at 08:15: lowest total cost (NZ$11.63 vs NZ$12.19), mainly changing routine.",habit,11.6301,1,540,False
111,3,CAR_0930,CAR,570,rule,T5,"Chose to drive at 09:30 over drive at 09:00: lowest total cost (NZ$3.35 vs NZ$3.89), mainly arrival time.",arrival_time;travel_time,3.35,2,570,False
112,3,CAR_0715,CAR,435,standing,,,,14.634,2,450,False
113,3,PT,PT,,standing,,,,27.1744,1,555,False
114,3,PT,PT,,standing,,,,20.2778,1,570,False
115,3,CAR_0815,CAR,495,standing,,,,25.587,8,510,False
116,3,PT,PT,,standing,,,,19.8053,1,480,False
117,3,CAR_0745,CAR,465,standing,,,,5.3266,1,480,False
118,3,CAR_0915,CAR,555,standing,,,,4.3124,1,570,False
119,3,PT,PT,,standing,,,,19.5064,1,495,False
120,3,CAR_0700,CAR,420,standing,,,,10.9364,1,435,False
121,3,CAR_0845,CAR,525,rule,T5,"Chose to drive at 08:45 over drive at 08:30: lowest total cost (NZ$18.84 vs NZ$16.89), mainly travel time.",travel_time;arrival_time,18.8416,2,540,False
122,3,CAR_0845,CAR,525,rule,T5,"Chose to drive at 08:45 over drive at 09:15: lowest total cost (NZ$24.00 vs NZ$24.75), mainly changing routine.",habit,24.0027,1,570,False
123,3,PT,PT,,standing,,,,22.2612,1,435,False
124,3,CAR_0645,CAR,405,standing,,,,7.6166,1,420,False
125,3,CAR_0630,CAR,390,standing,,,,2.2028,1,495,False
126,3,CAR_0645,CAR,405,rule,T5,"Chose to drive at 06:45 for the early start over drive at 08:30: lowest total cost (NZ$28.47 vs NZ$49.57), mainly travel time.",travel_time;arrival_time,28.4731,1,420,True
127,3,PT,PT,,standing,,,,22.0984,1,510,False
128,3,CAR_0730,CAR,450,rule,T5,"Chose to drive at 07:30 over drive at 07:45: lowest total cost (NZ$20.68 vs NZ$24.70), mainly arrival time.",arrival_time;habit,20.6837,1,465,False
129,3,CAR_0700,CAR,420,standing,,,,21.4398,1,450,False
130,3,CAR_0815,CAR,495,standing,,,,25.0576,8,540,False
131,3,CAR_0730,CAR,450,standing,,,,8.0379,1,465,False
132,3,CAR_0630,CAR,390,rule,T3,"Chose to drive at 06:30 for the early start over drive at 08:00: lowest total cost (NZ$30.24 vs NZ$48.15), mainly travel time.",travel_time;arrival_time,30.2446,2,420,True
133,3,CAR_0800,CAR,480,standing,,,,15.642,1,510,False
134,3,CAR_0800,CAR,480,standing,,,,18.8727,8,510,False
135,3,CAR_0800,CAR,480,standing,,,,17.1632,1,525,False
136,3,CAR_0900,CAR,540,rule,T5,"Chose to drive at 09:00 over drive at 09:15: lowest total cost (NZ$8.36 vs NZ$9.47), mainly arrival time.",arrival_time;habit,8.3553,1,555,False
137,3,CAR_0745,CAR,465,standing,,,,3.7852,1,480,False
138,3,CAR_0745,CAR,465,standing,,,,21.3033,1,510,False
139,3,CAR_0645,CAR,405,standing,,,,6.7267,2,420,True
140,3,CAR_0700,CAR,420,standing,,,,2.343,1,435,False
141,3,CAR_0700,CAR,420,standing,,,,19.8322,1,420,False
142,3,CAR_0800,CAR,480,standing,,,,3.3603,1,495,False
143,3,CAR_0745,CAR,465,standing,,,,2.3852,1,480,False
144,3,CAR_0800,CAR,480,rule,T5,"Chose to drive at 08:00 over drive at 07:45: lowest total cost (NZ$8.12 vs NZ$10.11), mainly changing routine.",habit;arrival_time,8.1243,1,495,False
145,3,CAR_0700,CAR,420,standing,,,,2.0744,1,435,False
146,3,PT,PT,,standing,,,,22.6123,1,495,False
147,3,CAR_0645,CAR,405,standing,,,,34.8824,1,420,True
148,3,CAR_0845,CAR,525,rule,T5,"Chose to drive at 08:45 over drive at 09:00: lowest total cost (NZ$28.78 vs NZ$31.23), mainly changing routine.",habit;arrival_time,28.777,1,555,False
149,3,CAR_0815,CAR,495,standing,,,,21.1734,1,540,False
150,3,CAR_0900,CAR,540,standing,,,,17.9093,1,555,False
151,3,CAR_0745,CAR,465,standing,,,,6.7374,1,480,False
152,3,CAR_0730,CAR,450,standing,,,,18.5814,1,495,False
153,3,CAR_0645,CAR,405,rule,T5,"Chose to drive at 06:45 for the early start over drive at 08:30: lowest total cost (NZ$27.70 vs NZ$36.19), mainly travel time.",travel_time;arrival_time,27.698,2,420,True
154,3,CAR_0900,CAR,540,rule,T5,"Chose to drive at 09:00 over drive at 09:15: lowest total cost (NZ$5.23 vs NZ$7.31), mainly arrival time.",arrival_time;habit,5.2296,1,555,False
155,3,CAR_0900,CAR,540,rule,T5,"Chose to drive at 09:00 over drive at 09:15: lowest total cost (NZ$12.66 vs NZ$14.03), mainly changing routine.",habit,12.6583,1,570,False
156,3,PT,PT,,standing,,,,27.5756,1,480,False
157,3,CAR_0715,CAR,435,standing,,,,10.3402,1,450,False
158,3,CAR_0815,CAR,495,standing,,,,32.0665,1,525,False
159,3,CAR_0730,CAR,450,rule,T3,"Chose to drive at 07:30 over drive at 08:00: lowest total cost (NZ$18.44 vs NZ$25.60), mainly travel time.",travel_time;arrival_time,18.4408,1,495,False
160,3,CAR_0900,CAR,540,standing,,,,20.7591,1,585,False
161,3,SKIP,SKIP,,rule,T6,"Chose to skip the trip over drive at 08:00: lowest total cost (NZ$35.53 vs NZ$37.46), mainly fuel.",other;travel_time,35.5316,1,,False
162,3,CAR_0815,CAR,495,rule,T5,"Chose to drive at 08:15 over drive at 07:45: lowest total cost (NZ$15.80 vs NZ$16.30), mainly changing routine.",habit;arrival_time,15.8031,1,525,False
163,3,CAR_0800,CAR,480,rule,T5,"Chose to drive at 08:00 over drive at 08:15: lowest total cost (NZ$38.59 vs NZ$43.29), mainly travel time.",travel_time;arrival_time,38.5873,1,525,False
164,3,CAR_0730,CAR,450,standing,,,,27.8595,1,465,False
165,3,CAR_0830,CAR,510,standing,,,,21.5494,9,540,False
166,3,CAR_0830,CAR,510,rule,T5,"Chose to drive at 08:30 over drive at 08:15: lowest total cost (NZ$39.22 vs NZ$43.80), mainly arrival time.",arrival_time;habit,39.2152,1,540,False
167,3,CAR_0745,CAR,465,standing,,,,12.323,1,480,False
168,3,CAR_0900,CAR,540,rule,T5,"Chose to drive at 09:00 over drive at 08:45: lowest total cost (NZ$8.34 vs NZ$12.63), mainly changing routine.",habit;travel_time;arrival_time,8.3426,1,555,False
169,3,CAR_0745,CAR,465,standing,,,,12.5973,2,480,False
170,3,CAR_0800,CAR,480,standing,,,,24.4255,1,495,False
171,3,CAR_0815,CAR,495,rule,T3;T5,"Chose to drive at 08:15 over drive at 08:30: lowest total cost (NZ$11.10 vs NZ$19.61), mainly arrival time.",arrival_time;travel_time,11.1042,1,525,False
172,3,CAR_0815,CAR,495,standing,,,,25.0234,1,540,False
173,3,CAR_0830,CAR,510,rule,T5,"Chose to drive at 08:30 over drive at 08:45: lowest total cost (NZ$5.74 vs NZ$5.98), mainly changing routine.",habit,5.7434,1,540,False
174,3,CAR_0700,CAR,420,standing,,,,17.6285,1,435,False
175,3,CAR_0700,CAR,420,standing,,,,28.4612,1,435,False
176,3,CAR_0730,CAR,450,standing,,,,22.5441,4,525,False
177,3,PT,PT,,standing,,,,23.8378,1,510,False
178,3,PT,PT,,standing,,,,17.8326,1,510,False
179,3,CAR_0745,CAR,465,standing,,,,15.6307,1,480,False
180,3,PT,PT,,standing,,,,19.9963,1,465,False
181,3,CAR_0915,CAR,555,standing,,,,23.2379,1,570,False
182,3,CAR_0830,CAR,510,standing,,,,27.5735,1,525,False
183,3,PT,PT,,standing,,,,18.8997,1,480,False
184,3,CAR_0745,CAR,465,standing,,,,3.5895,1,480,False
185,3,PT,PT,,standing,,,,25.7801,1,525,False
186,3,CAR_0730,CAR,450,standing,,,,8.9704,1,465,False
187,3,CAR_0800,CAR,480,standing,,,,17.2133,1,495,False
188,3,CAR_0800,CAR,480,standing,,,,3.6782,1,495,False
189,3,CAR_0715,CAR,435,standing,,,,25.0832,1,450,False
190,3,CAR_0900,CAR,540,rule,T5,"Chose to drive at 09:00 over drive at 08:45: lowest total cost (NZ$24.09 vs NZ$27.36), mainly changing routine.",habit;arrival_time,24.0946,1,555,False
191,3,CAR_0900,CAR,540,rule,T5,"Chose to drive at 09:00 over drive at 09:15: lowest total cost (NZ$14.85 vs NZ$17.99), mainly changing routine.",habit;arrival_time,14.8474,1,570,False
192,3,PT,PT,,standing,,,,23.7715,1,420,False
193,3,PT,PT,,standing,,,,28.5828,1,540,False
194,3,CAR_0830,CAR,510,rule,T5,"Chose to drive at 08:30 over drive at 09:15: lowest total cost (NZ$13.12 vs NZ$14.28), mainly changing routine.",habit,13.1244,1,570,False
195,3,CAR_0745,CAR,465,standing,,,,11.1886,1,480,False
196,3,CAR_0730,CAR,450,standing,,,,18.2047,1,465,False
197,3,CAR_0645,CAR,405,standing,,,,9.3151,2,435,False
198,3,CAR_0730,CAR,450,standing,,,,10.5245,1,465,False
199,3,CAR_0815,CAR,495,standing,,,,16.4744,1,510,False
200,3,CAR_0630,CAR,390,standing,,,,18.5788,1,420,True
201,3,PT,PT,,standing,,,,34.4781,1,465,False
202,3,CAR_0715,CAR,435,standing,,,,13.0422,2,465,False
203,3,CAR_0845,CAR,525,rule,T5,"Chose to drive at 08:45 over drive at 09:00: lowest total cost (NZ$26.09 vs NZ$27.97), mainly changing routine.",habit,26.0902,1,555,False
204,3,CAR_0800,CAR,480,standing,,,,25.5515,1,495,False
205,3,CAR_0915,CAR,555,standing,,,,10.329,1,570,False
206,3,CAR_0800,CAR,480,rule,T5,"Chose to drive at 08:00 over drive at 08:15: lowest total cost (NZ$16.68 vs NZ$18.99), mainly travel time.",travel_time;arrival_time,16.679,1,525,False
207,3,CAR_0800,CAR,480,standing,,,,24.9852,1,495,False
208,3,CAR_0800,CAR,480,rule,T5,"Chose to drive at 08:00 over drive at 07:45: lowest total cost (NZ$20.89 vs NZ$21.74), mainly arrival time.",arrival_time,20.8864,1,495,False
209,3,CAR_0700,CAR,420,standing,,,,3.8852,1,435,False
210,3,CAR_0900,CAR,540,standing,,,,27.1522,1,555,False
211,3,CAR_0930,CAR,570,standing,,,,22.6378,1,585,False
212,3,CAR_0830,CAR,510,standing,,,,27.1325,1,540,False
213,3,CAR_0800,CAR,480,standing,,,,22.2186,1,510,False
214,3,PT,PT,,standing,,,,24.9724,1,555,False
215,3,CAR_0745,CAR,465,standing,,,,16.586,1,525,False
216,3,CAR_0745,CAR,465,standing,,,,4.2562,1,495,False
217,3,CAR_0745,CAR,465,standing,,,,34.5472,3,480,False
218,3,CAR_0800,CAR,480,standing,,,,43.9647,3,510,False
219,3,CAR_0800,CAR,480,rule,T5,"Chose to drive at 08:00 over drive at 06:45 for the early start: lowest total cost (NZ$22.30 vs NZ$25.01), mainly arrival time.",arrival_time;habit,22.3035,1,510,False
220,3,CAR_0845,CAR,525,rule,T5,"Chose to drive at 08:45 over drive at 08:30: lowest total cost (NZ$13.53 vs NZ$15.06), mainly changing routine.",habit;travel_time,13.5331,1,540,False
221,3,CAR_0730,CAR,450,standing,,,,12.5042,1,465,False
222,3,CAR_0715,CAR,435,standing,,,,9.171,1,450,False
223,3,CAR_0745,CAR,465,standing,,,,26.673,1,480,False
224,3,CAR_0745,CAR,465,standing,,,,17.1571,1,525,False
225,3,CAR_0700,CAR,420,standing,,,,27.3652,1,435,False
226,3,CAR_0845,CAR,525,rule,T5,"Chose to drive at 08:45 over drive at 09:15: lowest total cost (NZ$24.65 vs NZ$27.14), mainly changing routine.",habit;travel_time,24.6469,1,570,False
227,3,CAR_0815,CAR,495,rule,T5,"Chose to drive at 08:15 over drive at 08:30: lowest total cost (NZ$24.19 vs NZ$31.77), mainly travel time.",travel_time;arrival_time,24.1875,1,540,False
228,3,CAR_0630,CAR,390,standing,,,,4.9272,3,420,False
229,3,PT,PT,,standing,,,,24.5162,1,525,False
230,3,CAR_0715,CAR,435,standing,,,,15.1195,2,450,False
231,3,CAR_0700,CAR,420,standing,,,,10.2593,1,435,False
232,3,CAR_0815,CAR,495,rule,T5,"Chose to drive at 08:15 over drive at 08:00: lowest total cost (NZ$12.49 vs NZ$13.70), mainly changing routine.",habit;arrival_time;travel_time,12.4878,1,540,False
233,3,CAR_0800,CAR,480,standing,,,,32.8495,2,495,False
234,3,CAR_0745,CAR,465,standing,,,,11.0375,1,480,False
235,3,CAR_0745,CAR,465,standing,,,,37.0468,2,480,False
236,3,CAR_0915,CAR,555,standing,,,,20.1823,1,570,False
237,3,CAR_0745,CAR,465,rule,T5,"Chose to drive at 07:45 over drive at 08:30: lowest total cost (NZ$25.05 vs NZ$28.74), mainly travel time.",travel_time;arrival_time,25.0458,2,525,False
238,3,CAR_0745,CAR,465,standing,,,,16.0412,1,495,False
239,3,PT,PT,,standing,,,,32.2377,1,525,False
240,3,CAR_0645,CAR,405,standing,,,,7.7992,1,420,False
241,3,CAR_0645,CAR,405,standing,,,,15.0902,1,450,False
242,3,CAR_0900,CAR,540,rule,T5,"Chose to drive at 09:00 over drive at 09:15: lowest total cost (NZ$23.54 vs NZ$26.02), mainly changing routine.",habit;arrival_time,23.5427,1,555,False
243,3,CAR_0900,CAR,540,rule,T3;T5,"Chose to drive at 09:00 over drive at 09:30: lowest total cost (NZ$16.55 vs NZ$17.14), mainly arrival time.",arrival_time,16.549,1,540,False
244,3,CAR_0715,CAR,435,standing,,,,19.7749,1,450,False
245,3,CAR_0815,CAR,495,standing,,,,12.3208,9,510,False
246,3,CAR_0945,CAR,585,standing,,,,26.1354,1,600,False
247,3,CAR_0815,CAR,495,standing,,,,14.4707,1,510,False
248,3,CAR_0915,CAR,555,rule,T5,"Chose to drive at 09:15 over drive at 09:00: lowest total cost (NZ$25.30 vs NZ$28.49), mainly changing routine.",habit;arrival_time,25.3004,1,570,False
249,3,CAR_0800,CAR,480,standing,,,,11.0778,1,525,False
250,3,CAR_0845,CAR,525,rule,T5,"Chose to drive at 08:45 over drive at 08:30: lowest total cost (NZ$31.43 vs NZ$30.18), mainly travel time.",travel_time,31.4322,2,540,False
251,3,CAR_0800,CAR,480,standing,,,,20.2959,1,510,False
252,3,CAR_0715,CAR,435,standing,,,,39.3496,1,450,False
253,3,CAR_0845,CAR,525,rule,T5,"Chose to drive at 08:45 over drive at 08:30: lowest total cost (NZ$12.23 vs NZ$13.29), mainly changing routine.",habit;travel_time,12.2267,1,540,False
254,3,PT,PT,,standing,,,,23.0579,1,495,False
255,3,CAR_0730,CAR,450,standing,,,,27.2371,1,465,False
256,3,CAR_0745,CAR,465,standing,,,,42.1152,4,525,False
257,3,CAR_0730,CAR,450,standing,,,,7.6936,1,465,False
258,3,CAR_0700,CAR,420,standing,,,,10.3088,1,435,False
259,3,CAR_0800,CAR,480,rule,T3,"Chose to drive at 08:00 over drive at 08:15: lowest total cost (NZ$35.10 vs NZ$44.75), mainly arrival time.",arrival_time;travel_time,35.0982,1,510,False
260,3,PT,PT,,standing,,,,21.93,1,510,False
261,3,CAR_0830,CAR,510,rule,T5,"Chose to drive at 08:30 over drive at 08:00: lowest total cost (NZ$26.89 vs NZ$28.85), mainly changing routine.",habit;travel_time,26.893,1,525,False
262,3,CAR_0730,CAR,450,rule,T3,"Chose to drive at 07:30 over drive at 08:15: lowest total cost (NZ$30.63 vs NZ$33.93), mainly travel time.",travel_time;arrival_time,30.6345,1,510,False
263,3,PT,PT,,standing,,,,32.0327,1,465,False
264,3,CAR_0630,CAR,390,standing,,,,6.5555,5,420,True
265,3,CAR_0915,CAR,555,rule,T5,"Chose to drive at 09:15 over drive at 09:00: lowest total cost (NZ$24.51 vs NZ$26.34), mainly changing routine.",habit;arrival_time;travel_time,24.5118,1,570,False
266,3,CAR_0800,CAR,480,rule,T5,"Chose to drive at 08:00 over drive at 08:15: lowest total cost (NZ$29.22 vs NZ$38.73), mainly travel time.",travel_time;arrival_time,29.2173,1,510,False
267,3,CAR_0815,CAR,495,rule,T3;T5,"Chose to drive at 08:15 over drive at 08:30: lowest total cost (NZ$30.15 vs NZ$65.81), mainly travel time.",travel_time;arrival_time,30.1462,1,525,False
268,3,CAR_0800,CAR,480,standing,,,,49.7791,5,495,False
269,3,CAR_0845,CAR,525,rule,T5,"Chose to drive at 08:45 over drive at 09:00: lowest total cost (NZ$39.43 vs NZ$41.50), mainly changing routine.",habit,39.4253,1,555,False
270,3,CAR_0715,CAR,435,rule,T3,"Chose to drive at 07:15 over drive at 08:00: lowest total cost (NZ$34.14 vs NZ$40.21), mainly travel time.",travel_time;arrival_time,34.1362,3,495,False
271,3,CAR_0715,CAR,435,standing,,,,14.985,1,450,False
272,3,CAR_0715,CAR,435,standing,,,,5.9425,1,450,False
273,3,CAR_0800,CAR,480,rule,T3,"Chose to drive at 08:00 over drive at 08:15: lowest total cost (NZ$32.11 vs NZ$35.99), mainly arrival time.",arrival_time;travel_time,32.1107,1,510,False
274,3,CAR_0815,CAR,495,standing,,,,35.0971,5,525,False
275,3,CAR_0800,CAR,480,standing,,,,10.4828,1,495,False
276,3,CAR_0645,CAR,405,standing,,,,16.7851,1,420,True
277,3,CAR_0745,CAR,465,standing,,,,6.3595,1,480,False
278,3,PT,PT,,standing,,,,24.4987,1,525,False
279,3,CAR_0915,CAR,555,rule,T5,"Chose to drive at 09:15 over drive at 09:00: lowest total cost (NZ$23.45 vs NZ$25.67), mainly arrival time.",arrival_time;habit,23.4539,1,570,False
280,3,CAR_0815,CAR,495,standing,,,,26.3257,1,525,False
281,3,PT,PT,,standing,,,,22.2882,1,495,False
282,3,PT,PT,,standing,,,,26.3611,1,525,False
283,3,CAR_0900,CAR,540,rule,T5,"Chose to drive at 09:00 over drive at 08:45: lowest total cost (NZ$13.65 vs NZ$16.88), mainly arrival time.",arrival_time;habit;travel_time,13.6476,1,555,False
284,3,PT,PT,,standing,,,,24.2399,1,585,False
285,3,PT,PT,,standing,,,,25.46,1,495,False
286,3,CAR_0715,CAR,435,standing,,,,27.3984,1,450,False
287,3,PT,PT,,standing,,,,18.5869,1,600,False
288,3,CAR_0900,CAR,540,rule,T5,"Chose to drive at 09:00 over drive at 08:45: lowest total cost (NZ$15.61 vs NZ$16.04), mainly travel time.",travel_time;arrival_time,15.6127,2,555,False
289,3,PT,PT,,standing,,,,21.6997,1,495,False
290,3,CAR_0745,CAR,465,standing,,,,8.6787,1,480,False
291,3,CAR_0800,CAR,480,standing,,,,15.1984,1,510,False
292,3,CAR_0800,CAR,480,standing,,,,1.6327,1,510,False
293,3,PT,PT,,standing,,,,31.9657,1,525,False
294,3,CAR_0715,CAR,435,standing,,,,10.6147,1,465,False
295,3,PT,PT,,standing,,,,19.378,1,480,False
296,3,CAR_0800,CAR,480,standing,,,,35.8031,9,495,False
297,3,CAR_0700,CAR,420,standing,,,,13.1221,1,465,False
298,3,PT,PT,,standing,,,,30.5886,1,540,False
299,3,CAR_0800,CAR,480,standing,,,,15.6886,7,495,False
0,4,CAR_0800,CAR,480,standing,,,,36.192,10,495,False
1,4,CAR_0715,CAR,435,standing,,,,15.5301,1,450,False
2,4,CAR_0715,CAR,435,standing,,,,5.8324,1,450,False
3,4,CAR_0800,CAR,480,rule,T3,"Chose to drive at 08:00 over drive at 08:15: lowest total cost (NZ$29.81 vs NZ$36.20), mainly arrival time.",arrival_time;travel_time,29.8099,1,510,False
4,4,PT,PT,,standing,,,,29.5959,1,525,False
5,4,CAR_0800,CAR,480,standing,,,,12.3919,2,495,False
6,4,CAR_0800,CAR,480,standing,,,,19.3919,10,510,False
7,4,CAR_0745,CAR,465,standing,,,,6.3013,1,480,False
8,4,PT,PT,,standing,,,,19.8437,1,525,False
9,4,CAR_0915,CAR,555,standing,,,,23.4683,1,570,False
10,4,CAR_0815,CAR,495,standing,,,,32.3945,7,525,False
11,4,CAR_0800,CAR,480,standing,,,,26.5142,1,495,False
12,4,CAR_0615,CAR,375,standing,,,,35.0452,3,420,True
13,4,CAR_0900,CAR,540,standing,,,,13.611,1,555,False
14,4,CAR_0930,CAR,570,standing,,,,27.5554,1,585,False
15,4,CAR_0745,CAR,465,standing,,,,34.658,1,495,False
16,4,PT,PT,,standing,,,,23.8509,1,450,False
17,4,CAR_0930,CAR,570,standing,,,,23.7648,1,600,False
18,4,CAR_0845,CAR,525,standing,,,,15.3635,1,555,False
19,4,CAR_0800,CAR,480,standing,,,,22.7527,1,495,False
20,4,CAR_0745,CAR,465,rule,T5,"Chose to drive at 07:45 over drive at 07:30: lowest total cost (NZ$11.65 vs NZ$24.21), mainly arrival time.",arrival_time;habit;travel_time,11.6481,1,480,False
21,4,CAR_0800,CAR,480,standing,,,,16.5969,1,510,False
22,4,CAR_0800,CAR,480,standing,,,,1.8299,1,510,False
23,4,PT,PT,,standing,,,,23.612,1,525,False
24,4,CAR_0715,CAR,435,standing,,,,10.4938,1,465,False
25,4,PT,PT,,standing,,,,23.4377,1,480,False
26,4,PT,PT,,standing,,,,20.602,1,495,False
27,4,CAR_0730,CAR,450,standing,,,,12.4979,1,465,False
28,4,PT,PT,,standing,,,,23.2635,1,540,False
29,4,CAR_0800,CAR,480,rule,T3,"Chose to drive at 08:00 over drive at 07:45: lowest total cost (NZ$16.56 vs NZ$15.50), mainly changing routine.",habit,16.5598,4,495,False
30,4,CAR_0630,CAR,390,standing,,,,28.6354,1,420,True
31,4,CAR_0815,CAR,495,standing,,,,32.8121,1,525,False
32,4,CAR_0815,CAR,495,standing,,,,21.0705,5,510,False
33,4,CAR_0800,CAR,480,rule,T3,"Chose to drive at 08:00 over drive at 07:45: lowest total cost (NZ$14.91 vs NZ$14.96), mainly changing routine.",habit,14.9147,1,495,False
34,4,CAR_0745,CAR,465,standing,,,,16.5404,1,495,False
35,4,CAR_0800,CAR,480,standing,,,,31.4786,1,510,False
36,4,CAR_0745,CAR,465,standing,,,,1.2818,1,480,False
37,4,CAR_0815,CAR,495,standing,,,,25.8708,6,510,False
38,4,CAR_0700,CAR,420,standing,,,,17.4671,1,450,False
39,4,PT,PT,,standing,,,,22.5886,1,480,False
40,4,CAR_0700,CAR,420,standing,,,,16.9478,1,435,False
41,4,CAR_0800,CAR,480,standing,,,,24.0891,10,510,False
42,4,CAR_0800,CAR,480,standing,,,,15.2065,1,525,False
43,4,CAR_0845,CAR,525,standing,,,,26.4411,1,540,False
44,4,CAR_0730,CAR,450,standing,,,,9.6198,1,465,False
45,4,CAR_0700,CAR,420,standing,,,,10.5223,1,435,False
46,4,CAR_0830,CAR,510,standing,,,,15.1621,2,540,False
47,4,CAR_0715,CAR,435,standing,,,,7.0294,1,450,False
48,4,PT,PT,,standing,,,,19.7335,1,510,False
49,4,CAR_0745,CAR,465,standing,,,,8.5756,1,510,False
50,4,CAR_0815,CAR,495,standing,,,,24.6425,1,510,False
51,4,CAR_0730,CAR,450,rule,T3;T5,"Chose to drive at 07:30 over drive at 08:15: lowest total cost (NZ$23.53 vs NZ$31.16), mainly travel time.",travel_time;arrival_time,23.5269,2,525,False
52,4,PT,PT,,standing,,,,24.4912,1,525,False
53,4,CAR_0800,CAR,480,standing,,,,18.5994,8,495,False
54,4,CAR_0715,CAR,435,standing,,,,3.9958,1,450,False
55,4,CAR_0700,CAR,420,standing,,,,1.1702,1,435,False
56,4,CAR_0815,CAR,495,standing,,,,7.0571,1,525,False
57,4,CAR_0715,CAR,435,standing,,,,19.998,1,450,False
58,4,CAR_0815,CAR,495,standing,,,,11.1777,1,510,False
59,4,CAR_0745,CAR,465,standing,,,,15.685,1,510,False
60,4,PT,PT,,standing,,,,20.9782,1,465,False
61,4,CAR_0800,CAR,480,standing,,,,36.1283,6,510,False
62,4,CAR_0745,CAR,465,standing,,,,23.1387,1,480,False
63,4,CAR_0745,CAR,465,standing,,,,21.1157,1,525,False
64,4,CAR_0730,CAR,450,standing,,,,33.8733,1,465,False
65,4,CAR_0730,CAR,450,rule,T6,"Chose to drive at 07:30 over drive at 08:15: lowest total cost (NZ$33.67 vs NZ$37.83), mainly travel time.",travel_time;arrival_time,33.6709,2,510,False
66,4,CAR_0800,CAR,480,standing,,,,26.5048,1,495,False
67,4,CAR_0615,CAR,375,rule,T3,"Chose to drive at 06:15 for the early start over drive at 08:15: lowest total cost (NZ$21.41 vs NZ$25.98), mainly travel time.",travel_time;arrival_time,21.4093,6,420,True
68,4,CAR_0730,CAR,450,standing,,,,16.8862,1,465,False
69,4,CAR_0830,CAR,510,standing,,,,22.8478,2,570,False
70,4,CAR_0800,CAR,480,standing,,,,14.8525,2,540,False
71,4,PT,PT,,standing,,,,32.5316,1,495,False
72,4,CAR_0700,CAR,420,standing,,,,9.1881,1,435,False
73,4,PT,PT,,standing,,,,31.0466,1,525,False
74,4,CAR_0845,CAR,525,standing,,,,20.7415,1,540,False
75,4,PT,PT,,standing,,,,24.4691,1,555,False
76,4,CAR_0730,CAR,450,standing,,,,13.2018,1,480,False
77,4,CAR_0700,CAR,420,standing,,,,19.9329,1,435,False
78,4,CAR_0945,CAR,585,standing,,,,19.416,1,585,False
79,4,CAR_0745,CAR,465,standing,,,,38.6052,1,525,False
80,4,CAR_0800,CAR,480,standing,,,,16.0912,1,495,False
81,4,CAR_0700,CAR,420,standing,,,,25.4824,1,435,False
82,4,PT,PT,,standing,,,,17.6253,1,510,False
83,4,CAR_0900,CAR,540,standing,,,,15.1844,1,555,False
84,4,CAR_0730,CAR,450,standing,,,,12.1524,1,465,False
85,4,PT,PT,,standing,,,,23.8139,1,525,False
86,4,CAR_0700,CAR,420,standing,,,,14.5069,1,435,False
87,4,CAR_0645,CAR,405,standing,,,,10.8702,3,450,False
88,4,CAR_0800,CAR,480,standing,,,,11.7575,4,510,False
89,4,CAR_0700,CAR,420,standing,,,,2.7325,1,465,False
90,4,PT,PT,,standing,,,,19.7719,1,525,False
91,4,CAR_0745,CAR,465,standing,,,,29.1254,1,495,False
92,4,CAR_0730,CAR,450,standing,,,,8.1427,1,495,False
93,4,CAR_0700,CAR,420,standing,,,,5.2424,1,435,False
94,4,CAR_0915,CAR,555,standing,,,,12.3413,1,570,False
95,4,CAR_0830,CAR,510,standing,,,,16.661,1,540,False
96,4,CAR_0730,CAR,450,standing,,,,22.7751,1,465,False
97,4,CAR_0845,CAR,525,standing,,,,35.0131,1,555,False
98,4,CAR_0800,CAR,480,standing,,,,17.5019,1,525,False
99,4,CAR_0745,CAR,465,standing,,,,16.5414,1,480,False
100,4,CAR_0800,CAR,480,standing,,,,14.2847,3,495,False
101,4,CAR_0645,CAR,405,standing,,,,14.1037,2,420,True
102,4,CAR_0815,CAR,495,standing,,,,42.5883,12,510,False
103,4,CAR_0800,CAR,480,standing,,,,11.3246,1,495,False
104,4,CAR_0730,CAR,450,standing,,,,11.1079,1,480,False
105,4,CAR_0700,CAR,420,standing,,,,1.5352,1,435,False
106,4,CAR_0800,CAR,480,standing,,,,15.5932,4,510,False
107,4,CAR_0645,CAR,405,standing,,,,15.2323,1,420,True
108,4,CAR_0800,CAR,480,standing,,,,20.5027,3,525,False
109,4,CAR_0645,CAR,405,standing,,,,10.0546,3,420,True
110,4,CAR_0845,CAR,525,standing,,,,8.0141,1,540,False
111,4,CAR_0930,CAR,570,standing,,,,2.8481,1,570,False
112,4,CAR_0715,CAR,435,standing,,,,14.6194,2,450,False
113,4,PT,PT,,standing,,,,27.1744,1,555,False
114,4,PT,PT,,standing,,,,20.2778,1,570,False
115,4,CAR_0815,CAR,495,standing,,,,19.3817,7,510,False
116,4,PT,PT,,standing,,,,19.8053,1,480,False
117,4,CAR_0745,CAR,465,standing,,,,6.3145,2,480,False
118,4,CAR_0915,CAR,555,standing,,,,4.3124,1,570,False
119,4,PT,PT,,standing,,,,19.5064,1,495,False
120,4,CAR_0700,CAR,420,standing,,,,10.9119,1,435,False
121,4,CAR_0845,CAR,525,standing,,,,15.5762,1,540,False
122,4,CAR_0845,CAR,525,standing,,,,23.6488,1,570,False
123,4,PT,PT,,standing,,,,22.2612,1,435,False
124,4,CAR_0645,CAR,405,standing,,,,7.6166,1,420,False
125,4,CAR_0630,CAR,390,standing,,,,2.2028,1,495,False
126,4,CAR_0645,CAR,405,standing,,,,26.4731,1,420,True
127,4,PT,PT,,standing,,,,22.0984,1,510,False
128,4,CAR_0730,CAR,450,standing,,,,20.7415,1,465,False
129,4,CAR_0700,CAR,420,standing,,,,21.4141,1,450,False
130,4,CAR_0815,CAR,495,standing,,,,22.6549,2,540,False
131,4,CAR_0730,CAR,450,standing,,,,17.7838,2,465,False
132,4,CAR_0630,CAR,390,standing,,,,28.2446,1,420,True
133,4,CAR_0800,CAR,480,standing,,,,16.2418,1,510,False
134,4,CAR_0800,CAR,480,standing,,,,16.4756,1,510,False
135,4,CAR_0800,CAR,480,standing,,,,20.23,1,525,False
136,4,CAR_0900,CAR,540,standing,,,,8.1538,1,555,False
137,4,CAR_0745,CAR,465,standing,,,,3.783,1,480,False
138,4,CAR_0745,CAR,465,standing,,,,21.305,1,510,False
139,4,CAR_0645,CAR,405,standing,,,,6.6878,2,420,True
140,4,CAR_0700,CAR,420,standing,,,,2.346,1,435,False
141,4,CAR_0700,CAR,420,standing,,,,19.8322,1,420,False
142,4,CAR_0800,CAR,480,standing,,,,3.3891,1,495,False
143,4,CAR_0745,CAR,465,standing,,,,2.3765,1,480,False
144,4,CAR_0800,CAR,480,standing,,,,9.119,1,495,False
145,4,CAR_0700,CAR,420,standing,,,,2.0744,1,435,False
146,4,PT,PT,,standing,,,,22.6123,1,495,False
147,4,CAR_0645,CAR,405,standing,,,,34.8824,1,420,True
148,4,CAR_0845,CAR,525,standing,,,,28.3023,1,555,False
149,4,CAR_0815,CAR,495,standing,,,,22.5197,3,540,False
150,4,CAR_0900,CAR,540,standing,,,,17.9093,1,555,False
151,4,CAR_0745,CAR,465,standing,,,,6.7686,1,480,False
152,4,CAR_0730,CAR,450,standing,,,,18.5562,1,495,False
153,4,CAR_0645,CAR,405,standing,,,,26.698,1,420,True
154,4,CAR_0900,CAR,540,standing,,,,5.3684,1,555,False
155,4,CAR_0900,CAR,540,standing,,,,12.4477,1,570,False
156,4,PT,PT,,standing,,,,27.5756,1,480,False
157,4,CAR_0715,CAR,435,standing,,,,10.3354,1,450,False
158,4,CAR_0815,CAR,495,standing,,,,36.9132,5,525,False
159,4,CAR_0730,CAR,450,standing,,,,16.1694,1,495,False
160,4,CAR_0900,CAR,540,standing,,,,20.7591,1,585,False
161,4,SKIP,SKIP,,rule,T6,"Chose to skip the trip over drive at 07:45: lowest total cost (NZ$35.53 vs NZ$38.70), mainly fuel.",other;travel_time,35.5316,1,,False
162,4,CAR_0815,CAR,495,standing,,,,15.0725,1,525,False
163,4,CAR_0800,CAR,480,standing,,,,39.9861,2,525,False
164,4,CAR_0730,CAR,450,standing,,,,27.8488,1,465,False
165,4,CAR_0830,CAR,510,standing,,,,16.3839,1,540,False
166,4,CAR_0830,CAR,510,standing,,,,91.0839,11,540,False
167,4,CAR_0745,CAR,465,standing,,,,12.091,1,480,False
168,4,CAR_0900,CAR,540,standing,,,,8.251,1,555,False
169,4,CAR_0745,CAR,465,standing,,,,13.2703,2,480,False
170,4,CAR_0800,CAR,480,standing,,,,24.1972,1,495,False
171,4,CAR_0815,CAR,495,standing,,,,8.238,1,525,False
172,4,CAR_0815,CAR,495,standing,,,,28.8244,8,540,False
173,4,CAR_0830,CAR,510,standing,,,,5.2627,1,540,False
174,4,CAR_0700,CAR,420,standing,,,,17.6319,1,435,False
175,4,CAR_0700,CAR,420,standing,,,,28.4685,1,435,False
176,4,CAR_0730,CAR,450,standing,,,,22.5441,3,525,False
177,4,PT,PT,,standing,,,,23.8378,1,510,False
178,4,PT,PT,,standing,,,,17.8326,1,510,False
179,4,CAR_0745,CAR,465,standing,,,,16.02,1,480,False
180,4,PT,PT,,standing,,,,19.9963,1,465,False
181,4,CAR_0915,CAR,555,standing,,,,23.2379,1,570,False
182,4,CAR_0830,CAR,510,standing,,,,27.5735,1,525,False
183,4,PT,PT,,standing,,,,18.8997,1,480,False
184,4,CAR_0745,CAR,465,standing,,,,4.7546,1,480,False
185,4,PT,PT,,standing,,,,25.7801,1,525,False
186,4,CAR_0730,CAR,450,standing,,,,8.9588,1,465,False
187,4,CAR_0745,CAR,465,rule,T3,"Chose to drive at 07:45 over drive at 08:00: lowest total cost (NZ$18.33 vs NZ$23.99), mainly arrival time.",arrival_time;travel_time,18.3265,1,495,False
188,4,CAR_0800,CAR,480,standing,,,,3.8255,1,495,False
189,4,CAR_0715,CAR,435,standing,,,,25.0589,1,450,False
190,4,CAR_0900,CAR,540,standing,,,,24.0946,1,555,False
191,4,CAR_0900,CAR,540,standing,,,,14.8235,1,570,False
192,4,PT,PT,,standing,,,,23.7715,1,420,False
193,4,PT,PT,,standing,,,,28.5828,1,540,False
194,4,CAR_0830,CAR,510,standing,,,,11.9624,1,570,False
195,4,CAR_0745,CAR,465,standing,,,,11.163,1,480,False
196,4,CAR_0730,CAR,450,standing,,,,18.1968,1,465,False
197,4,CAR_0645,CAR,405,standing,,,,9.3151,2,435,False
198,4,CAR_0730,CAR,450,standing,,,,10.4965,1,465,False
199,4,CAR_0645,CAR,405,rule,T3;T5,"Chose to drive at 06:45 for the early start over drive at 08:15: lowest total cost (NZ$18.68 vs NZ$24.33), mainly travel time.",travel_time;arrival_time,18.6755,2,420,True
200,4,CAR_0630,CAR,390,standing,,,,18.5788,1,420,True
201,4,PT,PT,,standing,,,,34.4781,1,465,False
202,4,CAR_0715,CAR,435,standing,,,,12.9807,1,465,False
203,4,CAR_0845,CAR,525,standing,,,,26.0989,1,555,False
204,4,CAR_0800,CAR,480,standing,,,,24.9874,1,495,False
205,4,CAR_0915,CAR,555,standing,,,,10.329,1,570,False
206,4,CAR_0800,CAR,480,standing,,,,16.8614,1,525,False
207,4,CAR_0800,CAR,480,standing,,,,26.2007,1,495,False
208,4,CAR_0800,CAR,480,standing,,,,21.2824,1,495,False
209,4,CAR_0700,CAR,420,standing,,,,3.8852,1,435,False
210,4,CAR_0900,CAR,540,standing,,,,27.1522,1,555,False
211,4,CAR_0930,CAR,570,standing,,,,22.6378,1,585,False
212,4,CAR_0830,CAR,510,standing,,,,25.8948,1,540,False
213,4,CAR_0800,CAR,480,standing,,,,30.5576,8,510,False
214,4,PT,PT,,standing,,,,24.9724,1,555,False
215,4,CAR_0745,CAR,465,standing,,,,16.6701,1,525,False
216,4,CAR_0745,CAR,465,standing,,,,4.3456,1,495,False
217,4,CAR_0745,CAR,465,standing,,,,37.0582,4,480,False
218,4,SKIP,SKIP,,rule,T3,"Chose to skip the trip over drive at 08:00: lowest total cost (NZ$42.50 vs NZ$59.47), mainly fuel.",other;arrival_time,42.5026,1,,False
219,4,CAR_0800,CAR,480,standing,,,,22.5104,1,510,False
220,4,CAR_0845,CAR,525,standing,,,,10.0032,1,540,False
221,4,CAR_0730,CAR,450,standing,,,,12.4932,1,465,False
222,4,CAR_0715,CAR,435,standing,,,,9.1743,1,450,False
223,4,CAR_0745,CAR,465,standing,,,,27.3153,1,480,False
224,4,CAR_0745,CAR,465,standing,,,,17.2679,1,525,False
225,4,CAR_0700,CAR,420,standing,,,,27.3652,1,435,False
226,4,CAR_0845,CAR,525,standing,,,,24.6469,1,570,False
227,4,CAR_0815,CAR,495,standing,,,,27.8628,6,540,False
228,4,CAR_0630,CAR,390,standing,,,,4.9272,3,420,False
229,4,PT,PT,,standing,,,,24.5162,1,525,False
230,4,CAR_0715,CAR,435,standing,,,,15.0833,2,450,False
231,4,CAR_0700,CAR,420,standing,,,,10.2579,1,435,False
232,4,CAR_0815,CAR,495,standing,,,,17.4254,11,540,False
233,4,CAR_0800,CAR,480,standing,,,,37.0298,4,495,False
234,4,CAR_0745,CAR,465,standing,,,,11.2633,1,480,False
235,4,CAR_0745,CAR,465,standing,,,,40.2125,3,480,False
236,4,CAR_0915,CAR,555,standing,,,,20.1823,1,570,False
237,4,CAR_0745,CAR,465,standing,,,,24.2149,1,525,False
238,4,CAR_0745,CAR,465,standing,,,,16.0674,1,495,False
239,4,PT,PT,,standing,,,,32.2377,1,525,False
240,4,CAR_0645,CAR,405,standing,,,,7.7972,1,420,False
241,4,CAR_0645,CAR,405,standing,,,,15.0901,1,450,False
242,4,CAR_0900,CAR,540,standing,,,,21.8618,1,555,False
243,4,CAR_0900,CAR,540,standing,,,,15.661,1,540,False
244,4,CAR_0715,CAR,435,standing,,,,19.7681,1,450,False
245,4,CAR_0815,CAR,495,standing,,,,11.6207,11,510,False
246,4,CAR_0945,CAR,585,standing,,,,26.1354,1,600,False
247,4,CAR_0815,CAR,495,standing,,,,39.6088,9,510,False
248,4,CAR_0915,CAR,555,standing,,,,25.2973,1,570,False
249,4,CAR_0800,CAR,480,standing,,,,11.5214,2,525,False
250,4,CAR_0845,CAR,525,standing,,,,29.4349,1,540,False
251,4,CAR_0800,CAR,480,standing,,,,29.3503,8,510,False
252,4,CAR_0715,CAR,435,standing,,,,39.3336,1,450,False
253,4,CAR_0845,CAR,525,standing,,,,8.9994,1,540,False
254,4,PT,PT,,standing,,,,23.0579,1,495,False
255,4,CAR_0730,CAR,450,standing,,,,27.2141,1,465,False
256,4,CAR_0745,CAR,465,standing,,,,42.7461,5,525,False
257,4,CAR_0730,CAR,450,standing,,,,7.8094,1,465,False
258,4,CAR_0700,CAR,420,standing,,,,10.4236,1,435,False
259,4,CAR_0800,CAR,480,standing,,,,38.0335,2,510,False
260,4,PT,PT,,standing,,,,21.93,1,510,False
261,4,CAR_0830,CAR,510,standing,,,,24.9634,1,525,False
262,4,CAR_0730,CAR,450,standing,,,,27.8013,1,510,False
263,4,PT,PT,,standing,,,,32.0327,1,465,False
264,4,CAR_0630,CAR,390,standing,,,,6.5555,5,420,True
265,4,CAR_0915,CAR,555,standing,,,,24.5118,1,570,False
266,4,CAR_0800,CAR,480,standing,,,,29.4587,1,510,False
267,4,CAR_0815,CAR,495,standing,,,,41.5051,4,525,False
268,4,CAR_0645,CAR,405,rule,T3,"Chose to drive at 06:45 for the early start over drive at 08:00: lowest total cost (NZ$40.00 vs NZ$62.11), mainly arrival time.",arrival_time;travel_time,40.0007,1,420,True
269,4,CAR_0845,CAR,525,standing,,,,39.5152,1,555,False
270,4,CAR_0715,CAR,435,standing,,,,32.8242,1,495,False
271,4,CAR_0715,CAR,435,standing,,,,14.7762,1,450,False
272,4,CAR_0715,CAR,435,standing,,,,5.9449,1,450,False
273,4,CAR_0800,CAR,480,rule,T5,"Chose to drive at 08:00 over drive at 07:45: lowest total cost (NZ$32.09 vs NZ$33.26), mainly changing routine.",habit;arrival_time,32.0904,1,510,False
274,4,CAR_0815,CAR,495,standing,,,,34.1994,1,525,False
275,4,CAR_0800,CAR,480,standing,,,,11.732,1,495,False
276,4,CAR_0645,CAR,405,standing,,,,16.9883,1,420,True
277,4,CAR_0745,CAR,465,standing,,,,6.3595,1,480,False
278,4,PT,PT,,standing,,,,24.4987,1,525,False
279,4,CAR_0915,CAR,555,standing,,,,23.4718,1,570,False
280,4,CAR_0815,CAR,495,standing,,,,34.0686,7,525,False
281,4,PT,PT,,standing,,,,22.2882,1,495,False
282,4,PT,PT,,standing,,,,26.3611,1,525,False
283,4,CAR_0900,CAR,540,standing,,,,13.6597,1,555,False
284,4,PT,PT,,standing,,,,24.2399,1,585,False
285,4,PT,PT,,standing,,,,25.46,1,495,False
286,4,CAR_0715,CAR,435,standing,,,,28.0379,1,450,False
287,4,PT,PT,,standing,,,,18.5869,1,600,False
288,4,CAR_0900,CAR,540,standing,,,,14.6726,1,555,False
289,4,PT,PT,,standing,,,,21.6997,1,495,False
290,4,CAR_0745,CAR,465,standing,,,,8.9128,1,480,False
291,4,CAR_0800,CAR,480,standing,,,,15.9717,1,510,False
292,4,CAR_0800,CAR,480,standing,,,,1.8186,1,510,False
293,4,PT,PT,,standing,,,,31.9657,1,525,False
294,4,CAR_0715,CAR,435,standing,,,,10.6057,1,465,False
295,4,PT,PT,,standing,,,,19.378,1,480,False
296,4,CAR_0800,CAR,480,standing,,,,33.5698,6,495,False
297,4,CAR_0700,CAR,420,standing,,,,13.12,1,465,False
298,4,PT,PT,,standing,,,,30.5886,1,540,False
299,4,CAR_0800,CAR,480,standing,,,,16.0999,8,495,False
0,5,CAR_0800,CAR,480,standing,,,,35.7722,9,495,False
1,5,CAR_0715,CAR,435,standing,,,,15.5221,1,450,False
2,5,CAR_0715,CAR,435,standing,,,,5.8567,1,450,False
3,5,CAR_0800,CAR,480,standing,,,,29.866,1,510,False
4,5,PT,PT,,standing,,,,29.5959,1,525,False
5,5,CAR_0800,CAR,480,standing,,,,12.3416,2,495,False
6,5,CAR_0800,CAR,480,standing,,,,18.8891,10,510,False
7,5,CAR_0745,CAR,465,standing,,,,6.2889,1,480,False
8,5,PT,PT,,standing,,,,19.8437,1,525,False
9,5,CAR_0915,CAR,555,standing,,,,23.4603,1,570,False
10,5,CAR_0800,CAR,480,rule,T5,"Chose to drive at 08:00 over drive at 08:15: lowest total cost (NZ$29.05 vs NZ$30.15), mainly travel time.",travel_time;arrival_time,29.0525,3,525,False
11,5,CAR_0800,CAR,480,rule,T5,"Chose to drive at 08:00 over drive at 07:30: lowest total cost (NZ$26.24 vs NZ$28.68), mainly changing routine.",habit;arrival_time,26.2352,1,495,False
12,5,CAR_0615,CAR,375,standing,,,,35.0452,3,420,True
13,5,CAR_0900,CAR,540,standing,,,,13.5884,1,555,False
14,5,CAR_0930,CAR,570,standing,,,,27.5554,1,585,False
15,5,CAR_0745,CAR,465,standing,,,,34.6349,1,495,False
16,5,PT,PT,,standing,,,,23.8509,1,450,False
17,5,CAR_0930,CAR,570,standing,,,,23.7648,1,600,False
18,5,CAR_0845,CAR,525,standing,,,,15.073,1,555,False
19,5,CAR_0800,CAR,480,standing,,,,23.5401,1,495,False
20,5,CAR_0745,CAR,465,standing,,,,11.5818,1,480,False
21,5,CAR_0800,CAR,480,standing,,,,16.4749,1,510,False
22,5,CAR_0800,CAR,480,standing,,,,1.8867,1,510,False
23,5,PT,PT,,standing,,,,23.612,1,525,False
24,5,CAR_0715,CAR,435,standing,,,,10.4695,1,465,False
25,5,PT,PT,,standing,,,,23.4377,1,480,False
26,5,PT,PT,,standing,,,,20.602,1,495,False
27,5,CAR_0730,CAR,450,standing,,,,12.7903,1,465,False
28,5,PT,PT,,standing,,,,23.2635,1,540,False
29,5,CAR_0800,CAR,480,standing,,,,15.8573,2,495,False
30,5,CAR_0630,CAR,390,standing,,,,28.6354,1,420,True
31,5,CAR_0815,CAR,495,standing,,,,30.6443,1,525,False
32,5,CAR_0815,CAR,495,standing,,,,19.7637,4,510,False
33,5,CAR_0800,CAR,480,rule,T3,"Chose to drive at 08:00 over drive at 07:45: lowest total cost (NZ$14.89 vs NZ$14.91), mainly changing routine.",habit,14.8926,1,495,False
34,5,CAR_0745,CAR,465,standing,,,,16.5418,1,495,False
35,5,CAR_0800,CAR,480,standing,,,,31.3729,1,510,False
36,5,CAR_0745,CAR,465,standing,,,,1.2905,1,480,False
37,5,CAR_0815,CAR,495,standing,,,,25.3612,6,510,False
38,5,CAR_0700,CAR,420,standing,,,,17.4635,1,450,False
39,5,PT,PT,,standing,,,,22.5886,1,480,False
40,5,CAR_0700,CAR,420,standing,,,,16.9468,1,435,False
41,5,CAR_0630,CAR,390,rule,T5,"Chose to drive at 06:30 for the early start over drive at 08:00: lowest total cost (NZ$12.33 vs NZ$23.35), mainly travel time.",travel_time;arrival_time,12.3266,1,420,True
42,5,CAR_0800,CAR,480,standing,,,,14.9502,1,525,False
43,5,CAR_0845,CAR,525,standing,,,,26.3804,1,540,False
44,5,CAR_0730,CAR,450,standing,,,,9.6785,1,465,False
45,5,CAR_0700,CAR,420,standing,,,,10.5024,1,435,False
46,5,CAR_0845,CAR,525,rule,T5,"Chose to drive at 08:45 over drive at 08:30: lowest total cost (NZ$13.83 vs NZ$13.15), mainly travel time.",travel_time;arrival_time,13.8332,2,540,False
47,5,CAR_0715,CAR,435,standing,,,,7.0284,1,450,False
48,5,PT,PT,,standing,,,,19.7335,1,510,False
49,5,CAR_0745,CAR,465,standing,,,,8.5361,1,510,False
50,5,CAR_0815,CAR,495,standing,,,,24.0987,1,510,False
51,5,CAR_0730,CAR,450,standing,,,,20.2382,1,525,False
52,5,PT,PT,,standing,,,,24.4912,1,525,False
53,5,CAR_0800,CAR,480,standing,,,,17.9848,8,495,False
54,5,CAR_0715,CAR,435,standing,,,,3.9952,1,450,False
55,5,CAR_0700,CAR,420,standing,,,,1.1708,1,435,False
56,5,CAR_0815,CAR,495,standing,,,,6.9193,1,525,False
57,5,CAR_0715,CAR,435,standing,,,,19.9631,1,450,False
58,5,CAR_0815,CAR,495,standing,,,,10.0326,1,510,False
59,5,CAR_0745,CAR,465,standing,,,,15.6179,1,510,False
60,5,PT,PT,,standing,,,,20.9782,1,465,False
61,5,CAR_0800,CAR,480,standing,,,,34.6547,7,510,False
62,5,CAR_0745,CAR,465,standing,,,,23.1012,1,480,False
63,5,CAR_0745,CAR,465,standing,,,,21.2595,1,525,False
64,5,CAR_0730,CAR,450,standing,,,,33.8383,1,465,False
65,5,CAR_0730,CAR,450,standing,,,,33.7551,2,510,False
66,5,CAR_0800,CAR,480,standing,,,,26.5048,1,495,False
67,5,CAR_0615,CAR,375,standing,,,,19.4093,1,420,True
68,5,CAR_0730,CAR,450,standing,,,,18.3649,2,465,False
69,5,CAR_0830,CAR,510,standing,,,,22.7989,2,570,False
70,5,CAR_0800,CAR,480,standing,,,,15.2882,3,540,False
71,5,PT,PT,,standing,,,,32.5316,1,495,False
72,5,CAR_0700,CAR,420,standing,,,,9.1881,1,435,False
73,5,PT,PT,,standing,,,,31.0466,1,525,False
74,5,CAR_0845,CAR,525,standing,,,,20.7353,1,540,False
75,5,PT,PT,,standing,,,,24.4691,1,555,False
76,5,CAR_0730,CAR,450,standing,,,,13.1915,1,480,False
77,5,CAR_0700,CAR,420,standing,,,,19.9313,1,435,False
78,5,CAR_0945,CAR,585,standing,,,,19.416,1,585,False
79,5,CAR_0745,CAR,465,standing,,,,38.6945,1,525,False
80,5,CAR_0800,CAR,480,standing,,,,16.0912,1,495,False
81,5,CAR_0700,CAR,420,standing,,,,25.4887,1,435,False
82,5,PT,PT,,standing,,,,17.6253,1,510,False
83,5,CAR_0900,CAR,540,standing,,,,15.1844,1,555,False
84,5,CAR_0730,CAR,450,standing,,,,12.1524,1,465,False
85,5,PT,PT,,standing,,,,23.8139,1,525,False
86,5,CAR_0700,CAR,420,standing,,,,14.481,1,435,False
87,5,CAR_0645,CAR,405,standing,,,,10.8702,3,450,False
88,5,CAR_0800,CAR,480,standing,,,,11.1095,3,510,False
89,5,CAR_0700,CAR,420,standing,,,,2.7235,1,465,False
90,5,PT,PT,,standing,,,,19.7719,1,525,False
91,5,CAR_0745,CAR,465,standing,,,,29.145,1,495,False
92,5,CAR_0730,CAR,450,standing,,,,8.1421,1,495,False
93,5,CAR_0700,CAR,420,standing,,,,5.2424,1,435,False
94,5,CAR_0915,CAR,555,standing,,,,12.335,1,570,False
95,5,CAR_0830,CAR,510,standing,,,,16.7078,1,540,False
96,5,CAR_0730,CAR,450,standing,,,,22.744,1,465,False
97,5,CAR_0845,CAR,525,standing,,,,34.9658,1,555,False
98,5,CAR_0800,CAR,480,standing,,,,17.4545,1,525,False
99,5,CAR_0745,CAR,465,standing,,,,17.4552,1,480,False
100,5,CAR_0800,CAR,480,standing,,,,14.5044,3,495,False
101,5,CAR_0645,CAR,405,standing,,,,14.2268,2,420,True
102,5,CAR_0815,CAR,495,standing,,,,40.6904,12,510,False
103,5,CAR_0800,CAR,480,standing,,,,11.3246,1,495,False
104,5,CAR_0730,CAR,450,standing,,,,11.1112,1,480,False
105,5,CAR_0700,CAR,420,standing,,,,1.5351,1,435,False
106,5,CAR_0800,CAR,480,standing,,,,15.2204,3,510,False
107,5,CAR_0645,CAR,405,standing,,,,15.2323,2,420,True
108,5,CAR_0800,CAR,480,standing,,,,20.4649,2,525,False
109,5,CAR_0645,CAR,405,standing,,,,10.055,3,420,True
110,5,CAR_0845,CAR,525,standing,,,,7.0058,1,540,False
111,5,CAR_0930,CAR,570,standing,,,,2.8467,1,570,False
112,5,CAR_0715,CAR,435,standing,,,,14.6091,2,450,False
113,5,PT,PT,,standing,,,,27.1744,1,555,False
114,5,PT,PT,,standing,,,,20.2778,1,570,False
115,5,CAR_0815,CAR,495,standing,,,,16.1234,7,510,False
116,5,PT,PT,,standing,,,,19.8053,1,480,False
117,5,CAR_0745,CAR,465,standing,,,,7.5634,3,480,False
118,5,CAR_0915,CAR,555,standing,,,,4.3124,1,570,False
119,5,PT,PT,,standing,,,,19.5064,1,495,False
120,5,CAR_0700,CAR,420,standing,,,,10.8948,1,435,False
121,5,CAR_0845,CAR,525,standing,,,,15.5793,1,540,False
122,5,CAR_0845,CAR,525,standing,,,,23.6475,1,570,False
123,5,PT,PT,,standing,,,,22.2612,1,435,False
124,5,CAR_0645,CAR,405,standing,,,,7.6166,1,420,False
125,5,CAR_0630,CAR,390,standing,,,,2.2028,1,495,False
126,5,CAR_0645,CAR,405,standing,,,,26.4731,1,420,True
127,5,PT,PT,,standing,,,,22.0984,1,510,False
128,5,CAR_0730,CAR,450,standing,,,,20.6844,1,465,False
129,5,CAR_0700,CAR,420,standing,,,,21.4459,1,450,False
130,5,CAR_0845,CAR,525,rule,T5,"Chose to drive at 08:45 over drive at 08:15: lowest total cost (NZ$22.02 vs NZ$21.55), mainly travel time.",travel_time,22.022,2,540,False
131,5,CAR_0730,CAR,450,standing,,,,16.0596,2,465,False
132,5,CAR_0630,CAR,390,standing,,,,28.2446,1,420,True
133,5,CAR_0800,CAR,480,standing,,,,15.639,1,510,False
134,5,CAR_0800,CAR,480,standing,,,,16.1985,1,510,False
135,5,CAR_0800,CAR,480,rule,T5,"Chose to drive at 08:00 over drive at 07:45: lowest total cost (NZ$20.26 vs NZ$21.66), mainly changing routine.",habit;arrival_time,20.2555,1,525,False
136,5,CAR_0900,CAR,540,standing,,,,8.1289,1,555,False
137,5,CAR_0745,CAR,465,standing,,,,3.7462,1,480,False
138,5,CAR_0745,CAR,465,standing,,,,21.2975,1,510,False
139,5,CAR_0645,CAR,405,standing,,,,6.6919,2,420,True
140,5,CAR_0700,CAR,420,standing,,,,2.3481,1,435,False
141,5,CAR_0700,CAR,420,standing,,,,19.8322,1,420,False
142,5,CAR_0800,CAR,480,standing,,,,3.3733,1,495,False
143,5,CAR_0745,CAR,465,standing,,,,2.3298,1,480,False
144,5,CAR_0800,CAR,480,standing,,,,8.8858,1,495,False
145,5,CAR_0700,CAR,420,standing,,,,2.0744,1,435,False
146,5,PT,PT,,standing,,,,22.6123,1,495,False
147,5,CAR_0645,CAR,405,standing,,,,34.9552,1,420,True
148,5,CAR_0845,CAR,525,standing,,,,28.2718,1,555,False
149,5,CAR_0815,CAR,495,standing,,,,21.6573,3,540,False
150,5,CAR_0900,CAR,540,standing,,,,17.9093,1,555,False
151,5,CAR_0745,CAR,465,standing,,,,6.6876,1,480,False
152,5,CAR_0730,CAR,450,standing,,,,18.5386,1,495,False
153,5,CAR_0645,CAR,405,standing,,,,26.698,1,420,True
154,5,CAR_0900,CAR,540,standing,,,,5.3767,1,555,False
155,5,CAR_0900,CAR,540,standing,,,,12.4475,1,570,False
156,5,PT,PT,,standing,,,,27.5756,1,480,False
157,5,CAR_0715,CAR,435,standing,,,,10.3321,1,450,False
158,5,CAR_0815,CAR,495,standing,,,,33.9999,2,525,False
159,5,CAR_0730,CAR,450,standing,,,,16.0633,1,495,False
160,5,CAR_0900,CAR,540,standing,,,,20.7591,1,585,False
161,5,SKIP,SKIP,,rule,T6,"Chose to skip the trip over drive at 07:45: lowest total cost (NZ$35.53 vs NZ$38.71), mainly fuel.",other;travel_time,35.5316,1,,False
162,5,CAR_0815,CAR,495,standing,,,,14.9061,1,525,False
163,5,CAR_0800,CAR,480,standing,,,,39.9652,1,525,False
164,5,CAR_0730,CAR,450,standing,,,,27.8413,1,465,False
165,5,CAR_0830,CAR,510,standing,,,,15.6895,1,540,False
166,5,CAR_0830,CAR,510,standing,,,,52.2961,5,540,False
167,5,CAR_0745,CAR,465,standing,,,,12.0543,1,480,False
168,5,CAR_0900,CAR,540,standing,,,,8.2525,1,555,False
169,5,CAR_0745,CAR,465,standing,,,,12.5737,2,480,False
170,5,CAR_0800,CAR,480,standing,,,,24.1392,1,495,False
171,5,CAR_0815,CAR,495,standing,,,,7.6876,1,525,False
172,5,CAR_0845,CAR,525,rule,T5,"Chose to drive at 08:45 over drive at 08:15: lowest total cost (NZ$25.83 vs NZ$26.86), mainly travel time.",travel_time,25.8274,1,540,False
173,5,CAR_0830,CAR,510,standing,,,,5.1702,1,540,False
174,5,CAR_0700,CAR,420,standing,,,,17.6343,1,435,False
175,5,CAR_0700,CAR,420,standing,,,,28.4736,1,435,False
176,5,CAR_0730,CAR,450,standing,,,,22.5601,3,525,False
177,5,PT,PT,,standing,,,,23.8378,1,510,False
178,5,PT,PT,,standing,,,,17.8326,1,510,False
179,5,CAR_0745,CAR,465,standing,,,,16.3576,1,480,False
180,5,PT,PT,,standing,,,,19.9963,1,465,False
181,5,CAR_0915,CAR,555,standing,,,,23.2379,1,570,False
182,5,CAR_0830,CAR,510,standing,,,,27.5735,1,525,False
183,5,PT,PT,,standing,,,,18.8997,1,480,False
184,5,CAR_0745,CAR,465,standing,,,,5.5826,1,480,False
185,5,PT,PT,,standing,,,,25.7801,1,525,False
186,5,CAR_0730,CAR,450,standing,,,,8.9046,1,465,False
187,5,CAR_0745,CAR,465,standing,,,,17.4137,1,495,False
188,5,CAR_0800,CAR,480,standing,,,,3.9772,1,495,False
189,5,CAR_0715,CAR,435,standing,,,,25.0419,1,450,False
190,5,CAR_0900,CAR,540,standing,,,,24.0946,1,555,False
191,5,CAR_0900,CAR,540,standing,,,,14.8235,1,570,False
192,5,PT,PT,,standing,,,,23.7715,1,420,False
193,5,PT,PT,,standing,,,,28.5828,1,540,False
194,5,CAR_0830,CAR,510,standing,,,,11.9537,1,570,False
195,5,CAR_0745,CAR,465,standing,,,,11.0685,1,480,False
196,5,CAR_0730,CAR,450,standing,,,,20.27,1,465,False
197,5,CAR_0645,CAR,405,standing,,,,9.3151,2,435,False
198,5,CAR_0730,CAR,450,standing,,,,10.6024,1,465,False
199,5,CAR_0645,CAR,405,standing,,,,16.8682,1,420,True
200,5,CAR_0630,CAR,390,standing,,,,18.5788,1,420,True
201,5,PT,PT,,standing,,,,34.4781,1,465,False
202,5,CAR_0715,CAR,435,standing,,,,12.9376,2,465,False
203,5,CAR_0845,CAR,525,standing,,,,26.0983,1,555,False
204,5,CAR_0800,CAR,480,standing,,,,24.7243,1,495,False
205,5,CAR_0915,CAR,555,standing,,,,10.329,1,570,False
206,5,CAR_0800,CAR,480,standing,,,,16.8967,1,525,False
207,5,CAR_0800,CAR,480,standing,,,,25.3599,1,495,False
208,5,CAR_0800,CAR,480,standing,,,,21.2417,1,495,False
209,5,CAR_0700,CAR,420,standing,,,,3.8852,1,435,False
210,5,CAR_0900,CAR,540,standing,,,,27.1522,1,555,False
211,5,CAR_0930,CAR,570,standing,,,,22.6378,1,585,False
212,5,CAR_0830,CAR,510,standing,,,,25.9122,1,540,False
213,5,CAR_0800,CAR,480,standing,,,,30.0989,8,510,False
214,5,PT,PT,,standing,,,,24.9724,1,555,False
215,5,CAR_0745,CAR,465,standing,,,,16.6926,1,525,False
216,5,CAR_0745,CAR,465,standing,,,,4.3269,1,495,False
217,5,CAR_0745,CAR,465,standing,,,,36.7325,4,480,False
218,5,CAR_0745,CAR,465,rule,T6,"Chose to drive at 07:45 over drive at 08:00: lowest total cost (NZ$43.46 vs NZ$60.71), mainly arrival time.",arrival_time;travel_time,43.46,2,510,False
219,5,CAR_0800,CAR,480,standing,,,,22.427,1,510,False
220,5,CAR_0845,CAR,525,standing,,,,9.9137,1,540,False
221,5,CAR_0730,CAR,450,standing,,,,12.4856,1,465,False
222,5,CAR_0715,CAR,435,standing,,,,9.1435,1,450,False
223,5,CAR_0745,CAR,465,standing,,,,27.444,1,480,False
224,5,CAR_0745,CAR,465,standing,,,,17.1889,1,525,False
225,5,CAR_0700,CAR,420,standing,,,,27.3652,1,435,False
226,5,CAR_0845,CAR,525,standing,,,,24.6469,1,570,False
227,5,CAR_0815,CAR,495,standing,,,,27.114,5,540,False
228,5,CAR_0630,CAR,390,standing,,,,4.9272,3,420,False
229,5,PT,PT,,standing,,,,24.5162,1,525,False
230,5,CAR_0715,CAR,435,standing,,,,15.0579,2,450,False
231,5,CAR_0700,CAR,420,standing,,,,10.257,1,435,False
232,5,CAR_0815,CAR,495,standing,,,,14.6871,7,540,False
233,5,CAR_0800,CAR,480,standing,,,,35.3717,3,495,False
234,5,CAR_0745,CAR,465,standing,,,,11.7933,1,480,False
235,5,CAR_0745,CAR,465,standing,,,,40.9594,3,480,False
236,5,CAR_0915,CAR,555,standing,,,,20.1823,1,570,False
237,5,CAR_0745,CAR,465,standing,,,,24.2613,1,525,False
238,5,CAR_0745,CAR,465,standing,,,,16.0342,1,495,False
239,5,PT,PT,,standing,,,,32.2377,1,525,False
240,5,CAR_0645,CAR,405,standing,,,,7.8248,1,420,False
241,5,CAR_0645,CAR,405,standing,,,,15.1108,1,450,False
242,5,CAR_0900,CAR,540,standing,,,,21.8734,1,555,False
243,5,CAR_0900,CAR,540,standing,,,,15.6575,1,540,False
244,5,CAR_0715,CAR,435,standing,,,,19.8444,1,450,False
245,5,CAR_0700,CAR,420,rule,T5,"Chose to drive at 07:00 for the early start over drive at 08:15: lowest total cost (NZ$4.80 vs NZ$9.46), mainly travel time.",travel_time,4.8045,2,420,True
246,5,CAR_0945,CAR,585,standing,,,,26.1354,1,600,False
247,5,CAR_0815,CAR,495,standing,,,,38.1669,9,510,False
248,5,CAR_0915,CAR,555,standing,,,,25.2951,1,570,False
249,5,CAR_0800,CAR,480,standing,,,,11.294,2,525,False
250,5,CAR_0845,CAR,525,standing,,,,29.4171,1,540,False
251,5,CAR_0745,CAR,465,rule,T3;T5,"Chose to drive at 07:45 over drive at 08:00: lowest total cost (NZ$24.58 vs NZ$28.80), mainly arrival time.",arrival_time;travel_time,24.5764,1,510,False
252,5,CAR_0715,CAR,435,standing,,,,39.3224,1,450,False
253,5,CAR_0845,CAR,525,standing,,,,9.046,1,540,False
254,5,PT,PT,,standing,,,,23.0579,1,495,False
255,5,CAR_0730,CAR,450,standing,,,,27.2419,1,465,False
256,5,CAR_0745,CAR,465,standing,,,,42.4087,5,525,False
257,5,CAR_0730,CAR,450,standing,,,,7.8487,1,465,False
258,5,CAR_0700,CAR,420,standing,,,,10.4207,1,435,False
259,5,CAR_0800,CAR,480,standing,,,,36.5447,1,510,False
260,5,PT,PT,,standing,,,,21.93,1,510,False
261,5,CAR_0830,CAR,510,standing,,,,24.9634,1,525,False
262,5,CAR_0730,CAR,450,standing,,,,27.7993,1,510,False
263,5,PT,PT,,standing,,,,32.0327,1,465,False
264,5,CAR_0630,CAR,390,standing,,,,6.5555,5,420,True
265,5,CAR_0915,CAR,555,standing,,,,24.5118,1,570,False
266,5,CAR_0800,CAR,480,standing,,,,29.2533,1,510,False
267,5,CAR_0815,CAR,495,standing,,,,38.205,2,525,False
268,5,CAR_0645,CAR,405,standing,,,,36.6987,1,420,True
269,5,CAR_0845,CAR,525,standing,,,,39.5508,1,555,False
270,5,CAR_0715,CAR,435,standing,,,,32.7489,1,495,False
271,5,CAR_0715,CAR,435,standing,,,,14.7694,1,450,False
272,5,CAR_0715,CAR,435,standing,,,,5.9466,1,450,False
273,5,CAR_0800,CAR,480,standing,,,,32.4552,1,510,False
274,5,CAR_0815,CAR,495,rule,T5,"Chose to drive at 08:15 over drive at 07:30: lowest total cost (NZ$33.28 vs NZ$34.66), mainly changing routine.",habit;arrival_time,33.2752,1,525,False
275,5,CAR_0800,CAR,480,standing,,,,11.5549,1,495,False
276,5,CAR_0645,CAR,405,standing,,,,16.964,1,420,True
277,5,CAR_0745,CAR,465,standing,,,,6.3595,1,480,False
278,5,PT,PT,,standing,,,,24.4987,1,525,False
279,5,CAR_0915,CAR,555,standing,,,,23.4844,1,570,False
280,5,CAR_0800,CAR,480,rule,T5,"Chose to drive at 08:00 over drive at 08:15: lowest total cost (NZ$30.36 vs NZ$31.50), mainly arrival time.",arrival_time;travel_time,30.357,3,525,False
281,5,PT,PT,,standing,,,,22.2882,1,495,False
282,5,PT,PT,,standing,,,,26.3611,1,525,False
283,5,CAR_0900,CAR,540,standing,,,,13.6682,1,555,False
284,5,PT,PT,,standing,,,,24.2399,1,585,False
285,5,PT,PT,,standing,,,,25.46,1,495,False
286,5,CAR_0715,CAR,435,standing,,,,27.377,1,450,False
287,5,PT,PT,,standing,,,,18.5869,1,600,False
288,5,CAR_0900,CAR,540,standing,,,,14.644,1,555,False
289,5,PT,PT,,standing,,,,21.6997,1,495,False
290,5,CAR_0745,CAR,465,standing,,,,8.8376,1,480,False
291,5,CAR_0800,CAR,480,standing,,,,15.7038,1,510,False
292,5,CAR_0800,CAR,480,standing,,,,1.9389,1,510,False
293,5,PT,PT,,standing,,,,31.9657,1,525,False
294,5,CAR_0715,CAR,435,standing,,,,10.5994,1,465,False
295,5,PT,PT,,standing,,,,19.378,1,480,False
296,5,CAR_0800,CAR,480,standing,,,,32.8127,6,495,False
297,5,CAR_0700,CAR,420,standing,,,,13.1185,1,465,False
298,5,PT,PT,,standing,,,,30.5886,1,540,False
299,5,CAR_0800,CAR,480,standing,,,,15.5189,6,495,False
0,6,CAR_0645,CAR,405,rule,T7,"Chose to drive at 06:45 for the early start over drive at 08:00: lowest total cost (NZ$32.53 vs NZ$35.44), mainly travel time.",travel_time;arrival_time,32.5261,2,420,True
1,6,CAR_0715,CAR,435,rule,T7,"Chose to drive at 07:15 over drive at 07:00: lowest total cost (NZ$15.52 vs NZ$19.40), mainly changing routine.",habit;arrival_time,15.5166,1,450,False
2,6,CAR_0715,CAR,435,rule,T7,"Chose to drive at 07:15 over drive at 07:00: lowest total cost (NZ$5.85 vs NZ$9.34), mainly changing routine.",habit;arrival_time,5.8461,1,450,False
3,6,CAR_0800,CAR,480,standing,,,,30.0908,1,510,False
4,6,PT,PT,,rule,T7,"Chose to take PT over drive at 08:30: lowest total cost (NZ$29.60 vs NZ$35.30), mainly fuel.",other;habit,29.5959,1,525,False
5,6,CAR_0800,CAR,480,rule,T7,"Chose to drive at 08:00 over drive at 07:45: lowest total cost (NZ$11.97 vs NZ$12.23), mainly changing routine.",habit,11.9671,1,495,False
6,6,CAR_0645,CAR,405,rule,T7,"Chose to drive at 06:45 for the early start over drive at 08:00: lowest total cost (NZ$15.93 vs NZ$18.49), mainly travel time.",travel_time,15.9341,1,420,True
7,6,CAR_0745,CAR,465,rule,T7,"Chose to drive at 07:45 over drive at 07:30: lowest total cost (NZ$6.28 vs NZ$8.01), mainly changing routine.",habit;arrival_time,6.2803,1,480,False
8,6,PT,PT,,rule,T7,"Chose to take PT over drive at 08:45: lowest total cost (NZ$19.84 vs NZ$26.75), mainly parking.",other;travel_time,19.8437,1,525,False
9,6,CAR_0915,CAR,555,standing,,,,23.4547,1,570,False
10,6,CAR_0800,CAR,480,standing,,,,28.2473,1,525,False
11,6,CAR_0800,CAR,480,standing,,,,26.0698,1,495,False
12,6,CAR_0615,CAR,375,standing,,,,35.0452,4,420,True
13,6,CAR_0900,CAR,540,standing,,,,13.5726,1,555,False
14,6,CAR_0930,CAR,570,rule,T7,"Chose to drive at 09:30 over drive at 09:15: lowest total cost (NZ$27.56 vs NZ$30.31), mainly changing routine.",habit;arrival_time,27.5554,1,585,False
15,6,CAR_0745,CAR,465,standing,,,,34.5375,1,495,False
16,6,PT,PT,,rule,T7,"Chose to take PT over drive at 07:15: lowest total cost (NZ$23.85 vs NZ$29.46), mainly parking.",other;travel_time,23.8509,1,450,False
17,6,CAR_0945,CAR,585,rule,T7,"Chose to drive at 09:45 over drive at 09:30: lowest total cost (NZ$25.29 vs NZ$23.76), mainly arrival time.",arrival_time,25.2875,2,600,False
18,6,CAR_0845,CAR,525,standing,,,,14.9368,1,555,False
19,6,CAR_0800,CAR,480,rule,T7,"Chose to drive at 08:00 over drive at 07:45: lowest total cost (NZ$24.64 vs NZ$25.89), mainly changing routine.",habit,24.639,1,495,False
20,6,CAR_0745,CAR,465,standing,,,,11.5353,1,480,False
21,6,CAR_0800,CAR,480,rule,T5,"Chose to drive at 08:00 over drive at 08:15: lowest total cost (NZ$16.43 vs NZ$15.80), mainly changing routine.",habit,16.4253,2,510,False
22,6,CAR_0800,CAR,480,rule,T7,"Chose to drive at 08:00 over drive at 07:45: lowest total cost (NZ$2.12 vs NZ$2.30), mainly arrival time.",arrival_time,2.1153,1,510,False
23,6,PT,PT,,rule,T7,"Chose to take PT over drive at 08:30: lowest total cost (NZ$23.61 vs NZ$37.00), mainly parking.",other;habit,23.612,1,525,False
24,6,CAR_0715,CAR,435,rule,T7,"Chose to drive at 07:15 over drive at 07:30: lowest total cost (NZ$10.48 vs NZ$12.93), mainly changing routine.",habit,10.4807,1,465,False
25,6,PT,PT,,rule,T7,"Chose to take PT over drive at 07:30: lowest total cost (NZ$23.44 vs NZ$28.28), mainly parking.",other;habit,23.4377,1,480,False
26,6,PT,PT,,rule,T7,"Chose to take PT over drive at 06:45 for the early start: lowest total cost (NZ$20.60 vs NZ$29.45), mainly parking.",other;travel_time,20.602,1,495,False
27,6,CAR_0730,CAR,450,rule,T7,"Chose to drive at 07:30 over drive at 07:15: lowest total cost (NZ$12.78 vs NZ$15.05), mainly changing routine.",habit;arrival_time,12.7766,1,465,False
28,6,PT,PT,,rule,T7,"Chose to take PT over skip the trip: lowest total cost (NZ$23.26 vs NZ$35.85), mainly missing the day.",work_constraint;habit,23.2635,1,540,False
29,6,CAR_0800,CAR,480,standing,,,,15.2797,1,495,False
30,6,CAR_0630,CAR,390,standing,,,,28.9411,1,420,True
31,6,CAR_0815,CAR,495,standing,,,,34.9295,2,525,False
32,6,CAR_0745,CAR,465,rule,T7,"Chose to drive at 07:45 over drive at 08:15: lowest total cost (NZ$19.31 vs NZ$19.48), mainly travel time.",travel_time;arrival_time,19.3141,1,510,False
33,6,CAR_0745,CAR,465,rule,T3,"Chose to drive at 07:45 over drive at 08:00: lowest total cost (NZ$14.93 vs NZ$16.12), mainly arrival time.",arrival_time;travel_time,14.9323,1,495,False
34,6,CAR_0745,CAR,465,rule,T7,"Chose to drive at 07:45 over drive at 07:30: lowest total cost (NZ$16.24 vs NZ$19.50), mainly changing routine.",habit;arrival_time,16.241,1,495,False
35,6,CAR_0800,CAR,480,standing,,,,31.3524,1,510,False
36,6,CAR_0745,CAR,465,rule,T7,"Chose to drive at 07:45 over drive at 07:30: lowest total cost (NZ$1.26 vs NZ$2.84), mainly changing routine.",habit;arrival_time,1.2641,1,480,False
37,6,CAR_0815,CAR,495,standing,,,,25.0619,5,510,False
38,6,CAR_0700,CAR,420,rule,T7,"Chose to drive at 07:00 over drive at 06:45: lowest total cost (NZ$17.46 vs NZ$21.93), mainly changing routine.",habit;arrival_time,17.461,1,450,False
39,6,PT,PT,,rule,T7,"Chose to take PT over drive at 07:30: lowest total cost (NZ$22.59 vs NZ$28.22), mainly parking.",other;travel_time,22.5886,1,480,False
40,6,CAR_0700,CAR,420,rule,T7,"Chose to drive at 07:00 over drive at 06:45: lowest total cost (NZ$16.95 vs NZ$20.63), mainly arrival time.",arrival_time;habit;travel_time,16.9461,1,435,False
41,6,CAR_0630,CAR,390,standing,,,,10.5913,1,420,True
42,6,CAR_0800,CAR,480,rule,T7,"Chose to drive at 08:00 over drive at 08:30: lowest total cost (NZ$14.73 vs NZ$16.13), mainly changing routine.",habit,14.7309,1,525,False
43,6,CAR_0845,CAR,525,standing,,,,26.3379,1,540,False
44,6,CAR_0730,CAR,450,rule,T7,"Chose to drive at 07:30 over drive at 07:15: lowest total cost (NZ$9.67 vs NZ$14.50), mainly changing routine.",habit;arrival_time;travel_time,9.6744,1,465,False
45,6,CAR_0700,CAR,420,rule,T7,"Chose to drive at 07:00 over drive at 06:45: lowest total cost (NZ$10.49 vs NZ$14.56), mainly arrival time.",arrival_time;habit,10.4884,1,435,False
46,6,CAR_0845,CAR,525,standing,,,,10.1451,1,540,False
47,6,CAR_0715,CAR,435,rule,T7,"Chose to drive at 07:15 over drive at 07:00: lowest total cost (NZ$7.03 vs NZ$8.72), mainly changing routine.",habit;arrival_time,7.0278,1,450,False
48,6,PT,PT,,rule,T7,"Chose to take PT over drive at 06:45 for the early start: lowest total cost (NZ$19.73 vs NZ$30.90), mainly parking.",other;habit,19.7335,1,510,False
49,6,CAR_0745,CAR,465,standing,,,,8.5085,1,510,False
50,6,CAR_0815,CAR,495,standing,,,,23.7975,1,510,False
51,6,CAR_0730,CAR,450,standing,,,,20.2197,1,525,False
52,6,PT,PT,,standing,,,,24.4912,1,525,False
53,6,CAR_0745,CAR,465,rule,T7,"Chose to drive at 07:45 over drive at 08:00: lowest total cost (NZ$12.33 vs NZ$17.42), mainly arrival time.",arrival_time;travel_time,12.3332,1,495,False
54,6,CAR_0715,CAR,435,rule,T7,"Chose to drive at 07:15 over drive at 07:00: lowest total cost (NZ$3.99 vs NZ$6.90), mainly changing routine.",habit;arrival_time,3.9948,1,450,False
55,6,CAR_0700,CAR,420,rule,T7,"Chose to drive at 07:00 over drive at 06:45: lowest total cost (NZ$1.17 vs NZ$5.04), mainly changing routine.",habit;arrival_time,1.1713,1,435,False
56,6,CAR_0815,CAR,495,standing,,,,8.0011,2,525,False
57,6,CAR_0715,CAR,435,rule,T7,"Chose to drive at 07:15 over drive at 07:00: lowest total cost (NZ$19.94 vs NZ$23.48), mainly changing routine.",habit;arrival_time,19.9387,1,450,False
58,6,CAR_0815,CAR,495,rule,T7,"Chose to drive at 08:15 over drive at 07:45: lowest total cost (NZ$9.25 vs NZ$12.08), mainly changing routine.",habit;arrival_time,9.2532,1,510,False
59,6,CAR_0745,CAR,465,standing,,,,15.5812,1,510,False
60,6,PT,PT,,rule,T7,"Chose to take PT over drive at 07:30: lowest total cost (NZ$20.98 vs NZ$30.84), mainly parking.",other;travel_time,20.9782,1,465,False
61,6,CAR_0745,CAR,465,rule,T7,"Chose to drive at 07:45 over drive at 08:00: lowest total cost (NZ$32.17 vs NZ$33.21), mainly travel time.",travel_time,32.1682,1,510,False
62,6,CAR_0745,CAR,465,rule,T7,"Chose to drive at 07:45 over drive at 07:30: lowest total cost (NZ$23.08 vs NZ$27.07), mainly arrival time.",arrival_time;habit;travel_time,23.075,1,480,False
63,6,CAR_0745,CAR,465,standing,,,,21.2064,2,525,False
64,6,CAR_0730,CAR,450,rule,T7,"Chose to drive at 07:30 over take PT: lowest total cost (NZ$33.81 vs NZ$36.17), mainly the PT trip.",pt;habit,33.8138,1,465,False
65,6,CAR_0730,CAR,450,standing,,,,33.7229,2,510,False
66,6,CAR_0800,CAR,480,rule,T7,"Chose to drive at 08:00 over drive at 07:45: lowest total cost (NZ$26.50 vs NZ$31.51), mainly changing routine.",habit;arrival_time;travel_time,26.5048,1,495,False
67,6,CAR_0615,CAR,375,standing,,,,19.4177,1,420,True
68,6,CAR_0715,CAR,435,rule,T7,"Chose to drive at 07:15 over drive at 07:30: lowest total cost (NZ$17.38 vs NZ$18.33), mainly arrival time.",arrival_time;travel_time,17.3792,1,465,False
69,6,CAR_0830,CAR,510,standing,,,,22.7618,2,570,False
70,6,CAR_0800,CAR,480,standing,,,,16.4681,6,540,False
71,6,PT,PT,,standing,,,,32.5316,1,495,False
72,6,CAR_0700,CAR,420,rule,T7,"Chose to drive at 07:00 over drive at 06:45: lowest total cost (NZ$9.19 vs NZ$11.85), mainly arrival time.",arrival_time;habit;travel_time,9.1881,1,435,False
73,6,PT,PT,,rule,T7,"Chose to take PT over drive at 08:15: lowest total cost (NZ$31.05 vs NZ$40.87), mainly parking.",other;travel_time,31.0466,1,525,False
74,6,CAR_0845,CAR,525,standing,,,,20.731,1,540,False
75,6,PT,PT,,rule,T7,"Chose to take PT over drive at 08:45: lowest total cost (NZ$24.47 vs NZ$35.00), mainly fuel.",other;travel_time,24.4691,1,555,False
76,6,CAR_0730,CAR,450,rule,T7,"Chose to drive at 07:30 over drive at 07:15: lowest total cost (NZ$13.18 vs NZ$16.63), mainly changing routine.",habit;arrival_time,13.1843,1,480,False
77,6,CAR_0700,CAR,420,rule,T7,"Chose to drive at 07:00 over drive at 07:15: lowest total cost (NZ$19.93 vs NZ$21.87), mainly changing routine.",habit;arrival_time;travel_time,19.9302,1,435,False
78,6,CAR_0945,CAR,585,rule,T7,"Chose to drive at 09:45 over drive at 09:30: lowest total cost (NZ$19.42 vs NZ$20.63), mainly changing routine.",habit,19.416,1,585,False
79,6,CAR_0745,CAR,465,standing,,,,38.6245,1,525,False
80,6,CAR_0800,CAR,480,rule,T7,"Chose to drive at 08:00 over drive at 07:45: lowest total cost (NZ$16.09 vs NZ$18.02), mainly changing routine.",habit;arrival_time;travel_time,16.0912,1,495,False
81,6,CAR_0700,CAR,420,rule,T7,"Chose to drive at 07:00 over drive at 06:45: lowest total cost (NZ$25.49 vs NZ$30.12), mainly arrival time.",arrival_time;habit,25.4873,1,435,False
82,6,PT,PT,,rule,T7,"Chose to take PT over drive at 08:15: lowest total cost (NZ$17.63 vs NZ$23.48), mainly parking.",other;habit,17.6253,1,510,False
83,6,CAR_0900,CAR,540,standing,,,,15.1844,1,555,False
84,6,CAR_0730,CAR,450,rule,T7,"Chose to drive at 07:30 over drive at 07:15: lowest total cost (NZ$12.15 vs NZ$17.49), mainly arrival time.",arrival_time;habit;travel_time,12.1524,1,465,False
85,6,PT,PT,,rule,T7,"Chose to take PT over drive at 08:30: lowest total cost (NZ$23.81 vs NZ$31.50), mainly parking.",other;habit,23.8139,1,525,False
86,6,CAR_0700,CAR,420,rule,T7,"Chose to drive at 07:00 over drive at 06:45: lowest total cost (NZ$12.28 vs NZ$17.96), mainly arrival time.",arrival_time;habit;travel_time,12.277,1,435,False
87,6,CAR_0715,CAR,435,rule,T7,"Chose to drive at 07:15 over drive at 06:45: lowest total cost (NZ$9.84 vs NZ$10.87), mainly arrival time.",arrival_time,9.8447,1,450,False
88,6,CAR_0745,CAR,465,rule,T7,"Chose to drive at 07:45 over drive at 08:00: lowest total cost (NZ$10.57 vs NZ$10.56), mainly travel time.",travel_time,10.5714,2,510,False
89,6,CAR_0700,CAR,420,rule,T7,"Chose to drive at 07:00 over drive at 07:15: lowest total cost (NZ$2.72 vs NZ$5.13), mainly changing routine.",habit,2.7171,1,465,False
90,6,PT,PT,,rule,T7,"Chose to take PT over drive at 08:30: lowest total cost (NZ$19.77 vs NZ$33.94), mainly parking.",other;travel_time,19.7719,1,525,False
91,6,CAR_0745,CAR,465,rule,T7,"Chose to drive at 07:45 over drive at 07:30: lowest total cost (NZ$29.13 vs NZ$32.62), mainly changing routine.",habit;arrival_time,29.1302,1,495,False
92,6,CAR_0730,CAR,450,rule,T7,"Chose to drive at 07:30 over drive at 07:45: lowest total cost (NZ$8.14 vs NZ$10.73), mainly changing routine.",habit;travel_time,8.1416,1,495,False
93,6,CAR_0700,CAR,420,rule,T7,"Chose to drive at 07:00 over drive at 07:15: lowest total cost (NZ$5.29 vs NZ$9.13), mainly changing routine.",habit;arrival_time;travel_time,5.2929,1,435,False
94,6,CAR_0915,CAR,555,standing,,,,12.3306,1,570,False
95,6,CAR_0830,CAR,510,standing,,,,16.6804,1,540,False
96,6,CAR_0730,CAR,450,rule,T7,"Chose to drive at 07:30 over drive at 07:15: lowest total cost (NZ$22.72 vs NZ$27.42), mainly arrival time.",arrival_time;habit,22.7222,1,465,False
97,6,CAR_0845,CAR,525,standing,,,,34.9326,1,555,False
98,6,CAR_0800,CAR,480,standing,,,,17.3863,1,525,False
99,6,CAR_0745,CAR,465,rule,T7,"Chose to drive at 07:45 over drive at 07:30: lowest total cost (NZ$16.49 vs NZ$18.63), mainly changing routine.",habit;arrival_time,16.4867,1,480,False
100,6,CAR_0745,CAR,465,rule,T7,"Chose to drive at 07:45 over drive at 08:00: lowest total cost (NZ$14.22 vs NZ$15.33), mainly travel time.",travel_time;arrival_time,14.2186,1,495,False
101,6,CAR_0645,CAR,405,standing,,,,14.2159,2,420,True
102,6,CAR_0815,CAR,495,standing,,,,39.5214,13,510,False
103,6,CAR_0800,CAR,480,rule,T7,"Chose to drive at 08:00 over drive at 06:45 for the early start: lowest total cost (NZ$11.32 vs NZ$16.82), mainly arrival time.",arrival_time;habit,11.3246,1,495,False
104,6,CAR_0745,CAR,465,rule,T7,"Chose to drive at 07:45 over drive at 07:30: lowest total cost (NZ$12.12 vs NZ$11.11), mainly overall cost.",other,12.1156,2,480,False
105,6,CAR_0700,CAR,420,rule,T7,"Chose to drive at 07:00 over drive at 06:45: lowest total cost (NZ$1.53 vs NZ$4.30), mainly changing routine.",habit;arrival_time;travel_time,1.535,1,435,False
106,6,CAR_0645,CAR,405,rule,T7,"Chose to drive at 06:45 for the early start over drive at 08:00: lowest total cost (NZ$14.77 vs NZ$15.15), mainly travel time.",travel_time,14.7659,1,420,True
107,6,CAR_0645,CAR,405,standing,,,,15.2323,2,420,True
108,6,CAR_0830,CAR,510,rule,T5,"Chose to drive at 08:30 over drive at 08:00: lowest total cost (NZ$19.25 vs NZ$20.89), mainly travel time.",travel_time,19.2537,1,525,False
109,6,CAR_0645,CAR,405,standing,,,,10.0273,3,420,True
110,6,CAR_0845,CAR,525,standing,,,,6.5395,1,540,False
111,6,CAR_0930,CAR,570,standing,,,,2.8458,1,570,False
112,6,CAR_0645,CAR,405,rule,T7,"Chose to drive at 06:45 over drive at 07:15: lowest total cost (NZ$15.09 vs NZ$14.60), mainly travel time.",travel_time,15.0948,3,450,False
113,6,PT,PT,,rule,T7,"Chose to take PT over drive at 09:00: lowest total cost (NZ$27.17 vs NZ$35.03), mainly parking.",other;travel_time,27.1744,1,555,False
114,6,PT,PT,,rule,T7,"Chose to take PT over drive at 09:15: lowest total cost (NZ$20.28 vs NZ$32.86), mainly parking.",other;travel_time,20.2778,1,570,False
115,6,CAR_0745,CAR,465,rule,T7,"Chose to drive at 07:45 over drive at 08:15: lowest total cost (NZ$12.31 vs NZ$13.88), mainly travel time.",travel_time,12.307,1,510,False
116,6,PT,PT,,rule,T7,"Chose to take PT over drive at 07:30: lowest total cost (NZ$19.81 vs NZ$36.86), mainly parking.",other;habit,19.8053,1,480,False
117,6,CAR_0730,CAR,450,rule,T7,"Chose to drive at 07:30 over drive at 07:45: lowest total cost (NZ$5.95 vs NZ$7.95), mainly arrival time.",arrival_time;travel_time,5.9528,1,480,False
118,6,CAR_0915,CAR,555,rule,T7,"Chose to drive at 09:15 over drive at 09:00: lowest total cost (NZ$4.31 vs NZ$6.92), mainly arrival time.",arrival_time;habit;travel_time,4.3124,1,570,False
119,6,PT,PT,,rule,T7,"Chose to take PT over skip the trip: lowest total cost (NZ$19.51 vs NZ$38.62), mainly missing the day.",work_constraint;habit,19.5064,1,495,False
120,6,CAR_0700,CAR,420,rule,T7,"Chose to drive at 07:00 over drive at 06:45: lowest total cost (NZ$10.88 vs NZ$17.64), mainly arrival time.",arrival_time;habit,10.8828,1,435,False
121,6,CAR_0845,CAR,525,standing,,,,15.5815,1,540,False
122,6,CAR_0845,CAR,525,standing,,,,23.6642,1,570,False
123,6,PT,PT,,rule,T7,"Chose to take PT over drive at 07:00: lowest total cost (NZ$22.26 vs NZ$26.16), mainly parking.",other;habit,22.2612,1,435,False
124,6,CAR_0645,CAR,405,rule,T7,"Chose to drive at 06:45 over drive at 06:30: lowest total cost (NZ$7.62 vs NZ$12.48), mainly changing routine.",habit;arrival_time,7.6214,1,420,False
125,6,CAR_0630,CAR,390,rule,T7,"Chose to drive at 06:30 over drive at 07:45: lowest total cost (NZ$2.20 vs NZ$4.15), mainly changing routine.",habit;travel_time,2.2028,1,495,False
126,6,CAR_0645,CAR,405,standing,,,,26.7918,1,420,True
127,6,PT,PT,,rule,T7,"Chose to take PT over drive at 06:45 for the early start: lowest total cost (NZ$22.10 vs NZ$37.02), mainly parking.",other;travel_time,22.0984,1,510,False
128,6,CAR_0730,CAR,450,standing,,,,20.6444,1,465,False
129,6,CAR_0700,CAR,420,rule,T7,"Chose to drive at 07:00 over take PT: lowest total cost (NZ$21.43 vs NZ$22.95), mainly the PT trip.",pt;habit,21.4333,1,450,False
130,6,CAR_0845,CAR,525,standing,,,,20.022,1,540,False
131,6,CAR_0715,CAR,435,rule,T7,"Chose to drive at 07:15 over drive at 07:30: lowest total cost (NZ$15.49 vs NZ$15.86), mainly arrival time.",arrival_time,15.4888,1,465,False
132,6,CAR_0630,CAR,390,standing,,,,28.2446,1,420,True
133,6,CAR_0800,CAR,480,rule,T7,"Chose to drive at 08:00 over drive at 07:45: lowest total cost (NZ$15.55 vs NZ$17.59), mainly changing routine.",habit;arrival_time,15.5515,1,510,False
134,6,CAR_0800,CAR,480,rule,T7,"Chose to drive at 08:00 over drive at 07:45: lowest total cost (NZ$15.96 vs NZ$17.24), mainly changing routine.",habit,15.9593,1,510,False
135,6,CAR_0800,CAR,480,standing,,,,20.711,2,525,False
136,6,CAR_0900,CAR,540,standing,,,,8.1114,1,555,False
137,6,CAR_0745,CAR,465,rule,T7,"Chose to drive at 07:45 over drive at 07:30: lowest total cost (NZ$3.72 vs NZ$5.51), mainly changing routine.",habit;arrival_time,3.7203,1,480,False
138,6,CAR_0745,CAR,465,standing,,,,21.2922,1,510,False
139,6,CAR_0645,CAR,405,standing,,,,6.733,3,420,True
140,6,CAR_0700,CAR,420,rule,T7,"Chose to drive at 07:00 over drive at 06:45: lowest total cost (NZ$2.35 vs NZ$4.39), mainly changing routine.",habit;travel_time;arrival_time,2.3495,1,435,False
141,6,CAR_0700,CAR,420,rule,T7,"Chose to drive at 07:00 over drive at 06:45: lowest total cost (NZ$19.86 vs NZ$21.60), mainly changing routine.",habit,19.8595,1,420,False
142,6,CAR_0800,CAR,480,rule,T7,"Chose to drive at 08:00 over drive at 07:45: lowest total cost (NZ$3.38 vs NZ$5.34), mainly arrival time.",arrival_time;habit,3.3844,1,495,False
143,6,CAR_0745,CAR,465,rule,T7,"Chose to drive at 07:45 over drive at 07:30: lowest total cost (NZ$2.33 vs NZ$4.43), mainly changing routine.",habit;arrival_time,2.3338,1,480,False
144,6,CAR_0800,CAR,480,standing,,,,8.63,1,495,False
145,6,CAR_0700,CAR,420,rule,T7,"Chose to drive at 07:00 over drive at 06:45: lowest total cost (NZ$2.07 vs NZ$5.24), mainly changing routine.",habit;arrival_time;travel_time,2.0744,1,435,False
146,6,PT,PT,,rule,T7,"Chose to take PT over drive at 07:45: lowest total cost (NZ$22.61 vs NZ$35.76), mainly parking.",other;travel_time,22.6123,1,495,False
147,6,CAR_0645,CAR,405,standing,,,,34.9484,1,420,True
148,6,CAR_0845,CAR,525,standing,,,,28.247,1,555,False
149,6,CAR_0815,CAR,495,standing,,,,21.4037,3,540,False
150,6,CAR_0900,CAR,540,rule,T7,"Chose to drive at 09:00 over drive at 08:45: lowest total cost (NZ$17.91 vs NZ$21.70), mainly changing routine.",habit;arrival_time,17.9093,1,555,False
151,6,CAR_0745,CAR,465,rule,T7,"Chose to drive at 07:45 over drive at 07:30: lowest total cost (NZ$6.63 vs NZ$9.85), mainly changing routine.",habit;arrival_time,6.6309,1,480,False
152,6,CAR_0730,CAR,450,standing,,,,18.5263,1,495,False
153,6,CAR_0645,CAR,405,standing,,,,26.698,1,420,True
154,6,CAR_0900,CAR,540,standing,,,,5.3825,1,555,False
155,6,CAR_0900,CAR,540,standing,,,,12.4474,1,570,False
156,6,PT,PT,,rule,T7,"Chose to take PT over drive at 07:45: lowest total cost (NZ$27.58 vs NZ$30.61), mainly parking.",other;travel_time,27.5756,1,480,False
157,6,CAR_0715,CAR,435,rule,T7,"Chose to drive at 07:15 over drive at 07:00: lowest total cost (NZ$10.33 vs NZ$13.01), mainly changing routine.",habit;arrival_time,10.3298,1,450,False
158,6,CAR_0815,CAR,495,standing,,,,33.053,1,525,False
159,6,CAR_0730,CAR,450,standing,,,,16.0694,1,495,False
160,6,CAR_0900,CAR,540,rule,T7,"Chose to drive at 09:00 over drive at 09:15: lowest total cost (NZ$20.76 vs NZ$22.21), mainly changing routine.",habit,20.7591,1,585,False
161,6,SKIP,SKIP,,rule,T6,"Chose to skip the trip over drive at 07:45: lowest total cost (NZ$35.53 vs NZ$38.72), mainly fuel.",other;travel_time,35.5316,1,,False
162,6,CAR_0815,CAR,495,standing,,,,14.7961,1,525,False
163,6,CAR_0800,CAR,480,standing,,,,40.5048,5,525,False
164,6,CAR_0730,CAR,450,rule,T7,"Chose to drive at 07:30 over drive at 07:15: lowest total cost (NZ$27.84 vs NZ$31.29), mainly changing routine.",habit;arrival_time,27.836,1,465,False
165,6,CAR_0830,CAR,510,rule,T7,"Chose to drive at 08:30 over drive at 08:45: lowest total cost (NZ$14.95 vs NZ$16.15), mainly changing routine.",habit,14.9526,1,540,False
166,6,CAR_0845,CAR,525,rule,T5,"Chose to drive at 08:45 over drive at 08:30: lowest total cost (NZ$29.93 vs NZ$39.37), mainly travel time.",travel_time,29.9346,1,540,False
167,6,CAR_0745,CAR,465,rule,T7,"Chose to drive at 07:45 over drive at 06:45 for the early start: lowest total cost (NZ$12.03 vs NZ$19.75), mainly arrival time.",arrival_time;habit,12.0286,1,480,False
168,6,CAR_0900,CAR,540,standing,,,,8.2535,1,555,False
169,6,CAR_0730,CAR,450,rule,T7,"Chose to drive at 07:30 over drive at 07:45: lowest total cost (NZ$12.12 vs NZ$12.53), mainly arrival time.",arrival_time;travel_time,12.1175,1,480,False
170,6,CAR_0800,CAR,480,rule,T7,"Chose to drive at 08:00 over drive at 07:45: lowest total cost (NZ$24.13 vs NZ$26.38), mainly changing routine.",habit;arrival_time,24.1299,1,495,False
171,6,CAR_0815,CAR,495,standing,,,,9.9578,1,525,False
172,6,CAR_0845,CAR,525,standing,,,,23.7536,1,540,False
173,6,CAR_0830,CAR,510,standing,,,,4.9901,1,540,False
174,6,CAR_0700,CAR,420,rule,T7,"Chose to drive at 07:00 over drive at 06:45: lowest total cost (NZ$17.64 vs NZ$19.17), mainly arrival time.",arrival_time;habit;travel_time,17.6359,1,435,False
175,6,CAR_0700,CAR,420,rule,T7,"Chose to drive at 07:00 over drive at 06:45: lowest total cost (NZ$28.48 vs NZ$33.25), mainly arrival time.",arrival_time;habit,28.4772,1,435,False
176,6,CAR_0745,CAR,465,rule,T7,"Chose to drive at 07:45 over drive at 07:30: lowest total cost (NZ$22.39 vs NZ$22.56), mainly arrival time.",arrival_time,22.3913,2,525,False
177,6,PT,PT,,rule,T7,"Chose to take PT over drive at 08:30: lowest total cost (NZ$23.84 vs NZ$28.07), mainly parking.",other;travel_time,23.8378,1,510,False
178,6,PT,PT,,rule,T7,"Chose to take PT over drive at 08:00: lowest total cost (NZ$17.83 vs NZ$27.90), mainly parking.",other;habit,17.8326,1,510,False
179,6,CAR_0745,CAR,465,rule,T7,"Chose to drive at 07:45 over drive at 07:30: lowest total cost (NZ$16.35 vs NZ$18.59), mainly changing routine.",habit,16.3461,1,480,False
180,6,PT,PT,,rule,T7,"Chose to take PT over drive at 07:15: lowest total cost (NZ$20.00 vs NZ$32.79), mainly parking.",other;travel_time,19.9963,1,465,False
181,6,CAR_0915,CAR,555,rule,T7,"Chose to drive at 09:15 over drive at 09:00: lowest total cost (NZ$23.24 vs NZ$28.58), mainly changing routine.",habit;arrival_time;travel_time,23.2378,1,570,False
182,6,CAR_0830,CAR,510,rule,T7,"Chose to drive at 08:30 over drive at 06:45 for the early start: lowest total cost (NZ$27.57 vs NZ$32.57), mainly arrival time.",arrival_time;habit,27.5735,1,525,False
183,6,PT,PT,,rule,T7,"Chose to take PT over drive at 07:45: lowest total cost (NZ$18.90 vs NZ$27.62), mainly parking.",other;habit,18.8997,1,480,False
184,6,CAR_0745,CAR,465,rule,T7,"Chose to drive at 07:45 over drive at 07:30: lowest total cost (NZ$5.56 vs NZ$6.50), mainly changing routine.",habit,5.564,1,480,False
185,6,PT,PT,,rule,T7,"Chose to take PT over drive at 08:30: lowest total cost (NZ$25.78 vs NZ$27.66), mainly parking.",other;travel_time,25.7801,1,525,False
186,6,CAR_0730,CAR,450,rule,T7,"Chose to drive at 07:30 over drive at 07:15: lowest total cost (NZ$8.90 vs NZ$12.98), mainly arrival time.",arrival_time;habit;travel_time,8.8987,1,465,False
187,6,CAR_0745,CAR,465,standing,,,,17.4626,1,495,False
188,6,CAR_0715,CAR,435,rule,T7,"Chose to drive at 07:15 over drive at 08:00: lowest total cost (NZ$6.02 vs NZ$4.37), mainly travel time.",travel_time,6.0189,4,495,False
189,6,CAR_0715,CAR,435,rule,T7,"Chose to drive at 07:15 over take PT: lowest total cost (NZ$25.03 vs NZ$28.54), mainly the PT trip.",pt;habit;arrival_time,25.03,1,450,False
190,6,CAR_0900,CAR,540,standing,,,,24.0946,1,555,False
191,6,CAR_0900,CAR,540,standing,,,,14.8235,1,570,False
192,6,PT,PT,,rule,T7,"Chose to take PT over drive at 06:45: lowest total cost (NZ$23.77 vs NZ$34.29), mainly parking.",other;habit,23.7715,1,420,False
193,6,PT,PT,,rule,T7,"Chose to take PT over drive at 08:45: lowest total cost (NZ$28.58 vs NZ$34.24), mainly parking.",other;travel_time,28.5828,1,540,False
194,6,CAR_0830,CAR,510,standing,,,,11.9476,1,570,False
195,6,CAR_0745,CAR,465,rule,T7,"Chose to drive at 07:45 over drive at 07:30: lowest total cost (NZ$11.00 vs NZ$12.21), mainly changing routine.",habit;arrival_time,11.0022,1,480,False
196,6,CAR_0730,CAR,450,rule,T7,"Chose to drive at 07:30 over drive at 07:15: lowest total cost (NZ$20.26 vs NZ$22.25), mainly changing routine.",habit,20.2639,1,465,False
197,6,CAR_0700,CAR,420,rule,T7,"Chose to drive at 07:00 over drive at 06:45: lowest total cost (NZ$9.08 vs NZ$9.35), mainly arrival time.",arrival_time;travel_time,9.082,1,435,False
198,6,CAR_0730,CAR,450,rule,T7,"Chose to drive at 07:30 over drive at 07:15: lowest total cost (NZ$10.58 vs NZ$14.65), mainly arrival time.",arrival_time;habit,10.5798,1,465,False
199,6,CAR_0645,CAR,405,standing,,,,16.8631,1,420,True
200,6,CAR_0630,CAR,390,standing,,,,18.5788,1,420,True
201,6,PT,PT,,rule,T7,"Chose to take PT over drive at 07:15: lowest total cost (NZ$34.48 vs NZ$50.70), mainly parking.",other;travel_time,34.4781,1,465,False
202,6,CAR_0715,CAR,435,rule,T7,"Chose to drive at 07:15 over drive at 07:30: lowest total cost (NZ$12.91 vs NZ$12.91), mainly changing routine.",habit,12.9075,1,465,False
203,6,CAR_0845,CAR,525,standing,,,,26.0979,1,555,False
204,6,CAR_0800,CAR,480,rule,T7,"Chose to drive at 08:00 over drive at 07:45: lowest total cost (NZ$24.68 vs NZ$25.86), mainly changing routine.",habit;arrival_time,24.6787,1,495,False
205,6,CAR_0915,CAR,555,rule,T7,"Chose to drive at 09:15 over drive at 09:00: lowest total cost (NZ$10.33 vs NZ$14.96), mainly arrival time.",arrival_time;habit,10.329,1,570,False
206,6,CAR_0800,CAR,480,standing,,,,17.298,1,525,False
207,6,CAR_0800,CAR,480,rule,T5;T7,"Chose to drive at 08:00 over drive at 07:45: lowest total cost (NZ$25.28 vs NZ$26.96), mainly arrival time.",arrival_time;habit,25.276,1,495,False
208,6,CAR_0800,CAR,480,standing,,,,21.1752,1,495,False
209,6,CAR_0700,CAR,420,rule,T7,"Chose to drive at 07:00 over drive at 06:45: lowest total cost (NZ$3.89 vs NZ$7.13), mainly arrival time.",arrival_time;habit;travel_time,3.8852,1,435,False
210,6,CAR_0900,CAR,540,rule,T7,"Chose to drive at 09:00 over drive at 08:45: lowest total cost (NZ$27.15 vs NZ$30.78), mainly changing routine.",habit;arrival_time,27.1522,1,555,False
211,6,CAR_0930,CAR,570,rule,T7,"Chose to drive at 09:30 over drive at 09:15: lowest total cost (NZ$22.64 vs NZ$27.28), mainly changing routine.",habit;arrival_time,22.6378,1,585,False
212,6,CAR_0830,CAR,510,standing,,,,25.9245,1,540,False
213,6,CAR_0615,CAR,375,rule,T7,"Chose to drive at 06:15 for the early start over drive at 08:00: lowest total cost (NZ$27.03 vs NZ$31.30), mainly travel time.",travel_time;arrival_time,27.0287,5,420,True
214,6,PT,PT,,rule,T7,"Chose to take PT over drive at 08:45: lowest total cost (NZ$24.97 vs NZ$35.16), mainly fuel.",other;travel_time,24.9724,1,555,False
215,6,CAR_0745,CAR,465,rule,T7,"Chose to drive at 07:45 over drive at 08:00: lowest total cost (NZ$16.69 vs NZ$18.31), mainly changing routine.",habit;travel_time,16.6913,1,525,False
216,6,CAR_0745,CAR,465,rule,T7,"Chose to drive at 07:45 over drive at 08:00: lowest total cost (NZ$4.31 vs NZ$5.06), mainly changing routine.",habit;travel_time,4.3139,1,495,False
217,6,CAR_0730,CAR,450,rule,T7,"Chose to drive at 07:30 over drive at 07:45: lowest total cost (NZ$34.37 vs NZ$34.52), mainly travel time.",travel_time,34.3694,2,480,False
218,6,CAR_0745,CAR,465,standing,,,,43.2091,2,510,False
219,6,CAR_0800,CAR,480,rule,T5,"Chose to drive at 08:00 over drive at 08:15: lowest total cost (NZ$22.29 vs NZ$24.30), mainly changing routine.",habit;travel_time,22.2862,1,510,False
220,6,CAR_0845,CAR,525,standing,,,,9.8511,1,540,False
221,6,CAR_0730,CAR,450,rule,T7,"Chose to drive at 07:30 over drive at 07:15: lowest total cost (NZ$12.48 vs NZ$15.43), mainly changing routine.",habit;arrival_time,12.4803,1,465,False
222,6,CAR_0715,CAR,435,rule,T7,"Chose to drive at 07:15 over drive at 07:00: lowest total cost (NZ$9.28 vs NZ$12.61), mainly arrival time.",arrival_time;habit,9.284,1,450,False
223,6,CAR_0745,CAR,465,rule,T7,"Chose to drive at 07:45 over drive at 07:30: lowest total cost (NZ$27.30 vs NZ$29.74), mainly changing routine.",habit,27.3044,1,480,False
224,6,CAR_0745,CAR,465,standing,,,,17.1686,1,525,False
225,6,CAR_0700,CAR,420,rule,T7,"Chose to drive at 07:00 over drive at 06:45: lowest total cost (NZ$27.37 vs NZ$37.26), mainly arrival time.",arrival_time;habit,27.3652,1,435,False
226,6,CAR_0845,CAR,525,standing,,,,24.6469,1,570,False
227,6,CAR_0815,CAR,495,standing,,,,28.048,9,540,False
228,6,CAR_0645,CAR,405,rule,T7,"Chose to drive at 06:45 over drive at 06:30: lowest total cost (NZ$4.15 vs NZ$4.93), mainly arrival time.",arrival_time,4.1461,1,420,False
229,6,PT,PT,,rule,T7,"Chose to take PT over drive at 07:30: lowest total cost (NZ$24.52 vs NZ$36.11), mainly parking.",other;habit,24.5162,1,525,False
230,6,CAR_0700,CAR,420,rule,T7,"Chose to drive at 07:00 over drive at 07:15: lowest total cost (NZ$14.77 vs NZ$14.70), mainly arrival time.",arrival_time;travel_time,14.7695,2,450,False
231,6,CAR_0700,CAR,420,rule,T7,"Chose to drive at 07:00 over drive at 06:45: lowest total cost (NZ$10.26 vs NZ$13.12), mainly changing routine.",habit;arrival_time,10.2564,1,435,False
232,6,CAR_0815,CAR,495,standing,,,,13.4939,3,540,False
233,6,CAR_0745,CAR,465,rule,T7,"Chose to drive at 07:45 over drive at 08:00: lowest total cost (NZ$31.16 vs NZ$35.26), mainly arrival time.",arrival_time;travel_time,31.1644,1,495,False
234,6,CAR_0745,CAR,465,rule,T7,"Chose to drive at 07:45 over drive at 07:30: lowest total cost (NZ$11.76 vs NZ$13.37), mainly arrival time.",arrival_time;habit,11.7605,1,480,False
235,6,CAR_0730,CAR,450,rule,T7,"Chose to drive at 07:30 over drive at 07:45: lowest total cost (NZ$36.82 vs NZ$40.02), mainly arrival time.",arrival_time;travel_time,36.8167,1,480,False
236,6,CAR_0915,CAR,555,rule,T7,"Chose to drive at 09:15 over drive at 09:00: lowest total cost (NZ$20.18 vs NZ$23.28), mainly changing routine.",habit;arrival_time,20.1823,1,570,False
237,6,CAR_0745,CAR,465,standing,,,,24.2313,1,525,False
238,6,CAR_0745,CAR,465,standing,,,,16.0419,1,495,False
239,6,PT,PT,,standing,,,,32.2377,1,525,False
240,6,CAR_0645,CAR,405,rule,T7,"Chose to drive at 06:45 over drive at 06:30: lowest total cost (NZ$7.82 vs NZ$11.29), mainly changing routine.",habit;arrival_time,7.8201,1,420,False
241,6,CAR_0715,CAR,435,rule,T7,"Chose to drive at 07:15 over drive at 06:45: lowest total cost (NZ$17.04 vs NZ$15.11), mainly arrival time.",arrival_time,17.0365,3,450,False
242,6,CAR_0900,CAR,540,standing,,,,21.8815,1,555,False
243,6,CAR_0900,CAR,540,standing,,,,15.655,1,540,False
244,6,CAR_0715,CAR,435,rule,T7,"Chose to drive at 07:15 over drive at 07:00: lowest total cost (NZ$19.84 vs NZ$21.03), mainly arrival time.",arrival_time,19.841,1,450,False
245,6,CAR_0700,CAR,420,standing,,,,4.7219,2,420,True
246,6,CAR_0945,CAR,585,rule,T7,"Chose to drive at 09:45 over drive at 09:30: lowest total cost (NZ$26.14 vs NZ$28.76), mainly changing routine.",habit;arrival_time,26.1354,1,600,False
247,6,CAR_0645,CAR,405,rule,T3;T7,"Chose to drive at 06:45 for the early start over drive at 08:15: lowest total cost (NZ$18.47 vs NZ$50.59), mainly travel time.",travel_time;arrival_time,18.4707,1,420,True
248,6,CAR_0915,CAR,555,standing,,,,25.2936,1,570,False
249,6,CAR_0800,CAR,480,standing,,,,11.2267,2,525,False
250,6,CAR_0845,CAR,525,standing,,,,29.4046,1,540,False
251,6,CAR_0745,CAR,465,standing,,,,21.6428,1,510,False
252,6,CAR_0700,CAR,420,rule,T7,"Chose to drive at 07:00 over drive at 07:15: lowest total cost (NZ$40.02 vs NZ$39.31), mainly travel time.",travel_time;arrival_time,40.0155,2,450,False
253,6,CAR_0845,CAR,525,standing,,,,9.0786,1,540,False
254,6,PT,PT,,rule,T7,"Chose to take PT over drive at 07:45: lowest total cost (NZ$23.06 vs NZ$31.86), mainly fuel.",other;habit,23.0579,1,495,False
255,6,CAR_0730,CAR,450,rule,T7,"Chose to drive at 07:30 over drive at 07:15: lowest total cost (NZ$27.23 vs NZ$27.80), mainly arrival time.",arrival_time,27.2307,1,465,False
256,6,CAR_0745,CAR,465,standing,,,,42.2397,5,525,False
257,6,CAR_0730,CAR,450,rule,T7,"Chose to drive at 07:30 over drive at 07:15: lowest total cost (NZ$7.82 vs NZ$9.95), mainly arrival time.",arrival_time;habit,7.819,1,465,False
258,6,CAR_0700,CAR,420,rule,T7,"Chose to drive at 07:00 over drive at 06:45: lowest total cost (NZ$10.42 vs NZ$13.11), mainly arrival time.",arrival_time;habit;travel_time,10.4187,1,435,False
259,6,CAR_0800,CAR,480,standing,,,,41.2248,4,510,False
260,6,PT,PT,,rule,T7,"Chose to take PT over drive at 07:45: lowest total cost (NZ$21.93 vs NZ$34.38), mainly parking.",other;habit,21.93,1,510,False
261,6,CAR_0830,CAR,510,standing,,,,24.9634,1,525,False
262,6,CAR_0730,CAR,450,standing,,,,27.7648,1,510,False
263,6,PT,PT,,rule,T7,"Chose to take PT over drive at 07:30: lowest total cost (NZ$32.03 vs NZ$37.30), mainly parking.",other;habit,32.0327,1,465,False
264,6,CAR_0630,CAR,390,standing,,,,6.5555,5,420,True
265,6,CAR_0915,CAR,555,standing,,,,24.5118,1,570,False
266,6,CAR_0800,CAR,480,standing,,,,29.1572,1,510,False
267,6,CAR_0815,CAR,495,standing,,,,48.6098,7,525,False
268,6,CAR_0645,CAR,405,standing,,,,36.6602,1,420,True
269,6,CAR_0845,CAR,525,standing,,,,39.5757,1,555,False
270,6,CAR_0715,CAR,435,standing,,,,32.6655,1,495,False
271,6,CAR_0715,CAR,435,rule,T7,"Chose to drive at 07:15 over drive at 07:00: lowest total cost (NZ$14.76 vs NZ$15.99), mainly changing routine.",habit;arrival_time,14.7646,1,450,False
272,6,CAR_0715,CAR,435,rule,T7,"Chose to drive at 07:15 over drive at 07:00: lowest total cost (NZ$5.95 vs NZ$7.64), mainly changing routine.",habit;arrival_time,5.9478,1,450,False
273,6,CAR_0800,CAR,480,standing,,,,34.0733,3,510,False
274,6,CAR_0815,CAR,495,standing,,,,32.762,1,525,False
275,6,CAR_0800,CAR,480,rule,T7,"Chose to drive at 08:00 over drive at 07:45: lowest total cost (NZ$11.33 vs NZ$12.63), mainly changing routine.",habit,11.3252,1,495,False
276,6,CAR_0645,CAR,405,standing,,,,16.947,1,420,True
277,6,CAR_0745,CAR,465,rule,T7,"Chose to drive at 07:45 over drive at 07:30: lowest total cost (NZ$6.36 vs NZ$7.78), mainly changing routine.",habit;arrival_time,6.3595,1,480,False
278,6,PT,PT,,standing,,,,24.4987,1,525,False
279,6,CAR_0915,CAR,555,standing,,,,23.4932,1,570,False
280,6,CAR_0800,CAR,480,standing,,,,28.5451,1,525,False
281,6,PT,PT,,rule,T7,"Chose to take PT over drive at 07:45: lowest total cost (NZ$22.29 vs NZ$27.81), mainly parking.",other;habit,22.2882,1,495,False
282,6,PT,PT,,rule,T7,"Chose to take PT over drive at 08:30: lowest total cost (NZ$26.36 vs NZ$35.56), mainly parking.",other;travel_time,26.3611,1,525,False
283,6,CAR_0900,CAR,540,standing,,,,13.6741,1,555,False
284,6,PT,PT,,rule,T7,"Chose to take PT over drive at 09:30: lowest total cost (NZ$24.24 vs NZ$28.71), mainly parking.",other;travel_time,24.2399,1,585,False
285,6,PT,PT,,rule,T7,"Chose to take PT over drive at 07:45: lowest total cost (NZ$25.46 vs NZ$35.00), mainly parking.",other;travel_time,25.46,1,495,False
286,6,CAR_0715,CAR,435,rule,T7,"Chose to drive at 07:15 over drive at 07:00: lowest total cost (NZ$27.33 vs NZ$32.55), mainly changing routine.",habit;arrival_time,27.3263,1,450,False
287,6,PT,PT,,rule,T7,"Chose to take PT over drive at 09:45: lowest total cost (NZ$18.59 vs NZ$25.38), mainly parking.",other;habit,18.5869,1,600,False
288,6,CAR_0900,CAR,540,standing,,,,14.6259,1,555,False
289,6,PT,PT,,rule,T7,"Chose to take PT over drive at 08:00: lowest total cost (NZ$21.70 vs NZ$24.03), mainly parking.",other;travel_time,21.6997,1,495,False
290,6,CAR_0745,CAR,465,rule,T7,"Chose to drive at 07:45 over drive at 07:30: lowest total cost (NZ$8.78 vs NZ$15.26), mainly arrival time.",arrival_time;habit;travel_time,8.7849,1,480,False
291,6,CAR_0800,CAR,480,standing,,,,15.4219,1,510,False
292,6,CAR_0800,CAR,480,rule,T7,"Chose to drive at 08:00 over drive at 07:45: lowest total cost (NZ$2.31 vs NZ$3.95), mainly changing routine.",habit;arrival_time,2.306,1,510,False
293,6,PT,PT,,rule,T7,"Chose to take PT over drive at 08:30: lowest total cost (NZ$31.97 vs NZ$35.62), mainly parking.",other;travel_time,31.9657,1,525,False
294,6,CAR_0715,CAR,435,rule,T7,"Chose to drive at 07:15 over drive at 07:30: lowest total cost (NZ$10.60 vs NZ$10.97), mainly changing routine.",habit,10.595,1,465,False
295,6,PT,PT,,rule,T7,"Chose to take PT over drive at 07:45: lowest total cost (NZ$19.38 vs NZ$29.08), mainly parking.",other;habit,19.378,1,480,False
296,6,CAR_0745,CAR,465,rule,T7,"Chose to drive at 07:45 over drive at 08:00: lowest total cost (NZ$29.22 vs NZ$32.13), mainly arrival time.",arrival_time;travel_time,29.2165,1,495,False
297,6,CAR_0715,CAR,435,rule,T7,"Chose to drive at 07:15 over drive at 07:00: lowest total cost (NZ$13.74 vs NZ$13.12), mainly arrival time.",arrival_time,13.7432,3,465,False
298,6,PT,PT,,rule,T7,"Chose to take PT over skip the trip: lowest total cost (NZ$30.59 vs NZ$36.85), mainly missing the day.",work_constraint;habit,30.5886,1,540,False
299,6,CAR_0745,CAR,465,rule,T7,"Chose to drive at 07:45 over drive at 08:00: lowest total cost (NZ$14.37 vs NZ$15.14), mainly travel time.",travel_time;arrival_time,14.3727,1,495,False
0,7,CAR_0645,CAR,405,standing,,,,31.8079,1,420,True
1,7,CAR_0715,CAR,435,standing,,,,14.8894,1,450,False
2,7,CAR_0715,CAR,435,standing,,,,5.8323,1,450,False
3,7,CAR_0800,CAR,480,standing,,,,29.8314,1,510,False
4,7,PT,PT,,standing,,,,29.5959,1,525,False
5,7,CAR_0800,CAR,480,standing,,,,13.5832,3,495,False
6,7,CAR_0645,CAR,405,standing,,,,16.9929,4,420,True
7,7,CAR_0745,CAR,465,standing,,,,6.2742,1,480,False
8,7,PT,PT,,standing,,,,19.8437,1,525,False
9,7,CAR_0915,CAR,555,standing,,,,23.4507,1,570,False
10,7,CAR_0800,CAR,480,standing,,,,28.4727,1,525,False
11,7,CAR_0800,CAR,480,standing,,,,26.9071,1,495,False
12,7,CAR_0615,CAR,375,standing,,,,35.0452,5,420,True
13,7,CAR_0900,CAR,540,standing,,,,13.5616,1,555,False
14,7,CAR_0930,CAR,570,standing,,,,27.5554,1,585,False
15,7,CAR_0745,CAR,465,standing,,,,34.9071,1,495,False
16,7,PT,PT,,standing,,,,23.8509,1,450,False
17,7,CAR_0945,CAR,585,standing,,,,23.2875,1,600,False
18,7,CAR_0845,CAR,525,standing,,,,14.8317,1,555,False
19,7,CAR_0800,CAR,480,standing,,,,23.8762,1,495,False
20,7,CAR_0745,CAR,465,standing,,,,11.0468,1,480,False
21,7,CAR_0800,CAR,480,standing,,,,16.5329,2,510,False
22,7,CAR_0800,CAR,480,standing,,,,2.0341,1,510,False
23,7,PT,PT,,standing,,,,23.612,1,525,False
24,7,CAR_0715,CAR,435,standing,,,,10.4365,1,465,False
25,7,PT,PT,,standing,,,,23.4377,1,480,False
26,7,PT,PT,,standing,,,,20.602,1,495,False
27,7,CAR_0730,CAR,450,standing,,,,12.7669,1,465,False
28,7,PT,PT,,standing,,,,23.2635,1,540,False
29,7,CAR_0800,CAR,480,rule,T3,"Chose to drive at 08:00 over drive at 07:45: lowest total cost (NZ$15.50 vs NZ$15.79), mainly changing routine.",habit,15.5016,1,495,False
30,7,CAR_0630,CAR,390,standing,,,,28.9766,2,420,True
31,7,CAR_0815,CAR,495,standing,,,,32.7091,1,525,False
32,7,CAR_0745,CAR,465,standing,,,,16.3958,1,510,False
33,7,CAR_0745,CAR,465,standing,,,,11.9359,1,495,False
34,7,CAR_0745,CAR,465,standing,,,,17.8487,1,495,False
35,7,CAR_0800,CAR,480,rule,T7,"Chose to drive at 08:00 over drive at 08:15: lowest total cost (NZ$31.57 vs NZ$34.58), mainly arrival time.",arrival_time;habit,31.5746,1,510,False
36,7,CAR_0745,CAR,465,standing,,,,1.3442,1,480,False
37,7,CAR_0815,CAR,495,standing,,,,22.5315,1,510,False
38,7,CAR_0700,CAR,420,standing,,,,17.4746,1,450,False
39,7,PT,PT,,standing,,,,22.5886,1,480,False
40,7,CAR_0700,CAR,420,standing,,,,17.0038,1,435,False
41,7,CAR_0630,CAR,390,standing,,,,10.534,1,420,True
42,7,CAR_0800,CAR,480,standing,,,,14.7738,1,525,False
43,7,CAR_0845,CAR,525,standing,,,,26.3082,1,540,False
44,7,CAR_0730,CAR,450,standing,,,,9.6213,1,465,False
45,7,CAR_0700,CAR,420,standing,,,,10.5514,1,435,False
46,7,CAR_0845,CAR,525,standing,,,,10.1451,1,540,False
47,7,CAR_0715,CAR,435,standing,,,,8.9109,2,450,False
48,7,PT,PT,,standing,,,,19.7335,1,510,False
49,7,CAR_0745,CAR,465,rule,T7,"Chose to drive at 07:45 over drive at 08:15: lowest total cost (NZ$8.90 vs NZ$9.17), mainly changing routine.",habit;travel_time,8.9043,1,510,False
50,7,CAR_0815,CAR,495,standing,,,,23.3656,1,510,False
51,7,CAR_0730,CAR,450,standing,,,,20.3361,1,525,False
52,7,PT,PT,,standing,,,,24.4912,1,525,False
53,7,CAR_0745,CAR,465,standing,,,,12.6711,1,495,False
54,7,CAR_0715,CAR,435,standing,,,,3.9945,1,450,False
55,7,CAR_0700,CAR,420,standing,,,,1.2049,1,435,False
56,7,CAR_0815,CAR,495,standing,,,,7.6394,2,525,False
57,7,CAR_0715,CAR,435,standing,,,,20.1295,1,450,False
58,7,CAR_0815,CAR,495,standing,,,,8.1579,1,510,False
59,7,CAR_0745,CAR,465,rule,T7,"Chose to drive at 07:45 over drive at 08:15: lowest total cost (NZ$16.24 vs NZ$17.34), mainly changing routine.",habit;arrival_time,16.2418,1,510,False
60,7,PT,PT,,standing,,,,20.9782,1,465,False
61,7,CAR_0745,CAR,465,standing,,,,33.5191,5,510,False
62,7,CAR_0745,CAR,465,standing,,,,23.1248,1,480,False
63,7,CAR_0830,CAR,510,rule,T7,"Chose to drive at 08:30 over drive at 07:45: lowest total cost (NZ$18.57 vs NZ$21.26), mainly arrival time.",arrival_time;travel_time,18.5706,1,525,False
64,7,CAR_0730,CAR,450,standing,,,,33.9147,1,465,False
65,7,CAR_0730,CAR,450,standing,,,,33.7004,3,510,False
66,7,CAR_0800,CAR,480,standing,,,,26.5048,1,495,False
67,7,CAR_0615,CAR,375,standing,,,,19.4093,1,420,True
68,7,CAR_0715,CAR,435,standing,,,,16.7736,1,465,False
69,7,CAR_0830,CAR,510,standing,,,,22.7619,2,570,False
70,7,CAR_0800,CAR,480,standing,,,,15.7021,5,540,False
71,7,PT,PT,,standing,,,,32.5316,1,495,False
72,7,CAR_0700,CAR,420,standing,,,,9.1881,1,435,False
73,7,PT,PT,,standing,,,,31.0466,1,525,False
74,7,CAR_0845,CAR,525,standing,,,,20.728,1,540,False
75,7,PT,PT,,standing,,,,24.4691,1,555,False
76,7,CAR_0730,CAR,450,standing,,,,13.2418,1,480,False
77,7,CAR_0700,CAR,420,standing,,,,20.1439,1,435,False
78,7,CAR_0945,CAR,585,standing,,,,19.416,1,585,False
79,7,CAR_0745,CAR,465,standing,,,,38.6346,3,525,False
80,7,CAR_0800,CAR,480,standing,,,,16.0912,1,495,False
81,7,CAR_0700,CAR,420,standing,,,,25.3537,1,435,False
82,7,PT,PT,,standing,,,,17.6253,1,510,False
83,7,CAR_0900,CAR,540,standing,,,,15.1844,1,555,False
84,7,CAR_0730,CAR,450,standing,,,,12.2719,1,465,False
85,7,PT,PT,,standing,,,,23.8139,1,525,False
86,7,CAR_0700,CAR,420,standing,,,,12.0093,1,435,False
87,7,CAR_0715,CAR,435,standing,,,,9.3177,1,450,False
88,7,CAR_0745,CAR,465,standing,,,,8.6442,1,510,False
89,7,CAR_0700,CAR,420,standing,,,,2.7078,1,465,False
90,7,PT,PT,,standing,,,,19.7719,1,525,False
91,7,CAR_0745,CAR,465,standing,,,,29.1348,1,495,False
92,7,CAR_0730,CAR,450,standing,,,,8.3602,1,495,False
93,7,CAR_0700,CAR,420,standing,,,,5.2116,1,435,False
94,7,CAR_0915,CAR,555,standing,,,,12.3275,1,570,False
95,7,CAR_0830,CAR,510,standing,,,,16.6798,1,540,False
96,7,CAR_0730,CAR,450,standing,,,,22.7069,1,465,False
97,7,CAR_0845,CAR,525,standing,,,,34.9094,1,555,False
98,7,CAR_0845,CAR,525,rule,T7,"Chose to drive at 08:45 over drive at 08:00: lowest total cost (NZ$18.14 vs NZ$18.40), mainly travel time.",travel_time;arrival_time,18.1443,2,525,False
99,7,CAR_0745,CAR,465,standing,,,,19.5997,2,480,False
100,7,CAR_0745,CAR,465,standing,,,,12.2753,1,495,False
101,7,CAR_0645,CAR,405,standing,,,,14.2351,2,420,True
102,7,CAR_0815,CAR,495,standing,,,,30.0085,10,510,False
103,7,CAR_0800,CAR,480,standing,,,,11.3246,1,495,False
104,7,CAR_0745,CAR,465,standing,,,,12.5465,3,480,False
105,7,CAR_0700,CAR,420,standing,,,,1.5506,1,435,False
106,7,CAR_0645,CAR,405,standing,,,,13.8751,1,420,True
107,7,CAR_0845,CAR,525,rule,T7,"Chose to drive at 08:45 over drive at 06:45 for the early start: lowest total cost (NZ$10.99 vs NZ$15.33), mainly arrival time.",arrival_time,10.9899,1,540,False
108,7,CAR_0830,CAR,510,standing,,,,14.8217,1,525,False
109,7,CAR_0845,CAR,525,rule,T7,"Chose to drive at 08:45 over drive at 06:45 for the early start: lowest total cost (NZ$6.06 vs NZ$10.05), mainly arrival time.",arrival_time;travel_time,6.0568,1,540,False
110,7,CAR_0845,CAR,525,standing,,,,6.4792,1,540,False
111,7,CAR_0930,CAR,570,standing,,,,2.8451,1,570,False
112,7,CAR_0645,CAR,405,standing,,,,15.1594,3,450,False
113,7,PT,PT,,standing,,,,27.1744,1,555,False
114,7,PT,PT,,standing,,,,20.2778,1,570,False
115,7,CAR_0745,CAR,465,standing,,,,12.6881,2,510,False
116,7,PT,PT,,standing,,,,19.8053,1,480,False
117,7,CAR_0730,CAR,450,standing,,,,3.9311,1,480,False
118,7,CAR_0915,CAR,555,standing,,,,4.3124,1,570,False
119,7,PT,PT,,standing,,,,19.5064,1,495,False
120,7,CAR_0700,CAR,420,standing,,,,10.7287,1,435,False
121,7,CAR_0845,CAR,525,standing,,,,15.583,1,540,False
122,7,CAR_0845,CAR,525,standing,,,,23.6759,1,570,False
123,7,PT,PT,,standing,,,,22.2612,1,435,False
124,7,CAR_0645,CAR,405,standing,,,,7.6722,1,420,False
125,7,CAR_0630,CAR,390,standing,,,,2.2028,1,495,False
126,7,CAR_0645,CAR,405,standing,,,,26.7618,2,420,True
127,7,PT,PT,,standing,,,,22.0984,1,510,False
128,7,CAR_0730,CAR,450,standing,,,,20.5892,1,465,False
129,7,CAR_0700,CAR,420,standing,,,,21.41,1,450,False
130,7,CAR_0845,CAR,525,standing,,,,20.022,1,540,False
131,7,CAR_0715,CAR,435,standing,,,,14.3997,2,465,False
132,7,CAR_0630,CAR,390,standing,,,,28.2446,1,420,True
133,7,CAR_0800,CAR,480,standing,,,,15.627,1,510,False
134,7,CAR_0800,CAR,480,standing,,,,13.9534,1,510,False
135,7,CAR_0800,CAR,480,standing,,,,19.1273,2,525,False
136,7,CAR_0900,CAR,540,standing,,,,8.0992,1,555,False
137,7,CAR_0745,CAR,465,standing,,,,3.8777,1,480,False
138,7,CAR_0745,CAR,465,rule,T7,"Chose to drive at 07:45 over drive at 08:15: lowest total cost (NZ$21.38 vs NZ$21.73), mainly changing routine.",habit;travel_time,21.3836,1,510,False
139,7,CAR_0845,CAR,525,rule,T7,"Chose to drive at 08:45 over drive at 06:45 for the early start: lowest total cost (NZ$5.46 vs NZ$6.84), mainly arrival time.",arrival_time;travel_time,5.4648,1,540,False
140,7,CAR_0700,CAR,420,standing,,,,2.0752,1,435,False
141,7,CAR_0700,CAR,420,standing,,,,20.4216,1,420,False
142,7,CAR_0800,CAR,480,standing,,,,5.1134,1,495,False
143,7,CAR_0745,CAR,465,standing,,,,2.7018,1,480,False
144,7,CAR_0800,CAR,480,standing,,,,9.6503,1,495,False
145,7,CAR_0700,CAR,420,standing,,,,2.0744,1,435,False
146,7,PT,PT,,standing,,,,22.6123,1,495,False
147,7,CAR_0645,CAR,405,rule,T7,"Chose to drive at 06:45 for the early start over take PT: lowest total cost (NZ$37.57 vs NZ$40.61), mainly the PT trip.",pt;habit,37.5699,1,420,True
148,7,CAR_0845,CAR,525,standing,,,,28.247,1,555,False
149,7,CAR_0845,CAR,525,rule,T7,"Chose to drive at 08:45 over drive at 08:15: lowest total cost (NZ$18.39 vs NZ$19.71), mainly travel time.",travel_time;arrival_time,18.39,1,540,False
150,7,CAR_0900,CAR,540,standing,,,,17.9093,1,555,False
151,7,CAR_0745,CAR,465,standing,,,,6.7562,1,480,False
152,7,CAR_0730,CAR,450,rule,T7,"Chose to drive at 07:30 over drive at 07:45: lowest total cost (NZ$18.61 vs NZ$21.64), mainly changing routine.",habit;travel_time,18.6133,1,495,False
153,7,CAR_0645,CAR,405,standing,,,,26.8593,2,420,True
154,7,CAR_0900,CAR,540,standing,,,,5.3162,1,555,False
155,7,CAR_0900,CAR,540,standing,,,,12.4473,1,570,False
156,7,PT,PT,,standing,,,,27.5756,1,480,False
157,7,CAR_0715,CAR,435,standing,,,,10.6564,1,450,False
158,7,CAR_0815,CAR,495,rule,T7,"Chose to drive at 08:15 over drive at 08:30: lowest total cost (NZ$30.10 vs NZ$31.55), mainly changing routine.",habit,30.1026,1,525,False
159,7,CAR_0730,CAR,450,standing,,,,16.1097,1,495,False
160,7,CAR_0900,CAR,540,standing,,,,20.7591,1,585,False
161,7,SKIP,SKIP,,rule,T6,"Chose to skip the trip over drive at 07:45: lowest total cost (NZ$35.53 vs NZ$38.69), mainly fuel.",other;travel_time,35.5316,1,,False
162,7,CAR_0815,CAR,495,standing,,,,14.6099,1,525,False
163,7,CAR_0800,CAR,480,standing,,,,38.8619,3,525,False
164,7,CAR_0730,CAR,450,standing,,,,27.8477,1,465,False
165,7,CAR_0830,CAR,510,standing,,,,14.4885,1,540,False
166,7,CAR_0845,CAR,525,standing,,,,26.6461,1,540,False
167,7,CAR_0745,CAR,465,standing,,,,18.6585,1,480,False
168,7,CAR_0900,CAR,540,standing,,,,8.2542,1,555,False
169,7,CAR_0730,CAR,450,standing,,,,11.0974,1,480,False
170,7,CAR_0800,CAR,480,standing,,,,25.1046,1,495,False
171,7,CAR_0815,CAR,495,standing,,,,7.6649,1,525,False
172,7,CAR_0845,CAR,525,standing,,,,23.6009,1,540,False
173,7,CAR_0830,CAR,510,standing,,,,4.8297,1,540,False
174,7,CAR_0700,CAR,420,standing,,,,18.6097,1,435,False
175,7,CAR_0700,CAR,420,standing,,,,28.4911,1,435,False
176,7,CAR_0745,CAR,465,standing,,,,22.1238,3,525,False
177,7,PT,PT,,standing,,,,23.8378,1,510,False
178,7,PT,PT,,standing,,,,17.8326,1,510,False
179,7,CAR_0745,CAR,465,standing,,,,16.8387,1,480,False
180,7,PT,PT,,standing,,,,19.9963,1,465,False
181,7,CAR_0915,CAR,555,standing,,,,23.2378,1,570,False
182,7,CAR_0830,CAR,510,standing,,,,27.5735,1,525,False
183,7,PT,PT,,standing,,,,18.8997,1,480,False
184,7,CAR_0745,CAR,465,standing,,,,6.1131,1,480,False
185,7,PT,PT,,standing,,,,25.7801,1,525,False
186,7,CAR_0730,CAR,450,standing,,,,8.997,1,465,False
187,7,CAR_0745,CAR,465,standing,,,,17.6095,1,495,False
188,7,CAR_0715,CAR,435,standing,,,,5.0275,2,495,False
189,7,CAR_0715,CAR,435,standing,,,,25.0216,1,450,False
190,7,CAR_0900,CAR,540,standing,,,,24.0946,1,555,False
191,7,CAR_0900,CAR,540,standing,,,,14.8235,1,570,False
192,7,PT,PT,,standing,,,,23.7715,1,420,False
193,7,PT,PT,,standing,,,,28.5828,1,540,False
194,7,CAR_0830,CAR,510,standing,,,,11.9575,1,570,False
195,7,CAR_0745,CAR,465,standing,,,,11.8002,1,480,False
196,7,CAR_0730,CAR,450,standing,,,,20.2596,1,465,False
197,7,CAR_0700,CAR,420,standing,,,,8.5678,1,435,False
198,7,CAR_0730,CAR,450,standing,,,,10.5659,1,465,False
199,7,CAR_0645,CAR,405,standing,,,,17.8564,1,510,False
200,7,CAR_0630,CAR,390,rule,T7,"Chose to drive at 06:30 for the early start over drive at 08:15: lowest total cost (NZ$18.58 vs NZ$19.64), mainly changing routine.",habit;travel_time,18.5788,1,420,True
201,7,PT,PT,,standing,,,,34.4781,1,465,False
202,7,CAR_0715,CAR,435,standing,,,,12.87,1,465,False
203,7,CAR_0845,CAR,525,standing,,,,26.0976,1,555,False
204,7,CAR_0800,CAR,480,standing,,,,26.0905,2,495,False
205,7,CAR_0915,CAR,555,standing,,,,10.329,1,570,False
206,7,CAR_0800,CAR,480,standing,,,,16.2069,2,525,False
207,7,CAR_0800,CAR,480,standing,,,,28.2044,3,495,False
208,7,CAR_0800,CAR,480,standing,,,,22.8586,2,495,False
209,7,CAR_0700,CAR,420,standing,,,,3.8852,1,435,False
210,7,CAR_0900,CAR,540,standing,,,,27.1522,1,555,False
211,7,CAR_0930,CAR,570,standing,,,,22.6378,1,585,False
212,7,CAR_0830,CAR,510,rule,T7,"Chose to drive at 08:30 over drive at 08:45: lowest total cost (NZ$25.93 vs NZ$26.45), mainly changing routine.",habit;travel_time,25.933,1,540,False
213,7,CAR_0615,CAR,375,standing,,,,24.9874,1,420,True
214,7,PT,PT,,standing,,,,24.9724,1,555,False
215,7,CAR_0745,CAR,465,standing,,,,16.8085,1,525,False
216,7,CAR_0745,CAR,465,standing,,,,4.2836,1,495,False
217,7,CAR_0730,CAR,450,standing,,,,34.8664,1,480,False
218,7,CAR_0745,CAR,465,standing,,,,42.89,2,510,False
219,7,CAR_0800,CAR,480,standing,,,,23.0479,1,510,False
220,7,CAR_0845,CAR,525,standing,,,,9.9514,1,540,False
221,7,CAR_0730,CAR,450,standing,,,,12.9382,1,465,False
222,7,CAR_0715,CAR,435,standing,,,,9.2898,1,450,False
223,7,CAR_0745,CAR,465,standing,,,,27.9576,1,480,False
224,7,CAR_0815,CAR,495,rule,T7,"Chose to drive at 08:15 over drive at 07:45: lowest total cost (NZ$19.10 vs NZ$17.74), mainly travel time.",travel_time;arrival_time,19.0998,3,525,False
225,7,CAR_0700,CAR,420,standing,,,,27.3652,1,435,False
226,7,CAR_0845,CAR,525,standing,,,,24.6469,1,570,False
227,7,CAR_0815,CAR,495,standing,,,,27.3107,8,540,False
228,7,CAR_0645,CAR,405,standing,,,,3.6461,1,420,False
229,7,PT,PT,,standing,,,,24.5162,1,525,False
230,7,CAR_0700,CAR,420,standing,,,,13.8114,1,450,False
231,7,CAR_0700,CAR,420,standing,,,,10.2509,1,435,False
232,7,CAR_0815,CAR,495,standing,,,,13.1062,3,540,False
233,7,CAR_0745,CAR,465,standing,,,,31.175,1,495,False
234,7,CAR_0745,CAR,465,standing,,,,12.5265,1,480,False
235,7,CAR_0730,CAR,450,standing,,,,33.8023,1,480,False
236,7,CAR_0915,CAR,555,standing,,,,20.1823,1,570,False
237,7,CAR_0745,CAR,465,standing,,,,24.3095,1,525,False
238,7,CAR_0745,CAR,465,rule,T7,"Chose to drive at 07:45 over drive at 07:30: lowest total cost (NZ$16.48 vs NZ$18.14), mainly arrival time.",arrival_time;habit,16.4804,1,495,False
239,7,PT,PT,,rule,T7,"Chose to take PT over drive at 08:30: lowest total cost (NZ$32.24 vs NZ$33.05), mainly parking.",other;habit,32.2377,1,525,False
240,7,CAR_0645,CAR,405,standing,,,,7.8635,1,420,False
241,7,CAR_0715,CAR,435,standing,,,,14.6947,1,450,False
242,7,CAR_0900,CAR,540,standing,,,,21.8872,1,555,False
243,7,CAR_0900,CAR,540,standing,,,,15.6532,1,540,False
244,7,CAR_0715,CAR,435,standing,,,,19.8297,1,450,False
245,7,CAR_0700,CAR,420,standing,,,,5.6502,3,420,True
246,7,CAR_0945,CAR,585,standing,,,,26.1354,1,600,False
247,7,CAR_0645,CAR,405,standing,,,,18.2076,1,420,True
248,7,CAR_0915,CAR,555,standing,,,,25.2925,1,570,False
249,7,CAR_0830,CAR,510,rule,T7,"Chose to drive at 08:30 over drive at 08:00: lowest total cost (NZ$10.97 vs NZ$11.72), mainly travel time.",travel_time;arrival_time,10.9734,1,525,False
250,7,CAR_0845,CAR,525,standing,,,,29.3959,1,540,False
251,7,CAR_0745,CAR,465,standing,,,,21.6205,1,510,False
252,7,CAR_0700,CAR,420,standing,,,,38.2955,1,450,False
253,7,CAR_0845,CAR,525,standing,,,,9.1015,1,540,False
254,7,PT,PT,,standing,,,,23.0579,1,495,False
255,7,CAR_0730,CAR,450,standing,,,,27.2284,1,465,False
256,7,CAR_0830,CAR,510,rule,T7,"Chose to drive at 08:30 over drive at 07:45: lowest total cost (NZ$38.79 vs NZ$45.37), mainly travel time.",travel_time;arrival_time,38.7931,1,525,False
257,7,CAR_0730,CAR,450,standing,,,,7.8351,1,465,False
258,7,CAR_0700,CAR,420,standing,,,,10.3815,1,435,False
259,7,CAR_0800,CAR,480,standing,,,,41.2748,4,510,False
260,7,PT,PT,,standing,,,,21.93,1,510,False
261,7,CAR_0830,CAR,510,standing,,,,24.9634,1,525,False
262,7,CAR_0730,CAR,450,standing,,,,27.8345,1,510,False
263,7,PT,PT,,standing,,,,32.0327,1,465,False
264,7,CAR_0915,CAR,555,rule,T7,"Chose to drive at 09:15 over drive at 06:30 for the early start: lowest total cost (NZ$3.52 vs NZ$6.56), mainly arrival time.",arrival_time,3.5235,1,555,False
265,7,CAR_0915,CAR,555,standing,,,,24.5118,1,570,False
266,7,CAR_0800,CAR,480,standing,,,,30.9128,3,510,False
267,7,CAR_0815,CAR,495,standing,,,,42.7748,6,525,False
268,7,CAR_0645,CAR,405,standing,,,,36.6415,1,420,True
269,7,CAR_0845,CAR,525,standing,,,,39.5931,1,555,False
270,7,CAR_0715,CAR,435,standing,,,,32.7064,1,495,False
271,7,CAR_0715,CAR,435,standing,,,,14.7142,1,450,False
272,7,CAR_0715,CAR,435,standing,,,,5.9391,1,450,False
273,7,CAR_0800,CAR,480,standing,,,,30.8745,1,510,False
274,7,CAR_0815,CAR,495,standing,,,,32.1038,1,525,False
275,7,CAR_0800,CAR,480,standing,,,,12.5838,1,495,False
276,7,CAR_0645,CAR,405,rule,T7,"Chose to drive at 06:45 for the early start over drive at 07:30: lowest total cost (NZ$18.40 vs NZ$20.19), mainly changing routine.",habit,18.3951,1,420,True
277,7,CAR_0745,CAR,465,standing,,,,6.3595,1,480,False
278,7,PT,PT,,rule,T7,"Chose to take PT over drive at 08:00: lowest total cost (NZ$24.50 vs NZ$29.60), mainly parking.",other;travel_time,24.4987,1,525,False
279,7,CAR_0915,CAR,555,standing,,,,23.4993,1,570,False
280,7,CAR_0800,CAR,480,standing,,,,28.7981,1,525,False
281,7,PT,PT,,standing,,,,22.2882,1,495,False
282,7,PT,PT,,standing,,,,26.3611,1,525,False
283,7,CAR_0900,CAR,540,standing,,,,13.6783,1,555,False
284,7,PT,PT,,standing,,,,24.2399,1,585,False
285,7,PT,PT,,standing,,,,25.46,1,495,False
286,7,CAR_0715,CAR,435,standing,,,,27.3663,1,450,False
287,7,PT,PT,,standing,,,,18.5869,1,600,False
288,7,CAR_0900,CAR,540,standing,,,,14.6253,1,555,False
289,7,PT,PT,,standing,,,,21.6997,1,495,False
290,7,CAR_0745,CAR,465,standing,,,,9.0026,1,480,False
291,7,CAR_0800,CAR,480,rule,T7,"Chose to drive at 08:00 over drive at 08:15: lowest total cost (NZ$16.36 vs NZ$15.85), mainly changing routine.",habit;arrival_time,16.3578,2,510,False
292,7,CAR_0800,CAR,480,standing,,,,2.0902,1,510,False
293,7,PT,PT,,standing,,,,31.9657,1,525,False
294,7,CAR_0715,CAR,435,standing,,,,10.5306,1,465,False
295,7,PT,PT,,standing,,,,19.378,1,480,False
296,7,CAR_0745,CAR,465,standing,,,,29.4467,1,495,False
297,7,CAR_0715,CAR,435,standing,,,,12.957,1,465,False
298,7,PT,PT,,standing,,,,30.5886,1,540,False
299,7,CAR_0745,CAR,465,standing,,,,13.8119,1,495,False
0,8,CAR_0645,CAR,405,standing,,,,31.75,1,420,True
1,8,CAR_0715,CAR,435,standing,,,,14.8895,1,450,False
2,8,CAR_0715,CAR,435,standing,,,,5.8283,1,450,False
3,8,CAR_0800,CAR,480,standing,,,,29.704,1,510,False
4,8,PT,PT,,standing,,,,29.5959,1,525,False
5,8,CAR_0800,CAR,480,standing,,,,13.1991,3,495,False
6,8,CAR_0645,CAR,405,standing,,,,16.7751,4,420,True
7,8,CAR_0745,CAR,465,standing,,,,6.27,1,480,False
8,8,PT,PT,,standing,,,,19.8437,1,525,False
9,8,CAR_0915,CAR,555,rule,T7,"Chose to drive at 09:15 over drive at 09:00: lowest total cost (NZ$23.45 vs NZ$24.71), mainly arrival time.",arrival_time;habit,23.448,1,570,False
10,8,CAR_0800,CAR,480,standing,,,,28.282,1,525,False
11,8,CAR_0800,CAR,480,standing,,,,26.2134,1,495,False
12,8,CAR_0830,CAR,510,rule,T7,"Chose to drive at 08:30 over drive at 06:15 for the early start: lowest total cost (NZ$31.28 vs NZ$35.05), mainly arrival time.",arrival_time,31.2822,1,525,False
13,8,CAR_0900,CAR,540,rule,T7,"Chose to drive at 09:00 over drive at 08:45: lowest total cost (NZ$13.55 vs NZ$15.62), mainly arrival time.",arrival_time;habit;travel_time,13.5538,1,555,False
14,8,CAR_0930,CAR,570,standing,,,,27.5554,1,585,False
15,8,CAR_0745,CAR,465,rule,T7,"Chose to drive at 07:45 over drive at 07:30: lowest total cost (NZ$34.76 vs NZ$36.73), mainly arrival time.",arrival_time;habit,34.7606,1,495,False
16,8,PT,PT,,standing,,,,23.8509,1,450,False
17,8,CAR_0945,CAR,585,standing,,,,23.2875,1,600,False
18,8,CAR_0845,CAR,525,rule,T7,"Chose to drive at 08:45 over drive at 09:00: lowest total cost (NZ$14.82 vs NZ$17.62), mainly changing routine.",habit,14.823,1,555,False
19,8,CAR_0800,CAR,480,rule,T5,"Chose to drive at 08:00 over drive at 07:45: lowest total cost (NZ$22.81 vs NZ$25.87), mainly changing routine.",habit;arrival_time,22.8143,1,495,False
20,8,CAR_0745,CAR,465,standing,,,,11.6846,1,480,False
21,8,CAR_0800,CAR,480,standing,,,,16.3787,2,510,False
22,8,CAR_0730,CAR,450,rule,T5,"Chose to drive at 07:30 over drive at 08:00: lowest total cost (NZ$2.74 vs NZ$1.90), mainly travel time.",travel_time,2.7364,5,510,False
23,8,PT,PT,,standing,,,,23.612,1,525,False
24,8,CAR_0715,CAR,435,standing,,,,10.4295,1,465,False
25,8,PT,PT,,standing,,,,23.4377,1,480,False
26,8,PT,PT,,standing,,,,20.602,1,495,False
27,8,CAR_0730,CAR,450,standing,,,,12.7602,1,465,False
28,8,PT,PT,,standing,,,,23.2635,1,540,False
29,8,CAR_0800,CAR,480,standing,,,,14.1333,1,495,False
30,8,CAR_0815,CAR,495,rule,T7,"Chose to drive at 08:15 over drive at 06:30 for the early start: lowest total cost (NZ$27.72 vs NZ$29.02), mainly arrival time.",arrival_time;travel_time,27.7157,1,525,False
31,8,CAR_0815,CAR,495,rule,T7,"Chose to drive at 08:15 over drive at 08:00: lowest total cost (NZ$31.29 vs NZ$34.37), mainly changing routine.",habit;arrival_time,31.2883,1,525,False
32,8,CAR_0745,CAR,465,standing,,,,16.2863,1,510,False
33,8,CAR_0745,CAR,465,standing,,,,11.9446,1,495,False
34,8,CAR_0745,CAR,465,standing,,,,17.5277,1,495,False
35,8,CAR_0800,CAR,480,standing,,,,31.0248,1,510,False
36,8,CAR_0745,CAR,465,standing,,,,1.3166,1,480,False
37,8,CAR_0815,CAR,495,rule,T7,"Chose to drive at 08:15 over drive at 08:30: lowest total cost (NZ$21.82 vs NZ$24.04), mainly changing routine.",habit;arrival_time,21.8222,1,510,False
38,8,CAR_0700,CAR,420,standing,,,,17.4728,1,450,False
39,8,PT,PT,,standing,,,,22.5886,1,480,False
40,8,CAR_0700,CAR,420,standing,,,,16.997,1,435,False
41,8,CAR_0630,CAR,390,standing,,,,10.4939,1,420,True
42,8,CAR_0800,CAR,480,standing,,,,14.3146,1,525,False
43,8,CAR_0845,CAR,525,rule,T7,"Chose to drive at 08:45 over drive at 08:30: lowest total cost (NZ$26.29 vs NZ$26.98), mainly arrival time.",arrival_time,26.2874,1,540,False
44,8,CAR_0730,CAR,450,standing,,,,9.6092,1,465,False
45,8,CAR_0700,CAR,420,standing,,,,10.5257,1,435,False
46,8,CAR_0845,CAR,525,standing,,,,10.1451,1,540,False
47,8,CAR_0715,CAR,435,standing,,,,8.7684,2,450,False
48,8,PT,PT,,standing,,,,19.7335,1,510,False
49,8,CAR_0745,CAR,465,standing,,,,8.8145,2,510,False
50,8,CAR_0815,CAR,495,rule,T7,"Chose to drive at 08:15 over drive at 08:00: lowest total cost (NZ$23.20 vs NZ$26.73), mainly changing routine.",habit;travel_time;arrival_time,23.2018,1,510,False
51,8,CAR_0730,CAR,450,standing,,,,20.3232,1,525,False
52,8,PT,PT,,rule,T7,"Chose to take PT over drive at 06:45 for the early start: lowest total cost (NZ$24.49 vs NZ$29.01), mainly parking.",other;arrival_time,24.4912,1,525,False
53,8,CAR_0745,CAR,465,standing,,,,12.5865,1,495,False
54,8,CAR_0715,CAR,435,standing,,,,3.9943,1,450,False
55,8,CAR_0700,CAR,420,standing,,,,1.2061,1,435,False
56,8,CAR_0845,CAR,525,rule,T5;T7,"Chose to drive at 08:45 over drive at 08:15: lowest total cost (NZ$6.31 vs NZ$7.31), mainly travel time.",travel_time,6.3055,1,525,False
57,8,CAR_0715,CAR,435,standing,,,,20.1085,1,450,False
58,8,CAR_0815,CAR,495,standing,,,,7.4442,1,510,False
59,8,CAR_0745,CAR,465,standing,,,,15.7919,1,510,False
60,8,PT,PT,,standing,,,,20.9782,1,465,False
61,8,CAR_0745,CAR,465,standing,,,,32.7292,3,510,False
62,8,CAR_0745,CAR,465,standing,,,,23.1091,1,480,False
63,8,CAR_0830,CAR,510,standing,,,,18.0595,1,525,False
64,8,CAR_0730,CAR,450,standing,,,,33.8747,1,465,False
65,8,CAR_0730,CAR,450,standing,,,,33.704,4,510,False
66,8,CAR_0800,CAR,480,standing,,,,26.5048,1,495,False
67,8,CAR_0615,CAR,375,standing,,,,19.4093,1,420,True
68,8,CAR_0715,CAR,435,standing,,,,16.757,1,465,False
69,8,CAR_0915,CAR,555,rule,T7,"Chose to drive at 09:15 over drive at 08:30: lowest total cost (NZ$22.73 vs NZ$22.78), mainly arrival time.",arrival_time;travel_time,22.7302,1,570,False
70,8,CAR_0845,CAR,525,rule,T7,"Chose to drive at 08:45 over drive at 08:00: lowest total cost (NZ$11.79 vs NZ$14.99), mainly travel time.",travel_time;arrival_time,11.7866,1,540,False
71,8,PT,PT,,rule,T7,"Chose to take PT over drive at 07:45: lowest total cost (NZ$32.53 vs NZ$35.11), mainly parking.",other;travel_time,32.5316,1,495,False
72,8,CAR_0700,CAR,420,standing,,,,9.1881,1,435,False
73,8,PT,PT,,standing,,,,31.0466,1,525,False
74,8,CAR_0845,CAR,525,rule,T7,"Chose to drive at 08:45 over drive at 08:30: lowest total cost (NZ$20.73 vs NZ$24.29), mainly changing routine.",habit;arrival_time,20.7258,1,540,False
75,8,PT,PT,,standing,,,,24.4691,1,555,False
76,8,CAR_0730,CAR,450,standing,,,,13.2165,1,480,False
77,8,CAR_0700,CAR,420,standing,,,,20.1636,1,435,False
78,8,CAR_0945,CAR,585,standing,,,,19.416,1,585,False
79,8,CAR_0745,CAR,465,rule,T7,"Chose to drive at 07:45 over drive at 08:30: lowest total cost (NZ$38.66 vs NZ$37.27), mainly changing routine.",habit,38.6583,3,525,False
80,8,CAR_0800,CAR,480,standing,,,,16.0912,1,495,False
81,8,CAR_0700,CAR,420,standing,,,,25.5148,1,435,False
82,8,PT,PT,,standing,,,,17.6253,1,510,False
83,8,CAR_0900,CAR,540,rule,T7,"Chose to drive at 09:00 over drive at 08:45: lowest total cost (NZ$15.18 vs NZ$16.41), mainly changing routine.",habit;travel_time;arrival_time,15.1844,1,555,False
84,8,CAR_0730,CAR,450,standing,,,,12.2439,1,465,False
85,8,PT,PT,,standing,,,,23.8139,1,525,False
86,8,CAR_0700,CAR,420,standing,,,,12.0127,1,435,False
87,8,CAR_0715,CAR,435,standing,,,,9.2987,1,450,False
88,8,CAR_0745,CAR,465,standing,,,,8.4398,1,510,False
89,8,CAR_0700,CAR,420,standing,,,,2.7049,1,465,False
90,8,PT,PT,,standing,,,,19.7719,1,525,False
91,8,CAR_0745,CAR,465,standing,,,,29.1015,1,495,False
92,8,CAR_0730,CAR,450,standing,,,,8.3179,1,495,False
93,8,CAR_0700,CAR,420,rule,T5,"Chose to drive at 07:00 over drive at 06:45: lowest total cost (NZ$5.20 vs NZ$9.24), mainly arrival time.",arrival_time;habit,5.1975,1,435,False
94,8,CAR_0915,CAR,555,rule,T7,"Chose to drive at 09:15 over drive at 09:00: lowest total cost (NZ$12.33 vs NZ$14.26), mainly changing routine.",habit;arrival_time;travel_time,12.3254,1,570,False
95,8,CAR_0830,CAR,510,rule,T7,"Chose to drive at 08:30 over drive at 08:45: lowest total cost (NZ$16.67 vs NZ$18.69), mainly changing routine.",habit;travel_time,16.672,1,540,False
96,8,CAR_0730,CAR,450,standing,,,,22.6962,1,465,False
97,8,CAR_0845,CAR,525,rule,T7,"Chose to drive at 08:45 over drive at 09:00: lowest total cost (NZ$34.89 vs NZ$36.14), mainly changing routine.",habit,34.8931,1,555,False
98,8,CAR_0845,CAR,525,rule,T5,"Chose to drive at 08:45 over drive at 08:30: lowest total cost (NZ$15.46 vs NZ$17.51), mainly changing routine.",habit;travel_time,15.457,1,525,False
99,8,CAR_0745,CAR,465,standing,,,,18.5821,1,480,False
100,8,CAR_0745,CAR,465,standing,,,,12.1402,1,495,False
101,8,CAR_0830,CAR,510,rule,T7,"Chose to drive at 08:30 over drive at 06:45 for the early start: lowest total cost (NZ$13.20 vs NZ$14.20), mainly arrival time.",arrival_time;travel_time,13.197,1,525,False
102,8,CAR_0830,CAR,510,rule,T7,"Chose to drive at 08:30 over drive at 08:15: lowest total cost (NZ$25.01 vs NZ$26.83), mainly travel time.",travel_time,25.0059,1,510,False
103,8,CAR_0800,CAR,480,standing,,,,11.3246,1,495,False
104,8,CAR_0745,CAR,465,standing,,,,12.1119,2,480,False
105,8,CAR_0700,CAR,420,standing,,,,1.5495,1,435,False
106,8,CAR_0645,CAR,405,standing,,,,13.5384,2,420,True
107,8,CAR_0845,CAR,525,standing,,,,11.0342,1,540,False
108,8,CAR_0830,CAR,510,standing,,,,15.5669,1,525,False
109,8,CAR_0845,CAR,525,standing,,,,4.0241,1,540,False
110,8,CAR_0845,CAR,525,rule,T7,"Chose to drive at 08:45 over drive at 08:30: lowest total cost (NZ$6.51 vs NZ$10.28), mainly changing routine.",habit;arrival_time;travel_time,6.5066,1,540,False
111,8,CAR_0930,CAR,570,rule,T7,"Chose to drive at 09:30 over drive at 09:15: lowest total cost (NZ$2.84 vs NZ$3.34), mainly changing routine.",habit;arrival_time,2.8446,1,570,False
112,8,CAR_0645,CAR,405,standing,,,,15.1051,3,450,False
113,8,PT,PT,,standing,,,,27.1744,1,555,False
114,8,PT,PT,,standing,,,,20.2778,1,570,False
115,8,CAR_0745,CAR,465,standing,,,,12.1305,2,510,False
116,8,PT,PT,,standing,,,,19.8053,1,480,False
117,8,CAR_0730,CAR,450,standing,,,,3.9159,1,480,False
118,8,CAR_0915,CAR,555,standing,,,,4.3124,1,570,False
119,8,PT,PT,,standing,,,,19.5064,1,495,False
120,8,CAR_0700,CAR,420,standing,,,,10.7049,1,435,False
121,8,CAR_0845,CAR,525,rule,T7,"Chose to drive at 08:45 over drive at 08:30: lowest total cost (NZ$15.58 vs NZ$19.32), mainly changing routine.",habit;arrival_time,15.5841,1,540,False
122,8,CAR_0915,CAR,555,rule,T7,"Chose to drive at 09:15 over drive at 08:45: lowest total cost (NZ$24.75 vs NZ$23.68), mainly arrival time.",arrival_time;travel_time,24.7468,2,570,False
123,8,PT,PT,,standing,,,,22.2612,1,435,False
124,8,CAR_0645,CAR,405,standing,,,,7.6537,1,420,False
125,8,CAR_0630,CAR,390,standing,,,,2.2028,1,495,False
126,8,CAR_0830,CAR,510,rule,T7,"Chose to drive at 08:30 over drive at 06:45 for the early start: lowest total cost (NZ$25.47 vs NZ$26.74), mainly arrival time.",arrival_time;travel_time,25.4731,1,525,False
127,8,PT,PT,,standing,,,,22.0984,1,510,False
128,8,CAR_0730,CAR,450,rule,T7,"Chose to drive at 07:30 over drive at 07:15: lowest total cost (NZ$20.72 vs NZ$24.79), mainly arrival time.",arrival_time;habit,20.7154,1,465,False
129,8,CAR_0700,CAR,420,standing,,,,21.4065,1,450,False
130,8,CAR_0845,CAR,525,standing,,,,20.022,1,540,False
131,8,CAR_0715,CAR,435,standing,,,,14.641,2,465,False
132,8,CAR_0630,CAR,390,rule,T7,"Chose to drive at 06:30 for the early start over drive at 06:45 for the early start: lowest total cost (NZ$28.24 vs NZ$29.76), mainly changing routine.",habit;travel_time,28.2446,1,420,True
133,8,CAR_0800,CAR,480,standing,,,,15.0051,1,510,False
134,8,CAR_0800,CAR,480,standing,,,,13.8161,1,510,False
135,8,CAR_0800,CAR,480,standing,,,,18.4987,1,525,False
136,8,CAR_0845,CAR,525,rule,T7,"Chose to drive at 08:45 over drive at 09:00: lowest total cost (NZ$9.26 vs NZ$8.09), mainly overall cost.",other,9.2559,2,555,False
137,8,CAR_0745,CAR,465,standing,,,,3.8514,1,480,False
138,8,CAR_0745,CAR,465,standing,,,,21.3563,1,510,False
139,8,CAR_0845,CAR,525,standing,,,,3.4414,1,540,False
140,8,CAR_0700,CAR,420,standing,,,,2.0731,1,435,False
141,8,CAR_0700,CAR,420,rule,T5,"Chose to drive at 07:00 over drive at 06:45: lowest total cost (NZ$20.08 vs NZ$21.60), mainly changing routine.",habit,20.0767,1,420,False
142,8,CAR_0800,CAR,480,rule,T5,"Chose to drive at 08:00 over drive at 07:45: lowest total cost (NZ$3.43 vs NZ$5.38), mainly arrival time.",arrival_time;habit,3.4299,1,495,False
143,8,CAR_0745,CAR,465,standing,,,,2.4692,1,480,False
144,8,CAR_0800,CAR,480,rule,T7,"Chose to drive at 08:00 over drive at 07:45: lowest total cost (NZ$9.40 vs NZ$10.20), mainly changing routine.",habit,9.4015,1,495,False
145,8,CAR_0700,CAR,420,standing,,,,2.0744,1,435,False
146,8,PT,PT,,standing,,,,22.6123,1,495,False
147,8,CAR_0645,CAR,405,standing,,,,36.3011,1,420,True
148,8,CAR_0845,CAR,525,rule,T7,"Chose to drive at 08:45 over drive at 09:00: lowest total cost (NZ$28.25 vs NZ$31.23), mainly changing routine.",habit,28.247,1,555,False
149,8,CAR_0845,CAR,525,standing,,,,16.39,1,540,False
150,8,CAR_0900,CAR,540,standing,,,,17.9093,1,555,False
151,8,CAR_0745,CAR,465,standing,,,,6.7567,1,480,False
152,8,CAR_0730,CAR,450,standing,,,,18.6428,1,495,False
153,8,CAR_0845,CAR,525,rule,T7,"Chose to drive at 08:45 over drive at 06:45 for the early start: lowest total cost (NZ$26.41 vs NZ$26.91), mainly arrival time.",arrival_time,26.4141,1,540,False
154,8,CAR_0900,CAR,540,rule,T7,"Chose to drive at 09:00 over drive at 08:45: lowest total cost (NZ$5.32 vs NZ$7.07), mainly arrival time.",arrival_time;habit,5.3191,1,555,False
155,8,CAR_0900,CAR,540,rule,T7,"Chose to drive at 09:00 over drive at 09:15: lowest total cost (NZ$12.45 vs NZ$14.03), mainly changing routine.",habit,12.4473,1,570,False
156,8,PT,PT,,standing,,,,27.5756,1,480,False
157,8,CAR_0715,CAR,435,standing,,,,10.6437,1,450,False
158,8,CAR_0815,CAR,495,standing,,,,30.0496,1,525,False
159,8,CAR_0730,CAR,450,rule,T7,"Chose to drive at 07:30 over drive at 06:45 for the early start: lowest total cost (NZ$16.09 vs NZ$19.39), mainly changing routine.",habit;arrival_time,16.085,1,495,False
160,8,CAR_0900,CAR,540,standing,,,,20.7591,1,585,False
161,8,SKIP,SKIP,,rule,T6,"Chose to skip the trip over drive at 08:00: lowest total cost (NZ$35.53 vs NZ$38.29), mainly fuel.",other;travel_time,35.5316,1,,False
162,8,CAR_0830,CAR,510,rule,T7,"Chose to drive at 08:30 over drive at 08:15: lowest total cost (NZ$15.07 vs NZ$14.43), mainly arrival time.",arrival_time,15.0667,2,525,False
163,8,CAR_0830,CAR,510,rule,T7,"Chose to drive at 08:30 over drive at 08:00: lowest total cost (NZ$36.71 vs NZ$38.12), mainly travel time.",travel_time;arrival_time,36.7054,1,525,False
164,8,CAR_0730,CAR,450,standing,,,,27.8445,1,465,False
165,8,CAR_0830,CAR,510,standing,,,,14.6741,1,540,False
166,8,CAR_0845,CAR,525,standing,,,,26.6531,1,540,False
167,8,CAR_0745,CAR,465,standing,,,,16.3154,1,480,False
168,8,CAR_0900,CAR,540,rule,T7,"Chose to drive at 09:00 over drive at 08:45: lowest total cost (NZ$8.25 vs NZ$11.87), mainly changing routine.",habit;arrival_time;travel_time,8.2547,1,555,False
169,8,CAR_0730,CAR,450,standing,,,,11.1462,1,480,False
170,8,CAR_0800,CAR,480,standing,,,,24.4803,1,495,False
171,8,CAR_0815,CAR,495,rule,T7,"Chose to drive at 08:15 over drive at 08:00: lowest total cost (NZ$7.69 vs NZ$12.61), mainly changing routine.",habit;arrival_time,7.6931,1,525,False
172,8,CAR_0845,CAR,525,standing,,,,23.6047,1,540,False
173,8,CAR_0830,CAR,510,rule,T7,"Chose to drive at 08:30 over drive at 08:45: lowest total cost (NZ$4.80 vs NZ$5.60), mainly changing routine.",habit;travel_time,4.801,1,540,False
174,8,CAR_0700,CAR,420,standing,,,,18.5888,1,435,False
175,8,CAR_0700,CAR,420,standing,,,,28.4504,1,435,False
176,8,CAR_0745,CAR,465,standing,,,,22.1256,4,525,False
177,8,PT,PT,,standing,,,,23.8378,1,510,False
178,8,PT,PT,,standing,,,,17.8326,1,510,False
179,8,CAR_0745,CAR,465,standing,,,,16.3209,1,480,False
180,8,PT,PT,,standing,,,,19.9963,1,465,False
181,8,CAR_0915,CAR,555,standing,,,,23.2378,1,570,False
182,8,CAR_0830,CAR,510,standing,,,,27.5735,1,525,False
183,8,PT,PT,,standing,,,,18.8997,1,480,False
184,8,CAR_0745,CAR,465,standing,,,,5.2048,1,480,False
185,8,PT,PT,,standing,,,,25.7801,1,525,False
186,8,CAR_0730,CAR,450,standing,,,,8.9989,1,465,False
187,8,CAR_0745,CAR,465,standing,,,,17.4461,1,495,False
188,8,CAR_0715,CAR,435,standing,,,,5.024,2,495,False
189,8,CAR_0715,CAR,435,standing,,,,25.0158,1,450,False
190,8,CAR_0900,CAR,540,rule,T7,"Chose to drive at 09:00 over drive at 08:45: lowest total cost (NZ$24.09 vs NZ$27.36), mainly changing routine.",habit;arrival_time,24.0946,1,555,False
191,8,CAR_0900,CAR,540,rule,T7,"Chose to drive at 09:00 over drive at 09:15: lowest total cost (NZ$14.82 vs NZ$17.99), mainly changing routine.",habit;arrival_time,14.8235,1,570,False
192,8,PT,PT,,standing,,,,23.7715,1,420,False
193,8,PT,PT,,standing,,,,28.5828,1,540,False
194,8,CAR_0830,CAR,510,rule,T7,"Chose to drive at 08:30 over drive at 09:15: lowest total cost (NZ$11.95 vs NZ$14.28), mainly changing routine.",habit,11.9545,1,570,False
195,8,CAR_0745,CAR,465,standing,,,,11.5372,1,480,False
196,8,CAR_0730,CAR,450,standing,,,,20.2567,1,465,False
197,8,CAR_0700,CAR,420,standing,,,,8.5678,1,435,False
198,8,CAR_0730,CAR,450,standing,,,,10.5239,1,465,False
199,8,CAR_0645,CAR,405,standing,,,,17.5239,1,420,True
200,8,CAR_0630,CAR,390,standing,,,,18.5788,1,420,True
201,8,PT,PT,,standing,,,,34.4781,1,465,False
202,8,CAR_0715,CAR,435,standing,,,,12.8697,1,465,False
203,8,CAR_0845,CAR,525,rule,T7,"Chose to drive at 08:45 over drive at 09:00: lowest total cost (NZ$26.10 vs NZ$27.97), mainly changing routine.",habit,26.0974,1,555,False
204,8,CAR_0800,CAR,480,standing,,,,25.0306,1,495,False
205,8,CAR_0915,CAR,555,standing,,,,10.329,1,570,False
206,8,CAR_0830,CAR,510,rule,T7,"Chose to drive at 08:30 over drive at 08:00: lowest total cost (NZ$15.48 vs NZ$15.76), mainly travel time.",travel_time;arrival_time,15.4828,1,525,False
207,8,CAR_0800,CAR,480,standing,,,,25.3404,1,495,False
208,8,CAR_0745,CAR,465,rule,T7,"Chose to drive at 07:45 over drive at 08:00: lowest total cost (NZ$21.81 vs NZ$22.36), mainly travel time.",travel_time,21.8064,1,495,False
209,8,CAR_0700,CAR,420,standing,,,,3.8852,1,435,False
210,8,CAR_0900,CAR,540,standing,,,,27.1522,1,555,False
211,8,CAR_0930,CAR,570,standing,,,,22.6378,1,585,False
212,8,CAR_0830,CAR,510,standing,,,,25.939,1,540,False
213,8,CAR_0615,CAR,375,standing,,,,24.9874,2,420,True
214,8,PT,PT,,standing,,,,24.9724,1,555,False
215,8,CAR_0745,CAR,465,standing,,,,16.7842,1,525,False
216,8,CAR_0745,CAR,465,standing,,,,4.2803,1,495,False
217,8,CAR_0730,CAR,450,standing,,,,34.6799,2,480,False
218,8,CAR_0745,CAR,465,rule,T5,"Chose to drive at 07:45 over skip the trip: lowest total cost (NZ$42.55 vs NZ$42.50), mainly missing the day.",work_constraint;habit,42.5545,2,510,False
219,8,CAR_0800,CAR,480,standing,,,,22.4473,2,510,False
220,8,CAR_0845,CAR,525,rule,T7,"Chose to drive at 08:45 over drive at 08:30: lowest total cost (NZ$9.87 vs NZ$13.97), mainly arrival time.",arrival_time;habit,9.8714,1,540,False
221,8,CAR_0730,CAR,450,standing,,,,12.5401,1,465,False
222,8,CAR_0715,CAR,435,standing,,,,9.2783,1,450,False
223,8,CAR_0745,CAR,465,standing,,,,27.9233,1,480,False
224,8,CAR_0815,CAR,495,standing,,,,15.7706,1,525,False
225,8,CAR_0700,CAR,420,standing,,,,27.3652,1,435,False
226,8,CAR_0845,CAR,525,rule,T7,"Chose to drive at 08:45 over drive at 09:15: lowest total cost (NZ$24.65 vs NZ$27.14), mainly changing routine.",habit;travel_time,24.6469,1,570,False
227,8,CAR_0845,CAR,525,rule,T7,"Chose to drive at 08:45 over drive at 08:15: lowest total cost (NZ$22.69 vs NZ$26.92), mainly travel time.",travel_time;arrival_time,22.6871,1,540,False
228,8,CAR_0645,CAR,405,standing,,,,3.6461,1,420,False
229,8,PT,PT,,standing,,,,24.5162,1,525,False
230,8,CAR_0700,CAR,420,standing,,,,13.811,1,450,False
231,8,CAR_0700,CAR,420,standing,,,,10.251,1,435,False
232,8,CAR_0845,CAR,525,rule,T7,"Chose to drive at 08:45 over drive at 08:15: lowest total cost (NZ$11.55 vs NZ$13.00), mainly travel time.",travel_time;arrival_time,11.5541,1,540,False
233,8,CAR_0745,CAR,465,standing,,,,31.0355,1,495,False
234,8,CAR_0745,CAR,465,standing,,,,12.4305,1,480,False
235,8,CAR_0730,CAR,450,standing,,,,33.9644,1,480,False
236,8,CAR_0915,CAR,555,standing,,,,20.1823,1,570,False
237,8,CAR_0845,CAR,525,rule,T7,"Chose to drive at 08:45 over drive at 07:45: lowest total cost (NZ$24.29 vs NZ$24.27), mainly arrival time.",arrival_time;travel_time,24.2935,2,525,False
238,8,CAR_0745,CAR,465,standing,,,,16.4205,1,495,False
239,8,PT,PT,,standing,,,,32.2377,1,525,False
240,8,CAR_0645,CAR,405,standing,,,,7.7488,1,420,False
241,8,CAR_0715,CAR,435,standing,,,,14.6964,1,450,False
242,8,CAR_0900,CAR,540,rule,T7,"Chose to drive at 09:00 over drive at 09:15: lowest total cost (NZ$21.89 vs NZ$26.02), mainly changing routine.",habit;arrival_time,21.8912,1,555,False
243,8,CAR_0900,CAR,540,rule,T7,"Chose to drive at 09:00 over drive at 08:45: lowest total cost (NZ$15.65 vs NZ$16.20), mainly changing routine.",habit,15.652,1,540,False
244,8,CAR_0715,CAR,435,standing,,,,19.8292,1,450,False
245,8,CAR_0700,CAR,420,standing,,,,4.3459,3,420,True
246,8,CAR_0945,CAR,585,standing,,,,26.1354,1,600,False
247,8,CAR_0645,CAR,405,standing,,,,18.4312,1,420,True
248,8,CAR_0915,CAR,555,rule,T7,"Chose to drive at 09:15 over drive at 09:00: lowest total cost (NZ$25.29 vs NZ$28.49), mainly changing routine.",habit;arrival_time,25.2918,1,570,False
249,8,CAR_0830,CAR,510,standing,,,,9.0246,1,525,False
250,8,CAR_0845,CAR,525,rule,T7,"Chose to drive at 08:45 over drive at 08:30: lowest total cost (NZ$29.39 vs NZ$31.69), mainly changing routine.",habit;arrival_time,29.3897,1,540,False
251,8,CAR_0745,CAR,465,standing,,,,21.3279,1,510,False
252,8,CAR_0700,CAR,420,standing,,,,38.288,1,450,False
253,8,CAR_0845,CAR,525,rule,T7,"Chose to drive at 08:45 over drive at 08:30: lowest total cost (NZ$9.12 vs NZ$12.52), mainly changing routine.",habit;arrival_time,9.1174,1,540,False
254,8,PT,PT,,standing,,,,23.0579,1,495,False
255,8,CAR_0730,CAR,450,standing,,,,27.2127,1,465,False
256,8,CAR_0830,CAR,510,standing,,,,37.702,1,525,False
257,8,CAR_0730,CAR,450,standing,,,,7.8122,1,465,False
258,8,CAR_0700,CAR,420,standing,,,,10.3815,1,435,False
259,8,CAR_0745,CAR,465,rule,T7,"Chose to drive at 07:45 over drive at 08:00: lowest total cost (NZ$37.56 vs NZ$39.71), mainly arrival time.",arrival_time;travel_time,37.5563,1,510,False
260,8,PT,PT,,standing,,,,21.93,1,510,False
261,8,CAR_0830,CAR,510,rule,T7,"Chose to drive at 08:30 over drive at 08:15: lowest total cost (NZ$24.96 vs NZ$27.90), mainly changing routine.",habit;travel_time;arrival_time,24.9634,1,525,False
262,8,CAR_0730,CAR,450,rule,T7,"Chose to drive at 07:30 over drive at 08:15: lowest total cost (NZ$27.80 vs NZ$28.99), mainly changing routine.",habit;travel_time,27.802,1,510,False
263,8,PT,PT,,standing,,,,32.0327,1,465,False
264,8,CAR_0915,CAR,555,standing,,,,2.5235,1,555,False
265,8,CAR_0915,CAR,555,rule,T7,"Chose to drive at 09:15 over drive at 09:00: lowest total cost (NZ$24.51 vs NZ$26.34), mainly changing routine.",habit;arrival_time;travel_time,24.5118,1,570,False
266,8,CAR_0815,CAR,495,rule,T5;T7,"Chose to drive at 08:15 over drive at 08:00: lowest total cost (NZ$26.38 vs NZ$29.24), mainly travel time.",travel_time;arrival_time,26.3772,1,510,False
267,8,CAR_0845,CAR,525,rule,T5;T7,"Chose to drive at 08:45 over drive at 08:15: lowest total cost (NZ$34.66 vs NZ$38.74), mainly travel time.",travel_time,34.6571,1,525,False
268,8,CAR_0645,CAR,405,standing,,,,37.1254,1,420,True
269,8,CAR_0845,CAR,525,rule,T7,"Chose to drive at 08:45 over drive at 09:00: lowest total cost (NZ$39.61 vs NZ$41.50), mainly changing routine.",habit,39.6053,1,555,False
270,8,CAR_0715,CAR,435,rule,T7,"Chose to drive at 07:15 over drive at 07:30: lowest total cost (NZ$32.69 vs NZ$33.77), mainly changing routine.",habit,32.6858,1,495,False
271,8,CAR_0715,CAR,435,standing,,,,14.7183,1,450,False
272,8,CAR_0715,CAR,435,standing,,,,5.9415,1,450,False
273,8,CAR_0800,CAR,480,rule,T5,"Chose to drive at 08:00 over drive at 07:45: lowest total cost (NZ$29.93 vs NZ$33.22), mainly changing routine.",habit;arrival_time,29.9325,1,510,False
274,8,CAR_0815,CAR,495,standing,,,,31.9671,1,525,False
275,8,CAR_0800,CAR,480,standing,,,,12.3246,1,495,False
276,8,CAR_0645,CAR,405,standing,,,,18.3832,1,420,True
277,8,CAR_0745,CAR,465,standing,,,,6.3595,1,480,False
278,8,PT,PT,,standing,,,,24.4987,1,525,False
279,8,CAR_0915,CAR,555,rule,T7,"Chose to drive at 09:15 over drive at 09:00: lowest total cost (NZ$23.50 vs NZ$25.70), mainly arrival time.",arrival_time;habit,23.5036,1,570,False
280,8,CAR_0800,CAR,480,standing,,,,28.6,1,525,False
281,8,PT,PT,,standing,,,,22.2882,1,495,False
282,8,PT,PT,,standing,,,,26.3611,1,525,False
283,8,CAR_0900,CAR,540,rule,T7,"Chose to drive at 09:00 over drive at 08:45: lowest total cost (NZ$13.68 vs NZ$16.81), mainly arrival time.",arrival_time;habit;travel_time,13.6812,1,555,False
284,8,PT,PT,,standing,,,,24.2399,1,585,False
285,8,PT,PT,,standing,,,,25.46,1,495,False
286,8,CAR_0715,CAR,435,standing,,,,27.3564,1,450,False
287,8,PT,PT,,standing,,,,18.5869,1,600,False
288,8,CAR_0815,CAR,495,rule,T7,"Chose to drive at 08:15 over drive at 09:00: lowest total cost (NZ$16.04 vs NZ$14.62), mainly overall cost.",other,16.0418,6,555,False
289,8,PT,PT,,standing,,,,21.6997,1,495,False
290,8,CAR_0745,CAR,465,standing,,,,8.9485,1,480,False
291,8,CAR_0800,CAR,480,standing,,,,15.2628,2,510,False
292,8,CAR_0800,CAR,480,rule,T5,"Chose to drive at 08:00 over drive at 07:45: lowest total cost (NZ$1.85 vs NZ$3.70), mainly changing routine.",habit;arrival_time,1.8523,1,510,False
293,8,PT,PT,,standing,,,,31.9657,1,525,False
294,8,CAR_0715,CAR,435,standing,,,,10.545,1,465,False
295,8,PT,PT,,standing,,,,19.378,1,480,False
296,8,CAR_0745,CAR,465,standing,,,,29.3747,1,495,False
297,8,CAR_0715,CAR,435,standing,,,,12.9515,1,465,False
298,8,PT,PT,,standing,,,,30.5886,1,540,False
299,8,CAR_0745,CAR,465,standing,,,,13.5631,1,495,False
0,9,CAR_0645,CAR,405,standing,,,,31.6918,1,420,True
1,9,CAR_0715,CAR,435,standing,,,,14.8895,1,450,False
2,9,CAR_0715,CAR,435,standing,,,,5.8256,1,450,False
3,9,CAR_0815,CAR,495,rule,T7,"Chose to drive at 08:15 over drive at 08:00: lowest total cost (NZ$28.00 vs NZ$29.47), mainly arrival time.",arrival_time;travel_time,27.9985,1,510,False
4,9,PT,PT,,standing,,,,29.5959,1,525,False
5,9,CAR_0800,CAR,480,standing,,,,13.1559,3,495,False
6,9,CAR_0645,CAR,405,standing,,,,16.3049,3,420,True
7,9,CAR_0745,CAR,465,standing,,,,6.267,1,480,False
8,9,PT,PT,,standing,,,,19.8437,1,525,False
9,9,CAR_0915,CAR,555,standing,,,,23.4767,1,570,False
10,9,CAR_0800,CAR,480,standing,,,,28.1739,3,525,False
11,9,CAR_0800,CAR,480,standing,,,,26.2069,1,495,False
12,9,CAR_0830,CAR,510,standing,,,,31.354,1,525,False
13,9,CAR_0900,CAR,540,standing,,,,13.6366,1,555,False
14,9,CAR_0930,CAR,570,standing,,,,27.5554,1,585,False
15,9,CAR_0745,CAR,465,standing,,,,34.75,1,495,False
16,9,PT,PT,,standing,,,,23.8509,1,450,False
17,9,CAR_0945,CAR,585,standing,,,,23.2875,1,600,False
18,9,CAR_0845,CAR,525,standing,,,,14.8507,1,555,False
19,9,CAR_0800,CAR,480,standing,,,,22.8047,1,495,False
20,9,CAR_0745,CAR,465,rule,T7,"Chose to drive at 07:45 over drive at 07:30: lowest total cost (NZ$11.66 vs NZ$24.21), mainly arrival time.",arrival_time;habit;travel_time,11.6622,1,480,False
21,9,CAR_0800,CAR,480,standing,,,,16.4535,2,510,False
22,9,CAR_0730,CAR,450,standing,,,,2.7527,5,510,False
23,9,PT,PT,,standing,,,,23.612,1,525,False
24,9,CAR_0715,CAR,435,standing,,,,10.4247,1,465,False
25,9,PT,PT,,standing,,,,23.4377,1,480,False
26,9,PT,PT,,standing,,,,20.602,1,495,False
27,9,CAR_0730,CAR,450,standing,,,,12.8112,1,465,False
28,9,PT,PT,,standing,,,,23.2635,1,540,False
29,9,CAR_0800,CAR,480,standing,,,,13.7232,1,495,False
30,9,CAR_0815,CAR,495,standing,,,,26.1608,1,525,False
31,9,CAR_0815,CAR,495,standing,,,,29.1871,1,525,False
32,9,CAR_0745,CAR,465,standing,,,,16.2536,1,510,False
33,9,CAR_0745,CAR,465,standing,,,,11.9581,1,495,False
34,9,CAR_0745,CAR,465,standing,,,,17.8224,1,495,False
35,9,CAR_0800,CAR,480,standing,,,,31.0297,1,510,False
36,9,CAR_0745,CAR,465,standing,,,,1.3029,1,480,False
37,9,CAR_0815,CAR,495,standing,,,,20.751,1,510,False
38,9,CAR_0700,CAR,420,standing,,,,17.4715,1,450,False
39,9,PT,PT,,standing,,,,22.5886,1,480,False
40,9,CAR_0700,CAR,420,standing,,,,16.9923,1,435,False
41,9,CAR_0630,CAR,390,standing,,,,10.3266,1,420,True
42,9,CAR_0800,CAR,480,standing,,,,14.1986,1,525,False
43,9,CAR_0845,CAR,525,standing,,,,26.3966,1,540,False
44,9,CAR_0730,CAR,450,standing,,,,9.7523,1,465,False
45,9,CAR_0700,CAR,420,standing,,,,10.4654,1,435,False
46,9,CAR_0845,CAR,525,standing,,,,10.6768,1,540,False
47,9,CAR_0715,CAR,435,standing,,,,8.6687,2,450,False
48,9,PT,PT,,standing,,,,19.7335,1,510,False
49,9,CAR_0745,CAR,465,standing,,,,8.7602,2,510,False
50,9,CAR_0815,CAR,495,standing,,,,23.2069,1,510,False
51,9,CAR_0730,CAR,450,rule,T7,"Chose to drive at 07:30 over drive at 08:15: lowest total cost (NZ$20.33 vs NZ$22.15), mainly changing routine.",habit;travel_time,20.3287,1,525,False
52,9,PT,PT,,standing,,,,24.4912,1,525,False
53,9,CAR_0745,CAR,465,standing,,,,12.6437,1,495,False
54,9,CAR_0715,CAR,435,standing,,,,3.9941,1,450,False
55,9,CAR_0700,CAR,420,standing,,,,1.207,1,435,False
56,9,CAR_0845,CAR,525,standing,,,,5.8015,2,525,False
57,9,CAR_0715,CAR,435,standing,,,,20.0939,1,450,False
58,9,CAR_0815,CAR,495,standing,,,,7.4719,1,510,False
59,9,CAR_0745,CAR,465,standing,,,,15.7521,1,510,False
60,9,PT,PT,,standing,,,,20.9782,1,465,False
61,9,CAR_0745,CAR,465,standing,,,,32.6393,3,510,False
62,9,CAR_0745,CAR,465,standing,,,,23.1439,1,480,False
63,9,CAR_0830,CAR,510,standing,,,,18.7526,1,525,False
64,9,CAR_0730,CAR,450,standing,,,,33.8468,1,465,False
65,9,CAR_0800,CAR,480,rule,T7,"Chose to drive at 08:00 over drive at 07:30: lowest total cost (NZ$33.21 vs NZ$33.73), mainly arrival time.",arrival_time,33.2083,2,510,False
66,9,CAR_0800,CAR,480,standing,,,,26.5048,1,495,False
67,9,CAR_0745,CAR,465,rule,T7,"Chose to drive at 07:45 over drive at 06:15 for the early start: lowest total cost (NZ$20.58 vs NZ$19.41), mainly arrival time.",arrival_time,20.5803,4,510,False
68,9,CAR_0715,CAR,435,standing,,,,16.6584,1,465,False
69,9,CAR_0915,CAR,555,standing,,,,21.7432,1,570,False
70,9,CAR_0845,CAR,525,standing,,,,11.5927,1,540,False
71,9,PT,PT,,standing,,,,32.5316,1,495,False
72,9,CAR_0700,CAR,420,standing,,,,9.1881,1,435,False
73,9,PT,PT,,standing,,,,31.0466,1,525,False
74,9,CAR_0845,CAR,525,standing,,,,20.7119,1,540,False
75,9,PT,PT,,standing,,,,24.4691,1,555,False
76,9,CAR_0730,CAR,450,standing,,,,13.1988,1,480,False
77,9,CAR_0700,CAR,420,standing,,,,20.0029,1,435,False
78,9,CAR_0945,CAR,585,standing,,,,19.4239,1,585,False
79,9,CAR_0745,CAR,465,standing,,,,38.6211,3,525,False
80,9,CAR_0800,CAR,480,standing,,,,16.0912,1,495,False
81,9,CAR_0700,CAR,420,standing,,,,25.4845,1,435,False
82,9,PT,PT,,standing,,,,17.6253,1,510,False
83,9,CAR_0900,CAR,540,standing,,,,15.1844,1,555,False
84,9,CAR_0730,CAR,450,standing,,,,12.3329,1,465,False
85,9,PT,PT,,standing,,,,23.8139,1,525,False
86,9,CAR_0700,CAR,420,standing,,,,12.0151,1,435,False
87,9,CAR_0715,CAR,435,standing,,,,9.2854,1,450,False
88,9,CAR_0745,CAR,465,standing,,,,8.3203,1,510,False
89,9,CAR_0700,CAR,420,standing,,,,2.7029,1,465,False
90,9,PT,PT,,standing,,,,19.7719,1,525,False
91,9,CAR_0745,CAR,465,standing,,,,29.0982,1,495,False
92,9,CAR_0730,CAR,450,standing,,,,8.3338,1,495,False
93,9,CAR_0700,CAR,420,standing,,,,5.1959,1,435,False
94,9,CAR_0915,CAR,555,standing,,,,12.3732,1,570,False
95,9,CAR_0830,CAR,510,standing,,,,16.654,1,540,False
96,9,CAR_0730,CAR,450,standing,,,,22.6888,1,465,False
97,9,CAR_0845,CAR,525,standing,,,,34.8817,1,555,False
98,9,CAR_0845,CAR,525,standing,,,,16.1037,1,525,False
99,9,CAR_0745,CAR,465,standing,,,,18.5425,1,480,False
100,9,CAR_0745,CAR,465,standing,,,,12.1258,1,495,False
101,9,CAR_0830,CAR,510,standing,,,,11.1955,1,525,False
102,9,CAR_0830,CAR,510,standing,,,,23.795,1,510,False
103,9,CAR_0800,CAR,480,standing,,,,11.3246,1,495,False
104,9,CAR_0745,CAR,465,standing,,,,12.0929,2,480,False
105,9,CAR_0700,CAR,420,standing,,,,1.5487,1,435,False
106,9,CAR_0645,CAR,405,standing,,,,13.5366,2,420,True
107,9,CAR_0845,CAR,525,standing,,,,15.0665,1,540,False
108,9,CAR_0830,CAR,510,standing,,,,18.0734,2,525,False
109,9,CAR_0845,CAR,525,standing,,,,4.0241,1,540,False
110,9,CAR_0845,CAR,525,standing,,,,6.9547,1,540,False
111,9,CAR_0930,CAR,570,standing,,,,3.2633,1,570,False
112,9,CAR_0645,CAR,405,standing,,,,15.1011,3,450,False
113,9,PT,PT,,standing,,,,27.1744,1,555,False
114,9,PT,PT,,standing,,,,20.2778,1,570,False
115,9,CAR_0745,CAR,465,standing,,,,11.8686,3,510,False
116,9,PT,PT,,standing,,,,19.8053,1,480,False
117,9,CAR_0730,CAR,450,standing,,,,4.0781,1,480,False
118,9,CAR_0915,CAR,555,standing,,,,4.4629,1,570,False
119,9,PT,PT,,standing,,,,19.5064,1,495,False
120,9,CAR_0700,CAR,420,standing,,,,10.9115,1,435,False
121,9,CAR_0845,CAR,525,standing,,,,15.5818,1,540,False
122,9,CAR_0915,CAR,555,standing,,,,22.7672,1,570,False
123,9,PT,PT,,standing,,,,22.2612,1,435,False
124,9,CAR_0645,CAR,405,standing,,,,7.6166,1,420,False
125,9,CAR_0630,CAR,390,standing,,,,2.2028,1,495,False
126,9,CAR_0830,CAR,510,standing,,,,24.0628,1,525,False
127,9,PT,PT,,standing,,,,22.0984,1,510,False
128,9,CAR_0730,CAR,450,standing,,,,20.7062,1,465,False
129,9,CAR_0700,CAR,420,standing,,,,21.4041,1,450,False
130,9,CAR_0845,CAR,525,standing,,,,20.022,1,540,False
131,9,CAR_0715,CAR,435,standing,,,,14.5524,2,465,False
132,9,CAR_0630,CAR,390,standing,,,,28.2446,1,420,True
133,9,CAR_0800,CAR,480,standing,,,,14.7711,1,510,False
134,9,CAR_0800,CAR,480,standing,,,,13.8039,1,510,False
135,9,CAR_0800,CAR,480,standing,,,,17.0742,1,525,False
136,9,CAR_0845,CAR,525,standing,,,,8.8224,2,555,False
137,9,CAR_0745,CAR,465,standing,,,,3.8835,1,480,False
138,9,CAR_0745,CAR,465,standing,,,,21.3583,1,510,False
139,9,CAR_0845,CAR,525,standing,,,,3.4414,1,540,False
140,9,CAR_0700,CAR,420,standing,,,,2.0716,1,435,False
141,9,CAR_0700,CAR,420,standing,,,,20.0786,1,420,False
142,9,CAR_0800,CAR,480,standing,,,,3.3916,1,495,False
143,9,CAR_0745,CAR,465,standing,,,,2.4063,1,480,False
144,9,CAR_0800,CAR,480,standing,,,,9.389,1,495,False
145,9,CAR_0700,CAR,420,standing,,,,2.0744,1,435,False
146,9,PT,PT,,standing,,,,22.6123,1,495,False
147,9,CAR_0645,CAR,405,standing,,,,34.977,1,420,True
148,9,CAR_0845,CAR,525,standing,,,,28.2814,1,555,False
149,9,CAR_0845,CAR,525,standing,,,,16.9485,1,540,False
150,9,CAR_0900,CAR,540,standing,,,,17.9093,1,555,False
151,9,CAR_0745,CAR,465,standing,,,,6.691,1,480,False
152,9,CAR_0730,CAR,450,standing,,,,18.617,1,495,False
153,9,CAR_0845,CAR,525,standing,,,,29.4915,5,540,False
154,9,CAR_0900,CAR,540,standing,,,,5.3211,1,555,False
155,9,CAR_0900,CAR,540,standing,,,,12.8672,1,570,False
156,9,PT,PT,,standing,,,,27.5756,1,480,False
157,9,CAR_0715,CAR,435,standing,,,,10.6347,1,450,False
158,9,CAR_0815,CAR,495,standing,,,,30.0032,1,525,False
159,9,CAR_0730,CAR,450,standing,,,,16.0677,1,495,False
160,9,CAR_0900,CAR,540,standing,,,,20.7591,1,585,False
161,9,SKIP,SKIP,,rule,T6,"Chose to skip the trip over drive at 08:00: lowest total cost (NZ$35.53 vs NZ$37.39), mainly fuel.",other;travel_time,35.5316,1,,False
162,9,CAR_0830,CAR,510,standing,,,,14.0759,1,525,False
163,9,CAR_0830,CAR,510,standing,,,,36.7903,1,525,False
164,9,CAR_0730,CAR,450,standing,,,,27.8422,1,465,False
165,9,CAR_0830,CAR,510,standing,,,,15.3551,1,540,False
166,9,CAR_0845,CAR,525,standing,,,,27.3724,1,540,False
167,9,CAR_0745,CAR,465,standing,,,,14.5214,1,480,False
168,9,CAR_0900,CAR,540,standing,,,,8.2289,1,555,False
169,9,CAR_0730,CAR,450,standing,,,,11.1804,1,480,False
170,9,CAR_0800,CAR,480,standing,,,,24.453,1,495,False
171,9,CAR_0815,CAR,495,standing,,,,7.8019,1,525,False
172,9,CAR_0845,CAR,525,standing,,,,26.9654,3,540,False
173,9,CAR_0830,CAR,510,standing,,,,4.801,1,540,False
174,9,CAR_0700,CAR,420,standing,,,,18.5741,1,435,False
175,9,CAR_0700,CAR,420,standing,,,,28.4492,1,435,False
176,9,CAR_0745,CAR,465,standing,,,,22.1219,4,525,False
177,9,PT,PT,,standing,,,,23.8378,1,510,False
178,9,PT,PT,,standing,,,,17.8326,1,510,False
179,9,CAR_0745,CAR,465,standing,,,,16.3078,1,480,False
180,9,PT,PT,,standing,,,,19.9963,1,465,False
181,9,CAR_0915,CAR,555,standing,,,,23.2378,1,570,False
182,9,CAR_0830,CAR,510,standing,,,,27.5735,1,525,False
183,9,PT,PT,,standing,,,,18.8997,1,480,False
184,9,CAR_0745,CAR,465,standing,,,,5.1841,1,480,False
185,9,PT,PT,,standing,,,,25.7801,1,525,False
186,9,CAR_0730,CAR,450,standing,,,,9.0002,1,465,False
187,9,CAR_0745,CAR,465,rule,T7,"Chose to drive at 07:45 over drive at 07:30: lowest total cost (NZ$17.45 vs NZ$19.46), mainly arrival time.",arrival_time;habit,17.4527,1,495,False
188,9,CAR_0715,CAR,435,standing,,,,5.0215,2,495,False
189,9,CAR_0715,CAR,435,standing,,,,25.0117,1,450,False
190,9,CAR_0900,CAR,540,standing,,,,24.0946,1,555,False
191,9,CAR_0900,CAR,540,standing,,,,14.8834,1,570,False
192,9,PT,PT,,standing,,,,23.7715,1,420,False
193,9,PT,PT,,standing,,,,28.5828,1,540,False
194,9,CAR_0830,CAR,510,standing,,,,12.0656,1,570,False
195,9,CAR_0745,CAR,465,standing,,,,11.4497,1,480,False
196,9,CAR_0730,CAR,450,standing,,,,21.4729,1,465,False
197,9,CAR_0700,CAR,420,standing,,,,8.5678,1,435,False
198,9,CAR_0730,CAR,450,standing,,,,10.4946,1,465,False
199,9,CAR_0645,CAR,405,rule,T7,"Chose to drive at 06:45 for the early start over drive at 07:30: lowest total cost (NZ$16.88 vs NZ$18.05), mainly changing routine.",habit,16.8812,1,420,True
200,9,CAR_0630,CAR,390,standing,,,,18.5788,1,420,True
201,9,PT,PT,,standing,,,,34.4781,1,465,False
202,9,CAR_0715,CAR,435,standing,,,,12.8695,1,465,False
203,9,CAR_0845,CAR,525,standing,,,,26.0973,1,555,False
204,9,CAR_0800,CAR,480,standing,,,,25.0233,1,495,False
205,9,CAR_0915,CAR,555,standing,,,,10.329,1,570,False
206,9,CAR_0830,CAR,510,standing,,,,15.0705,1,525,False
207,9,CAR_0800,CAR,480,standing,,,,25.1624,1,495,False
208,9,CAR_0745,CAR,465,standing,,,,21.8059,1,495,False
209,9,CAR_0700,CAR,420,standing,,,,3.8852,1,435,False
210,9,CAR_0900,CAR,540,standing,,,,27.1522,1,555,False
211,9,CAR_0930,CAR,570,standing,,,,22.6378,1,585,False
212,9,CAR_0830,CAR,510,standing,,,,26.1364,1,540,False
213,9,CAR_0615,CAR,375,standing,,,,24.9874,3,420,True
214,9,PT,PT,,standing,,,,24.9724,1,555,False
215,9,CAR_0745,CAR,465,standing,,,,16.7639,1,525,False
216,9,CAR_0745,CAR,465,standing,,,,4.2685,1,495,False
217,9,CAR_0730,CAR,450,standing,,,,34.9046,2,480,False
218,9,CAR_0745,CAR,465,standing,,,,42.4555,2,510,False
219,9,CAR_0800,CAR,480,standing,,,,22.4148,3,510,False
220,9,CAR_0845,CAR,525,standing,,,,9.9433,1,540,False
221,9,CAR_0730,CAR,450,standing,,,,12.5264,1,465,False
222,9,CAR_0715,CAR,435,standing,,,,9.2702,1,450,False
223,9,CAR_0745,CAR,465,standing,,,,27.9269,1,480,False
224,9,CAR_0815,CAR,495,standing,,,,15.7706,1,525,False
225,9,CAR_0700,CAR,420,standing,,,,27.3652,1,435,False
226,9,CAR_0845,CAR,525,standing,,,,24.6469,1,570,False
227,9,CAR_0845,CAR,525,standing,,,,26.9174,2,540,False
228,9,CAR_0645,CAR,405,standing,,,,3.6461,1,420,False
229,9,PT,PT,,standing,,,,24.5162,1,525,False
230,9,CAR_0700,CAR,420,standing,,,,13.8106,1,450,False
231,9,CAR_0700,CAR,420,standing,,,,10.251,1,435,False
232,9,CAR_0830,CAR,510,rule,T3,"Chose to drive at 08:30 over drive at 08:45: lowest total cost (NZ$12.30 vs NZ$15.19), mainly arrival time.",arrival_time;travel_time,12.2973,1,540,False
233,9,CAR_0745,CAR,465,standing,,,,31.1175,1,495,False
234,9,CAR_0745,CAR,465,standing,,,,11.9042,1,480,False
235,9,CAR_0730,CAR,450,standing,,,,33.95,1,480,False
236,9,CAR_0915,CAR,555,standing,,,,20.1823,1,570,False
237,9,CAR_0845,CAR,525,rule,T3,"Chose to drive at 08:45 over drive at 07:45: lowest total cost (NZ$24.46 vs NZ$25.46), mainly changing routine.",habit;arrival_time,24.4615,1,525,False
238,9,CAR_0745,CAR,465,standing,,,,16.3061,1,495,False
239,9,PT,PT,,standing,,,,32.2377,1,525,False
240,9,CAR_0645,CAR,405,standing,,,,7.7481,1,420,False
241,9,CAR_0715,CAR,435,standing,,,,14.6976,1,450,False
242,9,CAR_0900,CAR,540,standing,,,,26.6428,2,555,False
243,9,CAR_0900,CAR,540,standing,,,,15.6512,1,540,False
244,9,CAR_0715,CAR,435,standing,,,,19.8288,1,450,False
245,9,CAR_0700,CAR,420,standing,,,,4.3282,3,420,True
246,9,CAR_0945,CAR,585,standing,,,,26.1354,1,600,False
247,9,CAR_0645,CAR,405,standing,,,,17.4707,1,420,True
248,9,CAR_0915,CAR,555,standing,,,,25.4291,1,570,False
249,9,CAR_0830,CAR,510,standing,,,,8.9617,1,525,False
250,9,CAR_0845,CAR,525,standing,,,,29.3855,1,540,False
251,9,CAR_0745,CAR,465,standing,,,,21.2783,1,510,False
252,9,CAR_0700,CAR,420,standing,,,,38.2828,1,450,False
253,9,CAR_0845,CAR,525,standing,,,,9.1686,1,540,False
254,9,PT,PT,,standing,,,,23.0579,1,495,False
255,9,CAR_0730,CAR,450,standing,,,,27.2455,1,465,False
256,9,CAR_0830,CAR,510,standing,,,,38.1041,1,525,False
257,9,CAR_0730,CAR,450,standing,,,,7.7963,1,465,False
258,9,CAR_0700,CAR,420,standing,,,,10.3815,1,435,False
259,9,CAR_0745,CAR,465,standing,,,,36.6679,1,510,False
260,9,PT,PT,,standing,,,,21.93,1,510,False
261,9,CAR_0830,CAR,510,standing,,,,24.9634,1,525,False
262,9,CAR_0730,CAR,450,standing,,,,27.7793,1,510,False
263,9,PT,PT,,standing,,,,32.0327,1,465,False
264,9,CAR_0915,CAR,555,standing,,,,2.5235,1,555,False
265,9,CAR_0915,CAR,555,standing,,,,24.5118,1,570,False
266,9,CAR_0815,CAR,495,standing,,,,25.3282,1,510,False
267,9,CAR_0830,CAR,510,rule,T3,"Chose to drive at 08:30 over drive at 08:45: lowest total cost (NZ$39.25 vs NZ$47.75), mainly arrival time.",arrival_time,39.2483,2,525,False
268,9,CAR_0645,CAR,405,rule,T7,"Chose to drive at 06:45 for the early start over drive at 07:45: lowest total cost (NZ$37.13 vs NZ$41.09), mainly changing routine.",habit;travel_time,37.1259,1,420,True
269,9,CAR_0845,CAR,525,standing,,,,39.6139,1,555,False
270,9,CAR_0715,CAR,435,standing,,,,32.6407,1,495,False
271,9,CAR_0715,CAR,435,standing,,,,14.7212,1,450,False
272,9,CAR_0715,CAR,435,standing,,,,5.9433,1,450,False
273,9,CAR_0800,CAR,480,standing,,,,29.3444,1,510,False
274,9,CAR_0815,CAR,495,standing,,,,32.0736,1,525,False
275,9,CAR_0800,CAR,480,standing,,,,12.2736,1,495,False
276,9,CAR_0645,CAR,405,standing,,,,17.8181,1,420,True
277,9,CAR_0745,CAR,465,standing,,,,6.3595,1,480,False
278,9,PT,PT,,standing,,,,24.4987,1,525,False
279,9,CAR_0915,CAR,555,standing,,,,23.5684,1,570,False
280,9,CAR_0800,CAR,480,standing,,,,28.4024,1,525,False
281,9,PT,PT,,standing,,,,22.2882,1,495,False
282,9,PT,PT,,standing,,,,26.3611,1,525,False
283,9,CAR_0900,CAR,540,standing,,,,13.6584,1,555,False
284,9,PT,PT,,standing,,,,24.2399,1,585,False
285,9,PT,PT,,standing,,,,25.46,1,495,False
286,9,CAR_0715,CAR,435,standing,,,,27.3495,1,450,False
287,9,PT,PT,,standing,,,,18.5869,1,600,False
288,9,CAR_0815,CAR,495,standing,,,,15.5087,4,555,False
289,9,PT,PT,,standing,,,,21.6997,1,495,False
290,9,CAR_0745,CAR,465,standing,,,,8.9106,1,480,False
291,9,CAR_0800,CAR,480,standing,,,,14.876,2,510,False
292,9,CAR_0800,CAR,480,standing,,,,1.6941,1,510,False
293,9,PT,PT,,standing,,,,31.9657,1,525,False
294,9,CAR_0715,CAR,435,standing,,,,10.5551,1,465,False
295,9,PT,PT,,standing,,,,19.378,1,480,False
296,9,CAR_0745,CAR,465,standing,,,,29.4561,1,495,False
297,9,CAR_0715,CAR,435,standing,,,,12.9477,1,465,False
298,9,PT,PT,,standing,,,,30.5886,1,540,False
299,9,CAR_0745,CAR,465,standing,,,,13.5349,1,495,False
0,10,CAR_0645,CAR,405,standing,,,,31.6494,1,420,True
1,10,CAR_0715,CAR,435,standing,,,,14.8896,1,450,False
2,10,CAR_0715,CAR,435,standing,,,,5.8237,1,450,False
3,10,CAR_0815,CAR,495,standing,,,,28.0543,1,510,False
4,10,PT,PT,,standing,,,,29.5959,1,525,False
5,10,CAR_0800,CAR,480,standing,,,,12.8154,2,495,False
6,10,CAR_0645,CAR,405,standing,,,,16.2614,3,420,True
7,10,CAR_0745,CAR,465,standing,,,,6.2649,1,480,False
8,10,PT,PT,,standing,,,,19.8437,1,525,False
9,10,CAR_0915,CAR,555,standing,,,,23.4816,1,570,False
10,10,CAR_0830,CAR,510,rule,T7,"Chose to drive at 08:30 over drive at 08:00: lowest total cost (NZ$26.10 vs NZ$28.07), mainly travel time.",travel_time;arrival_time,26.0987,1,525,False
11,10,CAR_0800,CAR,480,rule,T7,"Chose to drive at 08:00 over drive at 07:30: lowest total cost (NZ$26.20 vs NZ$28.74), mainly changing routine.",habit;arrival_time,26.2023,1,495,False
12,10,CAR_0830,CAR,510,standing,,,,30.9485,1,525,False
13,10,CAR_0900,CAR,540,standing,,,,13.6343,1,555,False
14,10,CAR_0930,CAR,570,standing,,,,27.5554,1,585,False
15,10,CAR_0745,CAR,465,standing,,,,34.7426,1,495,False
16,10,PT,PT,,standing,,,,23.8509,1,450,False
17,10,CAR_0945,CAR,585,standing,,,,23.2875,1,600,False
18,10,CAR_0845,CAR,525,standing,,,,14.8268,1,555,False
19,10,CAR_0800,CAR,480,standing,,,,22.8192,1,495,False
20,10,CAR_0745,CAR,465,standing,,,,11.6465,1,480,False
21,10,CAR_0800,CAR,480,standing,,,,16.4552,2,510,False
22,10,CAR_0730,CAR,450,standing,,,,2.7818,5,510,False
23,10,PT,PT,,standing,,,,23.612,1,525,False
24,10,CAR_0715,CAR,435,standing,,,,10.4212,1,465,False
25,10,PT,PT,,standing,,,,23.4377,1,480,False
26,10,PT,PT,,standing,,,,20.602,1,495,False
27,10,CAR_0730,CAR,450,standing,,,,12.7478,1,465,False
28,10,PT,PT,,standing,,,,23.2635,1,540,False
29,10,CAR_0800,CAR,480,standing,,,,13.8589,1,495,False
30,10,CAR_0815,CAR,495,standing,,,,26.064,1,525,False
31,10,CAR_0815,CAR,495,standing,,,,29.1218,1,525,False
32,10,CAR_0745,CAR,465,standing,,,,16.303,1,510,False
33,10,CAR_0745,CAR,465,standing,,,,11.9795,1,495,False
34,10,CAR_0745,CAR,465,standing,,,,17.5117,1,495,False
35,10,CAR_0800,CAR,480,standing,,,,31.0332,1,510,False
36,10,CAR_0745,CAR,465,standing,,,,1.288,1,480,False
37,10,CAR_0815,CAR,495,standing,,,,20.8478,1,510,False
38,10,CAR_0700,CAR,420,standing,,,,17.4706,1,450,False
39,10,PT,PT,,standing,,,,22.5886,1,480,False
40,10,CAR_0700,CAR,420,standing,,,,16.989,1,435,False
41,10,CAR_0630,CAR,390,rule,T7,"Chose to drive at 06:30 for the early start over drive at 08:00: lowest total cost (NZ$10.33 vs NZ$11.63), mainly changing routine.",habit;travel_time,10.3266,1,420,True
42,10,CAR_0800,CAR,480,standing,,,,14.2287,1,525,False
43,10,CAR_0845,CAR,525,standing,,,,26.4354,1,540,False
44,10,CAR_0730,CAR,450,standing,,,,9.685,1,465,False
45,10,CAR_0700,CAR,420,standing,,,,10.4625,1,435,False
46,10,CAR_0845,CAR,525,rule,T7,"Chose to drive at 08:45 over drive at 08:30: lowest total cost (NZ$10.64 vs NZ$14.62), mainly changing routine.",habit;arrival_time;travel_time,10.6367,1,540,False
47,10,CAR_0715,CAR,435,standing,,,,8.5988,2,450,False
48,10,PT,PT,,standing,,,,19.7335,1,510,False
49,10,CAR_0745,CAR,465,standing,,,,8.7222,2,510,False
50,10,CAR_0815,CAR,495,standing,,,,23.2066,1,510,False
51,10,CAR_0730,CAR,450,standing,,,,20.32,1,525,False
52,10,PT,PT,,standing,,,,24.4912,1,525,False
53,10,CAR_0745,CAR,465,standing,,,,12.6022,1,495,False
54,10,CAR_0715,CAR,435,standing,,,,3.994,1,450,False
55,10,CAR_0700,CAR,420,standing,,,,1.2077,1,435,False
56,10,CAR_0845,CAR,525,standing,,,,5.1951,2,525,False
57,10,CAR_0715,CAR,435,standing,,,,20.0836,1,450,False
58,10,CAR_0815,CAR,495,standing,,,,7.4793,1,510,False
59,10,CAR_0745,CAR,465,standing,,,,15.7003,1,510,False
60,10,PT,PT,,standing,,,,20.9782,1,465,False
61,10,CAR_0745,CAR,465,standing,,,,32.5764,3,510,False
62,10,CAR_0745,CAR,465,standing,,,,23.1352,1,480,False
63,10,CAR_0830,CAR,510,standing,,,,18.6984,1,525,False
64,10,CAR_0730,CAR,450,standing,,,,33.8272,1,465,False
65,10,CAR_0800,CAR,480,standing,,,,33.2969,2,510,False
66,10,CAR_0800,CAR,480,standing,,,,26.5048,1,495,False
67,10,CAR_0745,CAR,465,standing,,,,18.6396,1,510,False
68,10,CAR_0715,CAR,435,standing,,,,16.5895,1,465,False
69,10,CAR_0915,CAR,555,standing,,,,21.7418,1,570,False
70,10,CAR_0845,CAR,525,standing,,,,11.4981,1,540,False
71,10,PT,PT,,standing,,,,32.5316,1,495,False
72,10,CAR_0700,CAR,420,standing,,,,9.1881,1,435,False
73,10,PT,PT,,standing,,,,31.0466,1,525,False
74,10,CAR_0845,CAR,525,standing,,,,20.6956,1,540,False
75,10,PT,PT,,standing,,,,24.4691,1,555,False
76,10,CAR_0730,CAR,450,standing,,,,13.2187,1,480,False
77,10,CAR_0700,CAR,420,standing,,,,19.9936,1,435,False
78,10,CAR_0945,CAR,585,standing,,,,19.4238,1,585,False
79,10,CAR_0745,CAR,465,standing,,,,38.6578,3,525,False
80,10,CAR_0800,CAR,480,standing,,,,16.0912,1,495,False
81,10,CAR_0700,CAR,420,standing,,,,25.485,1,435,False
82,10,PT,PT,,standing,,,,17.6253,1,510,False
83,10,CAR_0900,CAR,540,standing,,,,15.1844,1,555,False
84,10,CAR_0730,CAR,450,standing,,,,12.3411,1,465,False
85,10,PT,PT,,standing,,,,23.8139,1,525,False
86,10,CAR_0700,CAR,420,standing,,,,12.0168,1,435,False
87,10,CAR_0715,CAR,435,standing,,,,9.2762,1,450,False
88,10,CAR_0745,CAR,465,standing,,,,8.2602,1,510,False
89,10,CAR_0700,CAR,420,standing,,,,2.7015,1,465,False
90,10,PT,PT,,standing,,,,19.7719,1,525,False
91,10,CAR_0745,CAR,465,standing,,,,29.1213,1,495,False
92,10,CAR_0730,CAR,450,standing,,,,8.3022,1,495,False
93,10,CAR_0700,CAR,420,standing,,,,5.1948,1,435,False
94,10,CAR_0915,CAR,555,standing,,,,12.366,1,570,False
95,10,CAR_0830,CAR,510,standing,,,,16.6584,1,540,False
96,10,CAR_0730,CAR,450,standing,,,,22.6835,1,465,False
97,10,CAR_0845,CAR,525,standing,,,,34.8738,1,555,False
98,10,CAR_0845,CAR,525,standing,,,,16.0739,1,525,False
99,10,CAR_0745,CAR,465,standing,,,,17.5782,1,480,False
100,10,CAR_0745,CAR,465,standing,,,,12.1444,1,495,False
101,10,CAR_0830,CAR,510,standing,,,,11.1738,1,525,False
102,10,CAR_0830,CAR,510,standing,,,,23.7222,1,510,False
103,10,CAR_0800,CAR,480,standing,,,,11.3246,1,495,False
104,10,CAR_0745,CAR,465,standing,,,,11.8706,2,480,False
105,10,CAR_0700,CAR,420,standing,,,,1.5482,1,435,False
106,10,CAR_0645,CAR,405,standing,,,,13.5353,2,420,True
107,10,CAR_0845,CAR,525,rule,T5,"Chose to drive at 08:45 over drive at 08:30: lowest total cost (NZ$12.78 vs NZ$13.96), mainly arrival time.",arrival_time,12.7799,1,540,False
108,10,CAR_0830,CAR,510,standing,,,,17.4724,2,525,False
109,10,CAR_0845,CAR,525,standing,,,,4.0241,1,540,False
110,10,CAR_0845,CAR,525,standing,,,,6.8975,1,540,False
111,10,CAR_0930,CAR,570,standing,,,,3.2512,1,570,False
112,10,CAR_0645,CAR,405,standing,,,,15.0983,3,450,False
113,10,PT,PT,,standing,,,,27.1744,1,555,False
114,10,PT,PT,,standing,,,,20.2778,1,570,False
115,10,CAR_0745,CAR,465,standing,,,,11.8058,3,510,False
116,10,PT,PT,,standing,,,,19.8053,1,480,False
117,10,CAR_0730,CAR,450,standing,,,,3.8307,1,480,False
118,10,CAR_0915,CAR,555,standing,,,,4.46,1,570,False
119,10,PT,PT,,standing,,,,19.5064,1,495,False
120,10,CAR_0700,CAR,420,standing,,,,10.9011,1,435,False
121,10,CAR_0845,CAR,525,standing,,,,15.5776,1,540,False
122,10,CAR_0915,CAR,555,standing,,,,22.7858,1,570,False
123,10,PT,PT,,standing,,,,22.2612,1,435,False
124,10,CAR_0645,CAR,405,standing,,,,7.6166,1,420,False
125,10,CAR_0630,CAR,390,standing,,,,2.2028,1,495,False
126,10,CAR_0830,CAR,510,standing,,,,23.9523,1,525,False
127,10,PT,PT,,standing,,,,22.0984,1,510,False
128,10,CAR_0730,CAR,450,standing,,,,20.6997,1,465,False
129,10,CAR_0700,CAR,420,standing,,,,21.4024,1,450,False
130,10,CAR_0845,CAR,525,rule,T7,"Chose to drive at 08:45 over drive at 08:30: lowest total cost (NZ$20.02 vs NZ$21.78), mainly changing routine.",habit;travel_time,20.022,1,540,False
131,10,CAR_0715,CAR,435,standing,,,,14.4904,2,465,False
132,10,CAR_0630,CAR,390,standing,,,,28.2446,1,420,True
133,10,CAR_0800,CAR,480,standing,,,,14.7903,1,510,False
134,10,CAR_0800,CAR,480,standing,,,,13.7954,1,510,False
135,10,CAR_0800,CAR,480,rule,T7,"Chose to drive at 08:00 over drive at 08:15: lowest total cost (NZ$17.46 vs NZ$18.62), mainly changing routine.",habit,17.4588,1,525,False
136,10,CAR_0845,CAR,525,standing,,,,8.804,2,555,False
137,10,CAR_0745,CAR,465,standing,,,,3.8706,1,480,False
138,10,CAR_0745,CAR,465,standing,,,,21.3551,1,510,False
139,10,CAR_0845,CAR,525,standing,,,,3.4414,1,540,False
140,10,CAR_0700,CAR,420,standing,,,,2.0705,1,435,False
141,10,CAR_0700,CAR,420,standing,,,,20.0799,1,420,False
142,10,CAR_0800,CAR,480,standing,,,,3.3648,1,495,False
143,10,CAR_0745,CAR,465,standing,,,,2.3623,1,480,False
144,10,CAR_0800,CAR,480,standing,,,,9.1637,1,495,False
145,10,CAR_0700,CAR,420,standing,,,,2.0744,1,435,False
146,10,PT,PT,,standing,,,,22.6123,1,495,False
147,10,CAR_0645,CAR,405,standing,,,,34.9695,2,420,True
148,10,CAR_0845,CAR,525,standing,,,,28.279,1,555,False
149,10,CAR_0845,CAR,525,standing,,,,16.9277,1,540,False
150,10,CAR_0900,CAR,540,standing,,,,17.9093,1,555,False
151,10,CAR_0745,CAR,465,standing,,,,6.645,1,480,False
152,10,CAR_0730,CAR,450,standing,,,,18.599,1,495,False
153,10,CAR_0845,CAR,525,rule,T5,"Chose to drive at 08:45 over drive at 08:30: lowest total cost (NZ$27.68 vs NZ$27.07), mainly changing routine.",habit;arrival_time,27.6836,2,540,False
154,10,CAR_0900,CAR,540,standing,,,,5.3225,1,555,False
155,10,CAR_0900,CAR,540,standing,,,,12.4901,1,570,False
156,10,PT,PT,,standing,,,,27.5756,1,480,False
157,10,CAR_0715,CAR,435,standing,,,,10.3595,1,450,False
158,10,CAR_0815,CAR,495,standing,,,,29.9697,1,525,False
159,10,CAR_0730,CAR,450,standing,,,,16.0556,1,495,False
160,10,CAR_0900,CAR,540,standing,,,,20.7591,1,585,False
161,10,SKIP,SKIP,,rule,T6,"Chose to skip the trip over drive at 08:00: lowest total cost (NZ$35.53 vs NZ$37.39), mainly fuel.",other;travel_time,35.5316,1,,False
162,10,CAR_0830,CAR,510,standing,,,,14.0758,1,525,False
163,10,CAR_0830,CAR,510,standing,,,,36.6867,1,525,False
164,10,CAR_0730,CAR,450,standing,,,,27.8406,1,465,False
165,10,CAR_0830,CAR,510,standing,,,,15.3608,1,540,False
166,10,CAR_0845,CAR,525,standing,,,,26.8463,1,540,False
167,10,CAR_0745,CAR,465,standing,,,,14.4123,1,480,False
168,10,CAR_0900,CAR,540,standing,,,,8.2269,1,555,False
169,10,CAR_0730,CAR,450,standing,,,,11.2043,1,480,False
170,10,CAR_0800,CAR,480,standing,,,,24.4338,1,495,False
171,10,CAR_0815,CAR,495,standing,,,,7.8706,1,525,False
172,10,CAR_0830,CAR,510,rule,T5;T7,"Chose to drive at 08:30 over drive at 08:45: lowest total cost (NZ$25.05 vs NZ$25.65), mainly travel time.",travel_time;arrival_time,25.0503,1,540,False
173,10,CAR_0830,CAR,510,standing,,,,4.801,1,540,False
174,10,CAR_0700,CAR,420,standing,,,,18.5639,1,435,False
175,10,CAR_0700,CAR,420,standing,,,,28.4601,1,435,False
176,10,CAR_0745,CAR,465,standing,,,,22.1059,3,525,False
177,10,PT,PT,,standing,,,,23.8378,1,510,False
178,10,PT,PT,,standing,,,,17.8326,1,510,False
179,10,CAR_0745,CAR,465,standing,,,,16.8255,1,480,False
180,10,PT,PT,,standing,,,,19.9963,1,465,False
181,10,CAR_0915,CAR,555,standing,,,,23.2378,1,570,False
182,10,CAR_0830,CAR,510,standing,,,,27.5735,1,525,False
183,10,PT,PT,,standing,,,,18.8997,1,480,False
184,10,CAR_0745,CAR,465,standing,,,,6.0399,1,480,False
185,10,PT,PT,,standing,,,,25.7801,1,525,False
186,10,CAR_0730,CAR,450,standing,,,,9.0011,1,465,False
187,10,CAR_0745,CAR,465,standing,,,,17.5474,1,495,False
188,10,CAR_0715,CAR,435,standing,,,,5.0198,2,495,False
189,10,CAR_0715,CAR,435,standing,,,,25.0089,1,450,False
190,10,CAR_0900,CAR,540,standing,,,,24.0946,1,555,False
191,10,CAR_0900,CAR,540,standing,,,,14.8235,1,570,False
192,10,PT,PT,,standing,,,,23.7715,1,420,False
193,10,PT,PT,,standing,,,,28.5828,1,540,False
194,10,CAR_0830,CAR,510,standing,,,,12.0648,1,570,False
195,10,CAR_0745,CAR,465,standing,,,,11.3884,1,480,False
196,10,CAR_0730,CAR,450,standing,,,,19.3095,1,465,False
197,10,CAR_0700,CAR,420,standing,,,,8.5678,1,435,False
198,10,CAR_0730,CAR,450,standing,,,,10.6122,1,465,False
199,10,CAR_0645,CAR,405,standing,,,,16.8788,1,420,True
200,10,CAR_0630,CAR,390,standing,,,,18.5788,1,420,True
201,10,PT,PT,,standing,,,,34.4781,1,465,False
202,10,CAR_0715,CAR,435,standing,,,,12.8693,1,465,False
203,10,CAR_0845,CAR,525,standing,,,,26.0972,1,555,False
204,10,CAR_0800,CAR,480,standing,,,,25.0182,1,495,False
205,10,CAR_0915,CAR,555,standing,,,,10.329,1,570,False
206,10,CAR_0830,CAR,510,standing,,,,15.0482,1,525,False
207,10,CAR_0800,CAR,480,standing,,,,25.171,1,495,False
208,10,CAR_0745,CAR,465,standing,,,,21.8128,1,495,False
209,10,CAR_0700,CAR,420,standing,,,,3.8852,1,435,False
210,10,CAR_0900,CAR,540,standing,,,,27.1522,1,555,False
211,10,CAR_0930,CAR,570,standing,,,,22.6378,1,585,False
212,10,CAR_0830,CAR,510,standing,,,,26.1122,1,540,False
213,10,CAR_0615,CAR,375,standing,,,,24.9874,3,420,True
214,10,PT,PT,,standing,,,,24.9724,1,555,False
215,10,CAR_0745,CAR,465,standing,,,,16.7543,1,525,False
216,10,CAR_0745,CAR,465,standing,,,,4.2868,1,495,False
217,10,CAR_0730,CAR,450,standing,,,,35.062,2,480,False
218,10,CAR_0745,CAR,465,standing,,,,42.5797,3,510,False
219,10,CAR_0800,CAR,480,standing,,,,22.4274,3,510,False
220,10,CAR_0845,CAR,525,standing,,,,9.9372,1,540,False
221,10,CAR_0730,CAR,450,standing,,,,12.5168,1,465,False
222,10,CAR_0715,CAR,435,standing,,,,9.2646,1,450,False
223,10,CAR_0745,CAR,465,standing,,,,27.7887,1,480,False
224,10,CAR_0815,CAR,495,standing,,,,15.7706,1,525,False
225,10,CAR_0700,CAR,420,standing,,,,27.3652,1,435,False
226,10,CAR_0845,CAR,525,standing,,,,24.6469,1,570,False
227,10,CAR_0830,CAR,510,rule,T5,"Chose to drive at 08:30 over drive at 08:45: lowest total cost (NZ$23.40 vs NZ$24.77), mainly travel time.",travel_time;arrival_time,23.4024,1,540,False
228,10,CAR_0645,CAR,405,standing,,,,3.6461,1,420,False
229,10,PT,PT,,standing,,,,24.5162,1,525,False
230,10,CAR_0700,CAR,420,standing,,,,13.8104,1,450,False
231,10,CAR_0700,CAR,420,standing,,,,10.251,1,435,False
232,10,CAR_0830,CAR,510,rule,T5,"Chose to drive at 08:30 over drive at 08:15: lowest total cost (NZ$11.43 vs NZ$13.02), mainly travel time.",travel_time;habit;arrival_time,11.4344,1,540,False
233,10,CAR_0745,CAR,465,standing,,,,31.0679,1,495,False
234,10,CAR_0745,CAR,465,standing,,,,11.8517,1,480,False
235,10,CAR_0730,CAR,450,standing,,,,33.9399,1,480,False
236,10,CAR_0915,CAR,555,standing,,,,20.1823,1,570,False
237,10,CAR_0830,CAR,510,rule,T3,"Chose to drive at 08:30 over drive at 08:45: lowest total cost (NZ$23.56 vs NZ$24.42), mainly arrival time.",arrival_time,23.5576,1,525,False
238,10,CAR_0745,CAR,465,standing,,,,16.3296,1,495,False
239,10,PT,PT,,standing,,,,32.2377,1,525,False
240,10,CAR_0645,CAR,405,standing,,,,7.7476,1,420,False
241,10,CAR_0715,CAR,435,standing,,,,14.6985,1,450,False
242,10,CAR_0900,CAR,540,rule,T5,"Chose to drive at 09:00 over drive at 09:15: lowest total cost (NZ$22.63 vs NZ$26.02), mainly changing routine.",habit;arrival_time,22.6255,1,555,False
243,10,CAR_0900,CAR,540,standing,,,,15.6506,1,540,False
244,10,CAR_0715,CAR,435,standing,,,,19.8285,1,450,False
245,10,CAR_0830,CAR,510,rule,T7,"Chose to drive at 08:30 over drive at 07:00 for the early start: lowest total cost (NZ$2.64 vs NZ$4.32), mainly arrival time.",arrival_time;travel_time,2.6445,1,510,False
246,10,CAR_0945,CAR,585,standing,,,,26.1354,1,600,False
247,10,CAR_0645,CAR,405,standing,,,,17.4707,1,420,True
248,10,CAR_0915,CAR,555,standing,,,,25.4279,1,570,False
249,10,CAR_0830,CAR,510,standing,,,,8.9617,1,525,False
250,10,CAR_0845,CAR,525,standing,,,,29.3825,1,540,False
251,10,CAR_0815,CAR,495,rule,T7,"Chose to drive at 08:15 over drive at 07:45: lowest total cost (NZ$23.42 vs NZ$21.50), mainly travel time.",travel_time,23.4222,3,510,False
252,10,CAR_0700,CAR,420,standing,,,,38.2791,1,450,False
253,10,CAR_0845,CAR,525,standing,,,,9.215,1,540,False
254,10,PT,PT,,standing,,,,23.0579,1,495,False
255,10,CAR_0730,CAR,450,standing,,,,27.2378,1,465,False
256,10,CAR_0830,CAR,510,standing,,,,37.8122,1,525,False
257,10,CAR_0730,CAR,450,standing,,,,7.7851,1,465,False
258,10,CAR_0700,CAR,420,standing,,,,10.3815,1,435,False
259,10,CAR_0745,CAR,465,standing,,,,36.6061,1,510,False
260,10,PT,PT,,standing,,,,21.93,1,510,False
261,10,CAR_0830,CAR,510,standing,,,,24.9634,1,525,False
262,10,CAR_0730,CAR,450,standing,,,,27.8107,1,510,False
263,10,PT,PT,,standing,,,,32.0327,1,465,False
264,10,CAR_0915,CAR,555,standing,,,,2.5235,1,555,False
265,10,CAR_0915,CAR,555,standing,,,,24.5118,1,570,False
266,10,CAR_0815,CAR,495,standing,,,,25.3005,1,510,False
267,10,CAR_0830,CAR,510,standing,,,,27.1004,1,525,False
268,10,CAR_0645,CAR,405,standing,,,,37.1262,1,420,True
269,10,CAR_0845,CAR,525,standing,,,,39.6198,1,555,False
270,10,CAR_0715,CAR,435,standing,,,,32.6091,1,495,False
271,10,CAR_0715,CAR,435,standing,,,,14.7232,1,450,False
272,10,CAR_0715,CAR,435,standing,,,,5.9445,1,450,False
273,10,CAR_0800,CAR,480,standing,,,,29.4334,1,510,False
274,10,CAR_0815,CAR,495,rule,T7,"Chose to drive at 08:15 over drive at 08:00: lowest total cost (NZ$32.07 vs NZ$34.42), mainly changing routine.",habit;travel_time;arrival_time,32.0745,1,525,False
275,10,CAR_0800,CAR,480,standing,,,,12.0655,1,495,False
276,10,CAR_0645,CAR,405,standing,,,,17.8348,1,420,True
277,10,CAR_0745,CAR,465,standing,,,,6.3595,1,480,False
278,10,PT,PT,,standing,,,,24.4987,1,525,False
279,10,CAR_0915,CAR,555,standing,,,,23.5529,1,570,False
280,10,CAR_0830,CAR,510,rule,T7,"Chose to drive at 08:30 over drive at 08:00: lowest total cost (NZ$27.06 vs NZ$28.32), mainly travel time.",travel_time;arrival_time,27.0618,1,525,False
281,10,PT,PT,,standing,,,,22.2882,1,495,False
282,10,PT,PT,,standing,,,,26.3611,1,525,False
283,10,CAR_0900,CAR,540,standing,,,,13.663,1,555,False
284,10,PT,PT,,standing,,,,24.2399,1,585,False
285,10,PT,PT,,standing,,,,25.46,1,495,False
286,10,CAR_0715,CAR,435,standing,,,,27.3446,1,450,False
287,10,PT,PT,,standing,,,,18.5869,1,600,False
288,10,CAR_0815,CAR,495,standing,,,,15.5444,4,555,False
289,10,PT,PT,,standing,,,,21.6997,1,495,False
290,10,CAR_0745,CAR,465,standing,,,,8.8841,1,480,False
291,10,CAR_0800,CAR,480,standing,,,,14.8843,2,510,False
292,10,CAR_0800,CAR,480,standing,,,,1.8605,1,510,False
293,10,PT,PT,,standing,,,,31.9657,1,525,False
294,10,CAR_0715,CAR,435,standing,,,,10.5622,1,465,False
295,10,PT,PT,,standing,,,,19.378,1,480,False
296,10,CAR_0745,CAR,465,standing,,,,29.4208,1,495,False
297,10,CAR_0715,CAR,435,standing,,,,12.9718,1,465,False
298,10,PT,PT,,standing,,,,30.5886,1,540,False
299,10,CAR_0745,CAR,465,standing,,,,13.5006,1,495,False
0,11,WFH,WFH,,rule,T2;T7,"Chose to work from home over drive at 06:45 for the early start: lowest total cost (NZ$35.84 vs NZ$38.62), mainly parking.",other;fee,35.8391,1,,False
1,11,CAR_0715,CAR,435,rule,T2;T7,"Chose to drive at 07:15 over drive at 07:00: lowest total cost (NZ$18.89 vs NZ$23.42), mainly changing routine.",habit;arrival_time,18.8896,1,450,False
2,11,CAR_0715,CAR,435,rule,T2;T7,"Chose to drive at 07:15 over drive at 07:00: lowest total cost (NZ$12.82 vs NZ$16.32), mainly changing routine.",habit;arrival_time,12.8223,1,450,False
3,11,CAR_0815,CAR,495,rule,T2,"Chose to drive at 08:15 over drive at 08:00: lowest total cost (NZ$37.05 vs NZ$38.43), mainly arrival time.",arrival_time;travel_time,37.0518,1,510,False
4,11,PT,PT,,rule,T2;T7,"Chose to take PT over skip the trip: lowest total cost (NZ$29.60 vs NZ$36.45), mainly missing the day.",work_constraint;habit,29.5959,1,525,False
5,11,CAR_0730,CAR,450,rule,T2;T7,"Chose to drive at 07:30 over drive at 08:00: lowest total cost (NZ$20.95 vs NZ$23.28), mainly the charge.",fee;travel_time;arrival_time,20.9477,2,495,False
6,11,WFH,WFH,,rule,T2;T7,"Chose to work from home over drive at 06:45 for the early start: lowest total cost (NZ$20.42 vs NZ$22.23), mainly fuel.",other;fee;travel_time,20.4213,1,,False
7,11,CAR_0745,CAR,465,rule,T2;T7,"Chose to drive at 07:45 over drive at 07:15: lowest total cost (NZ$14.56 vs NZ$14.79), mainly arrival time.",arrival_time;habit,14.5634,1,480,False
8,11,PT,PT,,rule,T2;T7,"Chose to take PT over drive at 07:15: lowest total cost (NZ$19.84 vs NZ$34.45), mainly parking.",other;fee,19.8437,1,525,False
9,11,CAR_0915,CAR,555,rule,T2,"Chose to drive at 09:15 over drive at 09:00: lowest total cost (NZ$29.78 vs NZ$32.62), mainly the charge.",fee;arrival_time;habit,29.785,1,570,False
10,11,PT,PT,,rule,T2,"Chose to take PT over drive at 08:30: lowest total cost (NZ$33.08 vs NZ$31.41), mainly parking.",other;fee,33.0804,2,525,False
11,11,CAR_0800,CAR,480,rule,T2,"Chose to drive at 08:00 over drive at 07:15: lowest total cost (NZ$33.70 vs NZ$33.92), mainly changing routine.",habit;arrival_time,33.6991,1,495,False
12,11,PT,PT,,rule,T2,"Chose to take PT over drive at 08:30: lowest total cost (NZ$36.80 vs NZ$39.88), mainly parking.",other;fee,36.8003,1,525,False
13,11,CAR_0900,CAR,540,rule,T2,"Chose to drive at 09:00 over drive at 06:45 for the early start: lowest total cost (NZ$24.17 vs NZ$25.12), mainly arrival time.",arrival_time;habit;travel_time,24.1661,1,555,False
14,11,PT,PT,,rule,T2;T7,"Chose to take PT over drive at 09:30: lowest total cost (NZ$34.13 vs NZ$35.56), mainly parking.",other;fee,34.1305,1,585,False
15,11,CAR_0745,CAR,465,rule,T2,"Chose to drive at 07:45 over drive at 07:30: lowest total cost (NZ$40.74 vs NZ$41.85), mainly arrival time.",arrival_time;habit,40.7374,1,495,False
16,11,PT,PT,,rule,T2;T7,"Chose to take PT over drive at 07:15: lowest total cost (NZ$23.85 vs NZ$35.49), mainly parking.",other;fee,23.8509,1,450,False
17,11,CAR_0945,CAR,585,rule,T2;T7,"Chose to drive at 09:45 over take PT: lowest total cost (NZ$30.29 vs NZ$32.08), mainly the PT trip.",pt;habit,30.2875,1,600,False
18,11,CAR_0945,CAR,585,rule,T2,"Chose to drive at 09:45 over drive at 08:45: lowest total cost (NZ$24.93 vs NZ$23.96), mainly the charge.",fee;travel_time,24.928,3,555,False
19,11,CAR_0800,CAR,480,rule,T2,"Chose to drive at 08:00 over drive at 07:30: lowest total cost (NZ$33.27 vs NZ$34.82), mainly arrival time.",arrival_time;habit,33.2708,1,495,False
20,11,CAR_0745,CAR,465,rule,T2,"Chose to drive at 07:45 over drive at 07:30: lowest total cost (NZ$19.54 vs NZ$30.67), mainly arrival time.",arrival_time;habit;travel_time,19.5356,1,480,False
21,11,CAR_0815,CAR,495,rule,T2;T7,"Chose to drive at 08:15 over drive at 08:00: lowest total cost (NZ$19.68 vs NZ$23.96), mainly arrival time.",arrival_time;travel_time,19.6767,1,510,False
22,11,CAR_0730,CAR,450,rule,T2,"Chose to drive at 07:30 over drive at 08:15: lowest total cost (NZ$2.78 vs NZ$1.09), mainly travel time.",travel_time,2.7759,5,510,False
23,11,PT,PT,,rule,T2;T7,"Chose to take PT over skip the trip: lowest total cost (NZ$23.61 vs NZ$40.50), mainly missing the day.",work_constraint;habit,23.612,1,525,False
24,11,CAR_0715,CAR,435,rule,T2;T7,"Chose to drive at 07:15 over work from home: lowest total cost (NZ$16.42 vs NZ$19.52), mainly working from home.",flexibility;habit,16.4189,1,465,False
25,11,PT,PT,,rule,T2;T7,"Chose to take PT over work from home: lowest total cost (NZ$23.44 vs NZ$32.60), mainly working from home.",flexibility;habit,23.4377,1,480,False
26,11,PT,PT,,rule,T2;T7,"Chose to take PT over drive at 06:45 for the early start: lowest total cost (NZ$20.60 vs NZ$35.45), mainly parking.",other;fee,20.602,1,495,False
27,11,CAR_0730,CAR,450,rule,T2;T7,"Chose to drive at 07:30 over drive at 07:15: lowest total cost (NZ$18.91 vs NZ$20.11), mainly changing routine.",habit;arrival_time;travel_time,18.9128,1,465,False
28,11,PT,PT,,rule,T2;T7,"Chose to take PT over skip the trip: lowest total cost (NZ$23.26 vs NZ$35.85), mainly missing the day.",work_constraint;habit,23.2635,1,540,False
29,11,CAR_0715,CAR,435,rule,T2,"Chose to drive at 07:15 over drive at 08:00: lowest total cost (NZ$24.21 vs NZ$25.87), mainly the charge.",fee;travel_time,24.2062,1,495,False
30,11,CAR_0815,CAR,495,rule,T2,"Chose to drive at 08:15 over drive at 06:30 for the early start: lowest total cost (NZ$33.66 vs NZ$35.64), mainly arrival time.",arrival_time;habit,33.662,1,525,False
31,11,CAR_0815,CAR,495,rule,T2,"Chose to drive at 08:15 over drive at 08:30: lowest total cost (NZ$38.10 vs NZ$38.84), mainly changing routine.",habit,38.0954,1,525,False
32,11,CAR_0745,CAR,465,rule,T2;T7,"Chose to drive at 07:45 over drive at 07:15: lowest total cost (NZ$26.67 vs NZ$27.34), mainly changing routine.",habit;arrival_time,26.6655,1,510,False
33,11,CAR_0745,CAR,465,rule,T2;T7,"Chose to drive at 07:45 over drive at 07:15: lowest total cost (NZ$19.45 vs NZ$21.74), mainly changing routine.",habit;arrival_time,19.4522,1,495,False
34,11,PT,PT,,rule,T2;T7,"Chose to take PT over drive at 07:45: lowest total cost (NZ$22.21 vs NZ$26.22), mainly fuel.",other;fee;travel_time,22.2138,1,495,False
35,11,CAR_0800,CAR,480,rule,T2,"Chose to drive at 08:00 over drive at 08:15: lowest total cost (NZ$40.04 vs NZ$41.60), mainly changing routine.",habit;arrival_time,40.0356,1,510,False
36,11,CAR_0745,CAR,465,rule,T2;T7,"Chose to drive at 07:45 over drive at 07:30: lowest total cost (NZ$1.32 vs NZ$2.76), mainly changing routine.",habit;arrival_time,1.3194,1,480,False
37,11,PT,PT,,rule,T2,"Chose to take PT over drive at 08:15: lowest total cost (NZ$24.25 vs NZ$31.26), mainly parking.",other;fee,24.2526,1,510,False
38,11,CAR_0700,CAR,420,rule,T2;T7,"Chose to drive at 07:00 over drive at 06:45: lowest total cost (NZ$25.47 vs NZ$29.90), mainly changing routine.",habit;arrival_time,25.47,1,450,False
39,11,PT,PT,,rule,T2;T7,"Chose to take PT over work from home: lowest total cost (NZ$22.59 vs NZ$34.45), mainly working from home.",flexibility;habit,22.5886,1,480,False
40,11,CAR_0700,CAR,420,rule,T2;T7,"Chose to drive at 07:00 over drive at 06:45: lowest total cost (NZ$22.99 vs NZ$26.76), mainly arrival time.",arrival_time;habit,22.9866,1,435,False
41,11,CAR_0630,CAR,390,rule,T2,"Chose to drive at 06:30 for the early start over drive at 08:00: lowest total cost (NZ$10.33 vs NZ$11.14), mainly changing routine.",habit;travel_time,10.3266,1,420,True
42,11,CAR_0800,CAR,480,rule,T2;T7,"Chose to drive at 08:00 over drive at 07:15: lowest total cost (NZ$23.25 vs NZ$24.32), mainly changing routine.",habit;arrival_time,23.2498,1,525,False
43,11,PT,PT,,rule,T2,"Chose to take PT over drive at 08:45: lowest total cost (NZ$32.31 vs NZ$36.90), mainly parking.",other;fee,32.3088,1,540,False
44,11,CAR_0730,CAR,450,rule,T2;T7,"Chose to drive at 07:30 over drive at 07:15: lowest total cost (NZ$16.79 vs NZ$20.57), mainly changing routine.",habit;arrival_time;travel_time,16.7902,1,465,False
45,11,CAR_0700,CAR,420,rule,T2;T7,"Chose to drive at 07:00 over drive at 06:45: lowest total cost (NZ$15.46 vs NZ$19.56), mainly arrival time.",arrival_time;habit,15.4605,1,435,False
46,11,CAR_0845,CAR,525,rule,T2,"Chose to drive at 08:45 over drive at 06:45 for the early start: lowest total cost (NZ$19.56 vs NZ$20.65), mainly changing routine.",habit;arrival_time,19.5638,1,540,False
47,11,CAR_0715,CAR,435,rule,T2;T7,"Chose to drive at 07:15 over drive at 07:00: lowest total cost (NZ$7.95 vs NZ$8.52), mainly changing routine.",habit;arrival_time,7.9525,1,450,False
48,11,PT,PT,,rule,T2;T7,"Chose to take PT over drive at 06:45 for the early start: lowest total cost (NZ$19.73 vs NZ$36.90), mainly parking.",other;fee,19.7335,1,510,False
49,11,WFH,WFH,,rule,T2,"Chose to work from home over drive at 07:45: lowest total cost (NZ$13.20 vs NZ$15.78), mainly the charge.",fee;other;travel_time,13.2018,1,,False
50,11,PT,PT,,rule,T2,"Chose to take PT over drive at 08:15: lowest total cost (NZ$31.86 vs NZ$32.21), mainly parking.",other;fee,31.863,1,510,False
51,11,CAR_0730,CAR,450,rule,T2,"Chose to drive at 07:30 over drive at 08:15: lowest total cost (NZ$26.48 vs NZ$28.55), mainly changing routine.",habit;fee;travel_time,26.4806,1,525,False
52,11,PT,PT,,rule,T2,"Chose to take PT over drive at 08:30: lowest total cost (NZ$24.49 vs NZ$31.91), mainly parking.",other;fee,24.4912,1,525,False
53,11,CAR_0645,CAR,405,rule,T2;T7,"Chose to drive at 06:45 for the early start over drive at 07:45: lowest total cost (NZ$19.01 vs NZ$21.57), mainly the charge.",fee;travel_time,19.006,1,420,True
54,11,CAR_0715,CAR,435,rule,T2;T7,"Chose to drive at 07:15 over drive at 07:00: lowest total cost (NZ$8.99 vs NZ$11.84), mainly changing routine.",habit;arrival_time,8.9939,1,450,False
55,11,CAR_0700,CAR,420,rule,T2;T7,"Chose to drive at 07:00 over drive at 06:45: lowest total cost (NZ$1.21 vs NZ$5.05), mainly changing routine.",habit;arrival_time,1.2081,1,435,False
56,11,CAR_0830,CAR,510,rule,T2;T5,"Chose to drive at 08:30 over drive at 08:45: lowest total cost (NZ$13.29 vs NZ$16.69), mainly arrival time.",arrival_time;travel_time,13.292,1,525,False
57,11,CAR_0715,CAR,435,rule,T2;T7,"Chose to drive at 07:15 over drive at 06:45 for the early start: lowest total cost (NZ$24.08 vs NZ$27.09), mainly changing routine.",habit;arrival_time,24.0764,1,450,False
58,11,CAR_0815,CAR,495,rule,T2;T7,"Chose to drive at 08:15 over drive at 07:15: lowest total cost (NZ$14.98 vs NZ$18.53), mainly changing routine.",habit;arrival_time;travel_time,14.9845,1,510,False
59,11,CAR_0715,CAR,435,rule,T2,"Chose to drive at 07:15 over drive at 07:45: lowest total cost (NZ$24.28 vs NZ$24.66), mainly the charge.",fee;travel_time,24.2756,1,510,False
60,11,PT,PT,,rule,T2;T7,"Chose to take PT over drive at 07:30: lowest total cost (NZ$20.98 vs NZ$39.09), mainly parking.",other;fee,20.9782,1,465,False
61,11,CAR_0815,CAR,495,rule,T2;T7,"Chose to drive at 08:15 over drive at 07:45: lowest total cost (NZ$40.46 vs NZ$43.08), mainly travel time.",travel_time;arrival_time,40.4569,2,510,False
62,11,CAR_0745,CAR,465,rule,T2;T7,"Chose to drive at 07:45 over drive at 07:30: lowest total cost (NZ$28.26 vs NZ$31.27), mainly arrival time.",arrival_time;habit;travel_time,28.2623,1,480,False
63,11,WFH,WFH,,rule,T2,"Chose to work from home over drive at 08:30: lowest total cost (NZ$28.27 vs NZ$29.16), mainly fuel.",other;fee;travel_time,28.268,1,,False
64,11,PT,PT,,rule,T2;T7,"Chose to take PT over drive at 07:30: lowest total cost (NZ$36.17 vs NZ$42.68), mainly parking.",other;fee,36.1718,1,465,False
65,11,SKIP,SKIP,,rule,T2,"Chose to skip the trip over drive at 08:00: lowest total cost (NZ$33.80 vs NZ$43.69), mainly parking.",other;fee,33.8034,1,,False
66,11,CAR_0800,CAR,480,rule,T2;T7,"Chose to drive at 08:00 over drive at 07:45: lowest total cost (NZ$34.00 vs NZ$38.51), mainly changing routine.",habit;arrival_time;travel_time,34.0048,1,495,False
67,11,WFH,WFH,,rule,T2,"Chose to work from home over drive at 07:45: lowest total cost (NZ$24.07 vs NZ$28.99), mainly fuel.",other;fee;travel_time,24.0714,1,,False
68,11,CAR_0715,CAR,435,rule,T2;T7,"Chose to drive at 07:15 over drive at 07:00: lowest total cost (NZ$25.20 vs NZ$27.20), mainly arrival time.",arrival_time;habit,25.1987,1,465,False
69,11,CAR_0915,CAR,555,rule,T2,"Chose to drive at 09:15 over drive at 09:30: lowest total cost (NZ$29.44 vs NZ$30.75), mainly changing routine.",habit;arrival_time;travel_time,29.4408,1,570,False
70,11,WFH,WFH,,rule,T2,"Chose to work from home over drive at 08:45: lowest total cost (NZ$18.28 vs NZ$20.48), mainly the charge.",fee;other;travel_time,18.2841,1,,False
71,11,PT,PT,,rule,T2,"Chose to take PT over skip the trip: lowest total cost (NZ$32.53 vs NZ$41.59), mainly missing the day.",work_constraint;habit,32.5316,1,495,False
72,11,CAR_0700,CAR,420,rule,T2;T7,"Chose to drive at 07:00 over drive at 06:45: lowest total cost (NZ$15.19 vs NZ$17.72), mainly arrival time.",arrival_time;habit,15.1881,1,435,False
73,11,PT,PT,,rule,T2;T7,"Chose to take PT over drive at 06:45 for the early start: lowest total cost (NZ$31.05 vs NZ$45.50), mainly parking.",other;travel_time,31.0466,1,525,False
74,11,PT,PT,,rule,T2,"Chose to take PT over drive at 08:45: lowest total cost (NZ$24.77 vs NZ$32.68), mainly parking.",other;fee,24.7657,1,540,False
75,11,PT,PT,,rule,T2;T7,"Chose to take PT over skip the trip: lowest total cost (NZ$24.47 vs NZ$40.27), mainly missing the day.",work_constraint;habit,24.4691,1,555,False
76,11,CAR_0730,CAR,450,rule,T2;T7,"Chose to drive at 07:30 over drive at 07:15: lowest total cost (NZ$18.34 vs NZ$20.58), mainly changing routine.",habit;arrival_time,18.3433,1,480,False
77,11,CAR_0700,CAR,420,rule,T2;T7,"Chose to drive at 07:00 over drive at 07:15: lowest total cost (NZ$25.99 vs NZ$27.89), mainly changing routine.",habit;arrival_time,25.987,1,435,False
78,11,CAR_0945,CAR,585,rule,T2;T7,"Chose to drive at 09:45 over drive at 09:30: lowest total cost (NZ$23.42 vs NZ$24.72), mainly changing routine.",habit;travel_time,23.4237,1,585,False
79,11,SKIP,SKIP,,rule,T2,"Chose to skip the trip over drive at 07:45: lowest total cost (NZ$41.01 vs NZ$50.61), mainly parking.",other;fee,41.0143,1,,False
80,11,CAR_0800,CAR,480,rule,T2;T7,"Chose to drive at 08:00 over drive at 07:45: lowest total cost (NZ$23.59 vs NZ$25.44), mainly changing routine.",habit;arrival_time;travel_time,23.5912,1,495,False
81,11,CAR_0700,CAR,420,rule,T2;T7,"Chose to drive at 07:00 over drive at 06:45: lowest total cost (NZ$31.49 vs NZ$36.12), mainly arrival time.",arrival_time;habit,31.4854,1,435,False
82,11,PT,PT,,rule,T2;T7,"Chose to take PT over drive at 07:15: lowest total cost (NZ$17.63 vs NZ$30.61), mainly parking.",other;fee,17.6253,1,510,False
83,11,WFH,WFH,,rule,T2,"Chose to work from home over drive at 09:00: lowest total cost (NZ$22.72 vs NZ$23.93), mainly fuel.",other;fee;travel_time,22.7228,1,,False
84,11,CAR_0730,CAR,450,rule,T2;T7,"Chose to drive at 07:30 over drive at 07:15: lowest total cost (NZ$19.25 vs NZ$23.65), mainly arrival time.",arrival_time;habit;travel_time,19.2469,1,465,False
85,11,PT,PT,,rule,T2;T7,"Chose to take PT over skip the trip: lowest total cost (NZ$23.81 vs NZ$40.38), mainly missing the day.",work_constraint;habit,23.8139,1,525,False
86,11,CAR_0700,CAR,420,rule,T2;T7,"Chose to drive at 07:00 over drive at 06:45: lowest total cost (NZ$12.02 vs NZ$18.14), mainly arrival time.",arrival_time;habit,12.018,1,435,False
87,11,CAR_0715,CAR,435,rule,T2;T7,"Chose to drive at 07:15 over drive at 07:00: lowest total cost (NZ$14.27 vs NZ$15.63), mainly arrival time.",arrival_time;habit;travel_time,14.2697,1,450,False
88,11,CAR_0745,CAR,465,rule,T2;T7,"Chose to drive at 07:45 over drive at 08:15: lowest total cost (NZ$8.16 vs NZ$9.24), mainly changing routine.",habit,8.1631,1,510,False
89,11,CAR_0700,CAR,420,rule,T2;T7,"Chose to drive at 07:00 over drive at 07:15: lowest total cost (NZ$2.70 vs NZ$5.17), mainly changing routine.",habit;travel_time,2.7005,1,465,False
90,11,PT,PT,,rule,T2;T7,"Chose to take PT over skip the trip: lowest total cost (NZ$19.77 vs NZ$38.72), mainly missing the day.",work_constraint;habit,19.7719,1,525,False
91,11,CAR_0745,CAR,465,rule,T2;T7,"Chose to drive at 07:45 over skip the trip: lowest total cost (NZ$37.72 vs NZ$38.46), mainly missing the day.",work_constraint;habit,37.7192,1,495,False
92,11,CAR_0730,CAR,450,rule,T2;T7,"Chose to drive at 07:30 over drive at 07:15: lowest total cost (NZ$17.21 vs NZ$19.86), mainly changing routine.",habit;arrival_time,17.2135,1,495,False
93,11,CAR_0700,CAR,420,rule,T2,"Chose to drive at 07:00 over drive at 06:45: lowest total cost (NZ$11.24 vs NZ$15.24), mainly arrival time.",arrival_time;habit,11.2424,1,435,False
94,11,CAR_0915,CAR,555,rule,T2,"Chose to drive at 09:15 over drive at 09:00: lowest total cost (NZ$17.78 vs NZ$20.91), mainly the charge.",fee;habit;arrival_time,17.7775,1,570,False
95,11,CAR_0830,CAR,510,rule,T2,"Chose to drive at 08:30 over drive at 08:45: lowest total cost (NZ$22.66 vs NZ$24.95), mainly changing routine.",habit;arrival_time;travel_time,22.6616,1,540,False
96,11,CAR_0730,CAR,450,rule,T2;T7,"Chose to drive at 07:30 over drive at 07:15: lowest total cost (NZ$29.28 vs NZ$33.41), mainly arrival time.",arrival_time;habit,29.2798,1,465,False
97,11,CAR_0845,CAR,525,rule,T2,"Chose to drive at 08:45 over drive at 09:00: lowest total cost (NZ$43.77 vs NZ$43.64), mainly changing routine.",habit,43.7682,2,555,False
98,11,PT,PT,,rule,T2,"Chose to take PT over drive at 08:45: lowest total cost (NZ$20.80 vs NZ$27.86), mainly parking.",other;fee,20.8005,1,525,False
99,11,CAR_0730,CAR,450,rule,T2;T7,"Chose to drive at 07:30 over drive at 07:45: lowest total cost (NZ$27.96 vs NZ$29.52), mainly the charge.",fee;travel_time,27.9649,1,480,False
100,11,CAR_0745,CAR,465,rule,T2;T7,"Chose to drive at 07:45 over drive at 07:15: lowest total cost (NZ$18.08 vs NZ$18.73), mainly changing routine.",habit;arrival_time,18.0773,1,495,False
101,11,CAR_0830,CAR,510,rule,T2,"Chose to drive at 08:30 over drive at 06:45 for the early start: lowest total cost (NZ$20.16 vs NZ$22.13), mainly arrival time.",arrival_time;habit,20.1586,1,525,False
102,11,PT,PT,,rule,T2,"Chose to take PT over drive at 08:30: lowest total cost (NZ$26.21 vs NZ$34.26), mainly parking.",other;fee,26.2136,1,510,False
103,11,CAR_0800,CAR,480,rule,T2;T7,"Chose to drive at 08:00 over drive at 06:45 for the early start: lowest total cost (NZ$21.82 vs NZ$23.82), mainly arrival time.",arrival_time;habit,21.8246,1,495,False
104,11,CAR_0715,CAR,435,rule,T2;T7,"Chose to drive at 07:15 over drive at 07:45: lowest total cost (NZ$18.36 vs NZ$20.85), mainly the charge.",fee;travel_time,18.363,1,480,False
105,11,CAR_0700,CAR,420,rule,T2;T7,"Chose to drive at 07:00 over drive at 06:45: lowest total cost (NZ$1.55 vs NZ$4.26), mainly changing routine.",habit;arrival_time;travel_time,1.5478,1,435,False
106,11,WFH,WFH,,rule,T2;T7,"Chose to work from home over drive at 06:45 for the early start: lowest total cost (NZ$17.80 vs NZ$20.53), mainly fuel.",other;fee;travel_time,17.8006,1,,False
107,11,CAR_0830,CAR,510,rule,T2,"Chose to drive at 08:30 over drive at 08:45: lowest total cost (NZ$22.26 vs NZ$24.89), mainly travel time.",travel_time,22.2636,2,540,False
108,11,CAR_0815,CAR,495,rule,T2;T7,"Chose to drive at 08:15 over drive at 08:30: lowest total cost (NZ$25.50 vs NZ$25.92), mainly travel time.",travel_time;arrival_time,25.5035,1,525,False
109,11,CAR_0845,CAR,525,rule,T2,"Chose to drive at 08:45 over drive at 08:30: lowest total cost (NZ$4.02 vs NZ$8.85), mainly arrival time.",arrival_time;habit,4.0241,1,540,False
110,11,CAR_0845,CAR,525,rule,T2,"Chose to drive at 08:45 over drive at 06:45 for the early start: lowest total cost (NZ$14.36 vs NZ$17.48), mainly arrival time.",arrival_time;habit,14.3574,1,540,False
111,11,CAR_0930,CAR,570,rule,T2,"Chose to drive at 09:30 over drive at 09:15: lowest total cost (NZ$8.24 vs NZ$9.51), mainly the charge.",fee;habit,8.2426,1,570,False
112,11,CAR_0700,CAR,420,rule,T2;T7,"Chose to drive at 07:00 over drive at 06:45: lowest total cost (NZ$20.29 vs NZ$21.08), mainly arrival time.",arrival_time,20.2936,1,450,False
113,11,PT,PT,,rule,T2;T7,"Chose to take PT over work from home: lowest total cost (NZ$27.17 vs NZ$39.87), mainly working from home.",flexibility;habit,27.1744,1,555,False
114,11,PT,PT,,rule,T2;T7,"Chose to take PT over work from home: lowest total cost (NZ$20.28 vs NZ$37.78), mainly working from home.",flexibility;habit,20.2778,1,570,False
115,11,CAR_0815,CAR,495,rule,T2;T7,"Chose to drive at 08:15 over drive at 07:45: lowest total cost (NZ$8.12 vs NZ$11.68), mainly arrival time.",arrival_time;travel_time,8.1228,1,510,False
116,11,PT,PT,,rule,T2;T7,"Chose to take PT over skip the trip: lowest total cost (NZ$19.81 vs NZ$42.04), mainly missing the day.",work_constraint;habit,19.8053,1,480,False
117,11,CAR_0730,CAR,450,rule,T2;T7,"Chose to drive at 07:30 over drive at 07:15: lowest total cost (NZ$3.83 vs NZ$7.08), mainly changing routine.",habit;arrival_time;travel_time,3.8257,1,480,False
118,11,CAR_0915,CAR,555,rule,T2;T7,"Chose to drive at 09:15 over drive at 09:00: lowest total cost (NZ$4.46 vs NZ$6.91), mainly arrival time.",arrival_time;habit,4.4581,1,570,False
119,11,PT,PT,,rule,T2;T7,"Chose to take PT over skip the trip: lowest total cost (NZ$19.51 vs NZ$38.62), mainly missing the day.",work_constraint;habit,19.5064,1,495,False
120,11,CAR_0700,CAR,420,rule,T2;T7,"Chose to drive at 07:00 over drive at 06:45: lowest total cost (NZ$14.89 vs NZ$21.64), mainly arrival time.",arrival_time;habit,14.8937,1,435,False
121,11,CAR_0845,CAR,525,rule,T2,"Chose to drive at 08:45 over take PT: lowest total cost (NZ$23.07 vs NZ$24.53), mainly the PT trip.",pt;habit,23.0747,1,540,False
122,11,CAR_0915,CAR,555,rule,T2,"Chose to drive at 09:15 over drive at 09:30: lowest total cost (NZ$28.28 vs NZ$30.85), mainly changing routine.",habit;arrival_time,28.2812,1,570,False
123,11,PT,PT,,rule,T2;T7,"Chose to take PT over drive at 07:00: lowest total cost (NZ$22.26 vs NZ$32.18), mainly parking.",other;fee,22.2612,1,435,False
124,11,CAR_0645,CAR,405,rule,T2;T7,"Chose to drive at 06:45 over drive at 06:30: lowest total cost (NZ$13.62 vs NZ$18.42), mainly changing routine.",habit;arrival_time,13.6166,1,420,False
125,11,CAR_0630,CAR,390,rule,T2;T7,"Chose to drive at 06:30 over drive at 08:00: lowest total cost (NZ$2.20 vs NZ$4.27), mainly changing routine.",habit;travel_time,2.2028,1,495,False
126,11,CAR_0830,CAR,510,rule,T2,"Chose to drive at 08:30 over work from home: lowest total cost (NZ$33.16 vs NZ$34.13), mainly working from home.",flexibility;habit,33.1569,1,525,False
127,11,PT,PT,,rule,T2;T7,"Chose to take PT over work from home: lowest total cost (NZ$22.10 vs NZ$39.94), mainly working from home.",flexibility;habit,22.0984,1,510,False
128,11,CAR_0730,CAR,450,rule,T2,"Chose to drive at 07:30 over drive at 07:15: lowest total cost (NZ$27.00 vs NZ$30.78), mainly arrival time.",arrival_time;habit,26.9951,1,465,False
129,11,PT,PT,,rule,T2;T7,"Chose to take PT over drive at 07:00: lowest total cost (NZ$22.95 vs NZ$29.40), mainly fuel.",other;fee;travel_time,22.9459,1,450,False
130,11,CAR_0845,CAR,525,rule,T2,"Chose to drive at 08:45 over drive at 06:30 for the early start: lowest total cost (NZ$28.82 vs NZ$29.57), mainly changing routine.",habit;arrival_time,28.822,1,540,False
131,11,CAR_0730,CAR,450,rule,T2;T7,"Chose to drive at 07:30 over drive at 07:15: lowest total cost (NZ$13.09 vs NZ$14.45), mainly travel time.",travel_time;arrival_time,13.0912,1,465,False
132,11,CAR_0645,CAR,405,rule,T2,"Chose to drive at 06:45 for the early start over drive at 06:30 for the early start: lowest total cost (NZ$33.05 vs NZ$32.24), mainly arrival time.",arrival_time,33.0505,3,420,True
133,11,CAR_0645,CAR,405,rule,T2;T7,"Chose to drive at 06:45 for the early start over drive at 08:00: lowest total cost (NZ$24.42 vs NZ$25.30), mainly the charge.",fee;travel_time,24.4161,1,420,True
134,11,CAR_0800,CAR,480,rule,T2;T7,"Chose to drive at 08:00 over drive at 06:45 for the early start: lowest total cost (NZ$22.79 vs NZ$24.05), mainly changing routine.",habit;arrival_time,22.7895,1,510,False
135,11,CAR_0800,CAR,480,rule,T2,"Chose to drive at 08:00 over drive at 08:15: lowest total cost (NZ$24.55 vs NZ$26.14), mainly changing routine.",habit,24.5527,1,525,False
136,11,WFH,WFH,,rule,T2,"Chose to work from home over drive at 08:45: lowest total cost (NZ$13.24 vs NZ$17.79), mainly the charge.",fee;other;travel_time,13.2425,1,,False
137,11,CAR_0715,CAR,435,rule,T2;T7,"Chose to drive at 07:15 over drive at 07:45: lowest total cost (NZ$13.17 vs NZ$13.43), mainly the charge.",fee;travel_time,13.1682,2,480,False
138,11,CAR_0645,CAR,405,rule,T2,"Chose to drive at 06:45 over drive at 07:45: lowest total cost (NZ$26.17 vs NZ$27.15), mainly the charge.",fee;travel_time,26.1676,3,510,False
139,11,CAR_0845,CAR,525,rule,T2,"Chose to drive at 08:45 over drive at 08:30: lowest total cost (NZ$3.44 vs NZ$6.66), mainly changing routine.",habit;arrival_time,3.4414,1,540,False
140,11,CAR_0700,CAR,420,rule,T2;T7,"Chose to drive at 07:00 over drive at 06:45: lowest total cost (NZ$2.07 vs NZ$4.29), mainly changing routine.",habit;arrival_time,2.0698,1,435,False
141,11,PT,PT,,rule,T2,"Chose to take PT over drive at 07:00: lowest total cost (NZ$23.50 vs NZ$25.83), mainly parking.",other;fee,23.5018,1,420,False
142,11,CAR_0800,CAR,480,rule,T2,"Chose to drive at 08:00 over drive at 07:30: lowest total cost (NZ$12.42 vs NZ$12.68), mainly arrival time.",arrival_time;habit,12.4199,1,495,False
143,11,CAR_0745,CAR,465,rule,T2;T7,"Chose to drive at 07:45 over drive at 07:30: lowest total cost (NZ$2.33 vs NZ$4.53), mainly changing routine.",habit;arrival_time,2.3315,1,480,False
144,11,CAR_0715,CAR,435,rule,T2,"Chose to drive at 07:15 over drive at 08:00: lowest total cost (NZ$16.58 vs NZ$16.64), mainly the charge.",fee;travel_time,16.5767,2,495,False
145,11,CAR_0700,CAR,420,rule,T2;T7,"Chose to drive at 07:00 over drive at 06:45: lowest total cost (NZ$2.07 vs NZ$5.19), mainly changing routine.",habit;arrival_time;travel_time,2.0744,1,435,False
146,11,PT,PT,,rule,T2;T7,"Chose to take PT over drive at 07:30: lowest total cost (NZ$22.61 vs NZ$44.32), mainly parking.",other;fee,22.6123,1,495,False
147,11,PT,PT,,rule,T2,"Chose to take PT over drive at 06:45 for the early start: lowest total cost (NZ$40.61 vs NZ$39.96), mainly parking.",other;fee,40.6092,2,525,False
148,11,CAR_0845,CAR,525,rule,T2,"Chose to drive at 08:45 over skip the trip: lowest total cost (NZ$37.28 vs NZ$38.54), mainly missing the day.",work_constraint;habit,37.2773,1,555,False
149,11,CAR_0845,CAR,525,rule,T2,"Chose to drive at 08:45 over drive at 08:30: lowest total cost (NZ$24.41 vs NZ$27.45), mainly changing routine.",habit;travel_time;arrival_time,24.4131,1,540,False
150,11,CAR_0900,CAR,540,rule,T2;T7,"Chose to drive at 09:00 over drive at 06:45 for the early start: lowest total cost (NZ$25.61 vs NZ$29.91), mainly arrival time.",arrival_time;habit,25.6092,1,555,False
151,11,CAR_0745,CAR,465,rule,T2;T7,"Chose to drive at 07:45 over drive at 07:30: lowest total cost (NZ$15.01 vs NZ$16.61), mainly changing routine.",habit;arrival_time,15.0128,1,480,False
152,11,CAR_0730,CAR,450,rule,T2,"Chose to drive at 07:30 over drive at 07:15: lowest total cost (NZ$23.92 vs NZ$26.50), mainly changing routine.",habit;arrival_time,23.9196,1,495,False
153,11,WFH,WFH,,rule,T2,"Chose to work from home over drive at 08:45: lowest total cost (NZ$31.05 vs NZ$37.24), mainly parking.",other;fee,31.0462,1,,False
154,11,CAR_0900,CAR,540,rule,T2,"Chose to drive at 09:00 over work from home: lowest total cost (NZ$16.39 vs NZ$15.39), mainly working from home.",flexibility;habit,16.3901,2,555,False
155,11,WFH,WFH,,rule,T2,"Chose to work from home over drive at 09:00: lowest total cost (NZ$20.73 vs NZ$21.66), mainly fuel.",other;fee;travel_time,20.73,1,,False
156,11,PT,PT,,rule,T2;T7,"Chose to take PT over drive at 07:45: lowest total cost (NZ$27.58 vs NZ$38.45), mainly parking.",other;fee,27.5756,1,480,False
157,11,CAR_0715,CAR,435,rule,T2;T7,"Chose to drive at 07:15 over drive at 07:00: lowest total cost (NZ$15.36 vs NZ$18.01), mainly changing routine.",habit;arrival_time,15.3551,1,450,False
158,11,PT,PT,,rule,T2,"Chose to take PT over drive at 08:15: lowest total cost (NZ$33.70 vs NZ$38.97), mainly parking.",other;fee,33.699,1,525,False
159,11,CAR_0730,CAR,450,rule,T2,"Chose to drive at 07:30 over drive at 06:45 for the early start: lowest total cost (NZ$23.35 vs NZ$25.03), mainly changing routine.",habit;arrival_time,23.3471,1,495,False
160,11,CAR_0915,CAR,555,rule,T2;T7,"Chose to drive at 09:15 over drive at 09:00: lowest total cost (NZ$27.21 vs NZ$26.68), mainly the charge.",fee;arrival_time,27.2105,2,585,False
161,11,SKIP,SKIP,,rule,T2;T6,"Chose to skip the trip over take PT: lowest total cost (NZ$35.53 vs NZ$43.54), mainly the PT trip.",pt;arrival_time,35.5316,1,,False
162,11,CAR_0645,CAR,405,rule,T2,"Chose to drive at 06:45 for the early start over drive at 08:30: lowest total cost (NZ$21.10 vs NZ$20.08), mainly the charge.",fee,21.0991,2,420,True
163,11,CAR_0830,CAR,510,rule,T2,"Chose to drive at 08:30 over drive at 08:15: lowest total cost (NZ$44.11 vs NZ$44.55), mainly changing routine.",habit,44.1142,1,525,False
164,11,PT,PT,,rule,T2;T7,"Chose to take PT over drive at 07:30: lowest total cost (NZ$32.21 vs NZ$33.84), mainly parking.",other;fee,32.2125,1,465,False
165,11,CAR_0830,CAR,510,rule,T2;T7,"Chose to drive at 08:30 over drive at 06:45 for the early start: lowest total cost (NZ$24.36 vs NZ$25.15), mainly arrival time.",arrival_time;habit,24.3649,1,540,False
166,11,CAR_0845,CAR,525,rule,T2;T7,"Chose to drive at 08:45 over drive at 09:00: lowest total cost (NZ$40.74 vs NZ$44.42), mainly arrival time.",arrival_time;habit,40.7352,1,540,False
167,11,CAR_0745,CAR,465,rule,T2;T7,"Chose to drive at 07:45 over drive at 06:45 for the early start: lowest total cost (NZ$20.27 vs NZ$23.69), mainly arrival time.",arrival_time;habit,20.2693,1,480,False
168,11,CAR_0900,CAR,540,rule,T2,"Chose to drive at 09:00 over drive at 09:15: lowest total cost (NZ$18.03 vs NZ$21.00), mainly arrival time.",arrival_time;habit,18.0256,1,555,False
169,11,CAR_0730,CAR,450,rule,T2;T7,"Chose to drive at 07:30 over drive at 07:15: lowest total cost (NZ$18.46 vs NZ$20.52), mainly arrival time.",arrival_time;habit;travel_time,18.4601,1,480,False
170,11,PT,PT,,rule,T2;T7,"Chose to take PT over drive at 08:00: lowest total cost (NZ$31.40 vs NZ$33.42), mainly parking.",other;fee,31.4029,1,495,False
171,11,CAR_0815,CAR,495,rule,T2,"Chose to drive at 08:15 over drive at 08:30: lowest total cost (NZ$15.49 vs NZ$16.74), mainly changing routine.",habit,15.4905,1,525,False
172,11,PT,PT,,rule,T2,"Chose to take PT over drive at 08:30: lowest total cost (NZ$31.45 vs NZ$34.81), mainly parking.",other;fee,31.4469,1,540,False
173,11,CAR_0845,CAR,525,rule,T2,"Chose to drive at 08:45 over drive at 08:30: lowest total cost (NZ$16.11 vs NZ$15.30), mainly arrival time.",arrival_time,16.1102,2,540,False
174,11,CAR_0645,CAR,405,rule,T2;T7,"Chose to drive at 06:45 over drive at 07:00: lowest total cost (NZ$26.16 vs NZ$25.56), mainly travel time.",travel_time,26.1608,2,435,False
175,11,CAR_0700,CAR,420,rule,T2;T7,"Chose to drive at 07:00 over take PT: lowest total cost (NZ$34.47 vs NZ$35.90), mainly the PT trip.",pt;habit;arrival_time,34.4678,1,435,False
176,11,CAR_0715,CAR,435,rule,T2;T7,"Chose to drive at 07:15 over drive at 07:45: lowest total cost (NZ$29.26 vs NZ$30.50), mainly the charge.",fee,29.2553,1,525,False
177,11,PT,PT,,rule,T2;T7,"Chose to take PT over drive at 06:45 for the early start: lowest total cost (NZ$23.84 vs NZ$32.60), mainly parking.",other;fee,23.8378,1,510,False
178,11,PT,PT,,rule,T2;T7,"Chose to take PT over drive at 07:15: lowest total cost (NZ$17.83 vs NZ$35.68), mainly parking.",other;fee,17.8326,1,510,False
179,11,WFH,WFH,,rule,T2;T7,"Chose to work from home over drive at 07:45: lowest total cost (NZ$23.03 vs NZ$24.14), mainly fuel.",other;fee;travel_time,23.0282,1,,False
180,11,PT,PT,,rule,T2;T7,"Chose to take PT over drive at 07:15: lowest total cost (NZ$20.00 vs NZ$39.70), mainly parking.",other;fee,19.9963,1,465,False
181,11,CAR_0915,CAR,555,rule,T2;T7,"Chose to drive at 09:15 over drive at 09:30: lowest total cost (NZ$32.44 vs NZ$38.74), mainly arrival time.",arrival_time;habit,32.4378,1,570,False
182,11,CAR_0830,CAR,510,rule,T2;T7,"Chose to drive at 08:30 over drive at 06:45 for the early start: lowest total cost (NZ$35.07 vs NZ$37.57), mainly arrival time.",arrival_time;habit,35.0735,1,525,False
183,11,PT,PT,,rule,T2;T7,"Chose to take PT over drive at 07:30: lowest total cost (NZ$18.90 vs NZ$35.48), mainly parking.",other;fee,18.8997,1,480,False
184,11,CAR_0745,CAR,465,rule,T2;T7,"Chose to drive at 07:45 over drive at 07:30: lowest total cost (NZ$5.66 vs NZ$6.47), mainly changing routine.",habit,5.6572,1,480,False
185,11,PT,PT,,rule,T2;T7,"Chose to take PT over drive at 08:30: lowest total cost (NZ$25.78 vs NZ$33.66), mainly parking.",other;fee,25.7801,1,525,False
186,11,CAR_0730,CAR,450,rule,T2;T7,"Chose to drive at 07:30 over drive at 07:15: lowest total cost (NZ$15.80 vs NZ$18.84), mainly arrival time.",arrival_time;habit;travel_time,15.8017,1,465,False
187,11,CAR_0745,CAR,465,rule,T2,"Chose to drive at 07:45 over take PT: lowest total cost (NZ$26.52 vs NZ$25.10), mainly the PT trip.",pt;habit;arrival_time,26.5154,2,495,False
188,11,CAR_0715,CAR,435,rule,T2;T7,"Chose to drive at 07:15 over drive at 07:30: lowest total cost (NZ$13.02 vs NZ$14.33), mainly changing routine.",habit;fee;travel_time,13.0186,1,495,False
189,11,PT,PT,,rule,T2;T7,"Chose to take PT over drive at 07:15: lowest total cost (NZ$28.54 vs NZ$30.01), mainly parking.",other;fee,28.5357,1,450,False
190,11,CAR_0900,CAR,540,rule,T2,"Chose to drive at 09:00 over take PT: lowest total cost (NZ$30.59 vs NZ$31.94), mainly the PT trip.",pt;habit;arrival_time,30.5946,1,555,False
191,11,CAR_0900,CAR,540,rule,T2,"Chose to drive at 09:00 over drive at 09:15: lowest total cost (NZ$23.57 vs NZ$24.99), mainly changing routine.",habit;arrival_time,23.5735,1,570,False
192,11,PT,PT,,rule,T2;T7,"Chose to take PT over drive at 06:45: lowest total cost (NZ$23.77 vs NZ$39.31), mainly parking.",other;fee,23.7715,1,420,False
193,11,PT,PT,,rule,T2;T7,"Chose to take PT over drive at 08:45: lowest total cost (NZ$28.58 vs NZ$41.74), mainly parking.",other;fee,28.5828,1,540,False
194,11,WFH,WFH,,rule,T2,"Chose to work from home over drive at 08:30: lowest total cost (NZ$19.25 vs NZ$21.06), mainly fuel.",other;fee;travel_time,19.2509,1,,False
195,11,CAR_0715,CAR,435,rule,T2;T7,"Chose to drive at 07:15 over drive at 07:45: lowest total cost (NZ$17.66 vs NZ$18.62), mainly the charge.",fee;travel_time,17.6569,2,480,False
196,11,CAR_0730,CAR,450,rule,T2;T7,"Chose to drive at 07:30 over drive at 07:15: lowest total cost (NZ$24.29 vs NZ$26.58), mainly changing routine.",habit;travel_time,24.2856,1,465,False
197,11,CAR_0700,CAR,420,rule,T2;T7,"Chose to drive at 07:00 over drive at 06:45: lowest total cost (NZ$14.57 vs NZ$15.82), mainly arrival time.",arrival_time;habit,14.5678,1,435,False
198,11,CAR_0730,CAR,450,rule,T2;T7,"Chose to drive at 07:30 over drive at 07:15: lowest total cost (NZ$19.93 vs NZ$22.58), mainly arrival time.",arrival_time;habit,19.9313,1,465,False
199,11,CAR_0645,CAR,405,rule,T2,"Chose to drive at 06:45 for the early start over work from home: lowest total cost (NZ$21.88 vs NZ$23.37), mainly working from home.",flexibility;habit,21.8771,1,420,True
200,11,CAR_0630,CAR,390,rule,T2,"Chose to drive at 06:30 for the early start over drive at 06:45 for the early start: lowest total cost (NZ$24.58 vs NZ$26.34), mainly changing routine.",habit;travel_time,24.5788,1,420,True
201,11,PT,PT,,rule,T2;T7,"Chose to take PT over work from home: lowest total cost (NZ$34.48 vs NZ$53.88), mainly working from home.",flexibility;habit,34.4781,1,465,False
202,11,CAR_0715,CAR,435,rule,T2;T7,"Chose to drive at 07:15 over drive at 07:30: lowest total cost (NZ$18.87 vs NZ$19.79), mainly changing routine.",habit;fee,18.8692,1,465,False
203,11,PT,PT,,rule,T2,"Chose to take PT over drive at 08:45: lowest total cost (NZ$31.01 vs NZ$33.43), mainly parking.",other;fee,31.0144,1,555,False
204,11,PT,PT,,rule,T2;T7,"Chose to take PT over drive at 08:00: lowest total cost (NZ$30.08 vs NZ$35.51), mainly parking.",other;fee,30.08,1,495,False
205,11,CAR_0915,CAR,555,rule,T2;T7,"Chose to drive at 09:15 over drive at 09:00: lowest total cost (NZ$17.13 vs NZ$23.26), mainly arrival time.",arrival_time;habit;fee,17.129,1,570,False
206,11,CAR_0645,CAR,405,rule,T2,"Chose to drive at 06:45 for the early start over drive at 08:30: lowest total cost (NZ$24.12 vs NZ$24.03), mainly the charge.",fee;travel_time,24.1169,2,420,True
207,11,PT,PT,,rule,T2;T7,"Chose to take PT over drive at 08:00: lowest total cost (NZ$32.05 vs NZ$35.68), mainly parking.",other;fee,32.0478,1,495,False
208,11,CAR_0730,CAR,450,rule,T2,"Chose to drive at 07:30 over drive at 07:45: lowest total cost (NZ$28.60 vs NZ$28.40), mainly the charge.",fee,28.5988,2,495,False
209,11,CAR_0700,CAR,420,rule,T2;T7,"Chose to drive at 07:00 over drive at 06:45: lowest total cost (NZ$3.89 vs NZ$7.09), mainly arrival time.",arrival_time;habit;travel_time,3.8852,1,435,False
210,11,PT,PT,,rule,T2;T7,"Chose to take PT over drive at 09:00: lowest total cost (NZ$33.18 vs NZ$33.65), mainly parking.",other;fee,33.1751,1,555,False
211,11,CAR_0930,CAR,570,rule,T2;T7,"Chose to drive at 09:30 over drive at 09:15: lowest total cost (NZ$27.64 vs NZ$32.70), mainly changing routine.",habit;arrival_time;fee,27.6378,1,585,False
212,11,PT,PT,,rule,T2,"Chose to take PT over drive at 08:30: lowest total cost (NZ$33.00 vs NZ$36.66), mainly parking.",other;fee,33.0036,1,540,False
213,11,CAR_0630,CAR,390,rule,T2;T7,"Chose to drive at 06:30 for the early start over drive at 06:15 for the early start: lowest total cost (NZ$32.49 vs NZ$31.99), mainly arrival time.",arrival_time,32.4939,2,420,True
214,11,PT,PT,,rule,T2;T7,"Chose to take PT over skip the trip: lowest total cost (NZ$24.97 vs NZ$39.56), mainly missing the day.",work_constraint;habit,24.9724,1,555,False
215,11,PT,PT,,rule,T2;T7,"Chose to take PT over drive at 07:45: lowest total cost (NZ$24.28 vs NZ$27.26), mainly fuel.",other;fee;travel_time,24.281,1,525,False
216,11,CAR_0745,CAR,465,rule,T2;T7,"Chose to drive at 07:45 over drive at 07:30: lowest total cost (NZ$10.97 vs NZ$13.16), mainly changing routine.",habit;arrival_time;travel_time,10.9662,1,495,False
217,11,CAR_0645,CAR,405,rule,T2;T7,"Chose to drive at 06:45 for the early start over drive at 07:30: lowest total cost (NZ$37.94 vs NZ$42.97), mainly travel time.",travel_time;fee;arrival_time,37.9393,1,420,True
218,11,SKIP,SKIP,,rule,T2,"Chose to skip the trip over drive at 07:45: lowest total cost (NZ$42.50 vs NZ$52.92), mainly fuel.",other;fee,42.5026,1,,False
219,11,CAR_0700,CAR,420,rule,T2;T7,"Chose to drive at 07:00 for the early start over drive at 08:00: lowest total cost (NZ$31.00 vs NZ$31.35), mainly the charge.",fee;travel_time,30.9984,2,420,True
220,11,CAR_0845,CAR,525,rule,T2,"Chose to drive at 08:45 over take PT: lowest total cost (NZ$18.93 vs NZ$22.75), mainly the PT trip.",pt;habit;arrival_time,18.9329,1,540,False
221,11,CAR_0730,CAR,450,rule,T2;T7,"Chose to drive at 07:30 over drive at 07:15: lowest total cost (NZ$19.91 vs NZ$21.42), mainly changing routine.",habit;arrival_time,19.91,1,465,False
222,11,CAR_0715,CAR,435,rule,T2;T7,"Chose to drive at 07:15 over drive at 07:00: lowest total cost (NZ$15.26 vs NZ$18.59), mainly arrival time.",arrival_time;habit,15.2607,1,450,False
223,11,PT,PT,,rule,T2;T7,"Chose to take PT over drive at 07:45: lowest total cost (NZ$31.78 vs NZ$39.77), mainly parking.",other;fee,31.7841,1,480,False
224,11,CAR_0815,CAR,495,rule,T2,"Chose to drive at 08:15 over drive at 07:15: lowest total cost (NZ$23.27 vs NZ$25.92), mainly changing routine.",habit;arrival_time;travel_time,23.2706,1,525,False
225,11,CAR_0700,CAR,420,rule,T2;T7,"Chose to drive at 07:00 over take PT: lowest total cost (NZ$35.37 vs NZ$42.47), mainly the PT trip.",pt;habit;arrival_time,35.3652,1,435,False
226,11,CAR_0930,CAR,570,rule,T2,"Chose to drive at 09:30 over drive at 08:45: lowest total cost (NZ$33.15 vs NZ$32.15), mainly the charge.",fee,33.1543,4,570,False
227,11,CAR_0830,CAR,510,rule,T2,"Chose to drive at 08:30 over drive at 09:00: lowest total cost (NZ$29.78 vs NZ$31.31), mainly arrival time.",arrival_time;habit,29.7769,1,540,False
228,11,CAR_0645,CAR,405,rule,T2;T7,"Chose to drive at 06:45 over drive at 07:00: lowest total cost (NZ$7.65 vs NZ$8.54), mainly changing routine.",habit;arrival_time,7.6461,1,420,False
229,11,PT,PT,,rule,T2;T7,"Chose to take PT over work from home: lowest total cost (NZ$24.52 vs NZ$40.96), mainly working from home.",flexibility;habit,24.5162,1,525,False
230,11,CAR_0700,CAR,420,rule,T2;T7,"Chose to drive at 07:00 over drive at 07:15: lowest total cost (NZ$18.81 vs NZ$20.22), mainly changing routine.",habit;arrival_time;travel_time,18.8103,1,450,False
231,11,CAR_0700,CAR,420,rule,T2;T7,"Chose to drive at 07:00 over drive at 06:45: lowest total cost (NZ$17.25 vs NZ$20.12), mainly changing routine.",habit;arrival_time,17.2511,1,435,False
232,11,CAR_0845,CAR,525,rule,T2,"Chose to drive at 08:45 over drive at 08:30: lowest total cost (NZ$20.33 vs NZ$19.17), mainly the charge.",fee,20.334,5,540,False
233,11,CAR_0745,CAR,465,rule,T2;T7,"Chose to drive at 07:45 over drive at 07:30: lowest total cost (NZ$40.03 vs NZ$40.78), mainly arrival time.",arrival_time;habit,40.0331,1,495,False
234,11,CAR_0730,CAR,450,rule,T2;T7,"Chose to drive at 07:30 over drive at 07:45: lowest total cost (NZ$22.43 vs NZ$23.41), mainly the charge.",fee;travel_time,22.4306,1,480,False
235,11,CAR_0730,CAR,450,rule,T2;T7,"Chose to drive at 07:30 over take PT: lowest total cost (NZ$41.13 vs NZ$41.39), mainly the PT trip.",pt;habit,41.1329,1,480,False
236,11,CAR_0915,CAR,555,rule,T2;T7,"Chose to drive at 09:15 over work from home: lowest total cost (NZ$27.42 vs NZ$31.76), mainly working from home.",flexibility;habit,27.4156,1,570,False
237,11,PT,PT,,rule,T2,"Chose to take PT over drive at 08:30: lowest total cost (NZ$31.46 vs NZ$30.56), mainly parking.",other;fee,31.464,2,525,False
238,11,CAR_0730,CAR,450,rule,T2,"Chose to drive at 07:30 over drive at 07:45: lowest total cost (NZ$26.80 vs NZ$26.77), mainly the charge.",fee;travel_time,26.8043,3,495,False
239,11,PT,PT,,rule,T2,"Chose to take PT over skip the trip: lowest total cost (NZ$32.24 vs NZ$39.17), mainly missing the day.",work_constraint;habit,32.2377,1,525,False
240,11,CAR_0645,CAR,405,rule,T2;T7,"Chose to drive at 06:45 over drive at 06:30: lowest total cost (NZ$15.75 vs NZ$19.29), mainly changing routine.",habit;arrival_time,15.7472,1,420,False
241,11,CAR_0715,CAR,435,rule,T2;T7,"Chose to drive at 07:15 over drive at 07:00: lowest total cost (NZ$20.80 vs NZ$21.99), mainly changing routine.",habit,20.7991,1,450,False
242,11,CAR_0900,CAR,540,rule,T2,"Chose to drive at 09:00 over drive at 09:15: lowest total cost (NZ$27.67 vs NZ$30.88), mainly changing routine.",habit;arrival_time,27.6671,1,555,False
243,11,PT,PT,,rule,T2,"Chose to take PT over drive at 09:00: lowest total cost (NZ$22.34 vs NZ$25.57), mainly parking.",other;fee,22.3375,1,540,False
244,11,CAR_0700,CAR,420,rule,T2;T7,"Chose to drive at 07:00 over drive at 07:15: lowest total cost (NZ$26.04 vs NZ$24.83), mainly travel time.",travel_time,26.0357,2,450,False
245,11,CAR_0830,CAR,510,rule,T2,"Chose to drive at 08:30 over drive at 08:15: lowest total cost (NZ$2.14 vs NZ$3.62), mainly travel time.",travel_time;habit,2.1445,1,510,False
246,11,CAR_0945,CAR,585,rule,T2;T7,"Chose to drive at 09:45 over drive at 09:30: lowest total cost (NZ$32.14 vs NZ$34.82), mainly changing routine.",habit;arrival_time;travel_time,32.1354,1,600,False
247,11,CAR_0645,CAR,405,rule,T2;T7,"Chose to drive at 06:45 for the early start over work from home: lowest total cost (NZ$22.47 vs NZ$24.56), mainly working from home.",flexibility;habit,22.4707,1,420,True
248,11,CAR_0915,CAR,555,rule,T2,"Chose to drive at 09:15 over drive at 09:30: lowest total cost (NZ$31.43 vs NZ$35.53), mainly changing routine.",habit;arrival_time,31.427,1,570,False
249,11,CAR_0830,CAR,510,rule,T2,"Chose to drive at 08:30 over drive at 06:45 for the early start: lowest total cost (NZ$17.96 vs NZ$20.00), mainly arrival time.",arrival_time;habit;travel_time,17.9617,1,525,False
250,11,PT,PT,,rule,T2,"Chose to take PT over drive at 08:45: lowest total cost (NZ$33.75 vs NZ$38.38), mainly fuel.",other;fee,33.7548,1,540,False
251,11,CAR_0815,CAR,495,rule,T2,"Chose to drive at 08:15 over drive at 08:00: lowest total cost (NZ$29.43 vs NZ$31.90), mainly changing routine.",habit;travel_time,29.4268,1,510,False
252,11,CAR_0700,CAR,420,rule,T2;T7,"Chose to drive at 07:00 over work from home: lowest total cost (NZ$44.28 vs NZ$45.54), mainly working from home.",flexibility;habit,44.2765,1,450,False
253,11,CAR_0845,CAR,525,rule,T2,"Chose to drive at 08:45 over drive at 08:30: lowest total cost (NZ$15.14 vs NZ$18.52), mainly arrival time.",arrival_time;habit,15.1367,1,540,False
254,11,PT,PT,,rule,T2;T7,"Chose to take PT over drive at 07:15: lowest total cost (NZ$23.06 vs NZ$38.22), mainly fuel.",other;fee,23.0579,1,495,False
255,11,PT,PT,,rule,T2;T7,"Chose to take PT over drive at 07:30: lowest total cost (NZ$31.60 vs NZ$34.43), mainly parking.",other;fee,31.6005,1,465,False
256,11,WFH,WFH,,rule,T2,"Chose to work from home over drive at 08:30: lowest total cost (NZ$43.36 vs NZ$48.29), mainly parking.",other;fee,43.355,1,,False
257,11,CAR_0730,CAR,450,rule,T2;T7,"Chose to drive at 07:30 over drive at 07:15: lowest total cost (NZ$12.24 vs NZ$13.91), mainly arrival time.",arrival_time;habit,12.244,1,465,False
258,11,CAR_0700,CAR,420,rule,T2;T7,"Chose to drive at 07:00 over drive at 06:45: lowest total cost (NZ$16.38 vs NZ$19.16), mainly arrival time.",arrival_time;habit,16.3815,1,435,False
259,11,SKIP,SKIP,,rule,T2,"Chose to skip the trip over drive at 07:45: lowest total cost (NZ$39.25 vs NZ$44.06), mainly parking.",other;fee,39.2517,1,,False
260,11,PT,PT,,rule,T2;T7,"Chose to take PT over skip the trip: lowest total cost (NZ$21.93 vs NZ$36.64), mainly missing the day.",work_constraint;habit,21.93,1,510,False
261,11,CAR_0830,CAR,510,rule,T2,"Chose to drive at 08:30 over take PT: lowest total cost (NZ$30.96 vs NZ$31.74), mainly the PT trip.",pt;habit;arrival_time,30.9634,1,525,False
262,11,PT,PT,,rule,T2,"Chose to take PT over drive at 07:30: lowest total cost (NZ$34.23 vs NZ$36.87), mainly parking.",other;fee,34.2307,1,510,False
263,11,PT,PT,,rule,T2;T7,"Chose to take PT over skip the trip: lowest total cost (NZ$32.03 vs NZ$39.89), mainly missing the day.",work_constraint;habit,32.0327,1,465,False
264,11,CAR_0915,CAR,555,rule,T2,"Chose to drive at 09:15 over drive at 09:00: lowest total cost (NZ$9.92 vs NZ$12.51), mainly the charge.",fee;habit;travel_time,9.9234,1,555,False
265,11,CAR_0915,CAR,555,rule,T2,"Chose to drive at 09:15 over work from home: lowest total cost (NZ$31.41 vs NZ$31.93), mainly working from home.",flexibility;habit,31.4118,1,570,False
266,11,CAR_0815,CAR,495,rule,T2,"Chose to drive at 08:15 over drive at 08:00: lowest total cost (NZ$32.78 vs NZ$37.23), mainly travel time.",travel_time;arrival_time;habit,32.7811,1,510,False
267,11,CAR_0830,CAR,510,rule,T2,"Chose to drive at 08:30 over drive at 08:15: lowest total cost (NZ$34.35 vs NZ$41.95), mainly travel time.",travel_time;arrival_time;habit,34.3542,1,525,False
268,11,CAR_0645,CAR,405,rule,T2,"Chose to drive at 06:45 for the early start over drive at 07:45: lowest total cost (NZ$43.13 vs NZ$50.10), mainly the charge.",fee;habit;travel_time,43.1264,1,420,True
269,11,CAR_0845,CAR,525,rule,T2,"Chose to drive at 08:45 over drive at 09:00: lowest total cost (NZ$46.96 vs NZ$47.75), mainly changing routine.",habit,46.9574,1,555,False
270,11,WFH,WFH,,rule,T2,"Chose to work from home over drive at 07:15: lowest total cost (NZ$38.54 vs NZ$38.59), mainly parking.",other;fee,38.5391,1,,False
271,11,CAR_0715,CAR,435,rule,T2;T7,"Chose to drive at 07:15 over drive at 07:00: lowest total cost (NZ$21.72 vs NZ$22.97), mainly changing routine.",habit;arrival_time,21.7246,1,450,False
272,11,CAR_0715,CAR,435,rule,T2;T7,"Chose to drive at 07:15 over drive at 07:00: lowest total cost (NZ$10.95 vs NZ$12.62), mainly changing routine.",habit;arrival_time,10.9453,1,450,False
273,11,PT,PT,,rule,T2,"Chose to take PT over drive at 08:00: lowest total cost (NZ$35.24 vs NZ$38.26), mainly parking.",other;fee,35.2387,1,510,False
274,11,SKIP,SKIP,,rule,T2,"Chose to skip the trip over drive at 08:15: lowest total cost (NZ$35.45 vs NZ$41.10), mainly fuel.",other;fee,35.4459,1,,False
275,11,CAR_0730,CAR,450,rule,T2;T7,"Chose to drive at 07:30 over drive at 08:00: lowest total cost (NZ$19.61 vs NZ$21.02), mainly the charge.",fee;travel_time;arrival_time,19.606,3,495,False
276,11,CAR_0645,CAR,405,rule,T2,"Chose to drive at 06:45 for the early start over drive at 06:30 for the early start: lowest total cost (NZ$22.85 vs NZ$25.74), mainly changing routine.",habit;arrival_time,22.8465,1,420,True
277,11,CAR_0745,CAR,465,rule,T2;T7,"Chose to drive at 07:45 over drive at 07:15: lowest total cost (NZ$16.16 vs NZ$15.24), mainly arrival time.",arrival_time;habit,16.1595,4,480,False
278,11,PT,PT,,rule,T2,"Chose to take PT over drive at 08:30: lowest total cost (NZ$24.50 vs NZ$33.87), mainly parking.",other;fee,24.4987,1,525,False
279,11,CAR_0915,CAR,555,rule,T2,"Chose to drive at 09:15 over drive at 09:00: lowest total cost (NZ$27.82 vs NZ$30.96), mainly arrival time.",arrival_time;fee;habit,27.8209,1,570,False
280,11,CAR_0830,CAR,510,rule,T2,"Chose to drive at 08:30 over drive at 07:30: lowest total cost (NZ$36.23 vs NZ$38.06), mainly arrival time.",arrival_time;habit,36.2316,1,525,False
281,11,PT,PT,,rule,T2;T7,"Chose to take PT over drive at 07:15: lowest total cost (NZ$22.29 vs NZ$34.38), mainly parking.",other;fee,22.2882,1,495,False
282,11,PT,PT,,rule,T2;T7,"Chose to take PT over drive at 06:45 for the early start: lowest total cost (NZ$26.36 vs NZ$43.20), mainly parking.",other;fee,26.3611,1,525,False
283,11,CAR_0900,CAR,540,rule,T2,"Chose to drive at 09:00 over drive at 08:45: lowest total cost (NZ$21.47 vs NZ$25.84), mainly arrival time.",arrival_time;fee;habit,21.4663,1,555,False
284,11,PT,PT,,rule,T2;T7,"Chose to take PT over drive at 09:30: lowest total cost (NZ$24.24 vs NZ$33.71), mainly parking.",other;fee,24.2399,1,585,False
285,11,PT,PT,,rule,T2;T7,"Chose to take PT over skip the trip: lowest total cost (NZ$25.46 vs NZ$42.41), mainly missing the day.",work_constraint;habit,25.46,1,495,False
286,11,CAR_0715,CAR,435,rule,T2;T7,"Chose to drive at 07:15 over drive at 07:00: lowest total cost (NZ$35.34 vs NZ$40.54), mainly changing routine.",habit;arrival_time,35.3412,1,450,False
287,11,PT,PT,,rule,T2;T7,"Chose to take PT over drive at 09:45: lowest total cost (NZ$18.59 vs NZ$31.38), mainly parking.",other;fee,18.5869,1,600,False
288,11,CAR_0715,CAR,435,rule,T2,"Chose to drive at 07:15 over drive at 08:15: lowest total cost (NZ$23.22 vs NZ$25.84), mainly the charge.",fee;travel_time,23.2246,1,555,False
289,11,PT,PT,,rule,T2;T7,"Chose to take PT over drive at 07:15: lowest total cost (NZ$21.70 vs NZ$28.99), mainly parking.",other;fee,21.6997,1,495,False
290,11,CAR_0745,CAR,465,rule,T2;T7,"Chose to drive at 07:45 over drive at 07:30: lowest total cost (NZ$15.62 vs NZ$20.99), mainly arrival time.",arrival_time;habit;travel_time,15.6156,1,480,False
291,11,CAR_0815,CAR,495,rule,T2,"Chose to drive at 08:15 over drive at 08:00: lowest total cost (NZ$21.76 vs NZ$23.89), mainly arrival time.",arrival_time;travel_time,21.762,1,510,False
292,11,CAR_0800,CAR,480,rule,T2,"Chose to drive at 08:00 over drive at 08:15: lowest total cost (NZ$1.69 vs NZ$3.05), mainly changing routine.",habit,1.6882,1,510,False
293,11,PT,PT,,rule,T2;T7,"Chose to take PT over skip the trip: lowest total cost (NZ$31.97 vs NZ$38.50), mainly missing the day.",work_constraint;habit,31.9657,1,525,False
294,11,WFH,WFH,,rule,T2;T7,"Chose to work from home over drive at 07:15: lowest total cost (NZ$15.82 vs NZ$17.57), mainly fuel.",other;fee;travel_time,15.8241,1,,False
295,11,PT,PT,,rule,T2;T7,"Chose to take PT over drive at 07:15: lowest total cost (NZ$19.38 vs NZ$37.24), mainly parking.",other;fee,19.378,1,480,False
296,11,PT,PT,,rule,T2;T7,"Chose to take PT over drive at 07:45: lowest total cost (NZ$33.80 vs NZ$38.40), mainly parking.",other;fee,33.8008,1,495,False
297,11,CAR_0645,CAR,405,rule,T2;T7,"Chose to drive at 06:45 over drive at 07:15: lowest total cost (NZ$19.45 vs NZ$18.05), mainly travel time.",travel_time;fee,19.4478,3,465,False
298,11,PT,PT,,rule,T2;T7,"Chose to take PT over skip the trip: lowest total cost (NZ$30.59 vs NZ$36.85), mainly missing the day.",work_constraint;habit,30.5886,1,540,False
299,11,CAR_0715,CAR,435,rule,T2;T7,"Chose to drive at 07:15 over drive at 07:45: lowest total cost (NZ$19.75 vs NZ$20.98), mainly the charge.",fee;travel_time,19.7502,1,495,False
0,12,WFH,WFH,,standing,,,,34.8391,1,,False
1,12,CAR_0715,CAR,435,standing,,,,20.3059,1,450,False
2,12,CAR_0715,CAR,435,standing,,,,11.8335,1,450,False
3,12,CAR_0815,CAR,495,standing,,,,36.0985,1,510,False
4,12,PT,PT,,standing,,,,29.5959,1,525,False
5,12,CAR_0730,CAR,450,standing,,,,19.8278,1,495,False
6,12,WFH,WFH,,standing,,,,20.4213,1,,False
7,12,CAR_0745,CAR,465,standing,,,,13.7424,1,480,False
8,12,PT,PT,,standing,,,,19.8437,1,525,False
9,12,CAR_0915,CAR,555,standing,,,,29.1573,1,570,False
10,12,PT,PT,,standing,,,,32.0804,1,525,False
11,12,CAR_0800,CAR,480,standing,,,,32.0737,1,495,False
12,12,PT,PT,,standing,,,,35.8003,1,525,False
13,12,CAR_0900,CAR,540,standing,,,,22.585,1,555,False
14,12,PT,PT,,standing,,,,32.1305,1,585,False
15,12,CAR_0745,CAR,465,standing,,,,40.262,2,495,False
16,12,PT,PT,,standing,,,,23.8509,1,450,False
17,12,CAR_0945,CAR,585,standing,,,,29.3875,1,600,False
18,12,CAR_0945,CAR,585,rule,T3,"Chose to drive at 09:45 over drive at 09:30: lowest total cost (NZ$21.33 vs NZ$23.72), mainly changing routine.",habit,21.328,1,555,False
19,12,CAR_0800,CAR,480,standing,,,,31.8851,1,495,False
20,12,CAR_0745,CAR,465,standing,,,,18.4917,1,480,False
21,12,CAR_0815,CAR,495,standing,,,,18.2712,1,510,False
22,12,CAR_0730,CAR,450,standing,,,,2.7175,5,510,False
23,12,PT,PT,,standing,,,,23.612,1,525,False
24,12,CAR_0715,CAR,435,standing,,,,15.7959,1,465,False
25,12,PT,PT,,standing,,,,23.4377,1,480,False
26,12,PT,PT,,standing,,,,20.602,1,495,False
27,12,CAR_0730,CAR,450,standing,,,,18.2075,1,465,False
28,12,PT,PT,,standing,,,,23.2635,1,540,False
29,12,CAR_0715,CAR,435,standing,,,,21.0924,1,495,False
30,12,CAR_0815,CAR,495,standing,,,,32.6854,1,525,False
31,12,CAR_0815,CAR,495,rule,T5,"Chose to drive at 08:15 over drive at 08:30: lowest total cost (NZ$37.06 vs NZ$37.92), mainly changing routine.",habit;travel_time,37.0593,1,525,False
32,12,CAR_0745,CAR,465,standing,,,,25.0869,1,510,False
33,12,CAR_0745,CAR,465,standing,,,,18.9892,1,495,False
34,12,PT,PT,,standing,,,,19.2138,1,495,False
35,12,CAR_0800,CAR,480,standing,,,,37.9517,2,510,False
36,12,CAR_0745,CAR,465,standing,,,,4.4002,4,480,False
37,12,PT,PT,,standing,,,,21.2526,1,510,False
38,12,CAR_0700,CAR,420,standing,,,,24.2316,1,450,False
39,12,PT,PT,,standing,,,,22.5886,1,480,False
40,12,CAR_0700,CAR,420,standing,,,,23.5221,1,435,False
41,12,CAR_0630,CAR,390,standing,,,,10.3266,2,420,True
42,12,CAR_0800,CAR,480,standing,,,,22.0089,1,525,False
43,12,PT,PT,,standing,,,,32.3088,1,540,False
44,12,CAR_0730,CAR,450,standing,,,,15.9404,1,465,False
45,12,CAR_0700,CAR,420,standing,,,,15.1591,1,435,False
46,12,CAR_0845,CAR,525,standing,,,,18.2451,1,540,False
47,12,CAR_0715,CAR,435,standing,,,,6.9707,1,450,False
48,12,PT,PT,,standing,,,,19.7335,1,510,False
49,12,WFH,WFH,,standing,,,,12.2018,1,,False
50,12,PT,PT,,standing,,,,28.863,1,510,False
51,12,CAR_0730,CAR,450,standing,,,,29.8417,9,525,False
52,12,PT,PT,,standing,,,,24.4912,1,525,False
53,12,CAR_0645,CAR,405,standing,,,,18.406,2,420,True
54,12,CAR_0715,CAR,435,standing,,,,8.6812,1,450,False
55,12,CAR_0700,CAR,420,standing,,,,1.2084,1,435,False
56,12,CAR_0830,CAR,510,standing,,,,11.2625,1,525,False
57,12,CAR_0715,CAR,435,standing,,,,23.8885,1,450,False
58,12,CAR_0815,CAR,495,standing,,,,14.7299,1,510,False
59,12,CAR_0715,CAR,435,standing,,,,22.3532,1,510,False
60,12,PT,PT,,standing,,,,20.9782,1,465,False
61,12,CAR_0815,CAR,495,standing,,,,40.4086,5,510,False
62,12,CAR_0745,CAR,465,standing,,,,37.6266,7,480,False
63,12,WFH,WFH,,standing,,,,27.268,1,,False
64,12,PT,PT,,standing,,,,33.1718,1,465,False
65,12,SKIP,SKIP,,rule,T6,"Chose to skip the trip over drive at 08:00: lowest total cost (NZ$33.80 vs NZ$42.21), mainly parking.",other;fee,33.8034,1,,False
66,12,CAR_0800,CAR,480,standing,,,,33.5548,1,495,False
67,12,WFH,WFH,,standing,,,,22.0714,1,,False
68,12,CAR_0715,CAR,435,standing,,,,23.4505,1,465,False
69,12,CAR_0915,CAR,555,standing,,,,28.45,1,570,False
70,12,WFH,WFH,,standing,,,,17.2841,1,,False
71,12,PT,PT,,standing,,,,32.5316,1,495,False
72,12,CAR_0700,CAR,420,standing,,,,14.5881,1,435,False
73,12,PT,PT,,standing,,,,31.0466,1,525,False
74,12,PT,PT,,standing,,,,22.7657,1,540,False
75,12,PT,PT,,standing,,,,24.4691,1,555,False
76,12,CAR_0730,CAR,450,standing,,,,18.008,1,480,False
77,12,CAR_0700,CAR,420,standing,,,,25.3017,1,435,False
78,12,CAR_0945,CAR,585,standing,,,,23.416,1,585,False
79,12,SKIP,SKIP,,rule,T6,"Chose to skip the trip over drive at 07:45: lowest total cost (NZ$39.51 vs NZ$48.66), mainly parking.",other;fee,39.5143,1,,False
80,12,CAR_0800,CAR,480,standing,,,,23.1412,1,495,False
81,12,CAR_0700,CAR,420,standing,,,,30.8702,1,435,False
82,12,PT,PT,,standing,,,,17.6253,1,510,False
83,12,WFH,WFH,,standing,,,,21.7228,1,,False
84,12,CAR_0730,CAR,450,standing,,,,18.3025,1,465,False
85,12,PT,PT,,standing,,,,23.8139,1,525,False
86,12,CAR_0700,CAR,420,standing,,,,11.9825,1,435,False
87,12,CAR_0715,CAR,435,standing,,,,14.1164,1,450,False
88,12,CAR_0745,CAR,465,standing,,,,6.964,2,510,False
89,12,CAR_0700,CAR,420,standing,,,,2.6951,1,465,False
90,12,PT,PT,,standing,,,,19.7719,1,525,False
91,12,CAR_0745,CAR,465,standing,,,,36.8204,1,495,False
92,12,CAR_0730,CAR,450,standing,,,,15.6633,1,495,False
93,12,CAR_0700,CAR,420,standing,,,,10.7888,1,435,False
94,12,CAR_0915,CAR,555,standing,,,,17.449,1,570,False
95,12,CAR_0830,CAR,510,standing,,,,22.6863,1,540,False
96,12,CAR_0730,CAR,450,standing,,,,28.8981,1,465,False
97,12,CAR_0845,CAR,525,standing,,,,42.9677,2,555,False
98,12,PT,PT,,standing,,,,18.8005,1,525,False
99,12,CAR_0730,CAR,450,standing,,,,25.6452,1,480,False
100,12,CAR_0745,CAR,465,standing,,,,17.8479,1,495,False
101,12,CAR_0830,CAR,510,standing,,,,19.2343,1,525,False
102,12,PT,PT,,standing,,,,24.2136,1,510,False
103,12,CAR_0800,CAR,480,standing,,,,20.4746,1,495,False
104,12,CAR_0715,CAR,435,standing,,,,17.2408,1,480,False
105,12,CAR_0700,CAR,420,standing,,,,1.758,1,435,False
106,12,WFH,WFH,,standing,,,,16.8006,1,,False
107,12,CAR_0830,CAR,510,standing,,,,21.4724,3,540,False
108,12,CAR_0815,CAR,495,standing,,,,24.021,2,525,False
109,12,CAR_0845,CAR,525,standing,,,,4.0241,1,540,False
110,12,CAR_0845,CAR,525,standing,,,,13.5292,1,540,False
111,12,CAR_0930,CAR,570,standing,,,,7.9367,1,570,False
112,12,CAR_0700,CAR,420,standing,,,,19.7285,1,450,False
113,12,PT,PT,,standing,,,,27.1744,1,555,False
114,12,PT,PT,,standing,,,,20.2778,1,570,False
115,12,CAR_0815,CAR,495,standing,,,,8.0882,1,510,False
116,12,PT,PT,,standing,,,,19.8053,1,480,False
117,12,CAR_0730,CAR,450,standing,,,,3.7124,1,480,False
118,12,CAR_0915,CAR,555,standing,,,,4.4567,1,570,False
119,12,PT,PT,,standing,,,,19.5064,1,495,False
120,12,CAR_0700,CAR,420,standing,,,,14.8648,1,435,False
121,12,CAR_0845,CAR,525,standing,,,,22.6297,1,540,False
122,12,CAR_0915,CAR,555,standing,,,,27.948,1,570,False
123,12,PT,PT,,standing,,,,22.2612,1,435,False
124,12,CAR_0645,CAR,405,standing,,,,13.0166,1,420,False
125,12,CAR_0630,CAR,390,standing,,,,2.2028,1,495,False
126,12,CAR_0830,CAR,510,standing,,,,31.5731,1,525,False
127,12,PT,PT,,standing,,,,22.0984,1,510,False
128,12,CAR_0730,CAR,450,standing,,,,26.4537,1,465,False
129,12,PT,PT,,standing,,,,20.9459,1,450,False
130,12,CAR_0845,CAR,525,standing,,,,27.942,1,540,False
131,12,CAR_0730,CAR,450,standing,,,,18.1048,2,465,False
132,12,CAR_0645,CAR,405,standing,,,,35.5007,6,420,True
133,12,CAR_0645,CAR,405,standing,,,,21.567,1,420,True
134,12,CAR_0800,CAR,480,standing,,,,21.2623,1,510,False
135,12,CAR_0800,CAR,480,standing,,,,23.5186,1,525,False
136,12,WFH,WFH,,standing,,,,12.7425,1,,False
137,12,CAR_0715,CAR,435,standing,,,,11.326,1,480,False
138,12,CAR_0645,CAR,405,standing,,,,25.6713,1,510,False
139,12,CAR_0845,CAR,525,standing,,,,3.4414,1,540,False
140,12,CAR_0700,CAR,420,standing,,,,2.0563,1,435,False
141,12,PT,PT,,standing,,,,21.5018,1,420,False
142,12,CAR_0800,CAR,480,standing,,,,11.2143,1,495,False
143,12,CAR_0745,CAR,465,standing,,,,2.66,1,480,False
144,12,CAR_0715,CAR,435,standing,,,,14.238,1,495,False
145,12,CAR_0700,CAR,420,standing,,,,2.1244,1,435,False
146,12,PT,PT,,standing,,,,22.6123,1,495,False
147,12,PT,PT,,standing,,,,37.6092,1,525,False
148,12,CAR_0845,CAR,525,standing,,,,36.347,1,555,False
149,12,CAR_0845,CAR,525,standing,,,,23.44,1,540,False
150,12,CAR_0900,CAR,540,standing,,,,24.8392,1,555,False
151,12,CAR_0745,CAR,465,standing,,,,14.475,1,480,False
152,12,CAR_0730,CAR,450,standing,,,,23.3808,1,495,False
153,12,WFH,WFH,,standing,,,,30.0462,1,,False
154,12,CAR_0900,CAR,540,standing,,,,14.7664,1,555,False
155,12,WFH,WFH,,standing,,,,18.73,1,,False
156,12,PT,PT,,standing,,,,27.5756,1,480,False
157,12,CAR_0715,CAR,435,standing,,,,15.0079,1,450,False
158,12,PT,PT,,standing,,,,30.699,1,525,False
159,12,CAR_0730,CAR,450,standing,,,,22.5708,1,495,False
160,12,CAR_0915,CAR,555,standing,,,,24.9105,1,585,False
161,12,SKIP,SKIP,,rule,T6,"Chose to skip the trip over take PT: lowest total cost (NZ$35.53 vs NZ$43.54), mainly the PT trip.",pt;arrival_time,35.5316,1,,False
162,12,CAR_0645,CAR,405,standing,,,,20.4231,1,420,True
163,12,CAR_0830,CAR,510,standing,,,,41.2044,1,525,False
164,12,PT,PT,,standing,,,,29.2125,1,465,False
165,12,CAR_0830,CAR,510,standing,,,,22.5885,1,540,False
166,12,CAR_0845,CAR,525,rule,T5,"Chose to drive at 08:45 over drive at 09:00: lowest total cost (NZ$36.14 vs NZ$40.08), mainly arrival time.",arrival_time;habit,36.1439,1,540,False
167,12,CAR_0745,CAR,465,standing,,,,17.6576,1,480,False
168,12,CAR_0900,CAR,540,standing,,,,16.7394,1,555,False
169,12,CAR_0730,CAR,450,standing,,,,17.7697,1,480,False
170,12,PT,PT,,standing,,,,29.4029,1,495,False
171,12,CAR_0815,CAR,495,rule,T5,"Chose to drive at 08:15 over drive at 08:30: lowest total cost (NZ$15.09 vs NZ$16.34), mainly changing routine.",habit,15.0911,1,525,False
172,12,PT,PT,,standing,,,,30.4469,1,540,False
173,12,CAR_0845,CAR,525,standing,,,,12.7623,1,540,False
174,12,CAR_0645,CAR,405,standing,,,,24.7105,1,435,False
175,12,CAR_0700,CAR,420,standing,,,,33.9073,1,435,False
176,12,CAR_0715,CAR,435,standing,,,,28.5004,1,525,False
177,12,PT,PT,,standing,,,,23.8378,1,510,False
178,12,PT,PT,,standing,,,,17.8326,1,510,False
179,12,WFH,WFH,,standing,,,,20.0282,1,,False
180,12,PT,PT,,standing,,,,19.9963,1,465,False
181,12,CAR_0915,CAR,555,standing,,,,31.0578,1,570,False
182,12,CAR_0830,CAR,510,standing,,,,34.6235,1,525,False
183,12,PT,PT,,standing,,,,18.8997,1,480,False
184,12,CAR_0745,CAR,465,standing,,,,3.1763,1,480,False
185,12,PT,PT,,standing,,,,25.7801,1,525,False
186,12,CAR_0730,CAR,450,standing,,,,26.9674,5,465,False
187,12,CAR_0745,CAR,465,standing,,,,25.2924,2,495,False
188,12,CAR_0715,CAR,435,standing,,,,11.795,1,495,False
189,12,PT,PT,,standing,,,,26.5357,1,450,False
190,12,CAR_0900,CAR,540,standing,,,,30.2046,1,555,False
191,12,CAR_0900,CAR,540,standing,,,,22.4485,1,570,False
192,12,PT,PT,,standing,,,,23.7715,1,420,False
193,12,PT,PT,,standing,,,,28.5828,1,540,False
194,12,WFH,WFH,,standing,,,,16.2509,1,,False
195,12,CAR_0715,CAR,435,standing,,,,15.7316,1,480,False
196,12,CAR_0730,CAR,450,standing,,,,23.1341,1,465,False
197,12,CAR_0700,CAR,420,standing,,,,13.9678,1,435,False
198,12,CAR_0730,CAR,450,standing,,,,18.4659,1,465,False
199,12,CAR_0645,CAR,405,standing,,,,21.3755,1,420,True
200,12,CAR_0630,CAR,390,standing,,,,23.9788,1,420,True
201,12,PT,PT,,standing,,,,34.4781,1,465,False
202,12,CAR_0715,CAR,435,standing,,,,18.2759,1,465,False
203,12,PT,PT,,standing,,,,29.0144,1,555,False
204,12,PT,PT,,standing,,,,29.08,1,495,False
205,12,CAR_0915,CAR,555,standing,,,,16.449,1,570,False
206,12,CAR_0645,CAR,405,standing,,,,21.8017,1,420,True
207,12,PT,PT,,standing,,,,31.0478,1,495,False
208,12,CAR_0730,CAR,450,standing,,,,28.5895,1,495,False
209,12,CAR_0700,CAR,420,standing,,,,4.0968,1,435,False
210,12,PT,PT,,standing,,,,30.1751,1,555,False
211,12,CAR_0930,CAR,570,standing,,,,27.3378,1,585,False
212,12,PT,PT,,standing,,,,32.0036,1,540,False
213,12,CAR_0630,CAR,390,standing,,,,29.5939,1,420,True
214,12,PT,PT,,standing,,,,24.9724,1,555,False
215,12,PT,PT,,standing,,,,22.281,1,525,False
216,12,CAR_0745,CAR,465,standing,,,,12.8668,1,495,False
217,12,CAR_0645,CAR,405,standing,,,,50.9107,6,420,True
218,12,SKIP,SKIP,,rule,T6,"Chose to skip the trip over drive at 07:45: lowest total cost (NZ$42.00 vs NZ$50.97), mainly fuel.",other;fee,42.0026,1,,False
219,12,CAR_0700,CAR,420,standing,,,,32.362,5,420,True
220,12,CAR_0845,CAR,525,standing,,,,17.9085,1,540,False
221,12,CAR_0730,CAR,450,standing,,,,18.4809,1,465,False
222,12,CAR_0715,CAR,435,standing,,,,14.5736,1,450,False
223,12,PT,PT,,standing,,,,28.7841,1,480,False
224,12,CAR_0815,CAR,495,standing,,,,23.0928,1,525,False
225,12,CAR_0700,CAR,420,standing,,,,34.1652,1,435,False
226,12,CAR_0930,CAR,570,rule,T3,"Chose to drive at 09:30 over take PT: lowest total cost (NZ$29.76 vs NZ$31.99), mainly the PT trip.",pt;habit,29.7575,1,570,False
227,12,CAR_0830,CAR,510,standing,,,,29.4671,1,540,False
228,12,CAR_0645,CAR,405,standing,,,,7.6461,1,420,False
229,12,PT,PT,,standing,,,,24.5162,1,525,False
230,12,CAR_0700,CAR,420,standing,,,,18.5073,1,450,False
231,12,CAR_0700,CAR,420,standing,,,,16.3511,1,435,False
232,12,CAR_0845,CAR,525,standing,,,,18.1041,1,540,False
233,12,CAR_0745,CAR,465,standing,,,,38.1632,2,495,False
234,12,CAR_0730,CAR,450,standing,,,,22.7369,2,480,False
235,12,CAR_0730,CAR,450,standing,,,,46.6532,3,480,False
236,12,CAR_0915,CAR,555,standing,,,,26.4856,1,570,False
237,12,PT,PT,,standing,,,,30.464,1,525,False
238,12,CAR_0730,CAR,450,standing,,,,25.4692,3,495,False
239,12,PT,PT,,standing,,,,32.2377,1,525,False
240,12,CAR_0645,CAR,405,standing,,,,14.5854,1,420,False
241,12,CAR_0715,CAR,435,standing,,,,20.6171,1,450,False
242,12,CAR_0900,CAR,540,standing,,,,27.6671,1,555,False
243,12,PT,PT,,standing,,,,21.3375,1,540,False
244,12,CAR_0700,CAR,420,standing,,,,25.698,2,450,False
245,12,CAR_0830,CAR,510,standing,,,,4.2951,3,510,False
246,12,CAR_0945,CAR,585,standing,,,,31.5354,1,600,False
247,12,CAR_0645,CAR,405,standing,,,,22.1707,1,420,True
248,12,CAR_0915,CAR,555,standing,,,,30.8264,1,570,False
249,12,CAR_0830,CAR,510,standing,,,,17.0726,1,525,False
250,12,PT,PT,,standing,,,,31.7548,1,540,False
251,12,CAR_0815,CAR,495,standing,,,,28.0107,1,510,False
252,12,CAR_0700,CAR,420,standing,,,,43.8407,1,450,False
253,12,CAR_0845,CAR,525,standing,,,,14.8799,1,540,False
254,12,PT,PT,,standing,,,,23.0579,1,495,False
255,12,PT,PT,,standing,,,,31.6005,1,465,False
256,12,WFH,WFH,,standing,,,,42.355,1,,False
257,12,CAR_0730,CAR,450,standing,,,,12.1219,1,465,False
258,12,CAR_0700,CAR,420,standing,,,,15.7815,1,435,False
259,12,SKIP,SKIP,,rule,T6,"Chose to skip the trip over drive at 07:45: lowest total cost (NZ$38.75 vs NZ$43.71), mainly parking.",other;fee,38.7517,1,,False
260,12,PT,PT,,standing,,,,21.93,1,510,False
261,12,CAR_0830,CAR,510,standing,,,,30.9634,1,525,False
262,12,PT,PT,,standing,,,,31.2307,1,510,False
263,12,PT,PT,,standing,,,,32.0327,1,465,False
264,12,CAR_0915,CAR,555,standing,,,,9.1834,1,555,False
265,12,CAR_0915,CAR,555,standing,,,,30.7218,1,570,False
266,12,CAR_0815,CAR,495,standing,,,,32.3644,1,510,False
267,12,CAR_0830,CAR,510,standing,,,,33.9481,1,525,False
268,12,CAR_0645,CAR,405,standing,,,,42.363,2,420,True
269,12,CAR_0845,CAR,525,standing,,,,46.2101,1,555,False
270,12,WFH,WFH,,standing,,,,36.5391,1,,False
271,12,CAR_0715,CAR,435,standing,,,,21.9864,1,450,False
272,12,CAR_0715,CAR,435,standing,,,,10.5459,1,450,False
273,12,PT,PT,,standing,,,,32.2387,1,510,False
274,12,SKIP,SKIP,,rule,T6,"Chose to skip the trip over drive at 08:15: lowest total cost (NZ$34.45 vs NZ$40.06), mainly fuel.",other;fee,34.4459,1,,False
275,12,CAR_0730,CAR,450,standing,,,,18.1444,1,495,False
276,12,CAR_0645,CAR,405,standing,,,,21.4851,1,420,True
277,12,CAR_0745,CAR,465,standing,,,,14.8845,4,480,False
278,12,PT,PT,,standing,,,,24.4987,1,525,False
279,12,CAR_0915,CAR,555,standing,,,,27.8133,1,570,False
280,12,CAR_0830,CAR,510,standing,,,,34.6597,1,525,False
281,12,PT,PT,,standing,,,,22.2882,1,495,False
282,12,PT,PT,,standing,,,,26.3611,1,525,False
283,12,CAR_0900,CAR,540,standing,,,,20.6986,1,555,False
284,12,PT,PT,,standing,,,,24.2399,1,585,False
285,12,PT,PT,,standing,,,,25.46,1,495,False
286,12,CAR_0715,CAR,435,standing,,,,34.1937,1,450,False
287,12,PT,PT,,standing,,,,18.5869,1,600,False
288,12,CAR_0715,CAR,435,standing,,,,21.8185,1,555,False
289,12,PT,PT,,standing,,,,21.6997,1,495,False
290,12,CAR_0745,CAR,465,standing,,,,16.0219,1,480,False
291,12,CAR_0815,CAR,495,standing,,,,19.1148,1,510,False
292,12,CAR_0800,CAR,480,standing,,,,1.3233,1,510,False
293,12,PT,PT,,standing,,,,31.9657,1,525,False
294,12,WFH,WFH,,standing,,,,14.8241,1,,False
295,12,PT,PT,,standing,,,,19.378,1,480,False
296,12,PT,PT,,standing,,,,33.8008,1,495,False
297,12,CAR_0645,CAR,405,standing,,,,18.211,1,465,False
298,12,PT,PT,,standing,,,,30.5886,1,540,False
299,12,CAR_0715,CAR,435,standing,,,,18.5767,1,495,False
0,13,WFH,WFH,,standing,,,,34.8391,1,,False
1,13,CAR_0715,CAR,435,standing,,,,20.3007,1,450,False
2,13,CAR_0715,CAR,435,standing,,,,11.2391,1,450,False
3,13,CAR_0815,CAR,495,standing,,,,35.4685,1,510,False
4,13,PT,PT,,standing,,,,29.5959,1,525,False
5,13,CAR_0730,CAR,450,rule,T5,"Chose to drive at 07:30 over drive at 06:45 for the early start: lowest total cost (NZ$18.69 vs NZ$19.13), mainly changing routine.",habit;arrival_time,18.6916,1,495,False
6,13,WFH,WFH,,standing,,,,20.4213,1,,False
7,13,CAR_0745,CAR,465,standing,,,,13.1677,1,480,False
8,13,PT,PT,,standing,,,,19.8437,1,525,False
9,13,CAR_0915,CAR,555,standing,,,,28.718,1,570,False
10,13,PT,PT,,standing,,,,32.0804,1,525,False
11,13,CAR_0800,CAR,480,standing,,,,31.7556,1,495,False
12,13,PT,PT,,standing,,,,35.8003,1,525,False
13,13,CAR_0900,CAR,540,standing,,,,21.4782,1,555,False
14,13,PT,PT,,standing,,,,32.1305,1,585,False
15,13,CAR_0745,CAR,465,standing,,,,40.262,2,495,False
16,13,PT,PT,,standing,,,,23.8509,1,450,False
17,13,CAR_0945,CAR,585,standing,,,,28.7575,1,600,False
18,13,CAR_0945,CAR,585,rule,T3,"Chose to drive at 09:45 over drive at 09:30: lowest total cost (NZ$20.91 vs NZ$23.30), mainly changing routine.",habit,20.908,1,555,False
19,13,CAR_0800,CAR,480,standing,,,,30.9401,1,495,False
20,13,CAR_0745,CAR,465,standing,,,,17.936,1,480,False
21,13,CAR_0815,CAR,495,standing,,,,17.9031,1,510,False
22,13,CAR_0730,CAR,450,standing,,,,2.7175,5,510,False
23,13,PT,PT,,standing,,,,23.612,1,525,False
24,13,CAR_0715,CAR,435,standing,,,,15.3749,1,465,False
25,13,PT,PT,,standing,,,,23.4377,1,480,False
26,13,PT,PT,,standing,,,,20.602,1,495,False
27,13,CAR_0730,CAR,450,standing,,,,17.954,1,465,False
28,13,PT,PT,,standing,,,,23.2635,1,540,False
29,13,CAR_0715,CAR,435,standing,,,,20.2299,1,495,False
30,13,CAR_0815,CAR,495,standing,,,,32.3704,1,525,False
31,13,CAR_0815,CAR,495,standing,,,,36.4293,1,525,False
32,13,CAR_0745,CAR,465,standing,,,,24.1697,1,510,False
33,13,CAR_0745,CAR,465,standing,,,,18.7029,1,495,False
34,13,PT,PT,,standing,,,,19.2138,1,495,False
35,13,CAR_0800,CAR,480,standing,,,,37.337,2,510,False
36,13,CAR_0745,CAR,465,standing,,,,3.9471,3,480,False
37,13,PT,PT,,standing,,,,21.2526,1,510,False
38,13,CAR_0700,CAR,420,standing,,,,23.4791,1,450,False
39,13,PT,PT,,standing,,,,22.5886,1,480,False
40,13,CAR_0700,CAR,420,standing,,,,23.0933,1,435,False
41,13,CAR_0630,CAR,390,standing,,,,10.3266,2,420,True
42,13,CAR_0800,CAR,480,standing,,,,21.3767,1,525,False
43,13,PT,PT,,standing,,,,32.3088,1,540,False
44,13,CAR_0730,CAR,450,standing,,,,15.4511,1,465,False
45,13,CAR_0700,CAR,420,standing,,,,14.9481,1,435,False
46,13,CAR_0845,CAR,525,standing,,,,17.6151,1,540,False
47,13,CAR_0715,CAR,435,standing,,,,7.009,1,450,False
48,13,PT,PT,,standing,,,,19.7335,1,510,False
49,13,WFH,WFH,,standing,,,,12.2018,1,,False
50,13,PT,PT,,standing,,,,28.863,1,510,False
51,13,CAR_0815,CAR,495,rule,T5,"Chose to drive at 08:15 over drive at 07:30: lowest total cost (NZ$27.46 vs NZ$29.28), mainly travel time.",travel_time;arrival_time,27.4604,1,525,False
52,13,PT,PT,,standing,,,,24.4912,1,525,False
53,13,CAR_0645,CAR,405,standing,,,,17.986,1,420,True
54,13,CAR_0715,CAR,435,standing,,,,8.4724,1,450,False
55,13,CAR_0700,CAR,420,standing,,,,1.2086,1,435,False
56,13,CAR_0830,CAR,510,standing,,,,10.6325,1,525,False
57,13,CAR_0715,CAR,435,standing,,,,23.8865,1,450,False
58,13,CAR_0815,CAR,495,standing,,,,14.3645,1,510,False
59,13,CAR_0715,CAR,435,standing,,,,21.8626,1,510,False
60,13,PT,PT,,standing,,,,20.9782,1,465,False
61,13,CAR_0815,CAR,495,standing,,,,39.1548,4,510,False
62,13,CAR_0730,CAR,450,rule,T5,"Chose to drive at 07:30 over drive at 07:45: lowest total cost (NZ$31.85 vs NZ$35.67), mainly travel time.",travel_time;fee,31.8499,1,480,False
63,13,WFH,WFH,,standing,,,,27.268,4,,False
64,13,PT,PT,,standing,,,,33.1718,1,465,False
65,13,SKIP,SKIP,,rule,T6,"Chose to skip the trip over drive at 08:00: lowest total cost (NZ$33.80 vs NZ$41.26), mainly parking.",other;fee,33.8034,1,,False
66,13,CAR_0800,CAR,480,standing,,,,33.2398,1,495,False
67,13,WFH,WFH,,standing,,,,22.0714,1,,False
68,13,CAR_0715,CAR,435,standing,,,,22.5781,1,465,False
69,13,CAR_0915,CAR,555,standing,,,,27.7565,1,570,False
70,13,WFH,WFH,,standing,,,,17.2841,1,,False
71,13,PT,PT,,standing,,,,32.5316,1,495,False
72,13,CAR_0700,CAR,420,standing,,,,14.1681,1,435,False
73,13,PT,PT,,standing,,,,31.0466,1,525,False
74,13,PT,PT,,standing,,,,22.7657,1,540,False
75,13,PT,PT,,standing,,,,24.4691,1,555,False
76,13,CAR_0730,CAR,450,standing,,,,18.008,1,480,False
77,13,CAR_0700,CAR,420,standing,,,,24.8817,1,435,False
78,13,CAR_0945,CAR,585,standing,,,,23.416,1,585,False
79,13,SKIP,SKIP,,rule,T6,"Chose to skip the trip over drive at 07:45: lowest total cost (NZ$39.51 vs NZ$47.42), mainly parking.",other;fee,39.5143,1,,False
80,13,CAR_0800,CAR,480,standing,,,,22.8262,1,495,False
81,13,CAR_0700,CAR,420,standing,,,,30.451,1,435,False
82,13,PT,PT,,standing,,,,17.6253,1,510,False
83,13,WFH,WFH,,standing,,,,21.7228,1,,False
84,13,CAR_0730,CAR,450,standing,,,,17.834,1,465,False
85,13,PT,PT,,standing,,,,23.8139,1,525,False
86,13,CAR_0700,CAR,420,standing,,,,11.9825,1,435,False
87,13,CAR_0715,CAR,435,standing,,,,13.8984,1,450,False
88,13,CAR_0745,CAR,465,standing,,,,6.9641,2,510,False
89,13,CAR_0700,CAR,420,standing,,,,2.6971,1,465,False
90,13,PT,PT,,standing,,,,19.7719,1,525,False
91,13,CAR_0745,CAR,465,standing,,,,36.2248,1,495,False
92,13,CAR_0730,CAR,450,standing,,,,14.7476,1,495,False
93,13,CAR_0700,CAR,420,rule,T5,"Chose to drive at 07:00 over drive at 06:45: lowest total cost (NZ$10.26 vs NZ$14.22), mainly arrival time.",arrival_time;habit,10.2566,1,435,False
94,13,CAR_0915,CAR,555,standing,,,,17.219,1,570,False
95,13,CAR_0830,CAR,510,standing,,,,22.684,1,540,False
96,13,CAR_0730,CAR,450,standing,,,,28.3966,1,465,False
97,13,CAR_0845,CAR,525,standing,,,,42.3417,2,555,False
98,13,PT,PT,,standing,,,,18.8005,1,525,False
99,13,CAR_0730,CAR,450,standing,,,,24.4426,1,480,False
100,13,CAR_0745,CAR,465,standing,,,,17.8599,1,495,False
101,13,CAR_0830,CAR,510,standing,,,,18.6059,1,525,False
102,13,PT,PT,,standing,,,,24.2136,1,510,False
103,13,CAR_0800,CAR,480,standing,,,,19.5296,1,495,False
104,13,CAR_0715,CAR,435,standing,,,,16.821,1,480,False
105,13,CAR_0700,CAR,420,standing,,,,1.5728,1,435,False
106,13,WFH,WFH,,standing,,,,16.8006,1,,False
107,13,CAR_0830,CAR,510,standing,,,,20.8006,3,540,False
108,13,CAR_0815,CAR,495,standing,,,,23.391,2,525,False
109,13,CAR_0845,CAR,525,standing,,,,4.0241,1,540,False
110,13,CAR_0845,CAR,525,standing,,,,13.2142,1,540,False
111,13,CAR_0930,CAR,570,standing,,,,7.7225,1,570,False
112,13,CAR_0700,CAR,420,standing,,,,19.3097,1,450,False
113,13,PT,PT,,standing,,,,27.1744,1,555,False
114,13,PT,PT,,standing,,,,20.2778,1,570,False
115,13,CAR_0815,CAR,495,standing,,,,8.132,1,510,False
116,13,PT,PT,,standing,,,,19.8053,1,480,False
117,13,CAR_0730,CAR,450,standing,,,,3.7158,1,480,False
118,13,CAR_0915,CAR,555,standing,,,,4.4557,1,570,False
119,13,PT,PT,,standing,,,,19.5064,1,495,False
120,13,CAR_0700,CAR,420,standing,,,,14.8618,1,435,False
121,13,CAR_0845,CAR,525,standing,,,,22.3104,1,540,False
122,13,CAR_0915,CAR,555,standing,,,,27.7147,1,570,False
123,13,PT,PT,,standing,,,,22.2612,1,435,False
124,13,CAR_0645,CAR,405,standing,,,,12.5966,1,420,False
125,13,CAR_0630,CAR,390,standing,,,,2.2028,1,495,False
126,13,CAR_0830,CAR,510,standing,,,,30.9431,1,525,False
127,13,PT,PT,,standing,,,,22.0984,1,510,False
128,13,CAR_0730,CAR,450,standing,,,,25.9791,1,465,False
129,13,PT,PT,,standing,,,,20.9459,1,450,False
130,13,CAR_0845,CAR,525,standing,,,,27.326,1,540,False
131,13,CAR_0730,CAR,450,standing,,,,17.763,2,465,False
132,13,CAR_0645,CAR,405,standing,,,,34.6524,5,420,True
133,13,CAR_0645,CAR,405,standing,,,,20.9136,1,420,True
134,13,CAR_0800,CAR,480,standing,,,,20.6323,1,510,False
135,13,CAR_0800,CAR,480,standing,,,,23.2036,1,525,False
136,13,WFH,WFH,,standing,,,,12.7425,1,,False
137,13,CAR_0715,CAR,435,standing,,,,10.71,1,480,False
138,13,CAR_0645,CAR,405,standing,,,,25.6765,1,510,False
139,13,CAR_0845,CAR,525,standing,,,,3.4414,1,540,False
140,13,CAR_0700,CAR,420,standing,,,,2.0563,1,435,False
141,13,PT,PT,,standing,,,,21.5018,1,420,False
142,13,CAR_0800,CAR,480,standing,,,,10.5843,1,495,False
143,13,CAR_0745,CAR,465,standing,,,,2.71,1,480,False
144,13,CAR_0715,CAR,435,standing,,,,14.0199,1,495,False
145,13,CAR_0700,CAR,420,standing,,,,2.123,1,435,False
146,13,PT,PT,,standing,,,,22.6123,1,495,False
147,13,PT,PT,,standing,,,,37.6092,1,525,False
148,13,CAR_0845,CAR,525,standing,,,,35.717,1,555,False
149,13,CAR_0845,CAR,525,standing,,,,23.125,1,540,False
150,13,CAR_0900,CAR,540,standing,,,,24.3002,1,555,False
151,13,CAR_0745,CAR,465,standing,,,,13.9202,1,480,False
152,13,CAR_0730,CAR,450,standing,,,,23.3808,1,495,False
153,13,WFH,WFH,,standing,,,,30.0462,1,,False
154,13,CAR_0900,CAR,540,standing,,,,13.5555,1,555,False
155,13,WFH,WFH,,standing,,,,18.73,1,,False
156,13,PT,PT,,standing,,,,27.5756,1,480,False
157,13,CAR_0715,CAR,435,standing,,,,14.8028,1,450,False
158,13,PT,PT,,standing,,,,30.699,1,525,False
159,13,CAR_0730,CAR,450,standing,,,,21.933,1,495,False
160,13,CAR_0915,CAR,555,standing,,,,24.7005,1,585,False
161,13,SKIP,SKIP,,rule,T6,"Chose to skip the trip over take PT: lowest total cost (NZ$35.53 vs NZ$43.54), mainly the PT trip.",pt;arrival_time,35.5316,1,,False
162,13,CAR_0645,CAR,405,standing,,,,20.4067,1,420,True
163,13,CAR_0830,CAR,510,standing,,,,40.8894,1,525,False
164,13,PT,PT,,standing,,,,29.2125,1,465,False
165,13,CAR_0830,CAR,510,standing,,,,21.9585,1,540,False
166,13,CAR_0845,CAR,525,standing,,,,35.2663,1,540,False
167,13,CAR_0745,CAR,465,standing,,,,17.6576,1,480,False
168,13,CAR_0900,CAR,540,standing,,,,15.8575,1,555,False
169,13,CAR_0730,CAR,450,standing,,,,17.2707,1,480,False
170,13,PT,PT,,standing,,,,29.4029,1,495,False
171,13,CAR_0815,CAR,495,standing,,,,14.771,1,525,False
172,13,PT,PT,,standing,,,,30.4469,1,540,False
173,13,CAR_0845,CAR,525,standing,,,,11.8249,1,540,False
174,13,CAR_0645,CAR,405,standing,,,,24.1711,1,435,False
175,13,CAR_0700,CAR,420,standing,,,,33.4851,1,435,False
176,13,CAR_0715,CAR,435,standing,,,,28.0989,1,525,False
177,13,PT,PT,,standing,,,,23.8378,1,510,False
178,13,PT,PT,,standing,,,,17.8326,1,510,False
179,13,WFH,WFH,,standing,,,,20.0282,1,,False
180,13,PT,PT,,standing,,,,19.9963,1,465,False
181,13,CAR_0915,CAR,555,standing,,,,30.0918,1,570,False
182,13,CAR_0830,CAR,510,standing,,,,34.3085,1,525,False
183,13,PT,PT,,standing,,,,18.8997,1,480,False
184,13,CAR_0745,CAR,465,standing,,,,3.4511,1,480,False
185,13,PT,PT,,standing,,,,25.7801,1,525,False
186,13,CAR_0715,CAR,435,rule,T5,"Chose to drive at 07:15 over drive at 07:30: lowest total cost (NZ$17.64 vs NZ$24.39), mainly arrival time.",arrival_time;travel_time;fee,17.6366,1,465,False
187,13,CAR_0745,CAR,465,standing,,,,24.6919,1,495,False
188,13,CAR_0715,CAR,435,standing,,,,10.955,1,495,False
189,13,PT,PT,,standing,,,,26.5357,1,450,False
190,13,CAR_0900,CAR,540,standing,,,,29.9316,1,555,False
191,13,CAR_0900,CAR,540,standing,,,,21.661,1,570,False
192,13,PT,PT,,standing,,,,23.7715,1,420,False
193,13,PT,PT,,standing,,,,28.5828,1,540,False
194,13,WFH,WFH,,standing,,,,16.2509,1,,False
195,13,CAR_0715,CAR,435,standing,,,,15.4632,1,480,False
196,13,CAR_0730,CAR,450,standing,,,,23.1274,1,465,False
197,13,CAR_0700,CAR,420,standing,,,,13.5478,1,435,False
198,13,CAR_0730,CAR,450,standing,,,,17.4885,1,465,False
199,13,CAR_0645,CAR,405,standing,,,,21.1655,1,420,True
200,13,CAR_0630,CAR,390,standing,,,,23.5588,1,420,True
201,13,PT,PT,,standing,,,,34.4781,1,465,False
202,13,CAR_0715,CAR,435,standing,,,,17.9124,1,465,False
203,13,PT,PT,,standing,,,,29.0144,1,555,False
204,13,PT,PT,,standing,,,,29.08,1,495,False
205,13,CAR_0915,CAR,555,standing,,,,15.973,1,570,False
206,13,CAR_0645,CAR,405,standing,,,,21.3642,1,420,True
207,13,PT,PT,,standing,,,,31.0478,1,495,False
208,13,CAR_0730,CAR,450,standing,,,,28.3389,1,495,False
209,13,CAR_0700,CAR,420,standing,,,,4.078,1,435,False
210,13,PT,PT,,standing,,,,30.1751,1,555,False
211,13,CAR_0930,CAR,570,standing,,,,27.1278,1,585,False
212,13,PT,PT,,standing,,,,32.0036,1,540,False
213,13,CAR_0630,CAR,390,standing,,,,28.9639,1,420,True
214,13,PT,PT,,standing,,,,24.9724,1,555,False
215,13,PT,PT,,standing,,,,22.281,1,525,False
216,13,CAR_0730,CAR,450,rule,T5,"Chose to drive at 07:30 over drive at 07:45: lowest total cost (NZ$12.59 vs NZ$11.21), mainly the charge.",fee;travel_time,12.5921,2,495,False
217,13,CAR_0645,CAR,405,standing,,,,48.0236,5,420,True
218,13,SKIP,SKIP,,rule,T6,"Chose to skip the trip over drive at 07:45: lowest total cost (NZ$42.00 vs NZ$50.02), mainly fuel.",other;fee,42.0026,1,,False
219,13,CAR_0700,CAR,420,standing,,,,31.8469,5,420,True
220,13,CAR_0845,CAR,525,standing,,,,17.2811,1,540,False
221,13,CAR_0730,CAR,450,standing,,,,17.9769,1,465,False
222,13,CAR_0715,CAR,435,standing,,,,14.2134,1,450,False
223,13,PT,PT,,standing,,,,28.7841,1,480,False
224,13,CAR_0815,CAR,495,standing,,,,22.7566,1,525,False
225,13,CAR_0700,CAR,420,standing,,,,33.3252,1,435,False
226,13,CAR_0930,CAR,570,rule,T3,"Chose to drive at 09:30 over drive at 09:15: lowest total cost (NZ$29.55 vs NZ$31.82), mainly changing routine.",habit;fee;travel_time,29.5475,1,570,False
227,13,CAR_0830,CAR,510,standing,,,,29.1682,1,540,False
228,13,CAR_0645,CAR,405,standing,,,,7.6461,1,420,False
229,13,PT,PT,,standing,,,,24.5162,1,525,False
230,13,CAR_0700,CAR,420,standing,,,,18.2973,1,450,False
231,13,CAR_0700,CAR,420,standing,,,,15.7211,1,435,False
232,13,CAR_0845,CAR,525,standing,,,,17.7891,1,540,False
233,13,CAR_0745,CAR,465,standing,,,,37.5682,2,495,False
234,13,CAR_0730,CAR,450,standing,,,,21.4942,2,480,False
235,13,CAR_0730,CAR,450,standing,,,,43.8864,2,480,False
236,13,CAR_0915,CAR,555,standing,,,,25.8346,1,570,False
237,13,PT,PT,,standing,,,,30.464,3,525,False
238,13,CAR_0730,CAR,450,standing,,,,24.588,2,495,False
239,13,PT,PT,,standing,,,,32.2377,1,525,False
240,13,CAR_0645,CAR,405,standing,,,,13.7424,1,420,False
241,13,CAR_0715,CAR,435,standing,,,,19.7923,1,450,False
242,13,CAR_0900,CAR,540,standing,,,,27.6671,1,555,False
243,13,PT,PT,,standing,,,,21.3375,1,540,False
244,13,CAR_0700,CAR,420,standing,,,,25.488,2,450,False
245,13,CAR_0830,CAR,510,standing,,,,4.174,3,510,False
246,13,CAR_0945,CAR,585,standing,,,,31.1154,1,600,False
247,13,CAR_0645,CAR,405,standing,,,,21.9607,1,420,True
248,13,CAR_0915,CAR,555,standing,,,,30.406,1,570,False
249,13,CAR_0830,CAR,510,standing,,,,16.4422,1,525,False
250,13,PT,PT,,standing,,,,31.7548,1,540,False
251,13,CAR_0815,CAR,495,standing,,,,27.3807,1,510,False
252,13,CAR_0700,CAR,420,standing,,,,43.3796,1,450,False
253,13,CAR_0845,CAR,525,standing,,,,14.8766,1,540,False
254,13,PT,PT,,standing,,,,23.0579,1,495,False
255,13,PT,PT,,standing,,,,31.6005,1,465,False
256,13,WFH,WFH,,standing,,,,42.355,1,,False
257,13,CAR_0730,CAR,450,standing,,,,12.1199,1,465,False
258,13,CAR_0700,CAR,420,standing,,,,15.3615,1,435,False
259,13,SKIP,SKIP,,rule,T6,"Chose to skip the trip over drive at 07:45: lowest total cost (NZ$38.75 vs NZ$43.40), mainly parking.",other;fee,38.7517,1,,False
260,13,PT,PT,,standing,,,,21.93,1,510,False
261,13,CAR_0830,CAR,510,standing,,,,30.9634,1,525,False
262,13,PT,PT,,standing,,,,31.2307,1,510,False
263,13,PT,PT,,standing,,,,32.0327,1,465,False
264,13,CAR_0915,CAR,555,standing,,,,8.6654,1,555,False
265,13,CAR_0915,CAR,555,standing,,,,30.2388,1,570,False
266,13,CAR_0815,CAR,495,standing,,,,31.9859,1,510,False
267,13,CAR_0830,CAR,510,standing,,,,33.3378,1,525,False
268,13,CAR_0645,CAR,405,standing,,,,41.8957,1,420,True
269,13,CAR_0845,CAR,525,standing,,,,45.9032,1,555,False
270,13,WFH,WFH,,standing,,,,36.5391,1,,False
271,13,CAR_0715,CAR,435,standing,,,,20.998,1,450,False
272,13,CAR_0715,CAR,435,standing,,,,10.3418,1,450,False
273,13,PT,PT,,standing,,,,32.2387,1,510,False
274,13,SKIP,SKIP,,rule,T6,"Chose to skip the trip over drive at 08:15: lowest total cost (NZ$34.45 vs NZ$39.43), mainly fuel.",other;fee,34.4459,1,,False
275,13,CAR_0700,CAR,420,rule,T5,"Chose to drive at 07:00 over drive at 07:30: lowest total cost (NZ$18.75 vs NZ$17.28), mainly the charge.",fee;travel_time,18.752,5,495,False
276,13,CAR_0645,CAR,405,standing,,,,21.2751,1,420,True
277,13,CAR_0745,CAR,465,standing,,,,13.992,4,480,False
278,13,PT,PT,,standing,,,,24.4987,1,525,False
279,13,CAR_0915,CAR,555,standing,,,,27.808,1,570,False
280,13,CAR_0830,CAR,510,standing,,,,33.6962,1,525,False
281,13,PT,PT,,standing,,,,22.2882,1,495,False
282,13,PT,PT,,standing,,,,26.3611,1,525,False
283,13,CAR_0900,CAR,540,standing,,,,20.1612,1,555,False
284,13,PT,PT,,standing,,,,24.2399,1,585,False
285,13,PT,PT,,standing,,,,25.46,1,495,False
286,13,CAR_0715,CAR,435,standing,,,,33.4036,1,450,False
287,13,PT,PT,,standing,,,,18.5869,1,600,False
288,13,CAR_0715,CAR,435,standing,,,,21.1883,1,555,False
289,13,PT,PT,,standing,,,,21.6997,1,495,False
290,13,CAR_0745,CAR,465,standing,,,,15.5764,1,480,False
291,13,CAR_0815,CAR,495,standing,,,,18.5133,1,510,False
292,13,CAR_0800,CAR,480,standing,,,,1.3233,1,510,False
293,13,PT,PT,,standing,,,,31.9657,1,525,False
294,13,WFH,WFH,,standing,,,,14.8241,1,,False
295,13,PT,PT,,standing,,,,19.378,1,480,False
296,13,PT,PT,,standing,,,,33.8008,1,495,False
297,13,CAR_0645,CAR,405,standing,,,,17.9958,1,465,False
298,13,PT,PT,,standing,,,,30.5886,1,540,False
299,13,CAR_0715,CAR,435,standing,,,,18.3472,1,495,False
0,14,WFH,WFH,,standing,,,,34.8391,1,,False
1,14,CAR_0715,CAR,435,standing,,,,20.2971,1,450,False
2,14,CAR_0715,CAR,435,standing,,,,10.7953,1,450,False
3,14,CAR_0815,CAR,495,standing,,,,35.0275,1,510,False
4,14,PT,PT,,standing,,,,29.5959,1,525,False
5,14,CAR_0730,CAR,450,standing,,,,19.5049,3,495,False
6,14,WFH,WFH,,standing,,,,20.4213,1,,False
7,14,CAR_0745,CAR,465,standing,,,,12.7654,1,480,False
8,14,PT,PT,,standing,,,,19.8437,1,525,False
9,14,CAR_0915,CAR,555,standing,,,,28.4105,1,570,False
10,14,PT,PT,,standing,,,,32.0804,1,525,False
11,14,CAR_0800,CAR,480,standing,,,,31.5329,1,495,False
12,14,PT,PT,,standing,,,,35.8003,1,525,False
13,14,CAR_0900,CAR,540,standing,,,,20.7035,1,555,False
14,14,PT,PT,,standing,,,,32.1305,1,585,False
15,14,CAR_0745,CAR,465,standing,,,,40.262,2,495,False
16,14,PT,PT,,standing,,,,23.8509,1,450,False
17,14,CAR_0945,CAR,585,standing,,,,28.3165,1,600,False
18,14,CAR_0945,CAR,585,rule,T3,"Chose to drive at 09:45 over drive at 09:30: lowest total cost (NZ$20.61 vs NZ$23.00), mainly changing routine.",habit,20.614,1,555,False
19,14,CAR_0800,CAR,480,standing,,,,30.2786,1,495,False
20,14,CAR_0745,CAR,465,standing,,,,17.547,1,480,False
21,14,CAR_0815,CAR,495,standing,,,,17.6454,1,510,False
22,14,CAR_0730,CAR,450,standing,,,,2.7175,5,510,False
23,14,PT,PT,,standing,,,,23.612,1,525,False
24,14,CAR_0715,CAR,435,standing,,,,15.3782,1,465,False
25,14,PT,PT,,standing,,,,23.4377,1,480,False
26,14,PT,PT,,standing,,,,20.602,1,495,False
27,14,CAR_0730,CAR,450,standing,,,,17.7766,1,465,False
28,14,PT,PT,,standing,,,,23.2635,1,540,False
29,14,CAR_0715,CAR,435,standing,,,,19.6571,1,495,False
30,14,CAR_0815,CAR,495,standing,,,,32.1499,1,525,False
31,14,CAR_0815,CAR,495,standing,,,,35.9883,1,525,False
32,14,CAR_0745,CAR,465,standing,,,,23.5277,1,510,False
33,14,CAR_0745,CAR,465,standing,,,,18.4431,1,495,False
34,14,PT,PT,,standing,,,,19.2138,1,495,False
35,14,CAR_0800,CAR,480,standing,,,,36.9067,2,510,False
36,14,CAR_0745,CAR,465,standing,,,,2.4231,1,480,False
37,14,PT,PT,,standing,,,,21.2526,1,510,False
38,14,CAR_0700,CAR,420,standing,,,,22.8827,1,450,False
39,14,PT,PT,,standing,,,,22.5886,1,480,False
40,14,CAR_0700,CAR,420,standing,,,,22.7931,1,435,False
41,14,CAR_0630,CAR,390,standing,,,,10.3266,2,420,True
42,14,CAR_0800,CAR,480,standing,,,,20.9342,1,525,False
43,14,PT,PT,,standing,,,,32.3088,1,540,False
44,14,CAR_0730,CAR,450,standing,,,,15.1086,1,465,False
45,14,CAR_0700,CAR,420,standing,,,,14.8004,1,435,False
46,14,CAR_0845,CAR,525,standing,,,,17.1741,1,540,False
47,14,CAR_0715,CAR,435,standing,,,,7.0358,1,450,False
48,14,PT,PT,,standing,,,,19.7335,1,510,False
49,14,WFH,WFH,,standing,,,,12.2018,1,,False
50,14,PT,PT,,standing,,,,28.863,1,510,False
51,14,CAR_0815,CAR,495,standing,,,,24.2297,1,525,False
52,14,PT,PT,,standing,,,,24.4912,1,525,False
53,14,CAR_0645,CAR,405,standing,,,,17.692,1,420,True
54,14,CAR_0715,CAR,435,standing,,,,8.3677,1,450,False
55,14,CAR_0700,CAR,420,standing,,,,1.2623,1,435,False
56,14,CAR_0830,CAR,510,standing,,,,10.1915,1,525,False
57,14,CAR_0715,CAR,435,standing,,,,23.885,1,450,False
58,14,CAR_0815,CAR,495,standing,,,,14.1088,1,510,False
59,14,CAR_0715,CAR,435,standing,,,,21.4534,1,510,False
60,14,PT,PT,,standing,,,,20.9782,1,465,False
61,14,CAR_0815,CAR,495,standing,,,,38.4196,4,510,False
62,14,CAR_0730,CAR,450,standing,,,,32.1542,1,480,False
63,14,WFH,WFH,,standing,,,,27.268,5,,False
64,14,PT,PT,,standing,,,,33.1718,1,465,False
65,14,SKIP,SKIP,,rule,T6,"Chose to skip the trip over drive at 08:00: lowest total cost (NZ$33.80 vs NZ$40.60), mainly parking.",other;fee,33.8034,1,,False
66,14,CAR_0800,CAR,480,standing,,,,33.0193,1,495,False
67,14,WFH,WFH,,standing,,,,22.0714,1,,False
68,14,CAR_0715,CAR,435,standing,,,,21.9675,1,465,False
69,14,CAR_0915,CAR,555,standing,,,,27.2711,1,570,False
70,14,WFH,WFH,,standing,,,,17.2841,1,,False
71,14,PT,PT,,standing,,,,32.5316,1,495,False
72,14,CAR_0700,CAR,420,standing,,,,13.8741,1,435,False
73,14,PT,PT,,standing,,,,31.0466,1,525,False
74,14,PT,PT,,standing,,,,22.7657,1,540,False
75,14,PT,PT,,standing,,,,24.4691,1,555,False
76,14,CAR_0730,CAR,450,standing,,,,18.008,1,480,False
77,14,CAR_0700,CAR,420,standing,,,,24.5877,1,435,False
78,14,CAR_0945,CAR,585,standing,,,,23.416,1,585,False
79,14,SKIP,SKIP,,rule,T6,"Chose to skip the trip over drive at 07:45: lowest total cost (NZ$39.51 vs NZ$46.55), mainly parking.",other;fee,39.5143,1,,False
80,14,CAR_0800,CAR,480,standing,,,,22.6057,1,495,False
81,14,CAR_0700,CAR,420,standing,,,,30.0353,1,435,False
82,14,PT,PT,,standing,,,,17.6253,1,510,False
83,14,WFH,WFH,,standing,,,,21.7228,1,,False
84,14,CAR_0730,CAR,450,standing,,,,17.5061,1,465,False
85,14,PT,PT,,standing,,,,23.8139,1,525,False
86,14,CAR_0700,CAR,420,standing,,,,11.9825,1,435,False
87,14,CAR_0715,CAR,435,standing,,,,13.7458,1,450,False
88,14,CAR_0745,CAR,465,standing,,,,6.9642,2,510,False
89,14,CAR_0700,CAR,420,standing,,,,2.6985,1,465,False
90,14,PT,PT,,standing,,,,19.7719,1,525,False
91,14,CAR_0745,CAR,465,standing,,,,35.8079,1,495,False
92,14,CAR_0730,CAR,450,standing,,,,14.1066,1,495,False
93,14,CAR_0700,CAR,420,standing,,,,10.0174,1,435,False
94,14,CAR_0915,CAR,555,standing,,,,17.058,1,570,False
95,14,CAR_0830,CAR,510,standing,,,,22.6823,1,540,False
96,14,CAR_0730,CAR,450,standing,,,,39.5312,5,465,False
97,14,CAR_0845,CAR,525,standing,,,,41.9035,2,555,False
98,14,PT,PT,,standing,,,,18.8005,1,525,False
99,14,CAR_0730,CAR,450,standing,,,,28.6301,3,480,False
100,14,CAR_0745,CAR,465,standing,,,,17.8683,1,495,False
101,14,CAR_0830,CAR,510,standing,,,,18.166,1,525,False
102,14,PT,PT,,standing,,,,24.2136,1,510,False
103,14,CAR_0800,CAR,480,standing,,,,18.8681,1,495,False
104,14,CAR_0715,CAR,435,standing,,,,16.5602,1,480,False
105,14,CAR_0700,CAR,420,standing,,,,1.5703,1,435,False
106,14,WFH,WFH,,standing,,,,16.8006,1,,False
107,14,CAR_0830,CAR,510,standing,,,,20.3304,3,540,False
108,14,CAR_0815,CAR,495,standing,,,,22.95,2,525,False
109,14,CAR_0845,CAR,525,standing,,,,4.0241,1,540,False
110,14,CAR_0845,CAR,525,standing,,,,12.9937,1,540,False
111,14,CAR_0930,CAR,570,standing,,,,7.5726,1,570,False
112,14,CAR_0700,CAR,420,standing,,,,19.0165,1,450,False
113,14,PT,PT,,standing,,,,27.1744,1,555,False
114,14,PT,PT,,standing,,,,20.2778,1,570,False
115,14,CAR_0815,CAR,495,standing,,,,8.1626,1,510,False
116,14,PT,PT,,standing,,,,19.8053,1,480,False
117,14,CAR_0730,CAR,450,standing,,,,3.7182,1,480,False
118,14,CAR_0915,CAR,555,standing,,,,4.455,1,570,False
119,14,PT,PT,,standing,,,,19.5064,1,495,False
120,14,CAR_0700,CAR,420,standing,,,,14.8597,1,435,False
121,14,CAR_0845,CAR,525,standing,,,,22.0869,1,540,False
122,14,CAR_0915,CAR,555,standing,,,,27.5514,1,570,False
123,14,PT,PT,,standing,,,,22.2612,1,435,False
124,14,CAR_0645,CAR,405,standing,,,,12.3026,1,420,False
125,14,CAR_0630,CAR,390,standing,,,,2.2028,1,495,False
126,14,CAR_0830,CAR,510,standing,,,,30.5021,1,525,False
127,14,PT,PT,,standing,,,,22.0984,1,510,False
128,14,CAR_0730,CAR,450,standing,,,,26.4521,1,465,False
129,14,PT,PT,,standing,,,,20.9459,1,450,False
130,14,CAR_0845,CAR,525,standing,,,,26.8948,1,540,False
131,14,CAR_0730,CAR,450,standing,,,,16.0889,2,465,False
132,14,CAR_0645,CAR,405,standing,,,,34.4389,5,420,True
133,14,CAR_0645,CAR,405,standing,,,,20.4562,1,420,True
134,14,CAR_0800,CAR,480,standing,,,,20.1913,1,510,False
135,14,CAR_0800,CAR,480,standing,,,,22.9831,1,525,False
136,14,WFH,WFH,,standing,,,,12.7425,1,,False
137,14,CAR_0715,CAR,435,standing,,,,10.2788,1,480,False
138,14,CAR_0645,CAR,405,standing,,,,25.6755,1,510,False
139,14,CAR_0845,CAR,525,standing,,,,3.4414,1,540,False
140,14,CAR_0700,CAR,420,standing,,,,2.0563,1,435,False
141,14,PT,PT,,standing,,,,21.5018,1,420,False
142,14,CAR_0800,CAR,480,standing,,,,10.1433,1,495,False
143,14,CAR_0745,CAR,465,standing,,,,2.745,1,480,False
144,14,CAR_0715,CAR,435,standing,,,,13.9254,1,495,False
145,14,CAR_0700,CAR,420,standing,,,,2.122,1,435,False
146,14,PT,PT,,standing,,,,22.6123,1,495,False
147,14,PT,PT,,standing,,,,37.6092,1,525,False
148,14,CAR_0845,CAR,525,standing,,,,35.276,1,555,False
149,14,CAR_0845,CAR,525,standing,,,,22.9045,1,540,False
150,14,CAR_0900,CAR,540,standing,,,,23.9229,1,555,False
151,14,CAR_0745,CAR,465,standing,,,,13.5373,1,480,False
152,14,CAR_0730,CAR,450,standing,,,,23.3808,1,495,False
153,14,WFH,WFH,,standing,,,,30.0462,1,,False
154,14,CAR_0900,CAR,540,standing,,,,12.7079,1,555,False
155,14,WFH,WFH,,standing,,,,18.73,1,,False
156,14,PT,PT,,standing,,,,27.5756,1,480,False
157,14,CAR_0715,CAR,435,standing,,,,14.6593,1,450,False
158,14,PT,PT,,standing,,,,30.699,1,525,False
159,14,CAR_0730,CAR,450,standing,,,,21.4668,1,495,False
160,14,CAR_0915,CAR,555,standing,,,,24.5535,1,585,False
161,14,SKIP,SKIP,,rule,T6,"Chose to skip the trip over take PT: lowest total cost (NZ$35.53 vs NZ$43.54), mainly the PT trip.",pt;arrival_time,35.5316,1,,False
162,14,CAR_0645,CAR,405,standing,,,,20.3952,1,420,True
163,14,CAR_0830,CAR,510,standing,,,,40.6689,1,525,False
164,14,PT,PT,,standing,,,,29.2125,1,465,False
165,14,CAR_0830,CAR,510,standing,,,,21.5175,1,540,False
166,14,CAR_0845,CAR,525,standing,,,,34.3436,1,540,False
167,14,CAR_0745,CAR,465,standing,,,,17.6576,1,480,False
168,14,CAR_0900,CAR,540,standing,,,,15.2401,1,555,False
169,14,CAR_0730,CAR,450,standing,,,,16.8787,1,480,False
170,14,PT,PT,,standing,,,,29.4029,1,495,False
171,14,CAR_0815,CAR,495,standing,,,,14.6498,1,525,False
172,14,PT,PT,,standing,,,,30.4469,1,540,False
173,14,CAR_0845,CAR,525,standing,,,,11.1687,1,540,False
174,14,CAR_0645,CAR,405,standing,,,,23.6493,1,435,False
175,14,CAR_0700,CAR,420,standing,,,,33.1896,1,435,False
176,14,CAR_0715,CAR,435,standing,,,,27.8179,1,525,False
177,14,PT,PT,,standing,,,,23.8378,1,510,False
178,14,PT,PT,,standing,,,,17.8326,1,510,False
179,14,WFH,WFH,,standing,,,,20.0282,1,,False
180,14,PT,PT,,standing,,,,19.9963,1,465,False
181,14,CAR_0915,CAR,555,standing,,,,29.4156,1,570,False
182,14,CAR_0830,CAR,510,standing,,,,34.088,1,525,False
183,14,PT,PT,,standing,,,,18.8997,1,480,False
184,14,CAR_0745,CAR,465,standing,,,,3.4548,1,480,False
185,14,PT,PT,,standing,,,,25.7801,1,525,False
186,14,CAR_0715,CAR,435,standing,,,,16.3806,1,465,False
187,14,CAR_0745,CAR,465,standing,,,,24.2716,1,495,False
188,14,CAR_0715,CAR,435,standing,,,,10.367,1,495,False
189,14,PT,PT,,standing,,,,26.5357,1,450,False
190,14,CAR_0900,CAR,540,standing,,,,29.7405,1,555,False
191,14,CAR_0900,CAR,540,standing,,,,21.1097,1,570,False
192,14,PT,PT,,standing,,,,23.7715,1,420,False
193,14,PT,PT,,standing,,,,28.5828,1,540,False
194,14,WFH,WFH,,standing,,,,16.2509,1,,False
195,14,CAR_0715,CAR,435,standing,,,,15.2753,1,480,False
196,14,CAR_0730,CAR,450,standing,,,,23.1226,1,465,False
197,14,CAR_0700,CAR,420,standing,,,,13.2538,1,435,False
198,14,CAR_0730,CAR,450,standing,,,,16.8009,1,465,False
199,14,CAR_0645,CAR,405,standing,,,,21.0185,1,420,True
200,14,CAR_0630,CAR,390,standing,,,,23.2648,1,420,True
201,14,PT,PT,,standing,,,,34.4781,1,465,False
202,14,CAR_0715,CAR,435,standing,,,,18.4499,1,465,False
203,14,PT,PT,,standing,,,,29.0144,1,555,False
204,14,PT,PT,,standing,,,,29.08,1,495,False
205,14,CAR_0915,CAR,555,standing,,,,15.6398,1,570,False
206,14,CAR_0645,CAR,405,standing,,,,20.8782,1,420,True
207,14,PT,PT,,standing,,,,31.0478,1,495,False
208,14,CAR_0730,CAR,450,standing,,,,30.1311,6,495,False
209,14,CAR_0700,CAR,420,standing,,,,4.0648,1,435,False
210,14,PT,PT,,standing,,,,30.1751,1,555,False
211,14,CAR_0930,CAR,570,standing,,,,26.9808,1,585,False
212,14,PT,PT,,standing,,,,32.0036,1,540,False
213,14,CAR_0630,CAR,390,standing,,,,28.5229,1,420,True
214,14,PT,PT,,standing,,,,24.9724,1,555,False
215,14,PT,PT,,standing,,,,22.281,1,525,False
216,14,CAR_0730,CAR,450,standing,,,,11.6629,1,495,False
217,14,CAR_0645,CAR,405,standing,,,,47.3886,5,420,True
218,14,SKIP,SKIP,,rule,T6,"Chose to skip the trip over drive at 07:45: lowest total cost (NZ$42.00 vs NZ$49.36), mainly fuel.",other;fee,42.0026,1,,False
219,14,CAR_0700,CAR,420,standing,,,,31.4863,5,420,True
220,14,CAR_0845,CAR,525,standing,,,,16.842,1,540,False
221,14,CAR_0730,CAR,450,standing,,,,17.6241,1,465,False
222,14,CAR_0715,CAR,435,standing,,,,13.9612,1,450,False
223,14,PT,PT,,standing,,,,28.7841,1,480,False
224,14,CAR_0815,CAR,495,standing,,,,22.5212,1,525,False
225,14,CAR_0700,CAR,420,standing,,,,32.7372,1,435,False
226,14,CAR_0930,CAR,570,rule,T3,"Chose to drive at 09:30 over drive at 09:15: lowest total cost (NZ$29.40 vs NZ$31.67), mainly changing routine.",habit;fee;travel_time,29.4005,1,570,False
227,14,CAR_0830,CAR,510,standing,,,,28.927,1,540,False
228,14,CAR_0645,CAR,405,standing,,,,7.6461,1,420,False
229,14,PT,PT,,standing,,,,24.5162,1,525,False
230,14,CAR_0700,CAR,420,standing,,,,18.1782,1,450,False
231,14,CAR_0700,CAR,420,standing,,,,15.2869,1,435,False
232,14,CAR_0845,CAR,525,standing,,,,17.5686,1,540,False
233,14,CAR_0745,CAR,465,standing,,,,37.1517,2,495,False
234,14,CAR_0730,CAR,450,standing,,,,22.6453,3,480,False
235,14,CAR_0730,CAR,450,standing,,,,47.6697,4,480,False
236,14,CAR_0915,CAR,555,standing,,,,25.3789,1,570,False
237,14,PT,PT,,standing,,,,30.464,5,525,False
238,14,CAR_0730,CAR,450,standing,,,,23.9803,2,495,False
239,14,PT,PT,,standing,,,,32.2377,1,525,False
240,14,CAR_0645,CAR,405,standing,,,,13.1524,1,420,False
241,14,CAR_0715,CAR,435,standing,,,,22.2162,3,450,False
242,14,CAR_0900,CAR,540,standing,,,,27.6671,1,555,False
243,14,PT,PT,,standing,,,,21.3375,1,540,False
244,14,CAR_0700,CAR,420,standing,,,,25.341,2,450,False
245,14,CAR_0830,CAR,510,standing,,,,3.7721,2,510,False
246,14,CAR_0945,CAR,585,standing,,,,30.8214,1,600,False
247,14,CAR_0645,CAR,405,standing,,,,21.8137,1,420,True
248,14,CAR_0915,CAR,555,standing,,,,30.1117,1,570,False
249,14,CAR_0830,CAR,510,standing,,,,16.001,1,525,False
250,14,PT,PT,,standing,,,,31.7548,1,540,False
251,14,CAR_0815,CAR,495,standing,,,,26.9397,1,510,False
252,14,CAR_0700,CAR,420,standing,,,,43.0569,1,450,False
253,14,CAR_0845,CAR,525,standing,,,,14.8743,1,540,False
254,14,PT,PT,,standing,,,,23.0579,1,495,False
255,14,PT,PT,,standing,,,,31.6005,1,465,False
256,14,WFH,WFH,,standing,,,,42.355,1,,False
257,14,CAR_0730,CAR,450,standing,,,,12.1186,1,465,False
258,14,CAR_0700,CAR,420,standing,,,,15.0675,1,435,False
259,14,SKIP,SKIP,,rule,T6,"Chose to skip the trip over drive at 07:45: lowest total cost (NZ$38.75 vs NZ$43.36), mainly parking.",other;fee,38.7517,1,,False
260,14,PT,PT,,standing,,,,21.93,1,510,False
261,14,CAR_0830,CAR,510,standing,,,,30.9634,1,525,False
262,14,PT,PT,,standing,,,,31.2307,1,510,False
263,14,PT,PT,,standing,,,,32.0327,1,465,False
264,14,CAR_0915,CAR,555,standing,,,,8.3028,1,555,False
265,14,CAR_0915,CAR,555,standing,,,,29.9007,1,570,False
266,14,CAR_0815,CAR,495,standing,,,,31.721,1,510,False
267,14,CAR_0830,CAR,510,standing,,,,32.9107,1,525,False
268,14,CAR_0645,CAR,405,standing,,,,41.5686,1,420,True
269,14,CAR_0845,CAR,525,standing,,,,45.6883,1,555,False
270,14,WFH,WFH,,standing,,,,36.5391,1,,False
271,14,CAR_0715,CAR,435,standing,,,,20.5271,1,450,False
272,14,CAR_0715,CAR,435,standing,,,,10.199,1,450,False
273,14,PT,PT,,standing,,,,32.2387,1,510,False
274,14,SKIP,SKIP,,rule,T6,"Chose to skip the trip over drive at 08:15: lowest total cost (NZ$34.45 vs NZ$38.99), mainly fuel.",other;fee,34.4459,1,,False
275,14,CAR_0700,CAR,420,standing,,,,15.5862,1,495,False
276,14,CAR_0645,CAR,405,standing,,,,21.1281,1,420,True
277,14,CAR_0745,CAR,465,standing,,,,13.3673,4,480,False
278,14,PT,PT,,standing,,,,24.4987,1,525,False
279,14,CAR_0915,CAR,555,standing,,,,27.8043,1,570,False
280,14,CAR_0830,CAR,510,standing,,,,33.0217,1,525,False
281,14,PT,PT,,standing,,,,22.2882,1,495,False
282,14,PT,PT,,standing,,,,26.3611,1,525,False
283,14,CAR_0900,CAR,540,standing,,,,19.785,1,555,False
284,14,PT,PT,,standing,,,,24.2399,1,585,False
285,14,PT,PT,,standing,,,,25.46,1,495,False
286,14,CAR_0715,CAR,435,standing,,,,33.439,1,450,False
287,14,PT,PT,,standing,,,,18.5869,1,600,False
288,14,CAR_0715,CAR,435,standing,,,,20.7892,1,555,False
289,14,PT,PT,,standing,,,,21.6997,1,495,False
290,14,CAR_0745,CAR,465,standing,,,,15.4803,1,480,False
291,14,CAR_0815,CAR,495,standing,,,,18.0922,1,510,False
292,14,CAR_0800,CAR,480,standing,,,,1.3233,1,510,False
293,14,PT,PT,,standing,,,,31.9657,1,525,False
294,14,WFH,WFH,,standing,,,,14.8241,1,,False
295,14,PT,PT,,standing,,,,19.378,1,480,False
296,14,PT,PT,,standing,,,,33.8008,3,495,False
297,14,CAR_0645,CAR,405,standing,,,,17.8452,1,465,False
298,14,PT,PT,,standing,,,,30.5886,1,540,False
299,14,CAR_0715,CAR,435,standing,,,,18.1865,1,495,False
0,15,WFH,WFH,,standing,,,,34.8391,1,,False
1,15,CAR_0715,CAR,435,standing,,,,20.2945,1,450,False
2,15,CAR_0715,CAR,435,standing,,,,10.4847,1,450,False
3,15,CAR_0815,CAR,495,standing,,,,34.7188,1,510,False
4,15,PT,PT,,standing,,,,29.5959,1,525,False
5,15,CAR_0730,CAR,450,standing,,,,18.7447,3,495,False
6,15,WFH,WFH,,standing,,,,20.4213,2,,False
7,15,CAR_0745,CAR,465,standing,,,,12.4838,1,480,False
8,15,PT,PT,,standing,,,,19.8437,1,525,False
9,15,CAR_0915,CAR,555,standing,,,,28.1952,1,570,False
10,15,PT,PT,,standing,,,,32.0804,1,525,False
11,15,CAR_0800,CAR,480,standing,,,,31.377,1,495,False
12,15,PT,PT,,standing,,,,35.8003,1,525,False
13,15,CAR_0900,CAR,540,standing,,,,20.1612,1,555,False
14,15,PT,PT,,standing,,,,32.1305,1,585,False
15,15,CAR_0745,CAR,465,standing,,,,40.262,2,495,False
16,15,PT,PT,,standing,,,,23.8509,1,450,False
17,15,CAR_0945,CAR,585,standing,,,,28.0078,1,600,False
18,15,CAR_0945,CAR,585,rule,T3,"Chose to drive at 09:45 over drive at 09:30: lowest total cost (NZ$20.41 vs NZ$22.80), mainly changing routine.",habit,20.4082,1,555,False
19,15,CAR_0800,CAR,480,standing,,,,29.8155,1,495,False
20,15,CAR_0745,CAR,465,standing,,,,17.2748,1,480,False
21,15,CAR_0815,CAR,495,standing,,,,17.465,1,510,False
22,15,CAR_0730,CAR,450,standing,,,,2.7175,5,510,False
23,15,PT,PT,,standing,,,,23.612,1,525,False
24,15,CAR_0715,CAR,435,standing,,,,15.1647,1,465,False
25,15,PT,PT,,standing,,,,23.4377,1,480,False
26,15,PT,PT,,standing,,,,20.602,1,495,False
27,15,CAR_0730,CAR,450,standing,,,,17.6524,1,465,False
28,15,PT,PT,,standing,,,,23.2635,1,540,False
29,15,CAR_0715,CAR,435,standing,,,,19.2345,1,495,False
30,15,CAR_0815,CAR,495,standing,,,,31.9956,1,525,False
31,15,CAR_0815,CAR,495,standing,,,,35.6796,1,525,False
32,15,CAR_0745,CAR,465,standing,,,,23.0783,1,510,False
33,15,CAR_0745,CAR,465,standing,,,,18.2901,1,495,False
34,15,PT,PT,,standing,,,,19.2138,1,495,False
35,15,CAR_0800,CAR,480,standing,,,,36.4276,2,510,False
36,15,CAR_0745,CAR,465,standing,,,,2.3891,1,480,False
37,15,PT,PT,,standing,,,,21.2526,1,510,False
38,15,CAR_0700,CAR,420,standing,,,,22.4652,1,450,False
39,15,PT,PT,,standing,,,,22.5886,1,480,False
40,15,CAR_0700,CAR,420,standing,,,,22.583,1,435,False
41,15,CAR_0630,CAR,390,standing,,,,10.3266,2,420,True
42,15,CAR_0800,CAR,480,standing,,,,20.6245,1,525,False
43,15,PT,PT,,standing,,,,32.3088,1,540,False
44,15,CAR_0730,CAR,450,standing,,,,14.8689,1,465,False
45,15,CAR_0700,CAR,420,standing,,,,14.697,1,435,False
46,15,CAR_0845,CAR,525,standing,,,,16.8654,1,540,False
47,15,CAR_0715,CAR,435,standing,,,,7.652,1,450,False
48,15,PT,PT,,standing,,,,19.7335,1,510,False
49,15,WFH,WFH,,standing,,,,12.2018,1,,False
50,15,PT,PT,,standing,,,,28.863,1,510,False
51,15,CAR_0815,CAR,495,standing,,,,24.0682,1,525,False
52,15,PT,PT,,standing,,,,24.4912,1,525,False
53,15,CAR_0645,CAR,405,standing,,,,17.4862,1,420,True
54,15,CAR_0715,CAR,435,standing,,,,8.2572,1,450,False
55,15,CAR_0700,CAR,420,standing,,,,1.257,1,435,False
56,15,CAR_0830,CAR,510,standing,,,,9.8828,1,525,False
57,15,CAR_0715,CAR,435,standing,,,,23.8841,1,450,False
58,15,CAR_0815,CAR,495,standing,,,,13.9298,1,510,False
59,15,CAR_0715,CAR,435,standing,,,,21.213,1,510,False
60,15,PT,PT,,standing,,,,20.9782,1,465,False
61,15,CAR_0815,CAR,495,standing,,,,37.905,4,510,False
62,15,CAR_0730,CAR,450,standing,,,,31.8884,1,480,False
63,15,WFH,WFH,,standing,,,,27.268,5,,False
64,15,PT,PT,,standing,,,,33.1718,1,465,False
65,15,SKIP,SKIP,,rule,T6,"Chose to skip the trip over drive at 08:00: lowest total cost (NZ$33.80 vs NZ$40.14), mainly parking.",other;fee,33.8034,1,,False
66,15,CAR_0800,CAR,480,standing,,,,32.865,1,495,False
67,15,WFH,WFH,,standing,,,,22.0714,1,,False
68,15,CAR_0715,CAR,435,standing,,,,21.54,1,465,False
69,15,CAR_0915,CAR,555,standing,,,,26.9313,1,570,False
70,15,WFH,WFH,,standing,,,,17.2841,1,,False
71,15,PT,PT,,standing,,,,32.5316,1,495,False
72,15,CAR_0700,CAR,420,standing,,,,13.6683,1,435,False
73,15,PT,PT,,standing,,,,31.0466,1,525,False
74,15,PT,PT,,standing,,,,22.7657,1,540,False
75,15,PT,PT,,standing,,,,24.4691,1,555,False
76,15,CAR_0730,CAR,450,standing,,,,18.008,1,480,False
77,15,CAR_0700,CAR,420,standing,,,,24.3819,1,435,False
78,15,CAR_0945,CAR,585,standing,,,,23.416,1,585,False
79,15,SKIP,SKIP,,rule,T6,"Chose to skip the trip over drive at 07:45: lowest total cost (NZ$39.51 vs NZ$45.94), mainly parking.",other;fee,39.5143,1,,False
80,15,CAR_0800,CAR,480,standing,,,,22.4514,1,495,False
81,15,CAR_0700,CAR,420,standing,,,,29.8235,1,435,False
82,15,PT,PT,,standing,,,,17.6253,1,510,False
83,15,WFH,WFH,,standing,,,,21.7228,1,,False
84,15,CAR_0730,CAR,450,standing,,,,17.2766,1,465,False
85,15,PT,PT,,standing,,,,23.8139,1,525,False
86,15,CAR_0700,CAR,420,standing,,,,11.9825,1,435,False
87,15,CAR_0715,CAR,435,standing,,,,13.639,1,450,False
88,15,CAR_0745,CAR,465,standing,,,,6.9642,2,510,False
89,15,CAR_0700,CAR,420,standing,,,,2.6994,1,465,False
90,15,PT,PT,,standing,,,,19.7719,1,525,False
91,15,CAR_0745,CAR,465,standing,,,,35.5161,1,495,False
92,15,CAR_0730,CAR,450,standing,,,,13.6579,1,495,False
93,15,CAR_0700,CAR,420,standing,,,,9.7566,1,435,False
94,15,CAR_0915,CAR,555,standing,,,,16.9453,1,570,False
95,15,CAR_0830,CAR,510,standing,,,,22.6812,1,540,False
96,15,CAR_0730,CAR,450,standing,,,,37.2811,5,465,False
97,15,CAR_0845,CAR,525,standing,,,,41.5968,2,555,False
98,15,PT,PT,,standing,,,,18.8005,1,525,False
99,15,CAR_0730,CAR,450,standing,,,,25.6841,2,480,False
100,15,CAR_0745,CAR,465,standing,,,,17.8742,1,495,False
101,15,CAR_0830,CAR,510,standing,,,,17.8581,1,525,False
102,15,PT,PT,,standing,,,,24.2136,1,510,False
103,15,CAR_0800,CAR,480,standing,,,,18.4051,1,495,False
104,15,CAR_0715,CAR,435,standing,,,,16.3337,1,480,False
105,15,CAR_0700,CAR,420,standing,,,,1.5685,1,435,False
106,15,WFH,WFH,,standing,,,,16.8006,1,,False
107,15,CAR_0830,CAR,510,standing,,,,20.0012,3,540,False
108,15,CAR_0815,CAR,495,standing,,,,22.6413,2,525,False
109,15,CAR_0845,CAR,525,standing,,,,4.0241,1,540,False
110,15,CAR_0845,CAR,525,standing,,,,12.8394,1,540,False
111,15,CAR_0930,CAR,570,standing,,,,7.4677,1,570,False
112,15,CAR_0700,CAR,420,standing,,,,18.8113,1,450,False
113,15,PT,PT,,standing,,,,27.1744,1,555,False
114,15,PT,PT,,standing,,,,20.2778,1,570,False
115,15,CAR_0815,CAR,495,standing,,,,8.1841,1,510,False
116,15,PT,PT,,standing,,,,19.8053,1,480,False
117,15,CAR_0730,CAR,450,standing,,,,3.7198,1,480,False
118,15,CAR_0915,CAR,555,standing,,,,4.4545,1,570,False
119,15,PT,PT,,standing,,,,19.5064,1,495,False
120,15,CAR_0700,CAR,420,standing,,,,14.8582,1,435,False
121,15,CAR_0845,CAR,525,standing,,,,21.9305,1,540,False
122,15,CAR_0915,CAR,555,standing,,,,27.4371,1,570,False
123,15,PT,PT,,standing,,,,22.2612,1,435,False
124,15,CAR_0645,CAR,405,standing,,,,12.0968,1,420,False
125,15,CAR_0630,CAR,390,standing,,,,2.2028,1,495,False
126,15,CAR_0830,CAR,510,standing,,,,30.1934,1,525,False
127,15,PT,PT,,standing,,,,22.0984,1,510,False
128,15,CAR_0730,CAR,450,standing,,,,26.0983,1,465,False
129,15,PT,PT,,standing,,,,20.9459,1,450,False
130,15,CAR_0845,CAR,525,standing,,,,26.593,1,540,False
131,15,CAR_0730,CAR,450,standing,,,,15.9214,2,465,False
132,15,CAR_0645,CAR,405,standing,,,,34.2895,5,420,True
133,15,CAR_0645,CAR,405,standing,,,,20.1361,1,420,True
134,15,CAR_0800,CAR,480,standing,,,,19.8826,1,510,False
135,15,CAR_0800,CAR,480,standing,,,,22.8287,1,525,False
136,15,WFH,WFH,,standing,,,,12.7425,1,,False
137,15,CAR_0715,CAR,435,standing,,,,9.977,1,480,False
138,15,CAR_0645,CAR,405,standing,,,,25.6748,1,510,False
139,15,CAR_0845,CAR,525,standing,,,,3.4414,1,540,False
140,15,CAR_0700,CAR,420,standing,,,,2.0563,1,435,False
141,15,PT,PT,,standing,,,,21.5018,1,420,False
142,15,CAR_0800,CAR,480,standing,,,,9.8346,1,495,False
143,15,CAR_0745,CAR,465,standing,,,,2.7695,1,480,False
144,15,CAR_0715,CAR,435,standing,,,,13.8118,1,495,False
145,15,CAR_0700,CAR,420,standing,,,,2.1214,1,435,False
146,15,PT,PT,,standing,,,,22.6123,1,495,False
147,15,PT,PT,,standing,,,,37.6092,1,525,False
148,15,CAR_0845,CAR,525,standing,,,,34.9673,1,555,False
149,15,CAR_0845,CAR,525,standing,,,,22.7502,1,540,False
150,15,CAR_0900,CAR,540,standing,,,,23.6588,1,555,False
151,15,CAR_0745,CAR,465,standing,,,,13.2655,1,480,False
152,15,CAR_0730,CAR,450,standing,,,,23.3808,1,495,False
153,15,WFH,WFH,,standing,,,,30.0462,1,,False
154,15,CAR_0900,CAR,540,standing,,,,12.1146,1,555,False
155,15,WFH,WFH,,standing,,,,18.73,2,,False
156,15,PT,PT,,standing,,,,27.5756,1,480,False
157,15,CAR_0715,CAR,435,standing,,,,14.5588,1,450,False
158,15,PT,PT,,standing,,,,30.699,1,525,False
159,15,CAR_0730,CAR,450,standing,,,,21.1543,1,495,False
160,15,CAR_0915,CAR,555,standing,,,,24.4506,1,585,False
161,15,SKIP,SKIP,,rule,T6,"Chose to skip the trip over take PT: lowest total cost (NZ$35.53 vs NZ$43.54), mainly the PT trip.",pt;arrival_time,35.5316,1,,False
162,15,CAR_0645,CAR,405,standing,,,,20.3871,1,420,True
163,15,CAR_0830,CAR,510,standing,,,,40.5146,1,525,False
164,15,PT,PT,,standing,,,,29.2125,1,465,False
165,15,CAR_0830,CAR,510,standing,,,,21.2088,1,540,False
166,15,CAR_0845,CAR,525,standing,,,,33.6978,1,540,False
167,15,CAR_0745,CAR,465,standing,,,,17.6576,1,480,False
168,15,CAR_0900,CAR,540,standing,,,,14.808,1,555,False
169,15,CAR_0730,CAR,450,standing,,,,16.6043,1,480,False
170,15,PT,PT,,standing,,,,29.4029,1,495,False
171,15,CAR_0815,CAR,495,standing,,,,14.4957,1,525,False
172,15,PT,PT,,standing,,,,30.4469,1,540,False
173,15,CAR_0845,CAR,525,standing,,,,10.7094,1,540,False
174,15,CAR_0645,CAR,405,standing,,,,23.49,1,435,False
175,15,CAR_0700,CAR,420,standing,,,,32.9828,1,435,False
176,15,CAR_0715,CAR,435,standing,,,,27.6211,1,525,False
177,15,PT,PT,,standing,,,,23.8378,1,510,False
178,15,PT,PT,,standing,,,,17.8326,1,510,False
179,15,WFH,WFH,,standing,,,,20.0282,1,,False
180,15,PT,PT,,standing,,,,19.9963,1,465,False
181,15,CAR_0915,CAR,555,standing,,,,28.9422,1,570,False
182,15,CAR_0830,CAR,510,standing,,,,33.9337,1,525,False
183,15,PT,PT,,standing,,,,18.8997,1,480,False
184,15,CAR_0745,CAR,465,standing,,,,3.4574,1,480,False
185,15,PT,PT,,standing,,,,25.7801,1,525,False
186,15,CAR_0715,CAR,435,standing,,,,16.2597,1,465,False
187,15,CAR_0745,CAR,465,standing,,,,23.9773,1,495,False
188,15,CAR_0715,CAR,435,standing,,,,9.9554,1,495,False
189,15,PT,PT,,standing,,,,26.5357,1,450,False
190,15,CAR_0900,CAR,540,standing,,,,29.6067,1,555,False
191,15,CAR_0900,CAR,540,standing,,,,20.7239,1,570,False
192,15,PT,PT,,standing,,,,23.7715,1,420,False
193,15,PT,PT,,standing,,,,28.5828,1,540,False
194,15,WFH,WFH,,standing,,,,16.2509,1,,False
195,15,CAR_0715,CAR,435,standing,,,,15.1791,1,480,False
196,15,CAR_0730,CAR,450,standing,,,,23.1193,1,465,False
197,15,CAR_0700,CAR,420,standing,,,,13.048,1,435,False
198,15,CAR_0730,CAR,450,standing,,,,16.3195,1,465,False
199,15,CAR_0645,CAR,405,standing,,,,20.9156,1,420,True
200,15,CAR_0630,CAR,390,standing,,,,23.059,1,420,True
201,15,PT,PT,,standing,,,,34.4781,1,465,False
202,15,CAR_0715,CAR,435,standing,,,,18.1924,1,465,False
203,15,PT,PT,,standing,,,,29.0144,1,555,False
204,15,PT,PT,,standing,,,,29.08,1,495,False
205,15,CAR_0915,CAR,555,standing,,,,15.4065,1,570,False
206,15,CAR_0645,CAR,405,standing,,,,20.6639,1,420,True
207,15,PT,PT,,standing,,,,31.0478,1,495,False
208,15,CAR_0800,CAR,480,rule,T5,"Chose to drive at 08:00 over drive at 07:30: lowest total cost (NZ$27.60 vs NZ$29.73), mainly arrival time.",arrival_time;travel_time,27.6032,1,495,False
209,15,CAR_0700,CAR,420,standing,,,,4.0556,1,435,False
210,15,PT,PT,,standing,,,,30.1751,1,555,False
211,15,CAR_0930,CAR,570,standing,,,,26.8779,1,585,False
212,15,PT,PT,,standing,,,,32.0036,1,540,False
213,15,CAR_0630,CAR,390,standing,,,,28.2142,1,420,True
214,15,PT,PT,,standing,,,,24.9724,1,555,False
215,15,PT,PT,,standing,,,,22.281,1,525,False
216,15,CAR_0730,CAR,450,standing,,,,11.3557,1,495,False
217,15,CAR_0645,CAR,405,standing,,,,46.9441,4,420,True
218,15,SKIP,SKIP,,rule,T6,"Chose to skip the trip over drive at 07:45: lowest total cost (NZ$42.00 vs NZ$48.90), mainly fuel.",other;fee,42.0026,1,,False
219,15,CAR_0700,CAR,420,standing,,,,30.7748,3,420,True
220,15,CAR_0845,CAR,525,standing,,,,16.5346,1,540,False
221,15,CAR_0730,CAR,450,standing,,,,17.3771,1,465,False
222,15,CAR_0715,CAR,435,standing,,,,13.7847,1,450,False
223,15,PT,PT,,standing,,,,28.7841,1,480,False
224,15,CAR_0815,CAR,495,standing,,,,22.3565,1,525,False
225,15,CAR_0700,CAR,420,standing,,,,32.3256,1,435,False
226,15,CAR_0930,CAR,570,rule,T3,"Chose to drive at 09:30 over drive at 09:15: lowest total cost (NZ$29.30 vs NZ$31.57), mainly changing routine.",habit;fee;travel_time,29.2976,1,570,False
227,15,CAR_0830,CAR,510,standing,,,,28.7583,1,540,False
228,15,CAR_0645,CAR,405,standing,,,,7.6461,1,420,False
229,15,PT,PT,,standing,,,,24.5162,1,525,False
230,15,CAR_0700,CAR,420,standing,,,,18.0681,1,450,False
231,15,CAR_0700,CAR,420,standing,,,,14.9755,1,435,False
232,15,CAR_0845,CAR,525,standing,,,,17.4142,1,540,False
233,15,CAR_0745,CAR,465,standing,,,,36.8602,2,495,False
234,15,CAR_0730,CAR,450,standing,,,,21.1674,2,480,False
235,15,CAR_0730,CAR,450,standing,,,,46.2802,3,480,False
236,15,CAR_0915,CAR,555,standing,,,,25.0599,1,570,False
237,15,PT,PT,,standing,,,,30.464,6,525,False
238,15,CAR_0730,CAR,450,standing,,,,23.555,2,495,False
239,15,PT,PT,,standing,,,,32.2377,1,525,False
240,15,CAR_0645,CAR,405,standing,,,,12.7393,1,420,False
241,15,CAR_0715,CAR,435,standing,,,,21.5399,3,450,False
242,15,CAR_0900,CAR,540,standing,,,,27.6671,1,555,False
243,15,PT,PT,,standing,,,,21.3375,1,540,False
244,15,CAR_0700,CAR,420,standing,,,,25.2381,2,450,False
245,15,CAR_0830,CAR,510,standing,,,,3.7127,2,510,False
246,15,CAR_0945,CAR,585,standing,,,,30.6156,1,600,False
247,15,CAR_0645,CAR,405,standing,,,,21.7108,1,420,True
248,15,CAR_0915,CAR,555,standing,,,,29.9057,1,570,False
249,15,CAR_0830,CAR,510,standing,,,,15.6921,1,525,False
250,15,PT,PT,,standing,,,,31.7548,1,540,False
251,15,CAR_0815,CAR,495,standing,,,,26.631,1,510,False
252,15,CAR_0700,CAR,420,standing,,,,42.831,1,450,False
253,15,CAR_0845,CAR,525,standing,,,,14.8727,1,540,False
254,15,PT,PT,,standing,,,,23.0579,1,495,False
255,15,PT,PT,,standing,,,,31.6005,1,465,False
256,15,WFH,WFH,,standing,,,,42.355,1,,False
257,15,CAR_0730,CAR,450,standing,,,,12.1176,1,465,False
258,15,CAR_0700,CAR,420,standing,,,,14.8617,1,435,False
259,15,SKIP,SKIP,,rule,T6,"Chose to skip the trip over drive at 07:45: lowest total cost (NZ$38.75 vs NZ$43.21), mainly parking.",other;fee,38.7517,1,,False
260,15,PT,PT,,standing,,,,21.93,1,510,False
261,15,CAR_0830,CAR,510,standing,,,,30.9634,1,525,False
262,15,PT,PT,,standing,,,,31.2307,1,510,False
263,15,PT,PT,,standing,,,,32.0327,1,465,False
264,15,CAR_0915,CAR,555,standing,,,,8.049,1,555,False
265,15,CAR_0915,CAR,555,standing,,,,29.664,1,570,False
266,15,CAR_0815,CAR,495,standing,,,,31.5355,1,510,False
267,15,CAR_0830,CAR,510,standing,,,,32.6117,1,525,False
268,15,CAR_0645,CAR,405,standing,,,,41.3396,1,420,True
269,15,CAR_0845,CAR,525,standing,,,,45.5378,1,555,False
270,15,WFH,WFH,,standing,,,,36.5391,1,,False
271,15,CAR_0715,CAR,435,standing,,,,20.1975,1,450,False
272,15,CAR_0715,CAR,435,standing,,,,10.099,1,450,False
273,15,PT,PT,,standing,,,,32.2387,1,510,False
274,15,SKIP,SKIP,,rule,T6,"Chose to skip the trip over drive at 08:15: lowest total cost (NZ$34.45 vs NZ$38.68), mainly fuel.",other;fee,34.4459,1,,False
275,15,CAR_0700,CAR,420,standing,,,,15.4441,1,495,False
276,15,CAR_0645,CAR,405,standing,,,,21.0252,1,420,True
277,15,CAR_0745,CAR,465,standing,,,,12.9299,4,480,False
278,15,PT,PT,,standing,,,,24.4987,1,525,False
279,15,CAR_0915,CAR,555,standing,,,,27.8017,1,570,False
280,15,CAR_0830,CAR,510,standing,,,,32.5496,1,525,False
281,15,PT,PT,,standing,,,,22.2882,1,495,False
282,15,PT,PT,,standing,,,,26.3611,1,525,False
283,15,CAR_0900,CAR,540,standing,,,,19.5217,1,555,False
284,15,PT,PT,,standing,,,,24.2399,1,585,False
285,15,PT,PT,,standing,,,,25.46,1,495,False
286,15,CAR_0715,CAR,435,standing,,,,33.0519,1,450,False
287,15,PT,PT,,standing,,,,18.5869,1,600,False
288,15,CAR_0715,CAR,435,standing,,,,20.4782,1,555,False
289,15,PT,PT,,standing,,,,21.6997,1,495,False
290,15,CAR_0745,CAR,465,standing,,,,15.262,1,480,False
291,15,CAR_0815,CAR,495,standing,,,,17.7975,1,510,False
292,15,CAR_0800,CAR,480,standing,,,,1.3233,1,510,False
293,15,PT,PT,,standing,,,,31.9657,1,525,False
294,15,WFH,WFH,,standing,,,,14.8241,1,,False
295,15,PT,PT,,standing,,,,19.378,1,480,False
296,15,PT,PT,,standing,,,,33.8008,3,495,False
297,15,CAR_0645,CAR,405,standing,,,,17.7398,1,465,False
298,15,PT,PT,,standing,,,,30.5886,1,540,False
299,15,CAR_0715,CAR,435,standing,,,,18.0741,1,495,False
0,16,WFH,WFH,,rule,T7,"Chose to work from home over drive at 06:45 for the early start: lowest total cost (NZ$34.84 vs NZ$36.91), mainly parking.",other;fee,34.8391,1,,False
1,16,CAR_0715,CAR,435,rule,T7,"Chose to drive at 07:15 over drive at 07:00: lowest total cost (NZ$20.29 vs NZ$23.31), mainly changing routine.",habit;arrival_time,20.2928,1,450,False
2,16,CAR_0715,CAR,435,rule,T7,"Chose to drive at 07:15 over drive at 07:00: lowest total cost (NZ$10.27 vs NZ$13.83), mainly changing routine.",habit;arrival_time,10.2672,1,450,False
3,16,CAR_0815,CAR,495,rule,T7,"Chose to drive at 08:15 over drive at 08:00: lowest total cost (NZ$34.50 vs NZ$35.81), mainly arrival time.",arrival_time,34.5027,1,510,False
4,16,PT,PT,,rule,T7,"Chose to take PT over skip the trip: lowest total cost (NZ$29.60 vs NZ$36.45), mainly missing the day.",work_constraint;habit,29.5959,1,525,False
5,16,CAR_0800,CAR,480,rule,T5,"Chose to drive at 08:00 over drive at 07:30: lowest total cost (NZ$18.30 vs NZ$17.77), mainly travel time.",travel_time;arrival_time,18.2977,3,495,False
6,16,CAR_0630,CAR,390,rule,T7,"Chose to drive at 06:30 for the early start over work from home: lowest total cost (NZ$20.75 vs NZ$20.42), mainly working from home.",flexibility,20.752,3,420,True
7,16,CAR_0745,CAR,465,rule,T7,"Chose to drive at 07:45 over drive at 07:30: lowest total cost (NZ$12.29 vs NZ$12.53), mainly changing routine.",habit;arrival_time,12.2867,1,480,False
8,16,PT,PT,,rule,T7,"Chose to take PT over drive at 07:15: lowest total cost (NZ$19.84 vs NZ$31.80), mainly parking.",other;fee,19.8437,1,525,False
9,16,CAR_0915,CAR,555,rule,T7,"Chose to drive at 09:15 over drive at 09:30: lowest total cost (NZ$28.04 vs NZ$30.72), mainly arrival time.",arrival_time;habit,28.0445,1,570,False
10,16,PT,PT,,rule,T7,"Chose to take PT over drive at 08:30: lowest total cost (NZ$32.08 vs NZ$32.41), mainly parking.",other;fee,32.0804,1,525,False
11,16,CAR_0800,CAR,480,rule,T7,"Chose to drive at 08:00 over drive at 07:15: lowest total cost (NZ$31.27 vs NZ$32.97), mainly changing routine.",habit;arrival_time;travel_time,31.2679,1,495,False
12,16,CAR_0830,CAR,510,rule,T7,"Chose to drive at 08:30 over take PT: lowest total cost (NZ$37.20 vs NZ$35.80), mainly the PT trip.",pt;arrival_time,37.2022,2,525,False
13,16,CAR_0900,CAR,540,rule,T7,"Chose to drive at 09:00 over drive at 06:45 for the early start: lowest total cost (NZ$19.78 vs NZ$21.06), mainly arrival time.",arrival_time;habit,19.7816,1,555,False
14,16,PT,PT,,rule,T7,"Chose to take PT over drive at 09:30: lowest total cost (NZ$32.13 vs NZ$34.23), mainly parking.",other;fee,32.1305,1,585,False
15,16,CAR_0800,CAR,480,rule,T7,"Chose to drive at 08:00 over drive at 07:45: lowest total cost (NZ$39.71 vs NZ$40.26), mainly arrival time.",arrival_time,39.7142,1,495,False
16,16,PT,PT,,rule,T7,"Chose to take PT over drive at 07:15: lowest total cost (NZ$23.85 vs NZ$33.81), mainly parking.",other;fee,23.8509,1,450,False
17,16,CAR_0945,CAR,585,rule,T7,"Chose to drive at 09:45 over drive at 09:30: lowest total cost (NZ$27.79 vs NZ$30.29), mainly changing routine.",habit;arrival_time;travel_time,27.7917,1,600,False
18,16,CAR_0945,CAR,585,rule,T3,"Chose to drive at 09:45 over drive at 09:30: lowest total cost (NZ$20.26 vs NZ$22.65), mainly changing routine.",habit,20.2641,1,555,False
19,16,CAR_0800,CAR,480,rule,T7,"Chose to drive at 08:00 over drive at 07:30: lowest total cost (NZ$29.49 vs NZ$31.35), mainly arrival time.",arrival_time;habit;travel_time,29.4914,1,495,False
20,16,CAR_0745,CAR,465,rule,T7,"Chose to drive at 07:45 over drive at 07:30: lowest total cost (NZ$17.08 vs NZ$28.84), mainly arrival time.",arrival_time;habit,17.0842,1,480,False
21,16,CAR_0815,CAR,495,rule,T7,"Chose to drive at 08:15 over drive at 08:00: lowest total cost (NZ$17.34 vs NZ$23.50), mainly arrival time.",arrival_time;habit,17.3388,1,510,False
22,16,CAR_0830,CAR,510,rule,T7,"Chose to drive at 08:30 over drive at 07:30: lowest total cost (NZ$2.28 vs NZ$2.72), mainly arrival time.",arrival_time;travel_time,2.2848,4,510,False
23,16,PT,PT,,rule,T7,"Chose to take PT over skip the trip: lowest total cost (NZ$23.61 vs NZ$40.50), mainly missing the day.",work_constraint;habit,23.612,1,525,False
24,16,CAR_0715,CAR,435,rule,T7,"Chose to drive at 07:15 over drive at 07:00: lowest total cost (NZ$15.02 vs NZ$18.16), mainly changing routine.",habit;arrival_time,15.0152,1,465,False
25,16,PT,PT,,rule,T7,"Chose to take PT over work from home: lowest total cost (NZ$23.44 vs NZ$32.60), mainly working from home.",flexibility;habit,23.4377,1,480,False
26,16,PT,PT,,rule,T7,"Chose to take PT over drive at 06:45 for the early start: lowest total cost (NZ$20.60 vs NZ$33.45), mainly parking.",other;fee,20.602,1,495,False
27,16,CAR_0730,CAR,450,rule,T7,"Chose to drive at 07:30 over drive at 07:15: lowest total cost (NZ$17.57 vs NZ$19.07), mainly changing routine.",habit;arrival_time;travel_time,17.5655,1,465,False
28,16,PT,PT,,rule,T7,"Chose to take PT over skip the trip: lowest total cost (NZ$23.26 vs NZ$35.85), mainly missing the day.",work_constraint;habit,23.2635,1,540,False
29,16,CAR_0715,CAR,435,rule,T7,"Chose to drive at 07:15 over drive at 07:00: lowest total cost (NZ$18.94 vs NZ$21.35), mainly changing routine.",habit;arrival_time,18.9387,1,495,False
30,16,CAR_0815,CAR,495,rule,T7,"Chose to drive at 08:15 over drive at 06:30 for the early start: lowest total cost (NZ$31.89 vs NZ$34.64), mainly arrival time.",arrival_time;habit,31.8875,1,525,False
31,16,CAR_0815,CAR,495,standing,,,,35.4636,1,525,False
32,16,CAR_0745,CAR,465,rule,T7,"Chose to drive at 07:45 over drive at 07:15: lowest total cost (NZ$22.76 vs NZ$24.28), mainly changing routine.",habit;arrival_time,22.7637,1,510,False
33,16,CAR_0745,CAR,465,rule,T7,"Chose to drive at 07:45 over drive at 08:00: lowest total cost (NZ$18.08 vs NZ$20.28), mainly changing routine.",habit;fee,18.0831,1,495,False
34,16,PT,PT,,rule,T7,"Chose to take PT over drive at 07:45: lowest total cost (NZ$19.21 vs NZ$25.07), mainly fuel.",other;fee;habit,19.2138,1,495,False
35,16,CAR_0815,CAR,495,rule,T7,"Chose to drive at 08:15 over drive at 08:00: lowest total cost (NZ$35.57 vs NZ$36.22), mainly arrival time.",arrival_time;travel_time,35.5726,1,510,False
36,16,CAR_0745,CAR,465,rule,T7,"Chose to drive at 07:45 over drive at 07:30: lowest total cost (NZ$1.65 vs NZ$3.29), mainly changing routine.",habit;travel_time;arrival_time,1.6454,1,480,False
37,16,PT,PT,,rule,T7,"Chose to take PT over drive at 07:30: lowest total cost (NZ$21.25 vs NZ$29.24), mainly parking.",other;fee,21.2526,1,510,False
38,16,CAR_0700,CAR,420,rule,T7,"Chose to drive at 07:00 over drive at 06:45: lowest total cost (NZ$22.17 vs NZ$26.68), mainly changing routine.",habit;arrival_time;travel_time,22.1729,1,450,False
39,16,PT,PT,,rule,T7,"Chose to take PT over drive at 07:15: lowest total cost (NZ$22.59 vs NZ$32.85), mainly parking.",other;fee,22.5886,1,480,False
40,16,CAR_0700,CAR,420,rule,T7,"Chose to drive at 07:00 over drive at 06:45: lowest total cost (NZ$22.44 vs NZ$25.07), mainly arrival time.",arrival_time;habit;travel_time,22.4359,1,435,False
41,16,CAR_0630,CAR,390,rule,T7,"Chose to drive at 06:30 for the early start over drive at 08:00: lowest total cost (NZ$10.33 vs NZ$10.32), mainly changing routine.",habit,10.3266,2,420,True
42,16,CAR_0800,CAR,480,rule,T7,"Chose to drive at 08:00 over drive at 07:15: lowest total cost (NZ$20.41 vs NZ$22.47), mainly changing routine.",habit;arrival_time;travel_time,20.4076,1,525,False
43,16,PT,PT,,rule,T7,"Chose to take PT over drive at 08:45: lowest total cost (NZ$32.31 vs NZ$32.88), mainly parking.",other;fee,32.3088,1,540,False
44,16,CAR_0730,CAR,450,rule,T7,"Chose to drive at 07:30 over drive at 07:15: lowest total cost (NZ$14.70 vs NZ$18.52), mainly changing routine.",habit;arrival_time;travel_time,14.7011,1,465,False
45,16,CAR_0700,CAR,420,rule,T7,"Chose to drive at 07:00 over drive at 06:45: lowest total cost (NZ$14.62 vs NZ$18.73), mainly arrival time.",arrival_time;habit,14.6246,1,435,False
46,16,CAR_0845,CAR,525,rule,T7,"Chose to drive at 08:45 over drive at 06:45 for the early start: lowest total cost (NZ$16.65 vs NZ$18.67), mainly changing routine.",habit;arrival_time;travel_time,16.6493,1,540,False
47,16,CAR_0715,CAR,435,rule,T7,"Chose to drive at 07:15 over drive at 07:00: lowest total cost (NZ$7.67 vs NZ$8.50), mainly changing routine.",habit;arrival_time,7.6652,1,450,False
48,16,PT,PT,,rule,T7,"Chose to take PT over drive at 06:45 for the early start: lowest total cost (NZ$19.73 vs NZ$34.90), mainly parking.",other;fee,19.7335,1,510,False
49,16,WFH,WFH,,rule,T7,"Chose to work from home over drive at 06:45 for the early start: lowest total cost (NZ$12.20 vs NZ$13.91), mainly fuel.",other;fee;travel_time,12.2018,1,,False
50,16,PT,PT,,rule,T7,"Chose to take PT over drive at 07:15: lowest total cost (NZ$28.86 vs NZ$31.45), mainly parking.",other;fee,28.863,1,510,False
51,16,CAR_0815,CAR,495,standing,,,,23.9552,1,525,False
52,16,PT,PT,,rule,T7,"Chose to take PT over drive at 08:30: lowest total cost (NZ$24.49 vs NZ$32.06), mainly parking.",other;fee,24.4912,1,525,False
53,16,CAR_0645,CAR,405,rule,T7,"Chose to drive at 06:45 for the early start over drive at 08:00: lowest total cost (NZ$17.34 vs NZ$17.42), mainly the charge.",fee;travel_time,17.3421,1,420,True
54,16,CAR_0715,CAR,435,rule,T7,"Chose to drive at 07:15 over drive at 07:00: lowest total cost (NZ$8.18 vs NZ$11.04), mainly changing routine.",habit;arrival_time,8.1798,1,450,False
55,16,CAR_0700,CAR,420,rule,T7,"Chose to drive at 07:00 over drive at 06:45: lowest total cost (NZ$1.25 vs NZ$5.03), mainly changing routine.",habit;arrival_time,1.2534,1,435,False
56,16,CAR_0830,CAR,510,rule,T7,"Chose to drive at 08:30 over drive at 08:45: lowest total cost (NZ$9.67 vs NZ$11.42), mainly changing routine.",habit;arrival_time;travel_time,9.6667,1,525,False
57,16,CAR_0715,CAR,435,rule,T7,"Chose to drive at 07:15 over drive at 06:45 for the early start: lowest total cost (NZ$23.88 vs NZ$27.21), mainly changing routine.",habit;arrival_time,23.8834,1,450,False
58,16,CAR_0815,CAR,495,rule,T7,"Chose to drive at 08:15 over drive at 08:00: lowest total cost (NZ$13.80 vs NZ$17.41), mainly changing routine.",habit;arrival_time,13.8045,1,510,False
59,16,CAR_0715,CAR,435,rule,T7,"Chose to drive at 07:15 over drive at 07:00: lowest total cost (NZ$21.04 vs NZ$22.95), mainly changing routine.",habit;arrival_time,21.0448,1,510,False
60,16,PT,PT,,rule,T7,"Chose to take PT over drive at 07:30: lowest total cost (NZ$20.98 vs NZ$36.56), mainly parking.",other;fee,20.9782,1,465,False
61,16,CAR_0730,CAR,450,rule,T7,"Chose to drive at 07:30 over drive at 08:15: lowest total cost (NZ$36.98 vs NZ$37.54), mainly the charge.",fee;travel_time,36.9815,1,510,False
62,16,CAR_0745,CAR,465,rule,T5,"Chose to drive at 07:45 over drive at 07:30: lowest total cost (NZ$30.78 vs NZ$31.45), mainly arrival time.",arrival_time,30.775,1,480,False
63,16,CAR_0830,CAR,510,rule,T7,"Chose to drive at 08:30 over work from home: lowest total cost (NZ$25.33 vs NZ$27.27), mainly working from home.",flexibility,25.3269,1,525,False
64,16,PT,PT,,rule,T7,"Chose to take PT over drive at 07:15: lowest total cost (NZ$33.17 vs NZ$40.85), mainly parking.",other;fee,33.1718,1,465,False
65,16,SKIP,SKIP,,rule,T6,"Chose to skip the trip over drive at 08:00: lowest total cost (NZ$33.80 vs NZ$39.82), mainly parking.",other;fee,33.8034,1,,False
66,16,CAR_0800,CAR,480,rule,T7,"Chose to drive at 08:00 over drive at 07:45: lowest total cost (NZ$32.76 vs NZ$37.27), mainly changing routine.",habit;arrival_time;travel_time,32.7569,1,495,False
67,16,WFH,WFH,,rule,T7,"Chose to work from home over drive at 06:45 for the early start: lowest total cost (NZ$22.07 vs NZ$24.76), mainly fuel.",other;fee;travel_time,22.0714,1,,False
68,16,CAR_0715,CAR,435,rule,T7,"Chose to drive at 07:15 over drive at 07:00: lowest total cost (NZ$21.24 vs NZ$23.71), mainly arrival time.",arrival_time;habit,21.2408,1,465,False
69,16,CAR_0915,CAR,555,rule,T7,"Chose to drive at 09:15 over drive at 09:30: lowest total cost (NZ$26.69 vs NZ$27.89), mainly changing routine.",habit;arrival_time,26.6934,1,570,False
70,16,WFH,WFH,,rule,T7,"Chose to work from home over drive at 08:45: lowest total cost (NZ$17.28 vs NZ$18.29), mainly fuel.",other;fee;travel_time,17.2841,1,,False
71,16,PT,PT,,rule,T7,"Chose to take PT over drive at 08:00: lowest total cost (NZ$32.53 vs NZ$39.41), mainly parking.",other;fee,32.5316,1,495,False
72,16,CAR_0700,CAR,420,rule,T7,"Chose to drive at 07:00 over drive at 06:45: lowest total cost (NZ$13.52 vs NZ$16.06), mainly arrival time.",arrival_time;habit,13.5242,1,435,False
73,16,PT,PT,,rule,T7,"Chose to take PT over drive at 08:30: lowest total cost (NZ$31.05 vs NZ$42.26), mainly parking.",other;fee,31.0466,1,525,False
74,16,PT,PT,,rule,T7,"Chose to take PT over drive at 08:45: lowest total cost (NZ$22.77 vs NZ$29.72), mainly parking.",other;fee;habit,22.7657,1,540,False
75,16,PT,PT,,rule,T7,"Chose to take PT over skip the trip: lowest total cost (NZ$24.47 vs NZ$40.27), mainly missing the day.",work_constraint;habit,24.4691,1,555,False
76,16,CAR_0730,CAR,450,rule,T7,"Chose to drive at 07:30 over drive at 07:15: lowest total cost (NZ$18.01 vs NZ$20.74), mainly changing routine.",habit;arrival_time;travel_time,18.008,1,480,False
77,16,CAR_0700,CAR,420,rule,T7,"Chose to drive at 07:00 over drive at 06:45: lowest total cost (NZ$24.24 vs NZ$26.67), mainly arrival time.",arrival_time;habit,24.2379,1,435,False
78,16,CAR_0945,CAR,585,rule,T7,"Chose to drive at 09:45 over drive at 09:30: lowest total cost (NZ$23.42 vs NZ$24.69), mainly changing routine.",habit;travel_time,23.416,1,585,False
79,16,SKIP,SKIP,,rule,T6,"Chose to skip the trip over drive at 07:45: lowest total cost (NZ$39.51 vs NZ$45.52), mainly parking.",other;fee,39.5143,1,,False
80,16,CAR_0800,CAR,480,rule,T7,"Chose to drive at 08:00 over drive at 07:45: lowest total cost (NZ$22.34 vs NZ$24.19), mainly changing routine.",habit;arrival_time;travel_time,22.3433,1,495,False
81,16,CAR_0700,CAR,420,rule,T7,"Chose to drive at 07:00 over drive at 06:45: lowest total cost (NZ$29.68 vs NZ$34.45), mainly arrival time.",arrival_time;habit,29.6753,1,435,False
82,16,PT,PT,,rule,T7,"Chose to take PT over drive at 07:15: lowest total cost (NZ$17.63 vs NZ$28.62), mainly parking.",other;fee,17.6253,1,510,False
83,16,WFH,WFH,,rule,T7,"Chose to work from home over drive at 09:15: lowest total cost (NZ$21.72 vs NZ$21.58), mainly fuel.",other;fee;travel_time,21.7228,2,,False
84,16,CAR_0730,CAR,450,rule,T7,"Chose to drive at 07:30 over drive at 07:15: lowest total cost (NZ$17.12 vs NZ$21.69), mainly arrival time.",arrival_time;habit;travel_time,17.1159,1,465,False
85,16,PT,PT,,rule,T7,"Chose to take PT over drive at 08:30: lowest total cost (NZ$23.81 vs NZ$38.25), mainly parking.",other;fee,23.8139,1,525,False
86,16,CAR_0700,CAR,420,rule,T7,"Chose to drive at 07:00 over drive at 06:45: lowest total cost (NZ$11.98 vs NZ$18.41), mainly arrival time.",arrival_time;habit;travel_time,11.9825,1,435,False
87,16,CAR_0715,CAR,435,rule,T7,"Chose to drive at 07:15 over drive at 07:00: lowest total cost (NZ$13.56 vs NZ$14.78), mainly arrival time.",arrival_time;habit,13.5643,1,450,False
88,16,CAR_0815,CAR,495,rule,T7,"Chose to drive at 08:15 over drive at 07:45: lowest total cost (NZ$6.69 vs NZ$6.96), mainly arrival time.",arrival_time;travel_time,6.6908,1,510,False
89,16,CAR_0700,CAR,420,rule,T7,"Chose to drive at 07:00 over drive at 07:15: lowest total cost (NZ$2.70 vs NZ$5.15), mainly changing routine.",habit;travel_time,2.7001,1,465,False
90,16,PT,PT,,rule,T7,"Chose to take PT over skip the trip: lowest total cost (NZ$19.77 vs NZ$38.72), mainly missing the day.",work_constraint;habit,19.7719,1,525,False
91,16,CAR_0730,CAR,450,rule,T7,"Chose to drive at 07:30 over drive at 07:45: lowest total cost (NZ$37.28 vs NZ$35.31), mainly the charge.",fee;travel_time,37.2765,3,495,False
92,16,CAR_0730,CAR,450,rule,T7,"Chose to drive at 07:30 over drive at 07:15: lowest total cost (NZ$13.34 vs NZ$16.16), mainly changing routine.",habit;arrival_time,13.3438,1,495,False
93,16,CAR_0700,CAR,420,standing,,,,9.5741,1,435,False
94,16,CAR_0915,CAR,555,rule,T7,"Chose to drive at 09:15 over drive at 09:00: lowest total cost (NZ$16.87 vs NZ$19.96), mainly the charge.",fee;habit;arrival_time,16.8664,1,570,False
95,16,CAR_0830,CAR,510,rule,T7,"Chose to drive at 08:30 over drive at 08:45: lowest total cost (NZ$22.68 vs NZ$24.24), mainly changing routine.",habit,22.6804,1,540,False
96,16,CAR_0715,CAR,435,rule,T7,"Chose to drive at 07:15 over drive at 07:30: lowest total cost (NZ$31.52 vs NZ$33.02), mainly travel time.",travel_time;fee,31.5203,1,465,False
97,16,CAR_0845,CAR,525,rule,T7,"Chose to drive at 08:45 over drive at 09:00: lowest total cost (NZ$41.38 vs NZ$41.14), mainly changing routine.",habit,41.3821,2,555,False
98,16,PT,PT,,rule,T7,"Chose to take PT over drive at 08:30: lowest total cost (NZ$18.80 vs NZ$24.20), mainly parking.",other;fee;habit,18.8005,1,525,False
99,16,CAR_0730,CAR,450,rule,T7,"Chose to drive at 07:30 over drive at 06:45 for the early start: lowest total cost (NZ$22.65 vs NZ$25.33), mainly arrival time.",arrival_time;habit,22.6515,1,480,False
100,16,CAR_0800,CAR,480,rule,T7,"Chose to drive at 08:00 over drive at 07:45: lowest total cost (NZ$19.55 vs NZ$17.88), mainly arrival time.",arrival_time;travel_time,19.5511,6,495,False
101,16,CAR_0830,CAR,510,rule,T7,"Chose to drive at 08:30 over drive at 06:45 for the early start: lowest total cost (NZ$17.64 vs NZ$20.13), mainly arrival time.",arrival_time;habit,17.6425,1,525,False
102,16,PT,PT,,rule,T7,"Chose to take PT over drive at 08:15: lowest total cost (NZ$24.21 vs NZ$30.89), mainly parking.",other;fee,24.2136,1,510,False
103,16,CAR_0800,CAR,480,rule,T7,"Chose to drive at 08:00 over drive at 06:45 for the early start: lowest total cost (NZ$18.08 vs NZ$20.82), mainly arrival time.",arrival_time;habit,18.081,1,495,False
104,16,CAR_0700,CAR,420,rule,T7,"Chose to drive at 07:00 over drive at 07:15: lowest total cost (NZ$17.43 vs NZ$16.18), mainly travel time.",travel_time,17.431,2,480,False
105,16,CAR_0700,CAR,420,rule,T7,"Chose to drive at 07:00 over drive at 06:45: lowest total cost (NZ$1.57 vs NZ$4.31), mainly changing routine.",habit;arrival_time;travel_time,1.5672,1,435,False
106,16,WFH,WFH,,rule,T7,"Chose to work from home over drive at 06:45 for the early start: lowest total cost (NZ$16.80 vs NZ$19.13), mainly fuel.",other;fee;travel_time,16.8006,1,,False
107,16,CAR_0845,CAR,525,rule,T7,"Chose to drive at 08:45 over drive at 08:30: lowest total cost (NZ$17.24 vs NZ$19.94), mainly arrival time.",arrival_time;travel_time,17.2365,1,540,False
108,16,CAR_0830,CAR,510,rule,T7,"Chose to drive at 08:30 over drive at 08:15: lowest total cost (NZ$21.83 vs NZ$22.43), mainly arrival time.",arrival_time,21.8259,1,525,False
109,16,CAR_0845,CAR,525,rule,T7,"Chose to drive at 08:45 over drive at 08:30: lowest total cost (NZ$4.02 vs NZ$8.86), mainly arrival time.",arrival_time;habit;travel_time,4.0241,1,540,False
110,16,CAR_0845,CAR,525,rule,T7,"Chose to drive at 08:45 over drive at 06:45 for the early start: lowest total cost (NZ$12.73 vs NZ$16.48), mainly arrival time.",arrival_time;habit,12.7313,1,540,False
111,16,CAR_0915,CAR,555,rule,T7,"Chose to drive at 09:15 over drive at 09:30: lowest total cost (NZ$8.68 vs NZ$7.39), mainly arrival time.",arrival_time;travel_time,8.6781,2,570,False
112,16,CAR_0700,CAR,420,rule,T7,"Chose to drive at 07:00 over drive at 06:45: lowest total cost (NZ$18.67 vs NZ$19.49), mainly arrival time.",arrival_time;travel_time,18.6677,1,450,False
113,16,PT,PT,,rule,T7,"Chose to take PT over work from home: lowest total cost (NZ$27.17 vs NZ$39.87), mainly working from home.",flexibility;habit,27.1744,1,555,False
114,16,PT,PT,,rule,T7,"Chose to take PT over drive at 09:15: lowest total cost (NZ$20.28 vs NZ$37.14), mainly parking.",other;fee,20.2778,1,570,False
115,16,CAR_0815,CAR,495,rule,T7,"Chose to drive at 08:15 over drive at 08:00: lowest total cost (NZ$8.20 vs NZ$9.78), mainly arrival time.",arrival_time;habit,8.1991,1,510,False
116,16,PT,PT,,rule,T7,"Chose to take PT over drive at 07:15: lowest total cost (NZ$19.81 vs NZ$41.50), mainly parking.",other;fee,19.8053,1,480,False
117,16,CAR_0730,CAR,450,rule,T7,"Chose to drive at 07:30 over drive at 07:45: lowest total cost (NZ$3.72 vs NZ$6.04), mainly changing routine.",habit;arrival_time,3.721,1,480,False
118,16,CAR_0915,CAR,555,rule,T7,"Chose to drive at 09:15 over drive at 09:00: lowest total cost (NZ$4.45 vs NZ$6.90), mainly arrival time.",arrival_time;habit,4.4542,1,570,False
119,16,PT,PT,,rule,T7,"Chose to take PT over skip the trip: lowest total cost (NZ$19.51 vs NZ$38.62), mainly missing the day.",work_constraint;habit,19.5064,1,495,False
120,16,CAR_0700,CAR,420,rule,T7,"Chose to drive at 07:00 over drive at 06:45: lowest total cost (NZ$14.86 vs NZ$21.64), mainly arrival time.",arrival_time;habit,14.8572,1,435,False
121,16,CAR_0845,CAR,525,rule,T7,"Chose to drive at 08:45 over take PT: lowest total cost (NZ$21.82 vs NZ$24.53), mainly the PT trip.",pt;habit,21.821,1,540,False
122,16,CAR_0915,CAR,555,rule,T7,"Chose to drive at 09:15 over drive at 09:30: lowest total cost (NZ$27.36 vs NZ$29.94), mainly changing routine.",habit;arrival_time,27.3571,1,570,False
123,16,PT,PT,,rule,T7,"Chose to take PT over drive at 07:00: lowest total cost (NZ$22.26 vs NZ$30.50), mainly parking.",other;fee,22.2612,1,435,False
124,16,CAR_0645,CAR,405,rule,T7,"Chose to drive at 06:45 over drive at 06:30: lowest total cost (NZ$11.95 vs NZ$16.76), mainly changing routine.",habit;arrival_time,11.9528,1,420,False
125,16,CAR_0630,CAR,390,rule,T7,"Chose to drive at 06:30 over drive at 08:00: lowest total cost (NZ$2.20 vs NZ$3.84), mainly changing routine.",habit,2.2028,1,495,False
126,16,CAR_0830,CAR,510,rule,T7,"Chose to drive at 08:30 over drive at 06:45 for the early start: lowest total cost (NZ$29.98 vs NZ$32.47), mainly arrival time.",arrival_time;habit,29.9773,1,525,False
127,16,PT,PT,,rule,T7,"Chose to take PT over work from home: lowest total cost (NZ$22.10 vs NZ$39.94), mainly working from home.",flexibility;habit,22.0984,1,510,False
128,16,CAR_0730,CAR,450,rule,T7,"Chose to drive at 07:30 over drive at 07:15: lowest total cost (NZ$25.77 vs NZ$28.91), mainly arrival time.",arrival_time;habit,25.7704,1,465,False
129,16,PT,PT,,rule,T7,"Chose to take PT over drive at 07:00: lowest total cost (NZ$20.95 vs NZ$27.99), mainly fuel.",other;fee;travel_time,20.9459,1,450,False
130,16,CAR_0900,CAR,540,rule,T7,"Chose to drive at 09:00 over drive at 08:45: lowest total cost (NZ$29.70 vs NZ$26.38), mainly the charge.",fee,29.7036,8,540,False
131,16,CAR_0730,CAR,450,rule,T7,"Chose to drive at 07:30 over drive at 07:15: lowest total cost (NZ$15.80 vs NZ$14.76), mainly changing routine.",habit,15.8042,2,465,False
132,16,WFH,WFH,,rule,T7,"Chose to work from home over drive at 06:45 for the early start: lowest total cost (NZ$32.98 vs NZ$34.18), mainly fuel.",other;travel_time;arrival_time,32.9848,1,,False
133,16,CAR_0645,CAR,405,rule,T7,"Chose to drive at 06:45 for the early start over drive at 06:30 for the early start: lowest total cost (NZ$19.91 vs NZ$22.85), mainly changing routine.",habit;arrival_time,19.912,1,420,True
134,16,CAR_0800,CAR,480,rule,T7,"Chose to drive at 08:00 over drive at 06:45 for the early start: lowest total cost (NZ$19.67 vs NZ$21.59), mainly changing routine.",habit;arrival_time,19.6665,1,510,False
135,16,CAR_0800,CAR,480,rule,T7,"Chose to drive at 08:00 over drive at 08:30: lowest total cost (NZ$22.72 vs NZ$24.38), mainly changing routine.",habit,22.7207,1,525,False
136,16,WFH,WFH,,rule,T7,"Chose to work from home over drive at 06:45 for the early start: lowest total cost (NZ$12.74 vs NZ$14.00), mainly fuel.",other;fee;travel_time,12.7425,1,,False
137,16,CAR_0715,CAR,435,rule,T7,"Chose to drive at 07:15 over drive at 07:30: lowest total cost (NZ$9.77 vs NZ$11.12), mainly changing routine.",habit;fee;travel_time,9.7657,1,480,False
138,16,CAR_0700,CAR,420,rule,T7,"Chose to drive at 07:00 over drive at 06:45: lowest total cost (NZ$26.07 vs NZ$25.67), mainly arrival time.",arrival_time,26.073,3,510,False
139,16,CAR_0845,CAR,525,rule,T7,"Chose to drive at 08:45 over drive at 08:30: lowest total cost (NZ$3.44 vs NZ$6.69), mainly changing routine.",habit;arrival_time;travel_time,3.4414,1,540,False
140,16,CAR_0700,CAR,420,rule,T7,"Chose to drive at 07:00 over drive at 06:45: lowest total cost (NZ$2.06 vs NZ$4.33), mainly changing routine.",habit;arrival_time;travel_time,2.0563,1,435,False
141,16,PT,PT,,rule,T7,"Chose to take PT over drive at 06:45: lowest total cost (NZ$21.50 vs NZ$25.94), mainly parking.",other;fee;habit,21.5018,1,420,False
142,16,CAR_0800,CAR,480,rule,T7,"Chose to drive at 08:00 over drive at 07:45: lowest total cost (NZ$9.62 vs NZ$10.43), mainly arrival time.",arrival_time;habit,9.6185,1,495,False
143,16,CAR_0730,CAR,450,rule,T7,"Chose to drive at 07:30 over drive at 07:45: lowest total cost (NZ$4.39 vs NZ$2.93), mainly travel time.",travel_time,4.3852,2,480,False
144,16,CAR_0715,CAR,435,rule,T7,"Chose to drive at 07:15 over drive at 08:00: lowest total cost (NZ$13.78 vs NZ$16.05), mainly the charge.",fee;habit,13.7798,1,495,False
145,16,CAR_0700,CAR,420,rule,T7,"Chose to drive at 07:00 over drive at 06:45: lowest total cost (NZ$2.12 vs NZ$5.23), mainly changing routine.",habit;arrival_time;travel_time,2.1209,1,435,False
146,16,PT,PT,,rule,T7,"Chose to take PT over drive at 08:00: lowest total cost (NZ$22.61 vs NZ$40.64), mainly parking.",other;fee,22.6123,1,495,False
147,16,PT,PT,,rule,T7,"Chose to take PT over drive at 08:30: lowest total cost (NZ$37.61 vs NZ$40.21), mainly parking.",other;fee,37.6092,1,525,False
148,16,CAR_0845,CAR,525,rule,T7,"Chose to drive at 08:45 over drive at 09:00: lowest total cost (NZ$34.75 vs NZ$36.24), mainly changing routine.",habit,34.7512,1,555,False
149,16,CAR_0845,CAR,525,rule,T7,"Chose to drive at 08:45 over drive at 08:30: lowest total cost (NZ$22.64 vs NZ$25.66), mainly changing routine.",habit;arrival_time,22.6421,1,540,False
150,16,CAR_0900,CAR,540,rule,T7,"Chose to drive at 09:00 over drive at 06:45 for the early start: lowest total cost (NZ$23.47 vs NZ$28.02), mainly arrival time.",arrival_time;habit;travel_time,23.4739,1,555,False
151,16,CAR_0745,CAR,465,rule,T7,"Chose to drive at 07:45 over drive at 07:30: lowest total cost (NZ$13.08 vs NZ$14.25), mainly changing routine.",habit;arrival_time,13.0752,1,480,False
152,16,CAR_0730,CAR,450,rule,T7,"Chose to drive at 07:30 over drive at 08:00: lowest total cost (NZ$23.38 vs NZ$26.09), mainly changing routine.",habit;fee;travel_time,23.3808,1,495,False
153,16,WFH,WFH,,rule,T7,"Chose to work from home over drive at 06:45 for the early start: lowest total cost (NZ$30.05 vs NZ$31.70), mainly parking.",other;fee,30.0462,1,,False
154,16,CAR_0915,CAR,555,rule,T7,"Chose to drive at 09:15 over drive at 09:00: lowest total cost (NZ$12.04 vs NZ$11.70), mainly the charge.",fee;travel_time,12.0408,2,555,False
155,16,WFH,WFH,,rule,T7,"Chose to work from home over drive at 09:15: lowest total cost (NZ$18.73 vs NZ$18.30), mainly fuel.",other;fee;travel_time,18.73,2,,False
156,16,PT,PT,,rule,T7,"Chose to take PT over drive at 07:45: lowest total cost (NZ$27.58 vs NZ$36.90), mainly parking.",other;fee,27.5756,1,480,False
157,16,CAR_0715,CAR,435,rule,T7,"Chose to drive at 07:15 over drive at 07:00: lowest total cost (NZ$14.49 vs NZ$17.18), mainly changing routine.",habit;arrival_time,14.4885,1,450,False
158,16,PT,PT,,rule,T7,"Chose to take PT over drive at 08:30: lowest total cost (NZ$30.70 vs NZ$38.05), mainly parking.",other;fee,30.699,1,525,False
159,16,CAR_0730,CAR,450,rule,T7,"Chose to drive at 07:30 over drive at 06:45 for the early start: lowest total cost (NZ$20.94 vs NZ$23.09), mainly changing routine.",habit;arrival_time,20.9355,1,495,False
160,16,CAR_0915,CAR,555,rule,T7,"Chose to drive at 09:15 over drive at 09:30: lowest total cost (NZ$24.38 vs NZ$27.08), mainly changing routine.",habit;arrival_time,24.3786,1,585,False
161,16,SKIP,SKIP,,rule,T6,"Chose to skip the trip over take PT: lowest total cost (NZ$35.53 vs NZ$43.54), mainly the PT trip.",pt;arrival_time,35.5316,1,,False
162,16,CAR_0645,CAR,405,rule,T7,"Chose to drive at 06:45 for the early start over drive at 07:15: lowest total cost (NZ$20.29 vs NZ$20.96), mainly changing routine.",habit;travel_time,20.2864,1,420,True
163,16,CAR_0830,CAR,510,rule,T7,"Chose to drive at 08:30 over drive at 08:15: lowest total cost (NZ$40.41 vs NZ$43.13), mainly changing routine.",habit;arrival_time,40.4065,1,525,False
164,16,PT,PT,,rule,T7,"Chose to take PT over drive at 07:15: lowest total cost (NZ$29.21 vs NZ$35.31), mainly parking.",other;fee,29.2125,1,465,False
165,16,CAR_0830,CAR,510,rule,T7,"Chose to drive at 08:30 over drive at 08:45: lowest total cost (NZ$20.99 vs NZ$22.66), mainly changing routine.",habit,20.9927,1,540,False
166,16,CAR_0845,CAR,525,standing,,,,33.2456,1,540,False
167,16,CAR_0745,CAR,465,rule,T7,"Chose to drive at 07:45 over drive at 06:45 for the early start: lowest total cost (NZ$17.66 vs NZ$23.40), mainly arrival time.",arrival_time;habit;travel_time,17.6576,1,480,False
168,16,CAR_0900,CAR,540,rule,T7,"Chose to drive at 09:00 over drive at 09:15: lowest total cost (NZ$14.51 vs NZ$17.55), mainly arrival time.",arrival_time;habit;travel_time,14.5055,1,555,False
169,16,CAR_0730,CAR,450,rule,T7,"Chose to drive at 07:30 over drive at 07:15: lowest total cost (NZ$16.41 vs NZ$18.51), mainly arrival time.",arrival_time;habit,16.4122,1,480,False
170,16,PT,PT,,rule,T7,"Chose to take PT over drive at 07:30: lowest total cost (NZ$29.40 vs NZ$31.16), mainly parking.",other;fee,29.4029,1,495,False
171,16,CAR_0815,CAR,495,standing,,,,14.3621,1,525,False
172,16,CAR_0845,CAR,525,rule,T7,"Chose to drive at 08:45 over take PT: lowest total cost (NZ$31.34 vs NZ$30.45), mainly the PT trip.",pt;arrival_time,31.3393,2,540,False
173,16,CAR_0845,CAR,525,rule,T7,"Chose to drive at 08:45 over drive at 09:00: lowest total cost (NZ$10.39 vs NZ$12.53), mainly changing routine.",habit;arrival_time,10.3879,1,540,False
174,16,CAR_0645,CAR,405,rule,T7,"Chose to drive at 06:45 over drive at 07:00: lowest total cost (NZ$23.23 vs NZ$24.50), mainly arrival time.",arrival_time;habit,23.2343,1,435,False
175,16,CAR_0700,CAR,420,rule,T7,"Chose to drive at 07:00 over take PT: lowest total cost (NZ$32.84 vs NZ$35.90), mainly the PT trip.",pt;habit;arrival_time,32.838,1,435,False
176,16,CAR_0715,CAR,435,rule,T7,"Chose to drive at 07:15 over drive at 07:30: lowest total cost (NZ$27.48 vs NZ$27.72), mainly the charge.",fee,27.4834,1,525,False
177,16,PT,PT,,rule,T7,"Chose to take PT over drive at 08:15: lowest total cost (NZ$23.84 vs NZ$32.59), mainly parking.",other;fee,23.8378,1,510,False
178,16,PT,PT,,rule,T7,"Chose to take PT over drive at 07:15: lowest total cost (NZ$17.83 vs NZ$32.75), mainly parking.",other;fee,17.8326,1,510,False
179,16,WFH,WFH,,rule,T7,"Chose to work from home over drive at 07:15: lowest total cost (NZ$20.03 vs NZ$23.06), mainly fuel.",other;fee;travel_time,20.0282,1,,False
180,16,PT,PT,,rule,T7,"Chose to take PT over drive at 07:15: lowest total cost (NZ$20.00 vs NZ$37.54), mainly parking.",other;fee,19.9963,1,465,False
181,16,CAR_0915,CAR,555,rule,T7,"Chose to drive at 09:15 over drive at 09:30: lowest total cost (NZ$28.61 vs NZ$34.91), mainly arrival time.",arrival_time;habit,28.6109,1,570,False
182,16,CAR_0830,CAR,510,rule,T7,"Chose to drive at 08:30 over drive at 06:45 for the early start: lowest total cost (NZ$33.83 vs NZ$36.57), mainly arrival time.",arrival_time;habit,33.8256,1,525,False
183,16,PT,PT,,rule,T7,"Chose to take PT over drive at 07:30: lowest total cost (NZ$18.90 vs NZ$33.41), mainly parking.",other;fee,18.8997,1,480,False
184,16,CAR_0745,CAR,465,rule,T7,"Chose to drive at 07:45 over drive at 07:30: lowest total cost (NZ$3.46 vs NZ$6.42), mainly changing routine.",habit;arrival_time,3.4592,1,480,False
185,16,PT,PT,,rule,T7,"Chose to take PT over drive at 08:30: lowest total cost (NZ$25.78 vs NZ$33.66), mainly parking.",other;fee,25.7801,1,525,False
186,16,CAR_0715,CAR,435,standing,,,,16.2329,1,465,False
187,16,CAR_0745,CAR,465,rule,T7,"Chose to drive at 07:45 over drive at 08:00: lowest total cost (NZ$23.77 vs NZ$23.84), mainly changing routine.",habit,23.7714,1,495,False
188,16,CAR_0715,CAR,435,rule,T7,"Chose to drive at 07:15 over drive at 07:30: lowest total cost (NZ$9.67 vs NZ$10.78), mainly changing routine.",habit;fee;travel_time,9.6673,1,495,False
189,16,PT,PT,,rule,T7,"Chose to take PT over drive at 07:15: lowest total cost (NZ$26.54 vs NZ$31.11), mainly parking.",other;fee,26.5357,1,450,False
190,16,CAR_0900,CAR,540,rule,T7,"Chose to drive at 09:00 over take PT: lowest total cost (NZ$29.51 vs NZ$31.94), mainly the PT trip.",pt;habit;arrival_time,29.5131,1,555,False
191,16,CAR_0900,CAR,540,rule,T7,"Chose to drive at 09:00 over drive at 09:15: lowest total cost (NZ$20.45 vs NZ$21.99), mainly changing routine.",habit;arrival_time,20.4538,1,570,False
192,16,PT,PT,,rule,T7,"Chose to take PT over drive at 06:45: lowest total cost (NZ$23.77 vs NZ$38.42), mainly parking.",other;fee,23.7715,1,420,False
193,16,PT,PT,,rule,T7,"Chose to take PT over drive at 08:45: lowest total cost (NZ$28.58 vs NZ$40.50), mainly parking.",other;fee,28.5828,1,540,False
194,16,WFH,WFH,,rule,T7,"Chose to work from home over drive at 09:15: lowest total cost (NZ$16.25 vs NZ$18.59), mainly fuel.",other;fee;habit,16.2509,1,,False
195,16,CAR_0715,CAR,435,rule,T7,"Chose to drive at 07:15 over work from home: lowest total cost (NZ$15.09 vs NZ$16.21), mainly working from home.",flexibility;habit,15.087,1,480,False
196,16,CAR_0730,CAR,450,rule,T7,"Chose to drive at 07:30 over drive at 07:15: lowest total cost (NZ$23.12 vs NZ$26.28), mainly changing routine.",habit;arrival_time;travel_time,23.117,1,465,False
197,16,CAR_0700,CAR,420,rule,T7,"Chose to drive at 07:00 over drive at 06:45: lowest total cost (NZ$12.90 vs NZ$14.16), mainly arrival time.",arrival_time;habit;travel_time,12.9039,1,435,False
198,16,CAR_0730,CAR,450,rule,T7,"Chose to drive at 07:30 over drive at 07:15: lowest total cost (NZ$15.98 vs NZ$18.90), mainly arrival time.",arrival_time;habit;travel_time,15.9826,1,465,False
199,16,CAR_0645,CAR,405,rule,T7,"Chose to drive at 06:45 for the early start over drive at 07:00: lowest total cost (NZ$20.84 vs NZ$23.18), mainly changing routine.",habit;arrival_time;travel_time,20.8436,1,420,True
200,16,CAR_0630,CAR,390,rule,T7,"Chose to drive at 06:30 for the early start over drive at 06:15 for the early start: lowest total cost (NZ$22.91 vs NZ$25.71), mainly changing routine.",habit;arrival_time,22.9149,1,420,True
201,16,PT,PT,,rule,T7,"Chose to take PT over drive at 07:30: lowest total cost (NZ$34.48 vs NZ$52.82), mainly parking.",other;travel_time,34.4781,1,465,False
202,16,CAR_0715,CAR,435,rule,T7,"Chose to drive at 07:15 over drive at 07:00: lowest total cost (NZ$18.01 vs NZ$18.95), mainly arrival time.",arrival_time;habit,18.0122,1,465,False
203,16,PT,PT,,rule,T7,"Chose to take PT over drive at 09:15: lowest total cost (NZ$29.01 vs NZ$32.70), mainly parking.",other;fee,29.0144,1,555,False
204,16,PT,PT,,rule,T7,"Chose to take PT over drive at 07:30: lowest total cost (NZ$29.08 vs NZ$31.01), mainly parking.",other;fee,29.08,1,495,False
205,16,CAR_0915,CAR,555,rule,T7,"Chose to drive at 09:15 over drive at 09:00: lowest total cost (NZ$15.24 vs NZ$21.37), mainly arrival time.",arrival_time;habit;fee,15.2433,1,570,False
206,16,CAR_0645,CAR,405,rule,T7,"Chose to drive at 06:45 for the early start over drive at 08:30: lowest total cost (NZ$20.51 vs NZ$22.45), mainly the charge.",fee;habit,20.5139,1,420,True
207,16,PT,PT,,rule,T7,"Chose to take PT over drive at 08:00: lowest total cost (NZ$31.05 vs NZ$32.40), mainly parking.",other;fee,31.0478,1,495,False
208,16,CAR_0800,CAR,480,standing,,,,26.8214,1,495,False
209,16,CAR_0700,CAR,420,rule,T7,"Chose to drive at 07:00 over drive at 06:45: lowest total cost (NZ$4.05 vs NZ$7.15), mainly arrival time.",arrival_time;habit,4.0492,1,435,False
210,16,PT,PT,,rule,T7,"Chose to take PT over drive at 09:00: lowest total cost (NZ$30.18 vs NZ$35.57), mainly parking.",other;fee,30.1751,1,555,False
211,16,CAR_0930,CAR,570,rule,T7,"Chose to drive at 09:30 over drive at 09:15: lowest total cost (NZ$26.81 vs NZ$31.86), mainly changing routine.",habit;arrival_time;fee,26.8059,1,585,False
212,16,PT,PT,,rule,T7,"Chose to take PT over drive at 08:45: lowest total cost (NZ$32.00 vs NZ$32.68), mainly parking.",other;fee,32.0036,1,540,False
213,16,CAR_0630,CAR,390,rule,T7,"Chose to drive at 06:30 for the early start over drive at 06:45 for the early start: lowest total cost (NZ$28.00 vs NZ$30.53), mainly changing routine.",habit;arrival_time;travel_time,27.9982,1,420,True
214,16,PT,PT,,rule,T7,"Chose to take PT over skip the trip: lowest total cost (NZ$24.97 vs NZ$39.56), mainly missing the day.",work_constraint;habit,24.9724,1,555,False
215,16,PT,PT,,rule,T7,"Chose to take PT over drive at 08:15: lowest total cost (NZ$22.28 vs NZ$24.05), mainly fuel.",other;fee;habit,22.281,1,525,False
216,16,CAR_0730,CAR,450,standing,,,,10.9373,1,495,False
217,16,CAR_0745,CAR,465,rule,T7,"Chose to drive at 07:45 over drive at 06:45 for the early start: lowest total cost (NZ$35.83 vs NZ$44.65), mainly arrival time.",arrival_time;travel_time,35.8267,1,480,False
218,16,SKIP,SKIP,,rule,T6,"Chose to skip the trip over drive at 07:45: lowest total cost (NZ$42.00 vs NZ$48.57), mainly fuel.",other;fee,42.0026,1,,False
219,16,CAR_0815,CAR,495,rule,T7,"Chose to drive at 08:15 over drive at 07:00 for the early start: lowest total cost (NZ$29.40 vs NZ$30.60), mainly arrival time.",arrival_time;travel_time,29.3986,2,510,False
220,16,CAR_0845,CAR,525,rule,T7,"Chose to drive at 08:45 over drive at 08:30: lowest total cost (NZ$16.32 vs NZ$20.41), mainly arrival time.",arrival_time;habit,16.3195,1,540,False
221,16,CAR_0730,CAR,450,rule,T7,"Chose to drive at 07:30 over drive at 07:15: lowest total cost (NZ$17.20 vs NZ$19.52), mainly changing routine.",habit;arrival_time;travel_time,17.2043,1,465,False
222,16,CAR_0715,CAR,435,rule,T7,"Chose to drive at 07:15 over drive at 07:00: lowest total cost (NZ$13.50 vs NZ$16.93), mainly arrival time.",arrival_time;habit,13.4991,1,450,False
223,16,PT,PT,,rule,T7,"Chose to take PT over drive at 07:15: lowest total cost (NZ$28.78 vs NZ$34.29), mainly parking.",other;fee,28.7841,1,480,False
224,16,CAR_0815,CAR,495,rule,T7,"Chose to drive at 08:15 over drive at 08:30: lowest total cost (NZ$22.24 vs NZ$24.71), mainly changing routine.",habit,22.2411,1,525,False
225,16,CAR_0700,CAR,420,rule,T7,"Chose to drive at 07:00 over drive at 06:45: lowest total cost (NZ$32.04 vs NZ$41.94), mainly arrival time.",arrival_time;habit,32.0375,1,435,False
226,16,CAR_0930,CAR,570,rule,T3,"Chose to drive at 09:30 over drive at 09:15: lowest total cost (NZ$29.23 vs NZ$31.50), mainly changing routine.",habit;fee;travel_time,29.2256,1,570,False
227,16,CAR_0830,CAR,510,rule,T7,"Chose to drive at 08:30 over drive at 08:45: lowest total cost (NZ$28.64 vs NZ$28.74), mainly changing routine.",habit,28.6401,1,540,False
228,16,CAR_0645,CAR,405,rule,T7,"Chose to drive at 06:45 over drive at 06:30: lowest total cost (NZ$7.65 vs NZ$9.43), mainly arrival time.",arrival_time;habit,7.6461,1,420,False
229,16,PT,PT,,rule,T7,"Chose to take PT over drive at 06:45 for the early start: lowest total cost (NZ$24.52 vs NZ$40.63), mainly parking.",other;fee,24.5162,1,525,False
230,16,CAR_0700,CAR,420,rule,T7,"Chose to drive at 07:00 over drive at 06:45: lowest total cost (NZ$17.99 vs NZ$20.28), mainly arrival time.",arrival_time;habit,17.9911,1,450,False
231,16,CAR_0700,CAR,420,rule,T7,"Chose to drive at 07:00 over drive at 06:45: lowest total cost (NZ$14.76 vs NZ$17.62), mainly changing routine.",habit;arrival_time,14.7575,1,435,False
232,16,CAR_0900,CAR,540,rule,T7,"Chose to drive at 09:00 over drive at 08:45: lowest total cost (NZ$19.01 vs NZ$17.31), mainly the charge.",fee,19.0103,4,540,False
233,16,CAR_0800,CAR,480,rule,T7,"Chose to drive at 08:00 over drive at 07:45: lowest total cost (NZ$35.36 vs NZ$36.66), mainly arrival time.",arrival_time,35.3613,1,495,False
234,16,CAR_0715,CAR,435,rule,T7,"Chose to drive at 07:15 over drive at 07:30: lowest total cost (NZ$19.50 vs NZ$19.93), mainly the charge.",fee;travel_time,19.5025,1,480,False
235,16,CAR_0730,CAR,450,rule,T7,"Chose to drive at 07:30 over take PT: lowest total cost (NZ$41.45 vs NZ$41.39), mainly the PT trip.",pt;habit;arrival_time,41.4498,2,480,False
236,16,CAR_0915,CAR,555,rule,T7,"Chose to drive at 09:15 over drive at 09:00: lowest total cost (NZ$24.84 vs NZ$29.68), mainly changing routine.",habit;fee;arrival_time,24.8366,1,570,False
237,16,CAR_0645,CAR,405,rule,T7,"Chose to drive at 06:45 for the early start over take PT: lowest total cost (NZ$29.56 vs NZ$30.46), mainly the PT trip.",pt,29.564,2,420,True
238,16,CAR_0745,CAR,465,rule,T7,"Chose to drive at 07:45 over drive at 07:30: lowest total cost (NZ$24.11 vs NZ$23.26), mainly arrival time.",arrival_time,24.1132,4,495,False
239,16,PT,PT,,rule,T7,"Chose to take PT over skip the trip: lowest total cost (NZ$32.24 vs NZ$39.17), mainly missing the day.",work_constraint;habit,32.2377,1,525,False
240,16,CAR_0645,CAR,405,rule,T7,"Chose to drive at 06:45 over drive at 06:30: lowest total cost (NZ$12.45 vs NZ$15.96), mainly changing routine.",habit;arrival_time,12.4502,1,420,False
241,16,CAR_0645,CAR,405,rule,T7,"Chose to drive at 06:45 over drive at 07:15: lowest total cost (NZ$21.33 vs NZ$20.91), mainly arrival time.",arrival_time;fee;travel_time,21.3276,3,450,False
242,16,CAR_0900,CAR,540,rule,T7,"Chose to drive at 09:00 over drive at 09:15: lowest total cost (NZ$27.67 vs NZ$30.88), mainly changing routine.",habit;arrival_time,27.6671,1,555,False
243,16,PT,PT,,rule,T7,"Chose to take PT over drive at 09:15: lowest total cost (NZ$21.34 vs NZ$22.06), mainly parking.",other;fee,21.3375,1,540,False
244,16,CAR_0715,CAR,435,rule,T7,"Chose to drive at 07:15 over drive at 07:00: lowest total cost (NZ$24.04 vs NZ$25.17), mainly arrival time.",arrival_time,24.0394,1,450,False
245,16,CAR_0815,CAR,495,rule,T7,"Chose to drive at 08:15 over drive at 08:30: lowest total cost (NZ$2.87 vs NZ$3.67), mainly arrival time.",arrival_time;travel_time,2.8728,1,510,False
246,16,CAR_0945,CAR,585,rule,T7,"Chose to drive at 09:45 over drive at 09:30: lowest total cost (NZ$30.47 vs NZ$33.09), mainly changing routine.",habit;arrival_time,30.4715,1,600,False
247,16,CAR_0815,CAR,495,rule,T7,"Chose to drive at 08:15 over drive at 06:45 for the early start: lowest total cost (NZ$22.14 vs NZ$21.64), mainly arrival time.",arrival_time,22.1388,2,510,False
248,16,CAR_0915,CAR,555,rule,T7,"Chose to drive at 09:15 over drive at 09:30: lowest total cost (NZ$29.76 vs NZ$33.84), mainly changing routine.",habit;arrival_time,29.7615,1,570,False
249,16,CAR_0830,CAR,510,rule,T7,"Chose to drive at 08:30 over drive at 06:45 for the early start: lowest total cost (NZ$15.48 vs NZ$18.00), mainly arrival time.",arrival_time;habit;travel_time,15.4759,1,525,False
250,16,PT,PT,,rule,T7,"Chose to take PT over drive at 08:45: lowest total cost (NZ$31.75 vs NZ$37.60), mainly fuel.",other;fee,31.7548,1,540,False
251,16,CAR_0815,CAR,495,rule,T7,"Chose to drive at 08:15 over drive at 08:00: lowest total cost (NZ$26.41 vs NZ$29.08), mainly changing routine.",habit,26.4149,1,510,False
252,16,CAR_0700,CAR,420,rule,T7,"Chose to drive at 07:00 over work from home: lowest total cost (NZ$42.67 vs NZ$45.54), mainly working from home.",flexibility;habit,42.6728,1,450,False
253,16,CAR_0845,CAR,525,rule,T7,"Chose to drive at 08:45 over drive at 08:30: lowest total cost (NZ$14.87 vs NZ$18.52), mainly changing routine.",habit;arrival_time,14.8715,1,540,False
254,16,PT,PT,,rule,T7,"Chose to take PT over drive at 07:15: lowest total cost (NZ$23.06 vs NZ$37.46), mainly fuel.",other;fee,23.0579,1,495,False
255,16,CAR_0715,CAR,435,rule,T7,"Chose to drive at 07:15 over take PT: lowest total cost (NZ$31.88 vs NZ$31.60), mainly the PT trip.",pt,31.8788,2,465,False
256,16,WFH,WFH,,rule,T7,"Chose to work from home over take PT: lowest total cost (NZ$42.36 vs NZ$44.30), mainly the PT trip.",pt;habit;arrival_time,42.355,1,,False
257,16,CAR_0730,CAR,450,rule,T7,"Chose to drive at 07:30 over drive at 07:15: lowest total cost (NZ$12.12 vs NZ$14.03), mainly arrival time.",arrival_time;habit;travel_time,12.117,1,465,False
258,16,CAR_0700,CAR,420,rule,T7,"Chose to drive at 07:00 over drive at 06:45: lowest total cost (NZ$14.72 vs NZ$17.54), mainly arrival time.",arrival_time;habit;travel_time,14.7177,1,435,False
259,16,SKIP,SKIP,,rule,T6,"Chose to skip the trip over drive at 07:45: lowest total cost (NZ$38.75 vs NZ$43.24), mainly parking.",other;fee,38.7517,1,,False
260,16,PT,PT,,rule,T7,"Chose to take PT over skip the trip: lowest total cost (NZ$21.93 vs NZ$36.64), mainly missing the day.",work_constraint;habit,21.93,1,510,False
261,16,CAR_0830,CAR,510,rule,T7,"Chose to drive at 08:30 over take PT: lowest total cost (NZ$30.96 vs NZ$31.74), mainly the PT trip.",pt;habit;arrival_time,30.9634,1,525,False
262,16,PT,PT,,rule,T7,"Chose to take PT over drive at 07:15: lowest total cost (NZ$31.23 vs NZ$35.75), mainly parking.",other;fee,31.2307,1,510,False
263,16,PT,PT,,rule,T7,"Chose to take PT over skip the trip: lowest total cost (NZ$32.03 vs NZ$39.89), mainly missing the day.",work_constraint;habit,32.0327,1,465,False
264,16,CAR_0915,CAR,555,rule,T7,"Chose to drive at 09:15 over drive at 09:00: lowest total cost (NZ$7.87 vs NZ$10.45), mainly the charge.",fee;habit;travel_time,7.8714,1,555,False
265,16,CAR_0915,CAR,555,rule,T7,"Chose to drive at 09:15 over drive at 09:30: lowest total cost (NZ$29.50 vs NZ$30.84), mainly arrival time.",arrival_time;habit;travel_time,29.4983,1,570,False
266,16,CAR_0815,CAR,495,rule,T7,"Chose to drive at 08:15 over drive at 08:00: lowest total cost (NZ$31.41 vs NZ$34.62), mainly arrival time.",arrival_time;habit,31.4057,1,510,False
267,16,CAR_0830,CAR,510,rule,T7,"Chose to drive at 08:30 over drive at 08:15: lowest total cost (NZ$32.40 vs NZ$35.61), mainly arrival time.",arrival_time;habit,32.4024,1,525,False
268,16,CAR_0800,CAR,480,rule,T7,"Chose to drive at 08:00 over drive at 06:45 for the early start: lowest total cost (NZ$41.27 vs NZ$41.18), mainly arrival time.",arrival_time;travel_time,41.2699,2,495,False
269,16,CAR_0845,CAR,525,rule,T7,"Chose to drive at 08:45 over drive at 09:00: lowest total cost (NZ$45.43 vs NZ$46.52), mainly changing routine.",habit,45.4325,1,555,False
270,16,WFH,WFH,,rule,T7,"Chose to work from home over drive at 06:45 for the early start: lowest total cost (NZ$36.54 vs NZ$38.27), mainly parking.",other;fee,36.5391,1,,False
271,16,CAR_0715,CAR,435,rule,T7,"Chose to drive at 07:15 over drive at 07:00: lowest total cost (NZ$19.97 vs NZ$20.44), mainly changing routine.",habit,19.9668,1,450,False
272,16,CAR_0630,CAR,390,rule,T7,"Chose to drive at 06:30 over drive at 07:15: lowest total cost (NZ$13.37 vs NZ$10.03), mainly travel time.",travel_time,13.3721,4,450,False
273,16,PT,PT,,rule,T7,"Chose to take PT over drive at 08:15: lowest total cost (NZ$32.24 vs NZ$37.50), mainly parking.",other;fee,32.2387,1,510,False
274,16,SKIP,SKIP,,rule,T6,"Chose to skip the trip over drive at 08:15: lowest total cost (NZ$34.45 vs NZ$38.46), mainly fuel.",other;fee,34.4459,1,,False
275,16,CAR_0700,CAR,420,standing,,,,15.3192,1,495,False
276,16,CAR_0645,CAR,405,rule,T7,"Chose to drive at 06:45 for the early start over drive at 08:15: lowest total cost (NZ$20.95 vs NZ$23.45), mainly changing routine.",habit;fee,20.9532,1,420,True
277,16,CAR_0715,CAR,435,rule,T7,"Chose to drive at 07:15 over drive at 07:45: lowest total cost (NZ$12.24 vs NZ$12.62), mainly the charge.",fee;travel_time,12.2395,1,480,False
278,16,PT,PT,,rule,T7,"Chose to take PT over drive at 08:30: lowest total cost (NZ$24.50 vs NZ$31.46), mainly parking.",other;fee,24.4987,1,525,False
279,16,CAR_0915,CAR,555,rule,T7,"Chose to drive at 09:15 over drive at 09:00: lowest total cost (NZ$27.80 vs NZ$30.90), mainly arrival time.",arrival_time;fee;habit,27.7999,1,570,False
280,16,CAR_0830,CAR,510,rule,T7,"Chose to drive at 08:30 over drive at 08:15: lowest total cost (NZ$32.22 vs NZ$34.49), mainly changing routine.",habit;arrival_time,32.2191,1,525,False
281,16,PT,PT,,rule,T7,"Chose to take PT over drive at 07:15: lowest total cost (NZ$22.29 vs NZ$32.46), mainly parking.",other;fee,22.2882,1,495,False
282,16,PT,PT,,rule,T7,"Chose to take PT over drive at 08:30: lowest total cost (NZ$26.36 vs NZ$39.20), mainly parking.",other;fee,26.3611,1,525,False
283,16,CAR_0900,CAR,540,rule,T7,"Chose to drive at 09:00 over drive at 06:45 for the early start: lowest total cost (NZ$19.34 vs NZ$23.11), mainly arrival time.",arrival_time;habit,19.3373,1,555,False
284,16,PT,PT,,rule,T7,"Chose to take PT over drive at 09:30: lowest total cost (NZ$24.24 vs NZ$32.78), mainly parking.",other;fee,24.2399,1,585,False
285,16,PT,PT,,rule,T7,"Chose to take PT over drive at 07:30: lowest total cost (NZ$25.46 vs NZ$40.32), mainly parking.",other;fee,25.46,1,495,False
286,16,CAR_0715,CAR,435,rule,T7,"Chose to drive at 07:15 over drive at 07:00: lowest total cost (NZ$32.78 vs NZ$37.22), mainly changing routine.",habit;arrival_time,32.7809,1,450,False
287,16,PT,PT,,rule,T7,"Chose to take PT over drive at 09:45: lowest total cost (NZ$18.59 vs NZ$29.72), mainly parking.",other;fee,18.5869,1,600,False
288,16,CAR_0700,CAR,420,rule,T7,"Chose to drive at 07:00 over drive at 07:15: lowest total cost (NZ$20.86 vs NZ$20.26), mainly travel time.",travel_time,20.8638,2,555,False
289,16,PT,PT,,rule,T7,"Chose to take PT over drive at 07:30: lowest total cost (NZ$21.70 vs NZ$28.82), mainly parking.",other;fee,21.6997,1,495,False
290,16,CAR_0745,CAR,465,rule,T7,"Chose to drive at 07:45 over drive at 07:30: lowest total cost (NZ$15.11 vs NZ$19.40), mainly arrival time.",arrival_time;habit,15.1092,1,480,False
291,16,CAR_0815,CAR,495,rule,T7,"Chose to drive at 08:15 over drive at 08:00: lowest total cost (NZ$17.59 vs NZ$22.56), mainly arrival time.",arrival_time;habit,17.5912,1,510,False
292,16,CAR_0800,CAR,480,rule,T7,"Chose to drive at 08:00 over drive at 08:15: lowest total cost (NZ$1.32 vs NZ$2.95), mainly changing routine.",habit,1.3233,1,510,False
293,16,PT,PT,,rule,T7,"Chose to take PT over skip the trip: lowest total cost (NZ$31.97 vs NZ$38.50), mainly missing the day.",work_constraint;habit,31.9657,1,525,False
294,16,WFH,WFH,,rule,T7,"Chose to work from home over drive at 07:00: lowest total cost (NZ$14.82 vs NZ$16.19), mainly fuel.",other;fee;travel_time,14.8241,1,,False
295,16,PT,PT,,rule,T7,"Chose to take PT over drive at 07:30: lowest total cost (NZ$19.38 vs NZ$34.42), mainly parking.",other;fee,19.378,1,480,False
296,16,CAR_0800,CAR,480,rule,T7,"Chose to drive at 08:00 over take PT: lowest total cost (NZ$33.17 vs NZ$33.80), mainly the PT trip.",pt;arrival_time,33.1699,1,495,False
297,16,CAR_0715,CAR,435,rule,T7,"Chose to drive at 07:15 over drive at 06:45: lowest total cost (NZ$17.96 vs NZ$17.67), mainly arrival time.",arrival_time,17.9623,2,465,False
298,16,PT,PT,,rule,T7,"Chose to take PT over skip the trip: lowest total cost (NZ$30.59 vs NZ$36.85), mainly missing the day.",work_constraint;habit,30.5886,1,540,False
299,16,CAR_0715,CAR,435,rule,T7,"Chose to drive at 07:15 over drive at 07:00: lowest total cost (NZ$18.02 vs NZ$19.24), mainly changing routine.",habit;arrival_time,18.0161,1,495,False
0,17,WFH,WFH,,standing,,,,34.8391,1,,False
1,17,CAR_0715,CAR,435,standing,,,,20.2785,1,450,False
2,17,CAR_0715,CAR,435,standing,,,,10.0804,1,450,False
3,17,CAR_0815,CAR,495,standing,,,,34.3515,1,510,False
4,17,PT,PT,,standing,,,,29.5959,1,525,False
5,17,CAR_0800,CAR,480,standing,,,,15.8652,1,495,False
6,17,CAR_0630,CAR,390,standing,,,,20.6511,3,420,True
7,17,CAR_0745,CAR,465,standing,,,,12.0156,1,480,False
8,17,PT,PT,,standing,,,,19.8437,1,525,False
9,17,CAR_0915,CAR,555,standing,,,,27.939,1,570,False
10,17,PT,PT,,standing,,,,32.0804,2,525,False
11,17,CAR_0800,CAR,480,standing,,,,31.2053,1,495,False
12,17,CAR_0830,CAR,510,standing,,,,37.1079,2,525,False
13,17,CAR_0900,CAR,540,standing,,,,19.5158,1,555,False
14,17,PT,PT,,standing,,,,32.1305,1,585,False
15,17,CAR_0800,CAR,480,standing,,,,39.7615,1,495,False
16,17,PT,PT,,standing,,,,23.8509,1,450,False
17,17,CAR_0945,CAR,585,standing,,,,27.6404,1,600,False
18,17,CAR_0945,CAR,585,rule,T3,"Chose to drive at 09:45 over drive at 09:30: lowest total cost (NZ$20.16 vs NZ$22.55), mainly changing routine.",habit,20.1633,1,555,False
19,17,CAR_0800,CAR,480,standing,,,,29.2645,1,495,False
20,17,CAR_0745,CAR,465,standing,,,,16.6479,1,480,False
21,17,CAR_0815,CAR,495,standing,,,,17.1679,1,510,False
22,17,CAR_0830,CAR,510,standing,,,,2.2848,4,510,False
23,17,PT,PT,,standing,,,,23.612,1,525,False
24,17,CAR_0715,CAR,435,standing,,,,16.1583,1,465,False
25,17,PT,PT,,standing,,,,23.4377,1,480,False
26,17,PT,PT,,standing,,,,20.602,1,495,False
27,17,CAR_0730,CAR,450,standing,,,,17.8525,1,465,False
28,17,PT,PT,,standing,,,,23.2635,1,540,False
29,17,CAR_0715,CAR,435,standing,,,,18.7179,1,495,False
30,17,CAR_0815,CAR,495,standing,,,,31.8119,1,525,False
31,17,CAR_0815,CAR,495,rule,T7,"Chose to drive at 08:15 over drive at 08:30: lowest total cost (NZ$35.27 vs NZ$36.19), mainly changing routine.",habit,35.2711,1,525,False
32,17,CAR_0745,CAR,465,standing,,,,22.4177,1,510,False
33,17,CAR_0745,CAR,465,standing,,,,17.7721,1,495,False
34,17,PT,PT,,standing,,,,19.2138,1,495,False
35,17,CAR_0815,CAR,495,standing,,,,33.4214,1,510,False
36,17,CAR_0745,CAR,465,standing,,,,1.1871,1,480,False
37,17,PT,PT,,standing,,,,21.2526,1,510,False
38,17,CAR_0700,CAR,420,standing,,,,21.965,1,450,False
39,17,PT,PT,,standing,,,,22.5886,1,480,False
40,17,CAR_0700,CAR,420,standing,,,,21.247,1,435,False
41,17,CAR_0630,CAR,390,standing,,,,10.3266,2,420,True
42,17,CAR_0800,CAR,480,standing,,,,20.2923,1,525,False
43,17,PT,PT,,standing,,,,32.3088,1,540,False
44,17,CAR_0730,CAR,450,standing,,,,14.6602,1,465,False
45,17,CAR_0700,CAR,420,standing,,,,14.574,1,435,False
46,17,CAR_0845,CAR,525,standing,,,,16.5823,1,540,False
47,17,CAR_0715,CAR,435,standing,,,,8.7104,2,450,False
48,17,PT,PT,,standing,,,,19.7335,1,510,False
49,17,WFH,WFH,,standing,,,,12.2018,1,,False
50,17,PT,PT,,standing,,,,28.863,1,510,False
51,17,CAR_0815,CAR,495,standing,,,,23.876,1,525,False
52,17,PT,PT,,standing,,,,24.4912,1,525,False
53,17,CAR_0645,CAR,405,standing,,,,17.2413,1,420,True
54,17,CAR_0715,CAR,435,standing,,,,8.1783,1,450,False
55,17,CAR_0700,CAR,420,standing,,,,2.1722,1,435,False
56,17,CAR_0830,CAR,510,standing,,,,9.5155,1,525,False
57,17,CAR_0715,CAR,435,standing,,,,24.0617,1,450,False
58,17,CAR_0815,CAR,495,standing,,,,13.7129,1,510,False
59,17,CAR_0715,CAR,435,standing,,,,20.9092,1,510,False
60,17,PT,PT,,standing,,,,20.9782,1,465,False
61,17,CAR_0730,CAR,450,standing,,,,37.2406,2,510,False
62,17,CAR_0745,CAR,465,standing,,,,28.5195,1,480,False
63,17,CAR_0830,CAR,510,standing,,,,24.7784,1,525,False
64,17,PT,PT,,standing,,,,33.1718,1,465,False
65,17,SKIP,SKIP,,rule,T6,"Chose to skip the trip over drive at 08:00: lowest total cost (NZ$33.80 vs NZ$39.59), mainly parking.",other;fee,33.8034,1,,False
66,17,CAR_0800,CAR,480,standing,,,,32.6813,1,495,False
67,17,WFH,WFH,,standing,,,,22.0714,1,,False
68,17,CAR_0715,CAR,435,standing,,,,21.5074,1,465,False
69,17,CAR_0915,CAR,555,standing,,,,26.5269,1,570,False
70,17,WFH,WFH,,standing,,,,17.2841,1,,False
71,17,PT,PT,,standing,,,,32.5316,1,495,False
72,17,CAR_0700,CAR,420,standing,,,,13.4234,1,435,False
73,17,PT,PT,,standing,,,,31.0466,1,525,False
74,17,PT,PT,,standing,,,,22.7657,1,540,False
75,17,PT,PT,,standing,,,,24.4691,1,555,False
76,17,CAR_0730,CAR,450,standing,,,,18.1333,1,480,False
77,17,CAR_0700,CAR,420,standing,,,,24.137,1,435,False
78,17,CAR_0945,CAR,585,standing,,,,23.416,1,585,False
79,17,SKIP,SKIP,,rule,T6,"Chose to skip the trip over drive at 07:45: lowest total cost (NZ$39.51 vs NZ$45.14), mainly parking.",other;fee,39.5143,1,,False
80,17,CAR_0800,CAR,480,standing,,,,22.2677,1,495,False
81,17,CAR_0700,CAR,420,standing,,,,29.6089,1,435,False
82,17,PT,PT,,standing,,,,17.6253,1,510,False
83,17,WFH,WFH,,standing,,,,21.7228,3,,False
84,17,CAR_0730,CAR,450,standing,,,,17.1212,1,465,False
85,17,PT,PT,,standing,,,,23.8139,1,525,False
86,17,CAR_0700,CAR,420,standing,,,,11.9825,1,435,False
87,17,CAR_0715,CAR,435,standing,,,,13.5119,1,450,False
88,17,CAR_0815,CAR,495,standing,,,,3.6908,1,510,False
89,17,CAR_0700,CAR,420,standing,,,,2.6782,1,465,False
90,17,PT,PT,,standing,,,,19.7719,1,525,False
91,17,CAR_0730,CAR,450,standing,,,,34.3626,1,495,False
92,17,CAR_0730,CAR,450,standing,,,,13.2302,1,495,False
93,17,CAR_0700,CAR,420,standing,,,,9.4777,1,435,False
94,17,CAR_0915,CAR,555,standing,,,,16.8112,1,570,False
95,17,CAR_0830,CAR,510,standing,,,,22.6798,1,540,False
96,17,CAR_0715,CAR,435,rule,T5,"Chose to drive at 07:15 over take PT: lowest total cost (NZ$29.57 vs NZ$33.88), mainly the PT trip.",pt;habit,29.573,1,465,False
97,17,CAR_0845,CAR,525,standing,,,,41.2492,2,555,False
98,17,PT,PT,,standing,,,,18.8005,1,525,False
99,17,CAR_0730,CAR,450,standing,,,,21.691,1,480,False
100,17,CAR_0800,CAR,480,standing,,,,17.5511,1,495,False
101,17,CAR_0830,CAR,510,standing,,,,17.4916,1,525,False
102,17,PT,PT,,standing,,,,24.2136,1,510,False
103,17,CAR_0800,CAR,480,standing,,,,17.8541,1,495,False
104,17,CAR_0700,CAR,420,standing,,,,16.8157,1,480,False
105,17,CAR_0700,CAR,420,standing,,,,1.5664,1,435,False
106,17,WFH,WFH,,standing,,,,16.8006,1,,False
107,17,CAR_0845,CAR,525,standing,,,,17.0852,1,540,False
108,17,CAR_0830,CAR,510,standing,,,,23.2181,2,525,False
109,17,CAR_0845,CAR,525,standing,,,,4.0241,1,540,False
110,17,CAR_0845,CAR,525,standing,,,,12.7869,1,540,False
111,17,CAR_0915,CAR,555,standing,,,,8.1064,2,570,False
112,17,CAR_0700,CAR,420,standing,,,,18.5671,1,450,False
113,17,PT,PT,,standing,,,,27.1744,1,555,False
114,17,PT,PT,,standing,,,,20.2778,1,570,False
115,17,CAR_0815,CAR,495,standing,,,,7.8732,1,510,False
116,17,PT,PT,,standing,,,,19.8053,1,480,False
117,17,CAR_0730,CAR,450,standing,,,,3.8453,1,480,False
118,17,CAR_0915,CAR,555,standing,,,,4.4539,1,570,False
119,17,PT,PT,,standing,,,,19.5064,1,495,False
120,17,CAR_0700,CAR,420,standing,,,,14.8565,1,435,False
121,17,CAR_0845,CAR,525,standing,,,,21.7443,1,540,False
122,17,CAR_0915,CAR,555,standing,,,,27.3011,1,570,False
123,17,PT,PT,,standing,,,,22.2612,1,435,False
124,17,CAR_0645,CAR,405,standing,,,,11.8519,1,420,False
125,17,CAR_0630,CAR,390,standing,,,,2.2028,1,495,False
126,17,CAR_0830,CAR,510,standing,,,,29.8261,1,525,False
127,17,PT,PT,,standing,,,,22.0984,1,510,False
128,17,CAR_0730,CAR,450,standing,,,,25.7552,1,465,False
129,17,PT,PT,,standing,,,,20.9459,1,450,False
130,17,CAR_0630,CAR,390,rule,T3,"Chose to drive at 06:30 for the early start over drive at 09:00: lowest total cost (NZ$27.57 vs NZ$27.70), mainly arrival time.",arrival_time;fee,27.5747,1,420,True
131,17,CAR_0715,CAR,435,rule,T3,"Chose to drive at 07:15 over drive at 07:30: lowest total cost (NZ$15.10 vs NZ$19.77), mainly arrival time.",arrival_time;travel_time,15.1009,1,465,False
132,17,WFH,WFH,,standing,,,,30.9848,1,,False
133,17,CAR_0645,CAR,405,standing,,,,19.6941,1,420,True
134,17,CAR_0800,CAR,480,standing,,,,19.5153,1,510,False
135,17,CAR_0800,CAR,480,standing,,,,22.6451,1,525,False
136,17,WFH,WFH,,standing,,,,12.7425,1,,False
137,17,CAR_0715,CAR,435,standing,,,,9.6125,1,480,False
138,17,CAR_0700,CAR,420,standing,,,,25.5659,1,510,False
139,17,CAR_0845,CAR,525,standing,,,,3.4414,1,540,False
140,17,CAR_0700,CAR,420,standing,,,,2.0563,1,435,False
141,17,PT,PT,,standing,,,,21.5018,1,420,False
142,17,CAR_0800,CAR,480,standing,,,,9.4673,1,495,False
143,17,CAR_0730,CAR,450,standing,,,,2.5137,1,480,False
144,17,CAR_0715,CAR,435,standing,,,,13.9059,1,495,False
145,17,CAR_0700,CAR,420,standing,,,,2.1134,1,435,False
146,17,PT,PT,,standing,,,,22.6123,1,495,False
147,17,PT,PT,,standing,,,,37.6092,1,525,False
148,17,CAR_0845,CAR,525,standing,,,,34.6,1,555,False
149,17,CAR_0845,CAR,525,standing,,,,22.5665,1,540,False
150,17,CAR_0900,CAR,540,standing,,,,23.3445,1,555,False
151,17,CAR_0745,CAR,465,standing,,,,12.7702,1,480,False
152,17,CAR_0730,CAR,450,standing,,,,23.6169,1,495,False
153,17,WFH,WFH,,standing,,,,30.0462,1,,False
154,17,CAR_0915,CAR,555,standing,,,,11.083,1,555,False
155,17,WFH,WFH,,standing,,,,18.73,2,,False
156,17,PT,PT,,standing,,,,27.5756,1,480,False
157,17,CAR_0715,CAR,435,standing,,,,14.7626,1,450,False
158,17,PT,PT,,standing,,,,30.699,1,525,False
159,17,CAR_0730,CAR,450,standing,,,,21.1863,1,495,False
160,17,CAR_0915,CAR,555,standing,,,,24.3281,1,585,False
161,17,SKIP,SKIP,,rule,T6,"Chose to skip the trip over take PT: lowest total cost (NZ$35.53 vs NZ$43.54), mainly the PT trip.",pt;arrival_time,35.5316,1,,False
162,17,CAR_0645,CAR,405,standing,,,,20.0724,1,420,True
163,17,CAR_0830,CAR,510,standing,,,,41.948,1,525,False
164,17,PT,PT,,standing,,,,29.2125,1,465,False
165,17,CAR_0830,CAR,510,standing,,,,21.3098,1,540,False
166,17,CAR_0845,CAR,525,rule,T7,"Chose to drive at 08:45 over drive at 09:00: lowest total cost (NZ$32.69 vs NZ$36.59), mainly arrival time.",arrival_time;habit,32.6903,1,540,False
167,17,CAR_0745,CAR,465,standing,,,,17.6576,1,480,False
168,17,CAR_0900,CAR,540,standing,,,,14.2938,1,555,False
169,17,CAR_0730,CAR,450,standing,,,,16.475,1,480,False
170,17,PT,PT,,standing,,,,29.4029,1,495,False
171,17,CAR_0815,CAR,495,rule,T7,"Chose to drive at 08:15 over drive at 08:30: lowest total cost (NZ$14.32 vs NZ$15.42), mainly changing routine.",habit,14.3231,1,525,False
172,17,CAR_0845,CAR,525,standing,,,,30.1125,1,540,False
173,17,CAR_0845,CAR,525,standing,,,,10.1628,1,540,False
174,17,CAR_0645,CAR,405,standing,,,,22.9596,1,435,False
175,17,CAR_0700,CAR,420,standing,,,,32.7366,1,435,False
176,17,CAR_0715,CAR,435,standing,,,,27.314,1,525,False
177,17,PT,PT,,standing,,,,23.8378,1,510,False
178,17,PT,PT,,standing,,,,17.8326,1,510,False
179,17,WFH,WFH,,standing,,,,20.0282,1,,False
180,17,PT,PT,,standing,,,,19.9963,1,465,False
181,17,CAR_0915,CAR,555,standing,,,,28.379,1,570,False
182,17,CAR_0830,CAR,510,standing,,,,33.75,1,525,False
183,17,PT,PT,,standing,,,,18.8997,1,480,False
184,17,CAR_0745,CAR,465,standing,,,,3.0451,1,480,False
185,17,PT,PT,,standing,,,,25.7801,1,525,False
186,17,CAR_0715,CAR,435,standing,,,,16.3926,1,465,False
187,17,CAR_0745,CAR,465,standing,,,,23.4193,1,495,False
188,17,CAR_0715,CAR,435,standing,,,,9.4656,1,495,False
189,17,PT,PT,,standing,,,,26.5357,1,450,False
190,17,CAR_0900,CAR,540,standing,,,,29.4476,1,555,False
191,17,CAR_0900,CAR,540,standing,,,,20.2647,1,570,False
192,17,PT,PT,,standing,,,,23.7715,1,420,False
193,17,PT,PT,,standing,,,,28.5828,1,540,False
194,17,WFH,WFH,,standing,,,,16.2509,1,,False
195,17,CAR_0715,CAR,435,standing,,,,15.0226,1,480,False
196,17,CAR_0730,CAR,450,standing,,,,24.2173,1,465,False
197,17,CAR_0700,CAR,420,standing,,,,12.8031,1,435,False
198,17,CAR_0730,CAR,450,standing,,,,15.8806,1,465,False
199,17,CAR_0645,CAR,405,standing,,,,20.7932,1,420,True
200,17,CAR_0630,CAR,390,standing,,,,22.8141,1,420,True
201,17,PT,PT,,standing,,,,34.4781,1,465,False
202,17,CAR_0715,CAR,435,standing,,,,20.7595,4,465,False
203,17,PT,PT,,standing,,,,29.0144,1,555,False
204,17,PT,PT,,standing,,,,29.08,1,495,False
205,17,CAR_0915,CAR,555,standing,,,,15.129,1,570,False
206,17,CAR_0645,CAR,405,standing,,,,20.3522,1,420,True
207,17,PT,PT,,standing,,,,31.0478,1,495,False
208,17,CAR_0800,CAR,480,standing,,,,26.5468,1,495,False
209,17,CAR_0700,CAR,420,standing,,,,3.9052,1,435,False
210,17,PT,PT,,standing,,,,30.1751,1,555,False
211,17,CAR_0930,CAR,570,standing,,,,26.7554,1,585,False
212,17,PT,PT,,standing,,,,32.0036,1,540,False
213,17,CAR_0630,CAR,390,standing,,,,27.8469,1,420,True
214,17,PT,PT,,standing,,,,24.9724,1,555,False
215,17,PT,PT,,standing,,,,22.281,1,525,False
216,17,CAR_0730,CAR,450,standing,,,,10.9526,1,495,False
217,17,CAR_0745,CAR,465,standing,,,,35.4359,1,480,False
218,17,SKIP,SKIP,,rule,T6,"Chose to skip the trip over drive at 07:45: lowest total cost (NZ$42.00 vs NZ$48.35), mainly fuel.",other;fee,42.0026,1,,False
219,17,CAR_0815,CAR,495,standing,,,,27.0431,1,510,False
220,17,CAR_0845,CAR,525,standing,,,,16.1688,1,540,False
221,17,CAR_0730,CAR,450,standing,,,,17.118,1,465,False
222,17,CAR_0715,CAR,435,standing,,,,13.4429,1,450,False
223,17,PT,PT,,standing,,,,28.7841,1,480,False
224,17,CAR_0815,CAR,495,standing,,,,22.021,1,525,False
225,17,CAR_0700,CAR,420,standing,,,,31.8358,1,435,False
226,17,CAR_0930,CAR,570,rule,T3,"Chose to drive at 09:30 over drive at 09:15: lowest total cost (NZ$29.18 vs NZ$31.45), mainly changing routine.",habit;fee;travel_time,29.1752,1,570,False
227,17,CAR_0830,CAR,510,standing,,,,28.3431,1,540,False
228,17,CAR_0645,CAR,405,standing,,,,7.6461,1,420,False
229,17,PT,PT,,standing,,,,24.5162,1,525,False
230,17,CAR_0700,CAR,420,standing,,,,17.9772,1,450,False
231,17,CAR_0700,CAR,420,standing,,,,14.6193,1,435,False
232,17,CAR_0900,CAR,540,rule,T3,"Chose to drive at 09:00 over drive at 08:45: lowest total cost (NZ$18.49 vs NZ$17.79), mainly the charge.",fee;habit,18.4947,3,540,False
233,17,CAR_0800,CAR,480,standing,,,,34.7695,1,495,False
234,17,CAR_0745,CAR,465,rule,T5,"Chose to drive at 07:45 over drive at 07:15: lowest total cost (NZ$18.43 vs NZ$19.77), mainly arrival time.",arrival_time;travel_time,18.4323,1,480,False
235,17,CAR_0730,CAR,450,standing,,,,39.5343,1,480,False
236,17,CAR_0915,CAR,555,standing,,,,24.6803,1,570,False
237,17,CAR_0645,CAR,405,standing,,,,28.564,1,420,True
238,17,CAR_0745,CAR,465,standing,,,,22.2135,2,495,False
239,17,PT,PT,,standing,,,,32.2377,1,525,False
240,17,CAR_0645,CAR,405,standing,,,,12.1962,1,420,False
241,17,CAR_0645,CAR,405,standing,,,,19.2548,1,450,False
242,17,CAR_0900,CAR,540,standing,,,,27.6671,1,555,False
243,17,PT,PT,,standing,,,,21.3375,1,540,False
244,17,CAR_0715,CAR,435,standing,,,,24.2207,1,450,False
245,17,CAR_0815,CAR,495,standing,,,,2.6958,1,510,False
246,17,CAR_0945,CAR,585,standing,,,,30.3707,1,600,False
247,17,CAR_0815,CAR,495,standing,,,,21.5206,1,510,False
248,17,CAR_0915,CAR,555,standing,,,,29.6513,1,570,False
249,17,CAR_0830,CAR,510,standing,,,,15.3245,1,525,False
250,17,PT,PT,,standing,,,,31.7548,1,540,False
251,17,CAR_0815,CAR,495,standing,,,,26.2637,1,510,False
252,17,CAR_0700,CAR,420,standing,,,,42.5621,1,450,False
253,17,CAR_0845,CAR,525,standing,,,,14.8707,1,540,False
254,17,PT,PT,,standing,,,,23.0579,1,495,False
255,17,CAR_0715,CAR,435,standing,,,,31.8289,2,465,False
256,17,WFH,WFH,,standing,,,,42.355,1,,False
257,17,CAR_0730,CAR,450,standing,,,,12.2063,1,465,False
258,17,CAR_0700,CAR,420,standing,,,,14.6168,1,435,False
259,17,SKIP,SKIP,,rule,T6,"Chose to skip the trip over drive at 07:45: lowest total cost (NZ$38.75 vs NZ$43.06), mainly parking.",other;fee,38.7517,1,,False
260,17,PT,PT,,standing,,,,21.93,1,510,False
261,17,CAR_0830,CAR,510,standing,,,,30.9634,1,525,False
262,17,PT,PT,,standing,,,,31.2307,1,510,False
263,17,PT,PT,,standing,,,,32.0327,1,465,False
264,17,CAR_0915,CAR,555,standing,,,,7.8338,1,555,False
265,17,CAR_0915,CAR,555,standing,,,,29.3955,1,570,False
266,17,CAR_0815,CAR,495,standing,,,,31.3455,1,510,False
267,17,CAR_0830,CAR,510,standing,,,,31.7071,1,525,False
268,17,CAR_0800,CAR,480,standing,,,,37.5989,1,495,False
269,17,CAR_0845,CAR,525,standing,,,,45.4156,1,555,False
270,17,WFH,WFH,,standing,,,,36.5391,1,,False
271,17,CAR_0715,CAR,435,standing,,,,19.7873,1,450,False
272,17,CAR_0630,CAR,390,standing,,,,12.3216,3,450,False
273,17,PT,PT,,standing,,,,32.2387,1,510,False
274,17,SKIP,SKIP,,rule,T6,"Chose to skip the trip over drive at 08:15: lowest total cost (NZ$34.45 vs NZ$38.31), mainly fuel.",other;fee,34.4459,1,,False
275,17,CAR_0700,CAR,420,standing,,,,15.28,1,495,False
276,17,CAR_0645,CAR,405,standing,,,,20.9028,1,420,True
277,17,CAR_0715,CAR,435,standing,,,,11.1841,1,480,False
278,17,PT,PT,,standing,,,,24.4987,1,525,False
279,17,CAR_0915,CAR,555,standing,,,,27.7986,1,570,False
280,17,CAR_0830,CAR,510,standing,,,,31.5609,1,525,False
281,17,PT,PT,,standing,,,,22.2882,1,495,False
282,17,PT,PT,,standing,,,,26.3611,1,525,False
283,17,CAR_0900,CAR,540,standing,,,,19.2083,1,555,False
284,17,PT,PT,,standing,,,,24.2399,1,585,False
285,17,PT,PT,,standing,,,,25.46,1,495,False
286,17,CAR_0715,CAR,435,standing,,,,32.6349,1,450,False
287,17,PT,PT,,standing,,,,18.5869,1,600,False
288,17,CAR_0700,CAR,420,standing,,,,20.2126,1,555,False
289,17,PT,PT,,standing,,,,21.6997,1,495,False
290,17,CAR_0745,CAR,465,standing,,,,14.8931,1,480,False
291,17,CAR_0815,CAR,495,standing,,,,17.407,1,510,False
292,17,CAR_0800,CAR,480,standing,,,,1.3233,1,510,False
293,17,PT,PT,,standing,,,,31.9657,1,525,False
294,17,WFH,WFH,,standing,,,,14.8241,1,,False
295,17,PT,PT,,standing,,,,19.378,1,480,False
296,17,CAR_0800,CAR,480,standing,,,,33.0721,1,495,False
297,17,CAR_0715,CAR,435,standing,,,,17.249,1,465,False
298,17,PT,PT,,standing,,,,30.5886,1,540,False
299,17,CAR_0715,CAR,435,standing,,,,17.9434,1,495,False
0,18,WFH,WFH,,standing,,,,34.8391,1,,False
1,18,CAR_0715,CAR,435,standing,,,,20.2803,1,450,False
2,18,CAR_0715,CAR,435,standing,,,,9.9745,1,450,False
3,18,CAR_0815,CAR,495,standing,,,,34.2456,1,510,False
4,18,PT,PT,,standing,,,,29.5959,1,525,False
5,18,CAR_0800,CAR,480,standing,,,,15.5893,1,495,False
6,18,CAR_0630,CAR,390,standing,,,,20.5806,3,420,True
7,18,CAR_0745,CAR,465,standing,,,,11.9191,1,480,False
8,18,PT,PT,,standing,,,,19.8437,1,525,False
9,18,CAR_0915,CAR,555,standing,,,,27.8652,1,570,False
10,18,PT,PT,,standing,,,,32.0804,2,525,False
11,18,CAR_0800,CAR,480,standing,,,,31.1466,1,495,False
12,18,CAR_0830,CAR,510,standing,,,,36.9527,2,525,False
13,18,CAR_0900,CAR,540,standing,,,,19.3298,1,555,False
14,18,PT,PT,,standing,,,,32.1305,1,585,False
15,18,CAR_0800,CAR,480,standing,,,,39.7429,1,495,False
16,18,PT,PT,,standing,,,,23.8509,1,450,False
17,18,CAR_0945,CAR,585,standing,,,,27.5345,1,600,False
18,18,CAR_0945,CAR,585,rule,T3,"Chose to drive at 09:45 over drive at 09:30: lowest total cost (NZ$20.09 vs NZ$22.48), mainly changing routine.",habit,20.0927,1,555,False
19,18,CAR_0800,CAR,480,standing,,,,29.1057,1,495,False
20,18,CAR_0745,CAR,465,standing,,,,16.9712,1,480,False
21,18,CAR_0815,CAR,495,standing,,,,17.1081,1,510,False
22,18,CAR_0830,CAR,510,standing,,,,2.2848,4,510,False
23,18,PT,PT,,standing,,,,23.612,1,525,False
24,18,CAR_0715,CAR,435,standing,,,,15.5342,1,465,False
25,18,PT,PT,,standing,,,,23.4377,1,480,False
26,18,PT,PT,,standing,,,,20.602,1,495,False
27,18,CAR_0730,CAR,450,standing,,,,17.8031,1,465,False
28,18,PT,PT,,standing,,,,23.2635,1,540,False
29,18,CAR_0715,CAR,435,standing,,,,18.5734,1,495,False
30,18,CAR_0815,CAR,495,standing,,,,31.7589,1,525,False
31,18,CAR_0815,CAR,495,standing,,,,35.1536,1,525,False
32,18,CAR_0745,CAR,465,standing,,,,22.2664,1,510,False
33,18,CAR_0745,CAR,465,standing,,,,17.7226,1,495,False
34,18,PT,PT,,standing,,,,19.2138,1,495,False
35,18,CAR_0815,CAR,495,standing,,,,33.3155,1,510,False
36,18,CAR_0745,CAR,465,standing,,,,1.1388,1,480,False
37,18,PT,PT,,standing,,,,21.2526,1,510,False
38,18,CAR_0700,CAR,420,standing,,,,21.8224,1,450,False
39,18,PT,PT,,standing,,,,22.5886,1,480,False
40,18,CAR_0700,CAR,420,standing,,,,21.1749,1,435,False
41,18,CAR_0630,CAR,390,standing,,,,10.4996,2,420,True
42,18,CAR_0800,CAR,480,standing,,,,20.1872,1,525,False
43,18,PT,PT,,standing,,,,32.3088,1,540,False
44,18,CAR_0730,CAR,450,standing,,,,14.5665,1,465,False
45,18,CAR_0700,CAR,420,standing,,,,14.5385,1,435,False
46,18,CAR_0845,CAR,525,standing,,,,16.4691,1,540,False
47,18,CAR_0715,CAR,435,standing,,,,8.6281,2,450,False
48,18,PT,PT,,standing,,,,19.7335,1,510,False
49,18,WFH,WFH,,standing,,,,12.2018,1,,False
50,18,PT,PT,,standing,,,,28.863,1,510,False
51,18,CAR_0815,CAR,495,rule,T7,"Chose to drive at 08:15 over drive at 08:30: lowest total cost (NZ$23.82 vs NZ$26.53), mainly changing routine.",habit,23.8206,1,525,False
52,18,PT,PT,,standing,,,,24.4912,1,525,False
53,18,CAR_0645,CAR,405,standing,,,,17.1707,1,420,True
54,18,CAR_0715,CAR,435,rule,T5,"Chose to drive at 07:15 over drive at 07:00: lowest total cost (NZ$8.14 vs NZ$10.95), mainly changing routine.",habit;arrival_time,8.139,1,450,False
55,18,CAR_0700,CAR,420,standing,,,,2.1121,1,435,False
56,18,CAR_0830,CAR,510,standing,,,,9.4096,1,525,False
57,18,CAR_0715,CAR,435,standing,,,,24.0611,1,450,False
58,18,CAR_0815,CAR,495,standing,,,,13.6617,1,510,False
59,18,CAR_0715,CAR,435,standing,,,,20.8308,1,510,False
60,18,PT,PT,,standing,,,,20.9782,1,465,False
61,18,CAR_0730,CAR,450,standing,,,,37.2205,2,510,False
62,18,CAR_0745,CAR,465,standing,,,,28.1677,1,480,False
63,18,CAR_0830,CAR,510,standing,,,,24.5842,1,525,False
64,18,PT,PT,,standing,,,,33.1718,1,465,False
65,18,SKIP,SKIP,,rule,T6,"Chose to skip the trip over drive at 08:00: lowest total cost (NZ$33.80 vs NZ$39.43), mainly parking.",other;fee,33.8034,1,,False
66,18,CAR_0800,CAR,480,standing,,,,32.6283,1,495,False
67,18,WFH,WFH,,standing,,,,22.0714,1,,False
68,18,CAR_0715,CAR,435,standing,,,,21.301,1,465,False
69,18,CAR_0915,CAR,555,standing,,,,26.4103,1,570,False
70,18,WFH,WFH,,standing,,,,17.2841,1,,False
71,18,PT,PT,,standing,,,,32.5316,1,495,False
72,18,CAR_0700,CAR,420,standing,,,,13.3528,1,435,False
73,18,PT,PT,,standing,,,,31.0466,1,525,False
74,18,PT,PT,,standing,,,,22.7657,1,540,False
75,18,PT,PT,,standing,,,,24.4691,1,555,False
76,18,CAR_0730,CAR,450,standing,,,,18.1272,1,480,False
77,18,CAR_0700,CAR,420,standing,,,,24.0664,1,435,False
78,18,CAR_0945,CAR,585,standing,,,,23.416,1,585,False
79,18,SKIP,SKIP,,rule,T6,"Chose to skip the trip over drive at 07:45: lowest total cost (NZ$39.51 vs NZ$44.95), mainly parking.",other;fee,39.5143,1,,False
80,18,CAR_0800,CAR,480,standing,,,,22.2147,1,495,False
81,18,CAR_0700,CAR,420,standing,,,,29.5317,1,435,False
82,18,PT,PT,,standing,,,,17.6253,1,510,False
83,18,WFH,WFH,,standing,,,,21.7228,3,,False
84,18,CAR_0730,CAR,450,standing,,,,16.9985,1,465,False
85,18,PT,PT,,standing,,,,23.8139,1,525,False
86,18,CAR_0700,CAR,420,standing,,,,11.9825,1,435,False
87,18,CAR_0715,CAR,435,standing,,,,13.4753,1,450,False
88,18,CAR_0815,CAR,495,standing,,,,3.6908,1,510,False
89,18,CAR_0700,CAR,420,standing,,,,2.6782,1,465,False
90,18,PT,PT,,standing,,,,19.7719,1,525,False
91,18,CAR_0730,CAR,450,standing,,,,34.3662,1,495,False
92,18,CAR_0730,CAR,450,standing,,,,13.059,1,495,False
93,18,CAR_0700,CAR,420,rule,T7,"Chose to drive at 07:00 over drive at 06:45: lowest total cost (NZ$9.41 vs NZ$13.41), mainly arrival time.",arrival_time;habit,9.4071,1,435,False
94,18,CAR_0915,CAR,555,standing,,,,16.7725,1,570,False
95,18,CAR_0830,CAR,510,standing,,,,22.6795,1,540,False
96,18,CAR_0715,CAR,435,standing,,,,29.5624,1,465,False
97,18,CAR_0845,CAR,525,standing,,,,41.143,1,555,False
98,18,PT,PT,,standing,,,,18.8005,1,525,False
99,18,CAR_0730,CAR,450,standing,,,,21.4535,1,480,False
100,18,CAR_0800,CAR,480,standing,,,,17.5511,1,495,False
101,18,CAR_0830,CAR,510,standing,,,,17.386,1,525,False
102,18,PT,PT,,standing,,,,24.2136,1,510,False
103,18,CAR_0800,CAR,480,standing,,,,17.6952,1,495,False
104,18,CAR_0700,CAR,420,standing,,,,16.738,1,480,False
105,18,CAR_0700,CAR,420,standing,,,,1.5657,1,435,False
106,18,WFH,WFH,,standing,,,,16.8006,1,,False
107,18,CAR_0845,CAR,525,standing,,,,16.9793,1,540,False
108,18,CAR_0830,CAR,510,standing,,,,23.0249,2,525,False
109,18,CAR_0845,CAR,525,standing,,,,4.0241,1,540,False
110,18,CAR_0845,CAR,525,standing,,,,12.7248,1,540,False
111,18,CAR_0915,CAR,555,standing,,,,8.0189,2,570,False
112,18,CAR_0700,CAR,420,standing,,,,18.4967,1,450,False
113,18,PT,PT,,standing,,,,27.1744,1,555,False
114,18,PT,PT,,standing,,,,20.2778,1,570,False
115,18,CAR_0815,CAR,495,standing,,,,7.938,1,510,False
116,18,PT,PT,,standing,,,,19.8053,1,480,False
117,18,CAR_0730,CAR,450,standing,,,,3.8343,1,480,False
118,18,CAR_0915,CAR,555,standing,,,,4.4538,1,570,False
119,18,PT,PT,,standing,,,,19.5064,1,495,False
120,18,CAR_0700,CAR,420,standing,,,,14.8559,1,435,False
121,18,CAR_0845,CAR,525,standing,,,,21.6907,1,540,False
122,18,CAR_0915,CAR,555,standing,,,,27.2619,1,570,False
123,18,PT,PT,,standing,,,,22.2612,1,435,False
124,18,CAR_0645,CAR,405,standing,,,,11.8099,1,420,False
125,18,CAR_0630,CAR,390,standing,,,,2.2028,1,495,False
126,18,CAR_0830,CAR,510,standing,,,,29.7202,1,525,False
127,18,PT,PT,,standing,,,,22.0984,1,510,False
128,18,CAR_0730,CAR,450,standing,,,,25.3608,1,465,False
129,18,PT,PT,,standing,,,,20.9459,1,450,False
130,18,CAR_0630,CAR,390,standing,,,,25.6523,1,420,True
131,18,CAR_0715,CAR,435,standing,,,,14.5585,2,465,False
132,18,WFH,WFH,,standing,,,,30.9848,1,,False
133,18,CAR_0645,CAR,405,standing,,,,19.5882,1,420,True
134,18,CAR_0800,CAR,480,standing,,,,19.4094,1,510,False
135,18,CAR_0800,CAR,480,standing,,,,22.5921,1,525,False
136,18,WFH,WFH,,standing,,,,12.7425,1,,False
137,18,CAR_0715,CAR,435,standing,,,,9.5099,1,480,False
138,18,CAR_0700,CAR,420,standing,,,,25.5661,1,510,False
139,18,CAR_0845,CAR,525,standing,,,,3.4414,1,540,False
140,18,CAR_0700,CAR,420,standing,,,,2.0563,1,435,False
141,18,PT,PT,,standing,,,,21.5018,1,420,False
142,18,CAR_0800,CAR,480,standing,,,,9.3614,1,495,False
143,18,CAR_0730,CAR,450,standing,,,,2.5213,1,480,False
144,18,CAR_0715,CAR,435,standing,,,,13.8064,1,495,False
145,18,CAR_0700,CAR,420,standing,,,,2.1172,1,435,False
146,18,PT,PT,,standing,,,,22.6123,1,495,False
147,18,PT,PT,,standing,,,,37.6092,1,525,False
148,18,CAR_0845,CAR,525,standing,,,,34.4941,1,555,False
149,18,CAR_0845,CAR,525,standing,,,,22.5135,1,540,False
150,18,CAR_0900,CAR,540,standing,,,,23.2539,1,555,False
151,18,CAR_0745,CAR,465,standing,,,,12.0911,1,480,False
152,18,CAR_0730,CAR,450,standing,,,,23.6022,1,495,False
153,18,WFH,WFH,,standing,,,,30.0462,1,,False
154,18,CAR_0915,CAR,555,standing,,,,11.0819,1,555,False
155,18,WFH,WFH,,standing,,,,18.73,2,,False
156,18,PT,PT,,standing,,,,27.5756,1,480,False
157,18,CAR_0715,CAR,435,standing,,,,14.718,1,450,False
158,18,PT,PT,,standing,,,,30.699,1,525,False
159,18,CAR_0730,CAR,450,standing,,,,20.7646,1,495,False
160,18,CAR_0915,CAR,555,standing,,,,24.2928,1,585,False
161,18,SKIP,SKIP,,rule,T6,"Chose to skip the trip over take PT: lowest total cost (NZ$35.53 vs NZ$43.54), mainly the PT trip.",pt;arrival_time,35.5316,1,,False
162,18,CAR_0645,CAR,405,standing,,,,20.0724,1,420,True
163,18,CAR_0830,CAR,510,standing,,,,41.8984,1,525,False
164,18,PT,PT,,standing,,,,29.2125,1,465,False
165,18,CAR_0830,CAR,510,standing,,,,21.2523,1,540,False
166,18,CAR_0845,CAR,525,standing,,,,32.4785,1,540,False
167,18,CAR_0745,CAR,465,standing,,,,17.6576,1,480,False
168,18,CAR_0900,CAR,540,standing,,,,14.1455,1,555,False
169,18,CAR_0730,CAR,450,standing,,,,16.1575,1,480,False
170,18,PT,PT,,standing,,,,29.4029,1,495,False
171,18,CAR_0815,CAR,495,standing,,,,14.2683,1,525,False
172,18,CAR_0845,CAR,525,standing,,,,29.9536,1,540,False
173,18,CAR_0845,CAR,525,standing,,,,10.0053,1,540,False
174,18,CAR_0645,CAR,405,standing,,,,22.8537,1,435,False
175,18,CAR_0700,CAR,420,standing,,,,32.6657,1,435,False
176,18,CAR_0715,CAR,435,standing,,,,27.2427,1,525,False
177,18,PT,PT,,standing,,,,23.8378,1,510,False
178,18,PT,PT,,standing,,,,17.8326,1,510,False
179,18,WFH,WFH,,standing,,,,20.0282,1,,False
180,18,PT,PT,,standing,,,,19.9963,1,465,False
181,18,CAR_0915,CAR,555,standing,,,,28.2166,1,570,False
182,18,CAR_0830,CAR,510,standing,,,,33.6971,1,525,False
183,18,PT,PT,,standing,,,,18.8997,1,480,False
184,18,CAR_0745,CAR,465,standing,,,,3.0337,1,480,False
185,18,PT,PT,,standing,,,,25.7801,1,525,False
186,18,CAR_0715,CAR,435,rule,T7,"Chose to drive at 07:15 over drive at 07:30: lowest total cost (NZ$16.10 vs NZ$15.16), mainly the charge.",fee;habit,16.0994,2,465,False
187,18,CAR_0745,CAR,465,standing,,,,23.3134,1,495,False
188,18,CAR_0715,CAR,435,standing,,,,9.3245,1,495,False
189,18,PT,PT,,standing,,,,26.5357,1,450,False
190,18,CAR_0900,CAR,540,standing,,,,29.4017,1,555,False
191,18,CAR_0900,CAR,540,standing,,,,20.1323,1,570,False
192,18,PT,PT,,standing,,,,23.7715,1,420,False
193,18,PT,PT,,standing,,,,28.5828,1,540,False
194,18,WFH,WFH,,standing,,,,16.2509,1,,False
195,18,CAR_0715,CAR,435,standing,,,,14.9775,1,480,False
196,18,CAR_0730,CAR,450,standing,,,,24.2168,1,465,False
197,18,CAR_0700,CAR,420,standing,,,,12.7325,1,435,False
198,18,CAR_0730,CAR,450,standing,,,,15.625,1,465,False
199,18,CAR_0645,CAR,405,standing,,,,20.7579,1,420,True
200,18,CAR_0630,CAR,390,standing,,,,22.7435,1,420,True
201,18,PT,PT,,standing,,,,34.4781,1,465,False
202,18,CAR_0645,CAR,405,rule,T5,"Chose to drive at 06:45 over drive at 07:15: lowest total cost (NZ$19.24 vs NZ$18.99), mainly travel time.",travel_time;fee,19.2429,3,465,False
203,18,PT,PT,,standing,,,,29.0144,1,555,False
204,18,PT,PT,,standing,,,,29.08,1,495,False
205,18,CAR_0915,CAR,555,standing,,,,15.049,1,570,False
206,18,CAR_0645,CAR,405,standing,,,,20.2816,1,420,True
207,18,PT,PT,,standing,,,,31.0478,1,495,False
208,18,CAR_0800,CAR,480,standing,,,,26.4566,1,495,False
209,18,CAR_0700,CAR,420,standing,,,,3.9051,1,435,False
210,18,PT,PT,,standing,,,,30.1751,1,555,False
211,18,CAR_0930,CAR,570,standing,,,,26.7201,1,585,False
212,18,PT,PT,,standing,,,,32.0036,1,540,False
213,18,CAR_0630,CAR,390,standing,,,,27.7881,1,420,True
214,18,PT,PT,,standing,,,,24.9724,1,555,False
215,18,PT,PT,,standing,,,,22.281,1,525,False
216,18,CAR_0800,CAR,480,rule,T7,"Chose to drive at 08:00 over drive at 07:30: lowest total cost (NZ$11.31 vs NZ$10.47), mainly arrival time.",arrival_time;travel_time,11.3141,2,495,False
217,18,CAR_0745,CAR,465,standing,,,,35.1623,1,480,False
218,18,SKIP,SKIP,,rule,T6,"Chose to skip the trip over drive at 07:45: lowest total cost (NZ$42.00 vs NZ$48.19), mainly fuel.",other;fee,42.0026,1,,False
219,18,CAR_0815,CAR,495,standing,,,,26.7283,1,510,False
220,18,CAR_0845,CAR,525,standing,,,,16.0634,1,540,False
221,18,CAR_0730,CAR,450,standing,,,,17.0308,1,465,False
222,18,CAR_0715,CAR,435,standing,,,,14.2105,1,450,False
223,18,PT,PT,,standing,,,,28.7841,1,480,False
224,18,CAR_0815,CAR,495,standing,,,,21.9661,1,525,False
225,18,CAR_0700,CAR,420,standing,,,,31.6946,1,435,False
226,18,CAR_0930,CAR,570,rule,T3,"Chose to drive at 09:30 over drive at 09:15: lowest total cost (NZ$29.14 vs NZ$31.41), mainly changing routine.",habit;fee;travel_time,29.1399,1,570,False
227,18,CAR_0830,CAR,510,standing,,,,28.2902,1,540,False
228,18,CAR_0645,CAR,405,standing,,,,7.6461,1,420,False
229,18,PT,PT,,standing,,,,24.5162,1,525,False
230,18,CAR_0700,CAR,420,standing,,,,17.9696,1,450,False
231,18,CAR_0700,CAR,420,standing,,,,14.4967,1,435,False
232,18,CAR_0845,CAR,525,rule,T3,"Chose to drive at 08:45 over drive at 09:00: lowest total cost (NZ$17.78 vs NZ$18.48), mainly arrival time.",arrival_time,17.7796,1,540,False
233,18,CAR_0800,CAR,480,standing,,,,34.6257,1,495,False
234,18,CAR_0745,CAR,465,standing,,,,17.3705,1,480,False
235,18,CAR_0730,CAR,450,standing,,,,38.8848,1,480,False
236,18,CAR_0915,CAR,555,standing,,,,24.5709,1,570,False
237,18,CAR_0645,CAR,405,standing,,,,28.564,1,420,True
238,18,CAR_0745,CAR,465,standing,,,,21.7899,2,495,False
239,18,PT,PT,,standing,,,,32.2377,1,525,False
240,18,CAR_0645,CAR,405,standing,,,,12.055,1,420,False
241,18,CAR_0645,CAR,405,standing,,,,19.2038,1,450,False
242,18,CAR_0900,CAR,540,standing,,,,27.6671,1,555,False
243,18,PT,PT,,standing,,,,21.3375,1,540,False
244,18,CAR_0700,CAR,420,rule,T5,"Chose to drive at 07:00 over drive at 07:15: lowest total cost (NZ$25.08 vs NZ$24.10), mainly travel time.",travel_time,25.0804,2,450,False
245,18,CAR_0815,CAR,495,standing,,,,2.6911,1,510,False
246,18,CAR_0945,CAR,585,standing,,,,30.3001,1,600,False
247,18,CAR_0815,CAR,495,standing,,,,21.406,1,510,False
248,18,CAR_0915,CAR,555,standing,,,,29.582,1,570,False
249,18,CAR_0830,CAR,510,standing,,,,15.2186,1,525,False
250,18,PT,PT,,standing,,,,31.7548,1,540,False
251,18,CAR_0815,CAR,495,standing,,,,26.1578,1,510,False
252,18,CAR_0700,CAR,420,standing,,,,42.4846,1,450,False
253,18,CAR_0845,CAR,525,standing,,,,14.8702,1,540,False
254,18,PT,PT,,standing,,,,23.0579,1,495,False
255,18,CAR_0715,CAR,435,standing,,,,31.814,2,465,False
256,18,WFH,WFH,,standing,,,,42.355,1,,False
257,18,CAR_0730,CAR,450,standing,,,,12.2506,1,465,False
258,18,CAR_0700,CAR,420,standing,,,,14.5462,1,435,False
259,18,SKIP,SKIP,,rule,T6,"Chose to skip the trip over drive at 07:45: lowest total cost (NZ$38.75 vs NZ$43.01), mainly parking.",other;fee,38.7517,1,,False
260,18,PT,PT,,standing,,,,21.93,1,510,False
261,18,CAR_0830,CAR,510,standing,,,,30.9634,1,525,False
262,18,PT,PT,,standing,,,,31.2307,1,510,False
263,18,PT,PT,,standing,,,,32.0327,1,465,False
264,18,CAR_0915,CAR,555,standing,,,,7.7587,1,555,False
265,18,CAR_0915,CAR,555,standing,,,,29.314,1,570,False
266,18,CAR_0815,CAR,495,standing,,,,31.2808,1,510,False
267,18,CAR_0830,CAR,510,standing,,,,31.6012,1,525,False
268,18,CAR_0800,CAR,480,standing,,,,37.3179,1,495,False
269,18,CAR_0845,CAR,525,standing,,,,45.3603,1,555,False
270,18,WFH,WFH,,standing,,,,36.5391,1,,False
271,18,CAR_0715,CAR,435,standing,,,,19.6781,1,450,False
272,18,CAR_0630,CAR,390,standing,,,,12.2863,3,450,False
273,18,PT,PT,,standing,,,,32.2387,1,510,False
274,18,SKIP,SKIP,,rule,T6,"Chose to skip the trip over drive at 08:15: lowest total cost (NZ$34.45 vs NZ$38.20), mainly fuel.",other;fee,34.4459,1,,False
275,18,CAR_0700,CAR,420,rule,T7,"Chose to drive at 07:00 over drive at 06:45 for the early start: lowest total cost (NZ$15.20 vs NZ$17.39), mainly changing routine.",habit,15.2017,1,495,False
276,18,CAR_0645,CAR,405,standing,,,,20.8675,1,420,True
277,18,CAR_0715,CAR,435,standing,,,,11.1841,1,480,False
278,18,PT,PT,,standing,,,,24.4987,1,525,False
279,18,CAR_0915,CAR,555,standing,,,,27.7977,1,570,False
280,18,CAR_0830,CAR,510,standing,,,,31.4021,1,525,False
281,18,PT,PT,,standing,,,,22.2882,1,495,False
282,18,PT,PT,,standing,,,,26.3611,1,525,False
283,18,CAR_0900,CAR,540,standing,,,,19.118,1,555,False
284,18,PT,PT,,standing,,,,24.2399,1,585,False
285,18,PT,PT,,standing,,,,25.46,1,495,False
286,18,CAR_0715,CAR,435,standing,,,,33.958,1,450,False
287,18,PT,PT,,standing,,,,18.5869,1,600,False
288,18,CAR_0700,CAR,420,standing,,,,20.1067,1,555,False
289,18,PT,PT,,standing,,,,21.6997,1,495,False
290,18,CAR_0745,CAR,465,standing,,,,14.0123,1,480,False
291,18,CAR_0815,CAR,495,standing,,,,17.1214,1,510,False
292,18,CAR_0800,CAR,480,standing,,,,1.3233,1,510,False
293,18,PT,PT,,standing,,,,31.9657,1,525,False
294,18,WFH,WFH,,standing,,,,14.8241,1,,False
295,18,PT,PT,,standing,,,,19.378,1,480,False
296,18,CAR_0800,CAR,480,standing,,,,32.9662,1,495,False
297,18,CAR_0715,CAR,435,standing,,,,17.1959,1,465,False
298,18,PT,PT,,standing,,,,30.5886,1,540,False
299,18,CAR_0715,CAR,435,standing,,,,17.9084,1,495,False
0,19,WFH,WFH,,standing,,,,34.8391,1,,False
1,19,CAR_0715,CAR,435,standing,,,,20.2817,1,450,False
2,19,CAR_0715,CAR,435,standing,,,,9.9004,1,450,False
3,19,CAR_0815,CAR,495,standing,,,,34.1715,1,510,False
4,19,PT,PT,,standing,,,,29.5959,1,525,False
5,19,CAR_0800,CAR,480,standing,,,,15.4198,1,495,False
6,19,CAR_0630,CAR,390,standing,,,,20.5311,3,420,True
7,19,CAR_0745,CAR,465,standing,,,,11.8516,1,480,False
8,19,PT,PT,,standing,,,,19.8437,1,525,False
9,19,CAR_0915,CAR,555,standing,,,,27.8135,1,570,False
10,19,PT,PT,,standing,,,,32.0804,2,525,False
11,19,CAR_0800,CAR,480,standing,,,,31.1056,1,495,False
12,19,CAR_0830,CAR,510,standing,,,,36.5388,1,525,False
13,19,CAR_0900,CAR,540,standing,,,,19.1996,1,555,False
14,19,PT,PT,,standing,,,,32.1305,1,585,False
15,19,CAR_0800,CAR,480,standing,,,,39.73,1,495,False
16,19,PT,PT,,standing,,,,23.8509,1,450,False
17,19,CAR_0945,CAR,585,standing,,,,27.4604,1,600,False
18,19,CAR_0945,CAR,585,rule,T3,"Chose to drive at 09:45 over drive at 09:30: lowest total cost (NZ$20.04 vs NZ$22.43), mainly changing routine.",habit,20.0432,1,555,False
19,19,CAR_0800,CAR,480,standing,,,,28.9945,1,495,False
20,19,CAR_0745,CAR,465,standing,,,,16.8943,1,480,False
21,19,CAR_0815,CAR,495,standing,,,,17.0662,1,510,False
22,19,CAR_0830,CAR,510,standing,,,,2.2848,4,510,False
23,19,PT,PT,,standing,,,,23.612,1,525,False
24,19,CAR_0715,CAR,435,standing,,,,14.9803,1,465,False
25,19,PT,PT,,standing,,,,23.4377,1,480,False
26,19,PT,PT,,standing,,,,20.602,1,495,False
27,19,CAR_0730,CAR,450,standing,,,,17.7686,1,465,False
28,19,PT,PT,,standing,,,,23.2635,1,540,False
29,19,CAR_0715,CAR,435,standing,,,,18.4722,1,495,False
30,19,CAR_0815,CAR,495,standing,,,,31.7219,1,525,False
31,19,CAR_0815,CAR,495,standing,,,,35.0715,1,525,False
32,19,CAR_0745,CAR,465,standing,,,,22.1606,1,510,False
33,19,CAR_0745,CAR,465,standing,,,,17.6946,1,495,False
34,19,PT,PT,,standing,,,,19.2138,1,495,False
35,19,CAR_0815,CAR,495,standing,,,,33.2414,1,510,False
36,19,CAR_0745,CAR,465,standing,,,,1.1257,1,480,False
37,19,PT,PT,,standing,,,,21.2526,1,510,False
38,19,CAR_0700,CAR,420,standing,,,,21.7226,1,450,False
39,19,PT,PT,,standing,,,,22.5886,1,480,False
40,19,CAR_0700,CAR,420,standing,,,,21.1244,1,435,False
41,19,CAR_0630,CAR,390,standing,,,,10.4698,2,420,True
42,19,CAR_0800,CAR,480,standing,,,,20.1137,1,525,False
43,19,PT,PT,,standing,,,,32.3088,1,540,False
44,19,CAR_0730,CAR,450,standing,,,,14.5008,1,465,False
45,19,CAR_0700,CAR,420,standing,,,,14.5137,1,435,False
46,19,CAR_0845,CAR,525,standing,,,,16.3899,1,540,False
47,19,CAR_0715,CAR,435,standing,,,,7.9729,1,450,False
48,19,PT,PT,,standing,,,,19.7335,1,510,False
49,19,WFH,WFH,,standing,,,,12.2018,1,,False
50,19,PT,PT,,standing,,,,28.863,1,510,False
51,19,CAR_0815,CAR,495,standing,,,,23.7819,1,525,False
52,19,PT,PT,,standing,,,,24.4912,1,525,False
53,19,CAR_0645,CAR,405,standing,,,,17.1213,1,420,True
54,19,CAR_0715,CAR,435,standing,,,,8.113,1,450,False
55,19,CAR_0700,CAR,420,standing,,,,2.4671,1,435,False
56,19,CAR_0830,CAR,510,standing,,,,9.3354,1,525,False
57,19,CAR_0715,CAR,435,standing,,,,24.0607,1,450,False
58,19,CAR_0815,CAR,495,standing,,,,13.6258,1,510,False
59,19,CAR_0715,CAR,435,standing,,,,20.7759,1,510,False
60,19,PT,PT,,standing,,,,20.9782,1,465,False
61,19,CAR_0730,CAR,450,standing,,,,37.2064,3,510,False
62,19,CAR_0745,CAR,465,standing,,,,28.0201,1,480,False
63,19,CAR_0830,CAR,510,standing,,,,24.4483,1,525,False
64,19,PT,PT,,standing,,,,33.1718,1,465,False
65,19,SKIP,SKIP,,rule,T6,"Chose to skip the trip over drive at 08:00: lowest total cost (NZ$33.80 vs NZ$39.32), mainly parking.",other;fee,33.8034,1,,False
66,19,CAR_0800,CAR,480,standing,,,,32.5913,1,495,False
67,19,WFH,WFH,,standing,,,,22.0714,1,,False
68,19,CAR_0715,CAR,435,standing,,,,21.1565,1,465,False
69,19,CAR_0915,CAR,555,standing,,,,26.3287,1,570,False
70,19,WFH,WFH,,standing,,,,17.2841,1,,False
71,19,PT,PT,,standing,,,,32.5316,1,495,False
72,19,CAR_0700,CAR,420,standing,,,,13.3034,1,435,False
73,19,PT,PT,,standing,,,,31.0466,1,525,False
74,19,PT,PT,,standing,,,,22.7657,1,540,False
75,19,PT,PT,,standing,,,,24.4691,1,555,False
76,19,CAR_0730,CAR,450,standing,,,,18.123,1,480,False
77,19,CAR_0700,CAR,420,standing,,,,24.017,1,435,False
78,19,CAR_0945,CAR,585,standing,,,,23.416,1,585,False
79,19,SKIP,SKIP,,rule,T6,"Chose to skip the trip over drive at 07:45: lowest total cost (NZ$39.51 vs NZ$44.82), mainly parking.",other;fee,39.5143,1,,False
80,19,CAR_0800,CAR,480,standing,,,,22.1777,1,495,False
81,19,CAR_0700,CAR,420,standing,,,,29.4301,1,435,False
82,19,PT,PT,,standing,,,,17.6253,1,510,False
83,19,WFH,WFH,,standing,,,,21.7228,3,,False
84,19,CAR_0730,CAR,450,standing,,,,16.9126,1,465,False
85,19,PT,PT,,standing,,,,23.8139,1,525,False
86,19,CAR_0700,CAR,420,standing,,,,11.9825,1,435,False
87,19,CAR_0715,CAR,435,standing,,,,13.4497,1,450,False
88,19,CAR_0815,CAR,495,standing,,,,3.6908,1,510,False
89,19,CAR_0700,CAR,420,standing,,,,2.6782,1,465,False
90,19,PT,PT,,standing,,,,19.7719,1,525,False
91,19,CAR_0730,CAR,450,standing,,,,34.3688,1,495,False
92,19,CAR_0730,CAR,450,standing,,,,12.9391,1,495,False
93,19,CAR_0700,CAR,420,standing,,,,9.3577,1,435,False
94,19,CAR_0915,CAR,555,standing,,,,16.7455,1,570,False
95,19,CAR_0830,CAR,510,standing,,,,22.6792,1,540,False
96,19,CAR_0715,CAR,435,standing,,,,29.5599,2,465,False
97,19,CAR_0845,CAR,525,standing,,,,41.0687,1,555,False
98,19,PT,PT,,standing,,,,18.8005,1,525,False
99,19,CAR_0730,CAR,450,standing,,,,21.3333,1,480,False
100,19,CAR_0800,CAR,480,standing,,,,17.5511,1,495,False
101,19,CAR_0830,CAR,510,standing,,,,17.3121,1,525,False
102,19,PT,PT,,standing,,,,24.2136,1,510,False
103,19,CAR_0800,CAR,480,standing,,,,17.5841,1,495,False
104,19,CAR_0700,CAR,420,standing,,,,16.7293,2,480,False
105,19,CAR_0700,CAR,420,standing,,,,1.5653,1,435,False
106,19,WFH,WFH,,standing,,,,16.8006,1,,False
107,19,CAR_0845,CAR,525,standing,,,,16.9052,1,540,False
108,19,CAR_0830,CAR,510,standing,,,,22.8896,2,525,False
109,19,CAR_0845,CAR,525,standing,,,,4.0241,1,540,False
110,19,CAR_0845,CAR,525,standing,,,,12.6814,1,540,False
111,19,CAR_0915,CAR,555,standing,,,,7.9576,2,570,False
112,19,CAR_0700,CAR,420,standing,,,,18.4474,1,450,False
113,19,PT,PT,,standing,,,,27.1744,1,555,False
114,19,PT,PT,,standing,,,,20.2778,1,570,False
115,19,CAR_0815,CAR,495,standing,,,,7.9834,1,510,False
116,19,PT,PT,,standing,,,,19.8053,1,480,False
117,19,CAR_0730,CAR,450,standing,,,,3.8266,1,480,False
118,19,CAR_0915,CAR,555,standing,,,,4.4537,1,570,False
119,19,PT,PT,,standing,,,,19.5064,1,495,False
120,19,CAR_0700,CAR,420,standing,,,,14.8556,1,435,False
121,19,CAR_0845,CAR,525,standing,,,,21.6531,1,540,False
122,19,CAR_0915,CAR,555,standing,,,,27.2345,1,570,False
123,19,PT,PT,,standing,,,,22.2612,1,435,False
124,19,CAR_0645,CAR,405,standing,,,,11.7525,1,420,False
125,19,CAR_0630,CAR,390,standing,,,,2.2028,1,495,False
126,19,CAR_0830,CAR,510,standing,,,,29.6461,1,525,False
127,19,PT,PT,,standing,,,,22.0984,1,510,False
128,19,CAR_0730,CAR,450,rule,T5,"Chose to drive at 07:30 over drive at 07:15: lowest total cost (NZ$24.85 vs NZ$28.74), mainly changing routine.",habit;arrival_time;travel_time,24.8453,1,465,False
129,19,PT,PT,,standing,,,,20.9459,1,450,False
130,19,CAR_0630,CAR,390,standing,,,,25.657,1,420,True
131,19,CAR_0715,CAR,435,standing,,,,14.399,2,465,False
132,19,WFH,WFH,,standing,,,,30.9848,1,,False
133,19,CAR_0645,CAR,405,standing,,,,19.5141,1,420,True
134,19,CAR_0800,CAR,480,standing,,,,19.3352,1,510,False
135,19,CAR_0800,CAR,480,standing,,,,22.5551,1,525,False
136,19,WFH,WFH,,standing,,,,12.7425,1,,False
137,19,CAR_0715,CAR,435,standing,,,,9.4381,1,480,False
138,19,CAR_0700,CAR,420,standing,,,,25.5663,1,510,False
139,19,CAR_0845,CAR,525,standing,,,,3.4414,1,540,False
140,19,CAR_0700,CAR,420,standing,,,,2.0563,1,435,False
141,19,PT,PT,,standing,,,,21.5018,1,420,False
142,19,CAR_0800,CAR,480,standing,,,,9.2873,1,495,False
143,19,CAR_0730,CAR,450,standing,,,,2.5018,1,480,False
144,19,CAR_0715,CAR,435,standing,,,,13.755,1,495,False
145,19,CAR_0700,CAR,420,standing,,,,2.1199,1,435,False
146,19,PT,PT,,standing,,,,22.6123,1,495,False
147,19,PT,PT,,standing,,,,37.6092,1,525,False
148,19,CAR_0845,CAR,525,standing,,,,34.42,1,555,False
149,19,CAR_0845,CAR,525,standing,,,,22.4765,1,540,False
150,19,CAR_0900,CAR,540,standing,,,,23.1905,1,555,False
151,19,CAR_0745,CAR,465,standing,,,,12.0816,1,480,False
152,19,CAR_0730,CAR,450,standing,,,,23.5919,1,495,False
153,19,WFH,WFH,,standing,,,,30.0462,1,,False
154,19,CAR_0915,CAR,555,standing,,,,11.0811,1,555,False
155,19,WFH,WFH,,standing,,,,18.73,2,,False
156,19,PT,PT,,standing,,,,27.5756,1,480,False
157,19,CAR_0715,CAR,435,standing,,,,14.4178,1,450,False
158,19,PT,PT,,standing,,,,30.699,1,525,False
159,19,CAR_0730,CAR,450,standing,,,,20.8171,1,495,False
160,19,CAR_0915,CAR,555,standing,,,,24.2681,1,585,False
161,19,SKIP,SKIP,,rule,T6,"Chose to skip the trip over take PT: lowest total cost (NZ$35.53 vs NZ$43.54), mainly the PT trip.",pt;arrival_time,35.5316,1,,False
162,19,CAR_0645,CAR,405,standing,,,,20.0724,1,420,True
163,19,CAR_0830,CAR,510,standing,,,,41.8636,1,525,False
164,19,PT,PT,,standing,,,,29.2125,1,465,False
165,19,CAR_0830,CAR,510,standing,,,,21.1477,1,540,False
166,19,CAR_0845,CAR,525,standing,,,,32.3303,1,540,False
167,19,CAR_0745,CAR,465,standing,,,,17.6576,1,480,False
168,19,CAR_0900,CAR,540,standing,,,,14.0418,1,555,False
169,19,CAR_0730,CAR,450,standing,,,,16.1324,1,480,False
170,19,PT,PT,,standing,,,,29.4029,1,495,False
171,19,CAR_0815,CAR,495,standing,,,,14.23,1,525,False
172,19,CAR_0845,CAR,525,standing,,,,30.0071,1,540,False
173,19,CAR_0845,CAR,525,standing,,,,9.895,1,540,False
174,19,CAR_0645,CAR,405,standing,,,,22.7796,1,435,False
175,19,CAR_0700,CAR,420,standing,,,,32.616,1,435,False
176,19,CAR_0715,CAR,435,standing,,,,27.1928,1,525,False
177,19,PT,PT,,standing,,,,23.8378,1,510,False
178,19,PT,PT,,standing,,,,17.8326,1,510,False
179,19,WFH,WFH,,standing,,,,20.0282,1,,False
180,19,PT,PT,,standing,,,,19.9963,1,465,False
181,19,CAR_0915,CAR,555,standing,,,,28.103,1,570,False
182,19,CAR_0830,CAR,510,standing,,,,33.66,1,525,False
183,19,PT,PT,,standing,,,,18.8997,1,480,False
184,19,CAR_0745,CAR,465,standing,,,,2.7563,1,480,False
185,19,PT,PT,,standing,,,,25.7801,1,525,False
186,19,CAR_0715,CAR,435,standing,,,,15.9816,2,465,False
187,19,CAR_0745,CAR,465,standing,,,,23.2393,1,495,False
188,19,CAR_0715,CAR,435,standing,,,,9.2256,1,495,False
189,19,PT,PT,,standing,,,,26.5357,1,450,False
190,19,CAR_0900,CAR,540,standing,,,,29.3696,1,555,False
191,19,CAR_0900,CAR,540,standing,,,,20.0397,1,570,False
192,19,PT,PT,,standing,,,,23.7715,1,420,False
193,19,PT,PT,,standing,,,,28.5828,1,540,False
194,19,WFH,WFH,,standing,,,,16.2509,1,,False
195,19,CAR_0715,CAR,435,standing,,,,14.9459,1,480,False
196,19,CAR_0730,CAR,450,standing,,,,24.2165,1,465,False
197,19,CAR_0700,CAR,420,standing,,,,12.6831,1,435,False
198,19,CAR_0730,CAR,450,standing,,,,15.509,1,465,False
199,19,CAR_0645,CAR,405,standing,,,,20.7332,1,420,True
200,19,CAR_0630,CAR,390,standing,,,,22.6941,1,420,True
201,19,PT,PT,,standing,,,,34.4781,1,465,False
202,19,CAR_0645,CAR,405,standing,,,,18.2267,2,465,False
203,19,PT,PT,,standing,,,,29.0144,1,555,False
204,19,PT,PT,,standing,,,,29.08,1,495,False
205,19,CAR_0915,CAR,555,standing,,,,14.993,1,570,False
206,19,CAR_0645,CAR,405,standing,,,,20.2322,1,420,True
207,19,PT,PT,,standing,,,,31.0478,1,495,False
208,19,CAR_0800,CAR,480,standing,,,,26.4583,1,495,False
209,19,CAR_0700,CAR,420,standing,,,,3.9051,1,435,False
210,19,PT,PT,,standing,,,,30.1751,1,555,False
211,19,CAR_0930,CAR,570,standing,,,,26.6954,1,585,False
212,19,PT,PT,,standing,,,,32.0036,1,540,False
213,19,CAR_0630,CAR,390,standing,,,,27.6974,1,420,True
214,19,PT,PT,,standing,,,,24.9724,1,555,False
215,19,PT,PT,,standing,,,,22.281,1,525,False
216,19,CAR_0800,CAR,480,rule,T5,"Chose to drive at 08:00 over drive at 07:45: lowest total cost (NZ$9.25 vs NZ$11.38), mainly changing routine.",habit;arrival_time,9.2542,1,495,False
217,19,CAR_0745,CAR,465,standing,,,,34.9708,1,480,False
218,19,SKIP,SKIP,,rule,T6,"Chose to skip the trip over drive at 07:45: lowest total cost (NZ$42.00 vs NZ$48.08), mainly fuel.",other;fee,42.0026,1,,False
219,19,CAR_0815,CAR,495,standing,,,,26.6256,1,510,False
220,19,CAR_0845,CAR,525,standing,,,,15.9896,1,540,False
221,19,CAR_0730,CAR,450,standing,,,,16.9698,1,465,False
222,19,CAR_0715,CAR,435,standing,,,,14.1168,1,450,False
223,19,PT,PT,,standing,,,,28.7841,1,480,False
224,19,CAR_0815,CAR,495,standing,,,,21.9276,1,525,False
225,19,CAR_0700,CAR,420,standing,,,,31.5958,1,435,False
226,19,CAR_0930,CAR,570,rule,T3,"Chose to drive at 09:30 over drive at 09:15: lowest total cost (NZ$29.12 vs NZ$31.39), mainly changing routine.",habit;fee;travel_time,29.1152,1,570,False
227,19,CAR_0830,CAR,510,standing,,,,28.2531,1,540,False
228,19,CAR_0645,CAR,405,standing,,,,7.6461,1,420,False
229,19,PT,PT,,standing,,,,24.5162,1,525,False
230,19,CAR_0700,CAR,420,standing,,,,17.9352,1,450,False
231,19,CAR_0700,CAR,420,standing,,,,14.6886,1,435,False
232,19,CAR_0845,CAR,525,standing,,,,17.414,1,540,False
233,19,CAR_0800,CAR,480,standing,,,,34.525,1,495,False
234,19,CAR_0745,CAR,465,standing,,,,17.1218,1,480,False
235,19,CAR_0730,CAR,450,standing,,,,38.6167,1,480,False
236,19,CAR_0915,CAR,555,standing,,,,24.4943,1,570,False
237,19,CAR_0645,CAR,405,standing,,,,28.564,1,420,True
238,19,CAR_0745,CAR,465,standing,,,,21.6306,2,495,False
239,19,PT,PT,,standing,,,,32.2377,1,525,False
240,19,CAR_0645,CAR,405,standing,,,,11.9562,1,420,False
241,19,CAR_0645,CAR,405,standing,,,,19.1993,1,450,False
242,19,CAR_0900,CAR,540,standing,,,,27.6671,1,555,False
243,19,PT,PT,,standing,,,,21.3375,1,540,False
244,19,CAR_0700,CAR,420,standing,,,,25.081,2,450,False
245,19,CAR_0815,CAR,495,standing,,,,2.6879,1,510,False
246,19,CAR_0945,CAR,585,standing,,,,30.2507,1,600,False
247,19,CAR_0815,CAR,495,standing,,,,21.3259,1,510,False
248,19,CAR_0915,CAR,555,standing,,,,29.5334,1,570,False
249,19,CAR_0830,CAR,510,standing,,,,15.1444,1,525,False
250,19,PT,PT,,standing,,,,31.7548,1,540,False
251,19,CAR_0815,CAR,495,standing,,,,26.0837,1,510,False
252,19,CAR_0700,CAR,420,standing,,,,42.4304,1,450,False
253,19,CAR_0845,CAR,525,standing,,,,14.8698,1,540,False
254,19,PT,PT,,standing,,,,23.0579,1,495,False
255,19,CAR_0715,CAR,435,standing,,,,31.8035,2,465,False
256,19,WFH,WFH,,standing,,,,42.355,1,,False
257,19,CAR_0730,CAR,450,standing,,,,12.2501,1,465,False
258,19,CAR_0700,CAR,420,standing,,,,14.4968,1,435,False
259,19,CAR_0800,CAR,480,rule,T6,"Chose to drive at 08:00 over drive at 07:45: lowest total cost (NZ$41.18 vs NZ$43.02), mainly arrival time.",arrival_time,41.1779,3,510,False
260,19,PT,PT,,standing,,,,21.93,1,510,False
261,19,CAR_0830,CAR,510,standing,,,,30.9634,1,525,False
262,19,PT,PT,,standing,,,,31.2307,1,510,False
263,19,PT,PT,,standing,,,,32.0327,1,465,False
264,19,CAR_0915,CAR,555,standing,,,,7.706,1,555,False
265,19,CAR_0915,CAR,555,standing,,,,29.257,1,570,False
266,19,CAR_0815,CAR,495,standing,,,,31.2356,1,510,False
267,19,CAR_0830,CAR,510,standing,,,,31.5271,1,525,False
268,19,CAR_0800,CAR,480,standing,,,,37.1213,1,495,False
269,19,CAR_0845,CAR,525,standing,,,,45.3217,1,555,False
270,19,WFH,WFH,,standing,,,,36.5391,1,,False
271,19,CAR_0715,CAR,435,standing,,,,19.6016,1,450,False
272,19,CAR_0630,CAR,390,standing,,,,12.2616,3,450,False
273,19,PT,PT,,standing,,,,32.2387,1,510,False
274,19,SKIP,SKIP,,rule,T6,"Chose to skip the trip over drive at 08:15: lowest total cost (NZ$34.45 vs NZ$38.13), mainly fuel.",other;fee,34.4459,1,,False
275,19,CAR_0700,CAR,420,standing,,,,15.3036,1,495,False
276,19,CAR_0645,CAR,405,standing,,,,20.8428,1,420,True
277,19,CAR_0715,CAR,435,standing,,,,11.1841,1,480,False
278,19,PT,PT,,standing,,,,24.4987,1,525,False
279,19,CAR_0915,CAR,555,standing,,,,27.7971,1,570,False
280,19,CAR_0830,CAR,510,standing,,,,31.2909,1,525,False
281,19,PT,PT,,standing,,,,22.2882,1,495,False
282,19,PT,PT,,standing,,,,26.3611,1,525,False
283,19,CAR_0900,CAR,540,standing,,,,19.0548,1,555,False
284,19,PT,PT,,standing,,,,24.2399,1,585,False
285,19,PT,PT,,standing,,,,25.46,1,495,False
286,19,CAR_0715,CAR,435,standing,,,,33.7913,1,450,False
287,19,PT,PT,,standing,,,,18.5869,1,600,False
288,19,CAR_0700,CAR,420,standing,,,,20.0858,1,555,False
289,19,PT,PT,,standing,,,,21.6997,1,495,False
290,19,CAR_0745,CAR,465,standing,,,,14.0936,1,480,False
291,19,CAR_0815,CAR,495,standing,,,,17.083,1,510,False
292,19,CAR_0800,CAR,480,standing,,,,1.3233,1,510,False
293,19,PT,PT,,standing,,,,31.9657,1,525,False
294,19,WFH,WFH,,standing,,,,14.8241,1,,False
295,19,PT,PT,,standing,,,,19.378,1,480,False
296,19,CAR_0800,CAR,480,standing,,,,32.892,1,495,False
297,19,CAR_0715,CAR,435,standing,,,,17.1587,1,465,False
298,19,PT,PT,,standing,,,,30.5886,1,540,False
299,19,CAR_0715,CAR,435,standing,,,,17.8838,1,495,False
0,20,WFH,WFH,,standing,,,,34.8391,1,,False
1,20,CAR_0715,CAR,435,standing,,,,20.2826,1,450,False
2,20,CAR_0715,CAR,435,standing,,,,9.8485,1,450,False
3,20,CAR_0815,CAR,495,standing,,,,34.1196,1,510,False
4,20,PT,PT,,standing,,,,29.5959,1,525,False
5,20,CAR_0800,CAR,480,standing,,,,15.2834,1,495,False
6,20,CAR_0630,CAR,390,standing,,,,20.4966,3,420,True
7,20,CAR_0745,CAR,465,standing,,,,11.8043,1,480,False
8,20,PT,PT,,standing,,,,19.8437,1,525,False
9,20,CAR_0915,CAR,555,standing,,,,27.7773,1,570,False
10,20,PT,PT,,standing,,,,32.0804,2,525,False
11,20,CAR_0800,CAR,480,standing,,,,31.0768,1,495,False
12,20,CAR_0830,CAR,510,standing,,,,36.4628,1,525,False
13,20,CAR_0900,CAR,540,standing,,,,19.1084,1,555,False
14,20,PT,PT,,standing,,,,32.1305,1,585,False
15,20,CAR_0800,CAR,480,standing,,,,39.7209,1,495,False
16,20,PT,PT,,standing,,,,23.8509,1,450,False
17,20,CAR_0945,CAR,585,standing,,,,27.4085,1,600,False
18,20,CAR_0945,CAR,585,rule,T3,"Chose to drive at 09:45 over drive at 09:30: lowest total cost (NZ$20.01 vs NZ$22.40), mainly changing routine.",habit,20.0087,1,555,False
19,20,CAR_0800,CAR,480,standing,,,,28.9167,1,495,False
20,20,CAR_0745,CAR,465,standing,,,,16.8405,1,480,False
21,20,CAR_0815,CAR,495,standing,,,,17.0369,1,510,False
22,20,CAR_0830,CAR,510,standing,,,,2.2848,4,510,False
23,20,PT,PT,,standing,,,,23.612,1,525,False
24,20,CAR_0715,CAR,435,standing,,,,14.9745,1,465,False
25,20,PT,PT,,standing,,,,23.4377,1,480,False
26,20,PT,PT,,standing,,,,20.602,1,495,False
27,20,CAR_0730,CAR,450,standing,,,,17.7444,1,465,False
28,20,PT,PT,,standing,,,,23.2635,1,540,False
29,20,CAR_0715,CAR,435,standing,,,,18.4014,1,495,False
30,20,CAR_0815,CAR,495,standing,,,,31.6959,1,525,False
31,20,CAR_0815,CAR,495,standing,,,,35.1554,1,525,False
32,20,CAR_0745,CAR,465,standing,,,,22.0865,1,510,False
33,20,CAR_0745,CAR,465,standing,,,,17.675,1,495,False
34,20,PT,PT,,standing,,,,19.2138,1,495,False
35,20,CAR_0815,CAR,495,standing,,,,33.1895,1,510,False
36,20,CAR_0745,CAR,465,standing,,,,1.1257,1,480,False
37,20,PT,PT,,standing,,,,21.2526,1,510,False
38,20,CAR_0700,CAR,420,standing,,,,21.6528,1,450,False
39,20,PT,PT,,standing,,,,22.5886,1,480,False
40,20,CAR_0700,CAR,420,standing,,,,21.0891,1,435,False
41,20,CAR_0630,CAR,390,standing,,,,10.449,2,420,True
42,20,CAR_0800,CAR,480,standing,,,,20.0622,1,525,False
43,20,PT,PT,,standing,,,,32.3088,2,540,False
44,20,CAR_0730,CAR,450,standing,,,,14.4742,1,465,False
45,20,CAR_0700,CAR,420,standing,,,,14.4963,1,435,False
46,20,CAR_0845,CAR,525,standing,,,,16.3344,1,540,False
47,20,CAR_0715,CAR,435,standing,,,,7.9326,1,450,False
48,20,PT,PT,,standing,,,,19.7335,1,510,False
49,20,WFH,WFH,,standing,,,,12.2018,1,,False
50,20,PT,PT,,rule,T4,"Chose to take PT over drive at 07:15: lowest total cost (NZ$30.75 vs NZ$29.94), mainly parking.",other;fee;disruption,30.7462,4,510,False
51,20,CAR_0815,CAR,495,standing,,,,23.7547,1,525,False
52,20,PT,PT,,standing,,,,24.4912,1,525,False
53,20,CAR_0645,CAR,405,standing,,,,17.0867,1,420,True
54,20,CAR_0715,CAR,435,standing,,,,8.0543,1,450,False
55,20,CAR_0700,CAR,420,standing,,,,2.4107,1,435,False
56,20,CAR_0830,CAR,510,standing,,,,9.2836,1,525,False
57,20,CAR_0715,CAR,435,standing,,,,24.0604,1,450,False
58,20,CAR_0815,CAR,495,standing,,,,13.6007,1,510,False
59,20,CAR_0715,CAR,435,standing,,,,20.7375,1,510,False
60,20,PT,PT,,standing,,,,20.9782,1,465,False
61,20,CAR_0730,CAR,450,standing,,,,37.1966,3,510,False
62,20,CAR_0745,CAR,465,standing,,,,28.0201,1,480,False
63,20,CAR_0830,CAR,510,standing,,,,24.3532,1,525,False
64,20,PT,PT,,rule,T4,"Chose to take PT over drive at 07:15: lowest total cost (NZ$38.44 vs NZ$39.34), mainly parking.",other;fee;disruption,38.4445,1,465,False
65,20,SKIP,SKIP,,rule,T6,"Chose to skip the trip over drive at 08:00: lowest total cost (NZ$33.80 vs NZ$39.24), mainly parking.",other;fee,33.8034,1,,False
66,20,CAR_0800,CAR,480,standing,,,,32.5653,1,495,False
67,20,WFH,WFH,,standing,,,,22.0714,1,,False
68,20,CAR_0715,CAR,435,standing,,,,21.0554,1,465,False
69,20,CAR_0915,CAR,555,standing,,,,26.2716,1,570,False
70,20,WFH,WFH,,standing,,,,17.2841,1,,False
71,20,PT,PT,,rule,T4,"Chose to take PT over drive at 08:00: lowest total cost (NZ$38.55 vs NZ$38.73), mainly parking.",other;fee;disruption,38.5507,1,495,False
72,20,CAR_0700,CAR,420,standing,,,,13.2688,1,435,False
73,20,PT,PT,,standing,,,,31.0466,1,525,False
74,20,PT,PT,,rule,T4,"Chose to take PT over drive at 08:45: lowest total cost (NZ$25.02 vs NZ$27.96), mainly parking.",other;fee;disruption,25.0239,1,540,False
75,20,PT,PT,,standing,,,,24.4691,1,555,False
76,20,CAR_0730,CAR,450,standing,,,,18.12,1,480,False
77,20,CAR_0700,CAR,420,standing,,,,23.9824,1,435,False
78,20,CAR_0945,CAR,585,standing,,,,23.416,1,585,False
79,20,SKIP,SKIP,,rule,T6,"Chose to skip the trip over drive at 07:45: lowest total cost (NZ$39.51 vs NZ$44.73), mainly parking.",other;fee,39.5143,1,,False
80,20,CAR_0800,CAR,480,standing,,,,22.1517,1,495,False
81,20,CAR_0700,CAR,420,standing,,,,29.385,1,435,False
82,20,PT,PT,,rule,T4,"Chose to take PT over drive at 07:15: lowest total cost (NZ$18.25 vs NZ$27.63), mainly parking.",other;fee;disruption,18.2506,1,510,False
83,20,WFH,WFH,,standing,,,,21.7228,3,,False
84,20,CAR_0730,CAR,450,standing,,,,16.8524,1,465,False
85,20,PT,PT,,rule,T4,"Chose to take PT over drive at 08:30: lowest total cost (NZ$26.46 vs NZ$36.68), mainly parking.",other;fee;disruption,26.4614,1,525,False
86,20,CAR_0700,CAR,420,standing,,,,11.9825,1,435,False
87,20,CAR_0715,CAR,435,standing,,,,13.4317,1,450,False
88,20,CAR_0815,CAR,495,standing,,,,3.6908,1,510,False
89,20,CAR_0700,CAR,420,standing,,,,2.6782,1,465,False
90,20,PT,PT,,standing,,,,19.7719,1,525,False
91,20,CAR_0730,CAR,450,standing,,,,34.3706,1,495,False
92,20,CAR_0730,CAR,450,standing,,,,12.8552,1,495,False
93,20,CAR_0700,CAR,420,standing,,,,9.3231,1,435,False
94,20,CAR_0915,CAR,555,standing,,,,16.7265,1,570,False
95,20,CAR_0830,CAR,510,standing,,,,22.679,1,540,False
96,20,CAR_0715,CAR,435,standing,,,,29.6136,2,465,False
97,20,CAR_0845,CAR,525,standing,,,,41.0167,1,555,False
98,20,PT,PT,,standing,,,,18.8005,1,525,False
99,20,CAR_0730,CAR,450,standing,,,,21.3333,1,480,False
100,20,CAR_0800,CAR,480,standing,,,,17.5511,1,495,False
101,20,CAR_0830,CAR,510,standing,,,,17.2603,1,525,False
102,20,PT,PT,,standing,,,,24.2136,1,510,False
103,20,CAR_0800,CAR,480,standing,,,,17.5062,1,495,False
104,20,CAR_0700,CAR,420,standing,,,,16.6802,2,480,False
105,20,CAR_0700,CAR,420,standing,,,,1.565,1,435,False
106,20,WFH,WFH,,standing,,,,16.8006,1,,False
107,20,CAR_0845,CAR,525,standing,,,,16.8533,1,540,False
108,20,CAR_0830,CAR,510,standing,,,,22.3703,1,525,False
109,20,CAR_0845,CAR,525,standing,,,,4.0241,1,540,False
110,20,CAR_0845,CAR,525,standing,,,,12.6509,1,540,False
111,20,CAR_0915,CAR,555,standing,,,,7.9148,2,570,False
112,20,CAR_0700,CAR,420,standing,,,,18.4129,1,450,False
113,20,PT,PT,,rule,T4,"Chose to take PT over work from home: lowest total cost (NZ$33.38 vs NZ$38.87), mainly working from home.",flexibility;habit;disruption,33.3754,1,555,False
114,20,PT,PT,,rule,T4,"Chose to take PT over drive at 09:15: lowest total cost (NZ$23.28 vs NZ$36.13), mainly parking.",other;fee;disruption,23.2767,1,570,False
115,20,CAR_0815,CAR,495,standing,,,,8.0152,1,510,False
116,20,PT,PT,,rule,T4,"Chose to take PT over drive at 07:15: lowest total cost (NZ$22.64 vs NZ$39.93), mainly parking.",other;fee;disruption,22.6414,1,480,False
117,20,CAR_0730,CAR,450,standing,,,,3.8212,1,480,False
118,20,CAR_0915,CAR,555,standing,,,,4.4536,1,570,False
119,20,PT,PT,,standing,,,,19.5064,1,495,False
120,20,CAR_0700,CAR,420,standing,,,,14.8553,1,435,False
121,20,CAR_0845,CAR,525,standing,,,,21.6268,1,540,False
122,20,CAR_0915,CAR,555,standing,,,,27.2153,1,570,False
123,20,PT,PT,,standing,,,,22.2612,1,435,False
124,20,CAR_0645,CAR,405,standing,,,,11.7122,1,420,False
125,20,CAR_0630,CAR,390,standing,,,,2.2028,1,495,False
126,20,CAR_0830,CAR,510,standing,,,,29.5942,1,525,False
127,20,PT,PT,,standing,,,,22.0984,1,510,False
128,20,CAR_0730,CAR,450,standing,,,,24.8529,1,465,False
129,20,PT,PT,,standing,,,,20.9459,1,450,False
130,20,CAR_0630,CAR,390,standing,,,,25.6602,1,420,True
131,20,CAR_0715,CAR,435,standing,,,,14.655,2,465,False
132,20,WFH,WFH,,standing,,,,30.9848,1,,False
133,20,CAR_0645,CAR,405,standing,,,,19.4622,1,420,True
134,20,CAR_0800,CAR,480,standing,,,,19.2834,1,510,False
135,20,CAR_0800,CAR,480,standing,,,,22.5291,1,525,False
136,20,WFH,WFH,,standing,,,,12.7425,1,,False
137,20,CAR_0715,CAR,435,standing,,,,9.3879,1,480,False
138,20,CAR_0700,CAR,420,standing,,,,25.5665,1,510,False
139,20,CAR_0845,CAR,525,standing,,,,3.4414,1,540,False
140,20,CAR_0700,CAR,420,standing,,,,2.0563,1,435,False
141,20,PT,PT,,rule,T4,"Chose to take PT over drive at 06:45: lowest total cost (NZ$22.55 vs NZ$24.68), mainly parking.",other;fee;disruption,22.5533,1,420,False
142,20,CAR_0800,CAR,480,standing,,,,9.2354,1,495,False
143,20,CAR_0730,CAR,450,standing,,,,2.4625,1,480,False
144,20,CAR_0715,CAR,435,standing,,,,13.7365,1,495,False
145,20,CAR_0700,CAR,420,standing,,,,2.1217,1,435,False
146,20,PT,PT,,standing,,,,22.6123,1,495,False
147,20,PT,PT,,standing,,,,37.6092,1,525,False
148,20,CAR_0845,CAR,525,standing,,,,34.3681,1,555,False
149,20,CAR_0845,CAR,525,standing,,,,22.4505,1,540,False
150,20,CAR_0900,CAR,540,standing,,,,23.1461,1,555,False
151,20,CAR_0745,CAR,465,standing,,,,12.0805,1,480,False
152,20,CAR_0730,CAR,450,standing,,,,23.5847,1,495,False
153,20,WFH,WFH,,standing,,,,30.0462,1,,False
154,20,CAR_0915,CAR,555,standing,,,,11.0805,1,555,False
155,20,WFH,WFH,,standing,,,,18.73,2,,False
156,20,PT,PT,,standing,,,,27.5756,1,480,False
157,20,CAR_0715,CAR,435,standing,,,,14.3959,1,450,False
158,20,PT,PT,,standing,,,,30.699,1,525,False
159,20,CAR_0730,CAR,450,standing,,,,20.84,1,495,False
160,20,CAR_0915,CAR,555,standing,,,,24.2508,1,585,False
161,20,SKIP,SKIP,,rule,T6,"Chose to skip the trip over take PT: lowest total cost (NZ$35.53 vs NZ$43.54), mainly the PT trip.",pt;arrival_time,35.5316,1,,False
162,20,CAR_0645,CAR,405,standing,,,,20.0724,1,420,True
163,20,CAR_0830,CAR,510,standing,,,,41.8393,1,525,False
164,20,PT,PT,,rule,T4,"Chose to take PT over drive at 07:15: lowest total cost (NZ$31.27 vs NZ$33.78), mainly parking.",other;fee;disruption,31.2699,1,465,False
165,20,CAR_0830,CAR,510,standing,,,,21.1195,1,540,False
166,20,CAR_0845,CAR,525,standing,,,,32.2265,1,540,False
167,20,CAR_0745,CAR,465,standing,,,,17.6576,1,480,False
168,20,CAR_0900,CAR,540,standing,,,,13.9692,1,555,False
169,20,CAR_0730,CAR,450,standing,,,,16.1148,1,480,False
170,20,PT,PT,,standing,,,,29.4029,1,495,False
171,20,CAR_0815,CAR,495,standing,,,,14.2001,1,525,False
172,20,CAR_0845,CAR,525,standing,,,,29.808,1,540,False
173,20,CAR_0845,CAR,525,standing,,,,9.8178,1,540,False
174,20,CAR_0645,CAR,405,standing,,,,22.7277,1,435,False
175,20,CAR_0700,CAR,420,standing,,,,32.5812,1,435,False
176,20,CAR_0715,CAR,435,standing,,,,27.1578,1,525,False
177,20,PT,PT,,standing,,,,23.8378,1,510,False
178,20,PT,PT,,standing,,,,17.8326,1,510,False
179,20,WFH,WFH,,standing,,,,20.0282,1,,False
180,20,PT,PT,,rule,T4,"Chose to take PT over drive at 07:15: lowest total cost (NZ$22.37 vs NZ$36.57), mainly parking.",other;fee;disruption,22.3698,1,465,False
181,20,CAR_0915,CAR,555,standing,,,,28.0234,1,570,False
182,20,CAR_0830,CAR,510,standing,,,,33.6341,1,525,False
183,20,PT,PT,,standing,,,,18.8997,1,480,False
184,20,CAR_0745,CAR,465,standing,,,,2.7507,1,480,False
185,20,PT,PT,,standing,,,,25.7801,1,525,False
186,20,CAR_0715,CAR,435,standing,,,,15.9818,2,465,False
187,20,CAR_0745,CAR,465,standing,,,,23.1874,1,495,False
188,20,CAR_0715,CAR,435,standing,,,,9.1565,1,495,False
189,20,PT,PT,,standing,,,,26.5357,1,450,False
190,20,CAR_0900,CAR,540,standing,,,,29.3471,1,555,False
191,20,CAR_0900,CAR,540,standing,,,,19.9748,1,570,False
192,20,PT,PT,,standing,,,,23.7715,1,420,False
193,20,PT,PT,,rule,T4,"Chose to take PT over drive at 08:45: lowest total cost (NZ$35.14 vs NZ$39.30), mainly parking.",other;fee;disruption,35.1424,1,540,False
194,20,WFH,WFH,,standing,,,,16.2509,1,,False
195,20,CAR_0715,CAR,435,standing,,,,14.9238,1,480,False
196,20,CAR_0730,CAR,450,standing,,,,24.2162,1,465,False
197,20,CAR_0700,CAR,420,standing,,,,12.6485,1,435,False
198,20,CAR_0730,CAR,450,standing,,,,15.4277,1,465,False
199,20,CAR_0645,CAR,405,standing,,,,20.7159,1,420,True
200,20,CAR_0630,CAR,390,standing,,,,22.6595,1,420,True
201,20,PT,PT,,rule,T4,"Chose to take PT over work from home: lowest total cost (NZ$49.41 vs NZ$52.38), mainly working from home.",flexibility;habit;disruption,49.41,1,465,False
202,20,CAR_0645,CAR,405,standing,,,,18.2153,2,465,False
203,20,CAR_0915,CAR,555,rule,T4,"Chose to drive at 09:15 over take PT: lowest total cost (NZ$31.69 vs NZ$30.87), mainly the PT trip.",pt;disruption,31.69,2,555,False
204,20,PT,PT,,standing,,,,29.08,1,495,False
205,20,CAR_0915,CAR,555,standing,,,,14.9538,1,570,False
206,20,CAR_0645,CAR,405,standing,,,,20.1976,1,420,True
207,20,CAR_0800,CAR,480,rule,T4,"Chose to drive at 08:00 over take PT: lowest total cost (NZ$31.36 vs NZ$35.49), mainly the PT trip.",pt;arrival_time;disruption,31.3587,1,495,False
208,20,CAR_0800,CAR,480,rule,T7,"Chose to drive at 08:00 over drive at 07:45: lowest total cost (NZ$26.39 vs NZ$26.63), mainly arrival time.",arrival_time,26.394,1,495,False
209,20,CAR_0700,CAR,420,standing,,,,3.9051,1,435,False
210,20,PT,PT,,standing,,,,30.1751,1,555,False
211,20,CAR_0930,CAR,570,standing,,,,26.6781,1,585,False
212,20,PT,PT,,standing,,,,32.0036,1,540,False
213,20,CAR_0630,CAR,390,standing,,,,27.7334,1,420,True
214,20,PT,PT,,standing,,,,24.9724,1,555,False
215,20,PT,PT,,standing,,,,22.281,1,525,False
216,20,CAR_0800,CAR,480,standing,,,,9.1699,1,495,False
217,20,CAR_0745,CAR,465,standing,,,,34.8367,1,480,False
218,20,SKIP,SKIP,,rule,T6,"Chose to skip the trip over drive at 07:45: lowest total cost (NZ$42.00 vs NZ$48.00), mainly fuel.",other;fee,42.0026,1,,False
219,20,CAR_0815,CAR,495,standing,,,,26.4714,1,510,False
220,20,CAR_0845,CAR,525,standing,,,,15.9379,1,540,False
221,20,CAR_0730,CAR,450,standing,,,,16.9271,1,465,False
222,20,CAR_0715,CAR,435,standing,,,,14.0511,1,450,False
223,20,PT,PT,,standing,,,,28.7841,1,480,False
224,20,CAR_0815,CAR,495,standing,,,,21.9006,1,525,False
225,20,CAR_0700,CAR,420,standing,,,,31.5266,1,435,False
226,20,CAR_0930,CAR,570,rule,T3,"Chose to drive at 09:30 over drive at 09:15: lowest total cost (NZ$29.10 vs NZ$31.37), mainly changing routine.",habit;fee;travel_time,29.0979,1,570,False
227,20,CAR_0830,CAR,510,standing,,,,28.2272,1,540,False
228,20,CAR_0645,CAR,405,standing,,,,7.6461,1,420,False
229,20,PT,PT,,standing,,,,24.5162,1,525,False
230,20,CAR_0700,CAR,420,standing,,,,17.8802,1,450,False
231,20,CAR_0700,CAR,420,standing,,,,14.4006,1,435,False
232,20,CAR_0845,CAR,525,standing,,,,17.3666,1,540,False
233,20,CAR_0800,CAR,480,standing,,,,34.4546,1,495,False
234,20,CAR_0745,CAR,465,standing,,,,16.9477,1,480,False
235,20,CAR_0730,CAR,450,standing,,,,38.6167,1,480,False
236,20,CAR_0915,CAR,555,standing,,,,24.4407,1,570,False
237,20,CAR_0645,CAR,405,standing,,,,28.564,1,420,True
238,20,CAR_0745,CAR,465,standing,,,,21.519,2,495,False
239,20,PT,PT,,rule,T4,"Chose to take PT over drive at 08:30: lowest total cost (NZ$35.94 vs NZ$38.11), mainly parking.",other;fee;disruption,35.9448,1,525,False
240,20,CAR_0645,CAR,405,standing,,,,11.887,1,420,False
241,20,CAR_0645,CAR,405,standing,,,,19.1719,1,450,False
242,20,CAR_0900,CAR,540,standing,,,,27.6671,1,555,False
243,20,CAR_0830,CAR,510,rule,T4,"Chose to drive at 08:30 over take PT: lowest total cost (NZ$22.26 vs NZ$22.26), mainly the PT trip.",pt;disruption,22.2562,5,540,False
244,20,CAR_0700,CAR,420,standing,,,,25.0494,2,450,False
245,20,CAR_0815,CAR,495,standing,,,,2.6856,1,510,False
246,20,CAR_0945,CAR,585,standing,,,,30.2161,1,600,False
247,20,CAR_0815,CAR,495,standing,,,,21.2697,1,510,False
248,20,CAR_0915,CAR,555,standing,,,,29.4994,1,570,False
249,20,CAR_0830,CAR,510,standing,,,,15.0925,1,525,False
250,20,CAR_0845,CAR,525,rule,T4,"Chose to drive at 08:45 over take PT: lowest total cost (NZ$36.22 vs NZ$36.57), mainly the PT trip.",pt;arrival_time;disruption,36.2249,1,540,False
251,20,CAR_0815,CAR,495,standing,,,,26.0318,1,510,False
252,20,CAR_0700,CAR,420,standing,,,,42.3924,1,450,False
253,20,CAR_0845,CAR,525,standing,,,,14.8695,1,540,False
254,20,PT,PT,,rule,T4,"Chose to take PT over drive at 07:15: lowest total cost (NZ$25.51 vs NZ$35.96), mainly fuel.",other;fee;disruption,25.5098,1,495,False
255,20,CAR_0715,CAR,435,standing,,,,31.7962,1,465,False
256,20,WFH,WFH,,standing,,,,42.355,1,,False
257,20,CAR_0730,CAR,450,standing,,,,12.2498,1,465,False
258,20,CAR_0700,CAR,420,standing,,,,14.4622,1,435,False
259,20,CAR_0800,CAR,480,standing,,,,40.6117,2,510,False
260,20,PT,PT,,standing,,,,21.93,1,510,False
261,20,CAR_0830,CAR,510,standing,,,,30.9634,1,525,False
262,20,PT,PT,,standing,,,,31.2307,1,510,False
263,20,PT,PT,,rule,T4,"Chose to take PT over skip the trip: lowest total cost (NZ$35.59 vs NZ$38.39), mainly missing the day.",work_constraint;habit;disruption,35.5947,1,465,False
264,20,CAR_0915,CAR,555,standing,,,,7.6692,1,555,False
265,20,CAR_0915,CAR,555,standing,,,,29.2171,1,570,False
266,20,CAR_0815,CAR,495,standing,,,,31.2039,1,510,False
267,20,CAR_0830,CAR,510,standing,,,,31.4752,1,525,False
268,20,CAR_0800,CAR,480,standing,,,,36.9836,1,495,False
269,20,CAR_0845,CAR,525,standing,,,,45.2946,1,555,False
270,20,WFH,WFH,,standing,,,,36.5391,1,,False
271,20,CAR_0715,CAR,435,standing,,,,19.5481,1,450,False
272,20,CAR_0630,CAR,390,standing,,,,12.2443,3,450,False
273,20,PT,PT,,standing,,,,32.2387,1,510,False
274,20,SKIP,SKIP,,rule,T6,"Chose to skip the trip over drive at 08:15: lowest total cost (NZ$34.45 vs NZ$38.08), mainly fuel.",other;fee,34.4459,1,,False
275,20,CAR_0700,CAR,420,standing,,,,15.2432,1,495,False
276,20,CAR_0645,CAR,405,standing,,,,20.8255,1,420,True
277,20,CAR_0715,CAR,435,standing,,,,11.1841,1,480,False
278,20,PT,PT,,standing,,,,24.4987,1,525,False
279,20,CAR_0915,CAR,555,standing,,,,27.7966,1,570,False
280,20,CAR_0830,CAR,510,standing,,,,31.2131,1,525,False
281,20,PT,PT,,standing,,,,22.2882,1,495,False
282,20,PT,PT,,standing,,,,26.3611,1,525,False
283,20,CAR_0900,CAR,540,standing,,,,19.0105,1,555,False
284,20,PT,PT,,standing,,,,24.2399,1,585,False
285,20,PT,PT,,rule,T4,"Chose to take PT over drive at 07:30: lowest total cost (NZ$29.71 vs NZ$40.02), mainly parking.",other;fee;disruption,29.7077,1,495,False
286,20,CAR_0715,CAR,435,standing,,,,33.0862,1,450,False
287,20,PT,PT,,rule,T4,"Chose to take PT over drive at 09:45: lowest total cost (NZ$20.17 vs NZ$28.46), mainly parking.",other;fee;disruption,20.1738,1,600,False
288,20,CAR_0700,CAR,420,standing,,,,20.0352,1,555,False
289,20,PT,PT,,standing,,,,21.6997,1,495,False
290,20,CAR_0745,CAR,465,standing,,,,14.1505,1,480,False
291,20,CAR_0815,CAR,495,standing,,,,17.0562,1,510,False
292,20,CAR_0800,CAR,480,standing,,,,1.3233,1,510,False
293,20,PT,PT,,standing,,,,31.9657,1,525,False
294,20,WFH,WFH,,standing,,,,14.8241,1,,False
295,20,PT,PT,,standing,,,,19.378,1,480,False
296,20,CAR_0800,CAR,480,standing,,,,32.84,1,495,False
297,20,CAR_0715,CAR,435,standing,,,,17.1327,1,465,False
298,20,PT,PT,,standing,,,,30.5886,1,540,False
299,20,CAR_0715,CAR,435,standing,,,,17.8666,1,495,False
0,21,WFH,WFH,,rule,T7,"Chose to work from home over drive at 06:45 for the early start: lowest total cost (NZ$34.84 vs NZ$36.49), mainly parking.",other;fee,34.8391,1,,False
1,21,CAR_0715,CAR,435,rule,T7,"Chose to drive at 07:15 over drive at 07:00: lowest total cost (NZ$20.28 vs NZ$23.31), mainly changing routine.",habit;arrival_time,20.2832,1,450,False
2,21,CAR_0715,CAR,435,rule,T7,"Chose to drive at 07:15 over drive at 07:00: lowest total cost (NZ$9.81 vs NZ$13.40), mainly changing routine.",habit;arrival_time,9.8122,1,450,False
3,21,CAR_0815,CAR,495,rule,T7,"Chose to drive at 08:15 over drive at 08:00: lowest total cost (NZ$34.08 vs NZ$35.39), mainly arrival time.",arrival_time,34.0833,1,510,False
4,21,PT,PT,,rule,T7,"Chose to take PT over skip the trip: lowest total cost (NZ$29.60 vs NZ$36.45), mainly missing the day.",work_constraint;habit,29.5959,1,525,False
5,21,CAR_0800,CAR,480,rule,T7,"Chose to drive at 08:00 over drive at 07:45: lowest total cost (NZ$15.19 vs NZ$17.44), mainly changing routine.",habit;arrival_time,15.188,1,495,False
6,21,WFH,WFH,,rule,T7,"Chose to work from home over drive at 06:30 for the early start: lowest total cost (NZ$20.42 vs NZ$20.47), mainly fuel.",other;fee;travel_time,20.4213,2,,False
7,21,CAR_0745,CAR,465,rule,T7,"Chose to drive at 07:45 over drive at 07:30: lowest total cost (NZ$11.77 vs NZ$12.46), mainly changing routine.",habit;arrival_time,11.7712,1,480,False
8,21,PT,PT,,rule,T7,"Chose to take PT over drive at 08:30: lowest total cost (NZ$19.84 vs NZ$31.24), mainly parking.",other;fee,19.8437,1,525,False
9,21,CAR_0915,CAR,555,rule,T7,"Chose to drive at 09:15 over drive at 09:30: lowest total cost (NZ$27.75 vs NZ$30.49), mainly arrival time.",arrival_time;habit,27.752,1,570,False
10,21,PT,PT,,rule,T7,"Chose to take PT over drive at 08:30: lowest total cost (NZ$32.08 vs NZ$32.03), mainly parking.",other;fee,32.0804,2,525,False
11,21,CAR_0800,CAR,480,rule,T7,"Chose to drive at 08:00 over drive at 07:15: lowest total cost (NZ$31.06 vs NZ$32.95), mainly changing routine.",habit;arrival_time;travel_time,31.0567,1,495,False
12,21,PT,PT,,rule,T7,"Chose to take PT over drive at 08:30: lowest total cost (NZ$36.80 vs NZ$36.41), mainly parking.",other;fee,36.8003,2,525,False
13,21,CAR_0900,CAR,540,rule,T7,"Chose to drive at 09:00 over drive at 06:45 for the early start: lowest total cost (NZ$19.04 vs NZ$21.06), mainly arrival time.",arrival_time;habit,19.0446,1,555,False
14,21,PT,PT,,rule,T7,"Chose to take PT over drive at 09:30: lowest total cost (NZ$32.13 vs NZ$33.67), mainly parking.",other;fee,32.1305,1,585,False
15,21,CAR_0800,CAR,480,rule,T7,"Chose to drive at 08:00 over drive at 07:45: lowest total cost (NZ$39.71 vs NZ$40.76), mainly arrival time.",arrival_time;habit,39.7145,1,495,False
16,21,PT,PT,,rule,T7,"Chose to take PT over drive at 07:15: lowest total cost (NZ$23.85 vs NZ$34.38), mainly parking.",other;fee,23.8509,1,450,False
17,21,CAR_0945,CAR,585,rule,T7,"Chose to drive at 09:45 over drive at 09:30: lowest total cost (NZ$27.37 vs NZ$29.89), mainly changing routine.",habit;arrival_time;travel_time,27.3722,1,600,False
18,21,CAR_0945,CAR,585,rule,T3,"Chose to drive at 09:45 over drive at 09:30: lowest total cost (NZ$19.98 vs NZ$22.37), mainly changing routine.",habit,19.9844,1,555,False
19,21,CAR_0800,CAR,480,rule,T7,"Chose to drive at 08:00 over drive at 07:45: lowest total cost (NZ$28.86 vs NZ$31.25), mainly changing routine.",habit;arrival_time;travel_time,28.8622,1,495,False
20,21,CAR_0745,CAR,465,rule,T7,"Chose to drive at 07:45 over drive at 07:30: lowest total cost (NZ$16.80 vs NZ$28.62), mainly arrival time.",arrival_time;habit;travel_time,16.8028,1,480,False
21,21,CAR_0815,CAR,495,rule,T7,"Chose to drive at 08:15 over drive at 08:00: lowest total cost (NZ$17.02 vs NZ$23.33), mainly arrival time.",arrival_time;habit,17.0163,1,510,False
22,21,CAR_0815,CAR,495,rule,T7,"Chose to drive at 08:15 over drive at 08:30: lowest total cost (NZ$1.01 vs NZ$2.28), mainly arrival time.",arrival_time,1.0081,1,510,False
23,21,PT,PT,,rule,T7,"Chose to take PT over skip the trip: lowest total cost (NZ$23.61 vs NZ$40.50), mainly missing the day.",work_constraint;habit,23.612,1,525,False
24,21,CAR_0715,CAR,435,rule,T7,"Chose to drive at 07:15 over drive at 07:30: lowest total cost (NZ$14.99 vs NZ$17.80), mainly changing routine.",habit;fee,14.9902,1,465,False
25,21,PT,PT,,rule,T7,"Chose to take PT over work from home: lowest total cost (NZ$23.44 vs NZ$32.60), mainly working from home.",flexibility;habit,23.4377,1,480,False
26,21,PT,PT,,rule,T7,"Chose to take PT over drive at 06:45 for the early start: lowest total cost (NZ$20.60 vs NZ$33.45), mainly parking.",other;fee,20.602,1,495,False
27,21,CAR_0730,CAR,450,rule,T7,"Chose to drive at 07:30 over drive at 07:15: lowest total cost (NZ$17.43 vs NZ$19.12), mainly changing routine.",habit;arrival_time;travel_time,17.4348,1,465,False
28,21,PT,PT,,rule,T7,"Chose to take PT over skip the trip: lowest total cost (NZ$23.26 vs NZ$35.85), mainly missing the day.",work_constraint;habit,23.2635,1,540,False
29,21,CAR_0715,CAR,435,rule,T7,"Chose to drive at 07:15 over drive at 07:00: lowest total cost (NZ$18.35 vs NZ$20.79), mainly changing routine.",habit;arrival_time,18.3519,1,495,False
30,21,CAR_0815,CAR,495,rule,T7,"Chose to drive at 08:15 over drive at 06:30 for the early start: lowest total cost (NZ$31.68 vs NZ$34.79), mainly arrival time.",arrival_time;habit;travel_time,31.6778,1,525,False
31,21,CAR_0815,CAR,495,standing,,,,35.1152,1,525,False
32,21,CAR_0745,CAR,465,rule,T7,"Chose to drive at 07:45 over drive at 08:15: lowest total cost (NZ$22.03 vs NZ$24.15), mainly changing routine.",habit;fee,22.0346,1,510,False
33,21,CAR_0745,CAR,465,rule,T7,"Chose to drive at 07:45 over drive at 08:00: lowest total cost (NZ$17.66 vs NZ$20.09), mainly changing routine.",habit;fee,17.6613,1,495,False
34,21,PT,PT,,rule,T7,"Chose to take PT over drive at 07:30: lowest total cost (NZ$19.21 vs NZ$24.55), mainly fuel.",other;fee;habit,19.2138,1,495,False
35,21,CAR_0815,CAR,495,rule,T7,"Chose to drive at 08:15 over drive at 08:00: lowest total cost (NZ$33.15 vs NZ$37.89), mainly arrival time.",arrival_time;habit;travel_time,33.1532,1,510,False
36,21,CAR_0745,CAR,465,rule,T7,"Chose to drive at 07:45 over drive at 07:30: lowest total cost (NZ$1.13 vs NZ$2.79), mainly changing routine.",habit;arrival_time;travel_time,1.1257,1,480,False
37,21,PT,PT,,rule,T7,"Chose to take PT over drive at 07:15: lowest total cost (NZ$21.25 vs NZ$29.24), mainly parking.",other;fee,21.2526,1,510,False
38,21,CAR_0700,CAR,420,rule,T7,"Chose to drive at 07:00 over drive at 06:45: lowest total cost (NZ$21.60 vs NZ$26.01), mainly changing routine.",habit;arrival_time,21.6039,1,450,False
39,21,PT,PT,,rule,T7,"Chose to take PT over drive at 07:30: lowest total cost (NZ$22.59 vs NZ$32.69), mainly parking.",other;fee,22.5886,1,480,False
40,21,CAR_0700,CAR,420,rule,T7,"Chose to drive at 07:00 over drive at 06:45: lowest total cost (NZ$21.06 vs NZ$24.78), mainly arrival time.",arrival_time;habit,21.0644,1,435,False
41,21,CAR_0800,CAR,480,rule,T7,"Chose to drive at 08:00 over drive at 06:30 for the early start: lowest total cost (NZ$10.32 vs NZ$10.51), mainly arrival time.",arrival_time;travel_time,10.3166,1,510,False
42,21,CAR_0800,CAR,480,rule,T7,"Chose to drive at 08:00 over drive at 08:30: lowest total cost (NZ$20.03 vs NZ$22.21), mainly changing routine.",habit,20.0261,1,525,False
43,21,CAR_0830,CAR,510,rule,T7,"Chose to drive at 08:30 over take PT: lowest total cost (NZ$33.11 vs NZ$32.31), mainly the PT trip.",pt,33.1071,4,540,False
44,21,CAR_0730,CAR,450,rule,T7,"Chose to drive at 07:30 over drive at 07:15: lowest total cost (NZ$14.44 vs NZ$18.42), mainly changing routine.",habit;arrival_time;travel_time,14.4421,1,465,False
45,21,CAR_0700,CAR,420,rule,T7,"Chose to drive at 07:00 over drive at 06:45: lowest total cost (NZ$14.48 vs NZ$18.59), mainly arrival time.",arrival_time;habit,14.4842,1,435,False
46,21,CAR_0845,CAR,525,rule,T7,"Chose to drive at 08:45 over drive at 06:45 for the early start: lowest total cost (NZ$16.30 vs NZ$18.71), mainly changing routine.",habit;arrival_time;travel_time,16.2956,1,540,False
47,21,CAR_0700,CAR,420,rule,T7,"Chose to drive at 07:00 over drive at 07:15: lowest total cost (NZ$8.50 vs NZ$7.90), mainly travel time.",travel_time,8.4995,2,450,False
48,21,PT,PT,,rule,T7,"Chose to take PT over drive at 06:45 for the early start: lowest total cost (NZ$19.73 vs NZ$34.90), mainly parking.",other;fee,19.7335,1,510,False
49,21,WFH,WFH,,rule,T7,"Chose to work from home over drive at 06:45 for the early start: lowest total cost (NZ$12.20 vs NZ$13.87), mainly fuel.",other;fee;travel_time,12.2018,1,,False
50,21,PT,PT,,rule,T4,"Chose to take PT over drive at 07:15: lowest total cost (NZ$28.86 vs NZ$29.94), mainly parking.",other;fee;disruption,28.863,1,510,False
51,21,CAR_0815,CAR,495,standing,,,,23.7357,1,525,False
52,21,PT,PT,,rule,T7,"Chose to take PT over drive at 08:30: lowest total cost (NZ$24.49 vs NZ$31.91), mainly parking.",other;fee,24.4912,1,525,False
53,21,CAR_0645,CAR,405,rule,T7,"Chose to drive at 06:45 for the early start over drive at 08:00: lowest total cost (NZ$17.06 vs NZ$17.10), mainly the charge.",fee;travel_time,17.0625,1,420,True
54,21,CAR_0715,CAR,435,standing,,,,8.0711,1,450,False
55,21,CAR_0700,CAR,420,rule,T7,"Chose to drive at 07:00 over drive at 06:45: lowest total cost (NZ$2.15 vs NZ$5.03), mainly changing routine.",habit;arrival_time,2.151,1,435,False
56,21,CAR_0830,CAR,510,rule,T7,"Chose to drive at 08:30 over drive at 08:45: lowest total cost (NZ$9.25 vs NZ$10.90), mainly changing routine.",habit;arrival_time,9.2472,1,525,False
57,21,CAR_0715,CAR,435,rule,T7,"Chose to drive at 07:15 over drive at 06:45 for the early start: lowest total cost (NZ$24.06 vs NZ$27.09), mainly changing routine.",habit;arrival_time,24.0602,1,450,False
58,21,CAR_0815,CAR,495,rule,T7,"Chose to drive at 08:15 over drive at 08:00: lowest total cost (NZ$13.58 vs NZ$17.23), mainly changing routine.",habit;arrival_time,13.5832,1,510,False
59,21,CAR_0715,CAR,435,rule,T7,"Chose to drive at 07:15 over drive at 07:00: lowest total cost (NZ$20.71 vs NZ$22.72), mainly changing routine.",habit;arrival_time,20.7106,1,510,False
60,21,PT,PT,,rule,T7,"Chose to take PT over drive at 07:30: lowest total cost (NZ$20.98 vs NZ$36.12), mainly parking.",other;fee,20.9782,1,465,False
61,21,CAR_0730,CAR,450,rule,T7,"Chose to drive at 07:30 over drive at 08:15: lowest total cost (NZ$37.19 vs NZ$36.84), mainly the charge.",fee,37.1897,3,510,False
62,21,CAR_0745,CAR,465,rule,T7,"Chose to drive at 07:45 over drive at 07:30: lowest total cost (NZ$28.02 vs NZ$31.31), mainly arrival time.",arrival_time;habit;travel_time,28.0201,1,480,False
63,21,CAR_0830,CAR,510,rule,T7,"Chose to drive at 08:30 over drive at 08:15: lowest total cost (NZ$24.29 vs NZ$25.48), mainly changing routine.",habit;arrival_time,24.2866,1,525,False
64,21,PT,PT,,rule,T4,"Chose to take PT over drive at 07:15: lowest total cost (NZ$33.17 vs NZ$39.34), mainly parking.",other;fee;disruption,33.1718,1,465,False
65,21,SKIP,SKIP,,rule,T6,"Chose to skip the trip over drive at 08:00: lowest total cost (NZ$33.80 vs NZ$39.19), mainly parking.",other;fee,33.8034,1,,False
66,21,CAR_0800,CAR,480,rule,T7,"Chose to drive at 08:00 over drive at 07:45: lowest total cost (NZ$32.55 vs NZ$36.65), mainly changing routine.",habit;arrival_time,32.5472,1,495,False
67,21,CAR_0800,CAR,480,rule,T7,"Chose to drive at 08:00 over work from home: lowest total cost (NZ$25.69 vs NZ$22.07), mainly working from home.",flexibility,25.6889,9,510,False
68,21,CAR_0715,CAR,435,rule,T7,"Chose to drive at 07:15 over drive at 07:00: lowest total cost (NZ$20.98 vs NZ$23.15), mainly arrival time.",arrival_time;habit,20.9846,1,465,False
69,21,CAR_0915,CAR,555,rule,T7,"Chose to drive at 09:15 over drive at 09:30: lowest total cost (NZ$26.23 vs NZ$27.65), mainly changing routine.",habit;arrival_time;travel_time,26.2316,1,570,False
70,21,WFH,WFH,,rule,T7,"Chose to work from home over drive at 08:45: lowest total cost (NZ$17.28 vs NZ$17.97), mainly fuel.",other;fee;travel_time,17.2841,1,,False
71,21,PT,PT,,rule,T4,"Chose to take PT over drive at 08:00: lowest total cost (NZ$32.53 vs NZ$38.71), mainly parking.",other;fee;disruption,32.5316,1,495,False
72,21,CAR_0700,CAR,420,rule,T7,"Chose to drive at 07:00 over drive at 06:45: lowest total cost (NZ$13.24 vs NZ$15.90), mainly arrival time.",arrival_time;habit;travel_time,13.2446,1,435,False
73,21,PT,PT,,rule,T7,"Chose to take PT over drive at 06:45 for the early start: lowest total cost (NZ$31.05 vs NZ$44.50), mainly parking.",other;travel_time,31.0466,1,525,False
74,21,PT,PT,,rule,T4,"Chose to take PT over drive at 08:45: lowest total cost (NZ$22.77 vs NZ$27.88), mainly parking.",other;fee;disruption,22.7657,1,540,False
75,21,PT,PT,,rule,T7,"Chose to take PT over skip the trip: lowest total cost (NZ$24.47 vs NZ$40.27), mainly missing the day.",work_constraint;habit,24.4691,1,555,False
76,21,CAR_0730,CAR,450,rule,T7,"Chose to drive at 07:30 over drive at 07:15: lowest total cost (NZ$18.12 vs NZ$20.74), mainly changing routine.",habit;arrival_time;travel_time,18.1179,1,480,False
77,21,CAR_0700,CAR,420,rule,T7,"Chose to drive at 07:00 over drive at 06:45: lowest total cost (NZ$23.96 vs NZ$26.39), mainly arrival time.",arrival_time;habit,23.9582,1,435,False
78,21,CAR_0945,CAR,585,rule,T7,"Chose to drive at 09:45 over drive at 09:30: lowest total cost (NZ$23.42 vs NZ$24.79), mainly changing routine.",habit;travel_time,23.416,1,585,False
79,21,SKIP,SKIP,,rule,T6,"Chose to skip the trip over drive at 07:45: lowest total cost (NZ$39.51 vs NZ$44.66), mainly parking.",other;fee,39.5143,1,,False
80,21,CAR_0800,CAR,480,rule,T7,"Chose to drive at 08:00 over drive at 07:45: lowest total cost (NZ$22.13 vs NZ$23.82), mainly changing routine.",habit;arrival_time,22.1336,1,495,False
81,21,CAR_0700,CAR,420,rule,T7,"Chose to drive at 07:00 over drive at 06:45: lowest total cost (NZ$29.35 vs NZ$34.17), mainly arrival time.",arrival_time;habit,29.3535,1,435,False
82,21,PT,PT,,rule,T4,"Chose to take PT over drive at 07:15: lowest total cost (NZ$17.63 vs NZ$27.63), mainly parking.",other;fee;disruption,17.6253,1,510,False
83,21,WFH,WFH,,rule,T7,"Chose to work from home over drive at 09:00: lowest total cost (NZ$21.72 vs NZ$21.31), mainly fuel.",other;fee;travel_time,21.7228,3,,False
84,21,CAR_0730,CAR,450,rule,T7,"Chose to drive at 07:30 over drive at 07:15: lowest total cost (NZ$16.81 vs NZ$21.41), mainly arrival time.",arrival_time;habit,16.8103,1,465,False
85,21,PT,PT,,rule,T4,"Chose to take PT over drive at 08:30: lowest total cost (NZ$23.81 vs NZ$36.62), mainly parking.",other;fee;disruption,23.8139,1,525,False
86,21,CAR_0700,CAR,420,rule,T7,"Chose to drive at 07:00 over drive at 06:45: lowest total cost (NZ$11.98 vs NZ$18.14), mainly arrival time.",arrival_time;habit,11.9825,1,435,False
87,21,CAR_0715,CAR,435,rule,T7,"Chose to drive at 07:15 over drive at 07:00: lowest total cost (NZ$13.42 vs NZ$14.64), mainly arrival time.",arrival_time;habit,13.4191,1,450,False
88,21,CAR_0815,CAR,495,rule,T7,"Chose to drive at 08:15 over drive at 08:00: lowest total cost (NZ$3.69 vs NZ$7.92), mainly changing routine.",habit;arrival_time;travel_time,3.6908,1,510,False
89,21,CAR_0700,CAR,420,rule,T7,"Chose to drive at 07:00 over drive at 07:15: lowest total cost (NZ$2.68 vs NZ$5.21), mainly changing routine.",habit;travel_time,2.6782,1,465,False
90,21,PT,PT,,rule,T7,"Chose to take PT over skip the trip: lowest total cost (NZ$19.77 vs NZ$38.72), mainly missing the day.",work_constraint;habit,19.7719,1,525,False
91,21,CAR_0730,CAR,450,rule,T7,"Chose to drive at 07:30 over drive at 07:15: lowest total cost (NZ$34.37 vs NZ$37.23), mainly changing routine.",habit;arrival_time;travel_time,34.3718,1,495,False
92,21,CAR_0730,CAR,450,rule,T7,"Chose to drive at 07:30 over drive at 07:15: lowest total cost (NZ$12.80 vs NZ$15.72), mainly changing routine.",habit;arrival_time,12.7965,1,495,False
93,21,CAR_0700,CAR,420,standing,,,,9.2989,1,435,False
94,21,CAR_0915,CAR,555,rule,T7,"Chose to drive at 09:15 over drive at 09:00: lowest total cost (NZ$16.71 vs NZ$19.82), mainly the charge.",fee;habit;arrival_time,16.7133,1,570,False
95,21,CAR_0830,CAR,510,rule,T7,"Chose to drive at 08:30 over drive at 08:45: lowest total cost (NZ$22.68 vs NZ$24.28), mainly changing routine.",habit;travel_time,22.6789,1,540,False
96,21,CAR_0715,CAR,435,standing,,,,29.5219,2,465,False
97,21,CAR_0845,CAR,525,rule,T7,"Chose to drive at 08:45 over drive at 09:00: lowest total cost (NZ$41.03 vs NZ$41.17), mainly changing routine.",habit,41.0317,1,555,False
98,21,PT,PT,,rule,T7,"Chose to take PT over drive at 08:30: lowest total cost (NZ$18.80 vs NZ$23.36), mainly parking.",other;fee;habit,18.8005,1,525,False
99,21,CAR_0745,CAR,465,rule,T7,"Chose to drive at 07:45 over drive at 07:30: lowest total cost (NZ$21.89 vs NZ$21.33), mainly arrival time.",arrival_time,21.8889,2,480,False
100,21,CAR_0800,CAR,480,rule,T7,"Chose to drive at 08:00 over drive at 07:15: lowest total cost (NZ$17.55 vs NZ$18.77), mainly changing routine.",habit;arrival_time;travel_time,17.5511,1,495,False
101,21,CAR_0830,CAR,510,rule,T7,"Chose to drive at 08:30 over drive at 06:45 for the early start: lowest total cost (NZ$17.22 vs NZ$20.13), mainly arrival time.",arrival_time;habit,17.2241,1,525,False
102,21,PT,PT,,rule,T7,"Chose to take PT over drive at 08:15: lowest total cost (NZ$24.21 vs NZ$30.26), mainly parking.",other;fee,24.2136,1,510,False
103,21,CAR_0800,CAR,480,rule,T7,"Chose to drive at 08:00 over drive at 06:45 for the early start: lowest total cost (NZ$17.45 vs NZ$20.82), mainly arrival time.",arrival_time;habit,17.4518,1,495,False
104,21,CAR_0730,CAR,450,rule,T7,"Chose to drive at 07:30 over drive at 07:00: lowest total cost (NZ$16.57 vs NZ$16.65), mainly arrival time.",arrival_time;travel_time,16.5683,1,480,False
105,21,CAR_0700,CAR,420,rule,T7,"Chose to drive at 07:00 over drive at 06:45: lowest total cost (NZ$1.56 vs NZ$4.22), mainly changing routine.",habit;arrival_time,1.5648,1,435,False
106,21,WFH,WFH,,rule,T7,"Chose to work from home over drive at 06:45 for the early start: lowest total cost (NZ$16.80 vs NZ$18.54), mainly fuel.",other;fee;travel_time,16.8006,1,,False
107,21,CAR_0845,CAR,525,rule,T7,"Chose to drive at 08:45 over drive at 06:45 for the early start: lowest total cost (NZ$16.82 vs NZ$19.23), mainly arrival time.",arrival_time,16.817,1,540,False
108,21,CAR_0815,CAR,495,rule,T7,"Chose to drive at 08:15 over drive at 08:30: lowest total cost (NZ$22.51 vs NZ$22.30), mainly travel time.",travel_time,22.5057,2,525,False
109,21,CAR_0845,CAR,525,rule,T7,"Chose to drive at 08:45 over drive at 08:30: lowest total cost (NZ$4.02 vs NZ$8.86), mainly arrival time.",arrival_time;habit;travel_time,4.0241,1,540,False
110,21,CAR_0845,CAR,525,rule,T7,"Chose to drive at 08:45 over drive at 08:30: lowest total cost (NZ$12.63 vs NZ$16.28), mainly changing routine.",habit;arrival_time,12.6296,1,540,False
111,21,CAR_0945,CAR,585,rule,T7,"Chose to drive at 09:45 over drive at 09:15: lowest total cost (NZ$10.55 vs NZ$7.88), mainly the charge.",fee;travel_time,10.5523,6,570,False
112,21,CAR_0700,CAR,420,rule,T7,"Chose to drive at 07:00 over drive at 06:45: lowest total cost (NZ$18.39 vs NZ$19.12), mainly arrival time.",arrival_time,18.3888,1,450,False
113,21,PT,PT,,rule,T4,"Chose to take PT over work from home: lowest total cost (NZ$27.17 vs NZ$38.87), mainly working from home.",flexibility;habit;disruption,27.1744,1,555,False
114,21,PT,PT,,rule,T4,"Chose to take PT over drive at 09:15: lowest total cost (NZ$20.28 vs NZ$36.18), mainly parking.",other;fee;disruption,20.2778,1,570,False
115,21,CAR_0815,CAR,495,rule,T7,"Chose to drive at 08:15 over drive at 08:00: lowest total cost (NZ$8.04 vs NZ$9.97), mainly arrival time.",arrival_time;habit,8.0374,1,510,False
116,21,PT,PT,,rule,T4,"Chose to take PT over drive at 07:15: lowest total cost (NZ$19.81 vs NZ$39.93), mainly parking.",other;fee;disruption,19.8053,1,480,False
117,21,CAR_0730,CAR,450,rule,T7,"Chose to drive at 07:30 over drive at 07:45: lowest total cost (NZ$3.82 vs NZ$5.71), mainly changing routine.",habit;arrival_time,3.8174,1,480,False
118,21,CAR_0915,CAR,555,rule,T7,"Chose to drive at 09:15 over drive at 09:00: lowest total cost (NZ$4.45 vs NZ$6.90), mainly arrival time.",arrival_time;habit,4.4535,1,570,False
119,21,PT,PT,,rule,T7,"Chose to take PT over skip the trip: lowest total cost (NZ$19.51 vs NZ$38.62), mainly missing the day.",work_constraint;habit,19.5064,1,495,False
120,21,CAR_0700,CAR,420,rule,T7,"Chose to drive at 07:00 over drive at 06:45: lowest total cost (NZ$14.86 vs NZ$21.64), mainly arrival time.",arrival_time;habit,14.8552,1,435,False
121,21,CAR_0845,CAR,525,rule,T7,"Chose to drive at 08:45 over take PT: lowest total cost (NZ$21.61 vs NZ$24.53), mainly the PT trip.",pt;habit,21.6084,1,540,False
122,21,CAR_0915,CAR,555,rule,T7,"Chose to drive at 09:15 over drive at 09:30: lowest total cost (NZ$27.20 vs NZ$29.85), mainly changing routine.",habit;arrival_time,27.2018,1,570,False
123,21,PT,PT,,rule,T7,"Chose to take PT over drive at 07:00: lowest total cost (NZ$22.26 vs NZ$30.22), mainly parking.",other;fee,22.2612,1,435,False
124,21,CAR_0645,CAR,405,rule,T7,"Chose to drive at 06:45 over drive at 06:30: lowest total cost (NZ$11.68 vs NZ$16.48), mainly changing routine.",habit;arrival_time,11.6841,1,420,False
125,21,CAR_0630,CAR,390,rule,T7,"Chose to drive at 06:30 over drive at 08:00: lowest total cost (NZ$2.20 vs NZ$3.86), mainly changing routine.",habit;travel_time,2.2028,1,495,False
126,21,CAR_0830,CAR,510,rule,T7,"Chose to drive at 08:30 over drive at 06:45 for the early start: lowest total cost (NZ$29.56 vs NZ$32.63), mainly arrival time.",arrival_time;habit;travel_time,29.5579,1,525,False
127,21,PT,PT,,rule,T7,"Chose to take PT over work from home: lowest total cost (NZ$22.10 vs NZ$39.94), mainly working from home.",flexibility;habit,22.0984,1,510,False
128,21,CAR_0730,CAR,450,standing,,,,24.8581,1,465,False
129,21,PT,PT,,rule,T7,"Chose to take PT over drive at 07:00: lowest total cost (NZ$20.95 vs NZ$27.37), mainly fuel.",other;fee;travel_time,20.9459,1,450,False
130,21,CAR_0630,CAR,390,standing,,,,25.6625,1,420,True
131,21,CAR_0715,CAR,435,standing,,,,14.5769,2,465,False
132,21,WFH,WFH,,rule,T7,"Chose to work from home over drive at 06:45 for the early start: lowest total cost (NZ$30.98 vs NZ$32.84), mainly fuel.",other;travel_time;fee,30.9848,1,,False
133,21,CAR_0645,CAR,405,rule,T7,"Chose to drive at 06:45 for the early start over drive at 06:30 for the early start: lowest total cost (NZ$19.43 vs NZ$22.43), mainly changing routine.",habit;arrival_time,19.4259,1,420,True
134,21,CAR_0800,CAR,480,rule,T7,"Chose to drive at 08:00 over drive at 06:45 for the early start: lowest total cost (NZ$19.25 vs NZ$21.59), mainly changing routine.",habit;arrival_time,19.247,1,510,False
135,21,CAR_0800,CAR,480,rule,T7,"Chose to drive at 08:00 over drive at 08:15: lowest total cost (NZ$22.51 vs NZ$24.51), mainly changing routine.",habit,22.5109,1,525,False
136,21,WFH,WFH,,rule,T7,"Chose to work from home over drive at 06:45 for the early start: lowest total cost (NZ$12.74 vs NZ$14.00), mainly fuel.",other;fee;travel_time,12.7425,1,,False
137,21,CAR_0730,CAR,450,rule,T7,"Chose to drive at 07:30 over drive at 07:15: lowest total cost (NZ$10.73 vs NZ$9.35), mainly arrival time.",arrival_time,10.7294,2,480,False
138,21,CAR_0700,CAR,420,rule,T7,"Chose to drive at 07:00 over drive at 07:15: lowest total cost (NZ$25.57 vs NZ$25.99), mainly changing routine.",habit;travel_time,25.5666,1,510,False
139,21,CAR_0845,CAR,525,rule,T7,"Chose to drive at 08:45 over drive at 08:30: lowest total cost (NZ$3.44 vs NZ$6.69), mainly changing routine.",habit;arrival_time;travel_time,3.4414,1,540,False
140,21,CAR_0700,CAR,420,rule,T7,"Chose to drive at 07:00 over drive at 06:45: lowest total cost (NZ$2.06 vs NZ$4.29), mainly changing routine.",habit;arrival_time,2.0563,1,435,False
141,21,PT,PT,,rule,T4,"Chose to take PT over drive at 06:45: lowest total cost (NZ$21.50 vs NZ$24.66), mainly parking.",other;fee;disruption,21.5018,1,420,False
142,21,CAR_0800,CAR,480,rule,T7,"Chose to drive at 08:00 over drive at 07:45: lowest total cost (NZ$9.20 vs NZ$10.56), mainly changing routine.",habit;arrival_time;travel_time,9.1991,1,495,False
143,21,CAR_0730,CAR,450,rule,T7,"Chose to drive at 07:30 over drive at 07:45: lowest total cost (NZ$2.43 vs NZ$3.87), mainly changing routine.",habit,2.435,1,480,False
144,21,CAR_0715,CAR,435,rule,T7,"Chose to drive at 07:15 over drive at 07:30: lowest total cost (NZ$13.72 vs NZ$15.35), mainly changing routine.",habit;fee,13.7236,1,495,False
145,21,CAR_0700,CAR,420,rule,T7,"Chose to drive at 07:00 over drive at 06:45: lowest total cost (NZ$2.12 vs NZ$5.14), mainly changing routine.",habit;arrival_time,2.1231,1,435,False
146,21,PT,PT,,rule,T7,"Chose to take PT over drive at 08:00: lowest total cost (NZ$22.61 vs NZ$40.22), mainly parking.",other;fee,22.6123,1,495,False
147,21,PT,PT,,rule,T7,"Chose to take PT over drive at 08:30: lowest total cost (NZ$37.61 vs NZ$39.91), mainly parking.",other;fee,37.6092,1,525,False
148,21,CAR_0845,CAR,525,rule,T7,"Chose to drive at 08:45 over drive at 09:00: lowest total cost (NZ$34.33 vs NZ$36.23), mainly changing routine.",habit,34.3318,1,555,False
149,21,CAR_0845,CAR,525,rule,T7,"Chose to drive at 08:45 over drive at 08:30: lowest total cost (NZ$22.43 vs NZ$25.81), mainly changing routine.",habit;arrival_time;travel_time,22.4324,1,540,False
150,21,CAR_0900,CAR,540,rule,T7,"Chose to drive at 09:00 over drive at 06:45 for the early start: lowest total cost (NZ$23.12 vs NZ$27.91), mainly arrival time.",arrival_time;habit,23.1151,1,555,False
151,21,CAR_0745,CAR,465,rule,T7,"Chose to drive at 07:45 over drive at 07:30: lowest total cost (NZ$12.08 vs NZ$14.59), mainly changing routine.",habit;arrival_time;travel_time,12.0758,1,480,False
152,21,CAR_0730,CAR,450,rule,T7,"Chose to drive at 07:30 over drive at 07:45: lowest total cost (NZ$23.58 vs NZ$26.38), mainly changing routine.",habit;fee,23.5797,1,495,False
153,21,WFH,WFH,,rule,T7,"Chose to work from home over drive at 06:45 for the early start: lowest total cost (NZ$30.05 vs NZ$31.70), mainly parking.",other;fee,30.0462,1,,False
154,21,CAR_0915,CAR,555,rule,T7,"Chose to drive at 09:15 over drive at 09:00: lowest total cost (NZ$11.08 vs NZ$12.63), mainly the charge.",fee;habit;travel_time,11.0801,1,555,False
155,21,WFH,WFH,,rule,T7,"Chose to work from home over drive at 09:15: lowest total cost (NZ$18.73 vs NZ$18.30), mainly fuel.",other;fee;travel_time,18.73,2,,False
156,21,PT,PT,,rule,T7,"Chose to take PT over drive at 07:45: lowest total cost (NZ$27.58 vs NZ$36.61), mainly parking.",other;fee,27.5756,1,480,False
157,21,CAR_0715,CAR,435,rule,T7,"Chose to drive at 07:15 over drive at 07:00: lowest total cost (NZ$14.38 vs NZ$17.04), mainly changing routine.",habit;arrival_time,14.3806,1,450,False
158,21,PT,PT,,rule,T7,"Chose to take PT over drive at 08:30: lowest total cost (NZ$30.70 vs NZ$39.06), mainly parking.",other;fee,30.699,1,525,False
159,21,CAR_0730,CAR,450,rule,T7,"Chose to drive at 07:30 over drive at 08:00: lowest total cost (NZ$20.86 vs NZ$22.81), mainly changing routine.",habit;fee,20.8561,1,495,False
160,21,CAR_0915,CAR,555,rule,T7,"Chose to drive at 09:15 over drive at 09:30: lowest total cost (NZ$24.24 vs NZ$26.94), mainly changing routine.",habit;arrival_time,24.2387,1,585,False
161,21,SKIP,SKIP,,rule,T6,"Chose to skip the trip over take PT: lowest total cost (NZ$35.53 vs NZ$43.54), mainly the PT trip.",pt;arrival_time,35.5316,1,,False
162,21,CAR_0700,CAR,420,rule,T7,"Chose to drive at 07:00 over drive at 06:45 for the early start: lowest total cost (NZ$21.28 vs NZ$20.07), mainly overall cost.",other,21.2762,4,525,False
163,21,CAR_0830,CAR,510,rule,T7,"Chose to drive at 08:30 over drive at 08:15: lowest total cost (NZ$41.82 vs NZ$42.92), mainly changing routine.",habit,41.8222,1,525,False
164,21,PT,PT,,rule,T4,"Chose to take PT over drive at 07:15: lowest total cost (NZ$29.21 vs NZ$33.78), mainly parking.",other;fee;disruption,29.2125,1,465,False
165,21,CAR_0830,CAR,510,rule,T7,"Chose to drive at 08:30 over drive at 08:45: lowest total cost (NZ$21.10 vs NZ$22.24), mainly changing routine.",habit,21.0998,1,540,False
166,21,CAR_0845,CAR,525,standing,,,,32.1539,1,540,False
167,21,CAR_0745,CAR,465,rule,T7,"Chose to drive at 07:45 over drive at 06:45 for the early start: lowest total cost (NZ$17.66 vs NZ$23.56), mainly arrival time.",arrival_time;habit,17.6576,1,480,False
168,21,CAR_0900,CAR,540,rule,T7,"Chose to drive at 09:00 over drive at 09:15: lowest total cost (NZ$13.92 vs NZ$17.55), mainly arrival time.",arrival_time;habit;travel_time,13.9183,1,555,False
169,21,CAR_0730,CAR,450,rule,T7,"Chose to drive at 07:30 over drive at 07:45: lowest total cost (NZ$16.04 vs NZ$16.10), mainly the charge.",fee;habit,16.0415,1,480,False
170,21,PT,PT,,rule,T7,"Chose to take PT over drive at 07:15: lowest total cost (NZ$29.40 vs NZ$31.27), mainly parking.",other;fee,29.4029,1,495,False
171,21,CAR_0815,CAR,495,standing,,,,14.1816,1,525,False
172,21,CAR_0845,CAR,525,rule,T7,"Chose to drive at 08:45 over drive at 08:30: lowest total cost (NZ$29.75 vs NZ$31.15), mainly changing routine.",habit;arrival_time,29.7488,1,540,False
173,21,CAR_0845,CAR,525,rule,T7,"Chose to drive at 08:45 over drive at 09:00: lowest total cost (NZ$9.76 vs NZ$12.27), mainly changing routine.",habit;arrival_time;travel_time,9.7638,1,540,False
174,21,CAR_0645,CAR,405,rule,T7,"Chose to drive at 06:45 over drive at 07:00: lowest total cost (NZ$22.69 vs NZ$23.20), mainly changing routine.",habit;travel_time,22.6914,1,435,False
175,21,CAR_0700,CAR,420,rule,T7,"Chose to drive at 07:00 over take PT: lowest total cost (NZ$32.56 vs NZ$35.90), mainly the PT trip.",pt;habit;arrival_time,32.5569,1,435,False
176,21,CAR_0715,CAR,435,rule,T7,"Chose to drive at 07:15 over drive at 07:30: lowest total cost (NZ$27.13 vs NZ$27.58), mainly the charge.",fee;travel_time,27.1333,1,525,False
177,21,PT,PT,,rule,T7,"Chose to take PT over drive at 08:15: lowest total cost (NZ$23.84 vs NZ$32.59), mainly parking.",other;fee,23.8378,1,510,False
178,21,PT,PT,,rule,T7,"Chose to take PT over drive at 07:30: lowest total cost (NZ$17.83 vs NZ$32.70), mainly parking.",other;fee,17.8326,1,510,False
179,21,WFH,WFH,,rule,T7,"Chose to work from home over drive at 07:00: lowest total cost (NZ$20.03 vs NZ$23.24), mainly fuel.",other;fee;habit,20.0282,1,,False
180,21,PT,PT,,rule,T4,"Chose to take PT over drive at 07:15: lowest total cost (NZ$20.00 vs NZ$36.54), mainly parking.",other;fee;disruption,19.9963,1,465,False
181,21,CAR_0915,CAR,555,rule,T7,"Chose to drive at 09:15 over drive at 09:30: lowest total cost (NZ$27.97 vs NZ$34.74), mainly arrival time.",arrival_time;habit,27.9677,1,570,False
182,21,CAR_0830,CAR,510,rule,T7,"Chose to drive at 08:30 over drive at 06:45 for the early start: lowest total cost (NZ$33.62 vs NZ$36.57), mainly arrival time.",arrival_time;habit,33.6159,1,525,False
183,21,PT,PT,,rule,T7,"Chose to take PT over drive at 07:30: lowest total cost (NZ$18.90 vs NZ$33.29), mainly parking.",other;fee,18.8997,1,480,False
184,21,CAR_0745,CAR,465,rule,T7,"Chose to drive at 07:45 over drive at 07:30: lowest total cost (NZ$2.75 vs NZ$6.41), mainly changing routine.",habit;arrival_time;travel_time,2.7468,1,480,False
185,21,PT,PT,,rule,T7,"Chose to take PT over drive at 08:30: lowest total cost (NZ$25.78 vs NZ$33.66), mainly parking.",other;fee,25.7801,1,525,False
186,21,CAR_0715,CAR,435,standing,,,,15.9819,2,465,False
187,21,CAR_0745,CAR,465,rule,T7,"Chose to drive at 07:45 over drive at 08:00: lowest total cost (NZ$23.15 vs NZ$23.42), mainly changing routine.",habit;fee,23.151,1,495,False
188,21,CAR_0715,CAR,435,rule,T7,"Chose to drive at 07:15 over drive at 07:30: lowest total cost (NZ$9.11 vs NZ$10.59), mainly changing routine.",habit;fee;travel_time,9.108,1,495,False
189,21,PT,PT,,rule,T7,"Chose to take PT over drive at 07:15: lowest total cost (NZ$26.54 vs NZ$30.64), mainly parking.",other;fee,26.5357,1,450,False
190,21,CAR_0900,CAR,540,rule,T7,"Chose to drive at 09:00 over take PT: lowest total cost (NZ$29.33 vs NZ$31.94), mainly the PT trip.",pt;habit;arrival_time,29.3313,1,555,False
191,21,CAR_0900,CAR,540,rule,T7,"Chose to drive at 09:00 over drive at 09:15: lowest total cost (NZ$19.93 vs NZ$21.99), mainly changing routine.",habit;arrival_time,19.9294,1,570,False
192,21,PT,PT,,rule,T7,"Chose to take PT over drive at 06:45: lowest total cost (NZ$23.77 vs NZ$38.30), mainly parking.",other;fee,23.7715,1,420,False
193,21,PT,PT,,rule,T4,"Chose to take PT over drive at 08:45: lowest total cost (NZ$28.58 vs NZ$39.29), mainly parking.",other;fee;disruption,28.5828,1,540,False
194,21,WFH,WFH,,rule,T7,"Chose to work from home over drive at 09:15: lowest total cost (NZ$16.25 vs NZ$18.59), mainly fuel.",other;fee;habit,16.2509,1,,False
195,21,CAR_0715,CAR,435,rule,T7,"Chose to drive at 07:15 over work from home: lowest total cost (NZ$14.91 vs NZ$16.21), mainly working from home.",flexibility;habit,14.9083,1,480,False
196,21,CAR_0730,CAR,450,rule,T7,"Chose to drive at 07:30 over drive at 07:15: lowest total cost (NZ$24.22 vs NZ$26.49), mainly changing routine.",habit;travel_time,24.216,1,465,False
197,21,CAR_0700,CAR,420,rule,T7,"Chose to drive at 07:00 over drive at 06:45: lowest total cost (NZ$12.62 vs NZ$13.88), mainly arrival time.",arrival_time;habit;travel_time,12.6243,1,435,False
198,21,CAR_0730,CAR,450,rule,T7,"Chose to drive at 07:30 over drive at 07:15: lowest total cost (NZ$15.37 vs NZ$18.69), mainly arrival time.",arrival_time;habit;travel_time,15.3708,1,465,False
199,21,CAR_0645,CAR,405,rule,T7,"Chose to drive at 06:45 for the early start over drive at 07:30: lowest total cost (NZ$20.70 vs NZ$22.94), mainly changing routine.",habit;fee,20.7038,1,420,True
200,21,CAR_0630,CAR,390,rule,T7,"Chose to drive at 06:30 for the early start over drive at 06:45 for the early start: lowest total cost (NZ$22.64 vs NZ$24.36), mainly changing routine.",habit,22.6353,1,420,True
201,21,PT,PT,,rule,T4,"Chose to take PT over work from home: lowest total cost (NZ$34.48 vs NZ$52.38), mainly working from home.",flexibility;habit;disruption,34.4781,1,465,False
202,21,CAR_0645,CAR,405,standing,,,,18.2073,2,465,False
203,21,PT,PT,,rule,T3;T4,"Chose to take PT over drive at 09:15: lowest total cost (NZ$30.01 vs NZ$30.79), mainly parking.",other;fee;disruption,30.0144,1,555,False
204,21,PT,PT,,rule,T7,"Chose to take PT over drive at 08:00: lowest total cost (NZ$29.08 vs NZ$31.11), mainly parking.",other;fee,29.08,1,495,False
205,21,CAR_0915,CAR,555,rule,T7,"Chose to drive at 09:15 over drive at 09:00: lowest total cost (NZ$14.93 vs NZ$21.05), mainly arrival time.",arrival_time;habit;fee,14.9263,1,570,False
206,21,CAR_0645,CAR,405,rule,T7,"Chose to drive at 06:45 for the early start over drive at 07:15: lowest total cost (NZ$20.17 vs NZ$22.63), mainly changing routine.",habit;travel_time;arrival_time,20.1734,1,420,True
207,21,CAR_0800,CAR,480,rule,T4,"Chose to drive at 08:00 over take PT: lowest total cost (NZ$30.77 vs NZ$31.55), mainly the PT trip.",pt;habit;disruption,30.7692,1,495,False
208,21,CAR_0800,CAR,480,standing,,,,26.3489,1,495,False
209,21,CAR_0700,CAR,420,rule,T7,"Chose to drive at 07:00 over drive at 06:45: lowest total cost (NZ$3.91 vs NZ$7.06), mainly arrival time.",arrival_time;habit,3.905,1,435,False
210,21,PT,PT,,rule,T7,"Chose to take PT over drive at 09:00: lowest total cost (NZ$30.18 vs NZ$35.39), mainly parking.",other;fee,30.1751,1,555,False
211,21,CAR_0930,CAR,570,rule,T7,"Chose to drive at 09:30 over drive at 09:15: lowest total cost (NZ$26.67 vs NZ$31.72), mainly changing routine.",habit;arrival_time;fee,26.666,1,585,False
212,21,CAR_0845,CAR,525,rule,T7,"Chose to drive at 08:45 over take PT: lowest total cost (NZ$32.05 vs NZ$32.00), mainly the PT trip.",pt;arrival_time,32.0467,2,540,False
213,21,CAR_0630,CAR,390,rule,T7,"Chose to drive at 06:30 for the early start over drive at 06:45 for the early start: lowest total cost (NZ$27.69 vs NZ$30.04), mainly changing routine.",habit;arrival_time,27.689,1,420,True
214,21,PT,PT,,rule,T7,"Chose to take PT over skip the trip: lowest total cost (NZ$24.97 vs NZ$39.56), mainly missing the day.",work_constraint;habit,24.9724,1,555,False
215,21,PT,PT,,rule,T7,"Chose to take PT over drive at 08:30: lowest total cost (NZ$22.28 vs NZ$23.30), mainly fuel.",other;fee;habit,22.281,1,525,False
216,21,CAR_0800,CAR,480,standing,,,,9.1108,1,495,False
217,21,CAR_0645,CAR,405,rule,T7,"Chose to drive at 06:45 for the early start over drive at 07:45: lowest total cost (NZ$35.59 vs NZ$34.74), mainly the charge.",fee,35.5906,2,420,True
218,21,SKIP,SKIP,,rule,T6,"Chose to skip the trip over drive at 07:45: lowest total cost (NZ$42.00 vs NZ$47.94), mainly fuel.",other;fee,42.0026,1,,False
219,21,CAR_0815,CAR,495,rule,T7,"Chose to drive at 08:15 over drive at 08:30: lowest total cost (NZ$26.36 vs NZ$28.24), mainly changing routine.",habit;arrival_time,26.3634,1,510,False
220,21,CAR_0845,CAR,525,rule,T7,"Chose to drive at 08:45 over drive at 08:30: lowest total cost (NZ$15.90 vs NZ$19.99), mainly arrival time.",arrival_time;habit,15.9018,1,540,False
221,21,CAR_0730,CAR,450,rule,T7,"Chose to drive at 07:30 over drive at 07:15: lowest total cost (NZ$16.90 vs NZ$19.46), mainly changing routine.",habit;arrival_time;travel_time,16.8972,1,465,False
222,21,CAR_0715,CAR,435,rule,T7,"Chose to drive at 07:15 over drive at 07:00: lowest total cost (NZ$13.37 vs NZ$16.78), mainly arrival time.",arrival_time;habit,13.373,1,450,False
223,21,PT,PT,,rule,T7,"Chose to take PT over drive at 07:15: lowest total cost (NZ$28.78 vs NZ$34.35), mainly parking.",other;fee,28.7841,1,480,False
224,21,CAR_0815,CAR,495,rule,T7,"Chose to drive at 08:15 over drive at 08:30: lowest total cost (NZ$21.86 vs NZ$24.49), mainly changing routine.",habit,21.8558,1,525,False
225,21,CAR_0700,CAR,420,rule,T7,"Chose to drive at 07:00 over drive at 06:45: lowest total cost (NZ$31.48 vs NZ$41.38), mainly arrival time.",arrival_time;habit,31.4782,1,435,False
226,21,CAR_0930,CAR,570,rule,T3,"Chose to drive at 09:30 over drive at 09:15: lowest total cost (NZ$29.09 vs NZ$31.36), mainly changing routine.",habit;fee;travel_time,29.0858,1,570,False
227,21,CAR_0830,CAR,510,rule,T7,"Chose to drive at 08:30 over drive at 08:45: lowest total cost (NZ$28.21 vs NZ$28.55), mainly changing routine.",habit;travel_time,28.209,1,540,False
228,21,CAR_0645,CAR,405,rule,T7,"Chose to drive at 06:45 over drive at 07:00: lowest total cost (NZ$7.65 vs NZ$8.54), mainly changing routine.",habit;arrival_time,7.6461,1,420,False
229,21,PT,PT,,rule,T7,"Chose to take PT over drive at 06:30 for the early start: lowest total cost (NZ$24.52 vs NZ$40.64), mainly parking.",other;fee,24.5162,1,525,False
230,21,CAR_0700,CAR,420,rule,T7,"Chose to drive at 07:00 over drive at 06:45: lowest total cost (NZ$17.84 vs NZ$20.16), mainly arrival time.",arrival_time;habit,17.8416,1,450,False
231,21,CAR_0700,CAR,420,rule,T7,"Chose to drive at 07:00 over drive at 06:45: lowest total cost (NZ$14.36 vs NZ$17.20), mainly changing routine.",habit;arrival_time,14.3595,1,435,False
232,21,CAR_0845,CAR,525,standing,,,,17.3334,1,540,False
233,21,CAR_0800,CAR,480,rule,T7,"Chose to drive at 08:00 over drive at 07:45: lowest total cost (NZ$34.39 vs NZ$36.68), mainly arrival time.",arrival_time;habit,34.3855,1,495,False
234,21,CAR_0745,CAR,465,standing,,,,16.8258,1,480,False
235,21,CAR_0730,CAR,450,rule,T7,"Chose to drive at 07:30 over drive at 07:45: lowest total cost (NZ$38.62 vs NZ$41.26), mainly changing routine.",habit;fee,38.6167,1,480,False
236,21,CAR_0915,CAR,555,rule,T7,"Chose to drive at 09:15 over drive at 06:45 for the early start: lowest total cost (NZ$24.40 vs NZ$29.18), mainly arrival time.",arrival_time;habit,24.4031,1,570,False
237,21,CAR_0645,CAR,405,rule,T7,"Chose to drive at 06:45 for the early start over drive at 08:30: lowest total cost (NZ$28.56 vs NZ$29.48), mainly the charge.",fee;habit,28.564,1,420,True
238,21,CAR_0745,CAR,465,rule,T7,"Chose to drive at 07:45 over drive at 08:00: lowest total cost (NZ$21.44 vs NZ$21.24), mainly changing routine.",habit;fee,21.4409,2,495,False
239,21,PT,PT,,rule,T4,"Chose to take PT over drive at 08:30: lowest total cost (NZ$32.24 vs NZ$38.10), mainly parking.",other;fee;disruption,32.2377,1,525,False
240,21,CAR_0645,CAR,405,rule,T7,"Chose to drive at 06:45 over drive at 06:30: lowest total cost (NZ$11.84 vs NZ$15.41), mainly changing routine.",habit;arrival_time,11.8386,1,420,False
241,21,CAR_0700,CAR,420,rule,T7,"Chose to drive at 07:00 over drive at 06:45: lowest total cost (NZ$20.05 vs NZ$19.15), mainly arrival time.",arrival_time,20.0538,2,450,False
242,21,CAR_0900,CAR,540,rule,T7,"Chose to drive at 09:00 over drive at 09:15: lowest total cost (NZ$27.67 vs NZ$30.88), mainly changing routine.",habit;arrival_time,27.6671,1,555,False
243,21,CAR_0830,CAR,510,rule,T4,"Chose to drive at 08:30 over drive at 07:30: lowest total cost (NZ$21.63 vs NZ$21.56), mainly arrival time.",arrival_time;habit;travel_time;disruption,21.6286,3,540,False
244,21,CAR_0700,CAR,420,standing,,,,25.0273,2,450,False
245,21,CAR_0815,CAR,495,rule,T7,"Chose to drive at 08:15 over drive at 08:30: lowest total cost (NZ$2.68 vs NZ$2.75), mainly changing routine.",habit;arrival_time,2.6841,1,510,False
246,21,CAR_0945,CAR,585,rule,T7,"Chose to drive at 09:45 over drive at 09:30: lowest total cost (NZ$30.19 vs NZ$32.81), mainly changing routine.",habit;arrival_time,30.1919,1,600,False
247,21,CAR_0815,CAR,495,rule,T7,"Chose to drive at 08:15 over drive at 06:45 for the early start: lowest total cost (NZ$21.23 vs NZ$22.47), mainly arrival time.",arrival_time;habit,21.2304,1,510,False
248,21,CAR_0915,CAR,555,rule,T7,"Chose to drive at 09:15 over drive at 09:30: lowest total cost (NZ$29.51 vs NZ$33.56), mainly changing routine.",habit;arrival_time,29.5144,1,570,False
249,21,CAR_0830,CAR,510,rule,T7,"Chose to drive at 08:30 over drive at 08:15: lowest total cost (NZ$15.06 vs NZ$17.91), mainly changing routine.",habit;arrival_time;travel_time,15.0561,1,525,False
250,21,PT,PT,,rule,T4,"Chose to take PT over drive at 08:45: lowest total cost (NZ$32.75 vs NZ$35.21), mainly fuel.",other;fee;disruption,32.7548,1,540,False
251,21,CAR_0815,CAR,495,rule,T7,"Chose to drive at 08:15 over drive at 08:00: lowest total cost (NZ$26.00 vs NZ$28.66), mainly changing routine.",habit,25.9955,1,510,False
252,21,CAR_0700,CAR,420,rule,T7,"Chose to drive at 07:00 over drive at 06:45: lowest total cost (NZ$42.37 vs NZ$45.06), mainly changing routine.",habit;arrival_time,42.3659,1,450,False
253,21,CAR_0845,CAR,525,rule,T7,"Chose to drive at 08:45 over drive at 08:30: lowest total cost (NZ$14.87 vs NZ$18.52), mainly changing routine.",habit;arrival_time,14.8693,1,540,False
254,21,PT,PT,,rule,T4,"Chose to take PT over drive at 07:15: lowest total cost (NZ$23.06 vs NZ$35.96), mainly fuel.",other;fee;disruption,23.0579,1,495,False
255,21,PT,PT,,rule,T7,"Chose to take PT over drive at 07:15: lowest total cost (NZ$31.60 vs NZ$31.79), mainly parking.",other;fee,31.6005,1,465,False
256,21,WFH,WFH,,rule,T7,"Chose to work from home over drive at 06:45 for the early start: lowest total cost (NZ$42.36 vs NZ$44.12), mainly parking.",other;travel_time,42.355,1,,False
257,21,CAR_0730,CAR,450,rule,T7,"Chose to drive at 07:30 over drive at 07:15: lowest total cost (NZ$12.25 vs NZ$14.02), mainly arrival time.",arrival_time;habit,12.2495,1,465,False
258,21,CAR_0700,CAR,420,rule,T7,"Chose to drive at 07:00 over drive at 06:45: lowest total cost (NZ$14.44 vs NZ$17.24), mainly arrival time.",arrival_time;habit;travel_time,14.438,1,435,False
259,21,CAR_0800,CAR,480,standing,,,,40.5895,2,510,False
260,21,PT,PT,,rule,T7,"Chose to take PT over skip the trip: lowest total cost (NZ$21.93 vs NZ$36.64), mainly missing the day.",work_constraint;habit,21.93,1,510,False
261,21,CAR_0830,CAR,510,rule,T7,"Chose to drive at 08:30 over take PT: lowest total cost (NZ$30.96 vs NZ$31.74), mainly the PT trip.",pt;habit;arrival_time,30.9634,1,525,False
262,21,PT,PT,,rule,T7,"Chose to take PT over drive at 07:30: lowest total cost (NZ$31.23 vs NZ$35.48), mainly parking.",other;fee,31.2307,1,510,False
263,21,PT,PT,,rule,T4,"Chose to take PT over skip the trip: lowest total cost (NZ$32.03 vs NZ$38.39), mainly missing the day.",work_constraint;habit;disruption,32.0327,1,465,False
264,21,CAR_0915,CAR,555,rule,T7,"Chose to drive at 09:15 over drive at 09:00: lowest total cost (NZ$7.64 vs NZ$10.17), mainly the charge.",fee;habit;travel_time,7.6434,1,555,False
265,21,CAR_0915,CAR,555,rule,T7,"Chose to drive at 09:15 over drive at 09:30: lowest total cost (NZ$29.19 vs NZ$30.86), mainly arrival time.",arrival_time;habit;travel_time,29.1892,1,570,False
266,21,CAR_0815,CAR,495,rule,T7,"Chose to drive at 08:15 over drive at 08:00: lowest total cost (NZ$31.18 vs NZ$34.41), mainly arrival time.",arrival_time;habit,31.1817,1,510,False
267,21,CAR_0830,CAR,510,rule,T7,"Chose to drive at 08:30 over drive at 08:15: lowest total cost (NZ$31.44 vs NZ$35.26), mainly arrival time.",arrival_time;habit;travel_time,31.4389,1,525,False
268,21,CAR_0800,CAR,480,rule,T7,"Chose to drive at 08:00 over drive at 06:45 for the early start: lowest total cost (NZ$37.34 vs NZ$43.93), mainly arrival time.",arrival_time;habit,37.3379,1,495,False
269,21,CAR_0845,CAR,525,rule,T7,"Chose to drive at 08:45 over drive at 09:00: lowest total cost (NZ$45.30 vs NZ$46.63), mainly changing routine.",habit,45.3022,1,555,False
270,21,WFH,WFH,,rule,T7,"Chose to work from home over drive at 06:45 for the early start: lowest total cost (NZ$36.54 vs NZ$37.99), mainly parking.",other;fee,36.5391,1,,False
271,21,CAR_0700,CAR,420,rule,T7,"Chose to drive at 07:00 over drive at 07:15: lowest total cost (NZ$20.01 vs NZ$19.51), mainly the charge.",fee;travel_time;arrival_time,20.0146,2,450,False
272,21,CAR_0715,CAR,435,rule,T7,"Chose to drive at 07:15 over drive at 06:30: lowest total cost (NZ$10.85 vs NZ$12.23), mainly arrival time.",arrival_time,10.8498,1,450,False
273,21,PT,PT,,rule,T7,"Chose to take PT over drive at 08:15: lowest total cost (NZ$32.24 vs NZ$37.08), mainly parking.",other;fee,32.2387,1,510,False
274,21,SKIP,SKIP,,rule,T6,"Chose to skip the trip over drive at 08:15: lowest total cost (NZ$34.45 vs NZ$38.04), mainly fuel.",other;fee,34.4459,1,,False
275,21,CAR_0700,CAR,420,standing,,,,15.2009,1,495,False
276,21,CAR_0645,CAR,405,rule,T7,"Chose to drive at 06:45 for the early start over drive at 08:15: lowest total cost (NZ$20.81 vs NZ$23.31), mainly changing routine.",habit;fee,20.8134,1,420,True
277,21,CAR_0715,CAR,435,rule,T7,"Chose to drive at 07:15 over drive at 07:30: lowest total cost (NZ$11.18 vs NZ$12.40), mainly changing routine.",habit;fee,11.1841,1,480,False
278,21,PT,PT,,rule,T7,"Chose to take PT over drive at 08:30: lowest total cost (NZ$24.50 vs NZ$30.86), mainly parking.",other;fee,24.4987,1,525,False
279,21,CAR_0915,CAR,555,rule,T7,"Chose to drive at 09:15 over drive at 09:00: lowest total cost (NZ$27.80 vs NZ$30.92), mainly arrival time.",arrival_time;fee;habit,27.7963,1,570,False
280,21,CAR_0830,CAR,510,rule,T7,"Chose to drive at 08:30 over drive at 08:15: lowest total cost (NZ$31.16 vs NZ$33.90), mainly changing routine.",habit;arrival_time;travel_time,31.1586,1,525,False
281,21,PT,PT,,rule,T7,"Chose to take PT over drive at 07:15: lowest total cost (NZ$22.29 vs NZ$32.46), mainly parking.",other;fee,22.2882,1,495,False
282,21,PT,PT,,rule,T7,"Chose to take PT over drive at 08:30: lowest total cost (NZ$26.36 vs NZ$40.26), mainly parking.",other;fee,26.3611,1,525,False
283,21,CAR_0900,CAR,540,rule,T7,"Chose to drive at 09:00 over drive at 06:45 for the early start: lowest total cost (NZ$18.98 vs NZ$23.11), mainly arrival time.",arrival_time;habit,18.9795,1,555,False
284,21,PT,PT,,rule,T7,"Chose to take PT over drive at 09:30: lowest total cost (NZ$24.24 vs NZ$32.71), mainly parking.",other;fee,24.2399,1,585,False
285,21,PT,PT,,rule,T4,"Chose to take PT over drive at 08:00: lowest total cost (NZ$25.46 vs NZ$40.00), mainly parking.",other;fee;disruption,25.46,1,495,False
286,21,CAR_0715,CAR,435,rule,T7,"Chose to drive at 07:15 over drive at 07:00: lowest total cost (NZ$33.00 vs NZ$36.75), mainly changing routine.",habit;arrival_time,33.0046,1,450,False
287,21,PT,PT,,rule,T4,"Chose to take PT over drive at 09:45: lowest total cost (NZ$18.59 vs NZ$28.44), mainly parking.",other;fee;disruption,18.5869,1,600,False
288,21,CAR_0730,CAR,450,rule,T7,"Chose to drive at 07:30 over drive at 07:00: lowest total cost (NZ$20.87 vs NZ$20.00), mainly arrival time.",arrival_time,20.871,5,555,False
289,21,PT,PT,,rule,T7,"Chose to take PT over drive at 07:15: lowest total cost (NZ$21.70 vs NZ$28.91), mainly parking.",other;fee,21.6997,1,495,False
290,21,CAR_0745,CAR,465,rule,T7,"Chose to drive at 07:45 over drive at 07:30: lowest total cost (NZ$14.19 vs NZ$20.07), mainly arrival time.",arrival_time;habit;travel_time,14.1903,1,480,False
291,21,CAR_0815,CAR,495,rule,T7,"Chose to drive at 08:15 over drive at 08:00: lowest total cost (NZ$17.04 vs NZ$22.30), mainly arrival time.",arrival_time;habit,17.0374,1,510,False
292,21,CAR_0800,CAR,480,rule,T7,"Chose to drive at 08:00 over drive at 08:15: lowest total cost (NZ$1.32 vs NZ$2.95), mainly changing routine.",habit,1.3233,1,510,False
293,21,PT,PT,,rule,T7,"Chose to take PT over skip the trip: lowest total cost (NZ$31.97 vs NZ$38.50), mainly missing the day.",work_constraint;habit,31.9657,1,525,False
294,21,WFH,WFH,,rule,T7,"Chose to work from home over drive at 06:45: lowest total cost (NZ$14.82 vs NZ$15.81), mainly fuel.",other;fee;travel_time,14.8241,1,,False
295,21,PT,PT,,rule,T7,"Chose to take PT over drive at 07:30: lowest total cost (NZ$19.38 vs NZ$34.02), mainly parking.",other;fee,19.378,1,480,False
296,21,CAR_0800,CAR,480,rule,T7,"Chose to drive at 08:00 over drive at 06:45 for the early start: lowest total cost (NZ$32.80 vs NZ$33.66), mainly arrival time.",arrival_time,32.8037,1,495,False
297,21,CAR_0715,CAR,435,rule,T7,"Chose to drive at 07:15 over drive at 07:00: lowest total cost (NZ$17.11 vs NZ$18.05), mainly changing routine.",habit;arrival_time,17.1144,1,465,False
298,21,PT,PT,,rule,T7,"Chose to take PT over skip the trip: lowest total cost (NZ$30.59 vs NZ$36.85), mainly missing the day.",work_constraint;habit,30.5886,1,540,False
299,21,CAR_0800,CAR,480,rule,T7,"Chose to drive at 08:00 over drive at 07:15: lowest total cost (NZ$20.44 vs NZ$17.85), mainly arrival time.",arrival_time;travel_time,20.4443,7,495,False
0,22,WFH,WFH,,standing,,,,34.8391,1,,False
1,22,CAR_0715,CAR,435,standing,,,,18.8683,1,450,False
2,22,CAR_0715,CAR,435,standing,,,,9.9616,1,450,False
3,22,CAR_0815,CAR,495,standing,,,,34.0579,1,510,False
4,22,PT,PT,,standing,,,,29.5959,1,525,False
5,22,CAR_0800,CAR,480,standing,,,,15.1212,1,495,False
6,22,WFH,WFH,,standing,,,,20.4213,2,,False
7,22,CAR_0745,CAR,465,standing,,,,11.7481,1,480,False
8,22,PT,PT,,standing,,,,19.8437,1,525,False
9,22,CAR_0915,CAR,555,standing,,,,27.7342,1,570,False
10,22,PT,PT,,standing,,,,32.0804,2,525,False
11,22,CAR_0800,CAR,480,standing,,,,31.0426,1,495,False
12,22,PT,PT,,standing,,,,35.8003,1,525,False
13,22,CAR_0900,CAR,540,standing,,,,19.0,1,555,False
14,22,PT,PT,,standing,,,,32.1305,1,585,False
15,22,CAR_0800,CAR,480,standing,,,,39.7614,1,495,False
16,22,PT,PT,,standing,,,,23.8509,1,450,False
17,22,CAR_0945,CAR,585,standing,,,,27.3468,1,600,False
18,22,CAR_0945,CAR,585,rule,T3,"Chose to drive at 09:45 over drive at 09:30: lowest total cost (NZ$19.97 vs NZ$22.36), mainly changing routine.",habit,19.9675,1,555,False
19,22,CAR_0800,CAR,480,standing,,,,28.8241,1,495,False
20,22,CAR_0745,CAR,465,standing,,,,16.7764,1,480,False
21,22,CAR_0815,CAR,495,standing,,,,17.002,1,510,False
22,22,CAR_0815,CAR,495,standing,,,,1.0081,1,510,False
23,22,PT,PT,,standing,,,,23.612,1,525,False
24,22,CAR_0715,CAR,435,standing,,,,14.7944,1,465,False
25,22,PT,PT,,standing,,,,23.4377,1,480,False
26,22,PT,PT,,standing,,,,20.602,1,495,False
27,22,CAR_0730,CAR,450,standing,,,,17.4229,1,465,False
28,22,PT,PT,,standing,,,,23.2635,1,540,False
29,22,CAR_0715,CAR,435,standing,,,,18.2621,1,495,False
30,22,CAR_0815,CAR,495,standing,,,,31.7294,1,525,False
31,22,CAR_0815,CAR,495,rule,T7,"Chose to drive at 08:15 over drive at 08:30: lowest total cost (NZ$35.09 vs NZ$35.90), mainly changing routine.",habit,35.087,1,525,False
32,22,CAR_0745,CAR,465,standing,,,,21.9983,1,510,False
33,22,CAR_0745,CAR,465,standing,,,,17.88,1,495,False
34,22,PT,PT,,standing,,,,19.2138,1,495,False
35,22,CAR_0815,CAR,495,standing,,,,33.1277,1,510,False
36,22,CAR_0745,CAR,465,standing,,,,1.1481,1,480,False
37,22,PT,PT,,standing,,,,21.2526,1,510,False
38,22,CAR_0700,CAR,420,standing,,,,21.6458,1,450,False
39,22,PT,PT,,standing,,,,22.5886,1,480,False
40,22,CAR_0700,CAR,420,standing,,,,23.5869,1,435,False
41,22,CAR_0800,CAR,480,standing,,,,8.3166,1,510,False
42,22,CAR_0800,CAR,480,standing,,,,20.0404,1,525,False
43,22,CAR_0830,CAR,510,standing,,,,33.278,4,540,False
44,22,CAR_0730,CAR,450,standing,,,,14.3699,1,465,False
45,22,CAR_0700,CAR,420,standing,,,,14.4756,1,435,False
46,22,CAR_0845,CAR,525,standing,,,,16.2044,1,540,False
47,22,CAR_0700,CAR,420,standing,,,,7.6192,1,450,False
48,22,PT,PT,,standing,,,,19.7335,1,510,False
49,22,WFH,WFH,,standing,,,,12.2018,1,,False
50,22,PT,PT,,standing,,,,28.863,1,510,False
51,22,CAR_0815,CAR,495,standing,,,,23.7224,1,525,False
52,22,PT,PT,,standing,,,,24.4912,1,525,False
53,22,CAR_0645,CAR,405,standing,,,,17.0455,1,420,True
54,22,CAR_0715,CAR,435,standing,,,,8.0427,1,450,False
55,22,CAR_0700,CAR,420,standing,,,,1.2125,1,435,False
56,22,CAR_0830,CAR,510,standing,,,,9.2218,1,525,False
57,22,CAR_0715,CAR,435,standing,,,,24.0402,1,450,False
58,22,CAR_0815,CAR,495,standing,,,,13.5709,1,510,False
59,22,CAR_0715,CAR,435,standing,,,,20.138,1,510,False
60,22,PT,PT,,standing,,,,20.9782,1,465,False
61,22,CAR_0730,CAR,450,standing,,,,37.1849,3,510,False
62,22,CAR_0745,CAR,465,standing,,,,28.0201,1,480,False
63,22,CAR_0830,CAR,510,standing,,,,23.7827,1,525,False
64,22,PT,PT,,standing,,,,33.1718,1,465,False
65,22,SKIP,SKIP,,rule,T6,"Chose to skip the trip over drive at 08:00: lowest total cost (NZ$33.80 vs NZ$39.16), mainly parking.",other;fee,33.8034,1,,False
66,22,CAR_0800,CAR,480,standing,,,,32.5345,1,495,False
67,22,CAR_0800,CAR,480,standing,,,,23.6697,1,510,False
68,22,CAR_0715,CAR,435,standing,,,,20.7491,1,465,False
69,22,CAR_0915,CAR,555,standing,,,,26.2037,1,570,False
70,22,WFH,WFH,,standing,,,,17.2841,1,,False
71,22,PT,PT,,standing,,,,32.5316,1,495,False
72,22,CAR_0700,CAR,420,standing,,,,13.2276,1,435,False
73,22,PT,PT,,standing,,,,31.0466,1,525,False
74,22,PT,PT,,standing,,,,22.7657,1,540,False
75,22,PT,PT,,standing,,,,24.4691,1,555,False
76,22,CAR_0730,CAR,450,standing,,,,18.1165,1,480,False
77,22,CAR_0700,CAR,420,standing,,,,23.9413,1,435,False
78,22,CAR_0945,CAR,585,standing,,,,23.416,1,585,False
79,22,SKIP,SKIP,,rule,T6,"Chose to skip the trip over drive at 07:45: lowest total cost (NZ$39.51 vs NZ$44.62), mainly parking.",other;fee,39.5143,1,,False
80,22,CAR_0800,CAR,480,standing,,,,22.1209,1,495,False
81,22,CAR_0700,CAR,420,standing,,,,29.5489,1,435,False
82,22,PT,PT,,standing,,,,17.6253,1,510,False
83,22,WFH,WFH,,standing,,,,21.7228,3,,False
84,22,CAR_0730,CAR,450,standing,,,,16.6406,1,465,False
85,22,PT,PT,,standing,,,,23.8139,1,525,False
86,22,CAR_0700,CAR,420,standing,,,,14.8036,1,435,False
87,22,CAR_0715,CAR,435,standing,,,,13.4103,1,450,False
88,22,CAR_0815,CAR,495,standing,,,,3.6908,1,510,False
89,22,CAR_0700,CAR,420,standing,,,,2.7876,1,465,False
90,22,PT,PT,,standing,,,,19.7719,1,525,False
91,22,CAR_0730,CAR,450,standing,,,,34.3011,1,495,False
92,22,CAR_0730,CAR,450,standing,,,,12.6861,1,495,False
93,22,CAR_0700,CAR,420,standing,,,,9.2819,1,435,False
94,22,CAR_0915,CAR,555,standing,,,,16.704,1,570,False
95,22,CAR_0830,CAR,510,standing,,,,22.6788,1,540,False
96,22,CAR_0730,CAR,450,rule,T7,"Chose to drive at 07:30 over drive at 07:15: lowest total cost (NZ$29.10 vs NZ$29.58), mainly arrival time.",arrival_time;travel_time,29.1035,1,465,False
97,22,CAR_0845,CAR,525,standing,,,,40.9519,1,555,False
98,22,PT,PT,,standing,,,,18.8005,1,525,False
99,22,CAR_0745,CAR,465,standing,,,,19.7152,1,480,False
100,22,CAR_0800,CAR,480,standing,,,,17.589,1,495,False
101,22,CAR_0830,CAR,510,standing,,,,17.4387,1,525,False
102,22,PT,PT,,standing,,,,24.2136,1,510,False
103,22,CAR_0800,CAR,480,standing,,,,17.4136,1,495,False
104,22,CAR_0730,CAR,450,standing,,,,15.9613,1,480,False
105,22,CAR_0700,CAR,420,standing,,,,1.8374,1,435,False
106,22,WFH,WFH,,standing,,,,16.8006,1,,False
107,22,CAR_0845,CAR,525,standing,,,,16.7916,1,540,False
108,22,CAR_0815,CAR,495,standing,,,,21.9803,1,525,False
109,22,CAR_0845,CAR,525,standing,,,,4.0241,1,540,False
110,22,CAR_0845,CAR,525,standing,,,,12.5407,1,540,False
111,22,CAR_0930,CAR,570,rule,T3,"Chose to drive at 09:30 over drive at 09:45: lowest total cost (NZ$7.66 vs NZ$10.05), mainly arrival time.",arrival_time,7.6601,1,570,False
112,22,CAR_0700,CAR,420,standing,,,,18.5008,2,450,False
113,22,PT,PT,,standing,,,,27.1744,1,555,False
114,22,PT,PT,,standing,,,,20.2778,1,570,False
115,22,CAR_0815,CAR,495,standing,,,,8.0529,1,510,False
116,22,PT,PT,,standing,,,,19.8053,1,480,False
117,22,CAR_0730,CAR,450,standing,,,,3.8148,1,480,False
118,22,CAR_0915,CAR,555,standing,,,,4.4535,1,570,False
119,22,PT,PT,,standing,,,,19.5064,1,495,False
120,22,CAR_0700,CAR,420,standing,,,,14.855,1,435,False
121,22,CAR_0845,CAR,525,standing,,,,21.5955,1,540,False
122,22,CAR_0915,CAR,555,standing,,,,27.1924,1,570,False
123,22,PT,PT,,standing,,,,22.2612,1,435,False
124,22,CAR_0645,CAR,405,standing,,,,11.6562,1,420,False
125,22,CAR_0630,CAR,390,standing,,,,2.2028,1,495,False
126,22,CAR_0830,CAR,510,standing,,,,29.5324,1,525,False
127,22,PT,PT,,standing,,,,22.0984,1,510,False
128,22,CAR_0730,CAR,450,standing,,,,24.8204,1,465,False
129,22,PT,PT,,standing,,,,20.9459,1,450,False
130,22,CAR_0630,CAR,390,rule,T7,"Chose to drive at 06:30 for the early start over drive at 06:45 for the early start: lowest total cost (NZ$25.57 vs NZ$28.03), mainly changing routine.",habit;arrival_time,25.5747,1,420,True
131,22,CAR_0730,CAR,450,rule,T7,"Chose to drive at 07:30 over drive at 07:15: lowest total cost (NZ$13.06 vs NZ$14.52), mainly travel time.",travel_time;arrival_time,13.0582,1,465,False
132,22,WFH,WFH,,standing,,,,30.9848,1,,False
133,22,CAR_0645,CAR,405,standing,,,,19.4005,1,420,True
134,22,CAR_0800,CAR,480,standing,,,,19.2216,1,510,False
135,22,CAR_0800,CAR,480,standing,,,,22.5549,1,525,False
136,22,WFH,WFH,,standing,,,,12.7425,1,,False
137,22,CAR_0730,CAR,450,standing,,,,8.8043,1,480,False
138,22,CAR_0700,CAR,420,standing,,,,25.5782,1,510,False
139,22,CAR_0845,CAR,525,standing,,,,3.4414,1,540,False
140,22,CAR_0700,CAR,420,standing,,,,2.3707,1,435,False
141,22,PT,PT,,standing,,,,21.5018,1,420,False
142,22,CAR_0800,CAR,480,standing,,,,9.1736,1,495,False
143,22,CAR_0730,CAR,450,standing,,,,2.4157,1,480,False
144,22,CAR_0715,CAR,435,standing,,,,13.6486,1,495,False
145,22,CAR_0700,CAR,420,standing,,,,2.2116,1,435,False
146,22,PT,PT,,standing,,,,22.6123,1,495,False
147,22,PT,PT,,standing,,,,37.6092,1,525,False
148,22,CAR_0845,CAR,525,standing,,,,34.3063,1,555,False
149,22,CAR_0845,CAR,525,standing,,,,22.4197,1,540,False
150,22,CAR_0900,CAR,540,standing,,,,23.0933,1,555,False
151,22,CAR_0745,CAR,465,standing,,,,12.0725,1,480,False
152,22,CAR_0730,CAR,450,standing,,,,23.5762,1,495,False
153,22,WFH,WFH,,standing,,,,30.0462,1,,False
154,22,CAR_0915,CAR,555,standing,,,,11.0408,1,555,False
155,22,WFH,WFH,,standing,,,,18.73,2,,False
156,22,PT,PT,,standing,,,,27.5756,1,480,False
157,22,CAR_0715,CAR,435,standing,,,,14.3788,1,450,False
158,22,PT,PT,,standing,,,,30.699,1,525,False
159,22,CAR_0730,CAR,450,standing,,,,20.8674,1,495,False
160,22,CAR_0915,CAR,555,standing,,,,24.2303,1,585,False
161,22,SKIP,SKIP,,rule,T6,"Chose to skip the trip over drive at 08:00: lowest total cost (NZ$35.53 vs NZ$43.51), mainly fuel.",other;fee,35.5316,1,,False
162,22,CAR_0700,CAR,420,standing,,,,20.3726,1,525,False
163,22,CAR_0830,CAR,510,standing,,,,40.7498,1,525,False
164,22,PT,PT,,standing,,,,29.2125,1,465,False
165,22,CAR_0830,CAR,510,standing,,,,20.7725,1,540,False
166,22,CAR_0845,CAR,525,rule,T7,"Chose to drive at 08:45 over drive at 09:00: lowest total cost (NZ$32.10 vs NZ$36.07), mainly arrival time.",arrival_time;habit;travel_time,32.103,1,540,False
167,22,CAR_0745,CAR,465,standing,,,,17.6576,1,480,False
168,22,CAR_0900,CAR,540,standing,,,,13.896,1,555,False
169,22,CAR_0730,CAR,450,standing,,,,16.0329,1,480,False
170,22,PT,PT,,standing,,,,29.4029,1,495,False
171,22,CAR_0815,CAR,495,rule,T7,"Chose to drive at 08:15 over drive at 08:30: lowest total cost (NZ$14.17 vs NZ$15.27), mainly changing routine.",habit,14.1687,1,525,False
172,22,CAR_0845,CAR,525,standing,,,,29.7073,1,540,False
173,22,CAR_0845,CAR,525,standing,,,,9.7259,1,540,False
174,22,CAR_0645,CAR,405,standing,,,,22.6659,1,435,False
175,22,CAR_0700,CAR,420,standing,,,,32.5399,1,435,False
176,22,CAR_0715,CAR,435,standing,,,,27.5625,2,525,False
177,22,PT,PT,,standing,,,,23.8378,1,510,False
178,22,PT,PT,,standing,,,,17.8326,1,510,False
179,22,WFH,WFH,,standing,,,,20.0282,1,,False
180,22,PT,PT,,standing,,,,19.9963,1,465,False
181,22,CAR_0915,CAR,555,standing,,,,27.9287,1,570,False
182,22,CAR_0830,CAR,510,standing,,,,33.6032,1,525,False
183,22,PT,PT,,standing,,,,18.8997,1,480,False
184,22,CAR_0745,CAR,465,standing,,,,2.7441,1,480,False
185,22,PT,PT,,standing,,,,25.7801,1,525,False
186,22,CAR_0715,CAR,435,standing,,,,16.0486,2,465,False
187,22,CAR_0745,CAR,465,standing,,,,23.1256,1,495,False
188,22,CAR_0715,CAR,435,standing,,,,9.1475,1,495,False
189,22,PT,PT,,standing,,,,26.5357,1,450,False
190,22,CAR_0900,CAR,540,standing,,,,29.3203,1,555,False
191,22,CAR_0900,CAR,540,standing,,,,19.8976,1,570,False
192,22,PT,PT,,standing,,,,23.7715,1,420,False
193,22,PT,PT,,standing,,,,28.5828,1,540,False
194,22,WFH,WFH,,standing,,,,16.2509,1,,False
195,22,CAR_0715,CAR,435,standing,,,,14.8975,1,480,False
196,22,CAR_0730,CAR,450,standing,,,,24.2159,1,465,False
197,22,CAR_0700,CAR,420,standing,,,,12.6183,1,435,False
198,22,CAR_0730,CAR,450,standing,,,,15.331,1,465,False
199,22,CAR_0645,CAR,405,standing,,,,20.6953,1,420,True
200,22,CAR_0630,CAR,390,standing,,,,22.6183,1,420,True
201,22,PT,PT,,standing,,,,34.4781,1,465,False
202,22,CAR_0645,CAR,405,standing,,,,18.2017,3,465,False
203,22,PT,PT,,standing,,,,29.0144,1,555,False
204,22,PT,PT,,standing,,,,29.08,1,495,False
205,22,CAR_0915,CAR,555,standing,,,,14.9071,1,570,False
206,22,CAR_0645,CAR,405,standing,,,,20.1564,1,420,True
207,22,CAR_0800,CAR,480,standing,,,,30.7311,1,495,False
208,22,CAR_0800,CAR,480,standing,,,,26.3716,1,495,False
209,22,CAR_0700,CAR,420,standing,,,,3.9684,1,435,False
210,22,PT,PT,,standing,,,,30.1751,1,555,False
211,22,CAR_0930,CAR,570,standing,,,,26.6576,1,585,False
212,22,CAR_0845,CAR,525,standing,,,,31.1021,1,540,False
213,22,CAR_0630,CAR,390,standing,,,,27.5533,1,420,True
214,22,PT,PT,,standing,,,,24.9724,1,555,False
215,22,PT,PT,,standing,,,,22.281,1,525,False
216,22,CAR_0800,CAR,480,standing,,,,9.0474,1,495,False
217,22,CAR_0645,CAR,405,standing,,,,35.5906,2,420,True
218,22,SKIP,SKIP,,rule,T6,"Chose to skip the trip over drive at 07:45: lowest total cost (NZ$42.00 vs NZ$47.91), mainly fuel.",other;fee,42.0026,1,,False
219,22,CAR_0815,CAR,495,standing,,,,26.3731,1,510,False
220,22,CAR_0845,CAR,525,standing,,,,15.8943,1,540,False
221,22,CAR_0730,CAR,450,standing,,,,16.8762,1,465,False
222,22,CAR_0715,CAR,435,standing,,,,13.3409,1,450,False
223,22,PT,PT,,standing,,,,28.7841,1,480,False
224,22,CAR_0815,CAR,495,standing,,,,21.8456,1,525,False
225,22,CAR_0700,CAR,420,standing,,,,31.4443,1,435,False
226,22,CAR_0930,CAR,570,rule,T3,"Chose to drive at 09:30 over drive at 09:15: lowest total cost (NZ$29.08 vs NZ$31.35), mainly changing routine.",habit;fee;travel_time,29.0773,1,570,False
227,22,CAR_0830,CAR,510,standing,,,,28.1963,1,540,False
228,22,CAR_0645,CAR,405,standing,,,,7.6461,1,420,False
229,22,PT,PT,,standing,,,,24.5162,1,525,False
230,22,CAR_0700,CAR,420,standing,,,,17.8503,1,450,False
231,22,CAR_0700,CAR,420,standing,,,,14.3079,1,435,False
232,22,CAR_0845,CAR,525,standing,,,,17.3101,1,540,False
233,22,CAR_0800,CAR,480,standing,,,,34.3645,1,495,False
234,22,CAR_0745,CAR,465,rule,T7,"Chose to drive at 07:45 over drive at 07:30: lowest total cost (NZ$16.87 vs NZ$17.89), mainly arrival time.",arrival_time;habit,16.874,1,480,False
235,22,CAR_0730,CAR,450,standing,,,,38.6167,1,480,False
236,22,CAR_0915,CAR,555,standing,,,,24.3769,1,570,False
237,22,CAR_0645,CAR,405,standing,,,,28.564,1,420,True
238,22,CAR_0745,CAR,465,standing,,,,21.3863,2,495,False
239,22,PT,PT,,standing,,,,32.2377,1,525,False
240,22,CAR_0645,CAR,405,standing,,,,11.8047,1,420,False
241,22,CAR_0700,CAR,420,standing,,,,18.0168,1,450,False
242,22,CAR_0900,CAR,540,standing,,,,27.6671,1,555,False
243,22,CAR_0830,CAR,510,standing,,,,21.5629,1,540,False
244,22,CAR_0700,CAR,420,standing,,,,25.0178,2,450,False
245,22,CAR_0815,CAR,495,standing,,,,3.1387,2,510,False
246,22,CAR_0945,CAR,585,standing,,,,30.1749,1,600,False
247,22,CAR_0815,CAR,495,standing,,,,21.2029,1,510,False
248,22,CAR_0915,CAR,555,standing,,,,29.4547,1,570,False
249,22,CAR_0830,CAR,510,standing,,,,15.0307,1,525,False
250,22,PT,PT,,standing,,,,31.7548,1,540,False
251,22,CAR_0815,CAR,495,standing,,,,25.97,1,510,False
252,22,CAR_0700,CAR,420,standing,,,,43.7924,1,450,False
253,22,CAR_0845,CAR,525,standing,,,,14.8692,1,540,False
254,22,PT,PT,,standing,,,,23.0579,1,495,False
255,22,PT,PT,,standing,,,,31.6005,1,465,False
256,22,WFH,WFH,,standing,,,,42.355,1,,False
257,22,CAR_0730,CAR,450,standing,,,,12.2494,1,465,False
258,22,CAR_0700,CAR,420,standing,,,,14.3541,1,435,False
259,22,CAR_0800,CAR,480,standing,,,,40.574,2,510,False
260,22,PT,PT,,standing,,,,21.93,1,510,False
261,22,CAR_0830,CAR,510,standing,,,,31.0967,1,525,False
262,22,PT,PT,,standing,,,,31.2307,1,510,False
263,22,PT,PT,,standing,,,,32.0327,1,465,False
264,22,CAR_0915,CAR,555,standing,,,,7.525,1,555,False
265,22,CAR_0915,CAR,555,standing,,,,29.1572,1,570,False
266,22,CAR_0815,CAR,495,standing,,,,31.2059,1,510,False
267,22,CAR_0830,CAR,510,standing,,,,31.4135,1,525,False
268,22,CAR_0800,CAR,480,standing,,,,36.8008,1,495,False
269,22,CAR_0845,CAR,525,standing,,,,45.2737,1,555,False
270,22,WFH,WFH,,standing,,,,36.5391,1,,False
271,22,CAR_0700,CAR,420,standing,,,,19.1034,1,450,False
272,22,CAR_0715,CAR,435,standing,,,,9.951,1,450,False
273,22,PT,PT,,standing,,,,32.2387,1,510,False
274,22,SKIP,SKIP,,rule,T6,"Chose to skip the trip over drive at 08:15: lowest total cost (NZ$34.45 vs NZ$38.04), mainly fuel.",other;fee,34.4459,1,,False
275,22,CAR_0700,CAR,420,standing,,,,15.0345,1,495,False
276,22,CAR_0645,CAR,405,standing,,,,20.8049,1,420,True
277,22,CAR_0715,CAR,435,standing,,,,11.1841,1,480,False
278,22,PT,PT,,standing,,,,24.4987,1,525,False
279,22,CAR_0915,CAR,555,standing,,,,27.7961,1,570,False
280,22,CAR_0830,CAR,510,standing,,,,31.1205,1,525,False
281,22,PT,PT,,standing,,,,22.2882,1,495,False
282,22,PT,PT,,standing,,,,26.3611,1,525,False
283,22,CAR_0900,CAR,540,standing,,,,18.9578,1,555,False
284,22,PT,PT,,standing,,,,24.2399,1,585,False
285,22,PT,PT,,standing,,,,25.46,1,495,False
286,22,CAR_0715,CAR,435,standing,,,,32.9474,1,450,False
287,22,PT,PT,,standing,,,,18.5869,1,600,False
288,22,CAR_0730,CAR,450,standing,,,,20.1507,1,555,False
289,22,PT,PT,,standing,,,,21.6997,1,495,False
290,22,CAR_0745,CAR,465,standing,,,,14.2181,1,480,False
291,22,CAR_0815,CAR,495,standing,,,,17.0243,1,510,False
292,22,CAR_0800,CAR,480,standing,,,,1.3233,1,510,False
293,22,PT,PT,,standing,,,,31.9657,1,525,False
294,22,WFH,WFH,,standing,,,,14.8241,1,,False
295,22,PT,PT,,standing,,,,19.378,1,480,False
296,22,CAR_0800,CAR,480,standing,,,,32.7782,1,495,False
297,22,CAR_0715,CAR,435,standing,,,,16.9794,1,465,False
298,22,PT,PT,,standing,,,,30.5886,1,540,False
299,22,CAR_0800,CAR,480,standing,,,,19.3024,3,495,False
0,23,WFH,WFH,,standing,,,,34.8391,1,,False
1,23,CAR_0715,CAR,435,standing,,,,18.8686,1,450,False
2,23,CAR_0715,CAR,435,standing,,,,9.9093,1,450,False
3,23,CAR_0815,CAR,495,standing,,,,34.0401,1,510,False
4,23,PT,PT,,standing,,,,29.5959,1,525,False
5,23,CAR_0800,CAR,480,standing,,,,15.0745,1,495,False
6,23,WFH,WFH,,standing,,,,20.4213,2,,False
7,23,CAR_0745,CAR,465,standing,,,,11.7319,1,480,False
8,23,PT,PT,,standing,,,,19.8437,1,525,False
9,23,CAR_0915,CAR,555,standing,,,,27.7218,1,570,False
10,23,PT,PT,,standing,,,,32.0804,2,525,False
11,23,CAR_0800,CAR,480,standing,,,,31.0328,1,495,False
12,23,PT,PT,,standing,,,,35.8003,1,525,False
13,23,CAR_0900,CAR,540,standing,,,,18.9687,1,555,False
14,23,PT,PT,,standing,,,,32.1305,1,585,False
15,23,CAR_0800,CAR,480,standing,,,,39.7547,1,495,False
16,23,PT,PT,,standing,,,,23.8509,1,450,False
17,23,CAR_0945,CAR,585,standing,,,,27.329,1,600,False
18,23,CAR_0945,CAR,585,rule,T3,"Chose to drive at 09:45 over drive at 09:30: lowest total cost (NZ$19.96 vs NZ$22.35), mainly changing routine.",habit,19.9556,1,555,False
19,23,CAR_0800,CAR,480,standing,,,,28.7974,1,495,False
20,23,CAR_0745,CAR,465,standing,,,,16.4897,1,480,False
21,23,CAR_0815,CAR,495,standing,,,,16.9919,1,510,False
22,23,CAR_0815,CAR,495,standing,,,,1.0081,1,510,False
23,23,PT,PT,,standing,,,,23.612,1,525,False
24,23,CAR_0715,CAR,435,standing,,,,14.5286,1,465,False
25,23,PT,PT,,standing,,,,23.4377,1,480,False
26,23,PT,PT,,standing,,,,20.602,1,495,False
27,23,CAR_0730,CAR,450,standing,,,,17.4146,1,465,False
28,23,PT,PT,,standing,,,,23.2635,1,540,False
29,23,CAR_0715,CAR,435,standing,,,,18.2396,1,495,False
30,23,CAR_0815,CAR,495,standing,,,,31.7173,1,525,False
31,23,CAR_0815,CAR,495,standing,,,,35.0672,1,525,False
32,23,CAR_0745,CAR,465,standing,,,,21.9729,1,510,False
33,23,CAR_0745,CAR,465,standing,,,,17.8297,1,495,False
34,23,PT,PT,,standing,,,,19.2138,1,495,False
35,23,CAR_0815,CAR,495,standing,,,,33.1099,1,510,False
36,23,CAR_0745,CAR,465,standing,,,,1.1472,1,480,False
37,23,PT,PT,,standing,,,,21.2526,1,510,False
38,23,CAR_0700,CAR,420,standing,,,,21.7001,1,450,False
39,23,PT,PT,,standing,,,,22.5886,1,480,False
40,23,CAR_0700,CAR,420,standing,,,,23.5689,1,435,False
41,23,CAR_0800,CAR,480,standing,,,,8.3166,1,510,False
42,23,CAR_0800,CAR,480,standing,,,,20.0254,1,525,False
43,23,CAR_0830,CAR,510,standing,,,,33.2612,4,540,False
44,23,CAR_0730,CAR,450,standing,,,,14.3584,1,465,False
45,23,CAR_0700,CAR,420,standing,,,,14.4697,1,435,False
46,23,CAR_0845,CAR,525,standing,,,,16.1866,1,540,False
47,23,CAR_0700,CAR,420,standing,,,,7.582,1,450,False
48,23,PT,PT,,standing,,,,19.7335,1,510,False
49,23,WFH,WFH,,standing,,,,12.2018,1,,False
50,23,PT,PT,,standing,,,,28.863,1,510,False
51,23,CAR_0815,CAR,495,rule,T7,"Chose to drive at 08:15 over drive at 08:30: lowest total cost (NZ$23.71 vs NZ$26.43), mainly changing routine.",habit,23.7131,1,525,False
52,23,PT,PT,,standing,,,,24.4912,1,525,False
53,23,CAR_0645,CAR,405,standing,,,,17.0337,1,420,True
54,23,CAR_0715,CAR,435,rule,T7,"Chose to drive at 07:15 over drive at 07:00: lowest total cost (NZ$8.00 vs NZ$10.88), mainly changing routine.",habit;arrival_time,8.0026,1,450,False
55,23,CAR_0700,CAR,420,standing,,,,1.2294,1,435,False
56,23,CAR_0830,CAR,510,standing,,,,9.204,1,525,False
57,23,CAR_0715,CAR,435,standing,,,,24.0401,1,450,False
58,23,CAR_0815,CAR,495,standing,,,,13.5623,1,510,False
59,23,CAR_0715,CAR,435,standing,,,,20.1428,1,510,False
60,23,PT,PT,,standing,,,,20.9782,1,465,False
61,23,CAR_0730,CAR,450,standing,,,,37.1815,3,510,False
62,23,CAR_0745,CAR,465,standing,,,,28.0201,1,480,False
63,23,CAR_0830,CAR,510,standing,,,,23.7552,1,525,False
64,23,PT,PT,,standing,,,,33.1718,1,465,False
65,23,SKIP,SKIP,,rule,T6,"Chose to skip the trip over drive at 08:00: lowest total cost (NZ$33.80 vs NZ$39.13), mainly parking.",other;fee,33.8034,1,,False
66,23,CAR_0800,CAR,480,standing,,,,32.5256,1,495,False
67,23,CAR_0800,CAR,480,standing,,,,23.6235,1,510,False
68,23,CAR_0715,CAR,435,standing,,,,20.7307,1,465,False
69,23,CAR_0915,CAR,555,standing,,,,26.1841,1,570,False
70,23,WFH,WFH,,standing,,,,17.2841,1,,False
71,23,PT,PT,,standing,,,,32.5316,1,495,False
72,23,CAR_0700,CAR,420,standing,,,,13.2157,1,435,False
73,23,PT,PT,,standing,,,,31.0466,1,525,False
74,23,PT,PT,,standing,,,,22.7657,1,540,False
75,23,PT,PT,,standing,,,,24.4691,1,555,False
76,23,CAR_0730,CAR,450,standing,,,,18.1154,1,480,False
77,23,CAR_0700,CAR,420,standing,,,,23.9294,1,435,False
78,23,CAR_0945,CAR,585,standing,,,,23.416,1,585,False
79,23,SKIP,SKIP,,rule,T6,"Chose to skip the trip over drive at 07:45: lowest total cost (NZ$39.51 vs NZ$44.59), mainly parking.",other;fee,39.5143,1,,False
80,23,CAR_0800,CAR,480,standing,,,,22.112,1,495,False
81,23,CAR_0700,CAR,420,standing,,,,29.5363,1,435,False
82,23,PT,PT,,standing,,,,17.6253,1,510,False
83,23,WFH,WFH,,standing,,,,21.7228,3,,False
84,23,CAR_0730,CAR,450,standing,,,,16.6342,1,465,False
85,23,PT,PT,,standing,,,,23.8139,1,525,False
86,23,CAR_0700,CAR,420,standing,,,,14.7763,1,435,False
87,23,CAR_0715,CAR,435,standing,,,,13.4042,1,450,False
88,23,CAR_0815,CAR,495,standing,,,,3.6908,1,510,False
89,23,CAR_0700,CAR,420,standing,,,,2.7639,1,465,False
90,23,PT,PT,,standing,,,,19.7719,1,525,False
91,23,CAR_0730,CAR,450,standing,,,,34.3045,1,495,False
92,23,CAR_0730,CAR,450,standing,,,,12.6675,1,495,False
93,23,CAR_0700,CAR,420,rule,T7,"Chose to drive at 07:00 over drive at 06:45: lowest total cost (NZ$9.27 vs NZ$13.27), mainly arrival time.",arrival_time;habit,9.2701,1,435,False
94,23,CAR_0915,CAR,555,standing,,,,16.6975,1,570,False
95,23,CAR_0830,CAR,510,standing,,,,22.6787,1,540,False
96,23,CAR_0730,CAR,450,standing,,,,27.0619,1,465,False
97,23,CAR_0845,CAR,525,standing,,,,40.9349,1,555,False
98,23,PT,PT,,standing,,,,18.8005,1,525,False
99,23,CAR_0745,CAR,465,standing,,,,19.4876,1,480,False
100,23,CAR_0800,CAR,480,standing,,,,17.5864,1,495,False
101,23,CAR_0830,CAR,510,standing,,,,17.4257,1,525,False
102,23,PT,PT,,standing,,,,24.2136,1,510,False
103,23,CAR_0800,CAR,480,standing,,,,17.3869,1,495,False
104,23,CAR_0730,CAR,450,standing,,,,15.8865,1,480,False
105,23,CAR_0700,CAR,420,standing,,,,1.8296,1,435,False
106,23,WFH,WFH,,standing,,,,16.8006,1,,False
107,23,CAR_0845,CAR,525,standing,,,,16.7738,1,540,False
108,23,CAR_0815,CAR,495,standing,,,,21.9625,1,525,False
109,23,CAR_0845,CAR,525,standing,,,,4.0241,1,540,False
110,23,CAR_0845,CAR,525,standing,,,,12.5305,1,540,False
111,23,CAR_0930,CAR,570,standing,,,,7.2172,1,570,False
112,23,CAR_0700,CAR,420,standing,,,,18.4737,2,450,False
113,23,PT,PT,,standing,,,,27.1744,1,555,False
114,23,PT,PT,,standing,,,,20.2778,1,570,False
115,23,CAR_0815,CAR,495,standing,,,,8.0638,1,510,False
116,23,PT,PT,,standing,,,,19.8053,1,480,False
117,23,CAR_0730,CAR,450,standing,,,,3.8129,1,480,False
118,23,CAR_0915,CAR,555,standing,,,,4.4535,1,570,False
119,23,PT,PT,,standing,,,,19.5064,1,495,False
120,23,CAR_0700,CAR,420,standing,,,,14.855,1,435,False
121,23,CAR_0845,CAR,525,standing,,,,21.5865,1,540,False
122,23,CAR_0915,CAR,555,standing,,,,27.1858,1,570,False
123,23,PT,PT,,standing,,,,22.2612,1,435,False
124,23,CAR_0645,CAR,405,standing,,,,11.6443,1,420,False
125,23,CAR_0630,CAR,390,standing,,,,2.2028,1,495,False
126,23,CAR_0830,CAR,510,standing,,,,29.5146,1,525,False
127,23,PT,PT,,standing,,,,22.0984,1,510,False
128,23,CAR_0730,CAR,450,standing,,,,24.7959,1,465,False
129,23,PT,PT,,standing,,,,20.9459,1,450,False
130,23,CAR_0630,CAR,390,standing,,,,25.5747,1,420,True
131,23,CAR_0715,CAR,435,rule,T3,"Chose to drive at 07:15 over drive at 07:30: lowest total cost (NZ$14.96 vs NZ$25.52), mainly arrival time.",arrival_time;travel_time,14.9623,1,465,False
132,23,WFH,WFH,,standing,,,,30.9848,1,,False
133,23,CAR_0645,CAR,405,standing,,,,19.3827,1,420,True
134,23,CAR_0800,CAR,480,standing,,,,19.2038,1,510,False
135,23,CAR_0800,CAR,480,standing,,,,22.5508,1,525,False
136,23,WFH,WFH,,standing,,,,12.7425,1,,False
137,23,CAR_0730,CAR,450,standing,,,,8.6798,1,480,False
138,23,CAR_0700,CAR,420,standing,,,,25.5771,1,510,False
139,23,CAR_0845,CAR,525,standing,,,,3.4414,1,540,False
140,23,CAR_0700,CAR,420,standing,,,,2.3712,1,435,False
141,23,PT,PT,,standing,,,,21.5018,1,420,False
142,23,CAR_0800,CAR,480,standing,,,,9.1558,1,495,False
143,23,CAR_0730,CAR,450,standing,,,,2.3979,1,480,False
144,23,CAR_0715,CAR,435,standing,,,,13.5687,1,495,False
145,23,CAR_0700,CAR,420,standing,,,,2.1917,1,435,False
146,23,PT,PT,,standing,,,,22.6123,1,495,False
147,23,PT,PT,,standing,,,,37.6092,1,525,False
148,23,CAR_0845,CAR,525,standing,,,,34.2886,1,555,False
149,23,CAR_0845,CAR,525,standing,,,,22.4108,1,540,False
150,23,CAR_0900,CAR,540,standing,,,,23.0781,1,555,False
151,23,CAR_0745,CAR,465,standing,,,,12.9426,1,480,False
152,23,CAR_0730,CAR,450,standing,,,,23.5737,1,495,False
153,23,WFH,WFH,,standing,,,,30.0462,1,,False
154,23,CAR_0915,CAR,555,standing,,,,11.0408,1,555,False
155,23,WFH,WFH,,standing,,,,18.73,2,,False
156,23,PT,PT,,standing,,,,27.5756,1,480,False
157,23,CAR_0715,CAR,435,standing,,,,14.6512,1,450,False
158,23,PT,PT,,standing,,,,30.699,1,525,False
159,23,CAR_0730,CAR,450,standing,,,,21.3667,1,495,False
160,23,CAR_0915,CAR,555,standing,,,,24.2243,1,585,False
161,23,SKIP,SKIP,,rule,T6,"Chose to skip the trip over drive at 08:00: lowest total cost (NZ$35.53 vs NZ$43.48), mainly fuel.",other;fee,35.5316,1,,False
162,23,CAR_0700,CAR,420,standing,,,,20.3548,1,525,False
163,23,CAR_0830,CAR,510,standing,,,,40.722,1,525,False
164,23,PT,PT,,standing,,,,29.2125,1,465,False
165,23,CAR_0830,CAR,510,standing,,,,20.7523,1,540,False
166,23,CAR_0845,CAR,525,standing,,,,32.0674,1,540,False
167,23,CAR_0745,CAR,465,standing,,,,17.6576,1,480,False
168,23,CAR_0900,CAR,540,standing,,,,13.8707,1,555,False
169,23,CAR_0730,CAR,450,standing,,,,16.2276,1,480,False
170,23,PT,PT,,standing,,,,29.4029,1,495,False
171,23,CAR_0815,CAR,495,standing,,,,14.1597,1,525,False
172,23,CAR_0845,CAR,525,standing,,,,29.6783,1,540,False
173,23,CAR_0845,CAR,525,standing,,,,9.6994,1,540,False
174,23,CAR_0645,CAR,405,standing,,,,22.6481,1,435,False
175,23,CAR_0700,CAR,420,standing,,,,32.5279,1,435,False
176,23,CAR_0715,CAR,435,standing,,,,27.5055,2,525,False
177,23,PT,PT,,standing,,,,23.8378,1,510,False
178,23,PT,PT,,standing,,,,17.8326,1,510,False
179,23,WFH,WFH,,standing,,,,20.0282,1,,False
180,23,PT,PT,,standing,,,,19.9963,1,465,False
181,23,CAR_0915,CAR,555,standing,,,,27.9014,1,570,False
182,23,CAR_0830,CAR,510,standing,,,,33.5943,1,525,False
183,23,PT,PT,,standing,,,,18.8997,1,480,False
184,23,CAR_0745,CAR,465,standing,,,,2.7421,1,480,False
185,23,PT,PT,,standing,,,,25.7801,1,525,False
186,23,CAR_0730,CAR,450,rule,T7,"Chose to drive at 07:30 over drive at 07:15: lowest total cost (NZ$14.80 vs NZ$16.01), mainly arrival time.",arrival_time;travel_time,14.8041,1,465,False
187,23,CAR_0745,CAR,465,standing,,,,23.1078,1,495,False
188,23,CAR_0715,CAR,435,standing,,,,9.1165,1,495,False
189,23,PT,PT,,standing,,,,26.5357,1,450,False
190,23,CAR_0900,CAR,540,standing,,,,29.3126,1,555,False
191,23,CAR_0900,CAR,540,standing,,,,19.8754,1,570,False
192,23,PT,PT,,standing,,,,23.7715,1,420,False
193,23,PT,PT,,standing,,,,28.5828,1,540,False
194,23,WFH,WFH,,standing,,,,16.2509,1,,False
195,23,CAR_0715,CAR,435,standing,,,,14.8899,1,480,False
196,23,CAR_0730,CAR,450,standing,,,,24.2158,1,465,False
197,23,CAR_0700,CAR,420,standing,,,,12.606,1,435,False
198,23,CAR_0730,CAR,450,standing,,,,15.3777,1,465,False
199,23,CAR_0645,CAR,405,standing,,,,20.6894,1,420,True
200,23,CAR_0630,CAR,390,standing,,,,22.6065,1,420,True
201,23,PT,PT,,standing,,,,34.4781,1,465,False
202,23,CAR_0715,CAR,435,rule,T7,"Chose to drive at 07:15 over drive at 06:45: lowest total cost (NZ$17.91 vs NZ$18.20), mainly arrival time.",arrival_time,17.9088,2,465,False
203,23,PT,PT,,standing,,,,29.0144,1,555,False
204,23,PT,PT,,standing,,,,29.08,1,495,False
205,23,CAR_0915,CAR,555,standing,,,,14.8937,1,570,False
206,23,CAR_0645,CAR,405,standing,,,,20.1446,1,420,True
207,23,CAR_0800,CAR,480,standing,,,,30.7044,1,495,False
208,23,CAR_0800,CAR,480,standing,,,,26.3422,1,495,False
209,23,CAR_0700,CAR,420,standing,,,,3.9642,1,435,False
210,23,PT,PT,,standing,,,,30.1751,1,555,False
211,23,CAR_0930,CAR,570,standing,,,,26.6516,1,585,False
212,23,CAR_0845,CAR,525,standing,,,,31.0522,1,540,False
213,23,CAR_0630,CAR,390,standing,,,,27.5355,1,420,True
214,23,PT,PT,,standing,,,,24.9724,1,555,False
215,23,PT,PT,,standing,,,,22.281,1,525,False
216,23,CAR_0800,CAR,480,standing,,,,9.007,1,495,False
217,23,CAR_0645,CAR,405,standing,,,,35.5906,2,420,True
218,23,SKIP,SKIP,,rule,T6,"Chose to skip the trip over drive at 07:45: lowest total cost (NZ$42.00 vs NZ$47.88), mainly fuel.",other;fee,42.0026,1,,False
219,23,CAR_0815,CAR,495,standing,,,,26.3119,1,510,False
220,23,CAR_0845,CAR,525,standing,,,,15.8746,1,540,False
221,23,CAR_0730,CAR,450,standing,,,,16.8616,1,465,False
222,23,CAR_0715,CAR,435,standing,,,,13.3137,1,450,False
223,23,PT,PT,,standing,,,,28.7841,1,480,False
224,23,CAR_0815,CAR,495,standing,,,,21.8385,1,525,False
225,23,CAR_0700,CAR,420,standing,,,,31.4206,1,435,False
226,23,CAR_0930,CAR,570,rule,T3,"Chose to drive at 09:30 over drive at 09:15: lowest total cost (NZ$29.07 vs NZ$31.35), mainly changing routine.",habit;fee;travel_time,29.0714,1,570,False
227,23,CAR_0830,CAR,510,standing,,,,28.1874,1,540,False
228,23,CAR_0645,CAR,405,standing,,,,7.6461,1,420,False
229,23,PT,PT,,standing,,,,24.5162,1,525,False
230,23,CAR_0700,CAR,420,standing,,,,17.7981,1,450,False
231,23,CAR_0700,CAR,420,standing,,,,14.2916,1,435,False
232,23,CAR_0845,CAR,525,rule,T7,"Chose to drive at 08:45 over drive at 08:30: lowest total cost (NZ$17.29 vs NZ$17.97), mainly changing routine.",habit;arrival_time,17.2939,1,540,False
233,23,CAR_0800,CAR,480,standing,,,,34.3406,1,495,False
234,23,CAR_0745,CAR,465,standing,,,,16.7988,1,480,False
235,23,CAR_0730,CAR,450,standing,,,,38.6167,1,480,False
236,23,CAR_0915,CAR,555,standing,,,,24.3585,1,570,False
237,23,CAR_0645,CAR,405,standing,,,,28.564,1,420,True
238,23,CAR_0745,CAR,465,standing,,,,21.5641,2,495,False
239,23,PT,PT,,standing,,,,32.2377,1,525,False
240,23,CAR_0645,CAR,405,standing,,,,11.781,1,420,False
241,23,CAR_0700,CAR,420,standing,,,,17.986,1,450,False
242,23,CAR_0900,CAR,540,standing,,,,27.6671,1,555,False
243,23,CAR_0830,CAR,510,standing,,,,21.5169,1,540,False
244,23,CAR_0715,CAR,435,rule,T7,"Chose to drive at 07:15 over drive at 07:00: lowest total cost (NZ$23.84 vs NZ$25.01), mainly arrival time.",arrival_time,23.8444,1,450,False
245,23,CAR_0815,CAR,495,standing,,,,3.0988,2,510,False
246,23,CAR_0945,CAR,585,standing,,,,30.1631,1,600,False
247,23,CAR_0815,CAR,495,standing,,,,21.1837,1,510,False
248,23,CAR_0915,CAR,555,standing,,,,29.4536,1,570,False
249,23,CAR_0830,CAR,510,standing,,,,15.0129,1,525,False
250,23,PT,PT,,standing,,,,31.7548,1,540,False
251,23,CAR_0815,CAR,495,standing,,,,25.9522,1,510,False
252,23,CAR_0700,CAR,420,standing,,,,43.6798,1,450,False
253,23,CAR_0845,CAR,525,standing,,,,14.8691,1,540,False
254,23,PT,PT,,standing,,,,23.0579,1,495,False
255,23,PT,PT,,standing,,,,31.6005,1,465,False
256,23,WFH,WFH,,standing,,,,42.355,1,,False
257,23,CAR_0730,CAR,450,standing,,,,12.2047,1,465,False
258,23,CAR_0700,CAR,420,standing,,,,14.3364,1,435,False
259,23,CAR_0800,CAR,480,standing,,,,40.5631,2,510,False
260,23,PT,PT,,standing,,,,21.93,1,510,False
261,23,CAR_0830,CAR,510,standing,,,,31.1125,1,525,False
262,23,PT,PT,,standing,,,,31.2307,1,510,False
263,23,PT,PT,,standing,,,,32.0327,1,465,False
264,23,CAR_0915,CAR,555,standing,,,,7.5045,1,555,False
265,23,CAR_0915,CAR,555,standing,,,,29.1436,1,570,False
266,23,CAR_0815,CAR,495,standing,,,,31.1948,1,510,False
267,23,CAR_0830,CAR,510,standing,,,,31.3957,1,525,False
268,23,CAR_0800,CAR,480,standing,,,,36.754,1,495,False
269,23,CAR_0845,CAR,525,standing,,,,45.261,1,555,False
270,23,WFH,WFH,,standing,,,,36.5391,1,,False
271,23,CAR_0700,CAR,420,standing,,,,19.0767,1,450,False
272,23,CAR_0715,CAR,435,standing,,,,9.9377,1,450,False
273,23,PT,PT,,standing,,,,32.2387,1,510,False
274,23,SKIP,SKIP,,rule,T6,"Chose to skip the trip over drive at 08:15: lowest total cost (NZ$34.45 vs NZ$38.02), mainly fuel.",other;fee,34.4459,1,,False
275,23,CAR_0700,CAR,420,rule,T7,"Chose to drive at 07:00 over drive at 06:45 for the early start: lowest total cost (NZ$15.03 vs NZ$17.29), mainly changing routine.",habit,15.0325,1,495,False
276,23,CAR_0645,CAR,405,standing,,,,20.799,1,420,True
277,23,CAR_0715,CAR,435,standing,,,,11.1841,1,480,False
278,23,PT,PT,,standing,,,,24.4987,1,525,False
279,23,CAR_0915,CAR,555,standing,,,,27.796,1,570,False
280,23,CAR_0830,CAR,510,standing,,,,31.0938,1,525,False
281,23,PT,PT,,standing,,,,22.2882,1,495,False
282,23,PT,PT,,standing,,,,26.3611,1,525,False
283,23,CAR_0900,CAR,540,standing,,,,18.9427,1,555,False
284,23,PT,PT,,standing,,,,24.2399,1,585,False
285,23,PT,PT,,standing,,,,25.46,1,495,False
286,23,CAR_0715,CAR,435,standing,,,,31.4968,1,450,False
287,23,PT,PT,,standing,,,,18.5869,1,600,False
288,23,CAR_0730,CAR,450,standing,,,,19.9448,1,555,False
289,23,PT,PT,,standing,,,,21.6997,1,495,False
290,23,CAR_0745,CAR,465,standing,,,,15.2421,1,480,False
291,23,CAR_0815,CAR,495,standing,,,,17.015,1,510,False
292,23,CAR_0800,CAR,480,standing,,,,1.3233,1,510,False
293,23,PT,PT,,standing,,,,31.9657,1,525,False
294,23,WFH,WFH,,standing,,,,14.8241,1,,False
295,23,PT,PT,,standing,,,,19.378,1,480,False
296,23,CAR_0800,CAR,480,standing,,,,32.7604,1,495,False
297,23,CAR_0715,CAR,435,standing,,,,16.967,1,465,False
298,23,PT,PT,,standing,,,,30.5886,1,540,False
299,23,CAR_0800,CAR,480,standing,,,,19.1862,3,495,False
0,24,WFH,WFH,,standing,,,,34.8391,1,,False
1,24,CAR_0715,CAR,435,standing,,,,18.8688,1,450,False
2,24,CAR_0715,CAR,435,standing,,,,9.8726,1,450,False
3,24,CAR_0815,CAR,495,standing,,,,34.0276,1,510,False
4,24,PT,PT,,standing,,,,29.5959,1,525,False
5,24,CAR_0800,CAR,480,standing,,,,15.0417,1,495,False
6,24,WFH,WFH,,standing,,,,20.4213,2,,False
7,24,CAR_0745,CAR,465,standing,,,,11.7205,1,480,False
8,24,PT,PT,,standing,,,,19.8437,1,525,False
9,24,CAR_0915,CAR,555,standing,,,,27.7131,1,570,False
10,24,PT,PT,,standing,,,,32.0804,2,525,False
11,24,CAR_0800,CAR,480,standing,,,,31.0258,1,495,False
12,24,PT,PT,,standing,,,,35.8003,1,525,False
13,24,CAR_0900,CAR,540,standing,,,,18.9468,1,555,False
14,24,PT,PT,,standing,,,,32.1305,1,585,False
15,24,CAR_0800,CAR,480,standing,,,,39.7499,1,495,False
16,24,PT,PT,,standing,,,,23.8509,1,450,False
17,24,CAR_0945,CAR,585,standing,,,,27.3165,1,600,False
18,24,CAR_0945,CAR,585,rule,T3,"Chose to drive at 09:45 over drive at 09:30: lowest total cost (NZ$19.95 vs NZ$22.34), mainly changing routine.",habit,19.9473,1,555,False
19,24,CAR_0800,CAR,480,standing,,,,28.7787,1,495,False
20,24,CAR_0745,CAR,465,standing,,,,16.8364,1,480,False
21,24,CAR_0815,CAR,495,standing,,,,16.9849,1,510,False
22,24,CAR_0815,CAR,495,standing,,,,1.0081,1,510,False
23,24,PT,PT,,standing,,,,23.612,1,525,False
24,24,CAR_0715,CAR,435,standing,,,,14.7866,1,465,False
25,24,PT,PT,,standing,,,,23.4377,1,480,False
26,24,PT,PT,,standing,,,,20.602,1,495,False
27,24,CAR_0730,CAR,450,standing,,,,17.4088,1,465,False
28,24,PT,PT,,standing,,,,23.2635,1,540,False
29,24,CAR_0715,CAR,435,standing,,,,18.2238,1,495,False
30,24,CAR_0815,CAR,495,standing,,,,31.7088,1,525,False
31,24,CAR_0815,CAR,495,standing,,,,35.0534,1,525,False
32,24,CAR_0745,CAR,465,standing,,,,21.9551,1,510,False
33,24,CAR_0745,CAR,465,standing,,,,17.8105,1,495,False
34,24,PT,PT,,standing,,,,19.2138,1,495,False
35,24,CAR_0815,CAR,495,standing,,,,33.0975,1,510,False
36,24,CAR_0745,CAR,465,standing,,,,1.1621,1,480,False
37,24,PT,PT,,standing,,,,21.2526,1,510,False
38,24,CAR_0700,CAR,420,standing,,,,21.6684,1,450,False
39,24,PT,PT,,standing,,,,22.5886,1,480,False
40,24,CAR_0700,CAR,420,standing,,,,23.5563,1,435,False
41,24,CAR_0800,CAR,480,standing,,,,8.3166,1,510,False
42,24,CAR_0800,CAR,480,standing,,,,20.0148,1,525,False
43,24,CAR_0830,CAR,510,standing,,,,33.2077,4,540,False
44,24,CAR_0730,CAR,450,standing,,,,14.3504,1,465,False
45,24,CAR_0700,CAR,420,standing,,,,14.4655,1,435,False
46,24,CAR_0845,CAR,525,standing,,,,16.1741,1,540,False
47,24,CAR_0700,CAR,420,standing,,,,7.556,1,450,False
48,24,PT,PT,,standing,,,,19.7335,1,510,False
49,24,WFH,WFH,,standing,,,,12.2018,1,,False
50,24,PT,PT,,standing,,,,28.863,1,510,False
51,24,CAR_0815,CAR,495,standing,,,,23.7066,1,525,False
52,24,PT,PT,,standing,,,,24.4912,1,525,False
53,24,CAR_0645,CAR,405,standing,,,,17.0253,1,420,True
54,24,CAR_0715,CAR,435,standing,,,,8.0181,1,450,False
55,24,CAR_0700,CAR,420,standing,,,,1.2412,1,435,False
56,24,CAR_0830,CAR,510,standing,,,,9.1916,1,525,False
57,24,CAR_0715,CAR,435,standing,,,,24.0401,1,450,False
58,24,CAR_0815,CAR,495,standing,,,,13.5563,1,510,False
59,24,CAR_0715,CAR,435,standing,,,,20.1461,1,510,False
60,24,PT,PT,,standing,,,,20.9782,1,465,False
61,24,CAR_0730,CAR,450,standing,,,,37.1792,3,510,False
62,24,CAR_0745,CAR,465,standing,,,,28.3669,1,480,False
63,24,CAR_0830,CAR,510,standing,,,,23.736,1,525,False
64,24,PT,PT,,standing,,,,33.1718,1,465,False
65,24,SKIP,SKIP,,rule,T6,"Chose to skip the trip over drive at 08:00: lowest total cost (NZ$33.80 vs NZ$39.11), mainly parking.",other;fee,33.8034,1,,False
66,24,CAR_0800,CAR,480,standing,,,,32.5193,1,495,False
67,24,CAR_0800,CAR,480,standing,,,,23.5912,1,510,False
68,24,CAR_0715,CAR,435,standing,,,,20.7178,1,465,False
69,24,CAR_0915,CAR,555,standing,,,,26.1704,1,570,False
70,24,WFH,WFH,,standing,,,,17.2841,1,,False
71,24,PT,PT,,standing,,,,32.5316,1,495,False
72,24,CAR_0700,CAR,420,standing,,,,13.2074,1,435,False
73,24,PT,PT,,standing,,,,31.0466,1,525,False
74,24,PT,PT,,standing,,,,22.7657,1,540,False
75,24,PT,PT,,standing,,,,24.4691,1,555,False
76,24,CAR_0730,CAR,450,standing,,,,18.1147,1,480,False
77,24,CAR_0700,CAR,420,standing,,,,23.9211,1,435,False
78,24,CAR_0945,CAR,585,standing,,,,23.416,1,585,False
79,24,SKIP,SKIP,,rule,T6,"Chose to skip the trip over drive at 07:45: lowest total cost (NZ$39.51 vs NZ$44.57), mainly parking.",other;fee,39.5143,1,,False
80,24,CAR_0800,CAR,480,standing,,,,22.1057,1,495,False
81,24,CAR_0700,CAR,420,standing,,,,29.3687,1,435,False
82,24,PT,PT,,standing,,,,17.6253,1,510,False
83,24,WFH,WFH,,standing,,,,21.7228,3,,False
84,24,CAR_0730,CAR,450,standing,,,,16.6297,1,465,False
85,24,PT,PT,,standing,,,,23.8139,1,525,False
86,24,CAR_0700,CAR,420,standing,,,,14.7572,1,435,False
87,24,CAR_0715,CAR,435,standing,,,,13.3999,1,450,False
88,24,CAR_0815,CAR,495,standing,,,,3.6908,1,510,False
89,24,CAR_0700,CAR,420,standing,,,,2.7474,1,465,False
90,24,PT,PT,,standing,,,,19.7719,1,525,False
91,24,CAR_0730,CAR,450,standing,,,,34.3069,1,495,False
92,24,CAR_0730,CAR,450,standing,,,,12.6545,1,495,False
93,24,CAR_0700,CAR,420,standing,,,,9.2618,1,435,False
94,24,CAR_0915,CAR,555,standing,,,,16.6929,1,570,False
95,24,CAR_0830,CAR,510,standing,,,,22.6787,1,540,False
96,24,CAR_0730,CAR,450,standing,,,,27.2753,1,465,False
97,24,CAR_0845,CAR,525,standing,,,,40.9231,1,555,False
98,24,PT,PT,,standing,,,,18.8005,1,525,False
99,24,CAR_0745,CAR,465,standing,,,,19.3283,1,480,False
100,24,CAR_0800,CAR,480,standing,,,,17.5846,1,495,False
101,24,CAR_0830,CAR,510,standing,,,,17.4166,1,525,False
102,24,PT,PT,,standing,,,,24.2136,1,510,False
103,24,CAR_0800,CAR,480,standing,,,,17.3682,1,495,False
104,24,CAR_0730,CAR,450,standing,,,,16.2051,1,480,False
105,24,CAR_0700,CAR,420,standing,,,,1.8242,1,435,False
106,24,WFH,WFH,,standing,,,,16.8006,1,,False
107,24,CAR_0845,CAR,525,standing,,,,16.7613,1,540,False
108,24,CAR_0815,CAR,495,standing,,,,21.95,1,525,False
109,24,CAR_0845,CAR,525,standing,,,,4.0241,1,540,False
110,24,CAR_0845,CAR,525,standing,,,,12.5234,1,540,False
111,24,CAR_0930,CAR,570,standing,,,,7.2189,1,570,False
112,24,CAR_0700,CAR,420,standing,,,,18.4547,2,450,False
113,24,PT,PT,,standing,,,,27.1744,1,555,False
114,24,PT,PT,,standing,,,,20.2778,1,570,False
115,24,CAR_0815,CAR,495,standing,,,,8.0715,1,510,False
116,24,PT,PT,,standing,,,,19.8053,1,480,False
117,24,CAR_0730,CAR,450,standing,,,,3.8116,1,480,False
118,24,CAR_0915,CAR,555,standing,,,,4.4534,1,570,False
119,24,PT,PT,,standing,,,,19.5064,1,495,False
120,24,CAR_0700,CAR,420,standing,,,,14.8549,1,435,False
121,24,CAR_0845,CAR,525,standing,,,,21.5802,1,540,False
122,24,CAR_0915,CAR,555,standing,,,,27.1812,1,570,False
123,24,PT,PT,,standing,,,,22.2612,1,435,False
124,24,CAR_0645,CAR,405,standing,,,,11.636,1,420,False
125,24,CAR_0630,CAR,390,standing,,,,2.2028,1,495,False
126,24,CAR_0830,CAR,510,standing,,,,29.5022,1,525,False
127,24,PT,PT,,standing,,,,22.0984,1,510,False
128,24,CAR_0730,CAR,450,rule,T7,"Chose to drive at 07:30 over drive at 07:15: lowest total cost (NZ$24.91 vs NZ$28.68), mainly changing routine.",habit;arrival_time;travel_time,24.9086,1,465,False
129,24,PT,PT,,standing,,,,20.9459,1,450,False
130,24,CAR_0630,CAR,390,standing,,,,25.5747,1,420,True
131,24,CAR_0715,CAR,435,standing,,,,14.6699,1,465,False
132,24,WFH,WFH,,standing,,,,30.9848,1,,False
133,24,CAR_0645,CAR,405,standing,,,,19.3702,1,420,True
134,24,CAR_0800,CAR,480,standing,,,,19.1914,1,510,False
135,24,CAR_0800,CAR,480,standing,,,,22.5479,1,525,False
136,24,WFH,WFH,,standing,,,,12.7425,1,,False
137,24,CAR_0730,CAR,450,standing,,,,8.6389,1,480,False
138,24,CAR_0700,CAR,420,standing,,,,25.5764,1,510,False
139,24,CAR_0845,CAR,525,standing,,,,3.4414,1,540,False
140,24,CAR_0700,CAR,420,standing,,,,2.3716,1,435,False
141,24,PT,PT,,standing,,,,21.5018,1,420,False
142,24,CAR_0800,CAR,480,standing,,,,9.1434,1,495,False
143,24,CAR_0730,CAR,450,standing,,,,2.4018,1,480,False
144,24,CAR_0715,CAR,435,standing,,,,13.679,1,495,False
145,24,CAR_0700,CAR,420,standing,,,,2.1777,1,435,False
146,24,PT,PT,,standing,,,,22.6123,1,495,False
147,24,PT,PT,,standing,,,,37.6092,1,525,False
148,24,CAR_0845,CAR,525,standing,,,,34.2761,1,555,False
149,24,CAR_0845,CAR,525,standing,,,,22.4045,1,540,False
150,24,CAR_0900,CAR,540,standing,,,,23.0674,1,555,False
151,24,CAR_0745,CAR,465,rule,T5,"Chose to drive at 07:45 over drive at 07:30: lowest total cost (NZ$12.07 vs NZ$14.62), mainly changing routine.",habit;arrival_time;travel_time,12.0651,1,480,False
152,24,CAR_0730,CAR,450,standing,,,,23.572,1,495,False
153,24,WFH,WFH,,standing,,,,30.0462,1,,False
154,24,CAR_0915,CAR,555,standing,,,,11.0408,1,555,False
155,24,WFH,WFH,,standing,,,,18.73,2,,False
156,24,PT,PT,,standing,,,,27.5756,1,480,False
157,24,CAR_0715,CAR,435,standing,,,,14.6536,1,450,False
158,24,PT,PT,,standing,,,,30.699,1,525,False
159,24,CAR_0730,CAR,450,standing,,,,20.7649,1,495,False
160,24,CAR_0915,CAR,555,standing,,,,24.2202,1,585,False
161,24,SKIP,SKIP,,rule,T6,"Chose to skip the trip over drive at 08:00: lowest total cost (NZ$35.53 vs NZ$43.45), mainly fuel.",other;fee,35.5316,1,,False
162,24,CAR_0700,CAR,420,standing,,,,20.3424,1,525,False
163,24,CAR_0830,CAR,510,standing,,,,40.7026,1,525,False
164,24,PT,PT,,standing,,,,29.2125,1,465,False
165,24,CAR_0830,CAR,510,standing,,,,20.7382,1,540,False
166,24,CAR_0845,CAR,525,standing,,,,32.0425,1,540,False
167,24,CAR_0745,CAR,465,standing,,,,17.6576,1,480,False
168,24,CAR_0900,CAR,540,standing,,,,13.853,1,555,False
169,24,CAR_0730,CAR,450,standing,,,,16.064,2,480,False
170,24,PT,PT,,standing,,,,29.4029,1,495,False
171,24,CAR_0815,CAR,495,standing,,,,14.1533,1,525,False
172,24,CAR_0845,CAR,525,standing,,,,29.6579,1,540,False
173,24,CAR_0845,CAR,525,standing,,,,9.6809,1,540,False
174,24,CAR_0645,CAR,405,standing,,,,22.6357,1,435,False
175,24,CAR_0700,CAR,420,standing,,,,32.5196,1,435,False
176,24,CAR_0715,CAR,435,standing,,,,27.4984,2,525,False
177,24,PT,PT,,standing,,,,23.8378,1,510,False
178,24,PT,PT,,standing,,,,17.8326,1,510,False
179,24,WFH,WFH,,standing,,,,20.0282,1,,False
180,24,PT,PT,,standing,,,,19.9963,1,465,False
181,24,CAR_0915,CAR,555,standing,,,,27.8823,1,570,False
182,24,CAR_0830,CAR,510,standing,,,,33.5881,1,525,False
183,24,PT,PT,,standing,,,,18.8997,1,480,False
184,24,CAR_0745,CAR,465,standing,,,,2.7408,1,480,False
185,24,PT,PT,,standing,,,,25.7801,1,525,False
186,24,CAR_0730,CAR,450,standing,,,,13.9929,1,465,False
187,24,CAR_0745,CAR,465,standing,,,,23.0996,1,495,False
188,24,CAR_0715,CAR,435,standing,,,,9.0947,1,495,False
189,24,PT,PT,,standing,,,,26.5357,1,450,False
190,24,CAR_0900,CAR,540,standing,,,,29.3072,1,555,False
191,24,CAR_0900,CAR,540,standing,,,,19.8598,1,570,False
192,24,PT,PT,,standing,,,,23.7715,1,420,False
193,24,PT,PT,,standing,,,,28.5828,1,540,False
194,24,WFH,WFH,,standing,,,,16.2509,1,,False
195,24,CAR_0715,CAR,435,standing,,,,14.8846,1,480,False
196,24,CAR_0730,CAR,450,standing,,,,24.2157,1,465,False
197,24,CAR_0700,CAR,420,standing,,,,12.5974,1,435,False
198,24,CAR_0730,CAR,450,standing,,,,15.2688,1,465,False
199,24,CAR_0645,CAR,405,standing,,,,20.6852,1,420,True
200,24,CAR_0630,CAR,390,standing,,,,22.5982,1,420,True
201,24,PT,PT,,standing,,,,34.4781,1,465,False
202,24,CAR_0715,CAR,435,standing,,,,17.2864,1,465,False
203,24,PT,PT,,standing,,,,29.0144,1,555,False
204,24,PT,PT,,standing,,,,29.08,1,495,False
205,24,CAR_0915,CAR,555,standing,,,,14.8843,1,570,False
206,24,CAR_0645,CAR,405,standing,,,,20.1363,1,420,True
207,24,CAR_0800,CAR,480,standing,,,,30.6857,1,495,False
208,24,CAR_0800,CAR,480,standing,,,,26.3216,1,495,False
209,24,CAR_0700,CAR,420,standing,,,,3.9612,1,435,False
210,24,PT,PT,,standing,,,,30.1751,1,555,False
211,24,CAR_0930,CAR,570,standing,,,,26.6475,1,585,False
212,24,CAR_0845,CAR,525,standing,,,,31.0173,1,540,False
213,24,CAR_0630,CAR,390,standing,,,,27.523,1,420,True
214,24,PT,PT,,standing,,,,24.9724,1,555,False
215,24,PT,PT,,standing,,,,22.281,1,525,False
216,24,CAR_0800,CAR,480,rule,T7,"Chose to drive at 08:00 over drive at 07:45: lowest total cost (NZ$8.98 vs NZ$11.48), mainly changing routine.",habit;arrival_time,8.9787,1,495,False
217,24,CAR_0645,CAR,405,standing,,,,35.5906,2,420,True
218,24,SKIP,SKIP,,rule,T6,"Chose to skip the trip over drive at 07:45: lowest total cost (NZ$42.00 vs NZ$47.86), mainly fuel.",other;fee,42.0026,1,,False
219,24,CAR_0815,CAR,495,standing,,,,26.269,1,510,False
220,24,CAR_0845,CAR,525,standing,,,,15.8609,1,540,False
221,24,CAR_0730,CAR,450,standing,,,,16.8513,1,465,False
222,24,CAR_0715,CAR,435,standing,,,,13.3506,1,450,False
223,24,PT,PT,,standing,,,,28.7841,1,480,False
224,24,CAR_0815,CAR,495,standing,,,,21.8335,1,525,False
225,24,CAR_0700,CAR,420,standing,,,,31.404,1,435,False
226,24,CAR_0930,CAR,570,rule,T3,"Chose to drive at 09:30 over drive at 09:15: lowest total cost (NZ$29.07 vs NZ$31.34), mainly changing routine.",habit;fee;travel_time,29.0672,1,570,False
227,24,CAR_0830,CAR,510,standing,,,,28.1812,1,540,False
228,24,CAR_0645,CAR,405,standing,,,,7.6461,1,420,False
229,24,PT,PT,,standing,,,,24.5162,1,525,False
230,24,CAR_0700,CAR,420,standing,,,,17.8142,1,450,False
231,24,CAR_0700,CAR,420,standing,,,,14.2803,1,435,False
232,24,CAR_0845,CAR,525,standing,,,,17.2825,1,540,False
233,24,CAR_0800,CAR,480,standing,,,,34.3239,1,495,False
234,24,CAR_0745,CAR,465,standing,,,,16.7463,1,480,False
235,24,CAR_0730,CAR,450,standing,,,,39.2723,1,480,False
236,24,CAR_0915,CAR,555,standing,,,,24.3456,1,570,False
237,24,CAR_0645,CAR,405,standing,,,,28.564,1,420,True
238,24,CAR_0745,CAR,465,standing,,,,21.3107,2,495,False
239,24,PT,PT,,standing,,,,32.2377,1,525,False
240,24,CAR_0645,CAR,405,standing,,,,11.7644,1,420,False
241,24,CAR_0700,CAR,420,standing,,,,17.9938,1,450,False
242,24,CAR_0900,CAR,540,standing,,,,27.6671,1,555,False
243,24,CAR_0830,CAR,510,standing,,,,21.4847,1,540,False
244,24,CAR_0715,CAR,435,standing,,,,24.0044,1,450,False
245,24,CAR_0815,CAR,495,standing,,,,3.0709,2,510,False
246,24,CAR_0945,CAR,585,standing,,,,30.1548,1,600,False
247,24,CAR_0815,CAR,495,standing,,,,21.1702,1,510,False
248,24,CAR_0915,CAR,555,standing,,,,29.4451,1,570,False
249,24,CAR_0830,CAR,510,standing,,,,15.0004,1,525,False
250,24,PT,PT,,standing,,,,31.7548,1,540,False
251,24,CAR_0815,CAR,495,standing,,,,25.9398,1,510,False
252,24,CAR_0700,CAR,420,standing,,,,43.601,1,450,False
253,24,CAR_0845,CAR,525,standing,,,,14.869,1,540,False
254,24,PT,PT,,standing,,,,23.0579,1,495,False
255,24,PT,PT,,standing,,,,31.6005,1,465,False
256,24,WFH,WFH,,standing,,,,42.355,1,,False
257,24,CAR_0730,CAR,450,standing,,,,12.2492,1,465,False
258,24,CAR_0700,CAR,420,standing,,,,14.4429,1,435,False
259,24,SKIP,SKIP,,rule,T7,"Chose to skip the trip over drive at 08:00: lowest total cost (NZ$39.25 vs NZ$40.56), mainly parking.",other;fee,39.2517,1,,False
260,24,PT,PT,,standing,,,,21.93,1,510,False
261,24,CAR_0830,CAR,510,standing,,,,31.0971,1,525,False
262,24,PT,PT,,standing,,,,31.2307,1,510,False
263,24,PT,PT,,standing,,,,32.0327,1,465,False
264,24,CAR_0915,CAR,555,standing,,,,7.4902,1,555,False
265,24,CAR_0915,CAR,555,standing,,,,29.134,1,570,False
266,24,CAR_0815,CAR,495,standing,,,,31.187,1,510,False
267,24,CAR_0830,CAR,510,standing,,,,31.3832,1,525,False
268,24,CAR_0800,CAR,480,standing,,,,36.7212,1,495,False
269,24,CAR_0845,CAR,525,standing,,,,45.2522,1,555,False
270,24,WFH,WFH,,standing,,,,36.5391,1,,False
271,24,CAR_0700,CAR,420,standing,,,,19.1091,1,450,False
272,24,CAR_0715,CAR,435,standing,,,,9.9284,1,450,False
273,24,PT,PT,,standing,,,,32.2387,1,510,False
274,24,SKIP,SKIP,,rule,T6,"Chose to skip the trip over drive at 08:15: lowest total cost (NZ$34.45 vs NZ$38.01), mainly fuel.",other;fee,34.4459,1,,False
275,24,CAR_0700,CAR,420,standing,,,,15.0445,1,495,False
276,24,CAR_0645,CAR,405,standing,,,,20.7948,1,420,True
277,24,CAR_0715,CAR,435,standing,,,,11.1841,1,480,False
278,24,PT,PT,,standing,,,,24.4987,1,525,False
279,24,CAR_0915,CAR,555,standing,,,,27.7959,1,570,False
280,24,CAR_0830,CAR,510,standing,,,,31.0751,1,525,False
281,24,PT,PT,,standing,,,,22.2882,1,495,False
282,24,PT,PT,,standing,,,,26.3611,1,525,False
283,24,CAR_0900,CAR,540,standing,,,,18.932,1,555,False
284,24,PT,PT,,standing,,,,24.2399,1,585,False
285,24,PT,PT,,standing,,,,25.46,1,495,False
286,24,CAR_0715,CAR,435,standing,,,,32.9464,1,450,False
287,24,PT,PT,,standing,,,,18.5869,1,600,False
288,24,CAR_0730,CAR,450,standing,,,,20.2127,1,555,False
289,24,PT,PT,,standing,,,,21.6997,1,495,False
290,24,CAR_0745,CAR,465,rule,T5,"Chose to drive at 07:45 over drive at 07:30: lowest total cost (NZ$14.22 vs NZ$20.17), mainly arrival time.",arrival_time;habit;travel_time,14.2234,1,480,False
291,24,CAR_0815,CAR,495,standing,,,,17.0086,1,510,False
292,24,CAR_0800,CAR,480,standing,,,,1.3233,1,510,False
293,24,PT,PT,,standing,,,,31.9657,1,525,False
294,24,WFH,WFH,,standing,,,,14.8241,1,,False
295,24,PT,PT,,standing,,,,19.378,1,480,False
296,24,CAR_0800,CAR,480,standing,,,,32.7479,1,495,False
297,24,CAR_0715,CAR,435,standing,,,,16.9584,1,465,False
298,24,PT,PT,,standing,,,,30.5886,1,540,False
299,24,CAR_0800,CAR,480,standing,,,,19.1048,2,495,False
0,25,WFH,WFH,,standing,,,,34.8391,1,,False
1,25,CAR_0715,CAR,435,standing,,,,18.869,1,450,False
2,25,CAR_0715,CAR,435,standing,,,,9.8469,1,450,False
3,25,CAR_0815,CAR,495,standing,,,,34.0189,1,510,False
4,25,PT,PT,,standing,,,,29.5959,1,525,False
5,25,CAR_0800,CAR,480,standing,,,,15.0188,1,495,False
6,25,WFH,WFH,,standing,,,,20.4213,2,,False
7,25,CAR_0745,CAR,465,standing,,,,11.7126,1,480,False
8,25,PT,PT,,standing,,,,19.8437,1,525,False
9,25,CAR_0915,CAR,555,standing,,,,27.7071,1,570,False
10,25,PT,PT,,standing,,,,32.0804,2,525,False
11,25,CAR_0800,CAR,480,standing,,,,31.021,1,495,False
12,25,PT,PT,,standing,,,,35.8003,1,525,False
13,25,CAR_0900,CAR,540,standing,,,,18.9315,1,555,False
14,25,PT,PT,,standing,,,,32.1305,1,585,False
15,25,CAR_0800,CAR,480,standing,,,,39.7466,1,495,False
16,25,PT,PT,,standing,,,,23.8509,1,450,False
17,25,CAR_0945,CAR,585,standing,,,,27.3078,1,600,False
18,25,CAR_0945,CAR,585,rule,T3,"Chose to drive at 09:45 over drive at 09:30: lowest total cost (NZ$19.94 vs NZ$22.33), mainly changing routine.",habit,19.9415,1,555,False
19,25,CAR_0800,CAR,480,standing,,,,28.7656,1,495,False
20,25,CAR_0745,CAR,465,standing,,,,16.7999,1,480,False
21,25,CAR_0815,CAR,495,standing,,,,16.98,1,510,False
22,25,CAR_0815,CAR,495,standing,,,,1.0081,1,510,False
23,25,PT,PT,,standing,,,,23.612,1,525,False
24,25,CAR_0715,CAR,435,standing,,,,14.7389,1,465,False
25,25,PT,PT,,standing,,,,23.4377,1,480,False
26,25,PT,PT,,standing,,,,20.602,1,495,False
27,25,CAR_0730,CAR,450,standing,,,,17.4048,1,465,False
28,25,PT,PT,,standing,,,,23.2635,1,540,False
29,25,CAR_0715,CAR,435,standing,,,,18.2128,1,495,False
30,25,CAR_0815,CAR,495,standing,,,,31.7029,1,525,False
31,25,CAR_0815,CAR,495,standing,,,,35.0438,1,525,False
32,25,CAR_0745,CAR,465,standing,,,,21.9426,1,510,False
33,25,CAR_0745,CAR,465,standing,,,,17.797,1,495,False
34,25,PT,PT,,standing,,,,19.2138,1,495,False
35,25,CAR_0815,CAR,495,standing,,,,33.0888,1,510,False
36,25,CAR_0745,CAR,465,standing,,,,1.1599,1,480,False
37,25,PT,PT,,standing,,,,21.2526,1,510,False
38,25,CAR_0700,CAR,420,standing,,,,21.6462,1,450,False
39,25,PT,PT,,standing,,,,22.5886,1,480,False
40,25,CAR_0700,CAR,420,standing,,,,23.5474,1,435,False
41,25,CAR_0800,CAR,480,standing,,,,8.3166,1,510,False
42,25,CAR_0800,CAR,480,standing,,,,20.0074,1,525,False
43,25,CAR_0830,CAR,510,standing,,,,33.1703,4,540,False
44,25,CAR_0730,CAR,450,standing,,,,14.3448,1,465,False
45,25,CAR_0700,CAR,420,standing,,,,14.4626,1,435,False
46,25,CAR_0845,CAR,525,standing,,,,16.1654,1,540,False
47,25,CAR_0700,CAR,420,standing,,,,7.5377,1,450,False
48,25,PT,PT,,standing,,,,19.7335,1,510,False
49,25,WFH,WFH,,standing,,,,12.2018,1,,False
50,25,PT,PT,,standing,,,,28.863,1,510,False
51,25,CAR_0815,CAR,495,standing,,,,23.702,1,525,False
52,25,PT,PT,,standing,,,,24.4912,1,525,False
53,25,CAR_0645,CAR,405,standing,,,,17.0195,1,420,True
54,25,CAR_0715,CAR,435,standing,,,,8.0172,1,450,False
55,25,CAR_0700,CAR,420,standing,,,,1.2495,1,435,False
56,25,CAR_0830,CAR,510,standing,,,,9.1829,1,525,False
57,25,CAR_0715,CAR,435,standing,,,,24.04,1,450,False
58,25,CAR_0815,CAR,495,standing,,,,13.5521,1,510,False
59,25,CAR_0715,CAR,435,standing,,,,20.1485,1,510,False
60,25,PT,PT,,standing,,,,20.9782,1,465,False
61,25,CAR_0730,CAR,450,standing,,,,37.1775,3,510,False
62,25,CAR_0745,CAR,465,standing,,,,28.3288,1,480,False
63,25,CAR_0830,CAR,510,standing,,,,23.7225,1,525,False
64,25,PT,PT,,standing,,,,33.1718,1,465,False
65,25,SKIP,SKIP,,rule,T6,"Chose to skip the trip over drive at 08:00: lowest total cost (NZ$33.80 vs NZ$39.10), mainly parking.",other;fee,33.8034,1,,False
66,25,CAR_0800,CAR,480,standing,,,,32.515,1,495,False
67,25,CAR_0800,CAR,480,standing,,,,23.5686,1,510,False
68,25,CAR_0715,CAR,435,standing,,,,20.7087,1,465,False
69,25,CAR_0915,CAR,555,standing,,,,26.1608,1,570,False
70,25,WFH,WFH,,standing,,,,17.2841,1,,False
71,25,PT,PT,,standing,,,,32.5316,1,495,False
72,25,CAR_0700,CAR,420,standing,,,,13.2016,1,435,False
73,25,PT,PT,,standing,,,,31.0466,1,525,False
74,25,PT,PT,,standing,,,,22.7657,1,540,False
75,25,PT,PT,,standing,,,,24.4691,1,555,False
76,25,CAR_0730,CAR,450,standing,,,,18.1142,1,480,False
77,25,CAR_0700,CAR,420,standing,,,,23.9153,1,435,False
78,25,CAR_0945,CAR,585,standing,,,,23.416,1,585,False
79,25,SKIP,SKIP,,rule,T6,"Chose to skip the trip over drive at 07:45: lowest total cost (NZ$39.51 vs NZ$44.55), mainly parking.",other;fee,39.5143,1,,False
80,25,CAR_0800,CAR,480,standing,,,,22.1014,1,495,False
81,25,CAR_0700,CAR,420,standing,,,,29.3597,1,435,False
82,25,PT,PT,,standing,,,,17.6253,1,510,False
83,25,WFH,WFH,,standing,,,,21.7228,3,,False
84,25,CAR_0730,CAR,450,standing,,,,16.6265,1,465,False
85,25,PT,PT,,standing,,,,23.8139,1,525,False
86,25,CAR_0700,CAR,420,standing,,,,14.7438,1,435,False
87,25,CAR_0715,CAR,435,standing,,,,13.3969,1,450,False
88,25,CAR_0815,CAR,495,standing,,,,3.6908,1,510,False
89,25,CAR_0700,CAR,420,standing,,,,2.7358,1,465,False
90,25,PT,PT,,standing,,,,19.7719,1,525,False
91,25,CAR_0730,CAR,450,standing,,,,34.3085,1,495,False
92,25,CAR_0730,CAR,450,standing,,,,12.6454,1,495,False
93,25,CAR_0700,CAR,420,standing,,,,9.2559,1,435,False
94,25,CAR_0915,CAR,555,standing,,,,16.6897,1,570,False
95,25,CAR_0830,CAR,510,standing,,,,22.6786,1,540,False
96,25,CAR_0730,CAR,450,standing,,,,27.2242,1,465,False
97,25,CAR_0845,CAR,525,standing,,,,40.9147,1,555,False
98,25,PT,PT,,standing,,,,18.8005,1,525,False
99,25,CAR_0745,CAR,465,standing,,,,19.2168,1,480,False
100,25,CAR_0800,CAR,480,standing,,,,17.5833,1,495,False
101,25,CAR_0830,CAR,510,standing,,,,17.4102,1,525,False
102,25,PT,PT,,standing,,,,24.2136,1,510,False
103,25,CAR_0800,CAR,480,standing,,,,17.3552,1,495,False
104,25,CAR_0730,CAR,450,standing,,,,16.0798,1,480,False
105,25,CAR_0700,CAR,420,standing,,,,1.8204,1,435,False
106,25,WFH,WFH,,standing,,,,16.8006,1,,False
107,25,CAR_0845,CAR,525,standing,,,,16.7526,1,540,False
108,25,CAR_0815,CAR,495,standing,,,,21.9413,1,525,False
109,25,CAR_0845,CAR,525,standing,,,,4.0241,1,540,False
110,25,CAR_0845,CAR,525,standing,,,,12.5184,1,540,False
111,25,CAR_0930,CAR,570,standing,,,,7.2201,1,570,False
112,25,CAR_0700,CAR,420,standing,,,,18.4414,2,450,False
113,25,PT,PT,,standing,,,,27.1744,1,555,False
114,25,PT,PT,,standing,,,,20.2778,1,570,False
115,25,CAR_0815,CAR,495,standing,,,,8.0768,1,510,False
116,25,PT,PT,,standing,,,,19.8053,1,480,False
117,25,CAR_0730,CAR,450,standing,,,,3.8107,1,480,False
118,25,CAR_0915,CAR,555,standing,,,,4.4534,1,570,False
119,25,PT,PT,,standing,,,,19.5064,1,495,False
120,25,CAR_0700,CAR,420,standing,,,,14.8549,1,435,False
121,25,CAR_0845,CAR,525,standing,,,,21.5758,1,540,False
122,25,CAR_0915,CAR,555,standing,,,,27.178,1,570,False
123,25,PT,PT,,standing,,,,22.2612,1,435,False
124,25,CAR_0645,CAR,405,standing,,,,11.6302,1,420,False
125,25,CAR_0630,CAR,390,standing,,,,2.2028,1,495,False
126,25,CAR_0830,CAR,510,standing,,,,29.4935,1,525,False
127,25,PT,PT,,standing,,,,22.0984,1,510,False
128,25,CAR_0730,CAR,450,standing,,,,24.8812,1,465,False
129,25,PT,PT,,standing,,,,20.9459,1,450,False
130,25,CAR_0630,CAR,390,standing,,,,25.5747,1,420,True
131,25,CAR_0715,CAR,435,standing,,,,14.624,1,465,False
132,25,WFH,WFH,,standing,,,,30.9848,1,,False
133,25,CAR_0645,CAR,405,standing,,,,19.3615,1,420,True
134,25,CAR_0800,CAR,480,standing,,,,19.1826,1,510,False
135,25,CAR_0800,CAR,480,standing,,,,22.5459,1,525,False
136,25,WFH,WFH,,standing,,,,12.7425,1,,False
137,25,CAR_0730,CAR,450,standing,,,,8.6103,1,480,False
138,25,CAR_0700,CAR,420,standing,,,,25.5758,1,510,False
139,25,CAR_0845,CAR,525,standing,,,,3.4414,1,540,False
140,25,CAR_0700,CAR,420,standing,,,,2.3719,1,435,False
141,25,PT,PT,,standing,,,,21.5018,1,420,False
142,25,CAR_0800,CAR,480,standing,,,,9.1347,1,495,False
143,25,CAR_0730,CAR,450,standing,,,,2.3925,1,480,False
144,25,CAR_0715,CAR,435,standing,,,,13.6665,1,495,False
145,25,CAR_0700,CAR,420,standing,,,,2.1679,1,435,False
146,25,PT,PT,,standing,,,,22.6123,1,495,False
147,25,PT,PT,,standing,,,,37.6092,1,525,False
148,25,CAR_0845,CAR,525,standing,,,,34.2674,1,555,False
149,25,CAR_0845,CAR,525,standing,,,,22.4002,1,540,False
150,25,CAR_0900,CAR,540,standing,,,,23.06,1,555,False
151,25,CAR_0745,CAR,465,standing,,,,12.0651,1,480,False
152,25,CAR_0730,CAR,450,standing,,,,23.5707,1,495,False
153,25,WFH,WFH,,standing,,,,30.0462,1,,False
154,25,CAR_0915,CAR,555,standing,,,,11.0408,1,555,False
155,25,WFH,WFH,,standing,,,,18.73,2,,False
156,25,PT,PT,,standing,,,,27.5756,1,480,False
157,25,CAR_0715,CAR,435,standing,,,,14.6553,1,450,False
158,25,PT,PT,,standing,,,,30.699,1,525,False
159,25,CAR_0730,CAR,450,standing,,,,20.8115,1,495,False
160,25,CAR_0915,CAR,555,standing,,,,24.2173,1,585,False
161,25,SKIP,SKIP,,rule,T6,"Chose to skip the trip over drive at 08:00: lowest total cost (NZ$35.53 vs NZ$43.44), mainly fuel.",other;fee,35.5316,1,,False
162,25,CAR_0700,CAR,420,standing,,,,20.3338,1,525,False
163,25,CAR_0830,CAR,510,standing,,,,40.689,1,525,False
164,25,PT,PT,,standing,,,,29.2125,1,465,False
165,25,CAR_0830,CAR,510,standing,,,,20.7283,1,540,False
166,25,CAR_0845,CAR,525,standing,,,,32.0251,1,540,False
167,25,CAR_0745,CAR,465,standing,,,,17.6576,1,480,False
168,25,CAR_0900,CAR,540,standing,,,,13.8406,1,555,False
169,25,CAR_0730,CAR,450,standing,,,,15.9927,1,480,False
170,25,PT,PT,,standing,,,,29.4029,1,495,False
171,25,CAR_0815,CAR,495,standing,,,,14.1519,1,525,False
172,25,CAR_0845,CAR,525,standing,,,,29.6437,1,540,False
173,25,CAR_0845,CAR,525,standing,,,,9.6679,1,540,False
174,25,CAR_0645,CAR,405,standing,,,,22.627,1,435,False
175,25,CAR_0700,CAR,420,standing,,,,32.5138,1,435,False
176,25,CAR_0715,CAR,435,standing,,,,27.4705,2,525,False
177,25,PT,PT,,standing,,,,23.8378,1,510,False
178,25,PT,PT,,standing,,,,17.8326,1,510,False
179,25,WFH,WFH,,standing,,,,20.0282,1,,False
180,25,PT,PT,,standing,,,,19.9963,1,465,False
181,25,CAR_0915,CAR,555,standing,,,,27.869,1,570,False
182,25,CAR_0830,CAR,510,standing,,,,33.5837,1,525,False
183,25,PT,PT,,standing,,,,18.8997,1,480,False
184,25,CAR_0745,CAR,465,standing,,,,2.7399,1,480,False
185,25,PT,PT,,standing,,,,25.7801,1,525,False
186,25,CAR_0730,CAR,450,standing,,,,13.8689,1,465,False
187,25,CAR_0745,CAR,465,standing,,,,23.0996,1,495,False
188,25,CAR_0715,CAR,435,standing,,,,9.0795,1,495,False
189,25,PT,PT,,standing,,,,26.5357,1,450,False
190,25,CAR_0900,CAR,540,standing,,,,29.3034,1,555,False
191,25,CAR_0900,CAR,540,standing,,,,19.8489,1,570,False
192,25,PT,PT,,standing,,,,23.7715,1,420,False
193,25,PT,PT,,standing,,,,28.5828,1,540,False
194,25,WFH,WFH,,standing,,,,16.2509,1,,False
195,25,CAR_0715,CAR,435,standing,,,,14.8809,1,480,False
196,25,CAR_0730,CAR,450,standing,,,,24.2157,1,465,False
197,25,CAR_0700,CAR,420,standing,,,,12.5913,1,435,False
198,25,CAR_0730,CAR,450,standing,,,,15.2596,1,465,False
199,25,CAR_0645,CAR,405,standing,,,,20.6823,1,420,True
200,25,CAR_0630,CAR,390,standing,,,,22.5924,1,420,True
201,25,PT,PT,,standing,,,,34.4781,1,465,False
202,25,CAR_0715,CAR,435,standing,,,,17.2548,1,465,False
203,25,PT,PT,,standing,,,,29.0144,1,555,False
204,25,PT,PT,,standing,,,,29.08,1,495,False
205,25,CAR_0915,CAR,555,standing,,,,14.8777,1,570,False
206,25,CAR_0645,CAR,405,standing,,,,20.1305,1,420,True
207,25,CAR_0800,CAR,480,standing,,,,30.6726,1,495,False
208,25,CAR_0745,CAR,465,rule,T7,"Chose to drive at 07:45 over drive at 08:00: lowest total cost (NZ$26.74 vs NZ$26.31), mainly the charge.",fee,26.7393,2,495,False
209,25,CAR_0700,CAR,420,standing,,,,3.9592,1,435,False
210,25,PT,PT,,standing,,,,30.1751,1,555,False
211,25,CAR_0930,CAR,570,standing,,,,26.6446,1,585,False
212,25,CAR_0845,CAR,525,standing,,,,30.9928,1,540,False
213,25,CAR_0630,CAR,390,standing,,,,27.5143,1,420,True
214,25,PT,PT,,standing,,,,24.9724,1,555,False
215,25,PT,PT,,standing,,,,22.281,1,525,False
216,25,CAR_0800,CAR,480,standing,,,,8.9589,1,495,False
217,25,CAR_0645,CAR,405,standing,,,,35.5906,2,420,True
218,25,SKIP,SKIP,,rule,T6,"Chose to skip the trip over drive at 07:45: lowest total cost (NZ$42.00 vs NZ$47.85), mainly fuel.",other;fee,42.0026,1,,False
219,25,CAR_0815,CAR,495,standing,,,,26.239,1,510,False
220,25,CAR_0845,CAR,525,standing,,,,15.8512,1,540,False
221,25,CAR_0730,CAR,450,standing,,,,16.8441,1,465,False
222,25,CAR_0715,CAR,435,standing,,,,13.3252,1,450,False
223,25,PT,PT,,standing,,,,28.7841,1,480,False
224,25,CAR_0815,CAR,495,standing,,,,21.83,1,525,False
225,25,CAR_0700,CAR,420,standing,,,,31.3923,1,435,False
226,25,CAR_0930,CAR,570,rule,T3,"Chose to drive at 09:30 over drive at 09:15: lowest total cost (NZ$29.06 vs NZ$31.34), mainly changing routine.",habit;fee;travel_time,29.0643,1,570,False
227,25,CAR_0830,CAR,510,standing,,,,28.1768,1,540,False
228,25,CAR_0645,CAR,405,standing,,,,7.6461,1,420,False
229,25,PT,PT,,standing,,,,24.5162,1,525,False
230,25,CAR_0700,CAR,420,standing,,,,17.7975,1,450,False
231,25,CAR_0700,CAR,420,standing,,,,14.2723,1,435,False
232,25,CAR_0845,CAR,525,standing,,,,17.2745,1,540,False
233,25,CAR_0800,CAR,480,standing,,,,34.3122,1,495,False
234,25,CAR_0745,CAR,465,standing,,,,16.699,1,480,False
235,25,CAR_0730,CAR,450,standing,,,,39.1609,1,480,False
236,25,CAR_0915,CAR,555,standing,,,,24.3366,1,570,False
237,25,CAR_0645,CAR,405,standing,,,,28.564,1,420,True
238,25,CAR_0745,CAR,465,standing,,,,21.2951,2,495,False
239,25,PT,PT,,standing,,,,32.2377,1,525,False
240,25,CAR_0645,CAR,405,standing,,,,11.7527,1,420,False
241,25,CAR_0700,CAR,420,standing,,,,17.9919,1,450,False
242,25,CAR_0900,CAR,540,standing,,,,27.6671,1,555,False
243,25,CAR_0830,CAR,510,standing,,,,21.4621,1,540,False
244,25,CAR_0715,CAR,435,standing,,,,23.9889,1,450,False
245,25,CAR_0815,CAR,495,standing,,,,3.0513,2,510,False
246,25,CAR_0945,CAR,585,standing,,,,30.149,1,600,False
247,25,CAR_0815,CAR,495,standing,,,,21.1608,1,510,False
248,25,CAR_0915,CAR,555,standing,,,,29.439,1,570,False
249,25,CAR_0830,CAR,510,standing,,,,14.9917,1,525,False
250,25,PT,PT,,standing,,,,31.7548,1,540,False
251,25,CAR_0815,CAR,495,standing,,,,25.9311,1,510,False
252,25,CAR_0700,CAR,420,standing,,,,43.5458,1,450,False
253,25,CAR_0845,CAR,525,standing,,,,14.869,1,540,False
254,25,PT,PT,,standing,,,,23.0579,1,495,False
255,25,PT,PT,,standing,,,,31.6005,1,465,False
256,25,WFH,WFH,,standing,,,,42.355,1,,False
257,25,CAR_0730,CAR,450,standing,,,,12.2491,1,465,False
258,25,CAR_0700,CAR,420,standing,,,,14.4342,1,435,False
259,25,SKIP,SKIP,,rule,T6,"Chose to skip the trip over drive at 08:00: lowest total cost (NZ$38.75 vs NZ$40.58), mainly parking.",other;fee,38.7517,1,,False
260,25,PT,PT,,standing,,,,21.93,1,510,False
261,25,CAR_0830,CAR,510,standing,,,,31.0863,1,525,False
262,25,PT,PT,,standing,,,,31.2307,1,510,False
263,25,PT,PT,,standing,,,,32.0327,1,465,False
264,25,CAR_0915,CAR,555,standing,,,,7.4802,1,555,False
265,25,CAR_0915,CAR,555,standing,,,,29.1274,1,570,False
266,25,CAR_0815,CAR,495,standing,,,,31.1816,1,510,False
267,25,CAR_0830,CAR,510,standing,,,,31.3745,1,525,False
268,25,CAR_0800,CAR,480,standing,,,,36.6983,1,495,False
269,25,CAR_0845,CAR,525,standing,,,,45.246,1,555,False
270,25,WFH,WFH,,standing,,,,36.5391,1,,False
271,25,CAR_0700,CAR,420,standing,,,,19.096,1,450,False
272,25,CAR_0715,CAR,435,standing,,,,9.9218,1,450,False
273,25,PT,PT,,standing,,,,32.2387,1,510,False
274,25,SKIP,SKIP,,rule,T6,"Chose to skip the trip over drive at 08:15: lowest total cost (NZ$34.45 vs NZ$38.00), mainly fuel.",other;fee,34.4459,1,,False
275,25,CAR_0700,CAR,420,standing,,,,15.0416,1,495,False
276,25,CAR_0645,CAR,405,standing,,,,20.7919,1,420,True
277,25,CAR_0715,CAR,435,standing,,,,11.1841,1,480,False
278,25,PT,PT,,standing,,,,24.4987,1,525,False
279,25,CAR_0915,CAR,555,standing,,,,27.7958,1,570,False
280,25,CAR_0830,CAR,510,standing,,,,31.062,1,525,False
281,25,PT,PT,,standing,,,,22.2882,1,495,False
282,25,PT,PT,,standing,,,,26.3611,1,525,False
283,25,CAR_0900,CAR,540,standing,,,,18.9246,1,555,False
284,25,PT,PT,,standing,,,,24.2399,1,585,False
285,25,PT,PT,,standing,,,,25.46,1,495,False
286,25,CAR_0715,CAR,435,standing,,,,32.9067,1,450,False
287,25,PT,PT,,standing,,,,18.5869,1,600,False
288,25,CAR_0730,CAR,450,standing,,,,20.1617,1,555,False
289,25,PT,PT,,standing,,,,21.6997,1,495,False
290,25,CAR_0745,CAR,465,standing,,,,14.2464,1,480,False
291,25,CAR_0815,CAR,495,standing,,,,17.0041,1,510,False
292,25,CAR_0800,CAR,480,standing,,,,1.3233,1,510,False
293,25,PT,PT,,standing,,,,31.9657,1,525,False
294,25,WFH,WFH,,standing,,,,14.8241,1,,False
295,25,PT,PT,,standing,,,,19.378,1,480,False
296,25,CAR_0800,CAR,480,standing,,,,32.7392,1,495,False
297,25,CAR_0715,CAR,435,standing,,,,16.9523,1,465,False
298,25,PT,PT,,standing,,,,30.5886,1,540,False
299,25,CAR_0800,CAR,480,standing,,,,19.0478,2,495,False
0,26,WFH,WFH,,rule,T7,"Chose to work from home over drive at 06:45 for the early start: lowest total cost (NZ$34.84 vs NZ$36.42), mainly parking.",other;fee,34.8391,1,,False
1,26,CAR_0715,CAR,435,rule,T7,"Chose to drive at 07:15 over drive at 07:00: lowest total cost (NZ$18.87 vs NZ$23.27), mainly changing routine.",habit;arrival_time;travel_time,18.869,1,450,False
2,26,CAR_0715,CAR,435,rule,T7,"Chose to drive at 07:15 over drive at 07:00: lowest total cost (NZ$9.87 vs NZ$13.33), mainly changing routine.",habit;arrival_time,9.8685,1,450,False
3,26,CAR_0815,CAR,495,rule,T7,"Chose to drive at 08:15 over drive at 08:00: lowest total cost (NZ$34.01 vs NZ$35.36), mainly arrival time.",arrival_time;travel_time,34.0128,1,510,False
4,26,PT,PT,,rule,T7,"Chose to take PT over skip the trip: lowest total cost (NZ$29.60 vs NZ$36.45), mainly missing the day.",work_constraint;habit,29.5959,1,525,False
5,26,CAR_0800,CAR,480,rule,T7,"Chose to drive at 08:00 over drive at 07:45: lowest total cost (NZ$15.00 vs NZ$17.60), mainly changing routine.",habit;arrival_time;travel_time,15.0028,1,495,False
6,26,WFH,WFH,,rule,T7,"Chose to work from home over drive at 06:45 for the early start: lowest total cost (NZ$20.42 vs NZ$19.78), mainly fuel.",other;fee;travel_time,20.4213,2,,False
7,26,CAR_0745,CAR,465,rule,T7,"Chose to drive at 07:45 over drive at 07:30: lowest total cost (NZ$11.71 vs NZ$12.46), mainly changing routine.",habit;arrival_time,11.707,1,480,False
8,26,PT,PT,,rule,T7,"Chose to take PT over drive at 08:30: lowest total cost (NZ$19.84 vs NZ$31.13), mainly parking.",other;fee,19.8437,1,525,False
9,26,CAR_0915,CAR,555,rule,T7,"Chose to drive at 09:15 over drive at 09:30: lowest total cost (NZ$27.70 vs NZ$30.47), mainly arrival time.",arrival_time;habit,27.7028,1,570,False
10,26,CAR_0800,CAR,480,rule,T7,"Chose to drive at 08:00 over take PT: lowest total cost (NZ$33.45 vs NZ$32.08), mainly the PT trip.",pt,33.4469,4,525,False
11,26,CAR_0800,CAR,480,rule,T7,"Chose to drive at 08:00 over drive at 07:15: lowest total cost (NZ$31.02 vs NZ$32.94), mainly changing routine.",habit;arrival_time;travel_time,31.0176,1,495,False
12,26,PT,PT,,rule,T7,"Chose to take PT over drive at 08:30: lowest total cost (NZ$35.80 vs NZ$37.16), mainly parking.",other;fee,35.8003,1,525,False
13,26,CAR_0900,CAR,540,rule,T7,"Chose to drive at 09:00 over drive at 06:45 for the early start: lowest total cost (NZ$18.92 vs NZ$21.06), mainly arrival time.",arrival_time;habit,18.9208,1,555,False
14,26,PT,PT,,rule,T7,"Chose to take PT over drive at 09:30: lowest total cost (NZ$32.13 vs NZ$33.57), mainly parking.",other;fee,32.1305,1,585,False
15,26,CAR_0745,CAR,465,rule,T7,"Chose to drive at 07:45 over drive at 08:00: lowest total cost (NZ$40.76 vs NZ$39.74), mainly travel time.",travel_time;fee,40.762,2,495,False
16,26,PT,PT,,rule,T7,"Chose to take PT over drive at 07:15: lowest total cost (NZ$23.85 vs NZ$34.34), mainly parking.",other;fee,23.8509,1,450,False
17,26,CAR_0945,CAR,585,rule,T7,"Chose to drive at 09:45 over drive at 09:30: lowest total cost (NZ$27.30 vs NZ$29.80), mainly changing routine.",habit;arrival_time;travel_time,27.3017,1,600,False
18,26,CAR_0945,CAR,585,rule,T3,"Chose to drive at 09:45 over drive at 09:30: lowest total cost (NZ$19.94 vs NZ$22.33), mainly changing routine.",habit,19.9374,1,555,False
19,26,CAR_0800,CAR,480,rule,T7,"Chose to drive at 08:00 over drive at 07:45: lowest total cost (NZ$28.76 vs NZ$31.25), mainly changing routine.",habit;arrival_time;travel_time,28.7564,1,495,False
20,26,CAR_0745,CAR,465,rule,T7,"Chose to drive at 07:45 over drive at 07:30: lowest total cost (NZ$16.77 vs NZ$28.67), mainly arrival time.",arrival_time;habit;travel_time,16.7744,1,480,False
21,26,CAR_0815,CAR,495,rule,T7,"Chose to drive at 08:15 over drive at 08:00: lowest total cost (NZ$16.98 vs NZ$23.30), mainly arrival time.",arrival_time;habit,16.9765,1,510,False
22,26,CAR_0715,CAR,435,rule,T7,"Chose to drive at 07:15 over drive at 08:15: lowest total cost (NZ$3.39 vs NZ$1.01), mainly overall cost.",other,3.3918,6,510,False
23,26,PT,PT,,rule,T7,"Chose to take PT over skip the trip: lowest total cost (NZ$23.61 vs NZ$40.50), mainly missing the day.",work_constraint;habit,23.612,1,525,False
24,26,CAR_0715,CAR,435,rule,T7,"Chose to drive at 07:15 over drive at 07:00: lowest total cost (NZ$14.71 vs NZ$17.88), mainly changing routine.",habit;arrival_time,14.7055,1,465,False
25,26,PT,PT,,rule,T7,"Chose to take PT over work from home: lowest total cost (NZ$23.44 vs NZ$32.60), mainly working from home.",flexibility;habit,23.4377,1,480,False
26,26,PT,PT,,rule,T7,"Chose to take PT over drive at 06:45 for the early start: lowest total cost (NZ$20.60 vs NZ$33.45), mainly parking.",other;fee,20.602,1,495,False
27,26,CAR_0730,CAR,450,rule,T7,"Chose to drive at 07:30 over drive at 07:15: lowest total cost (NZ$17.40 vs NZ$19.09), mainly changing routine.",habit;arrival_time;travel_time,17.4019,1,465,False
28,26,PT,PT,,rule,T7,"Chose to take PT over skip the trip: lowest total cost (NZ$23.26 vs NZ$35.85), mainly missing the day.",work_constraint;habit,23.2635,1,540,False
29,26,CAR_0715,CAR,435,rule,T7,"Chose to drive at 07:15 over drive at 07:00: lowest total cost (NZ$18.21 vs NZ$20.77), mainly changing routine.",habit;arrival_time;travel_time,18.2051,1,495,False
30,26,CAR_0815,CAR,495,rule,T7,"Chose to drive at 08:15 over drive at 06:30 for the early start: lowest total cost (NZ$31.70 vs NZ$34.64), mainly arrival time.",arrival_time;habit,31.6987,1,525,False
31,26,CAR_0815,CAR,495,standing,,,,35.037,1,525,False
32,26,CAR_0745,CAR,465,rule,T7,"Chose to drive at 07:45 over drive at 08:15: lowest total cost (NZ$21.93 vs NZ$24.05), mainly changing routine.",habit;fee,21.9339,1,510,False
33,26,CAR_0745,CAR,465,rule,T7,"Chose to drive at 07:45 over drive at 08:00: lowest total cost (NZ$17.93 vs NZ$20.05), mainly changing routine.",habit,17.935,1,495,False
34,26,PT,PT,,rule,T7,"Chose to take PT over drive at 07:45: lowest total cost (NZ$19.21 vs NZ$24.58), mainly fuel.",other;fee;habit,19.2138,1,495,False
35,26,CAR_0815,CAR,495,rule,T7,"Chose to drive at 08:15 over drive at 08:00: lowest total cost (NZ$33.08 vs NZ$37.81), mainly arrival time.",arrival_time;habit;travel_time,33.0827,1,510,False
36,26,CAR_0745,CAR,465,rule,T7,"Chose to drive at 07:45 over drive at 07:30: lowest total cost (NZ$1.20 vs NZ$2.87), mainly changing routine.",habit;arrival_time;travel_time,1.1958,1,480,False
37,26,PT,PT,,rule,T7,"Chose to take PT over drive at 07:15: lowest total cost (NZ$21.25 vs NZ$29.31), mainly parking.",other;fee,21.2526,1,510,False
38,26,CAR_0700,CAR,420,rule,T7,"Chose to drive at 07:00 over drive at 07:15: lowest total cost (NZ$21.63 vs NZ$25.84), mainly changing routine.",habit;arrival_time;fee,21.6307,1,450,False
39,26,PT,PT,,rule,T7,"Chose to take PT over drive at 07:15: lowest total cost (NZ$22.59 vs NZ$32.84), mainly parking.",other;fee,22.5886,1,480,False
40,26,CAR_0700,CAR,420,rule,T7,"Chose to drive at 07:00 over drive at 06:45: lowest total cost (NZ$23.54 vs NZ$24.73), mainly changing routine.",habit;arrival_time,23.5413,1,435,False
41,26,CAR_0800,CAR,480,rule,T7,"Chose to drive at 08:00 over drive at 08:15: lowest total cost (NZ$8.32 vs NZ$11.05), mainly changing routine.",habit;arrival_time,8.3166,1,510,False
42,26,CAR_0800,CAR,480,rule,T7,"Chose to drive at 08:00 over drive at 08:30: lowest total cost (NZ$20.00 vs NZ$22.15), mainly changing routine.",habit,20.0022,1,525,False
43,26,CAR_0845,CAR,525,rule,T7,"Chose to drive at 08:45 over drive at 08:30: lowest total cost (NZ$32.17 vs NZ$33.14), mainly arrival time.",arrival_time;travel_time,32.1698,1,540,False
44,26,CAR_0730,CAR,450,rule,T7,"Chose to drive at 07:30 over drive at 07:15: lowest total cost (NZ$14.34 vs NZ$18.49), mainly changing routine.",habit;arrival_time;travel_time,14.3408,1,465,False
45,26,CAR_0700,CAR,420,rule,T7,"Chose to drive at 07:00 over drive at 06:45: lowest total cost (NZ$14.46 vs NZ$18.57), mainly arrival time.",arrival_time;habit,14.4605,1,435,False
46,26,CAR_0845,CAR,525,rule,T7,"Chose to drive at 08:45 over drive at 06:45 for the early start: lowest total cost (NZ$16.16 vs NZ$18.65), mainly changing routine.",habit;arrival_time,16.1593,1,540,False
47,26,CAR_0715,CAR,435,rule,T7,"Chose to drive at 07:15 over drive at 07:00: lowest total cost (NZ$7.98 vs NZ$7.52), mainly arrival time.",arrival_time,7.9821,2,450,False
48,26,PT,PT,,rule,T7,"Chose to take PT over drive at 06:45 for the early start: lowest total cost (NZ$19.73 vs NZ$34.90), mainly parking.",other;fee,19.7335,1,510,False
49,26,WFH,WFH,,rule,T7,"Chose to work from home over drive at 06:45 for the early start: lowest total cost (NZ$12.20 vs NZ$13.87), mainly fuel.",other;fee;travel_time,12.2018,1,,False
50,26,PT,PT,,rule,T7,"Chose to take PT over drive at 07:15: lowest total cost (NZ$28.86 vs NZ$31.44), mainly parking.",other;fee,28.863,1,510,False
51,26,CAR_0815,CAR,495,standing,,,,23.6988,1,525,False
52,26,PT,PT,,rule,T7,"Chose to take PT over drive at 08:30: lowest total cost (NZ$24.49 vs NZ$31.91), mainly parking.",other;fee,24.4912,1,525,False
53,26,CAR_0645,CAR,405,rule,T7,"Chose to drive at 06:45 for the early start over drive at 08:00: lowest total cost (NZ$17.02 vs NZ$17.05), mainly the charge.",fee;travel_time,17.0155,1,420,True
54,26,CAR_0715,CAR,435,standing,,,,8.0167,1,450,False
55,26,CAR_0700,CAR,420,rule,T7,"Chose to drive at 07:00 over drive at 06:45: lowest total cost (NZ$1.26 vs NZ$5.03), mainly changing routine.",habit;arrival_time,1.2553,1,435,False
56,26,CAR_0845,CAR,525,rule,T7,"Chose to drive at 08:45 over drive at 08:30: lowest total cost (NZ$10.83 vs NZ$9.18), mainly overall cost.",other,10.8333,2,525,False
57,26,CAR_0715,CAR,435,rule,T7,"Chose to drive at 07:15 over drive at 06:45 for the early start: lowest total cost (NZ$24.04 vs NZ$27.09), mainly changing routine.",habit;arrival_time,24.04,1,450,False
58,26,CAR_0815,CAR,495,rule,T7,"Chose to drive at 08:15 over drive at 08:00: lowest total cost (NZ$13.55 vs NZ$17.20), mainly changing routine.",habit;arrival_time,13.5491,1,510,False
59,26,CAR_0715,CAR,435,rule,T7,"Chose to drive at 07:15 over drive at 07:00: lowest total cost (NZ$20.15 vs NZ$22.98), mainly changing routine.",habit;travel_time;arrival_time,20.1501,1,510,False
60,26,PT,PT,,rule,T7,"Chose to take PT over drive at 07:30: lowest total cost (NZ$20.98 vs NZ$36.14), mainly parking.",other;fee,20.9782,1,465,False
61,26,CAR_0815,CAR,495,rule,T7,"Chose to drive at 08:15 over drive at 07:30: lowest total cost (NZ$36.83 vs NZ$37.18), mainly arrival time.",arrival_time;travel_time,36.8346,1,510,False
62,26,CAR_0745,CAR,465,rule,T7,"Chose to drive at 07:45 over drive at 07:30: lowest total cost (NZ$28.45 vs NZ$31.61), mainly arrival time.",arrival_time;habit;travel_time,28.4476,1,480,False
63,26,CAR_0830,CAR,510,rule,T7,"Chose to drive at 08:30 over drive at 08:15: lowest total cost (NZ$23.71 vs NZ$25.38), mainly changing routine.",habit;arrival_time,23.713,1,525,False
64,26,PT,PT,,rule,T7,"Chose to take PT over drive at 07:15: lowest total cost (NZ$33.17 vs NZ$40.71), mainly parking.",other;fee,33.1718,1,465,False
65,26,SKIP,SKIP,,rule,T6,"Chose to skip the trip over drive at 08:00: lowest total cost (NZ$33.80 vs NZ$39.09), mainly parking.",other;fee,33.8034,1,,False
66,26,CAR_0800,CAR,480,rule,T7,"Chose to drive at 08:00 over drive at 07:45: lowest total cost (NZ$32.51 vs NZ$36.65), mainly changing routine.",habit;arrival_time,32.5119,1,495,False
67,26,WFH,WFH,,rule,T7,"Chose to work from home over drive at 08:00: lowest total cost (NZ$24.07 vs NZ$23.55), mainly fuel.",other;fee;travel_time,24.0714,2,,False
68,26,CAR_0715,CAR,435,rule,T7,"Chose to drive at 07:15 over drive at 07:00: lowest total cost (NZ$20.70 vs NZ$23.23), mainly arrival time.",arrival_time;habit,20.7024,1,465,False
69,26,CAR_0915,CAR,555,rule,T7,"Chose to drive at 09:15 over drive at 09:30: lowest total cost (NZ$26.15 vs NZ$27.63), mainly changing routine.",habit;arrival_time,26.154,1,570,False
70,26,WFH,WFH,,rule,T7,"Chose to work from home over drive at 08:45: lowest total cost (NZ$17.28 vs NZ$17.80), mainly fuel.",other;fee;travel_time,17.2841,1,,False
71,26,PT,PT,,rule,T7,"Chose to take PT over drive at 08:00: lowest total cost (NZ$32.53 vs NZ$39.74), mainly parking.",other;fee,32.5316,1,495,False
72,26,CAR_0700,CAR,420,rule,T7,"Chose to drive at 07:00 over drive at 06:45: lowest total cost (NZ$13.20 vs NZ$15.73), mainly arrival time.",arrival_time;habit,13.1976,1,435,False
73,26,PT,PT,,rule,T7,"Chose to take PT over drive at 08:30: lowest total cost (NZ$31.05 vs NZ$43.49), mainly parking.",other;fee,31.0466,1,525,False
74,26,PT,PT,,rule,T7,"Chose to take PT over drive at 08:45: lowest total cost (NZ$22.77 vs NZ$28.74), mainly parking.",other;fee;habit,22.7657,1,540,False
75,26,PT,PT,,rule,T7,"Chose to take PT over skip the trip: lowest total cost (NZ$24.47 vs NZ$40.27), mainly missing the day.",work_constraint;habit,24.4691,1,555,False
76,26,CAR_0730,CAR,450,rule,T7,"Chose to drive at 07:30 over drive at 07:15: lowest total cost (NZ$18.11 vs NZ$20.57), mainly changing routine.",habit;arrival_time,18.1139,1,480,False
77,26,CAR_0700,CAR,420,rule,T7,"Chose to drive at 07:00 over drive at 06:45: lowest total cost (NZ$23.91 vs NZ$26.34), mainly arrival time.",arrival_time;habit,23.9112,1,435,False
78,26,CAR_0945,CAR,585,rule,T7,"Chose to drive at 09:45 over drive at 09:30: lowest total cost (NZ$23.42 vs NZ$24.70), mainly changing routine.",habit;travel_time,23.416,1,585,False
79,26,SKIP,SKIP,,rule,T6,"Chose to skip the trip over drive at 07:45: lowest total cost (NZ$39.51 vs NZ$44.54), mainly parking.",other;fee,39.5143,1,,False
80,26,CAR_0800,CAR,480,rule,T7,"Chose to drive at 08:00 over drive at 07:45: lowest total cost (NZ$22.10 vs NZ$23.81), mainly changing routine.",habit;arrival_time,22.0983,1,495,False
81,26,CAR_0700,CAR,420,rule,T7,"Chose to drive at 07:00 over drive at 06:45: lowest total cost (NZ$29.35 vs NZ$34.13), mainly arrival time.",arrival_time;habit,29.3533,1,435,False
82,26,PT,PT,,rule,T7,"Chose to take PT over drive at 07:15: lowest total cost (NZ$17.63 vs NZ$28.63), mainly parking.",other;fee,17.6253,1,510,False
83,26,CAR_0900,CAR,540,rule,T7,"Chose to drive at 09:00 over work from home: lowest total cost (NZ$21.20 vs NZ$21.72), mainly working from home.",flexibility,21.2022,1,555,False
84,26,CAR_0730,CAR,450,rule,T7,"Chose to drive at 07:30 over drive at 07:15: lowest total cost (NZ$16.62 vs NZ$21.47), mainly arrival time.",arrival_time;habit;travel_time,16.6243,1,465,False
85,26,PT,PT,,rule,T7,"Chose to take PT over drive at 08:30: lowest total cost (NZ$23.81 vs NZ$37.52), mainly parking.",other;fee,23.8139,1,525,False
86,26,CAR_0700,CAR,420,rule,T7,"Chose to drive at 07:00 over drive at 06:45: lowest total cost (NZ$14.73 vs NZ$18.14), mainly arrival time.",arrival_time;habit,14.7345,1,435,False
87,26,CAR_0715,CAR,435,rule,T7,"Chose to drive at 07:15 over drive at 07:00: lowest total cost (NZ$13.39 vs NZ$14.61), mainly arrival time.",arrival_time;habit,13.3947,1,450,False
88,26,CAR_0815,CAR,495,rule,T7,"Chose to drive at 08:15 over drive at 08:00: lowest total cost (NZ$3.69 vs NZ$7.92), mainly changing routine.",habit;arrival_time;travel_time,3.6908,1,510,False
89,26,CAR_0700,CAR,420,rule,T7,"Chose to drive at 07:00 over drive at 07:15: lowest total cost (NZ$2.73 vs NZ$5.16), mainly changing routine.",habit,2.7276,1,465,False
90,26,PT,PT,,rule,T7,"Chose to take PT over skip the trip: lowest total cost (NZ$19.77 vs NZ$38.72), mainly missing the day.",work_constraint;habit,19.7719,1,525,False
91,26,CAR_0730,CAR,450,rule,T7,"Chose to drive at 07:30 over drive at 07:15: lowest total cost (NZ$34.31 vs NZ$37.34), mainly changing routine.",habit;arrival_time;travel_time,34.3097,1,495,False
92,26,CAR_0730,CAR,450,rule,T7,"Chose to drive at 07:30 over drive at 07:15: lowest total cost (NZ$12.64 vs NZ$15.83), mainly changing routine.",habit;arrival_time;travel_time,12.639,1,495,False
93,26,CAR_0700,CAR,420,standing,,,,9.2519,1,435,False
94,26,CAR_0915,CAR,555,rule,T7,"Chose to drive at 09:15 over drive at 09:00: lowest total cost (NZ$16.69 vs NZ$19.78), mainly the charge.",fee;habit;arrival_time,16.6875,1,570,False
95,26,CAR_0830,CAR,510,rule,T7,"Chose to drive at 08:30 over drive at 08:45: lowest total cost (NZ$22.68 vs NZ$24.25), mainly changing routine.",habit;travel_time,22.6786,1,540,False
96,26,CAR_0730,CAR,450,standing,,,,27.1883,1,465,False
97,26,CAR_0845,CAR,525,rule,T7,"Chose to drive at 08:45 over drive at 09:00: lowest total cost (NZ$40.91 vs NZ$41.14), mainly changing routine.",habit,40.9089,1,555,False
98,26,PT,PT,,rule,T7,"Chose to take PT over drive at 08:30: lowest total cost (NZ$18.80 vs NZ$23.28), mainly parking.",other;fee;habit,18.8005,1,525,False
99,26,CAR_0745,CAR,465,rule,T7,"Chose to drive at 07:45 over drive at 07:30: lowest total cost (NZ$20.38 vs NZ$23.36), mainly arrival time.",arrival_time;habit,20.3812,1,480,False
100,26,CAR_0700,CAR,420,rule,T7,"Chose to drive at 07:00 over drive at 08:00: lowest total cost (NZ$19.03 vs NZ$17.58), mainly the charge.",fee,19.029,3,495,False
101,26,CAR_0830,CAR,510,rule,T7,"Chose to drive at 08:30 over drive at 06:45 for the early start: lowest total cost (NZ$17.41 vs NZ$20.13), mainly arrival time.",arrival_time;habit,17.4058,1,525,False
102,26,PT,PT,,rule,T7,"Chose to take PT over drive at 08:15: lowest total cost (NZ$24.21 vs NZ$30.15), mainly parking.",other;fee,24.2136,1,510,False
103,26,CAR_0800,CAR,480,rule,T7,"Chose to drive at 08:00 over drive at 06:45 for the early start: lowest total cost (NZ$17.35 vs NZ$20.82), mainly arrival time.",arrival_time;habit,17.346,1,495,False
104,26,CAR_0715,CAR,435,rule,T7,"Chose to drive at 07:15 over drive at 07:30: lowest total cost (NZ$16.37 vs NZ$16.03), mainly the charge.",fee,16.3659,2,480,False
105,26,CAR_0700,CAR,420,rule,T7,"Chose to drive at 07:00 over drive at 06:45: lowest total cost (NZ$1.82 vs NZ$4.22), mainly changing routine.",habit;arrival_time,1.8177,1,435,False
106,26,WFH,WFH,,rule,T7,"Chose to work from home over drive at 06:45 for the early start: lowest total cost (NZ$16.80 vs NZ$18.47), mainly fuel.",other;travel_time;fee,16.8006,1,,False
107,26,CAR_0845,CAR,525,rule,T7,"Chose to drive at 08:45 over drive at 06:45 for the early start: lowest total cost (NZ$16.75 vs NZ$19.23), mainly arrival time.",arrival_time,16.7465,1,540,False
108,26,CAR_0830,CAR,510,rule,T7,"Chose to drive at 08:30 over drive at 08:15: lowest total cost (NZ$21.98 vs NZ$21.94), mainly arrival time.",arrival_time,21.9797,2,525,False
109,26,CAR_0845,CAR,525,rule,T7,"Chose to drive at 08:45 over drive at 08:30: lowest total cost (NZ$4.02 vs NZ$8.86), mainly arrival time.",arrival_time;habit;travel_time,4.0241,1,540,False
110,26,CAR_0845,CAR,525,rule,T7,"Chose to drive at 08:45 over drive at 08:30: lowest total cost (NZ$12.51 vs NZ$16.29), mainly changing routine.",habit;arrival_time;travel_time,12.515,1,540,False
111,26,CAR_0930,CAR,570,standing,,,,7.2209,1,570,False
112,26,CAR_0715,CAR,435,rule,T7,"Chose to drive at 07:15 over drive at 07:00: lowest total cost (NZ$18.07 vs NZ$18.43), mainly travel time.",travel_time;arrival_time,18.0654,1,450,False
113,26,PT,PT,,rule,T7,"Chose to take PT over work from home: lowest total cost (NZ$27.17 vs NZ$39.87), mainly working from home.",flexibility;habit,27.1744,1,555,False
114,26,PT,PT,,rule,T7,"Chose to take PT over drive at 09:15: lowest total cost (NZ$20.28 vs NZ$37.14), mainly parking.",other;fee,20.2778,1,570,False
115,26,CAR_0815,CAR,495,rule,T7,"Chose to drive at 08:15 over drive at 08:00: lowest total cost (NZ$8.08 vs NZ$10.02), mainly arrival time.",arrival_time;habit,8.0805,1,510,False
116,26,PT,PT,,rule,T7,"Chose to take PT over drive at 07:15: lowest total cost (NZ$19.81 vs NZ$41.10), mainly parking.",other;fee,19.8053,1,480,False
117,26,CAR_0730,CAR,450,rule,T7,"Chose to drive at 07:30 over drive at 07:45: lowest total cost (NZ$3.81 vs NZ$5.71), mainly changing routine.",habit;arrival_time,3.8101,1,480,False
118,26,CAR_0915,CAR,555,rule,T7,"Chose to drive at 09:15 over drive at 09:00: lowest total cost (NZ$4.45 vs NZ$6.90), mainly arrival time.",arrival_time;habit,4.4534,1,570,False
119,26,PT,PT,,rule,T7,"Chose to take PT over skip the trip: lowest total cost (NZ$19.51 vs NZ$38.62), mainly missing the day.",work_constraint;habit,19.5064,1,495,False
120,26,CAR_0700,CAR,420,rule,T7,"Chose to drive at 07:00 over drive at 06:45: lowest total cost (NZ$14.85 vs NZ$21.64), mainly arrival time.",arrival_time;habit,14.8548,1,435,False
121,26,CAR_0845,CAR,525,rule,T7,"Chose to drive at 08:45 over take PT: lowest total cost (NZ$21.57 vs NZ$24.53), mainly the PT trip.",pt;habit,21.5727,1,540,False
122,26,CAR_0915,CAR,555,rule,T7,"Chose to drive at 09:15 over drive at 09:30: lowest total cost (NZ$27.18 vs NZ$29.85), mainly changing routine.",habit;arrival_time,27.1757,1,570,False
123,26,PT,PT,,rule,T7,"Chose to take PT over drive at 07:00: lowest total cost (NZ$22.26 vs NZ$30.17), mainly parking.",other;fee,22.2612,1,435,False
124,26,CAR_0645,CAR,405,rule,T7,"Chose to drive at 06:45 over drive at 06:30: lowest total cost (NZ$11.63 vs NZ$16.43), mainly changing routine.",habit;arrival_time,11.6261,1,420,False
125,26,CAR_0630,CAR,390,rule,T7,"Chose to drive at 06:30 over drive at 08:00: lowest total cost (NZ$2.20 vs NZ$3.86), mainly changing routine.",habit;travel_time,2.2028,1,495,False
126,26,CAR_0830,CAR,510,rule,T7,"Chose to drive at 08:30 over drive at 06:45 for the early start: lowest total cost (NZ$29.49 vs NZ$32.47), mainly arrival time.",arrival_time;habit,29.4874,1,525,False
127,26,PT,PT,,rule,T7,"Chose to take PT over work from home: lowest total cost (NZ$22.10 vs NZ$39.94), mainly working from home.",flexibility;habit,22.0984,1,510,False
128,26,CAR_0730,CAR,450,standing,,,,24.862,1,465,False
129,26,PT,PT,,rule,T7,"Chose to take PT over drive at 07:00: lowest total cost (NZ$20.95 vs NZ$27.43), mainly fuel.",other;fee;travel_time,20.9459,1,450,False
130,26,CAR_0630,CAR,390,standing,,,,25.5747,1,420,True
131,26,CAR_0715,CAR,435,standing,,,,14.7023,1,465,False
132,26,WFH,WFH,,rule,T7,"Chose to work from home over drive at 06:45 for the early start: lowest total cost (NZ$30.98 vs NZ$32.84), mainly fuel.",other;travel_time;fee,30.9848,1,,False
133,26,CAR_0645,CAR,405,rule,T7,"Chose to drive at 06:45 for the early start over drive at 06:30 for the early start: lowest total cost (NZ$19.36 vs NZ$22.36), mainly changing routine.",habit;arrival_time,19.3554,1,420,True
134,26,CAR_0800,CAR,480,rule,T7,"Chose to drive at 08:00 over drive at 06:45 for the early start: lowest total cost (NZ$19.18 vs NZ$21.59), mainly changing routine.",habit;arrival_time,19.1765,1,510,False
135,26,CAR_0800,CAR,480,rule,T7,"Chose to drive at 08:00 over drive at 08:15: lowest total cost (NZ$22.54 vs NZ$24.48), mainly changing routine.",habit,22.5445,1,525,False
136,26,WFH,WFH,,rule,T7,"Chose to work from home over drive at 06:45 for the early start: lowest total cost (NZ$12.74 vs NZ$14.00), mainly fuel.",other;fee;travel_time,12.7425,1,,False
137,26,CAR_0730,CAR,450,rule,T7,"Chose to drive at 07:30 over drive at 07:15: lowest total cost (NZ$8.59 vs NZ$10.32), mainly changing routine.",habit;arrival_time;travel_time,8.5903,1,480,False
138,26,CAR_0700,CAR,420,rule,T7,"Chose to drive at 07:00 over drive at 07:15: lowest total cost (NZ$25.58 vs NZ$25.99), mainly changing routine.",habit;travel_time,25.5754,1,510,False
139,26,CAR_0845,CAR,525,rule,T7,"Chose to drive at 08:45 over drive at 08:30: lowest total cost (NZ$3.44 vs NZ$6.69), mainly changing routine.",habit;arrival_time;travel_time,3.4414,1,540,False
140,26,CAR_0700,CAR,420,rule,T7,"Chose to drive at 07:00 over drive at 06:45: lowest total cost (NZ$2.37 vs NZ$4.29), mainly changing routine.",habit;arrival_time,2.3721,1,435,False
141,26,PT,PT,,rule,T7,"Chose to take PT over drive at 06:45: lowest total cost (NZ$21.50 vs NZ$25.61), mainly parking.",other;fee;habit,21.5018,1,420,False
142,26,CAR_0800,CAR,480,rule,T7,"Chose to drive at 08:00 over drive at 07:30: lowest total cost (NZ$9.13 vs NZ$10.52), mainly arrival time.",arrival_time;habit;travel_time,9.1286,1,495,False
143,26,CAR_0730,CAR,450,rule,T7,"Chose to drive at 07:30 over drive at 07:45: lowest total cost (NZ$2.39 vs NZ$3.86), mainly changing routine.",habit,2.386,1,480,False
144,26,CAR_0715,CAR,435,rule,T7,"Chose to drive at 07:15 over drive at 07:30: lowest total cost (NZ$13.66 vs NZ$15.53), mainly changing routine.",habit;fee,13.6578,1,495,False
145,26,CAR_0700,CAR,420,rule,T7,"Chose to drive at 07:00 over drive at 06:45: lowest total cost (NZ$2.16 vs NZ$5.14), mainly changing routine.",habit;arrival_time,2.161,1,435,False
146,26,PT,PT,,rule,T7,"Chose to take PT over drive at 08:00: lowest total cost (NZ$22.61 vs NZ$40.22), mainly parking.",other;fee,22.6123,1,495,False
147,26,PT,PT,,rule,T7,"Chose to take PT over drive at 08:30: lowest total cost (NZ$37.61 vs NZ$39.89), mainly parking.",other;fee,37.6092,1,525,False
148,26,CAR_0845,CAR,525,rule,T7,"Chose to drive at 08:45 over drive at 09:00: lowest total cost (NZ$34.26 vs NZ$36.23), mainly changing routine.",habit,34.2613,1,555,False
149,26,CAR_0845,CAR,525,rule,T7,"Chose to drive at 08:45 over drive at 08:30: lowest total cost (NZ$22.40 vs NZ$25.57), mainly changing routine.",habit;arrival_time;travel_time,22.3971,1,540,False
150,26,CAR_0900,CAR,540,rule,T7,"Chose to drive at 09:00 over drive at 06:45 for the early start: lowest total cost (NZ$23.05 vs NZ$27.91), mainly arrival time.",arrival_time;habit,23.0547,1,555,False
151,26,CAR_0745,CAR,465,standing,,,,12.065,1,480,False
152,26,CAR_0730,CAR,450,rule,T7,"Chose to drive at 07:30 over drive at 07:45: lowest total cost (NZ$23.57 vs NZ$26.38), mainly changing routine.",habit;fee,23.5699,1,495,False
153,26,WFH,WFH,,rule,T7,"Chose to work from home over drive at 06:45 for the early start: lowest total cost (NZ$30.05 vs NZ$31.70), mainly parking.",other;fee,30.0462,1,,False
154,26,CAR_0915,CAR,555,rule,T7,"Chose to drive at 09:15 over drive at 09:00: lowest total cost (NZ$11.04 vs NZ$12.77), mainly the charge.",fee;habit;travel_time,11.0408,1,555,False
155,26,CAR_0930,CAR,570,rule,T7,"Chose to drive at 09:30 over work from home: lowest total cost (NZ$19.63 vs NZ$18.73), mainly working from home.",flexibility,19.6326,3,570,False
156,26,PT,PT,,rule,T7,"Chose to take PT over drive at 07:45: lowest total cost (NZ$27.58 vs NZ$36.58), mainly parking.",other;fee,27.5756,1,480,False
157,26,CAR_0715,CAR,435,rule,T7,"Chose to drive at 07:15 over drive at 07:00: lowest total cost (NZ$14.66 vs NZ$17.01), mainly changing routine.",habit;arrival_time,14.6564,1,450,False
158,26,PT,PT,,rule,T7,"Chose to take PT over drive at 08:30: lowest total cost (NZ$30.70 vs NZ$38.07), mainly parking.",other;fee,30.699,1,525,False
159,26,CAR_0730,CAR,450,rule,T7,"Chose to drive at 07:30 over drive at 08:00: lowest total cost (NZ$20.85 vs NZ$22.75), mainly changing routine.",habit;fee,20.8462,1,495,False
160,26,CAR_0915,CAR,555,rule,T7,"Chose to drive at 09:15 over drive at 09:30: lowest total cost (NZ$24.22 vs NZ$26.92), mainly changing routine.",habit;arrival_time,24.2152,1,585,False
161,26,SKIP,SKIP,,rule,T6,"Chose to skip the trip over drive at 08:00: lowest total cost (NZ$35.53 vs NZ$43.42), mainly fuel.",other;fee,35.5316,1,,False
162,26,CAR_0700,CAR,420,rule,T7,"Chose to drive at 07:00 over drive at 07:15: lowest total cost (NZ$20.33 vs NZ$20.90), mainly changing routine.",habit,20.3277,1,525,False
163,26,CAR_0830,CAR,510,rule,T7,"Chose to drive at 08:30 over drive at 08:15: lowest total cost (NZ$40.68 vs NZ$42.89), mainly changing routine.",habit;arrival_time,40.6795,1,525,False
164,26,PT,PT,,rule,T7,"Chose to take PT over drive at 07:15: lowest total cost (NZ$29.21 vs NZ$35.29), mainly parking.",other;fee,29.2125,1,465,False
165,26,CAR_0830,CAR,510,rule,T7,"Chose to drive at 08:30 over drive at 08:45: lowest total cost (NZ$20.72 vs NZ$22.17), mainly changing routine.",habit,20.7214,1,540,False
166,26,CAR_0845,CAR,525,standing,,,,32.0129,1,540,False
167,26,CAR_0745,CAR,465,rule,T7,"Chose to drive at 07:45 over drive at 06:45 for the early start: lowest total cost (NZ$17.66 vs NZ$23.56), mainly arrival time.",arrival_time;habit,17.6576,1,480,False
168,26,CAR_0900,CAR,540,rule,T7,"Chose to drive at 09:00 over drive at 09:15: lowest total cost (NZ$13.83 vs NZ$17.55), mainly arrival time.",arrival_time;habit,13.832,1,555,False
169,26,CAR_0745,CAR,465,rule,T7,"Chose to drive at 07:45 over drive at 07:30: lowest total cost (NZ$16.78 vs NZ$16.01), mainly arrival time.",arrival_time;travel_time,16.7762,2,480,False
170,26,PT,PT,,rule,T7,"Chose to take PT over drive at 07:15: lowest total cost (NZ$29.40 vs NZ$31.27), mainly parking.",other;fee,29.4029,1,495,False
171,26,CAR_0815,CAR,495,standing,,,,14.1484,1,525,False
172,26,CAR_0845,CAR,525,rule,T7,"Chose to drive at 08:45 over drive at 08:30: lowest total cost (NZ$29.63 vs NZ$31.04), mainly changing routine.",habit;arrival_time,29.6338,1,540,False
173,26,CAR_0845,CAR,525,rule,T7,"Chose to drive at 08:45 over drive at 09:00: lowest total cost (NZ$9.66 vs NZ$12.17), mainly changing routine.",habit;arrival_time;travel_time,9.6589,1,540,False
174,26,CAR_0645,CAR,405,rule,T7,"Chose to drive at 06:45 over drive at 07:00: lowest total cost (NZ$22.62 vs NZ$25.22), mainly arrival time.",arrival_time;travel_time;habit,22.6209,1,435,False
175,26,CAR_0700,CAR,420,rule,T7,"Chose to drive at 07:00 over take PT: lowest total cost (NZ$32.51 vs NZ$35.90), mainly the PT trip.",pt;habit;arrival_time,32.5097,1,435,False
176,26,CAR_0730,CAR,450,rule,T7,"Chose to drive at 07:30 over drive at 07:15: lowest total cost (NZ$27.37 vs NZ$27.45), mainly travel time.",travel_time;arrival_time,27.372,1,525,False
177,26,PT,PT,,rule,T7,"Chose to take PT over drive at 08:15: lowest total cost (NZ$23.84 vs NZ$32.59), mainly parking.",other;fee,23.8378,1,510,False
178,26,PT,PT,,rule,T7,"Chose to take PT over drive at 07:15: lowest total cost (NZ$17.83 vs NZ$32.76), mainly parking.",other;fee,17.8326,1,510,False
179,26,WFH,WFH,,rule,T7,"Chose to work from home over drive at 07:15: lowest total cost (NZ$20.03 vs NZ$23.20), mainly fuel.",other;fee;travel_time,20.0282,1,,False
180,26,PT,PT,,rule,T7,"Chose to take PT over drive at 07:15: lowest total cost (NZ$20.00 vs NZ$36.68), mainly parking.",other;fee,19.9963,1,465,False
181,26,CAR_0915,CAR,555,rule,T7,"Chose to drive at 09:15 over drive at 09:30: lowest total cost (NZ$27.86 vs NZ$34.74), mainly arrival time.",arrival_time;habit,27.8596,1,570,False
182,26,CAR_0830,CAR,510,rule,T7,"Chose to drive at 08:30 over drive at 06:45 for the early start: lowest total cost (NZ$33.58 vs NZ$36.57), mainly arrival time.",arrival_time;habit,33.5806,1,525,False
183,26,PT,PT,,rule,T7,"Chose to take PT over drive at 07:30: lowest total cost (NZ$18.90 vs NZ$33.22), mainly parking.",other;fee,18.8997,1,480,False
184,26,CAR_0745,CAR,465,rule,T7,"Chose to drive at 07:45 over drive at 07:30: lowest total cost (NZ$2.74 vs NZ$6.39), mainly changing routine.",habit;arrival_time;travel_time,2.7392,1,480,False
185,26,PT,PT,,rule,T7,"Chose to take PT over drive at 08:30: lowest total cost (NZ$25.78 vs NZ$33.66), mainly parking.",other;fee,25.7801,1,525,False
186,26,CAR_0730,CAR,450,standing,,,,13.7821,1,465,False
187,26,CAR_0800,CAR,480,rule,T7,"Chose to drive at 08:00 over drive at 07:45: lowest total cost (NZ$23.72 vs NZ$23.10), mainly arrival time.",arrival_time;travel_time,23.7155,2,495,False
188,26,CAR_0715,CAR,435,rule,T7,"Chose to drive at 07:15 over drive at 07:30: lowest total cost (NZ$9.07 vs NZ$10.34), mainly changing routine.",habit;fee;travel_time,9.0689,1,495,False
189,26,PT,PT,,rule,T7,"Chose to take PT over drive at 07:15: lowest total cost (NZ$26.54 vs NZ$30.63), mainly parking.",other;fee,26.5357,1,450,False
190,26,CAR_0900,CAR,540,rule,T7,"Chose to drive at 09:00 over take PT: lowest total cost (NZ$29.30 vs NZ$31.94), mainly the PT trip.",pt;habit;arrival_time,29.3008,1,555,False
191,26,CAR_0900,CAR,540,rule,T7,"Chose to drive at 09:00 over drive at 09:15: lowest total cost (NZ$19.84 vs NZ$21.99), mainly changing routine.",habit;arrival_time,19.8413,1,570,False
192,26,PT,PT,,rule,T7,"Chose to take PT over drive at 06:45: lowest total cost (NZ$23.77 vs NZ$38.27), mainly parking.",other;fee,23.7715,1,420,False
193,26,PT,PT,,rule,T7,"Chose to take PT over drive at 08:45: lowest total cost (NZ$28.58 vs NZ$40.25), mainly parking.",other;fee,28.5828,1,540,False
194,26,WFH,WFH,,rule,T7,"Chose to work from home over drive at 09:15: lowest total cost (NZ$16.25 vs NZ$18.59), mainly fuel.",other;fee;habit,16.2509,1,,False
195,26,CAR_0645,CAR,405,rule,T7,"Chose to drive at 06:45 for the early start over drive at 07:15: lowest total cost (NZ$16.89 vs NZ$14.88), mainly travel time.",travel_time,16.8901,3,420,True
196,26,CAR_0730,CAR,450,rule,T7,"Chose to drive at 07:30 over drive at 07:15: lowest total cost (NZ$24.22 vs NZ$26.49), mainly changing routine.",habit;travel_time,24.2157,1,465,False
197,26,CAR_0700,CAR,420,rule,T7,"Chose to drive at 07:00 over drive at 06:45: lowest total cost (NZ$12.59 vs NZ$13.82), mainly arrival time.",arrival_time;habit,12.5871,1,435,False
198,26,CAR_0730,CAR,450,rule,T7,"Chose to drive at 07:30 over drive at 07:15: lowest total cost (NZ$15.25 vs NZ$18.70), mainly arrival time.",arrival_time;habit;travel_time,15.2531,1,465,False
199,26,CAR_0645,CAR,405,rule,T7,"Chose to drive at 06:45 for the early start over drive at 07:15: lowest total cost (NZ$20.68 vs NZ$22.84), mainly changing routine.",habit;travel_time,20.6803,1,420,True
200,26,CAR_0630,CAR,390,rule,T7,"Chose to drive at 06:30 for the early start over drive at 06:45 for the early start: lowest total cost (NZ$22.59 vs NZ$24.31), mainly changing routine.",habit,22.5883,1,420,True
201,26,PT,PT,,rule,T7,"Chose to take PT over work from home: lowest total cost (NZ$34.48 vs NZ$53.88), mainly working from home.",flexibility;habit,34.4781,1,465,False
202,26,CAR_0715,CAR,435,standing,,,,17.2327,1,465,False
203,26,PT,PT,,rule,T7,"Chose to take PT over drive at 09:15: lowest total cost (NZ$29.01 vs NZ$32.71), mainly parking.",other;fee,29.0144,1,555,False
204,26,PT,PT,,rule,T7,"Chose to take PT over drive at 08:00: lowest total cost (NZ$29.08 vs NZ$31.00), mainly parking.",other;fee,29.08,1,495,False
205,26,CAR_0915,CAR,555,rule,T7,"Chose to drive at 09:15 over drive at 09:00: lowest total cost (NZ$14.87 vs NZ$21.00), mainly arrival time.",arrival_time;habit;fee,14.8731,1,570,False
206,26,CAR_0645,CAR,405,rule,T7,"Chose to drive at 06:45 for the early start over drive at 08:30: lowest total cost (NZ$20.13 vs NZ$22.44), mainly the charge.",fee;habit;travel_time,20.1264,1,420,True
207,26,CAR_0800,CAR,480,rule,T7,"Chose to drive at 08:00 over take PT: lowest total cost (NZ$30.66 vs NZ$32.05), mainly the PT trip.",pt;habit,30.6635,1,495,False
208,26,CAR_0745,CAR,465,standing,,,,26.9494,2,495,False
209,26,CAR_0700,CAR,420,rule,T7,"Chose to drive at 07:00 over drive at 06:45: lowest total cost (NZ$3.96 vs NZ$7.06), mainly arrival time.",arrival_time;habit,3.9577,1,435,False
210,26,PT,PT,,rule,T7,"Chose to take PT over drive at 09:00: lowest total cost (NZ$30.18 vs NZ$35.36), mainly parking.",other;fee,30.1751,1,555,False
211,26,CAR_0930,CAR,570,rule,T7,"Chose to drive at 09:30 over drive at 09:15: lowest total cost (NZ$26.64 vs NZ$31.70), mainly changing routine.",habit;arrival_time;fee,26.6425,1,585,False
212,26,CAR_0845,CAR,525,rule,T7,"Chose to drive at 08:45 over take PT: lowest total cost (NZ$30.98 vs NZ$33.00), mainly the PT trip.",pt;habit;arrival_time,30.9757,1,540,False
213,26,CAR_0630,CAR,390,rule,T7,"Chose to drive at 06:30 for the early start over drive at 06:45 for the early start: lowest total cost (NZ$27.51 vs NZ$29.97), mainly changing routine.",habit;arrival_time,27.5082,1,420,True
214,26,PT,PT,,rule,T7,"Chose to take PT over skip the trip: lowest total cost (NZ$24.97 vs NZ$39.56), mainly missing the day.",work_constraint;habit,24.9724,1,555,False
215,26,PT,PT,,rule,T7,"Chose to take PT over drive at 08:30: lowest total cost (NZ$22.28 vs NZ$23.13), mainly fuel.",other;fee;habit,22.281,1,525,False
216,26,CAR_0800,CAR,480,standing,,,,8.9548,1,495,False
217,26,CAR_0645,CAR,405,rule,T7,"Chose to drive at 06:45 for the early start over drive at 07:45: lowest total cost (NZ$35.59 vs NZ$35.36), mainly the charge.",fee,35.5906,2,420,True
218,26,SKIP,SKIP,,rule,T6,"Chose to skip the trip over drive at 07:45: lowest total cost (NZ$42.00 vs NZ$47.84), mainly fuel.",other;fee,42.0026,1,,False
219,26,CAR_0815,CAR,495,rule,T7,"Chose to drive at 08:15 over drive at 08:30: lowest total cost (NZ$26.22 vs NZ$28.05), mainly changing routine.",habit;arrival_time,26.218,1,510,False
220,26,CAR_0845,CAR,525,rule,T7,"Chose to drive at 08:45 over drive at 08:30: lowest total cost (NZ$15.84 vs NZ$20.00), mainly arrival time.",arrival_time;habit;travel_time,15.8445,1,540,False
221,26,CAR_0730,CAR,450,rule,T7,"Chose to drive at 07:30 over drive at 07:15: lowest total cost (NZ$16.84 vs NZ$19.46), mainly changing routine.",habit;arrival_time,16.8391,1,465,False
222,26,CAR_0715,CAR,435,rule,T7,"Chose to drive at 07:15 over drive at 07:00: lowest total cost (NZ$13.31 vs NZ$16.73), mainly arrival time.",arrival_time;habit,13.3074,1,450,False
223,26,PT,PT,,rule,T7,"Chose to take PT over drive at 07:15: lowest total cost (NZ$28.78 vs NZ$34.28), mainly parking.",other;fee,28.7841,1,480,False
224,26,CAR_0815,CAR,495,rule,T7,"Chose to drive at 08:15 over drive at 08:30: lowest total cost (NZ$21.83 vs NZ$24.46), mainly changing routine.",habit,21.8275,1,525,False
225,26,CAR_0700,CAR,420,rule,T7,"Chose to drive at 07:00 over drive at 06:45: lowest total cost (NZ$31.38 vs NZ$41.28), mainly arrival time.",arrival_time;habit,31.3842,1,435,False
226,26,CAR_0930,CAR,570,rule,T3,"Chose to drive at 09:30 over drive at 09:15: lowest total cost (NZ$29.06 vs NZ$31.34), mainly changing routine.",habit;fee;travel_time,29.0623,1,570,False
227,26,CAR_0830,CAR,510,rule,T7,"Chose to drive at 08:30 over drive at 08:45: lowest total cost (NZ$28.17 vs NZ$28.51), mainly changing routine.",habit;travel_time,28.1738,1,540,False
228,26,CAR_0700,CAR,420,rule,T7,"Chose to drive at 07:00 over drive at 06:45: lowest total cost (NZ$8.54 vs NZ$7.65), mainly overall cost.",other,8.5395,2,420,False
229,26,PT,PT,,rule,T7,"Chose to take PT over drive at 08:30: lowest total cost (NZ$24.52 vs NZ$40.64), mainly parking.",other;fee,24.5162,1,525,False
230,26,CAR_0715,CAR,435,rule,T7,"Chose to drive at 07:15 over drive at 07:00: lowest total cost (NZ$19.26 vs NZ$17.79), mainly overall cost.",other,19.2554,2,450,False
231,26,CAR_0700,CAR,420,rule,T7,"Chose to drive at 07:00 over drive at 06:45: lowest total cost (NZ$14.27 vs NZ$17.13), mainly changing routine.",habit;arrival_time,14.2668,1,435,False
232,26,CAR_0845,CAR,525,standing,,,,17.2689,1,540,False
233,26,CAR_0800,CAR,480,rule,T7,"Chose to drive at 08:00 over drive at 07:45: lowest total cost (NZ$34.30 vs NZ$36.68), mainly arrival time.",arrival_time;habit,34.304,1,495,False
234,26,CAR_0745,CAR,465,standing,,,,16.896,1,480,False
235,26,CAR_0730,CAR,450,rule,T7,"Chose to drive at 07:30 over take PT: lowest total cost (NZ$39.08 vs NZ$41.39), mainly the PT trip.",pt;habit,39.0829,1,480,False
236,26,CAR_0915,CAR,555,rule,T7,"Chose to drive at 09:15 over drive at 09:00: lowest total cost (NZ$24.33 vs NZ$29.18), mainly changing routine.",habit;fee;arrival_time,24.3303,1,570,False
237,26,CAR_0645,CAR,405,rule,T7,"Chose to drive at 06:45 for the early start over drive at 08:30: lowest total cost (NZ$28.56 vs NZ$29.55), mainly the charge.",fee;habit,28.564,1,420,True
238,26,CAR_0745,CAR,465,rule,T7,"Chose to drive at 07:45 over drive at 08:00: lowest total cost (NZ$21.28 vs NZ$21.08), mainly changing routine.",habit;fee,21.2842,2,495,False
239,26,PT,PT,,rule,T7,"Chose to take PT over drive at 08:30: lowest total cost (NZ$32.24 vs NZ$39.06), mainly parking.",other;fee,32.2377,1,525,False
240,26,CAR_0645,CAR,405,rule,T7,"Chose to drive at 06:45 over drive at 06:30: lowest total cost (NZ$11.74 vs NZ$15.31), mainly changing routine.",habit;arrival_time,11.7446,1,420,False
241,26,CAR_0700,CAR,420,rule,T7,"Chose to drive at 07:00 over drive at 06:45: lowest total cost (NZ$17.99 vs NZ$21.11), mainly changing routine.",habit;arrival_time,17.9907,1,450,False
242,26,CAR_0900,CAR,540,rule,T7,"Chose to drive at 09:00 over drive at 09:15: lowest total cost (NZ$27.67 vs NZ$30.88), mainly changing routine.",habit;arrival_time,27.6671,1,555,False
243,26,CAR_0900,CAR,540,rule,T7,"Chose to drive at 09:00 over drive at 08:30: lowest total cost (NZ$22.14 vs NZ$21.45), mainly the charge.",fee;arrival_time,22.1444,4,540,False
244,26,CAR_0715,CAR,435,standing,,,,23.978,1,450,False
245,26,CAR_0830,CAR,510,rule,T7,"Chose to drive at 08:30 over drive at 08:15: lowest total cost (NZ$2.75 vs NZ$3.04), mainly travel time.",travel_time,2.7495,1,510,False
246,26,CAR_0945,CAR,585,rule,T7,"Chose to drive at 09:45 over drive at 09:30: lowest total cost (NZ$30.14 vs NZ$32.77), mainly changing routine.",habit;arrival_time,30.1449,1,600,False
247,26,CAR_0815,CAR,495,rule,T7,"Chose to drive at 08:15 over drive at 06:45 for the early start: lowest total cost (NZ$21.15 vs NZ$22.47), mainly arrival time.",arrival_time;habit,21.1542,1,510,False
248,26,CAR_0915,CAR,555,rule,T7,"Chose to drive at 09:15 over drive at 09:30: lowest total cost (NZ$29.43 vs NZ$33.51), mainly changing routine.",habit;arrival_time,29.4348,1,570,False
249,26,CAR_0830,CAR,510,rule,T7,"Chose to drive at 08:30 over drive at 08:15: lowest total cost (NZ$14.99 vs NZ$17.83), mainly changing routine.",habit;arrival_time;travel_time,14.9856,1,525,False
250,26,PT,PT,,rule,T7,"Chose to take PT over drive at 08:45: lowest total cost (NZ$31.75 vs NZ$37.12), mainly fuel.",other;fee,31.7548,1,540,False
251,26,CAR_0815,CAR,495,rule,T7,"Chose to drive at 08:15 over drive at 08:00: lowest total cost (NZ$25.92 vs NZ$28.60), mainly changing routine.",habit;travel_time,25.925,1,510,False
252,26,CAR_0645,CAR,405,rule,T7,"Chose to drive at 06:45 over drive at 07:00: lowest total cost (NZ$45.01 vs NZ$43.51), mainly travel time.",travel_time,45.0104,3,450,False
253,26,CAR_0845,CAR,525,rule,T7,"Chose to drive at 08:45 over drive at 08:30: lowest total cost (NZ$14.87 vs NZ$18.70), mainly changing routine.",habit;arrival_time;travel_time,14.869,1,540,False
254,26,PT,PT,,rule,T7,"Chose to take PT over drive at 07:15: lowest total cost (NZ$23.06 vs NZ$37.07), mainly fuel.",other;fee,23.0579,1,495,False
255,26,CAR_0715,CAR,435,rule,T7,"Chose to drive at 07:15 over take PT: lowest total cost (NZ$31.77 vs NZ$31.60), mainly the PT trip.",pt,31.7697,2,465,False
256,26,WFH,WFH,,rule,T7,"Chose to work from home over drive at 06:45 for the early start: lowest total cost (NZ$42.36 vs NZ$44.12), mainly parking.",other;travel_time,42.355,1,,False
257,26,CAR_0730,CAR,450,rule,T7,"Chose to drive at 07:30 over drive at 07:15: lowest total cost (NZ$12.25 vs NZ$14.02), mainly arrival time.",arrival_time;habit,12.2491,1,465,False
258,26,CAR_0700,CAR,420,rule,T7,"Chose to drive at 07:00 over drive at 06:45: lowest total cost (NZ$14.43 vs NZ$17.17), mainly arrival time.",arrival_time;habit,14.4282,1,435,False
259,26,SKIP,SKIP,,rule,T6,"Chose to skip the trip over drive at 08:00: lowest total cost (NZ$38.75 vs NZ$40.57), mainly parking.",other;fee,38.7517,1,,False
260,26,PT,PT,,rule,T7,"Chose to take PT over skip the trip: lowest total cost (NZ$21.93 vs NZ$36.64), mainly missing the day.",work_constraint;habit,21.93,1,510,False
261,26,CAR_0830,CAR,510,rule,T7,"Chose to drive at 08:30 over take PT: lowest total cost (NZ$31.08 vs NZ$31.74), mainly the PT trip.",pt;habit;arrival_time,31.0788,1,525,False
262,26,PT,PT,,rule,T7,"Chose to take PT over drive at 07:30: lowest total cost (NZ$31.23 vs NZ$35.37), mainly parking.",other;fee,31.2307,1,510,False
263,26,PT,PT,,rule,T7,"Chose to take PT over skip the trip: lowest total cost (NZ$32.03 vs NZ$39.89), mainly missing the day.",work_constraint;habit,32.0327,1,465,False
264,26,CAR_0915,CAR,555,rule,T7,"Chose to drive at 09:15 over drive at 09:00: lowest total cost (NZ$7.47 vs NZ$10.09), mainly the charge.",fee;habit;travel_time,7.4732,1,555,False
265,26,CAR_0915,CAR,555,rule,T7,"Chose to drive at 09:15 over drive at 09:30: lowest total cost (NZ$29.12 vs NZ$30.76), mainly arrival time.",arrival_time;habit;travel_time,29.1227,1,570,False
266,26,CAR_0815,CAR,495,rule,T7,"Chose to drive at 08:15 over drive at 08:00: lowest total cost (NZ$31.18 vs NZ$34.37), mainly arrival time.",arrival_time;habit,31.1778,1,510,False
267,26,CAR_0830,CAR,510,rule,T7,"Chose to drive at 08:30 over drive at 08:15: lowest total cost (NZ$31.37 vs NZ$35.19), mainly arrival time.",arrival_time;habit;travel_time,31.3684,1,525,False
268,26,CAR_0800,CAR,480,rule,T7,"Chose to drive at 08:00 over drive at 06:45 for the early start: lowest total cost (NZ$36.68 vs NZ$43.93), mainly arrival time.",arrival_time;habit,36.6822,1,495,False
269,26,CAR_0845,CAR,525,rule,T7,"Chose to drive at 08:45 over drive at 09:00: lowest total cost (NZ$45.24 vs NZ$46.50), mainly changing routine.",habit,45.2416,1,555,False
270,26,WFH,WFH,,rule,T7,"Chose to work from home over drive at 06:45 for the early start: lowest total cost (NZ$36.54 vs NZ$37.95), mainly parking.",other;fee,36.5391,1,,False
271,26,CAR_0715,CAR,435,rule,T7,"Chose to drive at 07:15 over drive at 07:00: lowest total cost (NZ$19.48 vs NZ$19.09), mainly arrival time.",arrival_time;travel_time,19.4799,2,450,False
272,26,CAR_0715,CAR,435,rule,T7,"Chose to drive at 07:15 over drive at 07:00: lowest total cost (NZ$9.92 vs NZ$11.62), mainly arrival time.",arrival_time;habit,9.9173,1,450,False
273,26,PT,PT,,rule,T7,"Chose to take PT over drive at 08:15: lowest total cost (NZ$32.24 vs NZ$37.01), mainly parking.",other;fee,32.2387,1,510,False
274,26,SKIP,SKIP,,rule,T6,"Chose to skip the trip over drive at 08:15: lowest total cost (NZ$34.45 vs NZ$37.99), mainly fuel.",other;fee,34.4459,1,,False
275,26,CAR_0700,CAR,420,standing,,,,15.0396,1,495,False
276,26,CAR_0645,CAR,405,rule,T7,"Chose to drive at 06:45 for the early start over drive at 08:15: lowest total cost (NZ$20.79 vs NZ$23.29), mainly changing routine.",habit;fee,20.7899,1,420,True
277,26,CAR_0715,CAR,435,rule,T7,"Chose to drive at 07:15 over drive at 07:30: lowest total cost (NZ$11.18 vs NZ$12.47), mainly changing routine.",habit;fee,11.1841,1,480,False
278,26,PT,PT,,rule,T7,"Chose to take PT over drive at 08:30: lowest total cost (NZ$24.50 vs NZ$30.79), mainly parking.",other;fee,24.4987,1,525,False
279,26,CAR_0915,CAR,555,rule,T7,"Chose to drive at 09:15 over drive at 09:00: lowest total cost (NZ$27.80 vs NZ$30.91), mainly arrival time.",arrival_time;fee;habit,27.7957,1,570,False
280,26,CAR_0830,CAR,510,rule,T7,"Chose to drive at 08:30 over drive at 08:15: lowest total cost (NZ$31.05 vs NZ$33.79), mainly changing routine.",habit;arrival_time;travel_time,31.0528,1,525,False
281,26,PT,PT,,rule,T7,"Chose to take PT over drive at 07:15: lowest total cost (NZ$22.29 vs NZ$32.46), mainly parking.",other;fee,22.2882,1,495,False
282,26,PT,PT,,rule,T7,"Chose to take PT over drive at 08:30: lowest total cost (NZ$26.36 vs NZ$39.43), mainly parking.",other;fee,26.3611,1,525,False
283,26,CAR_0900,CAR,540,rule,T7,"Chose to drive at 09:00 over drive at 06:45 for the early start: lowest total cost (NZ$18.92 vs NZ$23.11), mainly arrival time.",arrival_time;habit,18.9194,1,555,False
284,26,PT,PT,,rule,T7,"Chose to take PT over drive at 09:30: lowest total cost (NZ$24.24 vs NZ$32.71), mainly parking.",other;fee,24.2399,1,585,False
285,26,PT,PT,,rule,T7,"Chose to take PT over drive at 07:15: lowest total cost (NZ$25.46 vs NZ$40.30), mainly parking.",other;fee,25.46,1,495,False
286,26,CAR_0715,CAR,435,rule,T7,"Chose to drive at 07:15 over drive at 07:00: lowest total cost (NZ$32.88 vs NZ$36.65), mainly changing routine.",habit;arrival_time,32.8789,1,450,False
287,26,PT,PT,,rule,T7,"Chose to take PT over drive at 09:45: lowest total cost (NZ$18.59 vs NZ$29.39), mainly parking.",other;fee,18.5869,1,600,False
288,26,CAR_0645,CAR,405,rule,T7,"Chose to drive at 06:45 over drive at 07:30: lowest total cost (NZ$20.52 vs NZ$20.13), mainly the charge.",fee;travel_time,20.5159,4,555,False
289,26,PT,PT,,rule,T7,"Chose to take PT over drive at 07:30: lowest total cost (NZ$21.70 vs NZ$28.89), mainly parking.",other;fee,21.6997,1,495,False
290,26,CAR_0745,CAR,465,standing,,,,14.2624,1,480,False
291,26,CAR_0815,CAR,495,rule,T7,"Chose to drive at 08:15 over drive at 08:00: lowest total cost (NZ$17.00 vs NZ$22.03), mainly arrival time.",arrival_time;habit,17.0009,1,510,False
292,26,CAR_0715,CAR,435,rule,T7,"Chose to drive at 07:15 over drive at 08:00: lowest total cost (NZ$4.63 vs NZ$1.32), mainly overall cost.",other,4.6255,6,510,False
293,26,PT,PT,,rule,T7,"Chose to take PT over skip the trip: lowest total cost (NZ$31.97 vs NZ$38.50), mainly missing the day.",work_constraint;habit,31.9657,1,525,False
294,26,WFH,WFH,,rule,T7,"Chose to work from home over drive at 07:00: lowest total cost (NZ$14.82 vs NZ$15.78), mainly fuel.",other;fee;travel_time,14.8241,1,,False
295,26,PT,PT,,rule,T7,"Chose to take PT over drive at 07:30: lowest total cost (NZ$19.38 vs NZ$33.93), mainly parking.",other;fee,19.378,1,480,False
296,26,CAR_0800,CAR,480,rule,T7,"Chose to drive at 08:00 over drive at 06:45 for the early start: lowest total cost (NZ$32.73 vs NZ$33.66), mainly arrival time.",arrival_time,32.7331,1,495,False
297,26,CAR_0715,CAR,435,rule,T7,"Chose to drive at 07:15 over drive at 07:00: lowest total cost (NZ$16.95 vs NZ$18.15), mainly changing routine.",habit;arrival_time,16.9481,1,465,False
298,26,PT,PT,,rule,T7,"Chose to take PT over skip the trip: lowest total cost (NZ$30.59 vs NZ$36.85), mainly missing the day.",work_constraint;habit,30.5886,1,540,False
299,26,CAR_0715,CAR,435,rule,T7,"Chose to drive at 07:15 over drive at 08:00: lowest total cost (NZ$18.72 vs NZ$19.01), mainly the charge.",fee;travel_time,18.7233,1,495,False
0,27,WFH,WFH,,standing,,,,34.8391,1,,False
1,27,CAR_0715,CAR,435,standing,,,,21.0559,1,450,False
2,27,CAR_0715,CAR,435,standing,,,,9.8433,1,450,False
3,27,CAR_0815,CAR,495,standing,,,,34.0085,1,510,False
4,27,PT,PT,,standing,,,,29.5959,1,525,False
5,27,CAR_0800,CAR,480,standing,,,,14.9715,1,495,False
6,27,WFH,WFH,,standing,,,,20.4213,2,,False
7,27,CAR_0745,CAR,465,standing,,,,11.7031,1,480,False
8,27,PT,PT,,standing,,,,19.8437,1,525,False
9,27,CAR_0915,CAR,555,standing,,,,27.6998,1,570,False
10,27,CAR_0800,CAR,480,standing,,,,32.4268,2,525,False
11,27,CAR_0800,CAR,480,standing,,,,31.0153,1,495,False
12,27,PT,PT,,standing,,,,35.8003,1,525,False
13,27,CAR_0900,CAR,540,standing,,,,18.9133,1,555,False
14,27,PT,PT,,standing,,,,32.1305,1,585,False
15,27,CAR_0745,CAR,465,standing,,,,40.262,2,495,False
16,27,PT,PT,,standing,,,,23.8509,1,450,False
17,27,CAR_0945,CAR,585,standing,,,,27.2974,1,600,False
18,27,CAR_0945,CAR,585,rule,T3,"Chose to drive at 09:45 over drive at 09:30: lowest total cost (NZ$19.93 vs NZ$22.32), mainly changing routine.",habit,19.9346,1,555,False
19,27,CAR_0800,CAR,480,standing,,,,28.75,1,495,False
20,27,CAR_0745,CAR,465,standing,,,,16.5968,1,480,False
21,27,CAR_0815,CAR,495,standing,,,,17.05,1,510,False
22,27,CAR_0715,CAR,435,standing,,,,3.4332,5,510,False
23,27,PT,PT,,standing,,,,23.612,1,525,False
24,27,CAR_0715,CAR,435,standing,,,,14.5775,1,465,False
25,27,PT,PT,,standing,,,,23.4377,1,480,False
26,27,PT,PT,,standing,,,,20.602,1,495,False
27,27,CAR_0730,CAR,450,standing,,,,20.2222,3,465,False
28,27,PT,PT,,standing,,,,23.2635,1,540,False
29,27,CAR_0715,CAR,435,standing,,,,18.2911,1,495,False
30,27,CAR_0815,CAR,495,standing,,,,31.7513,1,525,False
31,27,CAR_0815,CAR,495,rule,T7,"Chose to drive at 08:15 over drive at 08:30: lowest total cost (NZ$35.03 vs NZ$35.85), mainly changing routine.",habit,35.0323,1,525,False
32,27,CAR_0745,CAR,465,standing,,,,21.8761,1,510,False
33,27,CAR_0745,CAR,465,standing,,,,17.7756,1,495,False
34,27,PT,PT,,standing,,,,19.2138,1,495,False
35,27,CAR_0815,CAR,495,standing,,,,33.0784,1,510,False
36,27,CAR_0745,CAR,465,standing,,,,1.1612,1,480,False
37,27,PT,PT,,standing,,,,21.2526,1,510,False
38,27,CAR_0700,CAR,420,standing,,,,21.4348,1,450,False
39,27,PT,PT,,standing,,,,22.5886,1,480,False
40,27,CAR_0700,CAR,420,standing,,,,21.0166,1,435,False
41,27,CAR_0800,CAR,480,standing,,,,8.3166,1,510,False
42,27,CAR_0800,CAR,480,standing,,,,19.908,1,525,False
43,27,CAR_0845,CAR,525,standing,,,,32.3148,2,540,False
44,27,CAR_0730,CAR,450,standing,,,,18.3198,1,465,False
45,27,CAR_0700,CAR,420,standing,,,,14.4591,1,435,False
46,27,CAR_0845,CAR,525,standing,,,,16.155,1,540,False
47,27,CAR_0715,CAR,435,standing,,,,10.7487,2,450,False
48,27,PT,PT,,standing,,,,19.7335,1,510,False
49,27,WFH,WFH,,standing,,,,12.2018,1,,False
50,27,PT,PT,,standing,,,,28.863,1,510,False
51,27,CAR_0815,CAR,495,standing,,,,23.6966,1,525,False
52,27,PT,PT,,standing,,,,24.4912,1,525,False
53,27,CAR_0645,CAR,405,standing,,,,17.0452,1,420,True
54,27,CAR_0715,CAR,435,standing,,,,7.9845,1,450,False
55,27,CAR_0700,CAR,420,standing,,,,1.2174,1,435,False
56,27,CAR_0845,CAR,525,standing,,,,10.2797,2,525,False
57,27,CAR_0715,CAR,435,standing,,,,26.2475,1,450,False
58,27,CAR_0815,CAR,495,standing,,,,13.6031,1,510,False
59,27,CAR_0715,CAR,435,standing,,,,21.1258,1,510,False
60,27,PT,PT,,standing,,,,20.9782,1,465,False
61,27,CAR_0815,CAR,495,standing,,,,37.0951,3,510,False
62,27,CAR_0745,CAR,465,standing,,,,28.1218,1,480,False
63,27,CAR_0830,CAR,510,standing,,,,24.1299,1,525,False
64,27,PT,PT,,standing,,,,33.1718,1,465,False
65,27,SKIP,SKIP,,rule,T6,"Chose to skip the trip over drive at 08:00: lowest total cost (NZ$33.80 vs NZ$39.07), mainly parking.",other;fee,33.8034,1,,False
66,27,CAR_0800,CAR,480,standing,,,,32.5098,1,495,False
67,27,WFH,WFH,,standing,,,,22.0714,1,,False
68,27,CAR_0715,CAR,435,standing,,,,21.9217,1,465,False
69,27,CAR_0915,CAR,555,standing,,,,26.1493,1,570,False
70,27,WFH,WFH,,standing,,,,17.2841,1,,False
71,27,PT,PT,,standing,,,,32.5316,1,495,False
72,27,CAR_0700,CAR,420,standing,,,,13.1947,1,435,False
73,27,PT,PT,,standing,,,,31.0466,1,525,False
74,27,PT,PT,,standing,,,,22.7657,1,540,False
75,27,PT,PT,,standing,,,,24.4691,1,555,False
76,27,CAR_0730,CAR,450,standing,,,,18.008,1,480,False
77,27,CAR_0700,CAR,420,standing,,,,23.9395,1,435,False
78,27,CAR_0945,CAR,585,standing,,,,23.416,1,585,False
79,27,SKIP,SKIP,,rule,T6,"Chose to skip the trip over drive at 07:45: lowest total cost (NZ$39.51 vs NZ$44.47), mainly parking.",other;fee,39.5143,1,,False
80,27,CAR_0800,CAR,480,standing,,,,22.0962,1,495,False
81,27,CAR_0700,CAR,420,standing,,,,29.3489,1,435,False
82,27,PT,PT,,standing,,,,17.6253,1,510,False
83,27,CAR_0900,CAR,540,standing,,,,20.1968,1,555,False
84,27,CAR_0730,CAR,450,standing,,,,18.6873,1,465,False
85,27,PT,PT,,standing,,,,23.8139,1,525,False
86,27,CAR_0700,CAR,420,standing,,,,14.7279,1,435,False
87,27,CAR_0715,CAR,435,standing,,,,13.2579,1,450,False
88,27,CAR_0815,CAR,495,standing,,,,3.6908,1,510,False
89,27,CAR_0700,CAR,420,standing,,,,2.7352,1,465,False
90,27,PT,PT,,standing,,,,19.7719,1,525,False
91,27,CAR_0730,CAR,450,standing,,,,35.5541,1,495,False
92,27,CAR_0730,CAR,450,standing,,,,13.5356,1,495,False
93,27,CAR_0700,CAR,420,standing,,,,9.2156,1,435,False
94,27,CAR_0915,CAR,555,standing,,,,16.686,1,570,False
95,27,CAR_0830,CAR,510,standing,,,,22.6786,1,540,False
96,27,CAR_0730,CAR,450,rule,T7,"Chose to drive at 07:30 over drive at 07:15: lowest total cost (NZ$27.39 vs NZ$31.52), mainly arrival time.",arrival_time;habit,27.3864,1,465,False
97,27,CAR_0845,CAR,525,standing,,,,40.9218,1,555,False
98,27,PT,PT,,standing,,,,18.8005,1,525,False
99,27,CAR_0745,CAR,465,standing,,,,19.0742,1,480,False
100,27,CAR_0700,CAR,420,standing,,,,17.0229,1,495,False
101,27,CAR_0830,CAR,510,standing,,,,17.1989,1,525,False
102,27,PT,PT,,standing,,,,24.2136,1,510,False
103,27,CAR_0800,CAR,480,standing,,,,17.3396,1,495,False
104,27,CAR_0715,CAR,435,standing,,,,15.8674,1,480,False
105,27,CAR_0700,CAR,420,standing,,,,1.5679,1,435,False
106,27,WFH,WFH,,standing,,,,16.8006,1,,False
107,27,CAR_0845,CAR,525,standing,,,,16.8891,1,540,False
108,27,CAR_0830,CAR,510,standing,,,,22.1229,1,525,False
109,27,CAR_0845,CAR,525,standing,,,,4.0241,1,540,False
110,27,CAR_0845,CAR,525,standing,,,,12.5408,1,540,False
111,27,CAR_0930,CAR,570,rule,T7,"Chose to drive at 09:30 over drive at 09:15: lowest total cost (NZ$7.22 vs NZ$8.49), mainly the charge.",fee;habit,7.2215,1,570,False
112,27,CAR_0715,CAR,435,standing,,,,20.252,4,450,False
113,27,PT,PT,,standing,,,,27.1744,1,555,False
114,27,PT,PT,,standing,,,,20.2778,1,570,False
115,27,CAR_0815,CAR,495,standing,,,,8.3607,1,510,False
116,27,PT,PT,,standing,,,,19.8053,1,480,False
117,27,CAR_0730,CAR,450,standing,,,,4.6454,1,480,False
118,27,CAR_0915,CAR,555,standing,,,,4.4534,1,570,False
119,27,PT,PT,,standing,,,,19.5064,1,495,False
120,27,CAR_0700,CAR,420,standing,,,,14.8548,1,435,False
121,27,CAR_0845,CAR,525,standing,,,,21.5705,1,540,False
122,27,CAR_0915,CAR,555,standing,,,,27.1741,1,570,False
123,27,PT,PT,,standing,,,,22.2612,1,435,False
124,27,CAR_0645,CAR,405,standing,,,,11.6233,1,420,False
125,27,CAR_0630,CAR,390,standing,,,,2.2028,1,495,False
126,27,CAR_0830,CAR,510,standing,,,,29.4831,1,525,False
127,27,PT,PT,,standing,,,,22.0984,1,510,False
128,27,CAR_0730,CAR,450,standing,,,,24.954,1,465,False
129,27,PT,PT,,standing,,,,20.9459,1,450,False
130,27,CAR_0630,CAR,390,rule,T7,"Chose to drive at 06:30 for the early start over drive at 06:45 for the early start: lowest total cost (NZ$25.57 vs NZ$28.03), mainly changing routine.",habit;arrival_time,25.5747,1,420,True
131,27,CAR_0715,CAR,435,standing,,,,13.9185,2,465,False
132,27,WFH,WFH,,standing,,,,30.9848,1,,False
133,27,CAR_0645,CAR,405,standing,,,,19.3511,1,420,True
134,27,CAR_0800,CAR,480,standing,,,,19.1723,1,510,False
135,27,CAR_0800,CAR,480,standing,,,,22.4736,1,525,False
136,27,WFH,WFH,,standing,,,,12.7425,1,,False
137,27,CAR_0730,CAR,450,standing,,,,9.624,1,480,False
138,27,CAR_0700,CAR,420,standing,,,,25.5717,1,510,False
139,27,CAR_0845,CAR,525,standing,,,,3.4414,1,540,False
140,27,CAR_0700,CAR,420,standing,,,,2.3722,1,435,False
141,27,PT,PT,,standing,,,,21.5018,1,420,False
142,27,CAR_0800,CAR,480,standing,,,,9.1243,1,495,False
143,27,CAR_0730,CAR,450,standing,,,,2.3057,1,480,False
144,27,CAR_0715,CAR,435,standing,,,,13.5738,1,495,False
145,27,CAR_0700,CAR,420,standing,,,,2.1126,1,435,False
146,27,PT,PT,,standing,,,,22.6123,1,495,False
147,27,PT,PT,,standing,,,,37.6092,1,525,False
148,27,CAR_0845,CAR,525,standing,,,,34.257,1,555,False
149,27,CAR_0845,CAR,525,standing,,,,22.395,1,540,False
150,27,CAR_0900,CAR,540,standing,,,,23.0511,1,555,False
151,27,CAR_0745,CAR,465,standing,,,,11.8986,1,480,False
152,27,CAR_0730,CAR,450,standing,,,,23.3808,1,495,False
153,27,WFH,WFH,,standing,,,,30.0462,1,,False
154,27,CAR_0915,CAR,555,standing,,,,11.0408,1,555,False
155,27,CAR_0930,CAR,570,standing,,,,17.6326,1,570,False
156,27,PT,PT,,standing,,,,27.5756,1,480,False
157,27,CAR_0715,CAR,435,standing,,,,16.2856,1,450,False
158,27,PT,PT,,standing,,,,30.699,1,525,False
159,27,CAR_0730,CAR,450,standing,,,,20.4928,1,495,False
160,27,CAR_0915,CAR,555,standing,,,,24.2138,1,585,False
161,27,SKIP,SKIP,,rule,T6,"Chose to skip the trip over drive at 08:00: lowest total cost (NZ$35.53 vs NZ$43.42), mainly fuel.",other;fee,35.5316,1,,False
162,27,CAR_0700,CAR,420,standing,,,,20.2765,1,525,False
163,27,CAR_0830,CAR,510,standing,,,,41.6,1,525,False
164,27,PT,PT,,standing,,,,29.2125,1,465,False
165,27,CAR_0830,CAR,510,standing,,,,20.9827,1,540,False
166,27,CAR_0845,CAR,525,rule,T7,"Chose to drive at 08:45 over drive at 09:00: lowest total cost (NZ$32.49 vs NZ$36.06), mainly arrival time.",arrival_time;habit,32.4853,1,540,False
167,27,CAR_0745,CAR,465,standing,,,,17.6576,1,480,False
168,27,CAR_0900,CAR,540,standing,,,,13.8636,1,555,False
169,27,CAR_0745,CAR,465,standing,,,,14.8148,1,480,False
170,27,PT,PT,,standing,,,,29.4029,1,495,False
171,27,CAR_0815,CAR,495,rule,T7,"Chose to drive at 08:15 over drive at 08:30: lowest total cost (NZ$14.14 vs NZ$15.25), mainly changing routine.",habit,14.1431,1,525,False
172,27,CAR_0845,CAR,525,standing,,,,29.6268,1,540,False
173,27,CAR_0845,CAR,525,standing,,,,9.6525,1,540,False
174,27,CAR_0645,CAR,405,standing,,,,22.5798,2,435,False
175,27,CAR_0700,CAR,420,standing,,,,32.4731,1,435,False
176,27,CAR_0730,CAR,450,standing,,,,28.7906,8,525,False
177,27,PT,PT,,standing,,,,23.8378,1,510,False
178,27,PT,PT,,standing,,,,17.8326,1,510,False
179,27,WFH,WFH,,standing,,,,20.0282,1,,False
180,27,PT,PT,,standing,,,,19.9963,1,465,False
181,27,CAR_0915,CAR,555,standing,,,,27.8531,1,570,False
182,27,CAR_0830,CAR,510,standing,,,,33.5785,1,525,False
183,27,PT,PT,,standing,,,,18.8997,1,480,False
184,27,CAR_0745,CAR,465,standing,,,,2.6852,1,480,False
185,27,PT,PT,,standing,,,,25.7801,1,525,False
186,27,CAR_0730,CAR,450,standing,,,,13.6066,1,465,False
187,27,CAR_0800,CAR,480,standing,,,,22.3456,1,495,False
188,27,CAR_0715,CAR,435,standing,,,,9.0614,1,495,False
189,27,PT,PT,,standing,,,,26.5357,1,450,False
190,27,CAR_0900,CAR,540,standing,,,,29.2989,1,555,False
191,27,CAR_0900,CAR,540,standing,,,,19.836,1,570,False
192,27,PT,PT,,standing,,,,23.7715,1,420,False
193,27,PT,PT,,standing,,,,28.5828,1,540,False
194,27,WFH,WFH,,standing,,,,16.2509,1,,False
195,27,CAR_0645,CAR,405,standing,,,,14.9932,1,420,True
196,27,CAR_0730,CAR,450,standing,,,,33.7668,6,465,False
197,27,CAR_0700,CAR,420,standing,,,,12.5842,1,435,False
198,27,CAR_0730,CAR,450,standing,,,,15.1704,1,465,False
199,27,CAR_0645,CAR,405,standing,,,,20.6861,1,420,True
200,27,CAR_0630,CAR,390,standing,,,,22.5854,1,420,True
201,27,PT,PT,,standing,,,,34.4781,1,465,False
202,27,CAR_0715,CAR,435,standing,,,,17.114,1,465,False
203,27,PT,PT,,standing,,,,29.0144,1,555,False
204,27,PT,PT,,standing,,,,29.08,1,495,False
205,27,CAR_0915,CAR,555,standing,,,,14.8699,1,570,False
206,27,CAR_0645,CAR,405,standing,,,,20.1235,1,420,True
207,27,CAR_0800,CAR,480,standing,,,,30.6571,1,495,False
208,27,CAR_0745,CAR,465,standing,,,,26.7555,2,495,False
209,27,CAR_0700,CAR,420,standing,,,,3.9363,1,435,False
210,27,PT,PT,,standing,,,,30.1751,1,555,False
211,27,CAR_0930,CAR,570,standing,,,,26.6411,1,585,False
212,27,CAR_0845,CAR,525,standing,,,,31.82,1,540,False
213,27,CAR_0630,CAR,390,standing,,,,27.5039,1,420,True
214,27,PT,PT,,standing,,,,24.9724,1,555,False
215,27,PT,PT,,standing,,,,22.281,1,525,False
216,27,CAR_0800,CAR,480,standing,,,,8.9893,1,495,False
217,27,CAR_0645,CAR,405,standing,,,,37.989,2,420,True
218,27,SKIP,SKIP,,rule,T6,"Chose to skip the trip over drive at 07:45: lowest total cost (NZ$42.00 vs NZ$47.83), mainly fuel.",other;fee,42.0026,1,,False
219,27,CAR_0815,CAR,495,standing,,,,26.0483,1,510,False
220,27,CAR_0845,CAR,525,standing,,,,15.8438,1,540,False
221,27,CAR_0730,CAR,450,standing,,,,16.8089,1,465,False
222,27,CAR_0715,CAR,435,standing,,,,13.246,1,450,False
223,27,PT,PT,,standing,,,,28.7841,1,480,False
224,27,CAR_0815,CAR,495,standing,,,,22.0408,1,525,False
225,27,CAR_0700,CAR,420,standing,,,,31.3785,1,435,False
226,27,CAR_0930,CAR,570,rule,T3,"Chose to drive at 09:30 over drive at 09:15: lowest total cost (NZ$29.06 vs NZ$31.33), mainly changing routine.",habit;fee;travel_time,29.0609,1,570,False
227,27,CAR_0830,CAR,510,standing,,,,28.1717,1,540,False
228,27,CAR_0700,CAR,420,standing,,,,9.0093,2,420,False
229,27,PT,PT,,standing,,,,24.5162,1,525,False
230,27,CAR_0715,CAR,435,standing,,,,18.7607,1,450,False
231,27,CAR_0700,CAR,420,standing,,,,14.2417,1,435,False
232,27,CAR_0845,CAR,525,standing,,,,17.265,1,540,False
233,27,CAR_0800,CAR,480,standing,,,,34.2684,1,495,False
234,27,CAR_0745,CAR,465,rule,T7,"Chose to drive at 07:45 over drive at 07:30: lowest total cost (NZ$16.66 vs NZ$17.94), mainly arrival time.",arrival_time;habit;travel_time,16.6631,1,480,False
235,27,CAR_0730,CAR,450,standing,,,,38.6167,1,480,False
236,27,CAR_0915,CAR,555,standing,,,,24.3259,1,570,False
237,27,CAR_0645,CAR,405,standing,,,,28.6214,1,420,True
238,27,CAR_0745,CAR,465,standing,,,,21.4982,2,495,False
239,27,PT,PT,,standing,,,,32.2377,1,525,False
240,27,CAR_0645,CAR,405,standing,,,,11.7389,1,420,False
241,27,CAR_0700,CAR,420,standing,,,,17.9444,1,450,False
242,27,CAR_0900,CAR,540,standing,,,,27.6671,1,555,False
243,27,CAR_0900,CAR,540,standing,,,,21.1629,1,540,False
244,27,CAR_0715,CAR,435,standing,,,,23.8294,1,450,False
245,27,CAR_0830,CAR,510,standing,,,,4.4274,3,510,False
246,27,CAR_0945,CAR,585,standing,,,,30.142,1,600,False
247,27,CAR_0815,CAR,495,standing,,,,21.1495,1,510,False
248,27,CAR_0915,CAR,555,standing,,,,29.4319,1,570,False
249,27,CAR_0830,CAR,510,standing,,,,14.9813,1,525,False
250,27,PT,PT,,standing,,,,31.7548,1,540,False
251,27,CAR_0815,CAR,495,standing,,,,25.9207,1,510,False
252,27,CAR_0645,CAR,405,standing,,,,43.4386,1,450,False
253,27,CAR_0845,CAR,525,standing,,,,15.0812,1,540,False
254,27,PT,PT,,standing,,,,23.0579,1,495,False
255,27,CAR_0715,CAR,435,standing,,,,31.7798,2,465,False
256,27,WFH,WFH,,standing,,,,42.355,1,,False
257,27,CAR_0730,CAR,450,standing,,,,12.1318,1,465,False
258,27,CAR_0700,CAR,420,standing,,,,14.4239,1,435,False
259,27,SKIP,SKIP,,rule,T6,"Chose to skip the trip over drive at 08:00: lowest total cost (NZ$38.75 vs NZ$40.54), mainly parking.",other;fee,38.7517,1,,False
260,27,PT,PT,,standing,,,,21.93,1,510,False
261,27,CAR_0830,CAR,510,standing,,,,30.9634,1,525,False
262,27,PT,PT,,standing,,,,31.2307,1,510,False
263,27,PT,PT,,standing,,,,32.0327,1,465,False
264,27,CAR_0915,CAR,555,standing,,,,7.4682,1,555,False
265,27,CAR_0915,CAR,555,standing,,,,29.1194,1,570,False
266,27,CAR_0815,CAR,495,standing,,,,31.0776,1,510,False
267,27,CAR_0830,CAR,510,standing,,,,31.3641,1,525,False
268,27,CAR_0800,CAR,480,standing,,,,37.0832,1,495,False
269,27,CAR_0845,CAR,525,standing,,,,45.1031,1,555,False
270,27,WFH,WFH,,standing,,,,36.5391,1,,False
271,27,CAR_0715,CAR,435,standing,,,,19.9456,1,450,False
272,27,CAR_0715,CAR,435,standing,,,,9.9551,1,450,False
273,27,PT,PT,,standing,,,,32.2387,1,510,False
274,27,SKIP,SKIP,,rule,T6,"Chose to skip the trip over drive at 08:15: lowest total cost (NZ$34.45 vs NZ$37.99), mainly fuel.",other;fee,34.4459,1,,False
275,27,CAR_0700,CAR,420,standing,,,,15.0381,1,495,False
276,27,CAR_0645,CAR,405,standing,,,,20.9699,1,420,True
277,27,CAR_0715,CAR,435,standing,,,,11.1841,1,480,False
278,27,PT,PT,,standing,,,,24.4987,1,525,False
279,27,CAR_0915,CAR,555,standing,,,,27.7957,1,570,False
280,27,CAR_0830,CAR,510,standing,,,,31.0464,1,525,False
281,27,PT,PT,,standing,,,,22.2882,1,495,False
282,27,PT,PT,,standing,,,,26.3611,1,525,False
283,27,CAR_0900,CAR,540,standing,,,,18.9157,1,555,False
284,27,PT,PT,,standing,,,,24.2399,1,585,False
285,27,PT,PT,,standing,,,,25.46,1,495,False
286,27,CAR_0715,CAR,435,standing,,,,31.3218,1,450,False
287,27,PT,PT,,standing,,,,18.5869,1,600,False
288,27,CAR_0645,CAR,405,standing,,,,20.034,1,555,False
289,27,PT,PT,,standing,,,,21.6997,1,495,False
290,27,CAR_0745,CAR,465,standing,,,,13.8014,1,480,False
291,27,CAR_0815,CAR,495,standing,,,,17.0872,1,510,False
292,27,CAR_0715,CAR,435,standing,,,,2.6844,1,510,False
293,27,PT,PT,,standing,,,,31.9657,1,525,False
294,27,WFH,WFH,,standing,,,,14.8241,1,,False
295,27,PT,PT,,standing,,,,19.378,1,480,False
296,27,CAR_0800,CAR,480,standing,,,,32.7288,1,495,False
297,27,CAR_0715,CAR,435,standing,,,,18.0024,1,465,False
298,27,PT,PT,,standing,,,,30.5886,1,540,False
299,27,CAR_0715,CAR,435,standing,,,,17.8549,1,495,False
0,28,WFH,WFH,,standing,,,,34.8391,1,,False
1,28,CAR_0715,CAR,435,standing,,,,21.0245,1,450,False
2,28,CAR_0715,CAR,435,standing,,,,9.868,1,450,False
3,28,CAR_0815,CAR,495,standing,,,,34.0055,1,510,False
4,28,PT,PT,,standing,,,,29.5959,1,525,False
5,28,CAR_0800,CAR,480,standing,,,,14.9637,1,495,False
6,28,WFH,WFH,,standing,,,,20.4213,3,,False
7,28,CAR_0745,CAR,465,standing,,,,11.7004,1,480,False
8,28,PT,PT,,standing,,,,19.8437,1,525,False
9,28,CAR_0915,CAR,555,standing,,,,27.6977,1,570,False
10,28,CAR_0800,CAR,480,standing,,,,32.4268,2,525,False
11,28,CAR_0800,CAR,480,standing,,,,31.0136,1,495,False
12,28,PT,PT,,standing,,,,35.8003,1,525,False
13,28,CAR_0900,CAR,540,standing,,,,18.908,1,555,False
14,28,PT,PT,,standing,,,,32.1305,1,585,False
15,28,CAR_0745,CAR,465,standing,,,,40.262,2,495,False
16,28,PT,PT,,standing,,,,23.8509,1,450,False
17,28,CAR_0945,CAR,585,standing,,,,27.2945,1,600,False
18,28,CAR_0945,CAR,585,rule,T3,"Chose to drive at 09:45 over drive at 09:30: lowest total cost (NZ$19.93 vs NZ$22.32), mainly changing routine.",habit,19.9326,1,555,False
19,28,CAR_0800,CAR,480,standing,,,,28.7455,1,495,False
20,28,CAR_0745,CAR,465,standing,,,,16.5883,1,480,False
21,28,CAR_0815,CAR,495,standing,,,,17.0482,1,510,False
22,28,CAR_0715,CAR,435,standing,,,,3.424,5,510,False
23,28,PT,PT,,standing,,,,23.612,1,525,False
24,28,CAR_0715,CAR,435,standing,,,,14.5623,1,465,False
25,28,PT,PT,,standing,,,,23.4377,1,480,False
26,28,PT,PT,,standing,,,,20.602,1,495,False
27,28,CAR_0730,CAR,450,standing,,,,20.1274,3,465,False
28,28,PT,PT,,standing,,,,23.2635,1,540,False
29,28,CAR_0715,CAR,435,standing,,,,18.2983,1,495,False
30,28,CAR_0815,CAR,495,standing,,,,31.7441,1,525,False
31,28,CAR_0815,CAR,495,standing,,,,35.0289,1,525,False
32,28,CAR_0745,CAR,465,standing,,,,21.8718,1,510,False
33,28,CAR_0745,CAR,465,standing,,,,17.7726,1,495,False
34,28,PT,PT,,standing,,,,19.2138,1,495,False
35,28,CAR_0815,CAR,495,standing,,,,33.0754,1,510,False
36,28,CAR_0745,CAR,465,standing,,,,1.1593,1,480,False
37,28,PT,PT,,standing,,,,21.2526,1,510,False
38,28,CAR_0700,CAR,420,standing,,,,21.4311,1,450,False
39,28,PT,PT,,standing,,,,22.5886,1,480,False
40,28,CAR_0700,CAR,420,standing,,,,22.1392,1,435,False
41,28,CAR_0800,CAR,480,standing,,,,8.3166,1,510,False
42,28,CAR_0800,CAR,480,standing,,,,19.9038,1,525,False
43,28,CAR_0845,CAR,525,standing,,,,32.302,1,540,False
44,28,CAR_0730,CAR,450,standing,,,,17.582,1,465,False
45,28,CAR_0700,CAR,420,standing,,,,14.4581,1,435,False
46,28,CAR_0845,CAR,525,standing,,,,16.1521,1,540,False
47,28,CAR_0715,CAR,435,standing,,,,10.7083,2,450,False
48,28,PT,PT,,standing,,,,19.7335,1,510,False
49,28,WFH,WFH,,standing,,,,12.2018,1,,False
50,28,PT,PT,,standing,,,,28.863,1,510,False
51,28,CAR_0815,CAR,495,rule,T7,"Chose to drive at 08:15 over drive at 08:30: lowest total cost (NZ$23.70 vs NZ$26.44), mainly changing routine.",habit;travel_time,23.695,1,525,False
52,28,PT,PT,,standing,,,,24.4912,1,525,False
53,28,CAR_0645,CAR,405,standing,,,,17.0415,1,420,True
54,28,CAR_0715,CAR,435,rule,T7,"Chose to drive at 07:15 over drive at 07:00: lowest total cost (NZ$7.99 vs NZ$10.86), mainly changing routine.",habit;arrival_time,7.9889,1,450,False
55,28,CAR_0700,CAR,420,standing,,,,1.2321,1,435,False
56,28,CAR_0845,CAR,525,standing,,,,10.2525,2,525,False
57,28,CAR_0715,CAR,435,standing,,,,26.1564,1,450,False
58,28,CAR_0815,CAR,495,standing,,,,13.5909,1,510,False
59,28,CAR_0715,CAR,435,standing,,,,21.0259,1,510,False
60,28,PT,PT,,standing,,,,20.9782,1,465,False
61,28,CAR_0815,CAR,495,standing,,,,36.9168,2,510,False
62,28,CAR_0745,CAR,465,standing,,,,28.0955,1,480,False
63,28,CAR_0830,CAR,510,standing,,,,24.1215,1,525,False
64,28,PT,PT,,standing,,,,33.1718,1,465,False
65,28,SKIP,SKIP,,rule,T6,"Chose to skip the trip over drive at 08:00: lowest total cost (NZ$33.80 vs NZ$39.07), mainly parking.",other;fee,33.8034,1,,False
66,28,CAR_0800,CAR,480,standing,,,,32.5083,1,495,False
67,28,WFH,WFH,,standing,,,,22.0714,1,,False
68,28,CAR_0715,CAR,435,standing,,,,21.7224,1,465,False
69,28,CAR_0915,CAR,555,standing,,,,26.146,1,570,False
70,28,WFH,WFH,,standing,,,,17.2841,1,,False
71,28,PT,PT,,standing,,,,32.5316,1,495,False
72,28,CAR_0700,CAR,420,standing,,,,13.1927,1,435,False
73,28,PT,PT,,standing,,,,31.0466,1,525,False
74,28,PT,PT,,standing,,,,22.7657,1,540,False
75,28,PT,PT,,standing,,,,24.4691,1,555,False
76,28,CAR_0730,CAR,450,standing,,,,18.008,1,480,False
77,28,CAR_0700,CAR,420,standing,,,,23.9359,1,435,False
78,28,CAR_0945,CAR,585,standing,,,,23.416,1,585,False
79,28,SKIP,SKIP,,rule,T6,"Chose to skip the trip over drive at 07:45: lowest total cost (NZ$39.51 vs NZ$44.46), mainly parking.",other;fee,39.5143,1,,False
80,28,CAR_0800,CAR,480,standing,,,,22.0947,1,495,False
81,28,CAR_0700,CAR,420,standing,,,,29.3458,1,435,False
82,28,PT,PT,,standing,,,,17.6253,1,510,False
83,28,CAR_0900,CAR,540,standing,,,,20.1931,1,555,False
84,28,CAR_0730,CAR,450,standing,,,,17.2081,1,465,False
85,28,PT,PT,,standing,,,,23.8139,1,525,False
86,28,CAR_0700,CAR,420,standing,,,,14.7233,1,435,False
87,28,CAR_0715,CAR,435,standing,,,,13.2569,1,450,False
88,28,CAR_0815,CAR,495,standing,,,,3.6908,1,510,False
89,28,CAR_0700,CAR,420,standing,,,,2.7284,1,465,False
90,28,PT,PT,,standing,,,,19.7719,1,525,False
91,28,CAR_0730,CAR,450,standing,,,,35.3728,1,495,False
92,28,CAR_0730,CAR,450,standing,,,,13.4348,1,495,False
93,28,CAR_0700,CAR,420,rule,T7,"Chose to drive at 07:00 over drive at 07:15: lowest total cost (NZ$9.21 vs NZ$12.54), mainly changing routine.",habit;arrival_time,9.2092,1,435,False
94,28,CAR_0915,CAR,555,standing,,,,16.6849,1,570,False
95,28,CAR_0830,CAR,510,standing,,,,22.6786,1,540,False
96,28,CAR_0730,CAR,450,standing,,,,27.2946,1,465,False
97,28,CAR_0845,CAR,525,standing,,,,40.9175,1,555,False
98,28,PT,PT,,standing,,,,18.8005,1,525,False
99,28,CAR_0745,CAR,465,standing,,,,19.0389,1,480,False
100,28,CAR_0700,CAR,420,standing,,,,17.0187,1,495,False
101,28,CAR_0830,CAR,510,standing,,,,17.1892,1,525,False
102,28,PT,PT,,standing,,,,24.2136,1,510,False
103,28,CAR_0800,CAR,480,standing,,,,17.3351,1,495,False
104,28,CAR_0715,CAR,435,standing,,,,15.8486,1,480,False
105,28,CAR_0700,CAR,420,standing,,,,1.5687,1,435,False
106,28,WFH,WFH,,standing,,,,16.8006,1,,False
107,28,CAR_0845,CAR,525,standing,,,,16.8737,1,540,False
108,28,CAR_0830,CAR,510,standing,,,,22.0792,1,525,False
109,28,CAR_0845,CAR,525,standing,,,,4.0241,1,540,False
110,28,CAR_0845,CAR,525,standing,,,,12.5365,1,540,False
111,28,CAR_0930,CAR,570,standing,,,,7.2219,1,570,False
112,28,CAR_0715,CAR,435,standing,,,,20.2,4,450,False
113,28,PT,PT,,standing,,,,27.1744,1,555,False
114,28,PT,PT,,standing,,,,20.2778,1,570,False
115,28,CAR_0815,CAR,495,standing,,,,8.2866,1,510,False
116,28,PT,PT,,standing,,,,19.8053,1,480,False
117,28,CAR_0730,CAR,450,standing,,,,4.5147,1,480,False
118,28,CAR_0915,CAR,555,standing,,,,4.4534,1,570,False
119,28,PT,PT,,standing,,,,19.5064,1,495,False
120,28,CAR_0700,CAR,420,standing,,,,14.8548,1,435,False
121,28,CAR_0845,CAR,525,standing,,,,21.569,1,540,False
122,28,CAR_0915,CAR,555,standing,,,,27.173,1,570,False
123,28,PT,PT,,standing,,,,22.2612,1,435,False
124,28,CAR_0645,CAR,405,standing,,,,11.6213,1,420,False
125,28,CAR_0630,CAR,390,standing,,,,2.2028,1,495,False
126,28,CAR_0830,CAR,510,standing,,,,29.4801,1,525,False
127,28,PT,PT,,standing,,,,22.0984,1,510,False
128,28,CAR_0730,CAR,450,standing,,,,24.9566,1,465,False
129,28,PT,PT,,standing,,,,20.9459,1,450,False
130,28,CAR_0630,CAR,390,standing,,,,25.5747,1,420,True
131,28,CAR_0730,CAR,450,rule,T7,"Chose to drive at 07:30 over drive at 07:15: lowest total cost (NZ$11.15 vs NZ$13.91), mainly arrival time.",arrival_time;travel_time,11.1549,1,465,False
132,28,WFH,WFH,,standing,,,,30.9848,1,,False
133,28,CAR_0645,CAR,405,standing,,,,19.3481,1,420,True
134,28,CAR_0800,CAR,480,standing,,,,19.1693,1,510,False
135,28,CAR_0800,CAR,480,standing,,,,22.4721,1,525,False
136,28,WFH,WFH,,standing,,,,12.7425,1,,False
137,28,CAR_0730,CAR,450,standing,,,,9.4304,1,480,False
138,28,CAR_0700,CAR,420,standing,,,,25.5718,1,510,False
139,28,CAR_0845,CAR,525,standing,,,,3.4414,1,540,False
140,28,CAR_0700,CAR,420,standing,,,,2.3723,1,435,False
141,28,PT,PT,,standing,,,,21.5018,1,420,False
142,28,CAR_0800,CAR,480,standing,,,,9.1213,1,495,False
143,28,CAR_0730,CAR,450,standing,,,,2.3236,1,480,False
144,28,CAR_0715,CAR,435,standing,,,,13.5754,1,495,False
145,28,CAR_0700,CAR,420,standing,,,,2.1147,1,435,False
146,28,PT,PT,,standing,,,,22.6123,1,495,False
147,28,PT,PT,,standing,,,,37.6092,1,525,False
148,28,CAR_0845,CAR,525,standing,,,,34.254,1,555,False
149,28,CAR_0845,CAR,525,standing,,,,22.3935,1,540,False
150,28,CAR_0900,CAR,540,standing,,,,23.0485,1,555,False
151,28,CAR_0745,CAR,465,standing,,,,11.9344,1,480,False
152,28,CAR_0730,CAR,450,standing,,,,23.3808,1,495,False
153,28,WFH,WFH,,standing,,,,30.0462,1,,False
154,28,CAR_0915,CAR,555,standing,,,,11.0408,1,555,False
155,28,CAR_0930,CAR,570,standing,,,,17.6326,1,570,False
156,28,PT,PT,,standing,,,,27.5756,1,480,False
157,28,CAR_0715,CAR,435,standing,,,,15.8881,1,450,False
158,28,PT,PT,,standing,,,,30.699,1,525,False
159,28,CAR_0730,CAR,450,standing,,,,20.5333,1,495,False
160,28,CAR_0915,CAR,555,standing,,,,24.2128,1,585,False
161,28,SKIP,SKIP,,rule,T6,"Chose to skip the trip over drive at 08:00: lowest total cost (NZ$35.53 vs NZ$43.41), mainly fuel.",other;fee,35.5316,1,,False
162,28,CAR_0700,CAR,420,standing,,,,20.284,1,525,False
163,28,CAR_0830,CAR,510,standing,,,,41.5998,1,525,False
164,28,PT,PT,,standing,,,,29.2125,1,465,False
165,28,CAR_0830,CAR,510,standing,,,,20.9711,1,540,False
166,28,CAR_0845,CAR,525,standing,,,,32.4918,1,540,False
167,28,CAR_0745,CAR,465,standing,,,,17.6576,1,480,False
168,28,CAR_0900,CAR,540,standing,,,,13.8567,1,555,False
169,28,CAR_0745,CAR,465,standing,,,,14.7515,1,480,False
170,28,PT,PT,,standing,,,,29.4029,1,495,False
171,28,CAR_0815,CAR,495,standing,,,,14.1418,1,525,False
172,28,CAR_0845,CAR,525,standing,,,,29.6219,1,540,False
173,28,CAR_0845,CAR,525,standing,,,,9.648,1,540,False
174,28,CAR_0645,CAR,405,standing,,,,22.555,2,435,False
175,28,CAR_0700,CAR,420,standing,,,,32.4768,1,435,False
176,28,CAR_0730,CAR,450,standing,,,,28.5025,7,525,False
177,28,PT,PT,,standing,,,,23.8378,1,510,False
178,28,PT,PT,,standing,,,,17.8326,1,510,False
179,28,WFH,WFH,,standing,,,,20.0282,1,,False
180,28,PT,PT,,standing,,,,19.9963,1,465,False
181,28,CAR_0915,CAR,555,standing,,,,27.8485,1,570,False
182,28,CAR_0830,CAR,510,standing,,,,33.577,1,525,False
183,28,PT,PT,,standing,,,,18.8997,1,480,False
184,28,CAR_0745,CAR,465,standing,,,,2.6852,1,480,False
185,28,PT,PT,,standing,,,,25.7801,1,525,False
186,28,CAR_0730,CAR,450,rule,T7,"Chose to drive at 07:30 over drive at 07:15: lowest total cost (NZ$13.60 vs NZ$16.83), mainly arrival time.",arrival_time;habit;travel_time,13.5982,1,465,False
187,28,CAR_0800,CAR,480,standing,,,,22.3426,1,495,False
188,28,CAR_0715,CAR,435,standing,,,,9.0562,1,495,False
189,28,PT,PT,,standing,,,,26.5357,1,450,False
190,28,CAR_0900,CAR,540,standing,,,,29.2976,1,555,False
191,28,CAR_0900,CAR,540,standing,,,,19.8322,1,570,False
192,28,PT,PT,,standing,,,,23.7715,1,420,False
193,28,PT,PT,,standing,,,,28.5828,1,540,False
194,28,WFH,WFH,,standing,,,,16.2509,1,,False
195,28,CAR_0645,CAR,405,standing,,,,14.984,1,420,True
196,28,CAR_0730,CAR,450,standing,,,,32.5846,6,465,False
197,28,CAR_0700,CAR,420,standing,,,,12.5821,1,435,False
198,28,CAR_0730,CAR,450,standing,,,,15.1956,1,465,False
199,28,CAR_0645,CAR,405,standing,,,,20.685,1,420,True
200,28,CAR_0630,CAR,390,standing,,,,22.5835,1,420,True
201,28,PT,PT,,standing,,,,34.4781,1,465,False
202,28,CAR_0715,CAR,435,rule,T7,"Chose to drive at 07:15 over drive at 07:30: lowest total cost (NZ$17.14 vs NZ$17.94), mainly the charge.",fee;habit,17.1388,1,465,False
203,28,PT,PT,,standing,,,,29.0144,1,555,False
204,28,PT,PT,,standing,,,,29.08,1,495,False
205,28,CAR_0915,CAR,555,standing,,,,14.8676,1,570,False
206,28,CAR_0645,CAR,405,standing,,,,20.1215,1,420,True
207,28,CAR_0800,CAR,480,standing,,,,30.6526,1,495,False
208,28,CAR_0745,CAR,465,standing,,,,26.788,2,495,False
209,28,CAR_0700,CAR,420,standing,,,,3.9368,1,435,False
210,28,PT,PT,,standing,,,,30.1751,1,555,False
211,28,CAR_0930,CAR,570,standing,,,,26.6401,1,585,False
212,28,CAR_0845,CAR,525,standing,,,,31.7727,1,540,False
213,28,CAR_0630,CAR,390,standing,,,,27.5009,1,420,True
214,28,PT,PT,,standing,,,,24.9724,1,555,False
215,28,PT,PT,,standing,,,,22.281,1,525,False
216,28,CAR_0800,CAR,480,standing,,,,8.9805,1,495,False
217,28,CAR_0645,CAR,405,standing,,,,35.9667,2,420,True
218,28,SKIP,SKIP,,rule,T6,"Chose to skip the trip over drive at 07:45: lowest total cost (NZ$42.00 vs NZ$47.83), mainly fuel.",other;fee,42.0026,1,,False
219,28,CAR_0815,CAR,495,standing,,,,26.0407,1,510,False
220,28,CAR_0845,CAR,525,standing,,,,15.8252,1,540,False
221,28,CAR_0730,CAR,450,standing,,,,16.8065,1,465,False
222,28,CAR_0715,CAR,435,standing,,,,13.2211,1,450,False
223,28,PT,PT,,standing,,,,28.7841,1,480,False
224,28,CAR_0815,CAR,495,standing,,,,22.0202,1,525,False
225,28,CAR_0700,CAR,420,standing,,,,31.3745,1,435,False
226,28,CAR_0930,CAR,570,rule,T3,"Chose to drive at 09:30 over drive at 09:15: lowest total cost (NZ$29.06 vs NZ$31.33), mainly changing routine.",habit;fee;travel_time,29.0599,1,570,False
227,28,CAR_0830,CAR,510,standing,,,,28.1702,1,540,False
228,28,CAR_0700,CAR,420,standing,,,,8.6473,2,420,False
229,28,PT,PT,,standing,,,,24.5162,1,525,False
230,28,CAR_0715,CAR,435,standing,,,,18.7733,1,450,False
231,28,CAR_0700,CAR,420,standing,,,,14.2421,1,435,False
232,28,CAR_0845,CAR,525,rule,T7,"Chose to drive at 08:45 over drive at 08:30: lowest total cost (NZ$17.26 vs NZ$17.94), mainly changing routine.",habit;arrival_time,17.2623,1,540,False
233,28,CAR_0800,CAR,480,standing,,,,34.266,1,495,False
234,28,CAR_0745,CAR,465,standing,,,,16.6408,1,480,False
235,28,CAR_0730,CAR,450,standing,,,,38.6167,1,480,False
236,28,CAR_0915,CAR,555,standing,,,,24.3228,1,570,False
237,28,CAR_0645,CAR,405,standing,,,,28.622,1,420,True
238,28,CAR_0745,CAR,465,standing,,,,21.4663,2,495,False
239,28,PT,PT,,standing,,,,32.2377,1,525,False
240,28,CAR_0645,CAR,405,standing,,,,11.7349,1,420,False
241,28,CAR_0700,CAR,420,standing,,,,18.0136,1,450,False
242,28,CAR_0900,CAR,540,standing,,,,27.6671,1,555,False
243,28,CAR_0900,CAR,540,standing,,,,21.1644,1,540,False
244,28,CAR_0715,CAR,435,rule,T7,"Chose to drive at 07:15 over drive at 07:00: lowest total cost (NZ$23.83 vs NZ$25.05), mainly arrival time.",arrival_time,23.8341,1,450,False
245,28,CAR_0815,CAR,495,rule,T5,"Chose to drive at 08:15 over drive at 08:30: lowest total cost (NZ$2.71 vs NZ$4.27), mainly travel time.",travel_time;arrival_time,2.7075,1,510,False
246,28,CAR_0945,CAR,585,standing,,,,30.1401,1,600,False
247,28,CAR_0815,CAR,495,standing,,,,21.1463,1,510,False
248,28,CAR_0915,CAR,555,standing,,,,29.4298,1,570,False
249,28,CAR_0830,CAR,510,standing,,,,14.9783,1,525,False
250,28,PT,PT,,standing,,,,31.7548,1,540,False
251,28,CAR_0815,CAR,495,standing,,,,25.9177,1,510,False
252,28,CAR_0645,CAR,405,standing,,,,43.4836,1,450,False
253,28,CAR_0845,CAR,525,standing,,,,15.0849,1,540,False
254,28,PT,PT,,standing,,,,23.0579,1,495,False
255,28,CAR_0715,CAR,435,standing,,,,31.7758,2,465,False
256,28,WFH,WFH,,standing,,,,42.355,1,,False
257,28,CAR_0730,CAR,450,standing,,,,12.1318,1,465,False
258,28,CAR_0700,CAR,420,standing,,,,14.421,1,435,False
259,28,SKIP,SKIP,,rule,T6,"Chose to skip the trip over drive at 08:00: lowest total cost (NZ$38.75 vs NZ$40.54), mainly parking.",other;fee,38.7517,1,,False
260,28,PT,PT,,standing,,,,21.93,1,510,False
261,28,CAR_0830,CAR,510,standing,,,,30.9634,1,525,False
262,28,PT,PT,,standing,,,,31.2307,1,510,False
263,28,PT,PT,,standing,,,,32.0327,1,465,False
264,28,CAR_0915,CAR,555,standing,,,,7.4648,1,555,False
265,28,CAR_0915,CAR,555,standing,,,,29.1171,1,570,False
266,28,CAR_0815,CAR,495,standing,,,,31.0758,1,510,False
267,28,CAR_0830,CAR,510,standing,,,,31.3611,1,525,False
268,28,CAR_0800,CAR,480,standing,,,,37.0802,1,495,False
269,28,CAR_0845,CAR,525,standing,,,,45.0962,1,555,False
270,28,WFH,WFH,,standing,,,,36.5391,1,,False
271,28,CAR_0715,CAR,435,standing,,,,19.8858,1,450,False
272,28,CAR_0715,CAR,435,standing,,,,9.944,1,450,False
273,28,PT,PT,,standing,,,,32.2387,1,510,False
274,28,SKIP,SKIP,,rule,T6,"Chose to skip the trip over drive at 08:15: lowest total cost (NZ$34.45 vs NZ$37.99), mainly fuel.",other;fee,34.4459,1,,False
275,28,CAR_0700,CAR,420,rule,T7,"Chose to drive at 07:00 over drive at 06:45 for the early start: lowest total cost (NZ$15.04 vs NZ$17.30), mainly changing routine.",habit,15.0371,1,495,False
276,28,CAR_0645,CAR,405,standing,,,,20.9548,1,420,True
277,28,CAR_0715,CAR,435,standing,,,,11.1841,1,480,False
278,28,PT,PT,,standing,,,,24.4987,1,525,False
279,28,CAR_0915,CAR,555,standing,,,,27.7957,1,570,False
280,28,CAR_0830,CAR,510,standing,,,,31.0419,1,525,False
281,28,PT,PT,,standing,,,,22.2882,1,495,False
282,28,PT,PT,,standing,,,,26.3611,1,525,False
283,28,CAR_0900,CAR,540,standing,,,,18.9132,1,555,False
284,28,PT,PT,,standing,,,,24.2399,1,585,False
285,28,PT,PT,,standing,,,,25.46,1,495,False
286,28,CAR_0715,CAR,435,standing,,,,31.3463,1,450,False
287,28,PT,PT,,standing,,,,18.5869,1,600,False
288,28,CAR_0645,CAR,405,standing,,,,20.041,1,555,False
289,28,PT,PT,,standing,,,,21.6997,1,495,False
290,28,CAR_0745,CAR,465,standing,,,,13.814,1,480,False
291,28,CAR_0815,CAR,495,standing,,,,17.0247,1,510,False
292,28,CAR_0715,CAR,435,standing,,,,2.7003,1,510,False
293,28,PT,PT,,standing,,,,31.9657,1,525,False
294,28,WFH,WFH,,standing,,,,14.8241,1,,False
295,28,PT,PT,,standing,,,,19.378,1,480,False
296,28,CAR_0800,CAR,480,standing,,,,32.7258,1,495,False
297,28,CAR_0715,CAR,435,standing,,,,17.8502,1,465,False
298,28,PT,PT,,standing,,,,30.5886,1,540,False
299,28,CAR_0715,CAR,435,standing,,,,17.8412,1,495,False
0,29,WFH,WFH,,standing,,,,34.8391,1,,False
1,29,CAR_0715,CAR,435,standing,,,,21.0024,1,450,False
2,29,CAR_0715,CAR,435,standing,,,,9.8577,1,450,False
3,29,CAR_0815,CAR,495,standing,,,,34.0034,1,510,False
4,29,PT,PT,,standing,,,,29.5959,1,525,False
5,29,CAR_0800,CAR,480,standing,,,,14.9582,1,495,False
6,29,WFH,WFH,,standing,,,,20.4213,3,,False
7,29,CAR_0745,CAR,465,standing,,,,11.6985,1,480,False
8,29,PT,PT,,standing,,,,19.8437,1,525,False
9,29,CAR_0915,CAR,555,standing,,,,27.6963,1,570,False
10,29,CAR_0800,CAR,480,standing,,,,32.4268,2,525,False
11,29,CAR_0800,CAR,480,standing,,,,31.0124,1,495,False
12,29,PT,PT,,standing,,,,35.8003,1,525,False
13,29,CAR_0900,CAR,540,standing,,,,18.9043,1,555,False
14,29,PT,PT,,standing,,,,32.1305,1,585,False
15,29,CAR_0745,CAR,465,standing,,,,40.262,2,495,False
16,29,PT,PT,,standing,,,,23.8509,1,450,False
17,29,CAR_0945,CAR,585,standing,,,,27.2924,1,600,False
18,29,CAR_0945,CAR,585,rule,T3,"Chose to drive at 09:45 over drive at 09:30: lowest total cost (NZ$19.93 vs NZ$22.32), mainly changing routine.",habit,19.9312,1,555,False
19,29,CAR_0800,CAR,480,standing,,,,28.7424,1,495,False
20,29,CAR_0745,CAR,465,standing,,,,16.6078,1,480,False
21,29,CAR_0815,CAR,495,standing,,,,17.047,1,510,False
22,29,CAR_0715,CAR,435,standing,,,,3.4176,5,510,False
23,29,PT,PT,,standing,,,,23.612,1,525,False
24,29,CAR_0715,CAR,435,standing,,,,14.5319,1,465,False
25,29,PT,PT,,standing,,,,23.4377,1,480,False
26,29,PT,PT,,standing,,,,20.602,1,495,False
27,29,CAR_0730,CAR,450,standing,,,,19.7684,2,465,False
28,29,PT,PT,,standing,,,,23.2635,1,540,False
29,29,CAR_0715,CAR,435,standing,,,,18.2817,1,495,False
30,29,CAR_0815,CAR,495,standing,,,,31.7391,1,525,False
31,29,CAR_0815,CAR,495,standing,,,,35.0266,1,525,False
32,29,CAR_0745,CAR,465,standing,,,,21.8688,1,510,False
33,29,CAR_0745,CAR,465,standing,,,,17.7705,1,495,False
34,29,PT,PT,,standing,,,,19.2138,1,495,False
35,29,CAR_0815,CAR,495,standing,,,,33.0733,1,510,False
36,29,CAR_0745,CAR,465,standing,,,,1.158,1,480,False
37,29,PT,PT,,standing,,,,21.2526,1,510,False
38,29,CAR_0700,CAR,420,standing,,,,21.4285,1,450,False
39,29,PT,PT,,standing,,,,22.5886,1,480,False
40,29,CAR_0700,CAR,420,standing,,,,22.1649,1,435,False
41,29,CAR_0800,CAR,480,standing,,,,8.3166,1,510,False
42,29,CAR_0800,CAR,480,standing,,,,19.9196,1,525,False
43,29,CAR_0845,CAR,525,standing,,,,32.293,1,540,False
44,29,CAR_0730,CAR,450,standing,,,,16.8959,1,465,False
45,29,CAR_0700,CAR,420,standing,,,,14.4574,1,435,False
46,29,CAR_0845,CAR,525,standing,,,,16.15,1,540,False
47,29,CAR_0715,CAR,435,standing,,,,10.6801,2,450,False
48,29,PT,PT,,standing,,,,19.7335,1,510,False
49,29,WFH,WFH,,standing,,,,12.2018,1,,False
50,29,PT,PT,,standing,,,,28.863,1,510,False
51,29,CAR_0815,CAR,495,standing,,,,23.6939,1,525,False
52,29,PT,PT,,standing,,,,24.4912,1,525,False
53,29,CAR_0645,CAR,405,standing,,,,17.0388,1,420,True
54,29,CAR_0715,CAR,435,standing,,,,7.992,1,450,False
55,29,CAR_0700,CAR,420,standing,,,,1.2423,1,435,False
56,29,CAR_0845,CAR,525,standing,,,,10.2335,2,525,False
57,29,CAR_0715,CAR,435,standing,,,,26.0927,1,450,False
58,29,CAR_0815,CAR,495,standing,,,,13.5824,1,510,False
59,29,CAR_0715,CAR,435,standing,,,,20.8901,1,510,False
60,29,PT,PT,,standing,,,,20.9782,1,465,False
61,29,CAR_0815,CAR,495,standing,,,,36.7204,1,510,False
62,29,CAR_0745,CAR,465,standing,,,,28.077,1,480,False
63,29,CAR_0830,CAR,510,standing,,,,24.1156,1,525,False
64,29,PT,PT,,standing,,,,33.1718,1,465,False
65,29,SKIP,SKIP,,rule,T6,"Chose to skip the trip over drive at 08:00: lowest total cost (NZ$33.80 vs NZ$39.07), mainly parking.",other;fee,33.8034,1,,False
66,29,CAR_0800,CAR,480,standing,,,,32.5072,1,495,False
67,29,WFH,WFH,,standing,,,,22.0714,1,,False
68,29,CAR_0715,CAR,435,standing,,,,21.5894,1,465,False
69,29,CAR_0915,CAR,555,standing,,,,26.1437,1,570,False
70,29,WFH,WFH,,standing,,,,17.2841,1,,False
71,29,PT,PT,,standing,,,,32.5316,1,495,False
72,29,CAR_0700,CAR,420,standing,,,,13.1913,1,435,False
73,29,PT,PT,,standing,,,,31.0466,1,525,False
74,29,PT,PT,,standing,,,,22.7657,1,540,False
75,29,PT,PT,,standing,,,,24.4691,1,555,False
76,29,CAR_0730,CAR,450,standing,,,,18.008,1,480,False
77,29,CAR_0700,CAR,420,standing,,,,23.9335,1,435,False
78,29,CAR_0945,CAR,585,standing,,,,23.416,1,585,False
79,29,SKIP,SKIP,,rule,T6,"Chose to skip the trip over drive at 07:45: lowest total cost (NZ$39.51 vs NZ$44.46), mainly parking.",other;fee,39.5143,1,,False
80,29,CAR_0800,CAR,480,standing,,,,22.0936,1,495,False
81,29,CAR_0700,CAR,420,standing,,,,29.3436,1,435,False
82,29,PT,PT,,standing,,,,17.6253,1,510,False
83,29,CAR_0900,CAR,540,standing,,,,20.1905,1,555,False
84,29,CAR_0730,CAR,450,standing,,,,17.2019,1,465,False
85,29,PT,PT,,standing,,,,23.8139,1,525,False
86,29,CAR_0700,CAR,420,standing,,,,14.7201,1,435,False
87,29,CAR_0715,CAR,435,standing,,,,13.2562,1,450,False
88,29,CAR_0815,CAR,495,standing,,,,3.6908,1,510,False
89,29,CAR_0700,CAR,420,standing,,,,2.7614,1,465,False
90,29,PT,PT,,standing,,,,19.7719,1,525,False
91,29,CAR_0730,CAR,450,standing,,,,35.227,1,495,False
92,29,CAR_0730,CAR,450,standing,,,,13.3643,1,495,False
93,29,CAR_0700,CAR,420,standing,,,,9.2047,1,435,False
94,29,CAR_0915,CAR,555,standing,,,,16.6841,1,570,False
95,29,CAR_0830,CAR,510,standing,,,,22.6786,1,540,False
96,29,CAR_0730,CAR,450,standing,,,,27.3151,1,465,False
97,29,CAR_0845,CAR,525,standing,,,,40.9145,1,555,False
98,29,PT,PT,,standing,,,,18.8005,1,525,False
99,29,CAR_0745,CAR,465,standing,,,,19.0142,1,480,False
100,29,CAR_0700,CAR,420,standing,,,,17.0395,1,495,False
101,29,CAR_0830,CAR,510,standing,,,,17.1825,1,525,False
102,29,PT,PT,,standing,,,,24.2136,1,510,False
103,29,CAR_0800,CAR,480,standing,,,,17.332,1,495,False
104,29,CAR_0715,CAR,435,standing,,,,15.8355,1,480,False
105,29,CAR_0700,CAR,420,standing,,,,1.5693,1,435,False
106,29,WFH,WFH,,standing,,,,16.8006,1,,False
107,29,CAR_0845,CAR,525,standing,,,,16.8629,1,540,False
108,29,CAR_0830,CAR,510,standing,,,,22.0485,1,525,False
109,29,CAR_0845,CAR,525,standing,,,,4.0241,1,540,False
110,29,CAR_0845,CAR,525,standing,,,,12.5335,1,540,False
111,29,CAR_0930,CAR,570,standing,,,,7.2221,1,570,False
112,29,CAR_0715,CAR,435,standing,,,,20.1635,4,450,False
113,29,PT,PT,,standing,,,,27.1744,1,555,False
114,29,PT,PT,,standing,,,,20.2778,1,570,False
115,29,CAR_0815,CAR,495,standing,,,,8.2347,1,510,False
116,29,PT,PT,,standing,,,,19.8053,1,480,False
117,29,CAR_0730,CAR,450,standing,,,,4.4447,1,480,False
118,29,CAR_0915,CAR,555,standing,,,,4.4534,1,570,False
119,29,PT,PT,,standing,,,,19.5064,1,495,False
120,29,CAR_0700,CAR,420,standing,,,,14.8548,1,435,False
121,29,CAR_0845,CAR,525,standing,,,,21.5679,1,540,False
122,29,CAR_0915,CAR,555,standing,,,,27.1722,1,570,False
123,29,PT,PT,,standing,,,,22.2612,1,435,False
124,29,CAR_0645,CAR,405,standing,,,,11.6199,1,420,False
125,29,CAR_0630,CAR,390,standing,,,,2.2028,1,495,False
126,29,CAR_0830,CAR,510,standing,,,,29.478,1,525,False
127,29,PT,PT,,standing,,,,22.0984,1,510,False
128,29,CAR_0730,CAR,450,rule,T7,"Chose to drive at 07:30 over drive at 07:15: lowest total cost (NZ$24.96 vs NZ$28.72), mainly arrival time.",arrival_time;habit,24.9584,1,465,False
129,29,PT,PT,,standing,,,,20.9459,1,450,False
130,29,CAR_0630,CAR,390,standing,,,,25.5747,1,420,True
131,29,CAR_0730,CAR,450,standing,,,,15.7804,2,465,False
132,29,WFH,WFH,,standing,,,,30.9848,1,,False
133,29,CAR_0645,CAR,405,standing,,,,19.346,1,420,True
134,29,CAR_0800,CAR,480,standing,,,,19.1672,1,510,False
135,29,CAR_0800,CAR,480,standing,,,,22.471,1,525,False
136,29,WFH,WFH,,standing,,,,12.7425,1,,False
137,29,CAR_0730,CAR,450,standing,,,,9.3412,1,480,False
138,29,CAR_0700,CAR,420,standing,,,,25.5719,1,510,False
139,29,CAR_0845,CAR,525,standing,,,,3.4414,1,540,False
140,29,CAR_0700,CAR,420,standing,,,,2.3724,1,435,False
141,29,PT,PT,,standing,,,,21.5018,1,420,False
142,29,CAR_0800,CAR,480,standing,,,,9.1192,1,495,False
143,29,CAR_0730,CAR,450,standing,,,,2.3272,1,480,False
144,29,CAR_0715,CAR,435,standing,,,,13.5765,1,495,False
145,29,CAR_0700,CAR,420,standing,,,,2.1162,1,435,False
146,29,PT,PT,,standing,,,,22.6123,1,495,False
147,29,PT,PT,,standing,,,,37.6092,1,525,False
148,29,CAR_0845,CAR,525,standing,,,,34.2519,1,555,False
149,29,CAR_0845,CAR,525,standing,,,,22.3924,1,540,False
150,29,CAR_0900,CAR,540,standing,,,,23.0467,1,555,False
151,29,CAR_0745,CAR,465,rule,T7,"Chose to drive at 07:45 over drive at 07:30: lowest total cost (NZ$12.02 vs NZ$14.33), mainly changing routine.",habit;arrival_time,12.016,1,480,False
152,29,CAR_0730,CAR,450,standing,,,,23.3808,1,495,False
153,29,WFH,WFH,,standing,,,,30.0462,1,,False
154,29,CAR_0915,CAR,555,standing,,,,11.0408,1,555,False
155,29,CAR_0930,CAR,570,standing,,,,17.6326,1,570,False
156,29,PT,PT,,standing,,,,27.5756,1,480,False
157,29,CAR_0715,CAR,435,standing,,,,15.8566,1,450,False
158,29,PT,PT,,standing,,,,30.699,1,525,False
159,29,CAR_0730,CAR,450,standing,,,,20.8222,1,495,False
160,29,CAR_0915,CAR,555,standing,,,,24.2121,1,585,False
161,29,SKIP,SKIP,,rule,T6,"Chose to skip the trip over drive at 08:00: lowest total cost (NZ$35.53 vs NZ$43.41), mainly fuel.",other;fee,35.5316,1,,False
162,29,CAR_0700,CAR,420,standing,,,,20.2893,1,525,False
163,29,CAR_0830,CAR,510,standing,,,,41.5997,1,525,False
164,29,PT,PT,,standing,,,,29.2125,1,465,False
165,29,CAR_0830,CAR,510,standing,,,,20.963,1,540,False
166,29,CAR_0845,CAR,525,standing,,,,32.4963,1,540,False
167,29,CAR_0745,CAR,465,standing,,,,17.6576,1,480,False
168,29,CAR_0900,CAR,540,standing,,,,13.8518,1,555,False
169,29,CAR_0745,CAR,465,standing,,,,14.7296,1,480,False
170,29,PT,PT,,standing,,,,29.4029,1,495,False
171,29,CAR_0815,CAR,495,standing,,,,14.1408,1,525,False
172,29,CAR_0845,CAR,525,standing,,,,29.6185,1,540,False
173,29,CAR_0845,CAR,525,standing,,,,9.6449,1,540,False
174,29,CAR_0645,CAR,405,standing,,,,22.5376,2,435,False
175,29,CAR_0700,CAR,420,standing,,,,32.4795,1,435,False
176,29,CAR_0730,CAR,450,standing,,,,28.2808,6,525,False
177,29,PT,PT,,standing,,,,23.8378,1,510,False
178,29,PT,PT,,standing,,,,17.8326,1,510,False
179,29,WFH,WFH,,standing,,,,20.0282,1,,False
180,29,PT,PT,,standing,,,,19.9963,1,465,False
181,29,CAR_0915,CAR,555,standing,,,,27.8453,1,570,False
182,29,CAR_0830,CAR,510,standing,,,,33.576,1,525,False
183,29,PT,PT,,standing,,,,18.8997,1,480,False
184,29,CAR_0745,CAR,465,standing,,,,2.6852,1,480,False
185,29,PT,PT,,standing,,,,25.7801,1,525,False
186,29,CAR_0730,CAR,450,standing,,,,13.5923,1,465,False
187,29,CAR_0800,CAR,480,standing,,,,22.3405,1,495,False
188,29,CAR_0715,CAR,435,standing,,,,9.0525,1,495,False
189,29,PT,PT,,standing,,,,26.5357,1,450,False
190,29,CAR_0900,CAR,540,standing,,,,29.2967,1,555,False
191,29,CAR_0900,CAR,540,standing,,,,19.8296,1,570,False
192,29,PT,PT,,standing,,,,23.7715,1,420,False
193,29,PT,PT,,standing,,,,28.5828,1,540,False
194,29,WFH,WFH,,standing,,,,16.2509,1,,False
195,29,CAR_0645,CAR,405,standing,,,,14.9776,1,420,True
196,29,CAR_0730,CAR,450,standing,,,,32.3538,6,465,False
197,29,CAR_0700,CAR,420,standing,,,,12.5807,1,435,False
198,29,CAR_0730,CAR,450,standing,,,,15.2052,1,465,False
199,29,CAR_0645,CAR,405,standing,,,,20.6842,1,420,True
200,29,CAR_0630,CAR,390,standing,,,,22.5821,1,420,True
201,29,PT,PT,,standing,,,,34.4781,1,465,False
202,29,CAR_0715,CAR,435,standing,,,,17.1561,1,465,False
203,29,PT,PT,,standing,,,,29.0144,1,555,False
204,29,PT,PT,,standing,,,,29.08,1,495,False
205,29,CAR_0915,CAR,555,standing,,,,14.866,1,570,False
206,29,CAR_0645,CAR,405,standing,,,,20.1201,1,420,True
207,29,CAR_0800,CAR,480,standing,,,,30.6495,1,495,False
208,29,CAR_0745,CAR,465,standing,,,,26.8107,2,495,False
209,29,CAR_0700,CAR,420,standing,,,,3.9371,1,435,False
210,29,PT,PT,,standing,,,,30.1751,1,555,False
211,29,CAR_0930,CAR,570,standing,,,,26.6394,1,585,False
212,29,CAR_0845,CAR,525,standing,,,,31.4838,1,540,False
213,29,CAR_0630,CAR,390,standing,,,,27.4988,1,420,True
214,29,PT,PT,,standing,,,,24.9724,1,555,False
215,29,PT,PT,,standing,,,,22.281,1,525,False
216,29,CAR_0800,CAR,480,rule,T7,"Chose to drive at 08:00 over drive at 07:45: lowest total cost (NZ$8.97 vs NZ$11.40), mainly changing routine.",habit;arrival_time;travel_time,8.9743,1,495,False
217,29,CAR_0645,CAR,405,standing,,,,35.9371,2,420,True
218,29,SKIP,SKIP,,rule,T6,"Chose to skip the trip over drive at 07:45: lowest total cost (NZ$42.00 vs NZ$47.82), mainly fuel.",other;fee,42.0026,1,,False
219,29,CAR_0815,CAR,495,standing,,,,26.1042,1,510,False
220,29,CAR_0845,CAR,525,standing,,,,15.8122,1,540,False
221,29,CAR_0730,CAR,450,standing,,,,16.8048,1,465,False
222,29,CAR_0715,CAR,435,standing,,,,13.1652,1,450,False
223,29,PT,PT,,standing,,,,28.7841,1,480,False
224,29,CAR_0815,CAR,495,standing,,,,21.9732,1,525,False
225,29,CAR_0700,CAR,420,standing,,,,31.3717,1,435,False
226,29,CAR_0930,CAR,570,rule,T3,"Chose to drive at 09:30 over drive at 09:15: lowest total cost (NZ$29.06 vs NZ$31.33), mainly changing routine.",habit;fee;travel_time,29.0592,1,570,False
227,29,CAR_0830,CAR,510,standing,,,,28.1691,1,540,False
228,29,CAR_0700,CAR,420,standing,,,,8.6272,2,420,False
229,29,PT,PT,,standing,,,,24.5162,1,525,False
230,29,CAR_0715,CAR,435,standing,,,,19.2074,2,450,False
231,29,CAR_0700,CAR,420,standing,,,,14.2424,1,435,False
232,29,CAR_0845,CAR,525,standing,,,,17.2604,1,540,False
233,29,CAR_0800,CAR,480,standing,,,,34.2643,1,495,False
234,29,CAR_0745,CAR,465,standing,,,,16.6325,1,480,False
235,29,CAR_0730,CAR,450,standing,,,,38.6167,1,480,False
236,29,CAR_0915,CAR,555,standing,,,,24.3206,1,570,False
237,29,CAR_0645,CAR,405,standing,,,,28.6224,1,420,True
238,29,CAR_0745,CAR,465,standing,,,,21.4439,2,495,False
239,29,PT,PT,,standing,,,,32.2377,1,525,False
240,29,CAR_0645,CAR,405,standing,,,,11.7321,1,420,False
241,29,CAR_0700,CAR,420,standing,,,,18.01,1,450,False
242,29,CAR_0900,CAR,540,standing,,,,27.6671,1,555,False
243,29,CAR_0900,CAR,540,standing,,,,21.1654,1,540,False
244,29,CAR_0715,CAR,435,standing,,,,23.8374,1,450,False
245,29,CAR_0815,CAR,495,standing,,,,2.3829,1,510,False
246,29,CAR_0945,CAR,585,standing,,,,30.1387,1,600,False
247,29,CAR_0815,CAR,495,standing,,,,21.144,1,510,False
248,29,CAR_0915,CAR,555,standing,,,,29.4284,1,570,False
249,29,CAR_0830,CAR,510,standing,,,,14.9762,1,525,False
250,29,PT,PT,,standing,,,,31.7548,1,540,False
251,29,CAR_0815,CAR,495,standing,,,,25.9156,1,510,False
252,29,CAR_0645,CAR,405,standing,,,,43.4612,1,450,False
253,29,CAR_0845,CAR,525,standing,,,,15.0875,1,540,False
254,29,PT,PT,,standing,,,,23.0579,1,495,False
255,29,CAR_0715,CAR,435,standing,,,,31.773,2,465,False
256,29,WFH,WFH,,standing,,,,42.355,1,,False
257,29,CAR_0730,CAR,450,standing,,,,12.1169,1,465,False
258,29,CAR_0700,CAR,420,standing,,,,14.4189,1,435,False
259,29,SKIP,SKIP,,rule,T6,"Chose to skip the trip over drive at 08:00: lowest total cost (NZ$38.75 vs NZ$40.54), mainly parking.",other;fee,38.7517,1,,False
260,29,PT,PT,,standing,,,,21.93,1,510,False
261,29,CAR_0830,CAR,510,standing,,,,30.9634,1,525,False
262,29,PT,PT,,standing,,,,31.2307,1,510,False
263,29,PT,PT,,standing,,,,32.0327,1,465,False
264,29,CAR_0915,CAR,555,standing,,,,7.4624,1,555,False
265,29,CAR_0915,CAR,555,standing,,,,29.1155,1,570,False
266,29,CAR_0815,CAR,495,standing,,,,31.094,1,510,False
267,29,CAR_0830,CAR,510,standing,,,,31.359,1,525,False
268,29,CAR_0800,CAR,480,standing,,,,37.0781,1,495,False
269,29,CAR_0845,CAR,525,standing,,,,45.0914,1,555,False
270,29,WFH,WFH,,standing,,,,36.5391,1,,False
271,29,CAR_0715,CAR,435,standing,,,,19.844,1,450,False
272,29,CAR_0715,CAR,435,standing,,,,9.9363,1,450,False
273,29,PT,PT,,standing,,,,32.2387,1,510,False
274,29,SKIP,SKIP,,rule,T6,"Chose to skip the trip over drive at 08:15: lowest total cost (NZ$34.45 vs NZ$37.99), mainly fuel.",other;fee,34.4459,1,,False
275,29,CAR_0700,CAR,420,standing,,,,15.0364,1,495,False
276,29,CAR_0645,CAR,405,standing,,,,20.9443,1,420,True
277,29,CAR_0715,CAR,435,standing,,,,11.1841,1,480,False
278,29,PT,PT,,standing,,,,24.4987,1,525,False
279,29,CAR_0915,CAR,555,standing,,,,27.7957,1,570,False
280,29,CAR_0830,CAR,510,standing,,,,31.0388,1,525,False
281,29,PT,PT,,standing,,,,22.2882,1,495,False
282,29,PT,PT,,standing,,,,26.3611,1,525,False
283,29,CAR_0900,CAR,540,standing,,,,18.9114,1,555,False
284,29,PT,PT,,standing,,,,24.2399,1,585,False
285,29,PT,PT,,standing,,,,25.46,1,495,False
286,29,CAR_0715,CAR,435,standing,,,,31.2829,1,450,False
287,29,PT,PT,,standing,,,,18.5869,1,600,False
288,29,CAR_0645,CAR,405,standing,,,,20.0386,1,555,False
289,29,PT,PT,,standing,,,,21.6997,1,495,False
290,29,CAR_0745,CAR,465,rule,T7,"Chose to drive at 07:45 over drive at 07:30: lowest total cost (NZ$13.89 vs NZ$19.42), mainly arrival time.",arrival_time;habit;travel_time,13.8877,1,480,False
291,29,CAR_0815,CAR,495,standing,,,,17.2118,1,510,False
292,29,CAR_0715,CAR,435,standing,,,,2.7114,1,510,False
293,29,PT,PT,,standing,,,,31.9657,1,525,False
294,29,WFH,WFH,,standing,,,,14.8241,1,,False
295,29,PT,PT,,standing,,,,19.378,1,480,False
296,29,CAR_0800,CAR,480,standing,,,,32.7237,1,495,False
297,29,CAR_0715,CAR,435,standing,,,,17.7832,1,465,False
298,29,PT,PT,,standing,,,,30.5886,1,540,False
299,29,CAR_0715,CAR,435,standing,,,,17.8316,1,495,False
0,30,WFH,WFH,,standing,,,,34.8391,1,,False
1,30,CAR_0715,CAR,435,standing,,,,20.987,1,450,False
2,30,CAR_0715,CAR,435,standing,,,,9.8504,1,450,False
3,30,CAR_0815,CAR,495,standing,,,,34.002,1,510,False
4,30,PT,PT,,standing,,,,29.5959,1,525,False
5,30,CAR_0800,CAR,480,standing,,,,14.9544,1,495,False
6,30,WFH,WFH,,standing,,,,20.4213,3,,False
7,30,CAR_0745,CAR,465,standing,,,,11.6972,1,480,False
8,30,PT,PT,,standing,,,,19.8437,1,525,False
9,30,CAR_0915,CAR,555,standing,,,,27.6953,1,570,False
10,30,CAR_0800,CAR,480,standing,,,,32.4268,2,525,False
11,30,CAR_0800,CAR,480,standing,,,,31.0116,1,495,False
12,30,PT,PT,,standing,,,,35.8003,1,525,False
13,30,CAR_0900,CAR,540,standing,,,,18.9018,1,555,False
14,30,PT,PT,,standing,,,,32.1305,1,585,False
15,30,CAR_0745,CAR,465,standing,,,,40.262,2,495,False
16,30,PT,PT,,standing,,,,23.8509,1,450,False
17,30,CAR_0945,CAR,585,standing,,,,27.2909,1,600,False
18,30,CAR_0945,CAR,585,rule,T3,"Chose to drive at 09:45 over drive at 09:30: lowest total cost (NZ$19.93 vs NZ$22.32), mainly changing routine.",habit,19.9302,1,555,False
19,30,CAR_0800,CAR,480,standing,,,,28.7402,1,495,False
20,30,CAR_0745,CAR,465,standing,,,,16.6033,1,480,False
21,30,CAR_0815,CAR,495,standing,,,,17.0461,1,510,False
22,30,CAR_0715,CAR,435,standing,,,,3.4132,5,510,False
23,30,PT,PT,,standing,,,,23.612,1,525,False
24,30,CAR_0715,CAR,435,standing,,,,14.5106,1,465,False
25,30,PT,PT,,standing,,,,23.4377,1,480,False
26,30,PT,PT,,standing,,,,20.602,1,495,False
27,30,CAR_0730,CAR,450,standing,,,,19.7219,2,465,False
28,30,PT,PT,,standing,,,,23.2635,1,540,False
29,30,CAR_0715,CAR,435,standing,,,,18.2701,1,495,False
30,30,CAR_0815,CAR,495,standing,,,,31.7355,1,525,False
31,30,CAR_0815,CAR,495,standing,,,,35.025,1,525,False
32,30,CAR_0745,CAR,465,standing,,,,21.8667,1,510,False
33,30,CAR_0745,CAR,465,standing,,,,17.769,1,495,False
34,30,PT,PT,,standing,,,,19.2138,1,495,False
35,30,CAR_0815,CAR,495,standing,,,,33.0718,1,510,False
36,30,CAR_0745,CAR,465,standing,,,,1.157,1,480,False
37,30,PT,PT,,standing,,,,21.2526,1,510,False
38,30,CAR_0700,CAR,420,standing,,,,21.4267,1,450,False
39,30,PT,PT,,standing,,,,22.5886,1,480,False
40,30,CAR_0700,CAR,420,standing,,,,22.1828,1,435,False
41,30,CAR_0800,CAR,480,standing,,,,8.3166,1,510,False
42,30,CAR_0800,CAR,480,standing,,,,19.9156,1,525,False
43,30,CAR_0845,CAR,525,standing,,,,32.2867,1,540,False
44,30,CAR_0730,CAR,450,standing,,,,16.8113,1,465,False
45,30,CAR_0700,CAR,420,standing,,,,14.4569,1,435,False
46,30,CAR_0845,CAR,525,standing,,,,16.1485,1,540,False
47,30,CAR_0715,CAR,435,standing,,,,10.6603,2,450,False
48,30,PT,PT,,standing,,,,19.7335,1,510,False
49,30,WFH,WFH,,standing,,,,12.2018,1,,False
50,30,PT,PT,,standing,,,,28.863,1,510,False
51,30,CAR_0815,CAR,495,standing,,,,23.6932,1,525,False
52,30,PT,PT,,standing,,,,24.4912,1,525,False
53,30,CAR_0645,CAR,405,standing,,,,17.037,1,420,True
54,30,CAR_0715,CAR,435,standing,,,,7.9941,1,450,False
55,30,CAR_0700,CAR,420,standing,,,,1.1931,1,435,False
56,30,CAR_0845,CAR,525,standing,,,,10.2202,2,525,False
57,30,CAR_0715,CAR,435,standing,,,,26.0481,1,450,False
58,30,CAR_0815,CAR,495,standing,,,,13.5764,1,510,False
59,30,CAR_0715,CAR,435,standing,,,,20.8412,1,510,False
60,30,PT,PT,,standing,,,,20.9782,1,465,False
61,30,CAR_0815,CAR,495,standing,,,,36.6467,1,510,False
62,30,CAR_0745,CAR,465,standing,,,,28.0641,1,480,False
63,30,CAR_0830,CAR,510,standing,,,,24.1115,1,525,False
64,30,PT,PT,,standing,,,,33.1718,1,465,False
65,30,SKIP,SKIP,,rule,T6,"Chose to skip the trip over drive at 08:00: lowest total cost (NZ$33.80 vs NZ$39.06), mainly parking.",other;fee,33.8034,1,,False
66,30,CAR_0800,CAR,480,standing,,,,32.5065,1,495,False
67,30,WFH,WFH,,standing,,,,22.0714,1,,False
68,30,CAR_0715,CAR,435,standing,,,,21.4963,1,465,False
69,30,CAR_0915,CAR,555,standing,,,,26.1421,1,570,False
70,30,WFH,WFH,,standing,,,,17.2841,1,,False
71,30,PT,PT,,standing,,,,32.5316,1,495,False
72,30,CAR_0700,CAR,420,standing,,,,13.1903,1,435,False
73,30,PT,PT,,standing,,,,31.0466,1,525,False
74,30,PT,PT,,standing,,,,22.7657,1,540,False
75,30,PT,PT,,standing,,,,24.4691,1,555,False
76,30,CAR_0730,CAR,450,standing,,,,18.008,1,480,False
77,30,CAR_0700,CAR,420,standing,,,,23.9317,1,435,False
78,30,CAR_0945,CAR,585,standing,,,,23.416,1,585,False
79,30,SKIP,SKIP,,rule,T6,"Chose to skip the trip over drive at 07:45: lowest total cost (NZ$39.51 vs NZ$44.46), mainly parking.",other;fee,39.5143,1,,False
80,30,CAR_0800,CAR,480,standing,,,,22.0929,1,495,False
81,30,CAR_0700,CAR,420,standing,,,,29.3421,1,435,False
82,30,PT,PT,,standing,,,,17.6253,1,510,False
83,30,CAR_0900,CAR,540,standing,,,,20.1887,1,555,False
84,30,CAR_0730,CAR,450,standing,,,,17.0689,1,465,False
85,30,PT,PT,,standing,,,,23.8139,1,525,False
86,30,CAR_0700,CAR,420,standing,,,,14.7178,1,435,False
87,30,CAR_0715,CAR,435,standing,,,,13.2557,1,450,False
88,30,CAR_0815,CAR,495,standing,,,,3.6908,1,510,False
89,30,CAR_0700,CAR,420,standing,,,,2.758,1,465,False
90,30,PT,PT,,standing,,,,19.7719,1,525,False
91,30,CAR_0730,CAR,450,standing,,,,35.169,1,495,False
92,30,CAR_0730,CAR,450,standing,,,,13.3149,1,495,False
93,30,CAR_0700,CAR,420,standing,,,,9.2016,1,435,False
94,30,CAR_0915,CAR,555,standing,,,,16.6836,1,570,False
95,30,CAR_0830,CAR,510,standing,,,,22.6786,1,540,False
96,30,CAR_0730,CAR,450,standing,,,,27.2702,1,465,False
97,30,CAR_0845,CAR,525,standing,,,,40.9124,1,555,False
98,30,PT,PT,,standing,,,,18.8005,1,525,False
99,30,CAR_0745,CAR,465,standing,,,,18.9969,1,480,False
100,30,CAR_0700,CAR,420,standing,,,,17.0374,1,495,False
101,30,CAR_0830,CAR,510,standing,,,,17.1777,1,525,False
102,30,PT,PT,,standing,,,,24.2136,1,510,False
103,30,CAR_0800,CAR,480,standing,,,,17.3298,1,495,False
104,30,CAR_0715,CAR,435,standing,,,,15.8747,1,480,False
105,30,CAR_0700,CAR,420,standing,,,,1.5698,1,435,False
106,30,WFH,WFH,,standing,,,,16.8006,1,,False
107,30,CAR_0845,CAR,525,standing,,,,16.8553,1,540,False
108,30,CAR_0830,CAR,510,standing,,,,21.6024,1,525,False
109,30,CAR_0845,CAR,525,standing,,,,4.0241,1,540,False
110,30,CAR_0845,CAR,525,standing,,,,12.5314,1,540,False
111,30,CAR_0930,CAR,570,standing,,,,7.2223,1,570,False
112,30,CAR_0715,CAR,435,standing,,,,19.8375,4,450,False
113,30,PT,PT,,standing,,,,27.1744,1,555,False
114,30,PT,PT,,standing,,,,20.2778,1,570,False
115,30,CAR_0815,CAR,495,standing,,,,8.1984,1,510,False
116,30,PT,PT,,standing,,,,19.8053,1,480,False
117,30,CAR_0730,CAR,450,standing,,,,4.4172,1,480,False
118,30,CAR_0915,CAR,555,standing,,,,4.4534,1,570,False
119,30,PT,PT,,standing,,,,19.5064,1,495,False
120,30,CAR_0700,CAR,420,standing,,,,14.8548,1,435,False
121,30,CAR_0845,CAR,525,standing,,,,21.5672,1,540,False
122,30,CAR_0915,CAR,555,standing,,,,27.1717,1,570,False
123,30,PT,PT,,standing,,,,22.2612,1,435,False
124,30,CAR_0645,CAR,405,standing,,,,11.6189,1,420,False
125,30,CAR_0630,CAR,390,standing,,,,2.2028,1,495,False
126,30,CAR_0830,CAR,510,standing,,,,29.4765,1,525,False
127,30,PT,PT,,standing,,,,22.0984,1,510,False
128,30,CAR_0730,CAR,450,standing,,,,24.9596,1,465,False
129,30,PT,PT,,standing,,,,20.9459,1,450,False
130,30,CAR_0630,CAR,390,standing,,,,25.5747,1,420,True
131,30,CAR_0730,CAR,450,standing,,,,15.6616,2,465,False
132,30,WFH,WFH,,standing,,,,30.9848,1,,False
133,30,CAR_0645,CAR,405,standing,,,,19.3446,1,420,True
134,30,CAR_0800,CAR,480,standing,,,,19.1657,1,510,False
135,30,CAR_0800,CAR,480,standing,,,,22.4703,1,525,False
136,30,WFH,WFH,,standing,,,,12.7425,1,,False
137,30,CAR_0730,CAR,450,standing,,,,9.2788,1,480,False
138,30,CAR_0700,CAR,420,standing,,,,25.572,1,510,False
139,30,CAR_0845,CAR,525,standing,,,,3.4414,1,540,False
140,30,CAR_0700,CAR,420,standing,,,,2.3725,1,435,False
141,30,PT,PT,,standing,,,,21.5018,1,420,False
142,30,CAR_0800,CAR,480,standing,,,,9.1177,1,495,False
143,30,CAR_0730,CAR,450,standing,,,,2.3373,1,480,False
144,30,CAR_0715,CAR,435,standing,,,,13.5773,1,495,False
145,30,CAR_0700,CAR,420,standing,,,,2.1173,1,435,False
146,30,PT,PT,,standing,,,,22.6123,1,495,False
147,30,PT,PT,,standing,,,,37.6092,1,525,False
148,30,CAR_0845,CAR,525,standing,,,,34.2504,1,555,False
149,30,CAR_0845,CAR,525,standing,,,,22.3917,1,540,False
150,30,CAR_0900,CAR,540,standing,,,,23.0455,1,555,False
151,30,CAR_0745,CAR,465,standing,,,,12.0181,1,480,False
152,30,CAR_0730,CAR,450,standing,,,,23.3808,1,495,False
153,30,WFH,WFH,,standing,,,,30.0462,1,,False
154,30,CAR_0915,CAR,555,standing,,,,11.0408,1,555,False
155,30,CAR_0930,CAR,570,standing,,,,17.6326,1,570,False
156,30,PT,PT,,standing,,,,27.5756,1,480,False
157,30,CAR_0715,CAR,435,standing,,,,15.8345,1,450,False
158,30,PT,PT,,standing,,,,30.699,1,525,False
159,30,CAR_0730,CAR,450,standing,,,,20.7896,1,495,False
160,30,CAR_0915,CAR,555,standing,,,,24.2116,1,585,False
161,30,SKIP,SKIP,,rule,T6,"Chose to skip the trip over drive at 08:00: lowest total cost (NZ$35.53 vs NZ$43.40), mainly fuel.",other;fee,35.5316,1,,False
162,30,CAR_0700,CAR,420,standing,,,,20.293,1,525,False
163,30,CAR_0830,CAR,510,standing,,,,41.5996,1,525,False
164,30,PT,PT,,standing,,,,29.2125,1,465,False
165,30,CAR_0830,CAR,510,standing,,,,20.9573,1,540,False
166,30,CAR_0845,CAR,525,standing,,,,32.4994,1,540,False
167,30,CAR_0745,CAR,465,standing,,,,17.6576,1,480,False
168,30,CAR_0900,CAR,540,standing,,,,13.8484,1,555,False
169,30,CAR_0745,CAR,465,standing,,,,14.6683,1,480,False
170,30,PT,PT,,standing,,,,29.4029,1,495,False
171,30,CAR_0815,CAR,495,standing,,,,14.1401,1,525,False
172,30,CAR_0845,CAR,525,standing,,,,29.6161,1,540,False
173,30,CAR_0845,CAR,525,standing,,,,9.6428,1,540,False
174,30,CAR_0645,CAR,405,standing,,,,22.5255,2,435,False
175,30,CAR_0700,CAR,420,standing,,,,32.4813,1,435,False
176,30,CAR_0730,CAR,450,standing,,,,28.1727,6,525,False
177,30,PT,PT,,standing,,,,23.8378,1,510,False
178,30,PT,PT,,standing,,,,17.8326,1,510,False
179,30,WFH,WFH,,standing,,,,20.0282,1,,False
180,30,PT,PT,,standing,,,,19.9963,1,465,False
181,30,CAR_0915,CAR,555,standing,,,,27.843,1,570,False
182,30,CAR_0830,CAR,510,standing,,,,33.5752,1,525,False
183,30,PT,PT,,standing,,,,18.8997,1,480,False
184,30,CAR_0745,CAR,465,standing,,,,2.6852,1,480,False
185,30,PT,PT,,standing,,,,25.7801,1,525,False
186,30,CAR_0730,CAR,450,standing,,,,13.5882,1,465,False
187,30,CAR_0800,CAR,480,standing,,,,22.3391,1,495,False
188,30,CAR_0715,CAR,435,standing,,,,9.05,1,495,False
189,30,PT,PT,,standing,,,,26.5357,1,450,False
190,30,CAR_0900,CAR,540,standing,,,,29.2961,1,555,False
191,30,CAR_0900,CAR,540,standing,,,,19.8278,1,570,False
192,30,PT,PT,,standing,,,,23.7715,1,420,False
193,30,PT,PT,,standing,,,,28.5828,1,540,False
194,30,WFH,WFH,,standing,,,,16.2509,1,,False
195,30,CAR_0645,CAR,405,standing,,,,14.9731,1,420,True
196,30,CAR_0730,CAR,450,standing,,,,31.3398,5,465,False
197,30,CAR_0700,CAR,420,standing,,,,12.5796,1,435,False
198,30,CAR_0730,CAR,450,standing,,,,15.2055,1,465,False
199,30,CAR_0645,CAR,405,standing,,,,20.6837,1,420,True
200,30,CAR_0630,CAR,390,standing,,,,22.5811,1,420,True
201,30,PT,PT,,standing,,,,34.4781,1,465,False
202,30,CAR_0715,CAR,435,standing,,,,17.1683,1,465,False
203,30,PT,PT,,standing,,,,29.0144,1,555,False
204,30,PT,PT,,standing,,,,29.08,1,495,False
205,30,CAR_0915,CAR,555,standing,,,,14.8649,1,570,False
206,30,CAR_0645,CAR,405,standing,,,,20.1192,1,420,True
207,30,CAR_0800,CAR,480,standing,,,,30.6473,1,495,False
208,30,CAR_0800,CAR,480,rule,T7,"Chose to drive at 08:00 over drive at 07:45: lowest total cost (NZ$26.44 vs NZ$26.83), mainly arrival time.",arrival_time;travel_time,26.436,1,495,False
209,30,CAR_0700,CAR,420,standing,,,,3.9374,1,435,False
210,30,PT,PT,,standing,,,,30.1751,1,555,False
211,30,CAR_0930,CAR,570,standing,,,,26.6389,1,585,False
212,30,CAR_0845,CAR,525,standing,,,,31.4606,1,540,False
213,30,CAR_0630,CAR,390,standing,,,,27.4974,1,420,True
214,30,PT,PT,,standing,,,,24.9724,1,555,False
215,30,PT,PT,,standing,,,,22.281,1,525,False
216,30,CAR_0800,CAR,480,standing,,,,8.97,1,495,False
217,30,CAR_0645,CAR,405,standing,,,,35.9163,2,420,True
218,30,SKIP,SKIP,,rule,T6,"Chose to skip the trip over drive at 07:45: lowest total cost (NZ$42.00 vs NZ$47.82), mainly fuel.",other;fee,42.0026,1,,False
219,30,CAR_0815,CAR,495,standing,,,,26.0946,1,510,False
220,30,CAR_0845,CAR,525,standing,,,,15.8031,1,540,False
221,30,CAR_0730,CAR,450,standing,,,,16.8036,1,465,False
222,30,CAR_0715,CAR,435,standing,,,,13.1557,1,450,False
223,30,PT,PT,,standing,,,,28.7841,1,480,False
224,30,CAR_0815,CAR,495,standing,,,,21.9763,1,525,False
225,30,CAR_0700,CAR,420,standing,,,,31.3698,1,435,False
226,30,CAR_0930,CAR,570,rule,T3,"Chose to drive at 09:30 over drive at 09:15: lowest total cost (NZ$29.06 vs NZ$31.33), mainly changing routine.",habit;fee;travel_time,29.0587,1,570,False
227,30,CAR_0830,CAR,510,standing,,,,28.1684,1,540,False
228,30,CAR_0700,CAR,420,standing,,,,8.6131,2,420,False
229,30,PT,PT,,standing,,,,24.5162,1,525,False
230,30,CAR_0715,CAR,435,standing,,,,19.2135,2,450,False
231,30,CAR_0700,CAR,420,standing,,,,14.2426,1,435,False
232,30,CAR_0845,CAR,525,standing,,,,17.259,1,540,False
233,30,CAR_0800,CAR,480,standing,,,,34.263,1,495,False
234,30,CAR_0745,CAR,465,standing,,,,16.6267,1,480,False
235,30,CAR_0730,CAR,450,standing,,,,38.6167,1,480,False
236,30,CAR_0915,CAR,555,standing,,,,24.3191,1,570,False
237,30,CAR_0645,CAR,405,standing,,,,28.6226,1,420,True
238,30,CAR_0745,CAR,465,standing,,,,21.4282,2,495,False
239,30,PT,PT,,standing,,,,32.2377,1,525,False
240,30,CAR_0645,CAR,405,standing,,,,11.7302,1,420,False
241,30,CAR_0700,CAR,420,standing,,,,18.0075,1,450,False
242,30,CAR_0900,CAR,540,standing,,,,27.6671,1,555,False
243,30,CAR_0900,CAR,540,standing,,,,21.1661,1,540,False
244,30,CAR_0715,CAR,435,standing,,,,23.8397,1,450,False
245,30,CAR_0815,CAR,495,standing,,,,2.3701,1,510,False
246,30,CAR_0945,CAR,585,standing,,,,30.1377,1,600,False
247,30,CAR_0815,CAR,495,standing,,,,21.1424,1,510,False
248,30,CAR_0915,CAR,555,standing,,,,29.4274,1,570,False
249,30,CAR_0830,CAR,510,standing,,,,14.9748,1,525,False
250,30,PT,PT,,standing,,,,31.7548,1,540,False
251,30,CAR_0815,CAR,495,standing,,,,25.9141,1,510,False
252,30,CAR_0645,CAR,405,standing,,,,43.4455,1,450,False
253,30,CAR_0845,CAR,525,standing,,,,15.0894,1,540,False
254,30,PT,PT,,standing,,,,23.0579,1,495,False
255,30,CAR_0715,CAR,435,standing,,,,31.7711,2,465,False
256,30,WFH,WFH,,standing,,,,42.355,1,,False
257,30,CAR_0730,CAR,450,standing,,,,12.1169,1,465,False
258,30,CAR_0700,CAR,420,standing,,,,14.4174,1,435,False
259,30,SKIP,SKIP,,rule,T6,"Chose to skip the trip over drive at 08:00: lowest total cost (NZ$38.75 vs NZ$40.54), mainly parking.",other;fee,38.7517,1,,False
260,30,PT,PT,,standing,,,,21.93,1,510,False
261,30,CAR_0830,CAR,510,standing,,,,30.9634,1,525,False
262,30,PT,PT,,standing,,,,31.2307,1,510,False
263,30,PT,PT,,standing,,,,32.0327,1,465,False
264,30,CAR_0915,CAR,555,standing,,,,7.4607,1,555,False
265,30,CAR_0915,CAR,555,standing,,,,29.1144,1,570,False
266,30,CAR_0815,CAR,495,standing,,,,31.0932,1,510,False
267,30,CAR_0830,CAR,510,standing,,,,31.3576,1,525,False
268,30,CAR_0800,CAR,480,standing,,,,37.0767,1,495,False
269,30,CAR_0845,CAR,525,standing,,,,45.0881,1,555,False
270,30,WFH,WFH,,standing,,,,36.5391,1,,False
271,30,CAR_0715,CAR,435,standing,,,,19.499,1,450,False
272,30,CAR_0715,CAR,435,standing,,,,9.9308,1,450,False
273,30,PT,PT,,standing,,,,32.2387,1,510,False
274,30,SKIP,SKIP,,rule,T6,"Chose to skip the trip over drive at 08:15: lowest total cost (NZ$34.45 vs NZ$37.99), mainly fuel.",other;fee,34.4459,1,,False
275,30,CAR_0700,CAR,420,standing,,,,15.036,1,495,False
276,30,CAR_0645,CAR,405,standing,,,,20.9369,1,420,True
277,30,CAR_0715,CAR,435,standing,,,,11.1841,1,480,False
278,30,PT,PT,,standing,,,,24.4987,1,525,False
279,30,CAR_0915,CAR,555,standing,,,,27.7956,1,570,False
280,30,CAR_0830,CAR,510,standing,,,,31.0366,1,525,False
281,30,PT,PT,,standing,,,,22.2882,1,495,False
282,30,PT,PT,,standing,,,,26.3611,1,525,False
283,30,CAR_0900,CAR,540,standing,,,,18.9101,1,555,False
284,30,PT,PT,,standing,,,,24.2399,1,585,False
285,30,PT,PT,,standing,,,,25.46,1,495,False
286,30,CAR_0715,CAR,435,standing,,,,31.3057,1,450,False
287,30,PT,PT,,standing,,,,18.5869,1,600,False
288,30,CAR_0645,CAR,405,standing,,,,20.0369,1,555,False
289,30,PT,PT,,standing,,,,21.6997,1,495,False
290,30,CAR_0745,CAR,465,standing,,,,13.8832,1,480,False
291,30,CAR_0815,CAR,495,standing,,,,17.1812,1,510,False
292,30,CAR_0715,CAR,435,standing,,,,2.7191,1,510,False
293,30,PT,PT,,standing,,,,31.9657,1,525,False
294,30,WFH,WFH,,standing,,,,14.8241,1,,False
295,30,PT,PT,,standing,,,,19.378,1,480,False
296,30,CAR_0800,CAR,480,standing,,,,32.7223,1,495,False
297,30,CAR_0715,CAR,435,standing,,,,17.6797,1,465,False
298,30,PT,PT,,standing,,,,30.5886,1,540,False
299,30,CAR_0715,CAR,435,standing,,,,17.8456,1,495,False
